data_type,category,reference_unit,emory__total_number_of_stays,jhu__total_number_of_stays,mimic__total_number_of_stays,nu__total_number_of_stays,ohsu__total_number_of_stays,rush__total_number_of_stays,sunnybrook__total_number_of_stays,ucmc__total_number_of_stays,umn__total_number_of_stays,upenn__total_number_of_stays,all__total_number_of_stays,emory__total_observations,jhu__total_observations,mimic__total_observations,nu__total_observations,ohsu__total_observations,rush__total_observations,sunnybrook__total_observations,ucmc__total_observations,umn__total_observations,upenn__total_observations,all__total_observations,emory__total_distinct_observations,jhu__total_distinct_observations,mimic__total_distinct_observations,nu__total_distinct_observations,ohsu__total_distinct_observations,rush__total_distinct_observations,sunnybrook__total_distinct_observations,ucmc__total_distinct_observations,umn__total_distinct_observations,upenn__total_distinct_observations,all__total_distinct_observations,emory__mean_icu_los_days,jhu__mean_icu_los_days,mimic__mean_icu_los_days,nu__mean_icu_los_days,ohsu__mean_icu_los_days,rush__mean_icu_los_days,sunnybrook__mean_icu_los_days,ucmc__mean_icu_los_days,umn__mean_icu_los_days,upenn__mean_icu_los_days,all__mean_icu_los_days,emory__mean_icu_los_hours,jhu__mean_icu_los_hours,mimic__mean_icu_los_hours,nu__mean_icu_los_hours,ohsu__mean_icu_los_hours,rush__mean_icu_los_hours,sunnybrook__mean_icu_los_hours,ucmc__mean_icu_los_hours,umn__mean_icu_los_hours,upenn__mean_icu_los_hours,all__mean_icu_los_hours,emory__whole_stay_mean,jhu__whole_stay_mean,mimic__whole_stay_mean,nu__whole_stay_mean,ohsu__whole_stay_mean,rush__whole_stay_mean,sunnybrook__whole_stay_mean,ucmc__whole_stay_mean,umn__whole_stay_mean,upenn__whole_stay_mean,all__whole_stay_mean,emory__whole_stay_median,jhu__whole_stay_median,mimic__whole_stay_median,nu__whole_stay_median,ohsu__whole_stay_median,rush__whole_stay_median,sunnybrook__whole_stay_median,ucmc__whole_stay_median,umn__whole_stay_median,upenn__whole_stay_median,all__whole_stay_median,emory__whole_stay_iqr,jhu__whole_stay_iqr,mimic__whole_stay_iqr,nu__whole_stay_iqr,ohsu__whole_stay_iqr,rush__whole_stay_iqr,sunnybrook__whole_stay_iqr,ucmc__whole_stay_iqr,umn__whole_stay_iqr,upenn__whole_stay_iqr,all__whole_stay_iqr,emory__first_24hr_mean,jhu__first_24hr_mean,mimic__first_24hr_mean,nu__first_24hr_mean,ohsu__first_24hr_mean,rush__first_24hr_mean,sunnybrook__first_24hr_mean,ucmc__first_24hr_mean,umn__first_24hr_mean,upenn__first_24hr_mean,all__first_24hr_mean,emory__first_24hr_median,jhu__first_24hr_median,mimic__first_24hr_median,nu__first_24hr_median,ohsu__first_24hr_median,rush__first_24hr_median,sunnybrook__first_24hr_median,ucmc__first_24hr_median,umn__first_24hr_median,upenn__first_24hr_median,all__first_24hr_median,emory__first_24hr_iqr,jhu__first_24hr_iqr,mimic__first_24hr_iqr,nu__first_24hr_iqr,ohsu__first_24hr_iqr,rush__first_24hr_iqr,sunnybrook__first_24hr_iqr,ucmc__first_24hr_iqr,umn__first_24hr_iqr,upenn__first_24hr_iqr,all__first_24hr_iqr,emory__first_48hr_mean,jhu__first_48hr_mean,mimic__first_48hr_mean,nu__first_48hr_mean,ohsu__first_48hr_mean,rush__first_48hr_mean,sunnybrook__first_48hr_mean,ucmc__first_48hr_mean,umn__first_48hr_mean,upenn__first_48hr_mean,all__first_48hr_mean,emory__first_48hr_median,jhu__first_48hr_median,mimic__first_48hr_median,nu__first_48hr_median,ohsu__first_48hr_median,rush__first_48hr_median,sunnybrook__first_48hr_median,ucmc__first_48hr_median,umn__first_48hr_median,upenn__first_48hr_median,all__first_48hr_median,emory__first_48hr_iqr,jhu__first_48hr_iqr,mimic__first_48hr_iqr,nu__first_48hr_iqr,ohsu__first_48hr_iqr,rush__first_48hr_iqr,sunnybrook__first_48hr_iqr,ucmc__first_48hr_iqr,umn__first_48hr_iqr,upenn__first_48hr_iqr,all__first_48hr_iqr,emory__first_72hr_mean,jhu__first_72hr_mean,mimic__first_72hr_mean,nu__first_72hr_mean,ohsu__first_72hr_mean,rush__first_72hr_mean,sunnybrook__first_72hr_mean,ucmc__first_72hr_mean,umn__first_72hr_mean,upenn__first_72hr_mean,all__first_72hr_mean,emory__first_72hr_median,jhu__first_72hr_median,mimic__first_72hr_median,nu__first_72hr_median,ohsu__first_72hr_median,rush__first_72hr_median,sunnybrook__first_72hr_median,ucmc__first_72hr_median,umn__first_72hr_median,upenn__first_72hr_median,all__first_72hr_median,emory__first_72hr_iqr,jhu__first_72hr_iqr,mimic__first_72hr_iqr,nu__first_72hr_iqr,ohsu__first_72hr_iqr,rush__first_72hr_iqr,sunnybrook__first_72hr_iqr,ucmc__first_72hr_iqr,umn__first_72hr_iqr,upenn__first_72hr_iqr,all__first_72hr_iqr
labs,wbc,10^3/µl,77191.0,,,119136.0,52779.0,54468.0,,,,,303574,513975.0,,,749738.0,325017.0,357124.0,,,,,1945854,513975.0,,,749738.0,325017.0,357124.0,,,,,1945854,5.38,,,4.71,4.65,5.07,,,,,4.934524,129.03,,,112.97,111.58,121.72,,,,,118.381925,6.66,,,6.29,6.16,6.56,,,,,6.409924,3.0,,,3.0,3.0,4.0,,,,,3.179422,5.0,,,4.0,5.0,5.0,,,,,5.0,2.21,,,2.34,2.66,2.54,,,,,2.398464,2.0,,,2.0,2.0,2.0,,,,,2.0,2.0,,,2.0,2.0,2.0,,,,,2.0,3.36,,,3.44,3.78,3.74,,,,,3.532597,2.0,,,2.0,3.0,3.0,,,,,2.353281,2.0,,,3.0,2.0,2.0,,,,,3.0,4.09,,,4.12,4.43,4.46,,,,,4.227272,3.0,,,3.0,3.0,3.0,,,,,3.0,3.0,,,2.0,3.0,3.0,,,,,3.0
labs,monocytes_absolute,10^3/µl,13247.0,,20110.0,70457.0,18857.0,34635.0,,,,,157306,39223.0,,37655.0,285750.0,65292.0,142224.0,,,,,570144,39223.0,,37655.0,285750.0,65292.0,142224.0,,,,,570144,7.74,,5.6,5.26,5.3,5.33,,,,,5.532518,185.76,,134.46,126.23,127.24,128.01,,,,,132.80823,2.96,,1.87,4.06,3.46,4.11,,,,,3.626482,1.0,,1.0,2.0,2.0,2.0,,,,,1.787948,2.0,,1.0,3.0,2.0,4.0,,,,,4.0,0.92,,1.04,1.36,1.44,1.54,,,,,1.33126,1.0,,1.0,1.0,1.0,1.0,,,,,1.0,1.0,,0.0,1.0,1.0,1.0,,,,,1.0,1.39,,1.23,2.07,1.98,2.22,,,,,1.927588,1.0,,1.0,2.0,1.0,2.0,,,,,1.668074,1.0,,0.0,1.0,1.0,2.0,,,,,2.0,1.69,,1.36,2.52,2.32,2.67,,,,,2.310861,1.0,,1.0,2.0,1.0,2.0,,,,,1.668074,1.0,,0.0,2.0,2.0,2.0,,,,,2.0
labs,ast,u/l,56530.0,94524.0,44176.0,75660.0,27222.0,40502.0,6090.0,24243.0,80835.0,85829.0,535611,270569.0,611680.0,162068.0,344532.0,85109.0,203459.0,15845.0,128396.0,335364.0,444238.0,2601260,270569.0,611680.0,162068.0,344532.0,85109.0,203459.0,15845.0,128396.0,335364.0,444238.0,2601260,6.01,5.97,5.67,5.52,5.11,5.43,12.31,6.99,5.58,6.74,5.984153,144.27,143.23,136.12,132.41,122.62,130.32,295.38,167.69,133.81,161.78,143.589164,4.79,6.47,3.67,4.55,3.13,5.02,2.6,5.3,4.15,5.18,4.85732,2.0,3.0,2.0,2.0,1.0,2.0,1.0,2.0,2.0,2.0,2.114284,4.0,5.0,3.0,3.0,2.0,4.0,1.0,4.0,3.0,4.0,5.0,1.69,2.23,1.43,1.7,1.57,1.9,0.88,1.81,1.58,1.83,1.777102,1.0,2.0,1.0,1.0,1.0,1.0,1.0,1.0,1.0,1.0,1.176479,1.0,2.0,1.0,1.0,1.0,1.0,1.0,1.0,1.0,1.0,2.0,2.48,3.3,2.02,2.42,2.03,2.74,1.21,2.61,2.25,2.56,2.544639,2.0,2.0,1.0,2.0,1.0,2.0,1.0,2.0,1.0,2.0,1.704407,2.0,3.0,1.0,2.0,1.0,2.0,0.0,2.0,1.0,2.0,3.0,2.98,4.0,2.37,2.89,2.31,3.28,1.42,3.15,2.69,3.05,3.043024,2.0,3.0,2.0,2.0,1.0,2.0,1.0,2.0,2.0,2.0,2.114284,3.0,4.0,2.0,2.0,2.0,3.0,1.0,3.0,2.0,3.0,4.0
labs,glucose_fingerstick,mg/dl,1100.0,,,1.0,43299.0,38225.0,17749.0,33864.0,58093.0,105672.0,298003,2445.0,,,1.0,931536.0,906080.0,430487.0,644052.0,1440150.0,2151891.0,6506642,2445.0,,,1.0,931536.0,906080.0,430487.0,644052.0,1440150.0,2151891.0,6506642,5.92,,,4.15,4.8,5.68,8.44,6.24,4.52,6.1,5.703841,142.06,,,99.5,115.28,136.39,202.61,149.65,108.58,146.48,136.951061,2.22,,,1.0,21.51,23.7,24.25,19.02,24.79,20.36,21.831495,1.0,,,1.0,7.0,9.0,10.0,7.0,11.0,8.0,8.547417,1.0,,,0.0,21.0,21.0,18.0,17.0,21.0,18.0,21.0,1.63,,,0.0,7.69,7.01,5.56,5.68,8.38,5.92,6.731976,1.0,,,0.0,4.0,4.0,4.0,3.0,6.0,4.0,4.265158,2.0,,,0.0,9.0,6.0,7.0,5.0,8.0,5.0,9.0,1.87,,,1.0,12.04,11.41,8.86,8.72,12.74,9.36,10.541069,1.0,,,1.0,6.0,7.0,7.0,5.0,9.0,6.0,6.640544,1.0,,,0.0,14.0,10.0,11.0,8.0,11.0,8.0,14.0,1.97,,,1.0,14.62,14.19,11.11,10.69,15.46,11.52,12.926947,1.0,,,1.0,6.0,8.0,8.0,6.0,10.0,7.0,7.491552,1.0,,,0.0,16.0,13.0,12.0,10.0,15.0,11.0,16.0
labs,lymphocytes_percent,%,13786.0,,37458.0,69075.0,19968.0,34794.0,41944.0,14515.0,61940.0,100167.0,393647,40475.0,,70454.0,276925.0,70225.0,144649.0,325116.0,46779.0,203945.0,493982.0,1672550,40475.0,,70454.0,276925.0,70225.0,144649.0,325116.0,46779.0,203945.0,493982.0,1672550,7.8,,5.44,5.26,5.53,5.34,7.37,7.01,5.41,5.92,5.867748,187.16,,130.49,126.25,132.67,128.08,176.8,168.25,129.85,142.14,140.818717,2.94,,1.88,4.01,3.52,4.16,7.75,3.22,3.29,4.93,4.248434,1.0,,1.0,2.0,2.0,2.0,4.0,1.0,1.0,2.0,1.888705,2.0,,1.0,3.0,3.0,4.0,7.0,2.0,2.0,4.0,7.0,0.92,,1.04,1.35,1.46,1.55,2.49,1.18,1.15,1.58,1.470957,1.0,,1.0,1.0,1.0,1.0,2.0,1.0,1.0,1.0,1.106552,1.0,,0.0,1.0,1.0,1.0,2.0,0.0,0.0,1.0,2.0,1.38,,1.25,2.04,2.01,2.25,3.72,1.66,1.69,2.39,2.157737,1.0,,1.0,2.0,1.0,2.0,3.0,1.0,1.0,2.0,1.731427,1.0,,0.0,1.0,1.0,2.0,3.0,1.0,1.0,2.0,3.0,1.68,,1.37,2.49,2.35,2.69,4.53,1.97,2.04,2.92,2.602437,1.0,,1.0,2.0,1.0,2.0,3.0,1.0,1.0,2.0,1.731427,1.0,,1.0,2.0,2.0,2.0,4.0,1.0,1.0,2.0,4.0
labs,bilirubin_total,mg/dl,56622.0,95904.0,44009.0,75764.0,27278.0,40524.0,26110.0,24341.0,80979.0,100792.0,572323,273866.0,639151.0,162329.0,345126.0,85606.0,205040.0,91594.0,130671.0,344415.0,481881.0,2759679,273866.0,639151.0,162329.0,345126.0,85606.0,205040.0,91594.0,130671.0,344415.0,481881.0,2759679,6.01,5.92,5.68,5.51,5.11,5.43,8.64,6.97,5.58,6.44,5.995088,144.28,142.15,136.32,132.33,122.52,130.31,207.33,167.27,133.91,154.51,143.891283,4.84,6.66,3.69,4.56,3.14,5.06,3.51,5.37,4.25,4.78,4.821851,2.0,3.0,2.0,2.0,1.0,2.0,1.0,2.0,2.0,2.0,2.074287,4.0,6.0,3.0,3.0,2.0,5.0,2.0,4.0,3.0,3.0,6.0,1.71,2.31,1.43,1.7,1.57,1.91,1.32,1.83,1.63,1.71,1.771168,1.0,2.0,1.0,1.0,1.0,1.0,1.0,1.0,1.0,1.0,1.16757,1.0,2.0,1.0,1.0,1.0,1.0,1.0,1.0,1.0,1.0,2.0,2.5,3.42,2.03,2.42,2.04,2.76,1.75,2.64,2.32,2.41,2.534338,2.0,2.0,1.0,2.0,1.0,2.0,1.0,2.0,2.0,2.0,1.829822,2.0,3.0,1.0,2.0,1.0,2.0,1.0,2.0,1.0,2.0,3.0,3.02,4.14,2.39,2.89,2.32,3.31,2.04,3.18,2.76,2.87,3.028087,2.0,3.0,2.0,2.0,1.0,2.0,1.0,2.0,2.0,2.0,2.074287,3.0,4.0,2.0,2.0,2.0,3.0,1.0,3.0,2.0,2.0,4.0
labs,total_protein,g/dl,56766.0,95842.0,2645.0,76034.0,27613.0,40491.0,1094.0,24413.0,80867.0,96188.0,501953,272698.0,637977.0,3036.0,347231.0,88241.0,203488.0,1559.0,130007.0,335413.0,435570.0,2455220,272698.0,637977.0,3036.0,347231.0,88241.0,203488.0,1559.0,130007.0,335413.0,435570.0,2455220,6.01,5.92,7.53,5.51,5.28,5.43,12.78,6.97,5.58,6.53,5.929959,144.18,142.13,180.64,132.27,126.73,130.32,306.66,167.25,133.81,156.64,142.291808,4.8,6.66,1.15,4.57,3.2,5.03,1.43,5.33,4.15,4.53,4.893582,2.0,3.0,1.0,2.0,1.0,2.0,1.0,2.0,2.0,2.0,2.128478,4.0,6.0,0.0,3.0,2.0,4.0,0.0,4.0,3.0,3.0,6.0,1.7,2.31,0.55,1.7,1.58,1.9,0.38,1.82,1.6,1.61,1.789547,1.0,2.0,1.0,1.0,1.0,1.0,0.0,1.0,1.0,1.0,1.188759,1.0,2.0,1.0,1.0,1.0,1.0,1.0,1.0,1.0,1.0,2.0,2.49,3.42,0.75,2.43,2.05,2.74,0.63,2.63,2.27,2.28,2.572347,2.0,2.0,1.0,2.0,1.0,2.0,1.0,2.0,1.0,2.0,1.776435,2.0,3.0,1.0,2.0,1.0,2.0,1.0,2.0,1.0,2.0,3.0,3.0,4.13,0.85,2.9,2.33,3.28,0.83,3.17,2.71,2.71,3.076259,2.0,3.0,1.0,2.0,1.0,2.0,1.0,2.0,2.0,2.0,2.128478,3.0,4.0,0.0,2.0,2.0,3.0,1.0,3.0,2.0,2.0,4.0
labs,crp,mg/l,4933.0,832.0,3663.0,10977.0,3008.0,4187.0,4427.0,5102.0,19682.0,11537.0,68348,6741.0,1620.0,6117.0,30377.0,4766.0,9273.0,16339.0,13289.0,52259.0,19131.0,159912,6741.0,1620.0,6117.0,30377.0,4766.0,9273.0,16339.0,13289.0,52259.0,19131.0,159912,7.76,7.7,7.42,6.48,6.84,6.82,17.41,10.12,7.61,11.2,8.776083,186.23,184.72,178.05,155.56,164.04,163.74,417.84,242.92,182.72,268.92,210.673775,1.37,1.95,1.67,2.77,1.58,2.21,3.69,2.6,2.66,1.66,2.341201,1.0,1.0,1.0,1.0,1.0,1.0,2.0,1.0,1.0,1.0,1.064771,0.0,1.0,0.0,1.0,0.0,1.0,3.0,1.0,2.0,1.0,3.0,0.66,0.71,0.72,0.87,0.7,0.83,0.5,0.77,0.89,0.46,0.740047,1.0,1.0,1.0,1.0,1.0,1.0,0.0,1.0,1.0,0.0,0.766431,1.0,1.0,1.0,0.0,1.0,1.0,1.0,1.0,1.0,1.0,1.0,0.88,1.03,0.99,1.22,0.93,1.11,0.83,1.08,1.32,0.66,1.059878,1.0,1.0,1.0,1.0,1.0,1.0,1.0,1.0,1.0,1.0,1.0,0.0,0.0,0.0,0.0,0.0,0.0,1.0,0.0,1.0,1.0,1.0,0.99,1.27,1.14,1.47,1.08,1.3,1.11,1.32,1.63,0.84,1.292875,1.0,1.0,1.0,1.0,1.0,1.0,1.0,1.0,1.0,1.0,1.0,0.0,1.0,0.0,1.0,0.0,0.0,1.0,0.0,1.0,1.0,1.0
labs,bilirubin_conjugated,mg/dl,12928.0,15058.0,5985.0,31849.0,10764.0,7056.0,826.0,19723.0,31726.0,85381.0,221296,35548.0,37867.0,12961.0,138333.0,30500.0,11585.0,1490.0,87074.0,89896.0,413512.0,858766,35548.0,37867.0,12961.0,138333.0,30500.0,11585.0,1490.0,87074.0,89896.0,413512.0,858766,8.94,8.71,8.26,7.32,7.34,6.52,15.72,7.26,7.38,6.72,7.313223,214.64,209.04,198.34,175.59,176.14,156.38,377.32,174.18,177.15,161.38,175.545308,2.75,2.51,2.17,4.34,2.83,1.64,1.8,4.41,2.83,4.84,3.877555,1.0,1.0,1.0,1.0,1.0,1.0,1.0,2.0,1.0,2.0,1.474948,1.0,1.0,1.0,3.0,2.0,1.0,1.0,4.0,1.0,3.0,4.0,0.84,0.75,0.87,1.28,0.95,0.73,0.27,1.43,0.94,1.71,1.300314,1.0,1.0,1.0,1.0,1.0,1.0,0.0,1.0,1.0,1.0,0.996267,1.0,1.0,1.0,0.0,1.0,1.0,0.0,1.0,1.0,1.0,1.0,1.27,1.17,1.23,1.94,1.43,1.01,0.5,2.11,1.41,2.41,1.889933,1.0,1.0,1.0,1.0,1.0,1.0,0.0,1.0,1.0,2.0,1.38209,0.0,1.0,1.0,1.0,1.0,0.0,1.0,1.0,1.0,2.0,2.0,1.56,1.44,1.44,2.4,1.75,1.17,0.71,2.57,1.72,2.86,2.27764,1.0,1.0,1.0,1.0,1.0,1.0,1.0,2.0,1.0,2.0,1.474948,1.0,0.0,1.0,2.0,1.0,0.0,1.0,2.0,1.0,2.0,2.0
labs,lactate,mmol/l,37583.0,77111.0,51953.0,56975.0,25542.0,23537.0,30881.0,26009.0,64254.0,99272.0,493117,235471.0,467685.0,322655.0,463403.0,111644.0,159042.0,238204.0,176362.0,366705.0,1785912.0,4327083,235471.0,467685.0,322655.0,463403.0,111644.0,159042.0,238204.0,176362.0,366705.0,1785912.0,4327083,6.52,6.04,5.28,5.88,5.32,6.32,8.31,6.53,5.42,6.33,6.099692,156.43,144.97,126.78,141.08,127.57,151.78,199.4,156.75,130.0,151.89,146.373761,6.27,6.07,6.21,8.13,4.37,6.76,7.71,6.78,5.71,17.99,8.775808,2.0,3.0,3.0,3.0,2.0,2.0,4.0,3.0,2.0,5.0,3.15921,4.0,5.0,5.0,6.0,4.0,5.0,7.0,6.0,4.0,12.0,12.0,2.79,3.52,3.06,3.91,2.8,3.1,3.03,3.28,3.03,6.62,3.920504,2.0,2.0,2.0,2.0,2.0,2.0,3.0,2.0,2.0,3.0,2.263939,2.0,4.0,3.0,4.0,2.0,3.0,3.0,3.0,3.0,7.0,7.0,3.7,4.41,3.93,5.12,3.33,4.14,4.24,4.34,3.94,9.02,5.171005,2.0,3.0,2.0,2.0,2.0,2.0,3.0,3.0,2.0,4.0,2.674373,3.0,5.0,4.0,5.0,3.0,4.0,4.0,4.0,3.0,9.0,9.0,4.25,4.84,4.44,5.84,3.58,4.75,4.95,4.92,4.41,10.6,5.913526,2.0,3.0,3.0,2.0,2.0,2.0,4.0,3.0,2.0,5.0,3.043669,3.0,5.0,4.0,5.0,3.0,5.0,5.0,5.0,4.0,10.0,10.0
labs,phosphate,mg/dl,68808.0,98326.0,78043.0,71822.0,47810.0,42340.0,41455.0,38306.0,,123748.0,610658,420890.0,682194.0,521737.0,563940.0,318732.0,225345.0,384747.0,366952.0,,951248.0,4435785,420890.0,682194.0,521737.0,563940.0,318732.0,225345.0,384747.0,366952.0,,951248.0,4435785,5.6,6.07,4.6,5.63,4.83,5.53,7.47,6.01,,5.92,5.703778,134.42,145.65,110.41,135.22,115.97,132.78,179.22,144.31,,142.19,136.931826,6.12,6.94,6.69,7.85,6.67,5.32,9.28,9.58,,7.69,7.265663,3.0,3.0,3.0,3.0,3.0,3.0,4.0,4.0,,3.0,3.130615,5.0,6.0,5.0,6.0,5.0,4.0,7.0,8.0,,5.0,8.0,1.98,2.06,2.22,2.43,2.33,1.84,2.51,2.87,,2.33,2.25691,2.0,2.0,2.0,2.0,2.0,1.0,2.0,2.0,,2.0,1.930665,1.0,1.0,2.0,2.0,2.0,1.0,2.0,2.0,,2.0,2.0,3.04,3.22,3.38,3.74,3.57,2.79,3.82,4.46,,3.47,3.448091,2.0,2.0,3.0,2.0,2.0,2.0,3.0,3.0,,2.0,2.258416,2.0,3.0,2.0,3.0,3.0,2.0,3.0,3.0,,3.0,3.0,3.72,4.01,4.09,4.61,4.35,3.41,4.73,5.5,,4.23,4.230061,3.0,3.0,3.0,3.0,3.0,3.0,3.0,4.0,,3.0,3.062729,2.0,4.0,3.0,4.0,3.0,2.0,4.0,5.0,,3.0,5.0
labs,pco2_arterial,mmhg,25582.0,,52019.0,49819.0,20006.0,19785.0,20534.0,20029.0,,44994.0,252768,201061.0,,554096.0,529546.0,133889.0,169270.0,232753.0,587818.0,,798183.0,3206616,201061.0,,554096.0,529546.0,133889.0,169270.0,232753.0,587818.0,,798183.0,3206616,7.19,,5.45,6.32,6.12,7.2,8.95,7.37,,6.66,6.639432,172.54,,130.86,151.62,146.84,172.89,214.85,176.81,,159.86,159.350825,7.86,,10.65,10.63,6.69,8.56,11.34,29.35,,17.74,12.686546,3.0,,5.0,4.0,2.0,3.0,6.0,12.0,,6.0,5.020414,5.0,,9.0,7.0,4.0,7.0,10.0,24.0,,14.0,24.0,3.18,,4.54,4.6,2.87,3.33,3.77,9.34,,7.05,4.951882,2.0,,3.0,3.0,2.0,2.0,4.0,8.0,,4.0,3.396807,3.0,,6.0,5.0,2.0,3.0,3.0,8.0,,8.0,8.0,4.22,,5.95,6.03,3.79,4.5,5.42,13.6,,9.34,6.672781,2.0,,4.0,3.0,2.0,2.0,5.0,10.0,,4.0,3.842318,4.0,,6.0,6.0,3.0,5.0,4.0,14.0,,10.0,14.0,4.89,,6.85,6.96,4.37,5.26,6.48,16.5,,10.84,7.797409,2.0,,5.0,3.0,2.0,2.0,5.0,10.0,,5.0,4.22612,4.0,,7.0,7.0,4.0,6.0,6.0,18.0,,11.0,18.0
labs,po2_arterial,mmhg,25609.0,,52022.0,50593.0,19944.0,19781.0,20534.0,20126.0,,70267.0,278876,203170.0,,553994.0,535651.0,133532.0,168585.0,232674.0,588483.0,,1702695.0,4118784,203170.0,,553994.0,535651.0,133532.0,168585.0,232674.0,588483.0,,1702695.0,4118784,7.19,,5.45,6.33,6.13,7.2,8.95,7.36,,7.14,6.763563,172.53,,130.87,152.03,147.04,172.92,214.82,176.66,,171.34,162.356427,7.93,,10.65,10.59,6.7,8.52,11.33,29.24,,24.23,14.769132,3.0,,5.0,4.0,2.0,3.0,6.0,12.0,,8.0,5.613219,6.0,,9.0,7.0,4.0,7.0,10.0,24.0,,18.0,24.0,3.22,,4.54,4.57,2.87,3.32,3.76,9.33,,8.8,5.579885,2.0,,3.0,3.0,2.0,2.0,4.0,8.0,,5.0,3.704127,3.0,,6.0,5.0,2.0,3.0,3.0,8.0,,10.0,10.0,4.27,,5.95,6.0,3.79,4.5,5.42,13.56,,11.92,7.561881,2.0,,4.0,3.0,2.0,2.0,5.0,10.0,,6.0,4.360601,4.0,,6.0,6.0,3.0,5.0,4.0,14.0,,13.0,14.0,4.94,,6.85,6.93,4.37,5.24,6.48,16.45,,14.01,8.867203,2.0,,5.0,3.0,2.0,2.0,5.0,10.0,,7.0,4.799108,4.0,,7.0,7.0,4.0,5.0,6.0,18.0,,15.0,18.0
labs,bun,mg/dl,78157.0,122056.0,81002.0,120998.0,53578.0,54688.0,12643.0,40076.0,142301.0,163160.0,868659,575465.0,1038241.0,564360.0,926706.0,401534.0,388198.0,66939.0,423252.0,903147.0,1309386.0,6597228,575465.0,1038241.0,564360.0,926706.0,401534.0,388198.0,66939.0,423252.0,903147.0,1309386.0,6597228,5.33,5.39,4.5,4.66,4.61,5.06,10.45,5.86,4.42,5.23,5.037415,127.97,129.27,107.89,111.87,110.68,121.36,250.71,140.67,106.02,125.57,120.880808,7.36,8.51,6.97,7.66,7.49,7.1,5.29,10.56,6.35,8.03,7.596554,4.0,4.0,3.0,3.0,4.0,4.0,2.0,5.0,3.0,3.0,3.432837,6.0,7.0,5.0,5.0,6.0,6.0,4.0,9.0,5.0,5.0,9.0,2.5,2.97,2.45,2.68,2.9,2.59,1.27,3.27,2.24,2.66,2.621871,2.0,2.0,2.0,2.0,2.0,2.0,1.0,2.0,2.0,2.0,1.985445,2.0,2.0,2.0,2.0,2.0,2.0,2.0,2.0,1.0,2.0,2.0,3.8,4.43,3.64,4.03,4.24,3.9,1.91,5.01,3.31,3.94,3.913415,3.0,3.0,3.0,3.0,3.0,3.0,1.0,4.0,2.0,3.0,2.853209,2.0,3.0,2.0,3.0,3.0,3.0,2.0,4.0,3.0,3.0,4.0,4.61,5.36,4.36,4.89,5.07,4.71,2.36,6.15,4.0,4.75,4.730409,3.0,4.0,3.0,3.0,3.0,3.0,2.0,4.0,3.0,3.0,3.172092,3.0,4.0,4.0,3.0,4.0,4.0,2.0,6.0,3.0,3.0,6.0
labs,troponin_i,ng/l,25507.0,,,37044.0,15042.0,17156.0,4.0,,36933.0,6580.0,138266,58220.0,,,94111.0,37768.0,36300.0,7.0,,103818.0,13867.0,344091,58220.0,,,94111.0,37768.0,36300.0,7.0,,103818.0,13867.0,344091,5.01,,,4.51,4.2,4.39,36.85,,3.94,3.41,4.349956,120.3,,,108.33,100.87,105.31,884.29,,94.51,81.91,104.425501,2.28,,,2.54,2.51,2.12,1.75,,2.81,2.11,2.488294,1.0,,,2.0,2.0,1.0,1.0,,2.0,2.0,1.691414,2.0,,,2.0,2.0,1.0,0.75,,2.0,2.0,2.0,1.64,,,1.9,1.94,1.62,0.0,,2.04,1.71,1.849944,1.0,,,2.0,2.0,1.0,0.0,,2.0,1.0,1.643795,1.0,,,2.0,2.0,1.0,0.0,,2.0,1.0,2.0,1.97,,,2.18,2.23,1.81,0.0,,2.38,1.95,2.143204,1.0,,,2.0,2.0,1.0,0.0,,2.0,2.0,1.691385,1.0,,,2.0,2.0,1.0,0.0,,2.0,2.0,2.0,2.08,,,2.28,2.33,1.89,0.25,,2.54,2.02,2.257171,1.0,,,2.0,2.0,1.0,0.0,,2.0,2.0,1.691385,2.0,,,2.0,2.0,1.0,0.25,,2.0,2.0,2.0
labs,inr,(no units),38081.0,73841.0,71728.0,65572.0,31765.0,31586.0,35100.0,27681.0,,118404.0,493758,145847.0,287969.0,352833.0,293679.0,95156.0,109237.0,205712.0,167978.0,,720415.0,2378826,145847.0,287969.0,352833.0,293679.0,95156.0,109237.0,205712.0,167978.0,,720415.0,2378826,6.36,6.19,4.75,5.55,4.66,5.57,7.91,6.54,,5.94,5.85278,152.57,148.66,113.89,133.22,111.9,133.68,189.83,157.03,,142.57,140.472425,3.83,3.9,4.92,4.48,3.0,3.46,5.86,6.07,,6.08,4.817508,1.0,2.0,3.0,2.0,1.0,1.0,3.0,3.0,,2.0,2.06699,2.0,2.0,4.0,3.0,2.0,2.0,5.0,5.0,,4.0,5.0,1.65,1.79,2.05,2.0,1.68,1.58,2.07,2.12,,2.12,1.94189,1.0,1.0,2.0,1.0,1.0,1.0,2.0,2.0,,2.0,1.512221,1.0,1.0,2.0,1.0,1.0,1.0,2.0,1.0,,1.0,2.0,2.19,2.34,2.84,2.67,2.07,2.08,2.88,3.02,,2.98,2.640871,1.0,1.0,2.0,2.0,1.0,1.0,2.0,2.0,,2.0,1.645022,1.0,1.0,2.0,2.0,1.0,1.0,3.0,3.0,,2.0,3.0,2.54,2.68,3.3,3.08,2.3,2.4,3.41,3.62,,3.56,3.08565,1.0,1.0,2.0,2.0,1.0,1.0,3.0,2.0,,2.0,1.71611,2.0,2.0,3.0,2.0,1.0,2.0,3.0,3.0,,3.0,3.0
labs,neutrophils_absolute,10^3/µl,13247.0,,20110.0,70535.0,18856.0,35080.0,,,,,157828,58809.0,,37667.0,288507.0,65504.0,265677.0,,,,,716164,58809.0,,37667.0,288507.0,65504.0,265677.0,,,,,716164,7.74,,5.6,5.26,5.3,5.33,,,,,5.531814,185.76,,134.46,126.19,127.24,127.92,,,,,132.753605,4.44,,1.87,4.09,3.47,7.57,,,,,4.535928,2.0,,1.0,2.0,2.0,4.0,,,,,2.317117,3.0,,1.0,3.0,2.0,6.0,,,,,6.0,1.38,,1.04,1.37,1.45,2.83,,,,,1.66286,1.0,,1.0,1.0,1.0,2.0,,,,,1.222267,2.0,,0.0,1.0,1.0,2.0,,,,,2.0,2.07,,1.23,2.08,2.0,4.09,,,,,2.408056,2.0,,1.0,2.0,1.0,2.0,,,,,1.753111,1.0,,0.0,1.0,1.0,3.0,,,,,3.0,2.53,,1.36,2.54,2.33,4.9,,,,,2.88827,2.0,,1.0,2.0,1.0,4.0,,,,,2.197646,2.0,,0.0,2.0,2.0,4.0,,,,,4.0
labs,alt,u/l,56230.0,95649.0,44206.0,75706.0,27217.0,40505.0,26622.0,24308.0,80974.0,85885.0,557302,267270.0,631717.0,162169.0,344784.0,85120.0,203557.0,93436.0,129156.0,340770.0,444990.0,2702969,267270.0,631717.0,162169.0,344784.0,85120.0,203557.0,93436.0,129156.0,340770.0,444990.0,2702969,6.0,5.93,5.67,5.51,5.11,5.43,8.56,6.97,5.58,6.74,6.027968,144.09,142.37,136.08,132.35,122.61,130.32,205.49,167.35,133.93,161.74,144.706182,4.75,6.6,3.67,4.55,3.13,5.03,3.51,5.31,4.21,5.18,4.84891,2.0,3.0,2.0,2.0,1.0,2.0,2.0,2.0,2.0,2.0,2.122792,4.0,6.0,3.0,3.0,2.0,4.0,2.0,4.0,3.0,4.0,6.0,1.69,2.29,1.43,1.7,1.57,1.9,1.39,1.82,1.6,1.83,1.782952,1.0,2.0,1.0,1.0,1.0,1.0,1.0,1.0,1.0,1.0,1.171629,1.0,2.0,1.0,1.0,1.0,1.0,1.0,1.0,1.0,1.0,2.0,2.46,3.38,2.02,2.42,2.03,2.74,1.8,2.62,2.28,2.57,2.543163,2.0,2.0,1.0,2.0,1.0,2.0,1.0,2.0,1.0,2.0,1.678776,2.0,3.0,1.0,2.0,1.0,2.0,1.0,2.0,1.0,2.0,3.0,2.97,4.09,2.37,2.89,2.31,3.28,2.09,3.16,2.73,3.06,3.039311,2.0,3.0,2.0,2.0,1.0,2.0,1.0,2.0,2.0,2.0,2.075022,3.0,4.0,2.0,2.0,2.0,3.0,2.0,3.0,2.0,3.0,4.0
labs,alkaline_phosphatase,u/l,56535.0,95747.0,43636.0,75697.0,27222.0,40487.0,26135.0,24259.0,80746.0,85914.0,556378,270781.0,634918.0,159175.0,344644.0,85144.0,203369.0,91287.0,128847.0,337544.0,445206.0,2700915,270781.0,634918.0,159175.0,344644.0,85144.0,203369.0,91287.0,128847.0,337544.0,445206.0,2700915,6.01,5.93,5.69,5.51,5.1,5.43,8.62,6.98,5.58,6.74,6.031593,144.31,142.27,136.51,132.33,122.49,130.29,206.79,167.59,133.93,161.72,144.761378,4.79,6.63,3.65,4.55,3.13,5.02,3.49,5.31,4.18,5.18,4.853403,2.0,3.0,2.0,2.0,1.0,2.0,1.0,2.0,2.0,2.0,2.076189,4.0,6.0,3.0,3.0,2.0,4.0,2.0,4.0,3.0,4.0,6.0,1.69,2.3,1.42,1.7,1.57,1.9,1.33,1.82,1.6,1.83,1.781884,1.0,2.0,1.0,1.0,1.0,1.0,1.0,1.0,1.0,1.0,1.17209,1.0,2.0,1.0,1.0,1.0,1.0,1.0,1.0,1.0,1.0,2.0,2.48,3.4,2.01,2.42,2.03,2.74,1.76,2.62,2.28,2.57,2.547356,2.0,2.0,1.0,2.0,1.0,2.0,1.0,2.0,1.0,2.0,1.680543,2.0,3.0,1.0,2.0,1.0,2.0,1.0,2.0,1.0,2.0,3.0,2.99,4.11,2.36,2.89,2.31,3.28,2.05,3.16,2.71,3.06,3.040988,2.0,3.0,2.0,2.0,1.0,2.0,1.0,2.0,2.0,2.0,2.076189,3.0,4.0,2.0,2.0,2.0,3.0,1.0,3.0,2.0,3.0,4.0
labs,chloride,mmol/l,78220.0,110761.0,81160.0,121051.0,53619.0,54688.0,41961.0,40160.0,142554.0,163381.0,887555,623083.0,973646.0,628691.0,929569.0,434646.0,388200.0,430061.0,457491.0,914588.0,2538383.0,8318358,623083.0,973646.0,628691.0,929569.0,434646.0,388200.0,430061.0,457491.0,914588.0,2538383.0,8318358,5.33,5.49,4.49,4.66,4.61,5.06,7.44,5.85,4.41,5.23,5.078753,127.9,131.72,107.78,111.83,110.64,121.36,178.6,140.51,105.88,125.48,121.884794,7.97,8.79,7.75,7.68,8.11,7.1,10.25,11.39,6.42,15.54,9.374584,4.0,4.0,4.0,3.0,4.0,4.0,4.0,5.0,3.0,4.0,3.748247,6.0,7.0,6.0,5.0,6.0,6.0,8.0,10.0,5.0,10.0,10.0,2.7,3.07,2.88,2.7,3.19,2.59,2.64,3.69,2.29,5.19,3.219923,2.0,2.0,2.0,2.0,2.0,2.0,2.0,3.0,2.0,2.0,2.045248,2.0,2.0,3.0,2.0,3.0,2.0,2.0,3.0,1.0,4.0,4.0,4.08,4.58,4.16,4.06,4.62,3.9,4.11,5.55,3.37,7.48,4.748284,3.0,3.0,3.0,3.0,3.0,3.0,3.0,4.0,2.0,3.0,2.884634,3.0,3.0,3.0,3.0,3.0,3.0,3.0,5.0,3.0,6.0,6.0,4.95,5.53,4.93,4.91,5.51,4.71,5.14,6.75,4.06,8.97,5.721622,3.0,4.0,4.0,3.0,4.0,3.0,4.0,5.0,3.0,4.0,3.5985,4.0,5.0,4.0,4.0,4.0,4.0,4.0,6.0,3.0,7.0,7.0
labs,potassium,mmol/l,78391.0,110945.0,81249.0,121315.0,52972.0,54702.0,41938.0,40116.0,144676.0,163799.0,890103,783120.0,1406270.0,782408.0,1004044.0,444926.0,392766.0,428694.0,462068.0,1155147.0,2985626.0,9845069,783120.0,1406270.0,782408.0,1004044.0,444926.0,392766.0,428694.0,462068.0,1155147.0,2985626.0,9845069,5.32,5.48,4.49,4.65,4.64,5.06,7.45,5.86,4.37,5.22,5.068297,127.71,131.63,107.71,111.69,111.38,121.33,178.69,140.61,104.98,125.27,121.665494,9.99,12.68,9.63,8.28,8.4,7.18,10.22,11.52,7.98,18.23,11.061487,4.0,5.0,5.0,4.0,4.0,4.0,4.0,5.0,3.0,5.0,4.282476,8.0,9.0,8.0,6.0,7.0,6.0,8.0,10.0,6.0,12.0,12.0,3.43,4.5,3.72,3.03,3.28,2.64,2.63,3.7,2.82,6.34,3.888678,2.0,3.0,2.0,2.0,2.0,2.0,2.0,3.0,2.0,3.0,2.353734,3.0,3.0,4.0,3.0,3.0,2.0,2.0,3.0,2.0,6.0,6.0,5.13,6.65,5.24,4.46,4.77,3.96,4.09,5.58,4.18,8.97,5.668369,3.0,4.0,4.0,3.0,3.0,3.0,3.0,4.0,3.0,4.0,3.445015,4.0,6.0,5.0,3.0,4.0,3.0,3.0,5.0,3.0,8.0,8.0,6.2,8.02,6.16,5.37,5.69,4.77,5.12,6.8,5.06,10.69,6.808966,4.0,5.0,4.0,3.0,4.0,4.0,4.0,5.0,3.0,5.0,4.054903,5.0,6.0,6.0,4.0,5.0,4.0,4.0,7.0,4.0,10.0,10.0
labs,ph_venous,(no units),8518.0,,27870.0,23833.0,11579.0,9314.0,16061.0,15886.0,,72351.0,185412,47542.0,,87218.0,94536.0,41689.0,35505.0,65961.0,125192.0,,659682.0,1157325,47542.0,,87218.0,94536.0,41689.0,35505.0,65961.0,125192.0,,659682.0,1157325,8.76,,5.65,6.4,6.18,6.21,10.47,7.31,,6.76,6.943405,210.22,,135.66,153.56,148.2,149.1,251.27,175.41,,162.34,166.675786,5.58,,3.13,3.97,3.6,3.81,4.11,7.88,,9.12,6.243311,2.0,,2.0,1.0,1.0,1.0,2.0,3.0,,4.0,2.624889,3.0,,2.0,2.0,2.0,2.0,3.0,6.0,,7.0,7.0,1.9,,1.51,1.77,1.52,1.45,1.52,2.97,,3.63,2.512167,1.0,,1.0,1.0,1.0,1.0,1.0,2.0,,2.0,1.475897,1.0,,1.0,1.0,1.0,1.0,1.0,3.0,,4.0,4.0,2.71,,2.02,2.25,1.95,1.92,2.12,4.22,,4.94,3.408461,1.0,,1.0,1.0,1.0,1.0,1.0,2.0,,3.0,1.866114,2.0,,1.0,1.0,1.0,1.0,2.0,4.0,,4.0,4.0,3.26,,2.28,2.54,2.24,2.16,2.48,5.05,,5.76,3.96253,1.0,,1.0,1.0,1.0,1.0,2.0,3.0,,3.0,2.038417,2.0,,2.0,2.0,1.0,1.0,2.0,5.0,,5.0,5.0
labs,lymphocytes_absolute,10^3/µl,13159.0,,20292.0,70512.0,18855.0,34635.0,,,,,157453,38740.0,,37994.0,286208.0,65281.0,142225.0,,,,,570448,38740.0,,37994.0,286208.0,65281.0,142225.0,,,,,570448,7.74,,5.63,5.26,5.3,5.33,,,,,5.535136,185.8,,135.21,126.18,127.24,128.01,,,,,132.855927,2.94,,1.87,4.06,3.46,4.11,,,,,3.623306,1.0,,1.0,2.0,2.0,2.0,,,,,1.787549,2.0,,1.0,3.0,2.0,4.0,,,,,4.0,0.92,,1.04,1.36,1.44,1.54,,,,,1.331162,1.0,,1.0,1.0,1.0,1.0,,,,,1.0,1.0,,0.0,1.0,1.0,1.0,,,,,1.0,1.38,,1.23,2.07,1.99,2.22,,,,,1.927493,1.0,,1.0,2.0,1.0,2.0,,,,,1.667799,1.0,,0.0,1.0,1.0,2.0,,,,,2.0,1.68,,1.36,2.52,2.32,2.67,,,,,2.309346,1.0,,1.0,2.0,1.0,2.0,,,,,1.667799,1.0,,0.0,2.0,2.0,2.0,,,,,2.0
labs,pco2_venous,mmhg,8027.0,22908.0,21576.0,21327.0,11579.0,8858.0,16386.0,15883.0,,72055.0,198599,45624.0,191617.0,71013.0,90529.0,41673.0,33403.0,70344.0,191070.0,,658366.0,1393639,45624.0,191617.0,71013.0,90529.0,41673.0,33403.0,70344.0,191070.0,,658366.0,1393639,8.89,7.08,5.89,6.59,6.17,6.36,10.43,7.31,,6.78,7.072035,213.32,170.0,141.43,158.15,148.18,152.62,250.36,175.42,,162.82,169.785913,5.68,8.36,3.29,4.24,3.6,3.77,4.29,12.03,,9.14,7.016883,2.0,3.0,2.0,1.0,1.0,1.0,2.0,6.0,,4.0,2.950589,3.0,7.0,3.0,3.0,2.0,1.75,4.0,10.0,,7.0,10.0,1.84,3.61,1.69,1.87,1.52,1.33,1.55,4.51,,3.64,2.832363,1.0,2.0,1.0,1.0,1.0,1.0,1.0,4.0,,2.0,1.71809,1.0,4.0,1.0,1.0,1.0,1.0,1.0,4.0,,4.0,4.0,2.67,4.96,2.17,2.37,1.95,1.76,2.18,6.43,,4.95,3.852543,1.0,3.0,1.0,1.0,1.0,1.0,1.0,4.0,,3.0,2.196255,2.0,5.0,2.0,2.0,1.0,1.0,2.0,6.0,,4.0,6.0,3.25,5.8,2.42,2.69,2.24,2.0,2.55,7.71,,5.77,4.492421,1.0,3.0,1.0,1.0,1.0,1.0,2.0,4.0,,3.0,2.278763,2.0,6.0,2.0,2.0,1.0,1.0,2.0,8.0,,5.0,8.0
labs,eosinophils_percent,%,13693.0,86119.0,37418.0,69746.0,19901.0,34744.0,41745.0,14366.0,61990.0,98839.0,478561,40219.0,467742.0,70115.0,284300.0,69686.0,143783.0,322366.0,46299.0,204159.0,484341.0,2133010,40219.0,467742.0,70115.0,284300.0,69686.0,143783.0,322366.0,46299.0,204159.0,484341.0,2133010,7.8,5.91,5.44,5.31,5.53,5.34,7.37,7.05,5.43,5.96,5.892428,187.25,141.9,130.48,127.49,132.62,128.05,176.98,169.19,130.36,143.01,141.426806,2.94,5.43,1.87,4.08,3.5,4.14,7.72,3.22,3.29,4.9,4.456487,1.0,2.0,1.0,2.0,2.0,2.0,4.0,1.0,1.0,2.0,1.908106,2.0,4.0,1.0,3.0,3.0,4.0,7.0,2.0,2.0,4.0,7.0,0.92,1.76,1.03,1.35,1.45,1.55,2.48,1.17,1.15,1.56,1.515768,1.0,1.0,1.0,1.0,1.0,1.0,2.0,1.0,1.0,1.0,1.08723,1.0,1.0,0.0,1.0,1.0,1.0,2.0,0.0,0.0,1.0,2.0,1.38,2.66,1.24,2.05,2.0,2.24,3.7,1.65,1.69,2.37,2.240364,1.0,2.0,1.0,2.0,1.0,2.0,3.0,1.0,1.0,2.0,1.77929,1.0,2.0,0.0,1.0,1.0,2.0,3.0,1.0,1.0,2.0,3.0,1.68,3.25,1.37,2.51,2.34,2.68,4.51,1.96,2.04,2.89,2.711107,1.0,2.0,1.0,2.0,1.0,2.0,3.0,1.0,1.0,2.0,1.77929,1.0,3.0,1.0,2.0,2.0,2.0,4.0,1.0,1.0,2.0,4.0
labs,eosinophils_absolute,10^3/µl,13250.0,,20140.0,69702.0,18851.0,28972.0,,,,,150915,39207.0,,37695.0,283827.0,65245.0,118285.0,,,,,544259,39207.0,,37695.0,283827.0,65245.0,118285.0,,,,,544259,7.74,,5.61,5.31,5.3,5.38,,,,,5.575574,185.73,,134.59,127.4,127.21,129.13,,,,,133.789153,2.96,,1.87,4.07,3.46,4.08,,,,,3.604673,1.0,,1.0,2.0,2.0,2.0,,,,,1.77875,2.0,,1.0,3.0,2.0,3.0,,,,,3.0,0.92,,1.04,1.35,1.44,1.53,,,,,1.316674,1.0,,1.0,1.0,1.0,1.0,,,,,1.0,1.0,,0.0,1.0,1.0,1.0,,,,,1.0,1.39,,1.23,2.05,1.98,2.2,,,,,1.902675,1.0,,1.0,2.0,1.0,2.0,,,,,1.653838,1.0,,0.0,1.0,1.0,2.0,,,,,2.0,1.69,,1.35,2.5,2.32,2.63,,,,,2.277886,1.0,,1.0,2.0,1.0,2.0,,,,,1.653838,1.0,,0.0,2.0,2.0,2.0,,,,,2.0
labs,albumin,g/dl,58725.0,96134.0,32457.0,77583.0,50130.0,40573.0,41583.0,24592.0,83997.0,98061.0,603835,300985.0,657842.0,80905.0,365166.0,364708.0,203720.0,390054.0,144368.0,381320.0,447431.0,3336499,300985.0,657842.0,80905.0,365166.0,364708.0,203720.0,390054.0,144368.0,381320.0,447431.0,3336499,5.95,5.93,6.26,5.49,4.74,5.43,7.45,6.99,5.52,6.54,5.950634,142.91,142.22,150.22,131.79,113.79,130.33,178.91,167.8,132.42,157.05,142.831416,5.13,6.84,2.49,4.71,7.28,5.02,9.38,5.87,4.54,4.56,5.52565,2.0,3.0,1.0,2.0,3.0,2.0,4.0,2.0,2.0,2.0,2.326203,4.0,6.0,1.0,3.0,5.0,4.0,7.0,5.0,3.0,3.0,7.0,1.76,2.34,1.06,1.73,2.73,1.9,2.55,1.87,1.67,1.62,1.924423,1.0,2.0,1.0,1.0,2.0,1.0,2.0,1.0,1.0,1.0,1.31109,1.0,2.0,0.0,1.0,2.0,1.0,2.0,1.0,1.0,1.0,2.0,2.62,3.47,1.43,2.49,4.02,2.73,3.87,2.73,2.41,2.28,2.80441,2.0,2.0,1.0,2.0,3.0,2.0,3.0,2.0,2.0,2.0,2.098133,2.0,3.0,1.0,2.0,3.0,2.0,3.0,2.0,1.0,2.0,3.0,3.18,4.21,1.65,2.99,4.83,3.28,4.8,3.32,2.89,2.72,3.383251,2.0,3.0,1.0,2.0,3.0,2.0,3.0,2.0,2.0,2.0,2.257339,3.0,4.0,1.0,2.0,4.0,3.0,4.0,3.0,2.0,2.0,4.0
labs,calcium_ionized,mg/dl,11797.0,,38306.0,31426.0,16718.0,6943.0,1539.0,5078.0,38261.0,2.0,150070,79148.0,,299847.0,297281.0,67936.0,38335.0,34425.0,18762.0,268630.0,3.0,1104367,79148.0,,299847.0,297281.0,67936.0,38335.0,34425.0,18762.0,268630.0,3.0,1104367,9.05,,5.94,6.25,5.75,7.32,15.42,7.26,6.49,5.67,6.57418,217.24,,142.58,150.06,137.89,175.69,370.04,174.21,155.74,136.03,157.782809,6.71,,7.83,9.46,4.06,5.52,22.37,3.69,7.02,1.5,7.358864,2.0,,4.0,3.0,2.0,1.0,9.0,1.0,2.0,1.5,2.711595,3.0,,6.0,6.0,2.0,2.0,23.0,2.0,5.0,0.5,23.0,1.75,,3.21,3.95,2.0,1.68,1.9,1.53,2.52,1.0,2.798381,1.0,,2.0,2.0,1.0,1.0,1.0,1.0,2.0,1.0,1.719618,2.0,,4.0,4.0,1.0,1.0,3.0,1.0,2.0,1.0,4.0,2.63,,4.3,5.23,2.52,2.32,3.73,2.03,3.61,1.5,3.81496,1.0,,3.0,2.0,2.0,1.0,2.0,1.0,2.0,1.5,2.096535,1.0,,5.0,5.0,2.0,1.0,6.0,1.0,3.0,0.5,6.0,3.29,,4.98,6.07,2.84,2.72,5.45,2.34,4.35,1.5,4.487268,1.0,,3.0,3.0,2.0,1.0,3.0,1.0,2.0,1.5,2.316199,2.0,,6.0,6.0,2.0,1.0,9.0,1.0,3.0,0.5,9.0
labs,esr,mm/hour,2689.0,,,6374.0,1325.0,2479.0,,1925.0,,,14792,3157.0,,,8535.0,1555.0,2977.0,,3734.0,,,19958,3157.0,,,8535.0,1555.0,2977.0,,3734.0,,,19958,6.84,,,4.67,4.95,5.45,,7.49,,,5.587269,164.22,,,112.02,118.72,130.7,,179.86,,,134.068609,1.17,,,1.34,1.17,1.2,,1.94,,,1.348488,1.0,,,1.0,1.0,1.0,,1.0,,,1.0,0.0,,,0.0,0.0,0.0,,0.0,,,0.0,0.7,,,0.79,0.72,0.77,,0.75,,,0.758812,1.0,,,1.0,1.0,1.0,,1.0,,,1.0,1.0,,,1.0,1.0,1.0,,1.0,,,1.0,0.87,,,0.97,0.9,0.91,,1.03,,,0.943304,1.0,,,1.0,1.0,1.0,,1.0,,,1.0,0.0,,,0.0,0.0,0.0,,0.0,,,0.0,0.95,,,1.06,0.98,0.98,,1.21,,,1.038951,1.0,,,1.0,1.0,1.0,,1.0,,,1.0,0.0,,,0.0,0.0,0.0,,0.0,,,0.0
labs,sodium,mmol/l,78294.0,110994.0,81194.0,121312.0,53664.0,54721.0,41961.0,40168.0,142919.0,163858.0,889085,748000.0,1286909.0,670665.0,1017670.0,465492.0,402527.0,430066.0,458133.0,1012746.0,3003912.0,9496120,748000.0,1286909.0,670665.0,1017670.0,465492.0,402527.0,430066.0,458133.0,1012746.0,3003912.0,9496120,5.33,5.48,4.49,4.65,4.61,5.05,7.44,5.85,4.41,5.22,5.073454,127.83,131.6,107.75,111.68,110.57,121.32,178.6,140.48,105.75,125.24,121.761795,9.55,11.59,8.26,8.39,8.67,7.36,10.25,11.41,7.09,18.33,10.680466,4.0,5.0,4.0,4.0,4.0,4.0,4.0,5.0,3.0,5.0,4.193571,7.0,8.0,7.0,6.0,7.0,6.0,8.0,10.0,6.0,12.0,12.0,3.26,4.21,3.09,3.06,3.46,2.67,2.64,3.69,2.55,6.4,3.766278,2.0,3.0,2.0,2.0,2.0,2.0,2.0,3.0,2.0,3.0,2.354319,3.0,3.0,3.0,3.0,3.0,2.0,2.0,3.0,2.0,7.0,7.0,4.89,6.17,4.46,4.52,4.99,4.03,4.11,5.55,3.74,9.04,5.486135,3.0,4.0,3.0,3.0,3.0,3.0,3.0,4.0,2.0,4.0,3.193571,4.0,5.0,4.0,3.0,4.0,3.0,3.0,5.0,3.0,8.0,8.0,5.93,7.41,5.29,5.43,5.94,4.88,5.14,6.76,4.51,10.76,6.586191,4.0,5.0,4.0,3.0,4.0,4.0,4.0,5.0,3.0,5.0,4.057125,5.0,5.0,5.0,4.0,5.0,4.0,4.0,6.0,4.0,10.0,10.0
labs,so2_arterial,%,25772.0,,27758.0,35785.0,19641.0,19780.0,20532.0,20066.0,19690.0,60049.0,249073,346245.0,,200416.0,343194.0,132157.0,168569.0,232599.0,381080.0,152665.0,1359398.0,3316323,346245.0,,200416.0,343194.0,132157.0,168569.0,232599.0,381080.0,152665.0,1359398.0,3316323,7.09,,6.17,6.2,6.18,7.2,8.95,7.38,5.39,7.31,6.891917,170.16,,147.98,148.9,148.41,172.91,214.83,177.0,129.26,175.43,165.407557,13.43,,7.22,9.59,6.73,8.52,11.33,18.99,7.75,22.64,13.314194,4.0,,3.0,4.0,2.0,3.0,6.0,8.0,2.0,8.0,4.944799,8.0,,5.0,6.0,4.0,7.0,10.0,17.0,5.0,17.0,17.0,5.39,,2.92,4.22,2.88,3.32,3.76,6.08,3.21,7.94,4.947981,2.0,,2.0,2.0,2.0,2.0,4.0,4.0,2.0,5.0,3.049263,4.0,,3.0,4.0,2.0,3.0,3.0,6.0,3.0,9.0,9.0,7.18,,4.01,5.56,3.81,4.5,5.41,8.85,4.3,10.86,6.763562,4.0,,2.0,3.0,2.0,2.0,5.0,6.0,2.0,6.0,3.884528,6.0,,4.0,6.0,3.0,5.0,4.0,9.0,3.0,12.0,12.0,8.34,,4.71,6.41,4.39,5.24,6.48,10.73,5.03,12.82,7.958133,4.0,,2.0,3.0,2.0,2.0,5.0,6.0,2.0,7.0,4.125618,6.0,,4.0,6.0,4.0,5.25,6.0,10.0,4.0,14.0,14.0
labs,platelet_count,10^3/µl,77298.0,,,119138.0,52716.0,54467.0,,,,,303619,530899.0,,,753715.0,321735.0,358730.0,,,,,1965079,530899.0,,,753715.0,321735.0,358730.0,,,,,1965079,5.37,,,4.71,4.65,5.07,,,,,4.932192,128.97,,,112.97,111.67,121.72,,,,,118.387393,6.87,,,6.33,6.1,6.59,,,,,6.474186,3.0,,,3.0,3.0,4.0,,,,,3.179393,5.0,,,4.0,5.0,5.0,,,,,5.0,2.29,,,2.36,2.63,2.55,,,,,2.423142,2.0,,,2.0,2.0,2.0,,,,,2.0,2.0,,,2.0,2.0,2.0,,,,,2.0,3.48,,,3.46,3.75,3.76,,,,,3.569261,3.0,,,2.0,3.0,3.0,,,,,2.607607,2.0,,,3.0,2.0,2.0,,,,,3.0,4.23,,,4.15,4.39,4.48,,,,,4.271237,3.0,,,3.0,3.0,3.0,,,,,3.0,3.0,,,2.0,3.0,3.0,,,,,3.0
labs,basophils_absolute,10^3/µl,13243.0,,20110.0,68353.0,18851.0,34635.0,,,,,155192,39196.0,,37655.0,270688.0,65243.0,142224.0,,,,,555006,39196.0,,37655.0,270688.0,65243.0,142224.0,,,,,555006,7.74,,5.6,5.29,5.3,5.33,,,,,5.549378,185.8,,134.46,126.9,127.22,128.01,,,,,133.192344,2.96,,1.87,3.96,3.46,4.11,,,,,3.576584,1.0,,1.0,2.0,2.0,2.0,,,,,1.785086,2.0,,1.0,3.0,2.0,4.0,,,,,4.0,0.92,,1.04,1.33,1.44,1.54,,,,,1.317663,1.0,,1.0,1.0,1.0,1.0,,,,,1.0,1.0,,0.0,1.0,1.0,1.0,,,,,1.0,1.39,,1.23,2.01,1.98,2.22,,,,,1.899243,1.0,,1.0,1.0,1.0,2.0,,,,,1.223175,1.0,,0.0,1.0,1.0,2.0,,,,,2.0,1.69,,1.36,2.45,2.32,2.67,,,,,2.277211,1.0,,1.0,2.0,1.0,2.0,,,,,1.663617,1.0,,0.0,2.0,2.0,2.0,,,,,2.0
labs,so2_mixed_venous,%,7144.0,5817.0,8872.0,,211.0,3200.0,2357.0,6016.0,7298.0,72268.0,113183,112187.0,70650.0,272941.0,,308.0,31956.0,9648.0,40333.0,46211.0,594219.0,1178453,112187.0,70650.0,272941.0,,308.0,31956.0,9648.0,40333.0,46211.0,594219.0,1178453,9.56,8.46,6.12,,6.62,7.45,9.35,8.89,7.4,6.71,7.169677,229.52,203.07,146.96,,158.76,178.79,224.3,213.43,177.61,161.01,172.06774,15.7,12.15,30.76,,1.46,9.99,4.09,6.7,6.33,8.22,10.409715,4.0,5.0,9.0,,1.0,6.0,2.0,3.0,2.0,3.0,3.632012,12.0,13.0,30.0,,0.0,8.0,3.0,7.0,4.0,7.0,30.0,4.67,4.46,11.46,,0.67,5.08,2.04,1.95,2.28,3.13,3.858835,2.0,3.0,4.0,,1.0,5.0,2.0,1.0,1.0,2.0,2.173489,5.0,5.0,21.0,,1.0,3.0,2.0,2.0,2.0,3.0,21.0,7.11,6.81,17.11,,0.91,6.92,2.78,3.12,3.37,4.32,5.536679,4.0,4.0,6.0,,1.0,5.0,2.0,2.0,1.0,3.0,3.199553,6.0,7.0,25.0,,1.0,5.0,3.0,3.0,2.0,4.0,25.0,8.86,8.41,20.51,,1.07,8.06,3.15,4.0,4.09,5.09,6.620966,4.0,4.0,7.0,,1.0,6.0,2.0,2.0,1.0,3.0,3.306212,8.0,10.0,26.0,,0.0,6.0,3.0,5.0,3.0,5.0,26.0
labs,hemoglobin,g/dl,77421.0,121510.0,80791.0,119630.0,52907.0,54466.0,42559.0,39946.0,137965.0,161722.0,888917,723979.0,1329462.0,590758.0,951435.0,380549.0,358098.0,402715.0,655317.0,899052.0,2801954.0,9093319,723979.0,1329462.0,590758.0,951435.0,380549.0,358098.0,402715.0,655317.0,899052.0,2801954.0,9093319,5.37,5.4,4.5,4.69,4.64,5.07,7.35,5.88,4.5,5.27,5.106178,128.9,129.68,108.06,112.67,111.42,121.73,176.49,141.1,108.07,126.39,122.585748,9.35,10.94,7.31,7.95,7.19,6.57,9.46,16.41,6.52,17.33,10.229735,4.0,5.0,4.0,3.0,4.0,4.0,5.0,6.0,3.0,5.0,4.166594,7.0,9.0,6.0,5.0,6.0,5.0,8.0,14.0,5.0,12.0,14.0,3.22,4.22,3.13,3.21,3.18,2.55,2.79,5.5,2.47,6.23,3.816816,2.0,2.0,2.0,2.0,2.0,2.0,2.0,3.0,2.0,3.0,2.226869,2.0,4.0,3.0,2.0,3.0,2.0,3.0,5.0,2.0,6.0,6.0,4.77,6.07,4.31,4.55,4.46,3.75,4.19,8.06,3.59,8.72,5.450902,3.0,3.0,3.0,2.0,3.0,3.0,3.0,4.0,2.0,4.0,2.937084,3.0,5.0,4.0,3.0,3.0,2.0,3.0,8.0,3.0,8.0,8.0,5.76,7.2,5.0,5.37,5.19,4.48,5.14,9.73,4.28,10.33,6.473367,3.0,4.0,4.0,3.0,3.0,3.0,4.0,5.0,3.0,4.0,3.547266,4.0,6.0,4.0,4.0,4.0,3.0,5.0,10.0,4.0,9.0,10.0
labs,magnesium,mg/dl,75120.0,99318.0,79702.0,102018.0,48407.0,48643.0,41831.0,38381.0,104461.0,149502.0,787383,507542.0,700362.0,551373.0,724043.0,286105.0,278985.0,399605.0,358999.0,636115.0,1112446.0,5555575,507542.0,700362.0,551373.0,724043.0,286105.0,278985.0,399605.0,358999.0,636115.0,1112446.0,5555575,5.44,6.04,4.54,5.07,4.8,5.35,7.42,6.01,5.2,5.48,5.440465,130.62,144.87,109.06,121.65,115.08,128.29,178.13,144.19,124.85,131.63,130.585328,6.76,7.05,6.92,7.1,5.91,5.74,9.55,9.35,6.09,7.44,7.056256,4.0,3.0,3.0,3.0,3.0,3.0,4.0,4.0,3.0,3.0,3.197276,5.0,5.0,5.0,4.0,4.0,4.0,7.0,8.0,5.0,5.0,8.0,2.21,2.1,2.3,2.33,2.15,1.95,2.59,2.84,1.94,2.33,2.238894,2.0,2.0,2.0,2.0,2.0,2.0,2.0,2.0,1.0,2.0,1.867331,2.0,2.0,2.0,2.0,1.0,1.0,2.0,2.0,1.0,2.0,2.0,3.38,3.29,3.52,3.56,3.21,3.0,3.94,4.41,2.95,3.48,3.414112,3.0,2.0,3.0,2.0,2.0,2.0,3.0,3.0,2.0,2.0,2.2985,2.0,3.0,2.0,3.0,3.0,1.0,3.0,3.0,2.0,2.0,3.0,4.13,4.1,4.26,4.36,3.88,3.68,4.89,5.42,3.64,4.24,4.185141,3.0,3.0,3.0,3.0,3.0,3.0,4.0,4.0,2.0,3.0,2.969203,3.0,3.0,3.0,4.0,3.0,2.0,4.0,5.0,3.0,3.0,5.0
labs,pt,sec,38293.0,,71728.0,65572.0,9466.0,27069.0,,27685.0,,11843.0,251656,147014.0,,352829.0,293673.0,31079.0,92517.0,,168026.0,,29709.0,1114847,147014.0,,352829.0,293673.0,31079.0,92517.0,,168026.0,,29709.0,1114847,6.35,,4.75,5.55,5.43,5.58,,6.54,,4.64,5.508511,152.36,,113.89,133.23,130.23,134.02,,157.02,,111.37,132.189096,3.84,,4.92,4.48,3.28,3.42,,6.07,,2.51,4.43108,1.0,,3.0,2.0,1.0,1.0,,3.0,,1.0,2.050633,2.0,,4.0,3.0,2.0,2.0,,5.0,,2.0,5.0,1.66,,2.05,2.0,1.67,1.56,,2.12,,1.26,1.881151,1.0,,2.0,1.0,1.0,1.0,,2.0,,1.0,1.395035,1.0,,2.0,1.0,1.0,1.0,,1.0,,1.0,2.0,2.19,,2.84,2.67,2.1,2.05,,3.02,,1.68,2.5492,1.0,,2.0,2.0,1.0,1.0,,2.0,,1.0,1.655597,1.0,,2.0,2.0,1.0,1.0,,3.0,,1.0,3.0,2.54,,3.3,3.08,2.39,2.37,,3.62,,1.92,2.963029,1.0,,2.0,2.0,1.0,1.0,,2.0,,1.0,1.655597,2.0,,3.0,2.0,1.0,2.0,,3.0,,1.0,3.0
labs,glucose_serum,mg/dl,79309.0,122058.0,81135.0,121047.0,53644.0,54795.0,35888.0,40160.0,147135.0,163437.0,898608,2197130.0,1038781.0,745677.0,930255.0,417900.0,414956.0,239902.0,442981.0,2683761.0,2409437.0,11520780,2197130.0,1038781.0,745677.0,930255.0,417900.0,414956.0,239902.0,442981.0,2683761.0,2409437.0,11520780,5.28,5.39,4.49,4.66,4.61,5.05,7.74,5.85,4.32,5.23,5.043513,126.71,129.28,107.79,111.83,110.58,121.26,185.84,140.49,103.58,125.42,121.006647,27.7,8.51,9.19,7.69,7.79,7.57,6.68,11.03,18.24,14.74,12.820095,13.0,4.0,4.0,3.0,4.0,4.0,3.0,5.0,5.0,4.0,4.828104,23.0,7.0,8.0,5.0,6.0,6.0,6.0,10.0,13.0,9.0,23.0,8.49,2.97,3.63,2.7,3.11,2.89,1.89,3.5,5.97,4.98,4.321221,6.0,2.0,2.0,2.0,2.0,2.0,1.0,3.0,3.0,2.0,2.521521,6.0,2.0,4.0,2.0,3.0,3.0,1.0,2.0,6.0,4.0,6.0,13.38,4.44,5.05,4.06,4.48,4.25,2.79,5.3,9.12,7.13,6.451791,10.0,3.0,3.0,3.0,3.0,3.0,2.0,4.0,4.0,3.0,3.786294,12.0,3.0,5.0,3.0,3.0,3.0,3.0,5.0,8.0,5.0,12.0,16.48,5.36,5.92,4.91,5.32,5.1,3.42,6.47,11.09,8.53,7.80002,12.0,4.0,4.0,3.0,4.0,4.0,2.0,4.0,4.0,4.0,4.491481,16.0,4.0,6.0,4.0,4.0,4.0,3.0,6.0,10.0,7.0,16.0
labs,ptt,sec,24604.0,1.0,71335.0,43804.0,28437.0,27975.0,29804.0,23900.0,,11020.0,260880,119199.0,1.0,388202.0,181125.0,97914.0,121944.0,155263.0,203129.0,,42752.0,1309529,119199.0,1.0,388202.0,181125.0,97914.0,121944.0,155263.0,203129.0,,42752.0,1309529,6.54,1.14,4.76,5.77,4.68,5.66,8.12,6.83,,4.77,5.759159,156.98,27.38,114.15,138.49,112.37,135.83,194.88,163.99,,114.41,138.206617,4.84,1.0,5.44,4.13,3.44,4.36,5.21,8.5,,3.88,5.017778,1.0,1.0,3.0,1.0,1.0,2.0,2.0,3.0,,2.0,1.993825,1.0,0.0,4.0,2.0,2.0,3.0,4.0,8.0,,3.0,8.0,1.7,1.0,2.14,1.86,1.8,1.9,1.85,2.38,,1.58,1.953888,1.0,1.0,2.0,1.0,1.0,1.0,1.0,2.0,,1.0,1.365053,1.0,0.0,2.0,1.0,1.0,1.0,1.0,2.0,,1.0,2.0,2.27,1.0,3.02,2.45,2.25,2.58,2.54,3.67,,2.29,2.69631,1.0,1.0,2.0,1.0,1.0,1.0,2.0,2.0,,1.0,1.479297,1.0,0.0,3.0,2.0,1.0,2.0,2.0,4.0,,2.0,4.0,2.7,1.0,3.54,2.81,2.51,3.0,3.0,4.57,,2.72,3.166046,1.0,1.0,2.0,1.0,1.0,1.0,2.0,3.0,,2.0,1.613152,1.0,0.0,3.0,2.0,1.0,2.0,3.0,5.0,,2.0,5.0
labs,ph_arterial,(no units),25646.0,52936.0,53748.0,49811.0,20005.0,19787.0,20538.0,23980.0,,65189.0,331640,202362.0,614952.0,594794.0,528423.0,133922.0,168633.0,232829.0,660244.0,,1690887.0,4827046,202362.0,614952.0,594794.0,528423.0,133922.0,168633.0,232829.0,660244.0,,1690887.0,4827046,7.18,7.11,5.41,6.32,6.12,7.2,8.95,7.15,,7.19,6.799462,172.23,170.53,129.96,151.64,146.85,172.89,214.85,171.52,,172.64,163.192598,7.89,11.62,11.07,10.61,6.69,8.52,11.34,27.53,,25.94,14.556266,3.0,3.0,5.0,4.0,2.0,3.0,6.0,10.0,,9.0,5.28534,5.0,9.0,9.0,7.0,4.0,7.0,10.0,24.0,,20.0,24.0,3.18,4.19,4.67,4.58,2.87,3.32,3.77,8.87,,9.38,5.449296,2.0,2.0,3.0,3.0,2.0,2.0,4.0,6.0,,6.0,3.511612,3.0,4.0,6.0,5.0,2.0,3.0,3.0,10.0,,10.0,10.0,4.23,5.86,6.2,6.01,3.79,4.5,5.42,12.9,,12.73,7.437775,2.0,3.0,4.0,3.0,2.0,2.0,5.0,8.0,,7.0,4.236407,4.0,6.0,7.0,6.0,3.0,5.0,4.0,14.0,,14.0,14.0,4.9,6.98,7.16,6.94,4.37,5.24,6.48,15.65,,14.97,8.747561,2.0,3.0,5.0,3.0,2.0,2.0,5.0,9.0,,8.0,4.667347,4.0,7.0,8.0,7.0,4.0,5.0,6.0,16.0,,16.0,16.0
labs,ldh,u/l,6446.0,12457.0,32170.0,14661.0,5610.0,7714.0,2646.0,6395.0,10409.0,16001.0,114509,25640.0,39332.0,91123.0,73193.0,25563.0,29575.0,6038.0,21441.0,31587.0,78230.0,421722,25640.0,39332.0,91123.0,73193.0,25563.0,29575.0,6038.0,21441.0,31587.0,78230.0,421722,9.76,9.2,6.16,8.71,7.34,7.32,14.47,9.38,8.18,10.68,8.342879,234.16,220.88,147.91,209.09,176.09,175.8,347.26,225.18,196.26,256.37,200.268447,3.98,3.16,2.83,4.99,4.56,3.83,2.28,3.35,3.03,4.89,3.681677,1.0,1.0,1.0,1.0,2.0,1.0,1.0,1.0,1.0,1.0,1.048992,1.0,1.0,2.0,4.0,4.0,2.0,1.0,2.0,2.0,3.0,4.0,0.99,0.92,1.12,1.49,1.71,1.17,0.51,0.9,1.05,1.25,1.155991,1.0,1.0,1.0,1.0,1.0,1.0,0.0,1.0,1.0,1.0,0.976893,1.0,1.0,0.0,2.0,2.0,2.0,1.0,1.0,1.0,2.0,2.0,1.48,1.37,1.59,2.24,2.42,1.69,0.87,1.37,1.57,1.92,1.705868,1.0,1.0,1.0,1.0,1.0,1.0,1.0,1.0,1.0,1.0,1.0,0.0,0.0,1.0,1.0,2.0,1.0,1.0,1.0,1.0,1.0,2.0,1.85,1.68,1.87,2.76,2.87,2.03,1.15,1.72,1.95,2.4,2.078243,1.0,1.0,1.0,1.0,1.0,1.0,1.0,1.0,1.0,1.0,1.0,1.0,1.0,1.0,2.0,2.0,1.0,1.0,1.0,1.0,2.0,2.0
labs,bilirubin_unconjugated,mg/dl,11133.0,121.0,5389.0,,,6379.0,745.0,19026.0,30691.0,78515.0,151999,31274.0,146.0,11489.0,,,10162.0,1327.0,82512.0,80466.0,400526.0,617902,31274.0,146.0,11489.0,,,10162.0,1327.0,82512.0,80466.0,400526.0,617902,9.37,7.11,8.23,,,6.39,15.94,7.29,7.39,6.85,7.273067,224.79,170.58,197.42,,,153.45,382.59,175.06,177.46,164.32,174.538727,2.81,1.21,2.13,,,1.59,1.78,4.34,2.62,5.1,4.064416,1.0,1.0,1.0,,,1.0,1.0,2.0,1.0,2.0,1.641721,1.0,0.0,1.0,,,1.0,1.0,3.0,1.0,4.0,4.0,0.83,0.42,0.87,,,0.7,0.26,1.41,0.87,1.8,1.404572,1.0,0.0,1.0,,,1.0,0.0,1.0,1.0,1.0,0.994303,1.0,1.0,1.0,,,1.0,0.0,1.0,1.0,1.0,1.0,1.26,0.6,1.22,,,0.97,0.49,2.09,1.31,2.52,2.006953,1.0,1.0,1.0,,,1.0,0.0,1.0,1.0,2.0,1.511648,0.0,1.0,1.0,,,0.0,1.0,1.0,0.0,2.0,2.0,1.56,0.71,1.43,,,1.14,0.7,2.54,1.59,2.99,2.400264,1.0,1.0,1.0,,,1.0,0.0,2.0,1.0,2.0,1.63682,1.0,1.0,1.0,,,0.0,1.0,2.0,1.0,3.0,3.0
labs,ferritin,ng/ml,9207.0,16489.0,7162.0,13161.0,3110.0,8112.0,2373.0,5724.0,7596.0,15112.0,88046,10473.0,22386.0,9575.0,25457.0,4129.0,12419.0,3008.0,9198.0,9304.0,24907.0,130856,10473.0,22386.0,9575.0,25457.0,4129.0,12419.0,3008.0,9198.0,9304.0,24907.0,130856,6.83,6.48,6.94,6.67,6.71,5.53,12.15,7.26,6.76,7.65,6.931514,163.84,155.55,166.5,160.0,161.16,132.71,291.71,174.35,162.31,183.49,166.337344,1.14,1.36,1.34,1.93,1.33,1.53,1.27,1.61,1.22,1.65,1.486697,1.0,1.0,1.0,1.0,1.0,1.0,1.0,1.0,1.0,1.0,1.0,0.0,0.0,0.0,0.0,0.0,0.0,0.0,0.0,0.0,0.0,0.0,0.59,0.76,0.68,0.71,0.61,0.73,0.36,0.72,0.55,0.68,0.67495,1.0,1.0,1.0,1.0,1.0,1.0,0.0,1.0,1.0,1.0,0.973048,1.0,1.0,1.0,1.0,1.0,1.0,1.0,1.0,1.0,1.0,1.0,0.8,0.92,0.87,0.98,0.82,0.96,0.57,0.93,0.77,0.9,0.887349,1.0,1.0,1.0,1.0,1.0,1.0,1.0,1.0,1.0,1.0,1.0,0.0,0.0,0.0,0.0,1.0,0.0,1.0,0.0,1.0,0.0,1.0,0.9,1.02,0.98,1.15,0.95,1.08,0.72,1.06,0.88,1.03,1.010839,1.0,1.0,1.0,1.0,1.0,1.0,1.0,1.0,1.0,1.0,1.0,0.0,0.0,0.0,0.0,0.0,0.0,1.0,0.0,0.0,0.0,1.0
labs,monocytes_percent,%,13099.0,90683.0,37418.0,69068.0,19967.0,34779.0,41935.0,14520.0,61937.0,100131.0,483537,37018.0,533404.0,70115.0,276111.0,70244.0,144576.0,324853.0,46757.0,203904.0,493688.0,2200670,37018.0,533404.0,70115.0,276111.0,70244.0,144576.0,324853.0,46757.0,203904.0,493688.0,2200670,7.81,5.9,5.44,5.26,5.53,5.34,7.37,7.01,5.41,5.92,5.871366,187.49,141.61,130.48,126.31,132.68,128.09,176.81,168.16,129.85,142.19,140.928722,2.83,5.88,1.87,4.0,3.52,4.16,7.75,3.22,3.29,4.93,4.551179,1.0,3.0,1.0,2.0,2.0,2.0,4.0,1.0,1.0,2.0,2.098398,2.0,5.0,1.0,3.0,3.0,4.0,7.0,2.0,2.0,4.0,7.0,0.89,1.9,1.03,1.34,1.46,1.55,2.49,1.18,1.15,1.57,1.547124,1.0,1.0,1.0,1.0,1.0,1.0,2.0,1.0,1.0,1.0,1.086726,1.0,1.0,0.0,1.0,1.0,1.0,2.0,0.0,0.0,1.0,2.0,1.33,2.87,1.24,2.04,2.01,2.25,3.71,1.66,1.69,2.39,2.28945,1.0,2.0,1.0,2.0,1.0,2.0,3.0,1.0,1.0,2.0,1.782838,1.0,3.0,0.0,1.0,1.0,2.0,3.0,1.0,1.0,2.0,3.0,1.63,3.52,1.37,2.48,2.35,2.69,4.52,1.97,2.04,2.91,2.770146,1.0,2.0,1.0,2.0,1.0,2.0,3.0,1.0,1.0,2.0,1.782838,1.0,3.0,1.0,2.0,2.0,2.0,4.0,1.0,1.0,2.0,4.0
labs,procalcitonin,ng/ml,14358.0,7578.0,,23464.0,1520.0,1194.0,,,31254.0,20196.0,99564,22469.0,12493.0,,49068.0,2078.0,1456.0,,,52100.0,46177.0,185841,22469.0,12493.0,,49068.0,2078.0,1456.0,,,52100.0,46177.0,185841,6.92,6.38,,7.48,5.93,10.12,,,6.56,8.72,7.286248,166.03,153.11,,179.51,142.33,242.85,,,157.41,209.31,174.856076,1.56,1.65,,2.09,1.37,1.22,,,1.67,2.29,1.867382,1.0,1.0,,1.0,1.0,1.0,,,1.0,1.0,1.0,1.0,1.0,,1.0,0.0,0.0,,,1.0,1.0,1.0,0.85,0.93,,0.9,0.79,0.6,,,0.82,0.91,0.866712,1.0,1.0,,1.0,1.0,1.0,,,1.0,1.0,1.0,0.0,0.0,,1.0,1.0,1.0,,,1.0,1.0,1.0,1.03,1.12,,1.15,0.94,0.74,,,1.04,1.22,1.101958,1.0,1.0,,1.0,1.0,1.0,,,1.0,1.0,1.0,0.0,0.0,,0.0,0.0,1.0,,,0.0,1.0,1.0,1.14,1.24,,1.33,1.03,0.82,,,1.17,1.4,1.249028,1.0,1.0,,1.0,1.0,1.0,,,1.0,1.0,1.0,0.0,1.0,,1.0,0.0,1.0,,,0.0,1.0,1.0
labs,basophils_percent,%,8206.0,86117.0,37418.0,68727.0,18864.0,34730.0,41690.0,14631.0,61675.0,98413.0,470471,21902.0,467736.0,70115.0,273120.0,58350.0,143601.0,321368.0,48889.0,202678.0,481038.0,2088797,21902.0,467736.0,70115.0,273120.0,58350.0,143601.0,321368.0,48889.0,202678.0,481038.0,2088797,7.9,5.91,5.44,5.3,5.56,5.33,7.37,7.11,5.42,5.97,5.87638,189.6,141.9,130.48,127.23,133.41,128.02,176.94,170.53,130.02,143.17,141.019326,2.67,5.43,1.87,3.97,3.09,4.13,7.71,3.34,3.29,4.89,4.439202,1.0,2.0,1.0,2.0,1.0,2.0,4.0,1.0,1.0,2.0,1.877965,2.0,4.0,1.0,3.0,2.0,4.0,7.0,2.0,2.0,4.0,7.0,0.78,1.76,1.03,1.33,1.32,1.55,2.48,1.18,1.15,1.56,1.512851,1.0,1.0,1.0,1.0,1.0,1.0,2.0,1.0,1.0,1.0,1.088613,1.0,1.0,0.0,1.0,0.0,1.0,2.0,0.0,0.0,1.0,2.0,1.2,2.66,1.24,2.02,1.81,2.24,3.7,1.68,1.69,2.37,2.23688,1.0,2.0,1.0,1.0,1.0,2.0,3.0,1.0,1.0,2.0,1.64327,1.0,2.0,0.0,1.0,1.0,2.0,3.0,1.0,1.0,2.0,3.0,1.49,3.25,1.37,2.46,2.1,2.68,4.51,2.0,2.04,2.88,2.70295,1.0,2.0,1.0,2.0,1.0,2.0,3.0,1.0,1.0,2.0,1.789352,1.0,3.0,1.0,2.0,2.0,2.0,4.0,1.0,1.0,2.0,4.0
labs,creatinine,mg/dl,78144.0,122105.0,81023.0,121045.0,53611.0,54690.0,42357.0,40075.0,143527.0,163168.0,899745,574273.0,1051900.0,568989.0,929287.0,409059.0,388375.0,350724.0,423760.0,897923.0,1309704.0,6903994,574273.0,1051900.0,568989.0,929287.0,409059.0,388375.0,350724.0,423760.0,897923.0,1309704.0,6903994,5.33,5.38,4.49,4.66,4.61,5.06,7.38,5.86,4.4,5.23,5.065319,127.88,129.23,107.87,111.85,110.63,121.35,177.11,140.68,105.54,125.57,121.585093,7.35,8.61,7.02,7.68,7.63,7.1,8.28,10.57,6.26,8.03,7.673804,4.0,4.0,3.0,3.0,4.0,4.0,4.0,5.0,3.0,3.0,3.479088,6.0,7.0,5.0,5.0,6.0,6.0,7.0,9.0,5.0,5.0,9.0,2.51,3.04,2.47,2.68,3.0,2.59,2.41,3.28,2.21,2.66,2.644189,2.0,2.0,2.0,2.0,2.0,2.0,2.0,2.0,1.0,2.0,1.84048,2.0,3.0,2.0,2.0,3.0,2.0,2.0,2.0,1.0,2.0,3.0,3.81,4.52,3.67,4.04,4.36,3.9,3.63,5.03,3.27,3.94,3.946232,3.0,3.0,3.0,3.0,3.0,3.0,3.0,4.0,2.0,3.0,2.885021,3.0,3.0,2.0,3.0,3.0,3.0,3.0,4.0,3.0,3.0,4.0,4.62,5.45,4.4,4.9,5.19,4.72,4.47,6.16,3.95,4.75,4.768767,3.0,4.0,3.0,3.0,4.0,3.0,3.0,4.0,3.0,3.0,3.239836,3.0,5.0,4.0,4.0,4.0,4.0,4.0,6.0,3.0,3.0,6.0
labs,calcium_total,mg/dl,78183.0,122067.0,77823.0,121004.0,53539.0,54694.0,41560.0,40124.0,142429.0,163183.0,894606,576823.0,1041147.0,517502.0,927723.0,399580.0,517646.0,389385.0,434759.0,883556.0,1310547.0,6998668,576823.0,1041147.0,517502.0,927723.0,399580.0,517646.0,389385.0,434759.0,883556.0,1310547.0,6998668,5.33,5.39,4.61,4.66,4.61,5.06,7.46,5.86,4.41,5.23,5.083343,127.94,129.27,110.62,111.86,110.74,121.36,178.94,140.56,105.94,125.56,122.006734,7.38,8.53,6.65,7.67,7.46,9.46,9.37,10.84,6.2,8.03,7.822921,4.0,4.0,3.0,3.0,4.0,5.0,4.0,5.0,3.0,3.0,3.542121,6.0,7.0,5.0,5.0,6.0,8.0,7.0,9.0,5.0,5.0,9.0,2.51,2.98,2.21,2.68,2.88,3.47,2.54,3.4,2.18,2.66,2.667996,2.0,2.0,2.0,2.0,2.0,2.0,2.0,2.0,1.0,2.0,1.840791,2.0,2.0,2.0,2.0,2.0,2.0,2.0,2.0,1.0,2.0,2.0,3.81,4.45,3.36,4.04,4.22,5.18,3.87,5.18,3.23,3.94,3.993191,3.0,3.0,3.0,3.0,3.0,4.0,3.0,4.0,2.0,3.0,2.94678,3.0,3.0,2.0,3.0,3.0,4.0,3.0,4.0,2.0,3.0,4.0,4.62,5.38,4.07,4.89,5.05,6.26,4.79,6.33,3.91,4.76,4.835466,3.0,4.0,3.0,3.0,3.0,4.0,3.0,4.0,3.0,3.0,3.242436,3.0,5.0,3.0,4.0,4.0,6.0,4.0,6.0,3.0,3.0,6.0
labs,neutrophils_percent,%,13844.0,86122.0,37418.0,66950.0,19962.0,29771.0,41948.0,14524.0,61948.0,100206.0,472693,60480.0,467748.0,70115.0,268564.0,70211.0,120642.0,325160.0,46789.0,203971.0,493280.0,2126960,60480.0,467748.0,70115.0,268564.0,70211.0,120642.0,325160.0,46789.0,203971.0,493280.0,2126960,7.83,5.91,5.44,5.28,5.53,5.47,7.37,7.01,5.41,5.92,5.895994,187.86,141.9,130.48,126.8,132.68,131.29,176.79,168.2,129.84,142.13,141.518342,4.37,5.43,1.87,4.01,3.52,4.05,7.75,3.22,3.29,4.92,4.497861,2.0,2.0,1.0,2.0,2.0,2.0,4.0,1.0,1.0,2.0,1.936547,3.0,4.0,1.0,3.0,3.0,3.0,7.0,2.0,2.0,4.0,7.0,1.36,1.76,1.03,1.34,1.46,1.51,2.49,1.18,1.15,1.57,1.529338,1.0,1.0,1.0,1.0,1.0,1.0,2.0,1.0,1.0,1.0,1.088743,2.0,1.0,0.0,1.0,1.0,1.0,2.0,0.0,0.0,1.0,2.0,2.04,2.66,1.24,2.03,2.01,2.18,3.72,1.66,1.69,2.39,2.261507,2.0,2.0,1.0,2.0,1.0,2.0,3.0,1.0,1.0,2.0,1.805574,1.0,2.0,0.0,1.0,1.0,2.0,3.0,1.0,1.0,2.0,3.0,2.49,3.25,1.37,2.48,2.35,2.61,4.53,1.97,2.04,2.91,2.735158,2.0,2.0,1.0,2.0,1.0,2.0,3.0,1.0,1.0,2.0,1.805574,2.0,3.0,1.0,2.0,2.0,2.0,4.0,1.0,1.0,2.0,4.0
labs,bicarbonate,mmol/l,78271.0,110542.0,80988.0,121051.0,53566.0,54688.0,27743.0,40062.0,142549.0,163236.0,872696,751469.0,967582.0,567111.0,929563.0,414719.0,713608.0,289226.0,422254.0,916585.0,1336578.0,7308695,751469.0,967582.0,567111.0,929563.0,414719.0,713608.0,289226.0,422254.0,916585.0,1336578.0,7308695,5.33,5.49,4.5,4.66,4.61,5.06,8.83,5.86,4.41,5.23,5.085807,127.84,131.77,107.9,111.83,110.71,121.36,211.85,140.71,105.88,125.52,122.049602,9.6,8.75,7.0,7.68,7.74,13.05,10.43,10.54,6.43,8.19,8.374757,4.0,4.0,3.0,3.0,4.0,7.0,5.0,5.0,3.0,3.0,3.68379,7.0,7.0,5.0,5.0,6.0,10.0,9.0,9.0,5.0,6.0,10.0,3.34,3.04,2.44,2.7,2.95,4.76,3.49,3.25,2.29,2.76,2.91539,2.0,2.0,2.0,2.0,2.0,4.0,3.0,2.0,2.0,2.0,2.157121,3.0,2.0,2.0,2.0,2.0,4.0,4.0,2.0,1.0,2.0,4.0,4.95,4.55,3.63,4.06,4.34,7.16,5.01,4.99,3.38,4.06,4.335254,3.0,3.0,3.0,3.0,3.0,6.0,4.0,4.0,2.0,3.0,3.10235,3.0,3.0,2.0,3.0,3.0,4.0,5.0,4.0,3.0,3.0,5.0,5.97,5.5,4.35,4.91,5.21,8.65,5.97,6.13,4.07,4.89,5.229371,4.0,4.0,3.0,3.0,3.0,6.0,4.0,4.0,3.0,3.0,3.482049,5.0,5.0,3.0,4.0,4.0,6.0,6.0,6.0,3.0,4.0,6.0
vitals,dbp,nan,80652.0,125886.0,80348.0,126432.0,54880.0,57166.0,42517.0,41130.0,159667.0,170160.0,938838,12381380.0,21220775.0,8368595.0,10627394.0,6425532.0,5056533.0,5677924.0,6923722.0,23969487.0,26717429.0,127368771,12381380.0,21220775.0,8368595.0,10627394.0,6425532.0,5056533.0,5677924.0,6923722.0,23969487.0,26717429.0,127368771,5.2,5.27,4.41,4.5,4.48,4.95,7.06,5.78,4.07,5.08,4.885914,124.83,126.57,105.94,107.97,107.44,118.86,169.52,138.66,97.77,122.01,117.312678,153.52,168.57,104.15,84.06,117.08,88.45,133.54,168.34,150.12,157.01,135.665232,70.0,66.0,51.0,42.0,53.0,49.0,58.0,73.0,55.0,61.0,57.20018,116.0,119.0,80.0,64.0,95.0,69.0,100.0,138.0,113.0,108.0,138.0,45.6,56.94,32.68,31.0,48.7,33.11,29.74,49.16,53.51,48.63,44.801484,33.0,37.0,26.0,25.0,34.0,27.0,25.0,37.0,36.0,35.0,32.238677,30.0,40.0,13.0,20.0,38.0,20.0,10.0,34.0,53.0,37.0,53.0,72.53,85.71,51.59,46.35,70.14,49.59,49.12,77.04,79.77,74.01,68.079976,53.0,54.0,47.0,36.0,47.0,41.0,46.0,56.0,48.0,51.0,47.851399,52.0,64.0,32.0,35.0,61.0,36.0,29.0,63.0,78.0,61.0,78.0,89.73,103.63,63.11,55.62,82.43,59.53,62.75,95.28,95.8,90.3,82.613385,67.0,63.0,51.0,39.0,51.0,45.0,54.0,69.0,52.0,57.0,54.184151,74.0,84.0,51.0,50.0,75.0,49.0,51.0,90.0,92.0,79.0,92.0
vitals,heart_rate,nan,80387.0,125944.0,80416.0,127009.0,54926.0,57275.0,42468.0,41140.0,159653.0,170428.0,939646,11832077.0,20389712.0,8154281.0,15316882.0,6173129.0,7326486.0,5838995.0,6638119.0,26263370.0,42196733.0,150129784,11832077.0,20389712.0,8154281.0,15316882.0,6173129.0,7326486.0,5838995.0,6638119.0,26263370.0,42196733.0,150129784,5.22,5.27,4.41,4.51,4.48,4.95,7.06,5.78,4.07,5.08,4.888591,125.27,126.58,105.93,108.29,107.42,118.78,169.5,138.64,97.79,121.9,117.360403,147.19,161.9,101.4,120.6,112.39,127.92,137.49,161.35,164.5,247.59,159.772687,69.0,65.0,52.0,55.0,53.0,59.0,60.0,70.0,64.0,99.0,67.800573,112.0,115.0,76.0,90.0,91.0,95.0,103.0,128.0,128.0,179.0,179.0,42.76,53.31,31.84,42.66,43.95,44.16,29.74,44.77,57.91,73.09,50.955634,31.0,34.0,26.0,31.0,31.0,33.0,25.0,33.0,41.0,57.0,37.32731,26.0,35.0,10.0,26.0,32.0,26.0,8.0,25.0,55.0,54.0,55.0,68.08,80.84,50.06,64.2,64.66,66.67,49.52,70.76,86.92,112.88,78.042939,53.0,53.0,48.0,50.0,47.0,51.0,47.0,56.0,56.0,83.0,57.505099,47.0,58.0,27.0,45.0,52.0,47.0,26.0,48.0,86.0,97.0,97.0,84.45,98.19,61.26,77.49,76.95,80.88,63.54,88.12,104.72,138.71,95.211278,65.0,63.0,52.0,54.0,51.0,58.0,57.0,68.0,61.0,94.0,65.237528,67.0,76.0,48.0,64.0,69.0,67.0,49.0,74.0,104.0,131.0,131.0
vitals,height_cm,nan,54706.0,69191.0,1488.0,63948.0,25076.0,36132.0,14102.0,19146.0,66465.0,97641.0,447895,450185.0,82581.0,1489.0,126276.0,27336.0,42789.0,26034.0,53232.0,78455.0,304038.0,1192415,450185.0,82581.0,1489.0,126276.0,27336.0,42789.0,26034.0,53232.0,78455.0,304038.0,1192415,5.82,4.11,3.23,4.35,2.87,3.24,9.0,6.03,3.19,5.8,4.678528,139.79,98.64,77.42,104.32,68.81,77.67,216.11,144.83,76.48,139.19,112.269288,8.23,1.19,1.0,1.97,1.09,1.18,1.85,2.78,1.18,3.11,2.660018,2.0,1.0,1.0,1.0,1.0,1.0,1.0,1.0,1.0,2.0,1.34014,4.0,0.0,0.0,0.0,0.0,0.0,1.0,1.0,0.0,2.0,4.0,2.46,1.04,1.0,1.11,0.99,1.09,1.17,1.03,1.01,1.57,1.339288,1.0,1.0,1.0,1.0,1.0,1.0,1.0,1.0,1.0,1.0,1.0,2.0,0.0,0.0,0.0,0.0,0.0,0.0,1.0,0.0,1.0,2.0,3.45,1.1,1.0,1.28,1.03,1.13,1.26,1.42,1.07,1.96,1.612642,2.0,1.0,1.0,1.0,1.0,1.0,1.0,1.0,1.0,1.0,1.12214,3.0,0.0,0.0,0.0,0.0,0.0,0.0,0.0,0.0,1.0,3.0,4.15,1.13,1.0,1.4,1.05,1.15,1.32,1.68,1.1,2.22,1.796776,2.0,1.0,1.0,1.0,1.0,1.0,1.0,1.0,1.0,2.0,1.34014,3.0,0.0,0.0,0.0,0.0,0.0,0.0,0.0,0.0,2.0,3.0
vitals,map,nan,79833.0,125895.0,80359.0,126572.0,54851.0,57151.0,42507.0,26435.0,159667.0,124546.0,877816,11199736.0,21890919.0,8382081.0,20509683.0,5803593.0,4949723.0,5647633.0,4107222.0,23969466.0,11860034.0,118320090,11199736.0,21890919.0,8382081.0,20509683.0,5803593.0,4949723.0,5647633.0,4107222.0,23969466.0,11860034.0,118320090,5.23,5.28,4.42,4.51,4.48,4.95,7.06,6.65,4.07,5.24,4.915912,125.57,126.61,105.98,108.18,107.47,118.83,169.54,159.71,97.77,125.75,117.974797,140.29,173.88,104.31,162.04,105.81,86.61,132.86,155.37,150.12,95.23,134.789537,64.0,66.0,51.0,81.0,48.0,48.0,57.0,60.0,55.0,43.0,58.430561,107.0,121.0,80.0,123.0,85.0,68.0,99.0,132.0,113.0,78.0,132.0,41.52,59.24,32.74,59.92,42.11,32.43,29.59,40.4,53.51,28.41,45.065145,29.0,37.0,26.0,48.0,30.0,26.0,25.0,30.0,36.0,23.0,32.737855,28.0,41.0,14.0,40.0,31.0,20.0,10.0,27.0,53.0,26.0,53.0,66.16,89.05,51.68,89.55,61.61,48.6,48.87,64.62,79.77,44.65,68.602358,49.0,54.0,47.0,70.0,43.0,40.0,46.0,48.0,48.0,34.0,49.115618,50.0,65.0,32.0,69.0,51.0,35.0,29.0,54.0,78.0,44.0,78.0,81.91,107.57,63.21,107.42,72.98,58.35,62.43,81.38,95.8,55.0,83.213806,60.0,63.0,51.0,75.0,47.0,44.0,53.0,55.0,52.0,38.0,54.849129,67.0,85.0,51.0,98.0,66.0,49.0,51.0,77.0,92.0,58.0,98.0
vitals,respiratory_rate,nan,80354.0,125707.0,80381.0,126815.0,54876.0,57185.0,42211.0,41136.0,158896.0,170167.0,937728,11483210.0,18254460.0,8089419.0,13408712.0,6191151.0,6884235.0,4077256.0,6513785.0,18518145.0,26346159.0,119766532,11483210.0,18254460.0,8089419.0,13408712.0,6191151.0,6884235.0,4077256.0,6513785.0,18518145.0,26346159.0,119766532,5.22,5.28,4.41,4.52,4.48,4.95,7.08,5.78,4.09,5.08,4.895586,125.3,126.76,105.95,108.37,107.46,118.78,169.96,138.65,98.12,122.03,117.502875,142.91,145.21,100.64,105.73,112.82,120.39,96.59,158.35,116.54,154.83,127.719714,67.0,58.0,51.0,48.0,49.0,61.0,49.0,69.0,45.0,59.0,54.531143,109.0,102.0,75.0,79.0,89.0,93.0,79.0,127.0,93.0,105.0,127.0,41.45,48.05,31.58,37.38,43.52,42.24,23.74,44.0,40.26,44.44,40.763224,30.0,32.0,26.0,28.0,30.0,33.0,24.0,33.0,27.0,35.0,30.09822,26.0,30.0,9.0,24.0,32.0,24.0,13.0,24.0,42.0,32.0,42.0,65.97,72.78,49.66,56.33,64.01,64.12,39.14,69.57,60.59,68.67,62.482169,51.0,49.0,47.0,43.0,44.0,51.0,39.0,56.0,38.0,51.0,46.373829,46.0,53.0,27.0,43.0,54.0,44.0,31.0,47.0,62.0,59.0,62.0,81.83,88.32,60.77,68.0,76.23,77.7,49.71,86.61,73.09,84.58,76.226781,63.0,56.0,51.0,47.0,48.0,59.0,42.0,67.0,42.0,55.0,51.967504,65.0,70.0,47.0,59.0,69.0,63.0,50.0,72.0,73.0,79.0,79.0
vitals,sbp,nan,80653.0,125886.0,80352.0,126432.0,54968.0,57166.0,42518.0,41130.0,159667.0,170160.0,938932,12382349.0,21221501.0,8378373.0,10627480.0,7032740.0,5056533.0,5679522.0,6923722.0,23985761.0,26717135.0,128005116,12382349.0,21221501.0,8378373.0,10627480.0,7032740.0,5056533.0,5679522.0,6923722.0,23985761.0,26717135.0,128005116,5.2,5.27,4.41,4.5,4.47,4.95,7.06,5.78,4.07,5.08,4.885291,124.83,126.57,105.94,107.97,107.34,118.86,169.51,138.66,97.77,122.01,117.305461,153.53,168.58,104.27,84.06,127.94,88.45,133.58,168.34,150.22,157.01,136.330437,70.0,66.0,51.0,42.0,59.0,49.0,58.0,73.0,55.0,61.0,57.551034,116.0,119.0,80.0,64.0,104.0,69.0,100.0,138.0,113.0,108.0,138.0,45.6,56.95,32.74,31.0,53.74,33.11,29.74,49.16,53.56,48.63,45.111817,33.0,37.0,26.0,25.0,38.0,27.0,25.0,37.0,36.0,35.0,32.472981,30.0,40.0,14.0,20.0,41.0,20.0,10.0,34.0,53.0,37.0,53.0,72.54,85.71,51.67,46.35,77.01,49.59,49.13,77.04,79.83,74.01,68.500636,53.0,54.0,47.0,36.0,52.0,41.0,46.0,56.0,48.0,51.0,48.144035,52.0,64.0,32.0,35.0,66.0,36.0,29.0,63.0,78.0,61.0,78.0,89.73,103.63,63.2,55.62,90.34,59.53,62.76,95.28,95.87,90.3,83.096406,67.0,63.0,51.0,39.0,57.0,45.0,54.0,69.0,52.0,57.0,54.535111,74.0,84.0,51.0,50.0,82.0,49.0,51.0,90.0,92.0,79.0,92.0
vitals,spo2,nan,80277.0,125839.0,80316.0,126912.0,54908.0,57238.0,42491.0,41086.0,159560.0,170261.0,938888,11287136.0,20001800.0,7987773.0,14789223.0,5758626.0,7091159.0,6699254.0,6306191.0,24564595.0,24977812.0,129463569,11287136.0,20001800.0,7987773.0,14789223.0,5758626.0,7091159.0,6699254.0,6306191.0,24564595.0,24977812.0,129463569,5.23,5.28,4.42,4.51,4.48,4.95,7.07,5.78,4.08,5.08,4.893857,125.42,126.68,106.02,108.33,107.43,118.84,169.71,138.78,97.84,122.0,117.447758,140.6,158.95,99.45,116.53,104.88,123.89,157.66,153.49,153.95,146.7,137.889158,66.0,63.0,50.0,52.0,50.0,57.0,62.0,66.0,58.0,60.0,58.223757,108.0,111.0,74.0,86.0,84.25,91.0,112.0,122.0,119.0,103.0,122.0,41.15,51.95,31.14,40.84,41.16,42.59,32.29,42.51,53.17,43.61,43.935089,30.0,34.0,26.0,30.0,30.0,32.0,27.0,32.0,37.0,35.0,32.363958,26.0,33.0,10.0,25.0,29.0,24.0,12.0,23.0,51.0,29.0,51.0,65.49,78.87,48.98,61.54,60.48,64.36,53.65,67.35,80.04,67.18,67.299911,52.0,52.0,47.0,48.0,44.0,50.0,48.0,54.0,51.0,51.0,49.997012,46.0,56.0,27.0,44.0,49.0,46.0,34.0,45.0,79.0,54.0,79.0,81.19,95.9,59.95,74.37,71.94,78.11,69.06,83.91,96.7,82.51,82.139321,62.0,61.0,50.0,51.0,48.0,56.0,59.0,64.0,56.0,56.0,56.012033,65.0,75.0,48.0,63.0,64.0,66.0,58.0,70.0,96.0,75.0,96.0
vitals,temp_c,nan,80297.0,125492.0,79850.0,126336.0,54678.0,57002.0,42109.0,41006.0,158675.0,169503.0,934948,3732416.0,9117182.0,2261447.0,5582143.0,2524494.0,1582063.0,2315514.0,1933100.0,8115034.0,8704922.0,45868315,3732416.0,9117182.0,2261447.0,5582143.0,2524494.0,1582063.0,2315514.0,1933100.0,8115034.0,8704922.0,45868315,5.23,5.29,4.43,4.53,4.49,4.96,7.1,5.79,4.09,5.1,4.907142,125.47,126.89,106.2,108.67,107.68,119.05,170.41,138.92,98.25,122.41,117.752423,46.48,72.65,28.32,44.18,46.17,27.75,54.99,47.14,51.14,51.36,49.058636,16.0,18.0,13.0,15.0,14.0,15.0,19.0,16.0,14.0,21.0,16.40134,30.0,43.0,21.0,28.0,32.0,21.0,37.0,34.0,28.0,36.0,43.0,13.47,22.43,8.95,14.17,16.16,9.37,11.08,13.24,16.39,14.94,14.93289,7.0,7.0,7.0,7.0,7.0,7.0,6.0,7.0,7.0,11.0,7.680148,7.0,12.0,5.0,8.0,9.0,5.0,8.0,7.0,7.0,10.0,12.0,21.27,34.85,13.86,21.9,25.01,14.49,18.39,20.88,25.65,23.42,23.336712,12.0,13.0,11.0,12.0,11.0,12.0,12.0,12.0,11.0,17.0,12.727104,11.0,20.0,8.0,15.0,16.0,8.0,15.0,15.0,12.0,16.0,20.0,26.47,42.89,16.94,26.84,30.47,17.7,23.7,26.01,31.47,28.98,28.767967,15.0,17.0,13.0,15.0,14.0,14.0,17.0,15.0,13.0,20.0,15.635316,15.0,27.0,13.0,19.0,21.0,13.0,18.0,19.0,17.0,23.0,27.0
vitals,weight_kg,nan,69300.0,101636.0,71043.0,104649.0,45384.0,46042.0,7761.0,31309.0,139369.0,130932.0,747425,380301.0,410406.0,442287.0,362696.0,122811.0,134658.0,15879.0,147857.0,525122.0,671614.0,3213631,380301.0,410406.0,442287.0,362696.0,122811.0,134658.0,15879.0,147857.0,525122.0,671614.0,3213631,5.58,5.64,4.6,4.74,4.53,4.84,9.06,6.57,4.4,5.6,5.129137,133.88,135.26,110.45,113.73,108.75,116.23,217.51,157.73,105.59,134.39,123.08788,5.49,4.04,6.23,3.47,2.71,2.92,2.05,4.72,3.77,5.13,4.301462,3.0,2.0,3.0,2.0,2.0,2.0,1.0,2.0,2.0,3.0,2.352562,3.0,3.0,2.0,3.0,2.0,2.0,1.0,3.0,3.0,4.0,4.0,2.05,1.49,2.03,1.44,1.29,1.37,0.89,1.39,1.42,2.13,1.655354,2.0,1.0,2.0,1.0,1.0,1.0,1.0,1.0,1.0,2.0,1.362946,2.0,1.0,1.0,1.0,1.0,1.0,1.0,1.0,1.0,2.0,2.0,2.86,2.11,2.81,2.0,1.69,1.79,1.17,2.14,2.03,2.9,2.300427,2.0,2.0,2.0,2.0,1.0,1.0,1.0,2.0,2.0,2.0,1.867295,3.0,2.0,2.0,1.0,1.0,1.0,1.0,1.0,1.0,3.0,3.0,3.38,2.52,3.38,2.36,1.95,2.07,1.36,2.64,2.43,3.41,2.728856,3.0,2.0,2.0,2.0,1.0,1.0,1.0,2.0,2.0,2.0,1.960013,2.0,2.0,3.0,2.0,1.0,2.0,1.0,2.0,2.0,3.0,3.0
respiratory_support,fio2_set,nan,34865.0,59674.0,43198.0,57595.0,25439.0,19878.0,29552.0,25567.0,119786.0,75188.0,490742,1978044.0,5866445.0,1114385.0,5039316.0,2297796.0,936335.0,4102901.0,2865948.0,5812420.0,11591807.0,41605397,1978044.0,5866445.0,1114385.0,5039316.0,2297796.0,936335.0,4102901.0,2865948.0,5812420.0,11591807.0,41605397,7.37,7.44,5.8,6.55,6.73,7.61,8.59,7.13,4.71,7.45,6.544556,176.77,178.55,139.17,157.28,161.5,182.57,206.21,171.09,113.08,178.84,157.080522,56.73,98.31,25.8,87.5,90.33,47.1,138.84,112.1,48.52,154.17,84.780767,15.0,24.0,9.0,22.0,42.0,15.0,27.0,26.0,15.0,34.0,21.994162,46.0,75.0,22.0,68.0,91.0,40.0,93.0,85.0,37.0,111.0,111.0,11.59,23.52,6.65,21.69,29.76,12.12,22.25,24.67,14.11,33.6,20.065275,8.0,13.0,6.0,14.0,18.0,8.0,17.0,16.0,10.0,22.0,13.246427,12.0,21.0,4.0,21.0,27.0,11.0,28.0,26.0,12.0,34.0,34.0,18.91,37.29,10.15,34.35,46.44,18.73,36.83,39.49,21.94,51.98,31.563446,11.0,20.0,8.0,19.0,29.0,12.0,21.0,21.0,13.0,28.0,17.958789,20.0,35.0,10.0,36.0,47.0,17.0,51.0,47.0,22.0,59.0,59.0,24.35,47.24,12.69,43.67,56.7,23.74,48.15,50.3,27.36,65.77,39.892698,13.0,22.0,9.0,21.0,35.0,14.0,23.0,24.0,15.0,30.0,20.130213,27.0,47.0,15.0,46.0,60.0,24.0,67.0,60.0,29.0,78.0,78.0
respiratory_support,lpm_set,nan,53786.0,93818.0,61616.0,84956.0,36588.0,38715.0,30141.0,30269.0,89364.0,117489.0,636742,1358556.0,2848459.0,750617.0,2600002.0,2503752.0,1853683.0,1737280.0,790560.0,1410572.0,4398399.0,20251880,1358556.0,2848459.0,750617.0,2600002.0,2503752.0,1853683.0,1737280.0,790560.0,1410572.0,4398399.0,20251880,6.0,5.58,4.66,5.1,5.37,5.51,7.77,5.86,4.54,5.75,5.448471,143.93,133.84,111.87,122.36,128.99,132.14,186.36,140.56,108.91,137.91,130.710292,25.26,30.36,12.18,30.6,68.43,47.88,57.64,26.12,15.78,37.44,31.80469,12.0,14.0,7.0,14.0,29.0,23.0,27.0,12.0,9.0,17.0,14.934936,25.0,27.0,11.0,28.0,61.0,46.0,53.0,26.0,15.0,34.0,61.0,7.51,10.5,4.36,10.21,23.59,15.85,13.32,7.66,5.65,11.68,10.227579,5.0,7.0,4.0,7.0,14.0,12.0,12.0,5.0,4.0,8.0,7.152079,10.0,13.0,5.0,13.0,18.0,19.0,18.0,10.0,6.0,14.0,19.0,12.24,15.96,6.84,16.29,37.06,24.89,22.7,12.59,8.73,18.42,16.160726,8.0,10.0,5.0,10.0,22.0,18.0,17.0,8.0,6.0,13.0,10.751614,14.0,17.0,8.0,18.0,32.0,30.0,31.0,15.0,10.0,22.0,32.0,15.26,19.49,8.27,20.09,45.09,30.68,29.21,15.88,10.68,22.77,19.935655,9.0,11.0,6.0,12.0,25.0,20.0,20.0,10.0,7.0,14.0,12.202971,17.0,21.0,8.0,23.0,43.0,36.0,38.0,19.0,12.0,25.0,43.0
respiratory_support,tidal_volume_set,nan,15211.0,34477.0,33960.0,35088.0,18993.0,13026.0,16316.0,17341.0,43757.0,48198.0,276367,277487.0,656106.0,420757.0,569201.0,1781457.0,388741.0,2732778.0,1676486.0,1113626.0,6050083.0,15666722,277487.0,656106.0,420757.0,569201.0,1781457.0,388741.0,2732778.0,1676486.0,1113626.0,6050083.0,15666722,9.3,8.36,6.04,7.07,7.33,7.81,9.92,7.65,7.18,8.39,7.732118,223.24,200.74,144.99,169.67,175.87,187.48,238.16,183.63,172.42,201.45,185.624502,18.24,19.03,12.39,16.22,93.8,29.84,167.49,96.68,25.45,125.53,56.688687,7.0,7.0,4.0,6.0,45.0,11.0,39.0,27.0,10.0,35.0,17.806706,17.0,19.0,11.0,16.0,97.0,29.0,163.0,83.0,26.0,106.0,163.0,4.19,5.2,4.03,4.7,32.16,10.93,25.02,23.97,6.2,34.05,14.597623,4.0,4.0,3.0,4.0,18.0,6.0,26.0,16.0,5.0,24.0,10.631599,5.0,5.0,4.0,5.0,34.0,13.0,22.0,24.0,5.0,31.0,34.0,6.63,7.82,5.78,7.15,49.74,15.3,41.02,37.17,9.86,49.66,22.073694,5.0,6.0,4.0,5.0,29.0,8.0,32.0,20.0,8.0,28.0,13.814001,8.0,9.0,6.0,8.0,54.0,17.0,51.0,42.0,10.0,55.0,55.0,8.41,9.68,6.99,8.91,60.14,18.32,53.94,46.44,12.55,60.81,27.347778,5.0,6.0,4.0,5.0,36.0,9.0,34.0,23.0,8.0,30.0,14.997312,10.0,12.0,8.0,11.0,66.0,21.0,78.0,53.0,15.0,72.0,78.0
respiratory_support,resp_rate_set,nan,18464.0,40815.0,34439.0,36036.0,23188.0,13934.0,17601.0,20048.0,47016.0,61133.0,312674,430370.0,788842.0,446579.0,715148.0,2121015.0,706735.0,2796849.0,1855383.0,1420014.0,7499590.0,18780525,430370.0,788842.0,446579.0,715148.0,2121015.0,706735.0,2796849.0,1855383.0,1420014.0,7499590.0,18780525,8.89,7.9,6.03,7.53,7.03,8.28,9.84,7.24,6.95,7.69,7.545246,213.43,189.53,144.78,180.69,168.61,198.81,236.18,173.65,166.79,184.46,181.052918,23.31,19.33,12.97,19.85,91.47,50.72,158.9,92.55,30.2,122.68,60.065749,9.0,7.0,5.0,6.0,42.0,17.0,32.0,22.0,10.0,30.0,17.140869,22.0,18.0,11.0,19.0,94.0,46.0,150.0,72.0,27.0,92.0,150.0,5.33,5.42,4.22,5.24,30.37,14.07,23.59,22.55,7.65,31.6,15.072656,5.0,4.0,3.0,4.0,18.0,9.0,23.0,13.0,6.0,21.0,10.481099,5.0,5.0,4.0,5.0,29.0,15.0,23.0,24.0,5.0,32.0,32.0,8.35,8.05,6.03,8.03,47.13,20.84,38.66,35.01,12.11,46.71,22.93196,7.0,5.0,4.0,5.0,29.0,13.0,27.0,17.0,8.0,24.0,13.318076,10.0,9.0,7.0,9.0,49.0,22.75,51.0,39.0,10.0,53.0,53.0,10.53,9.91,7.29,10.07,57.33,25.79,50.86,43.78,15.34,57.58,28.514437,7.0,6.0,4.0,6.0,35.0,14.0,29.0,20.0,9.0,26.0,14.899726,12.0,12.0,8.0,12.0,62.0,28.0,78.0,49.0,15.0,68.0,78.0
respiratory_support,pressure_control_set,nan,2327.0,3147.0,2239.0,4917.0,3184.0,6892.0,16228.0,3821.0,4791.0,2626.0,50172,47952.0,65132.0,12187.0,133336.0,495523.0,147160.0,2621288.0,155676.0,40444.0,46235.0,3764933,47952.0,65132.0,12187.0,133336.0,495523.0,147160.0,2621288.0,155676.0,40444.0,46235.0,3764933,15.25,15.59,11.93,15.76,12.03,10.48,9.93,11.81,12.2,15.08,12.030688,366.05,374.1,286.27,378.2,288.69,251.47,238.28,283.39,292.9,362.01,288.717659,20.61,20.7,5.44,27.12,155.63,21.35,161.53,40.74,8.44,17.61,75.041018,8.0,5.0,1.0,9.0,74.0,9.0,39.0,3.0,2.0,4.0,20.787053,20.0,16.0,2.0,25.0,186.25,21.0,157.0,16.0,4.0,9.0,186.25,3.35,3.21,0.77,3.83,34.84,4.18,24.57,5.58,1.32,2.32,12.171174,2.0,1.0,0.0,2.0,18.0,3.0,25.0,1.0,0.0,1.0,10.120585,5.0,4.0,1.0,5.0,34.0,6.0,21.0,3.0,1.0,3.0,34.0,5.59,5.35,1.25,6.5,58.28,6.8,40.23,9.51,2.25,3.69,20.064829,3.0,2.0,1.0,3.0,33.0,4.0,31.0,1.0,1.0,1.0,13.497788,9.0,7.0,1.0,8.0,59.0,9.0,50.0,4.0,2.0,4.0,59.0,7.32,7.06,1.67,8.71,73.87,8.8,52.8,12.64,3.0,4.87,26.189245,3.0,2.0,1.0,4.0,44.0,5.0,34.0,1.0,1.0,2.0,15.453919,11.0,8.0,1.0,10.0,79.0,10.0,77.0,6.0,2.0,5.0,79.0
respiratory_support,pressure_support_set,nan,18118.0,35978.0,31131.0,26111.0,12311.0,10147.0,16298.0,14725.0,47506.0,59000.0,271325,125893.0,431798.0,408493.0,200471.0,1178063.0,232377.0,2772033.0,429397.0,528347.0,7073654.0,13380526,125893.0,431798.0,408493.0,200471.0,1178063.0,232377.0,2772033.0,429397.0,528347.0,7073654.0,13380526,8.93,8.42,6.48,8.07,8.27,9.25,9.92,7.99,6.83,7.84,7.884271,214.25,202.17,155.57,193.65,198.5,222.09,238.12,191.75,164.02,188.07,189.236679,6.95,12.0,13.12,7.68,95.69,22.9,170.08,29.16,11.12,119.89,49.314124,3.0,4.0,4.0,2.0,35.0,5.0,40.0,5.0,4.0,26.0,12.18539,6.0,9.0,12.0,4.0,102.0,19.0,166.0,17.0,8.0,79.0,166.0,1.39,3.14,2.35,1.78,27.42,3.79,24.8,4.7,2.43,27.24,10.429605,1.0,2.0,2.0,1.0,15.0,2.0,25.0,2.0,2.0,17.0,7.070185,2.0,3.0,2.0,2.0,24.0,4.0,21.0,5.0,3.0,30.0,30.0,2.14,4.71,3.95,2.73,43.43,6.75,40.88,8.25,3.86,41.14,16.231512,1.0,3.0,2.0,1.0,24.0,3.0,32.0,3.0,2.0,20.0,8.775649,2.0,5.0,4.0,2.0,44.0,6.0,50.0,7.0,4.0,47.0,50.0,2.74,5.86,5.23,3.49,53.63,9.25,53.92,11.1,4.99,51.51,20.591159,2.0,3.0,3.0,2.0,29.0,3.0,34.0,4.0,3.0,22.0,10.064664,2.0,6.0,6.0,2.0,58.0,9.0,78.0,8.0,5.0,55.0,78.0
respiratory_support,flow_rate_set,nan,2010.0,35.0,17653.0,,54.0,2030.0,16251.0,16905.0,5755.0,117489.0,178182,14130.0,148.0,359858.0,,11273.0,17613.0,2659265.0,775381.0,85794.0,4398399.0,8321861,14130.0,148.0,359858.0,,11273.0,17613.0,2659265.0,775381.0,85794.0,4398399.0,8321861,11.4,8.51,6.6,,10.42,9.49,9.88,7.8,6.39,5.75,6.534353,273.49,204.35,158.34,,250.0,227.72,237.11,187.15,153.35,137.91,156.751509,7.03,4.23,20.39,,208.76,8.68,163.64,45.87,14.91,37.44,46.707623,3.0,2.0,6.0,,131.5,2.0,38.0,10.0,6.0,17.0,16.509019,6.0,3.0,18.0,,237.25,8.0,160.0,31.0,14.0,34.0,237.25,1.88,1.26,4.44,,43.89,1.53,24.27,9.62,4.49,11.68,11.464837,1.0,0.0,4.0,,43.0,1.0,24.0,5.0,4.0,8.0,8.499484,3.0,2.0,4.0,,40.25,2.0,22.0,6.0,6.0,14.0,40.25,2.67,2.11,7.0,,75.61,2.61,39.91,15.77,6.78,18.42,18.277538,2.0,1.0,5.0,,65.0,1.0,31.0,8.0,5.0,13.0,12.868937,2.0,2.0,9.0,,61.5,3.0,49.0,11.0,9.0,22.0,61.5,3.28,3.09,8.96,,101.8,3.52,52.55,20.21,8.45,22.77,22.993394,2.0,1.0,5.0,,77.0,1.0,34.0,9.0,5.0,14.0,13.900439,3.0,2.5,12.0,,106.75,3.0,76.0,16.0,11.0,25.0,106.75
respiratory_support,peak_inspiratory_pressure_set,nan,10950.0,14067.0,3239.0,5520.0,3029.0,6946.0,2394.0,5115.0,28456.0,5981.0,85697,63300.0,135292.0,13945.0,109303.0,199110.0,153491.0,9631.0,46554.0,219937.0,409682.0,1360245,63300.0,135292.0,13945.0,109303.0,199110.0,153491.0,9631.0,46554.0,219937.0,409682.0,1360245,6.26,8.34,5.73,15.54,8.41,10.46,10.02,6.54,6.64,11.94,8.239916,150.12,200.08,137.57,373.03,201.95,251.13,240.47,156.89,159.34,286.56,197.735996,5.78,9.62,4.31,19.8,65.73,22.1,4.02,9.1,7.73,68.5,15.873463,3.0,4.0,2.0,6.0,27.0,9.0,2.0,5.0,3.0,5.0,4.885224,5.0,7.0,4.0,17.0,64.0,22.0,3.75,8.0,6.0,20.0,64.0,2.01,2.53,1.76,2.67,14.66,4.35,1.27,3.46,2.35,9.18,3.444388,2.0,2.0,1.0,1.0,10.0,3.0,1.0,2.0,2.0,1.0,2.16388,2.0,3.0,3.0,4.0,17.0,6.0,2.0,5.0,2.0,6.0,17.0,2.97,3.81,2.48,4.57,25.72,7.04,1.89,4.97,3.53,14.96,5.438385,2.0,2.0,2.0,2.0,16.0,4.0,1.0,3.0,2.0,2.0,2.688694,3.0,4.0,2.0,6.0,29.0,9.0,2.0,6.0,4.0,9.0,29.0,3.63,4.74,2.95,6.2,33.47,9.11,2.37,5.92,4.38,19.52,6.91045,2.0,3.0,2.0,3.0,20.0,5.0,1.0,3.0,3.0,2.0,3.471743,4.0,5.0,3.0,7.0,40.0,11.0,2.0,7.0,5.0,10.0,40.0
respiratory_support,inspiratory_time_set,nan,17706.0,10211.0,34528.0,27041.0,8348.0,15758.0,5008.0,9699.0,50269.0,25938.0,204506,385030.0,77764.0,414954.0,496602.0,845082.0,322396.0,51028.0,78780.0,1076689.0,809866.0,4558191,385030.0,77764.0,414954.0,496602.0,845082.0,322396.0,51028.0,78780.0,1076689.0,809866.0,4558191,9.04,6.36,6.02,8.54,8.92,7.95,18.05,8.47,6.89,9.79,8.001548,216.89,152.76,144.41,205.06,214.13,190.88,433.24,203.32,165.38,235.07,192.06843,21.75,7.62,12.02,18.36,101.23,20.46,10.19,8.12,21.42,31.22,22.288946,8.0,3.0,4.0,6.0,43.0,8.0,4.0,4.0,7.0,7.0,7.578966,20.0,6.0,10.0,17.0,110.0,19.0,7.0,7.0,20.0,23.0,110.0,4.66,2.53,3.84,4.38,27.68,6.09,1.28,2.16,5.23,6.56,5.607806,4.0,2.0,3.0,3.0,15.0,5.0,1.0,2.0,4.0,5.0,4.08367,4.0,3.0,5.0,5.0,24.0,6.0,2.0,2.0,4.0,6.0,24.0,7.45,3.67,5.53,6.89,44.47,8.86,2.09,3.41,8.33,9.8,8.674373,6.0,2.0,3.0,4.0,26.0,6.0,1.0,2.0,6.0,6.0,5.533578,8.0,4.0,6.0,7.0,44.0,9.0,3.0,3.0,9.0,10.0,44.0,9.51,4.49,6.7,8.77,55.47,10.84,2.75,4.32,10.6,12.28,10.873229,6.0,3.0,4.0,5.0,33.0,6.0,1.0,3.0,7.0,6.0,6.463546,12.0,5.0,7.0,10.0,58.0,12.0,4.0,4.0,12.0,14.0,58.0
respiratory_support,peep_set,nan,19574.0,36807.0,38548.0,36966.0,24457.0,16956.0,17794.0,17857.0,60406.0,64816.0,334181,610120.0,1014948.0,861139.0,885473.0,2178326.0,987349.0,2878872.0,2245266.0,2728722.0,9289541.0,23679756,610120.0,1014948.0,861139.0,885473.0,2178326.0,987349.0,2878872.0,2245266.0,2728722.0,9289541.0,23679756,8.72,8.41,5.88,7.49,6.84,7.82,9.8,7.63,6.34,7.55,7.381079,209.28,201.76,141.06,179.67,164.26,187.59,235.28,183.07,152.19,181.09,177.108644,31.17,27.57,22.34,23.95,89.07,58.23,161.79,125.74,45.17,143.32,70.857769,11.0,9.0,7.0,8.0,40.0,17.0,32.0,33.0,12.0,32.0,18.960821,29.0,26.0,20.0,22.0,91.0,53.0,150.0,101.0,37.0,102.0,150.0,6.17,6.72,5.55,6.0,29.73,14.59,23.67,27.75,11.12,33.24,16.521768,5.0,5.0,5.0,5.0,17.0,9.0,23.0,19.0,8.0,23.0,11.821166,4.0,5.0,5.0,5.0,28.0,16.0,23.0,25.0,10.0,33.0,33.0,9.85,10.36,8.5,9.31,46.04,22.31,38.89,44.12,17.68,50.22,25.594279,8.0,8.0,6.0,6.0,28.0,12.0,27.0,26.0,10.0,26.0,15.040939,9.0,10.0,10.0,9.0,48.0,25.0,51.0,46.0,18.0,57.0,57.0,12.64,13.03,10.69,11.77,55.97,28.2,51.24,55.97,22.48,62.72,32.184963,9.0,8.0,7.0,7.0,34.0,14.0,28.5,29.0,11.0,28.0,16.67491,13.0,14.0,14.0,13.0,61.0,31.0,79.0,62.0,25.0,74.0,79.0
respiratory_support,tidal_volume_obs,nan,19164.0,43464.0,37060.0,47642.0,24813.0,16785.0,17615.0,20465.0,60157.0,64036.0,351201,527524.0,1039317.0,880369.0,977650.0,2194106.0,719060.0,2862559.0,929581.0,2243295.0,8927215.0,21300676,527524.0,1039317.0,880369.0,977650.0,2194106.0,719060.0,2862559.0,929581.0,2243295.0,8927215.0,21300676,8.82,7.86,5.95,6.78,6.8,7.87,9.81,7.26,6.36,7.6,7.248416,211.77,188.71,142.83,162.79,163.2,188.96,235.56,174.34,152.55,182.3,173.970229,27.53,23.91,23.76,20.52,88.43,42.84,162.51,45.42,37.29,139.41,60.651589,10.0,8.0,7.0,6.0,40.0,12.0,32.0,10.0,11.0,28.0,15.665186,25.0,21.0,21.0,17.0,90.0,37.0,152.0,31.0,32.0,95.0,152.0,5.42,5.94,5.67,5.35,29.45,10.62,23.68,9.79,9.18,32.25,14.154109,5.0,5.0,5.0,4.0,17.0,7.0,23.0,6.0,7.0,21.0,10.02877,5.0,5.0,5.0,4.0,28.0,10.0,23.0,7.0,9.0,34.0,34.0,8.74,9.14,8.76,8.28,45.65,16.25,38.94,15.92,14.57,48.36,21.851717,7.0,6.0,6.0,5.0,27.0,9.0,27.0,8.0,9.0,24.0,12.511696,9.0,9.0,10.0,9.0,47.0,16.0,51.0,13.0,16.0,56.0,56.0,11.24,11.47,11.09,10.44,55.54,20.53,51.34,20.32,18.52,60.31,27.452499,8.0,7.0,7.0,6.0,34.0,10.0,29.0,9.0,10.0,25.0,13.985763,13.0,12.0,14.0,12.0,60.0,20.0,78.0,17.0,21.0,71.0,78.0
respiratory_support,resp_rate_obs,nan,19121.0,42295.0,36649.0,50809.0,25959.0,13465.0,17737.0,20572.0,69699.0,168942.0,465248,525131.0,900466.0,774160.0,1962609.0,2250225.0,659901.0,2877333.0,882104.0,2670591.0,14499348.0,28001868,525131.0,900466.0,774160.0,1962609.0,2250225.0,659901.0,2877333.0,882104.0,2670591.0,14499348.0,28001868,8.83,7.96,5.99,6.74,6.67,8.44,9.82,7.26,6.02,5.11,6.36368,211.99,191.15,143.86,161.83,160.17,202.65,235.59,174.31,144.52,122.68,152.784537,27.46,21.29,21.12,38.63,86.68,49.01,162.22,42.88,38.32,85.82,60.18562,10.0,7.0,7.0,8.0,38.0,17.0,32.0,9.0,11.0,27.0,18.154816,26.0,19.0,19.0,24.0,88.0,47.0,150.0,29.0,31.0,54.0,150.0,5.44,5.43,5.17,9.62,29.15,12.28,23.7,9.12,9.16,23.31,15.30035,5.0,4.0,5.0,5.0,17.0,8.0,23.0,5.0,6.0,17.0,10.858976,5.0,5.0,5.0,9.0,27.0,13.0,23.0,5.0,9.0,21.0,27.0,8.77,8.29,7.94,15.08,45.03,18.78,38.94,14.92,14.78,36.16,23.931372,7.0,6.0,6.0,6.0,27.0,12.0,27.0,7.0,9.0,23.0,14.853794,9.0,9.0,9.0,13.0,46.0,20.0,51.0,11.0,16.0,35.0,51.0,11.26,10.36,10.0,19.04,54.73,23.7,51.31,19.12,18.93,44.78,29.909372,8.0,6.0,6.0,7.0,33.0,14.0,29.0,8.0,10.0,25.0,16.393281,13.0,12.0,13.0,17.0,59.0,26.0,79.0,16.0,21.0,43.0,79.0
respiratory_support,plateau_pressure_obs,nan,14005.0,30142.0,30683.0,33085.0,12949.0,10742.0,12935.0,15395.0,28456.0,42233.0,230625,169056.0,458042.0,284461.0,517104.0,1302189.0,90764.0,117994.0,461159.0,387455.0,1214931.0,5003155,169056.0,458042.0,284461.0,517104.0,1302189.0,90764.0,117994.0,461159.0,387455.0,1214931.0,5003155,10.08,8.94,6.31,7.86,8.27,8.78,10.5,8.21,8.53,8.98,8.454821,241.83,214.59,151.41,188.7,198.53,210.81,251.99,196.93,204.77,215.59,202.936867,12.07,15.2,9.27,15.63,100.56,8.45,9.12,29.96,13.62,28.77,21.69533,5.0,6.0,3.0,5.0,42.0,4.0,3.0,7.0,5.0,6.0,7.099946,10.0,15.0,9.0,14.0,110.0,8.0,9.0,20.0,13.0,19.0,110.0,2.51,4.04,3.04,3.95,29.88,2.8,2.92,6.18,2.98,6.88,5.663546,2.0,3.0,2.0,3.0,17.0,2.0,2.0,3.0,2.0,3.0,3.366244,3.0,4.0,3.0,4.0,27.0,3.0,3.0,5.0,3.0,5.0,27.0,4.07,6.16,4.43,6.14,46.84,3.97,4.16,10.04,4.89,10.45,8.757852,3.0,4.0,3.0,4.0,28.0,3.0,2.0,5.0,3.0,4.0,4.938385,4.0,6.0,5.0,6.0,48.0,4.0,5.0,8.0,6.0,8.0,48.0,5.22,7.67,5.37,7.75,57.57,4.8,5.03,12.82,6.35,13.04,10.910994,3.0,5.0,3.0,4.0,35.0,3.0,3.0,5.0,4.0,5.0,5.824711,6.0,9.0,6.0,9.0,62.0,5.0,6.0,11.0,8.0,11.0,62.0
respiratory_support,peak_inspiratory_pressure_obs,nan,19467.0,36491.0,36746.0,46780.0,15420.0,16580.0,15805.0,20376.0,59672.0,49821.0,317158,572126.0,945264.0,777776.0,939355.0,1462828.0,648058.0,361553.0,2149397.0,1876533.0,8567528.0,18300418,572126.0,945264.0,777776.0,939355.0,1462828.0,648058.0,361553.0,2149397.0,1876533.0,8567528.0,18300418,8.74,8.44,5.97,6.86,7.78,7.91,10.39,7.27,6.39,8.45,7.517277,209.84,202.67,143.32,164.57,186.8,189.76,249.29,174.46,153.31,202.84,180.418327,29.39,25.9,21.17,20.08,94.87,39.09,22.88,105.49,31.45,171.97,57.703098,10.0,9.0,6.0,6.0,36.0,11.0,5.0,24.0,9.0,42.0,15.636761,27.0,24.0,19.0,18.0,102.0,33.0,16.0,81.0,26.0,135.0,135.0,5.67,6.16,5.16,5.2,28.4,9.7,4.63,23.03,7.6,38.83,13.549319,5.0,5.0,5.0,4.0,16.0,6.0,3.0,14.0,5.0,28.0,9.531108,4.0,5.0,5.0,4.0,24.0,8.0,5.0,25.0,6.0,32.0,32.0,9.16,9.58,7.93,8.05,44.38,14.77,7.02,36.77,12.15,58.37,20.867661,8.0,7.0,6.0,5.0,26.0,8.0,4.0,18.0,7.0,34.0,12.425085,9.0,9.0,9.0,9.0,45.0,14.0,9.0,42.0,11.0,59.0,59.0,11.8,12.09,10.0,10.14,54.58,18.62,8.82,46.73,15.49,72.95,26.21208,9.0,8.0,6.0,6.0,31.0,10.0,4.0,21.0,8.0,36.0,13.791722,14.0,13.0,13.0,12.0,60.0,18.0,11.0,54.0,16.0,82.0,82.0
respiratory_support,peep_obs,nan,1669.0,4.0,28163.0,30726.0,13257.0,2746.0,,17487.0,10691.0,24739.0,129482,5868.0,35.0,251528.0,548436.0,1330261.0,8479.0,,845824.0,121773.0,722350.0,3834554,5868.0,35.0,251528.0,548436.0,1330261.0,8479.0,,845824.0,121773.0,722350.0,3834554,16.32,22.51,6.58,8.18,8.22,9.8,,7.7,7.31,10.82,8.343552,391.61,540.35,157.99,196.3,197.31,235.19,,184.69,175.38,259.79,200.258889,3.52,8.75,8.93,17.85,100.34,3.09,,48.37,11.39,29.2,29.614561,2.0,9.5,3.0,6.0,40.0,2.0,,11.0,5.0,6.0,9.284989,3.0,5.75,9.0,16.0,109.0,2.0,,35.0,11.0,19.0,109.0,0.66,0.25,2.88,4.3,29.88,1.09,,10.0,2.58,6.54,7.550794,0.0,0.0,2.0,3.0,17.0,1.0,,6.0,2.0,2.0,4.266238,1.0,0.25,3.0,3.0,27.0,2.0,,6.0,3.0,5.0,27.0,1.06,3.0,4.21,6.73,46.69,1.55,,16.48,4.24,10.05,11.835634,0.0,0.0,3.0,4.0,27.0,1.0,,9.0,3.0,3.0,6.423681,2.0,3.0,5.0,7.0,49.0,2.0,,12.0,5.0,8.0,49.0,1.34,4.0,5.12,8.55,57.37,1.84,,21.2,5.47,12.69,14.812122,1.0,0.5,3.0,5.0,34.0,1.0,,10.0,4.0,4.0,7.799262,2.0,4.5,6.0,9.0,63.0,1.0,,16.0,7.0,10.0,63.0
respiratory_support,minute_vent_obs,nan,19452.0,36530.0,36959.0,37041.0,17360.0,16761.0,17636.0,17478.0,59781.0,63655.0,322653,575543.0,947833.0,801907.0,850694.0,1582418.0,457553.0,2869529.0,844905.0,1393651.0,8033743.0,18357776,575543.0,947833.0,801907.0,850694.0,1582418.0,457553.0,2869529.0,844905.0,1393651.0,8033743.0,18357776,8.73,8.44,5.96,7.47,7.44,7.88,9.82,7.7,6.38,7.62,7.471048,209.52,202.49,142.94,179.21,178.6,189.03,235.62,184.75,153.1,182.92,179.273418,29.59,25.95,21.7,22.97,91.15,27.3,162.71,48.34,23.31,126.21,56.89751,10.0,9.0,7.0,7.0,34.0,9.0,32.0,11.0,8.0,25.0,14.283493,27.0,24.0,19.0,21.0,95.0,25.0,151.0,35.0,21.0,86.0,151.0,5.7,6.19,5.26,5.66,27.22,7.2,23.77,9.99,5.75,28.56,12.675575,5.0,5.0,5.0,5.0,16.0,6.0,24.0,6.0,5.0,18.0,9.301209,4.0,4.0,5.0,5.0,23.0,6.0,23.0,6.0,5.0,31.0,31.0,9.2,9.61,8.09,8.83,42.83,10.87,39.06,16.46,9.11,42.97,19.644055,8.0,7.0,6.0,6.0,25.0,7.0,27.0,9.0,6.0,21.0,11.577664,9.0,9.0,9.0,9.0,42.25,11.0,51.0,12.0,9.0,50.0,51.0,11.86,12.12,10.21,11.2,52.87,13.61,51.47,21.18,11.59,53.7,24.796421,9.0,8.0,6.0,6.0,30.0,8.0,29.0,10.0,7.0,22.0,12.61819,14.0,13.0,13.0,13.0,58.0,16.0,79.0,16.0,13.0,63.0,79.0
respiratory_support,mean_airway_pressure_obs,nan,19309.0,36135.0,36650.0,37102.0,14511.0,13905.0,16387.0,17478.0,44313.0,49131.0,284921,553519.0,909965.0,790433.0,849047.0,1403833.0,671883.0,2845242.0,845043.0,1183567.0,8279375.0,18331907,553519.0,909965.0,790433.0,849047.0,1403833.0,671883.0,2845242.0,845043.0,1183567.0,8279375.0,18331907,8.77,8.48,5.97,7.46,7.93,8.4,9.93,7.69,7.2,8.47,7.846183,210.54,203.55,143.32,179.1,190.37,201.72,238.24,184.66,172.69,203.33,188.330669,28.67,25.18,21.57,22.88,96.74,48.32,173.63,48.35,26.71,168.52,64.340918,10.0,8.0,7.0,7.0,37.0,16.0,41.0,11.0,10.0,40.0,17.655125,26.0,23.0,19.0,21.0,105.0,44.0,168.0,35.0,26.0,129.0,168.0,5.5,5.97,5.18,5.62,28.97,11.62,25.3,9.99,6.16,38.01,14.150867,5.0,5.0,5.0,5.0,16.0,7.0,26.0,6.0,5.0,27.0,10.720596,4.0,5.0,5.0,5.0,25.0,10.0,22.0,6.0,4.0,32.0,32.0,8.91,9.29,8.0,8.79,45.16,17.89,41.62,16.47,9.93,57.09,21.921682,7.0,7.0,6.0,6.0,26.0,11.0,33.0,9.0,8.0,33.0,14.160981,9.0,9.0,9.0,10.0,47.0,18.0,51.0,12.0,9.0,58.0,58.0,11.5,11.73,10.1,11.15,55.51,22.69,54.86,21.18,12.74,71.33,27.688433,8.0,7.0,6.0,6.0,32.0,13.0,35.0,10.0,9.0,35.0,15.30871,13.0,12.0,13.0,12.0,61.0,22.0,78.0,16.0,14.0,81.0,81.0
labs,neutrophils_absolute,k/cu mm,,94350.0,,,,,,,,,94350,,605845.0,,,,,,,,,605845,,605845.0,,,,,,,,,605845,,5.91,,,,,,,,,5.91,,141.86,,,,,,,,,141.86,,6.42,,,,,,,,,6.42,,3.0,,,,,,,,,3.0,,5.0,,,,,,,,,5.0,,2.07,,,,,,,,,2.07,,1.0,,,,,,,,,1.0,,1.0,,,,,,,,,1.0,,3.13,,,,,,,,,3.13,,2.0,,,,,,,,,2.0,,3.0,,,,,,,,,3.0,,3.84,,,,,,,,,3.84,,2.0,,,,,,,,,2.0,,4.0,,,,,,,,,4.0
labs,ptt,seconds,,66906.0,,,,,,,,,66906,,401327.0,,,,,,,,,401327,,401327.0,,,,,,,,,401327,,6.36,,,,,,,,,6.36,,152.68,,,,,,,,,152.68,,6.0,,,,,,,,,6.0,,2.0,,,,,,,,,2.0,,4.0,,,,,,,,,4.0,,2.16,,,,,,,,,2.16,,1.0,,,,,,,,,1.0,,2.0,,,,,,,,,2.0,,3.08,,,,,,,,,3.08,,1.0,,,,,,,,,1.0,,3.0,,,,,,,,,3.0,,3.67,,,,,,,,,3.67,,2.0,,,,,,,,,2.0,,3.0,,,,,,,,,3.0
labs,esr,mm/hr,,4924.0,914.0,,,,,,4496.0,930.0,11264,,5466.0,1036.0,,,,,,8147.0,1025.0,15674,,5466.0,1036.0,,,,,,8147.0,1025.0,15674,,5.69,6.3,,,,,,5.42,4.88,5.564851,,136.58,151.32,,,,,,130.12,117.18,133.59582,,1.11,1.13,,,,,,1.81,1.1,1.390201,,1.0,1.0,,,,,,1.0,1.0,1.0,,0.0,0.0,,,,,,0.0,0.0,0.0,,0.79,0.63,,,,,,0.9,0.56,0.801934,,1.0,1.0,,,,,,1.0,1.0,1.0,,0.0,1.0,,,,,,1.0,1.0,1.0,,0.9,0.82,,,,,,1.18,0.79,0.996188,,1.0,1.0,,,,,,1.0,1.0,1.0,,0.0,0.0,,,,,,0.0,1.0,1.0,,0.95,0.91,,,,,,1.35,0.9,1.102285,,1.0,1.0,,,,,,1.0,1.0,1.0,,0.0,0.0,,,,,,0.0,0.0,0.0
labs,platelet_count,k/cu mm,,121268.0,,,,,,,,,121268,,939651.0,,,,,,,,,939651,,939651.0,,,,,,,,,939651,,5.41,,,,,,,,,5.41,,129.81,,,,,,,,,129.81,,7.75,,,,,,,,,7.75,,4.0,,,,,,,,,4.0,,6.0,,,,,,,,,6.0,,2.78,,,,,,,,,2.78,,2.0,,,,,,,,,2.0,,2.0,,,,,,,,,2.0,,4.09,,,,,,,,,4.09,,3.0,,,,,,,,,3.0,,3.0,,,,,,,,,3.0,,4.92,,,,,,,,,4.92,,3.0,,,,,,,,,3.0,,4.0,,,,,,,,,4.0
labs,lymphocytes_absolute,10^3/ul,,1.0,,,,,41965.0,14395.0,,,56361,,1.0,,,,,325952.0,46266.0,,,372219,,1.0,,,,,325952.0,46266.0,,,372219,,3.94,,,,,7.37,7.0,,,7.275439,,94.55,,,,,176.79,168.0,,,174.543512,,1.0,,,,,7.77,3.21,,,6.605223,,1.0,,,,,4.0,1.0,,,3.233725,,0.0,,,,,7.0,2.0,,,7.0,,0.0,,,,,2.5,1.17,,,2.160264,,0.0,,,,,2.0,1.0,,,1.744557,,0.0,,,,,2.0,0.0,,,2.0,,0.0,,,,,3.72,1.66,,,3.193795,,0.0,,,,,3.0,1.0,,,2.489133,,0.0,,,,,3.0,1.0,,,3.0,,1.0,,,,,4.53,1.97,,,3.876095,,1.0,,,,,3.0,1.0,,,2.48915,,0.0,,,,,4.0,1.0,,,4.0
labs,lymphocytes_absolute,k/cu mm,,94350.0,,,,,,,,,94350,,605824.0,,,,,,,,,605824,,605824.0,,,,,,,,,605824,,5.91,,,,,,,,,5.91,,141.86,,,,,,,,,141.86,,6.42,,,,,,,,,6.42,,3.0,,,,,,,,,3.0,,5.0,,,,,,,,,5.0,,2.07,,,,,,,,,2.07,,1.0,,,,,,,,,1.0,,1.0,,,,,,,,,1.0,,3.13,,,,,,,,,3.13,,2.0,,,,,,,,,2.0,,3.0,,,,,,,,,3.0,,3.84,,,,,,,,,3.84,,2.0,,,,,,,,,2.0,,4.0,,,,,,,,,4.0
labs,pt,seconds,,73841.0,,,,,,,,,73841,,287965.0,,,,,,,,,287965,,287965.0,,,,,,,,,287965,,6.19,,,,,,,,,6.19,,148.66,,,,,,,,,148.66,,3.9,,,,,,,,,3.9,,2.0,,,,,,,,,2.0,,2.0,,,,,,,,,2.0,,1.79,,,,,,,,,1.79,,1.0,,,,,,,,,1.0,,1.0,,,,,,,,,1.0,,2.34,,,,,,,,,2.34,,1.0,,,,,,,,,1.0,,1.0,,,,,,,,,1.0,,2.68,,,,,,,,,2.68,,1.0,,,,,,,,,1.0,,2.0,,,,,,,,,2.0
labs,esr,mm/h,,5100.0,,,,,,,,8574.0,13674,,6009.0,,,,,,,,10104.0,16113,,6009.0,,,,,,,,10104.0,16113,,6.06,,,,,,,,5.73,5.85308,,145.56,,,,,,,,137.5,140.506143,,1.18,,,,,,,,1.18,1.18,,1.0,,,,,,,,1.0,1.0,,0.0,,,,,,,,0.0,0.0,,0.82,,,,,,,,0.78,0.794919,,1.0,,,,,,,,1.0,1.0,,0.0,,,,,,,,1.0,1.0,,0.93,,,,,,,,0.91,0.917459,,1.0,,,,,,,,1.0,1.0,,0.0,,,,,,,,0.0,0.0,,0.99,,,,,,,,0.97,0.977459,,1.0,,,,,,,,1.0,1.0,,0.0,,,,,,,,0.0,0.0
labs,wbc,k/cu mm,,121277.0,,,,,,,,,121277,,932812.0,,,,,,,,,932812,,932812.0,,,,,,,,,932812,,5.41,,,,,,,,,5.41,,129.81,,,,,,,,,129.81,,7.69,,,,,,,,,7.69,,4.0,,,,,,,,,4.0,,6.0,,,,,,,,,6.0,,2.76,,,,,,,,,2.76,,2.0,,,,,,,,,2.0,,2.0,,,,,,,,,2.0,,4.06,,,,,,,,,4.06,,3.0,,,,,,,,,3.0,,3.0,,,,,,,,,3.0,,4.89,,,,,,,,,4.89,,3.0,,,,,,,,,3.0,,4.0,,,,,,,,,4.0
labs,pco2_venous,mm hg,,19390.0,,,,,,,,,19390,,134377.0,,,,,,,,,134377,,134377.0,,,,,,,,,134377,,6.67,,,,,,,,,6.67,,160.04,,,,,,,,,160.04,,6.93,,,,,,,,,6.93,,3.0,,,,,,,,,3.0,,6.0,,,,,,,,,6.0,,3.12,,,,,,,,,3.12,,2.0,,,,,,,,,2.0,,3.0,,,,,,,,,3.0,,4.19,,,,,,,,,4.19,,3.0,,,,,,,,,3.0,,4.0,,,,,,,,,4.0,,4.82,,,,,,,,,4.82,,3.0,,,,,,,,,3.0,,5.0,,,,,,,,,5.0
labs,eosinophils_absolute,k/cu mm,,86123.0,,,,,,,,,86123,,467761.0,,,,,,,,,467761,,467761.0,,,,,,,,,467761,,5.91,,,,,,,,,5.91,,141.92,,,,,,,,,141.92,,5.43,,,,,,,,,5.43,,2.0,,,,,,,,,2.0,,4.0,,,,,,,,,4.0,,1.76,,,,,,,,,1.76,,1.0,,,,,,,,,1.0,,1.0,,,,,,,,,1.0,,2.66,,,,,,,,,2.66,,2.0,,,,,,,,,2.0,,2.0,,,,,,,,,2.0,,3.25,,,,,,,,,3.25,,2.0,,,,,,,,,2.0,,3.0,,,,,,,,,3.0
labs,neutrophils_absolute,10^3/ul,,1.0,,,,,41969.0,14568.0,,,56538,,1.0,,,,,325912.0,46679.0,,,372592,,1.0,,,,,325912.0,46679.0,,,372592,,3.94,,,,,7.37,7.02,,,7.279756,,94.55,,,,,176.81,168.36,,,174.631255,,1.0,,,,,7.77,3.2,,,6.59234,,1.0,,,,,4.0,1.0,,,3.226945,,0.0,,,,,7.0,2.0,,,7.0,,0.0,,,,,2.49,1.17,,,2.149835,,0.0,,,,,2.0,1.0,,,1.742297,,0.0,,,,,2.0,0.0,,,2.0,,0.0,,,,,3.72,1.65,,,3.186563,,0.0,,,,,3.0,1.0,,,2.484612,,0.0,,,,,3.0,1.0,,,3.0,,1.0,,,,,4.53,1.96,,,3.867732,,1.0,,,,,3.0,1.0,,,2.48463,,0.0,,,,,4.0,1.0,,,4.0
labs,wbc,10*3/ul,,,80689.0,,,,,,134963.0,27627.0,243279,,,507485.0,,,,,,764133.0,193271.0,1464889,,,507485.0,,,,,,764133.0,193271.0,1464889,,,4.51,,,,,,4.56,5.2,4.616095,,,108.13,,,,,,109.53,124.72,110.790649,,,6.29,,,,,,5.66,7.0,6.021125,,,3.0,,,,,,2.0,3.0,2.445234,,,5.0,,,,,,4.0,5.0,5.0,,,2.45,,,,,,2.01,2.54,2.216123,,,2.0,,,,,,1.0,2.0,1.445234,,,2.0,,,,,,1.0,2.0,2.0,,,3.52,,,,,,2.97,3.68,3.233048,,,3.0,,,,,,2.0,3.0,2.445234,,,2.0,,,,,,2.0,2.0,2.0,,,4.15,,,,,,3.59,4.38,3.86545,,,3.0,,,,,,2.0,3.0,2.445234,,,3.0,,,,,,3.0,3.0,3.0
labs,so2_central_venous,%,,,3557.0,6035.0,4600.0,2046.0,1550.0,3148.0,177.0,,21113,,,8723.0,26214.0,26504.0,10366.0,4570.0,14823.0,400.0,,91600,,,8723.0,26214.0,26504.0,10366.0,4570.0,14823.0,400.0,,91600,,,8.56,5.09,7.62,8.22,15.53,6.43,6.25,,7.505119,,,205.56,122.18,182.84,197.17,372.62,154.38,149.96,,180.130687,,,2.45,4.34,5.76,5.07,2.95,4.71,2.26,,4.337393,,,1.0,3.0,2.0,2.0,1.0,2.0,2.0,,2.043954,,,1.0,4.0,5.0,4.0,2.0,4.0,2.0,,5.0,,,0.88,2.44,1.95,1.66,0.68,2.09,0.91,,1.800611,,,1.0,2.0,1.0,1.0,0.0,1.0,1.0,,1.212428,,,1.0,2.0,1.0,2.0,1.0,2.0,1.0,,2.0,,,1.35,2.95,3.03,2.61,1.07,2.79,1.46,,2.490556,,,1.0,2.0,2.0,1.0,1.0,2.0,1.0,,1.652821,,,1.0,3.0,3.0,2.0,1.0,3.0,2.0,,3.0,,,1.64,3.29,3.74,3.24,1.35,3.2,1.68,,2.935875,,,1.0,3.0,2.0,1.0,1.0,2.0,1.0,,1.938663,,,0.0,4.0,4.0,3.0,1.0,3.0,1.0,,4.0
labs,platelet_count,10*3/ul,,,80720.0,,,,,,137083.0,27622.0,245425,,,517097.0,,,,,,798517.0,193158.0,1508772,,,517097.0,,,,,,798517.0,193158.0,1508772,,,4.5,,,,,,4.53,5.2,4.59554,,,108.1,,,,,,108.61,124.73,110.256529,,,6.41,,,,,,5.83,6.99,6.151317,,,3.0,,,,,,3.0,3.0,3.0,,,5.0,,,,,,4.0,5.0,5.0,,,2.49,,,,,,2.06,2.54,2.255449,,,2.0,,,,,,1.0,2.0,1.441446,,,2.0,,,,,,1.0,2.0,2.0,,,3.59,,,,,,3.04,3.67,3.291799,,,3.0,,,,,,2.0,3.0,2.441446,,,2.0,,,,,,2.0,2.0,2.0,,,4.23,,,,,,3.67,4.38,3.934092,,,3.0,,,,,,2.0,3.0,2.441446,,,3.0,,,,,,3.0,3.0,3.0
labs,troponin_t,ng/l,,,29604.0,2158.0,,,31926.0,15757.0,9621.0,12587.0,101653,,,69289.0,4014.0,,,130838.0,46975.0,35500.0,29966.0,316582,,,69289.0,4014.0,,,130838.0,46975.0,35500.0,29966.0,316582,,,4.7,2.92,,,7.14,5.8,4.96,5.47,5.718999,,,112.84,70.07,,,171.46,139.24,118.96,131.32,137.302412,,,2.34,1.86,,,4.1,2.98,3.69,2.38,3.1145,,,2.0,1.0,,,3.0,2.0,2.0,2.0,2.292839,,,2.0,1.0,,,4.0,3.0,2.0,2.0,4.0,,,1.67,1.53,,,2.16,1.94,2.09,1.69,1.905001,,,1.0,1.0,,,2.0,2.0,1.0,1.0,1.469076,,,1.0,1.0,,,2.0,2.0,1.0,1.0,2.0,,,1.98,1.7,,,2.81,2.34,2.65,1.97,2.35271,,,2.0,1.0,,,2.0,2.0,2.0,1.0,1.854948,,,2.0,1.0,,,3.0,2.0,2.0,1.0,3.0,,,2.1,1.76,,,3.14,2.51,2.98,2.09,2.565016,,,2.0,1.0,,,3.0,2.0,2.0,2.0,2.292839,,,2.0,1.0,,,3.0,2.0,2.0,2.0,3.0
labs,eosinophils_absolute,10^3/ul,,,,,,,41765.0,14242.0,,,56007,,,,,,,322819.0,45699.0,,,368518,,,,,,,322819.0,45699.0,,,368518,,,,,,,7.37,7.0,,,7.275913,,,,,,,176.99,167.92,,,174.683593,,,,,,,7.73,3.21,,,6.580611,,,,,,,4.0,1.0,,,3.237131,,,,,,,7.0,2.0,,,7.0,,,,,,,2.48,1.17,,,2.146881,,,,,,,2.0,1.0,,,1.74571,,,,,,,2.0,0.0,,,2.0,,,,,,,3.7,1.65,,,3.178706,,,,,,,3.0,1.0,,,2.491421,,,,,,,3.0,1.0,,,3.0,,,,,,,4.51,1.96,,,3.861561,,,,,,,3.0,1.0,,,2.491421,,,,,,,4.0,1.0,,,4.0
labs,wbc,10^3/ul,,,,,,,42554.0,39577.0,,,82131,,,,,,,401716.0,336644.0,,,738360,,,,,,,401716.0,336644.0,,,738360,,,,,,,7.35,5.91,,,6.656098,,,,,,,176.49,141.91,,,159.82671,,,,,,,9.44,8.51,,,8.991855,,,,,,,5.0,4.0,,,4.518123,,,,,,,8.0,7.0,,,8.0,,,,,,,2.79,2.82,,,2.804456,,,,,,,2.0,2.0,,,2.0,,,,,,,3.0,2.0,,,3.0,,,,,,,4.18,4.25,,,4.213731,,,,,,,3.0,3.0,,,3.0,,,,,,,3.0,3.0,,,3.0,,,,,,,5.13,5.14,,,5.134819,,,,,,,4.0,3.0,,,3.518123,,,,,,,5.0,4.0,,,5.0
labs,monocytes_absolute,10^3/ul,,,,,,,41975.0,14393.0,,,56368,,,,,,,325833.0,46230.0,,,372063,,,,,,,325833.0,46230.0,,,372063,,,,,,,7.37,7.0,,,7.275524,,,,,,,176.8,167.93,,,174.535135,,,,,,,7.76,3.21,,,6.598203,,,,,,,4.0,1.0,,,3.23398,,,,,,,7.0,2.0,,,7.0,,,,,,,2.49,1.17,,,2.152951,,,,,,,2.0,1.0,,,1.74466,,,,,,,2.0,0.0,,,2.0,,,,,,,3.72,1.65,,,3.191446,,,,,,,3.0,1.0,,,2.48932,,,,,,,3.0,1.0,,,3.0,,,,,,,4.53,1.96,,,3.873776,,,,,,,3.0,1.0,,,2.48932,,,,,,,4.0,1.0,,,4.0
labs,basophils_absolute,10^3/ul,,,,,,,41696.0,14210.0,,,55906,,,,,,,321609.0,47003.0,,,368612,,,,,,,321609.0,47003.0,,,368612,,,,,,,7.37,6.99,,,7.273413,,,,,,,176.97,167.81,,,174.641742,,,,,,,7.71,3.31,,,6.591623,,,,,,,4.0,1.0,,,3.23747,,,,,,,7.0,2.0,,,7.0,,,,,,,2.48,1.19,,,2.152112,,,,,,,2.0,1.0,,,1.745823,,,,,,,2.0,0.0,,,2.0,,,,,,,3.7,1.68,,,3.186563,,,,,,,3.0,1.0,,,2.491647,,,,,,,3.0,1.0,,,3.0,,,,,,,4.51,2.0,,,3.872017,,,,,,,3.0,1.0,,,2.491647,,,,,,,4.0,1.0,,,4.0
labs,platelet_count,10^3/ul,,,,,,,42512.0,39610.0,,,82122,,,,,,,401463.0,368403.0,,,769866,,,,,,,401463.0,368403.0,,,769866,,,,,,,7.36,5.91,,,6.66062,,,,,,,176.59,141.83,,,159.824169,,,,,,,9.44,9.3,,,9.372474,,,,,,,5.0,4.0,,,4.517669,,,,,,,8.0,8.0,,,8.0,,,,,,,2.79,3.1,,,2.939523,,,,,,,2.0,2.0,,,2.0,,,,,,,3.0,3.0,,,3.0,,,,,,,4.18,4.64,,,4.401872,,,,,,,3.0,3.0,,,3.0,,,,,,,3.0,4.0,,,4.0,,,,,,,5.13,5.62,,,5.366342,,,,,,,4.0,4.0,,,4.0,,,,,,,5.0,5.0,,,5.0
labs,eosinophils_absolute,10*3/ul,,,,,,,,,63077.0,17000.0,80077,,,,,,,,,208961.0,87772.0,296733,,,,,,,,,208961.0,87772.0,296733,,,,,,,,,5.47,5.8,5.540058,,,,,,,,,131.3,139.24,132.985628,,,,,,,,,3.31,5.16,3.702747,,,,,,,,,1.0,2.0,1.212296,,,,,,,,,2.0,4.0,4.0,,,,,,,,,1.16,1.67,1.268271,,,,,,,,,1.0,1.0,1.0,,,,,,,,,0.0,1.0,1.0,,,,,,,,,1.7,2.53,1.876205,,,,,,,,,1.0,2.0,1.212296,,,,,,,,,1.0,2.0,2.0,,,,,,,,,2.06,3.08,2.276542,,,,,,,,,1.0,2.0,1.212296,,,,,,,,,1.0,3.0,3.0
labs,pt,s,,,,,,,,,3769.0,3.0,3772,,,,,,,,,17209.0,3.0,17212,,,,,,,,,17209.0,3.0,17212,,,,,,,,,5.61,6.15,5.610429,,,,,,,,,134.55,147.64,134.560411,,,,,,,,,4.57,1.0,4.567161,,,,,,,,,2.0,1.0,1.999205,,,,,,,,,3.0,0.0,3.0,,,,,,,,,1.97,0.0,1.968433,,,,,,,,,1.0,0.0,0.999205,,,,,,,,,1.0,0.0,1.0,,,,,,,,,2.72,0.0,2.717837,,,,,,,,,1.0,0.0,0.999205,,,,,,,,,2.0,0.0,2.0,,,,,,,,,3.21,0.33,3.207709,,,,,,,,,1.0,0.0,0.999205,,,,,,,,,2.0,0.5,2.0
labs,lymphocytes_absolute,10*3/ul,,,,,,,,,62925.0,17323.0,80248,,,,,,,,,207986.0,89739.0,297725,,,,,,,,,207986.0,89739.0,297725,,,,,,,,,5.44,5.75,5.506919,,,,,,,,,130.65,138.01,132.238791,,,,,,,,,3.31,5.18,3.713674,,,,,,,,,1.0,2.0,1.215868,,,,,,,,,2.0,4.0,4.0,,,,,,,,,1.16,1.69,1.27441,,,,,,,,,1.0,1.0,1.0,,,,,,,,,0.0,1.0,1.0,,,,,,,,,1.7,2.55,1.883488,,,,,,,,,1.0,2.0,1.215868,,,,,,,,,1.0,2.0,2.0,,,,,,,,,2.05,3.1,2.276662,,,,,,,,,1.0,2.0,1.215868,,,,,,,,,1.0,3.0,3.0
labs,ptt,s,,,,,,,,,42523.0,,42523,,,,,,,,,162872.0,,162872,,,,,,,,,162872.0,,162872,,,,,,,,,5.72,,5.72,,,,,,,,,137.16,,137.16,,,,,,,,,3.83,,3.83,,,,,,,,,1.0,,1.0,,,,,,,,,2.0,,2.0,,,,,,,,,1.78,,1.78,,,,,,,,,1.0,,1.0,,,,,,,,,1.0,,1.0,,,,,,,,,2.33,,2.33,,,,,,,,,1.0,,1.0,,,,,,,,,1.0,,1.0,,,,,,,,,2.69,,2.69,,,,,,,,,1.0,,1.0,,,,,,,,,1.0,,1.0
labs,basophils_absolute,10*3/ul,,,,,,,,,62629.0,16216.0,78845,,,,,,,,,206529.0,79055.0,285584,,,,,,,,,206529.0,79055.0,285584,,,,,,,,,5.45,5.89,5.540495,,,,,,,,,130.86,141.45,133.038038,,,,,,,,,3.3,4.88,3.624958,,,,,,,,,1.0,2.0,1.205669,,,,,,,,,2.0,4.0,4.0,,,,,,,,,1.16,1.57,1.244324,,,,,,,,,1.0,1.0,1.0,,,,,,,,,0.0,1.0,1.0,,,,,,,,,1.7,2.38,1.839855,,,,,,,,,1.0,2.0,1.205669,,,,,,,,,1.0,2.0,2.0,,,,,,,,,2.05,2.89,2.222762,,,,,,,,,1.0,2.0,1.205669,,,,,,,,,1.0,2.0,2.0
labs,monocytes_absolute,10*3/ul,,,,,,,,,62919.0,17308.0,80227,,,,,,,,,207925.0,89698.0,297623,,,,,,,,,207925.0,89698.0,297623,,,,,,,,,5.44,5.75,5.506879,,,,,,,,,130.65,138.05,132.24646,,,,,,,,,3.3,5.18,3.705587,,,,,,,,,1.0,2.0,1.215738,,,,,,,,,2.0,4.0,4.0,,,,,,,,,1.16,1.69,1.274341,,,,,,,,,1.0,1.0,1.0,,,,,,,,,0.0,1.0,1.0,,,,,,,,,1.7,2.55,1.883377,,,,,,,,,1.0,2.0,1.215738,,,,,,,,,1.0,2.0,2.0,,,,,,,,,2.05,3.1,2.276525,,,,,,,,,1.0,2.0,1.215738,,,,,,,,,1.0,3.0,3.0
labs,inr,ratio,,,,,,,,,71789.0,,71789,,,,,,,,,300685.0,,300685,,,,,,,,,300685.0,,300685,,,,,,,,,5.54,,5.54,,,,,,,,,132.84,,132.84,,,,,,,,,4.19,,4.19,,,,,,,,,2.0,,2.0,,,,,,,,,3.0,,3.0,,,,,,,,,1.78,,1.78,,,,,,,,,1.0,,1.0,,,,,,,,,1.0,,1.0,,,,,,,,,2.46,,2.46,,,,,,,,,1.0,,1.0,,,,,,,,,2.0,,2.0,,,,,,,,,2.88,,2.88,,,,,,,,,2.0,,2.0,,,,,,,,,2.0,,2.0
labs,neutrophils_absolute,10*3/ul,,,,,,,,,62932.0,17335.0,80267,,,,,,,,,208002.0,89914.0,297916,,,,,,,,,208002.0,89914.0,297916,,,,,,,,,5.44,5.75,5.50695,,,,,,,,,130.63,137.95,132.210876,,,,,,,,,3.31,5.19,3.716017,,,,,,,,,1.0,2.0,1.215967,,,,,,,,,2.0,4.0,4.0,,,,,,,,,1.16,1.69,1.274462,,,,,,,,,1.0,1.0,1.0,,,,,,,,,0.0,1.0,1.0,,,,,,,,,1.7,2.56,1.885731,,,,,,,,,1.0,2.0,1.215967,,,,,,,,,1.0,2.0,2.0,,,,,,,,,2.05,3.11,2.278925,,,,,,,,,1.0,2.0,1.215967,,,,,,,,,1.0,3.0,3.0
labs,platelet_count,k/cumm,,,,,,,,,,8855.0,8855,,,,,,,,,,41030.0,41030,,,,,,,,,,41030.0,41030,,,,,,,,,,4.71,4.71,,,,,,,,,,112.92,112.92,,,,,,,,,,4.63,4.63,,,,,,,,,,3.0,3.0,,,,,,,,,,3.0,3.0,,,,,,,,,,1.45,1.45,,,,,,,,,,1.0,1.0,,,,,,,,,,1.0,1.0,,,,,,,,,,2.36,2.36,,,,,,,,,,2.0,2.0,,,,,,,,,,2.0,2.0,,,,,,,,,,2.95,2.95,,,,,,,,,,3.0,3.0,,,,,,,,,,2.0,2.0
labs,basophils_absolute,k/cumm,,,,,,,,,,6548.0,6548,,,,,,,,,,17250.0,17250,,,,,,,,,,17250.0,17250,,,,,,,,,,5.05,5.05,,,,,,,,,,121.13,121.13,,,,,,,,,,2.63,2.63,,,,,,,,,,2.0,2.0,,,,,,,,,,2.0,2.0,,,,,,,,,,0.84,0.84,,,,,,,,,,1.0,1.0,,,,,,,,,,1.0,1.0,,,,,,,,,,1.45,1.45,,,,,,,,,,1.0,1.0,,,,,,,,,,1.0,1.0,,,,,,,,,,1.83,1.83,,,,,,,,,,2.0,2.0,,,,,,,,,,1.0,1.0
labs,ast,iu/l,,,,,,,,,,14869.0,14869,,,,,,,,,,36126.0,36126,,,,,,,,,,36126.0,36126,,,,,,,,,,4.7,4.7,,,,,,,,,,112.71,112.71,,,,,,,,,,2.43,2.43,,,,,,,,,,2.0,2.0,,,,,,,,,,2.0,2.0,,,,,,,,,,0.97,0.97,,,,,,,,,,1.0,1.0,,,,,,,,,,0.0,0.0,,,,,,,,,,1.46,1.46,,,,,,,,,,1.0,1.0,,,,,,,,,,1.0,1.0,,,,,,,,,,1.73,1.73,,,,,,,,,,1.0,1.0,,,,,,,,,,1.0,1.0
labs,eosinophils_absolute,k/ul,,,,,,,,,,9699.0,9699,,,,,,,,,,29527.0,29527,,,,,,,,,,29527.0,29527,,,,,,,,,,4.01,4.01,,,,,,,,,,96.34,96.34,,,,,,,,,,3.04,3.04,,,,,,,,,,2.0,2.0,,,,,,,,,,3.0,3.0,,,,,,,,,,1.09,1.09,,,,,,,,,,1.0,1.0,,,,,,,,,,0.0,0.0,,,,,,,,,,1.67,1.67,,,,,,,,,,1.0,1.0,,,,,,,,,,1.0,1.0,,,,,,,,,,2.09,2.09,,,,,,,,,,2.0,2.0,,,,,,,,,,2.0,2.0
labs,ptt,second(s),,,,,,,,,,106553.0,106553,,,,,,,,,,814059.0,814059,,,,,,,,,,814059.0,814059,,,,,,,,,,6.09,6.09,,,,,,,,,,146.18,146.18,,,,,,,,,,7.64,7.64,,,,,,,,,,3.0,3.0,,,,,,,,,,4.0,4.0,,,,,,,,,,2.41,2.41,,,,,,,,,,2.0,2.0,,,,,,,,,,2.0,2.0,,,,,,,,,,3.49,3.49,,,,,,,,,,2.0,2.0,,,,,,,,,,3.0,3.0,,,,,,,,,,4.23,4.23,,,,,,,,,,3.0,3.0,,,,,,,,,,3.0,3.0
labs,albumin,gm/dl,,,,,,,,,,1.0,1,,,,,,,,,,1.0,1,,,,,,,,,,1.0,1,,,,,,,,,,8.64,8.64,,,,,,,,,,207.3,207.3,,,,,,,,,,1.0,1.0,,,,,,,,,,1.0,1.0,,,,,,,,,,0.0,0.0,,,,,,,,,,0.0,0.0,,,,,,,,,,0.0,0.0,,,,,,,,,,0.0,0.0,,,,,,,,,,0.0,0.0,,,,,,,,,,0.0,0.0,,,,,,,,,,0.0,0.0,,,,,,,,,,0.0,0.0,,,,,,,,,,0.0,0.0,,,,,,,,,,0.0,0.0
labs,eosinophils_absolute,k/cumm,,,,,,,,,,6629.0,6629,,,,,,,,,,17981.0,17981,,,,,,,,,,17981.0,17981,,,,,,,,,,5.07,5.07,,,,,,,,,,121.77,121.77,,,,,,,,,,2.71,2.71,,,,,,,,,,2.0,2.0,,,,,,,,,,2.0,2.0,,,,,,,,,,0.85,0.85,,,,,,,,,,1.0,1.0,,,,,,,,,,1.0,1.0,,,,,,,,,,1.47,1.47,,,,,,,,,,1.0,1.0,,,,,,,,,,1.0,1.0,,,,,,,,,,1.85,1.85,,,,,,,,,,2.0,2.0,,,,,,,,,,1.0,1.0
labs,lymphocytes_absolute,k/cumm,,,,,,,,,,6945.0,6945,,,,,,,,,,20458.0,20458,,,,,,,,,,20458.0,20458,,,,,,,,,,5.06,5.06,,,,,,,,,,121.53,121.53,,,,,,,,,,2.95,2.95,,,,,,,,,,2.0,2.0,,,,,,,,,,3.0,3.0,,,,,,,,,,0.94,0.94,,,,,,,,,,1.0,1.0,,,,,,,,,,1.0,1.0,,,,,,,,,,1.59,1.59,,,,,,,,,,1.0,1.0,,,,,,,,,,1.0,1.0,,,,,,,,,,1.98,1.98,,,,,,,,,,2.0,2.0,,,,,,,,,,2.0,2.0
labs,pt,second(s),,,,,,,,,,106612.0,106612,,,,,,,,,,690613.0,690613,,,,,,,,,,690613.0,690613,,,,,,,,,,6.08,6.08,,,,,,,,,,146.02,146.02,,,,,,,,,,6.48,6.48,,,,,,,,,,3.0,3.0,,,,,,,,,,4.0,4.0,,,,,,,,,,2.21,2.21,,,,,,,,,,2.0,2.0,,,,,,,,,,1.0,1.0,,,,,,,,,,3.13,3.13,,,,,,,,,,2.0,2.0,,,,,,,,,,2.0,2.0,,,,,,,,,,3.73,3.73,,,,,,,,,,2.0,2.0,,,,,,,,,,3.0,3.0
labs,ldh,iu/l,,,,,,,,,,1689.0,1689,,,,,,,,,,3186.0,3186,,,,,,,,,,3186.0,3186,,,,,,,,,,6.74,6.74,,,,,,,,,,161.84,161.84,,,,,,,,,,1.89,1.89,,,,,,,,,,1.0,1.0,,,,,,,,,,1.0,1.0,,,,,,,,,,0.61,0.61,,,,,,,,,,1.0,1.0,,,,,,,,,,1.0,1.0,,,,,,,,,,0.92,0.92,,,,,,,,,,1.0,1.0,,,,,,,,,,0.0,0.0,,,,,,,,,,1.11,1.11,,,,,,,,,,1.0,1.0,,,,,,,,,,0.0,0.0
labs,lymphocytes_absolute,k/ul,,,,,,,,,,10379.0,10379,,,,,,,,,,34596.0,34596,,,,,,,,,,34596.0,34596,,,,,,,,,,3.91,3.91,,,,,,,,,,93.91,93.91,,,,,,,,,,3.33,3.33,,,,,,,,,,2.0,2.0,,,,,,,,,,3.0,3.0,,,,,,,,,,1.23,1.23,,,,,,,,,,1.0,1.0,,,,,,,,,,0.0,0.0,,,,,,,,,,1.87,1.87,,,,,,,,,,2.0,2.0,,,,,,,,,,1.0,1.0,,,,,,,,,,2.3,2.3,,,,,,,,,,2.0,2.0,,,,,,,,,,2.0,2.0
labs,alt,iu/l,,,,,,,,,,14869.0,14869,,,,,,,,,,36125.0,36125,,,,,,,,,,36125.0,36125,,,,,,,,,,4.7,4.7,,,,,,,,,,112.71,112.71,,,,,,,,,,2.43,2.43,,,,,,,,,,2.0,2.0,,,,,,,,,,2.0,2.0,,,,,,,,,,0.97,0.97,,,,,,,,,,1.0,1.0,,,,,,,,,,0.0,0.0,,,,,,,,,,1.46,1.46,,,,,,,,,,1.0,1.0,,,,,,,,,,1.0,1.0,,,,,,,,,,1.73,1.73,,,,,,,,,,1.0,1.0,,,,,,,,,,1.0,1.0
labs,basophils_absolute,k/ul,,,,,,,,,,9437.0,9437,,,,,,,,,,27505.0,27505,,,,,,,,,,27505.0,27505,,,,,,,,,,4.03,4.03,,,,,,,,,,96.66,96.66,,,,,,,,,,2.91,2.91,,,,,,,,,,2.0,2.0,,,,,,,,,,3.0,3.0,,,,,,,,,,1.07,1.07,,,,,,,,,,1.0,1.0,,,,,,,,,,0.0,0.0,,,,,,,,,,1.63,1.63,,,,,,,,,,1.0,1.0,,,,,,,,,,1.0,1.0,,,,,,,,,,2.03,2.03,,,,,,,,,,2.0,2.0,,,,,,,,,,2.0,2.0
labs,platelet_count,k/ul,,,,,,,,,,11795.0,11795,,,,,,,,,,49585.0,49585,,,,,,,,,,49585.0,49585,,,,,,,,,,3.77,3.77,,,,,,,,,,90.38,90.38,,,,,,,,,,4.2,4.2,,,,,,,,,,3.0,3.0,,,,,,,,,,4.0,4.0,,,,,,,,,,1.74,1.74,,,,,,,,,,1.0,1.0,,,,,,,,,,1.0,1.0,,,,,,,,,,2.58,2.58,,,,,,,,,,2.0,2.0,,,,,,,,,,2.0,2.0,,,,,,,,,,3.09,3.09,,,,,,,,,,2.0,2.0,,,,,,,,,,3.0,3.0
labs,alkaline_phosphatase,iu/l,,,,,,,,,,14863.0,14863,,,,,,,,,,36105.0,36105,,,,,,,,,,36105.0,36105,,,,,,,,,,4.7,4.7,,,,,,,,,,112.73,112.73,,,,,,,,,,2.43,2.43,,,,,,,,,,2.0,2.0,,,,,,,,,,2.0,2.0,,,,,,,,,,0.97,0.97,,,,,,,,,,1.0,1.0,,,,,,,,,,0.0,0.0,,,,,,,,,,1.46,1.46,,,,,,,,,,1.0,1.0,,,,,,,,,,1.0,1.0,,,,,,,,,,1.73,1.73,,,,,,,,,,1.0,1.0,,,,,,,,,,1.0,1.0
labs,wbc,k/cumm,,,,,,,,,,8858.0,8858,,,,,,,,,,41102.0,41102,,,,,,,,,,41102.0,41102,,,,,,,,,,4.7,4.7,,,,,,,,,,112.9,112.9,,,,,,,,,,4.64,4.64,,,,,,,,,,3.0,3.0,,,,,,,,,,3.0,3.0,,,,,,,,,,1.45,1.45,,,,,,,,,,1.0,1.0,,,,,,,,,,1.0,1.0,,,,,,,,,,2.37,2.37,,,,,,,,,,2.0,2.0,,,,,,,,,,2.0,2.0,,,,,,,,,,2.95,2.95,,,,,,,,,,3.0,3.0,,,,,,,,,,2.0,2.0
labs,neutrophils_absolute,k/ul,,,,,,,,,,10390.0,10390,,,,,,,,,,34773.0,34773,,,,,,,,,,34773.0,34773,,,,,,,,,,3.91,3.91,,,,,,,,,,93.86,93.86,,,,,,,,,,3.35,3.35,,,,,,,,,,2.0,2.0,,,,,,,,,,3.0,3.0,,,,,,,,,,1.24,1.24,,,,,,,,,,1.0,1.0,,,,,,,,,,0.0,0.0,,,,,,,,,,1.87,1.87,,,,,,,,,,2.0,2.0,,,,,,,,,,1.0,1.0,,,,,,,,,,2.31,2.31,,,,,,,,,,2.0,2.0,,,,,,,,,,2.0,2.0
labs,monocytes_absolute,k/cumm,,,,,,,,,,6952.0,6952,,,,,,,,,,20446.0,20446,,,,,,,,,,20446.0,20446,,,,,,,,,,5.07,5.07,,,,,,,,,,121.65,121.65,,,,,,,,,,2.94,2.94,,,,,,,,,,2.0,2.0,,,,,,,,,,3.0,3.0,,,,,,,,,,0.93,0.93,,,,,,,,,,1.0,1.0,,,,,,,,,,1.0,1.0,,,,,,,,,,1.58,1.58,,,,,,,,,,1.0,1.0,,,,,,,,,,1.0,1.0,,,,,,,,,,1.98,1.98,,,,,,,,,,2.0,2.0,,,,,,,,,,2.0,2.0
labs,total_protein,gm/dl,,,,,,,,,,1.0,1,,,,,,,,,,1.0,1,,,,,,,,,,1.0,1,,,,,,,,,,8.64,8.64,,,,,,,,,,207.3,207.3,,,,,,,,,,1.0,1.0,,,,,,,,,,1.0,1.0,,,,,,,,,,0.0,0.0,,,,,,,,,,0.0,0.0,,,,,,,,,,0.0,0.0,,,,,,,,,,0.0,0.0,,,,,,,,,,0.0,0.0,,,,,,,,,,0.0,0.0,,,,,,,,,,0.0,0.0,,,,,,,,,,0.0,0.0,,,,,,,,,,0.0,0.0,,,,,,,,,,0.0,0.0
labs,wbc,k/ul,,,,,,,,,,11789.0,11789,,,,,,,,,,49571.0,49571,,,,,,,,,,49571.0,49571,,,,,,,,,,3.76,3.76,,,,,,,,,,90.31,90.31,,,,,,,,,,4.2,4.2,,,,,,,,,,3.0,3.0,,,,,,,,,,4.0,4.0,,,,,,,,,,1.74,1.74,,,,,,,,,,1.0,1.0,,,,,,,,,,1.0,1.0,,,,,,,,,,2.59,2.59,,,,,,,,,,2.0,2.0,,,,,,,,,,2.0,2.0,,,,,,,,,,3.09,3.09,,,,,,,,,,2.0,2.0,,,,,,,,,,3.0,3.0
labs,monocytes_absolute,k/ul,,,,,,,,,,10350.0,10350,,,,,,,,,,34362.0,34362,,,,,,,,,,34362.0,34362,,,,,,,,,,3.92,3.92,,,,,,,,,,94.01,94.01,,,,,,,,,,3.32,3.32,,,,,,,,,,2.0,2.0,,,,,,,,,,3.0,3.0,,,,,,,,,,1.22,1.22,,,,,,,,,,1.0,1.0,,,,,,,,,,0.0,0.0,,,,,,,,,,1.86,1.86,,,,,,,,,,2.0,2.0,,,,,,,,,,1.0,1.0,,,,,,,,,,2.29,2.29,,,,,,,,,,2.0,2.0,,,,,,,,,,2.0,2.0
labs,neutrophils_absolute,k/cumm,,,,,,,,,,6846.0,6846,,,,,,,,,,19739.0,19739,,,,,,,,,,19739.0,19739,,,,,,,,,,5.05,5.05,,,,,,,,,,121.14,121.14,,,,,,,,,,2.88,2.88,,,,,,,,,,2.0,2.0,,,,,,,,,,2.0,2.0,,,,,,,,,,0.92,0.92,,,,,,,,,,1.0,1.0,,,,,,,,,,1.0,1.0,,,,,,,,,,1.56,1.56,,,,,,,,,,1.0,1.0,,,,,,,,,,1.0,1.0,,,,,,,,,,1.95,1.95,,,,,,,,,,2.0,2.0,,,,,,,,,,2.0,2.0
