hour,norepinephrine_n__Cornell,norepinephrine_n__Emory,norepinephrine_n__JHU,norepinephrine_n__MIMIC,norepinephrine_n__Michigan,norepinephrine_n__NU,norepinephrine_n__OHSU,norepinephrine_n__RUSH,norepinephrine_n__Sunnybrook,norepinephrine_n__UCMC,norepinephrine_n__UCSF,norepinephrine_n__UMN,norepinephrine_n__UPenn,norepinephrine_n__ALL,epinephrine_n__Cornell,epinephrine_n__Emory,epinephrine_n__JHU,epinephrine_n__MIMIC,epinephrine_n__Michigan,epinephrine_n__NU,epinephrine_n__OHSU,epinephrine_n__RUSH,epinephrine_n__Sunnybrook,epinephrine_n__UCMC,epinephrine_n__UCSF,epinephrine_n__UMN,epinephrine_n__UPenn,epinephrine_n__ALL,phenylephrine_n__Cornell,phenylephrine_n__Emory,phenylephrine_n__JHU,phenylephrine_n__MIMIC,phenylephrine_n__Michigan,phenylephrine_n__NU,phenylephrine_n__OHSU,phenylephrine_n__RUSH,phenylephrine_n__Sunnybrook,phenylephrine_n__UCMC,phenylephrine_n__UCSF,phenylephrine_n__UMN,phenylephrine_n__UPenn,phenylephrine_n__ALL,vasopressin_n__Cornell,vasopressin_n__Emory,vasopressin_n__JHU,vasopressin_n__MIMIC,vasopressin_n__Michigan,vasopressin_n__NU,vasopressin_n__OHSU,vasopressin_n__RUSH,vasopressin_n__Sunnybrook,vasopressin_n__UCMC,vasopressin_n__UCSF,vasopressin_n__UMN,vasopressin_n__UPenn,vasopressin_n__ALL,dopamine_n__Cornell,dopamine_n__Emory,dopamine_n__JHU,dopamine_n__MIMIC,dopamine_n__Michigan,dopamine_n__NU,dopamine_n__OHSU,dopamine_n__RUSH,dopamine_n__Sunnybrook,dopamine_n__UCMC,dopamine_n__UCSF,dopamine_n__UMN,dopamine_n__UPenn,dopamine_n__ALL,propofol_n__Cornell,propofol_n__Emory,propofol_n__JHU,propofol_n__MIMIC,propofol_n__Michigan,propofol_n__NU,propofol_n__OHSU,propofol_n__RUSH,propofol_n__Sunnybrook,propofol_n__UCMC,propofol_n__UCSF,propofol_n__UMN,propofol_n__UPenn,propofol_n__ALL,midazolam_n__Cornell,midazolam_n__Emory,midazolam_n__JHU,midazolam_n__MIMIC,midazolam_n__Michigan,midazolam_n__NU,midazolam_n__OHSU,midazolam_n__RUSH,midazolam_n__Sunnybrook,midazolam_n__UCMC,midazolam_n__UCSF,midazolam_n__UMN,midazolam_n__UPenn,midazolam_n__ALL,lorazepam_n__Cornell,lorazepam_n__Emory,lorazepam_n__JHU,lorazepam_n__MIMIC,lorazepam_n__Michigan,lorazepam_n__NU,lorazepam_n__OHSU,lorazepam_n__RUSH,lorazepam_n__Sunnybrook,lorazepam_n__UCMC,lorazepam_n__UCSF,lorazepam_n__UMN,lorazepam_n__UPenn,lorazepam_n__ALL,dexmedetomidine_n__Cornell,dexmedetomidine_n__Emory,dexmedetomidine_n__JHU,dexmedetomidine_n__MIMIC,dexmedetomidine_n__Michigan,dexmedetomidine_n__NU,dexmedetomidine_n__OHSU,dexmedetomidine_n__RUSH,dexmedetomidine_n__Sunnybrook,dexmedetomidine_n__UCMC,dexmedetomidine_n__UCSF,dexmedetomidine_n__UMN,dexmedetomidine_n__UPenn,dexmedetomidine_n__ALL,fentanyl_n__Cornell,fentanyl_n__Emory,fentanyl_n__JHU,fentanyl_n__MIMIC,fentanyl_n__Michigan,fentanyl_n__NU,fentanyl_n__OHSU,fentanyl_n__RUSH,fentanyl_n__Sunnybrook,fentanyl_n__UCMC,fentanyl_n__UCSF,fentanyl_n__UMN,fentanyl_n__UPenn,fentanyl_n__ALL,vecuronium_n__Cornell,vecuronium_n__Emory,vecuronium_n__JHU,vecuronium_n__MIMIC,vecuronium_n__Michigan,vecuronium_n__NU,vecuronium_n__OHSU,vecuronium_n__RUSH,vecuronium_n__Sunnybrook,vecuronium_n__UCMC,vecuronium_n__UCSF,vecuronium_n__UMN,vecuronium_n__UPenn,vecuronium_n__ALL,rocuronium_n__Cornell,rocuronium_n__Emory,rocuronium_n__JHU,rocuronium_n__MIMIC,rocuronium_n__Michigan,rocuronium_n__NU,rocuronium_n__OHSU,rocuronium_n__RUSH,rocuronium_n__Sunnybrook,rocuronium_n__UCMC,rocuronium_n__UCSF,rocuronium_n__UMN,rocuronium_n__UPenn,rocuronium_n__ALL,cisatracurium_n__Cornell,cisatracurium_n__Emory,cisatracurium_n__JHU,cisatracurium_n__MIMIC,cisatracurium_n__Michigan,cisatracurium_n__NU,cisatracurium_n__OHSU,cisatracurium_n__RUSH,cisatracurium_n__Sunnybrook,cisatracurium_n__UCMC,cisatracurium_n__UCSF,cisatracurium_n__UMN,cisatracurium_n__UPenn,cisatracurium_n__ALL,pancuronium_n__Cornell,pancuronium_n__Emory,pancuronium_n__JHU,pancuronium_n__MIMIC,pancuronium_n__Michigan,pancuronium_n__NU,pancuronium_n__OHSU,pancuronium_n__RUSH,pancuronium_n__Sunnybrook,pancuronium_n__UCMC,pancuronium_n__UCSF,pancuronium_n__UMN,pancuronium_n__UPenn,pancuronium_n__ALL,norepinephrine_pct__Cornell,norepinephrine_pct__Emory,norepinephrine_pct__JHU,norepinephrine_pct__MIMIC,norepinephrine_pct__Michigan,norepinephrine_pct__NU,norepinephrine_pct__OHSU,norepinephrine_pct__RUSH,norepinephrine_pct__Sunnybrook,norepinephrine_pct__UCMC,norepinephrine_pct__UCSF,norepinephrine_pct__UMN,norepinephrine_pct__UPenn,norepinephrine_pct__ALL,epinephrine_pct__Cornell,epinephrine_pct__Emory,epinephrine_pct__JHU,epinephrine_pct__MIMIC,epinephrine_pct__Michigan,epinephrine_pct__NU,epinephrine_pct__OHSU,epinephrine_pct__RUSH,epinephrine_pct__Sunnybrook,epinephrine_pct__UCMC,epinephrine_pct__UCSF,epinephrine_pct__UMN,epinephrine_pct__UPenn,epinephrine_pct__ALL,phenylephrine_pct__Cornell,phenylephrine_pct__Emory,phenylephrine_pct__JHU,phenylephrine_pct__MIMIC,phenylephrine_pct__Michigan,phenylephrine_pct__NU,phenylephrine_pct__OHSU,phenylephrine_pct__RUSH,phenylephrine_pct__Sunnybrook,phenylephrine_pct__UCMC,phenylephrine_pct__UCSF,phenylephrine_pct__UMN,phenylephrine_pct__UPenn,phenylephrine_pct__ALL,vasopressin_pct__Cornell,vasopressin_pct__Emory,vasopressin_pct__JHU,vasopressin_pct__MIMIC,vasopressin_pct__Michigan,vasopressin_pct__NU,vasopressin_pct__OHSU,vasopressin_pct__RUSH,vasopressin_pct__Sunnybrook,vasopressin_pct__UCMC,vasopressin_pct__UCSF,vasopressin_pct__UMN,vasopressin_pct__UPenn,vasopressin_pct__ALL,dopamine_pct__Cornell,dopamine_pct__Emory,dopamine_pct__JHU,dopamine_pct__MIMIC,dopamine_pct__Michigan,dopamine_pct__NU,dopamine_pct__OHSU,dopamine_pct__RUSH,dopamine_pct__Sunnybrook,dopamine_pct__UCMC,dopamine_pct__UCSF,dopamine_pct__UMN,dopamine_pct__UPenn,dopamine_pct__ALL,propofol_pct__Cornell,propofol_pct__Emory,propofol_pct__JHU,propofol_pct__MIMIC,propofol_pct__Michigan,propofol_pct__NU,propofol_pct__OHSU,propofol_pct__RUSH,propofol_pct__Sunnybrook,propofol_pct__UCMC,propofol_pct__UCSF,propofol_pct__UMN,propofol_pct__UPenn,propofol_pct__ALL,midazolam_pct__Cornell,midazolam_pct__Emory,midazolam_pct__JHU,midazolam_pct__MIMIC,midazolam_pct__Michigan,midazolam_pct__NU,midazolam_pct__OHSU,midazolam_pct__RUSH,midazolam_pct__Sunnybrook,midazolam_pct__UCMC,midazolam_pct__UCSF,midazolam_pct__UMN,midazolam_pct__UPenn,midazolam_pct__ALL,lorazepam_pct__Cornell,lorazepam_pct__Emory,lorazepam_pct__JHU,lorazepam_pct__MIMIC,lorazepam_pct__Michigan,lorazepam_pct__NU,lorazepam_pct__OHSU,lorazepam_pct__RUSH,lorazepam_pct__Sunnybrook,lorazepam_pct__UCMC,lorazepam_pct__UCSF,lorazepam_pct__UMN,lorazepam_pct__UPenn,lorazepam_pct__ALL,dexmedetomidine_pct__Cornell,dexmedetomidine_pct__Emory,dexmedetomidine_pct__JHU,dexmedetomidine_pct__MIMIC,dexmedetomidine_pct__Michigan,dexmedetomidine_pct__NU,dexmedetomidine_pct__OHSU,dexmedetomidine_pct__RUSH,dexmedetomidine_pct__Sunnybrook,dexmedetomidine_pct__UCMC,dexmedetomidine_pct__UCSF,dexmedetomidine_pct__UMN,dexmedetomidine_pct__UPenn,dexmedetomidine_pct__ALL,fentanyl_pct__Cornell,fentanyl_pct__Emory,fentanyl_pct__JHU,fentanyl_pct__MIMIC,fentanyl_pct__Michigan,fentanyl_pct__NU,fentanyl_pct__OHSU,fentanyl_pct__RUSH,fentanyl_pct__Sunnybrook,fentanyl_pct__UCMC,fentanyl_pct__UCSF,fentanyl_pct__UMN,fentanyl_pct__UPenn,fentanyl_pct__ALL,vecuronium_pct__Cornell,vecuronium_pct__Emory,vecuronium_pct__JHU,vecuronium_pct__MIMIC,vecuronium_pct__Michigan,vecuronium_pct__NU,vecuronium_pct__OHSU,vecuronium_pct__RUSH,vecuronium_pct__Sunnybrook,vecuronium_pct__UCMC,vecuronium_pct__UCSF,vecuronium_pct__UMN,vecuronium_pct__UPenn,vecuronium_pct__ALL,rocuronium_pct__Cornell,rocuronium_pct__Emory,rocuronium_pct__JHU,rocuronium_pct__MIMIC,rocuronium_pct__Michigan,rocuronium_pct__NU,rocuronium_pct__OHSU,rocuronium_pct__RUSH,rocuronium_pct__Sunnybrook,rocuronium_pct__UCMC,rocuronium_pct__UCSF,rocuronium_pct__UMN,rocuronium_pct__UPenn,rocuronium_pct__ALL,cisatracurium_pct__Cornell,cisatracurium_pct__Emory,cisatracurium_pct__JHU,cisatracurium_pct__MIMIC,cisatracurium_pct__Michigan,cisatracurium_pct__NU,cisatracurium_pct__OHSU,cisatracurium_pct__RUSH,cisatracurium_pct__Sunnybrook,cisatracurium_pct__UCMC,cisatracurium_pct__UCSF,cisatracurium_pct__UMN,cisatracurium_pct__UPenn,cisatracurium_pct__ALL,pancuronium_pct__Cornell,pancuronium_pct__Emory,pancuronium_pct__JHU,pancuronium_pct__MIMIC,pancuronium_pct__Michigan,pancuronium_pct__NU,pancuronium_pct__OHSU,pancuronium_pct__RUSH,pancuronium_pct__Sunnybrook,pancuronium_pct__UCMC,pancuronium_pct__UCSF,pancuronium_pct__UMN,pancuronium_pct__UPenn,pancuronium_pct__ALL
0,5908,10336,15891,4717,3230,17833,8118,4458,6381,3856,7238,13197,15081,116244,1623,3636,5083,475,802,3571,2352,352,391,730,1638,6347,10049,37049,1843,654,743,2767,7,3546,1253,662,50,1022,1146,4015,7887,25595,1051,2271,1595,597,108,3407,1650,623,769,1093,902,2824,2902,19792,668,91,564,705,102,1088,293,79,118,702,617,1312,338,6677,4746,1915,8418,3589,3211,13982,8379,2556,4178,4656,5427,9396,14896,85349,138,430,1486,1675,48,316,112,89,704,62,269,1474,843,7646,196,2,23,1,0,11,3,2,1,1,1,52,14,307,1196,4116,4526,54,68,4513,600,519,168,620,702,4757,1483,23322,1532,2794,4115,2808,976,4196,862,1605,2827,2684,910,2478,5952,33739,0,2,19,2,0,0,0,0,0,0,7,16,81,127,233,0,1,17,0,2,12,0,66,0,0,4,4,339,3,16,20,73,23,57,38,41,0,15,101,71,248,706,0,0,0,0,0,0,0,0,0,0,0,0,0,0,40.051522,35.80187,38.018565,17.456147,54.570029,30.812427,29.258271,29.536871,40.190212,20.850005,26.580977,24.177858,26.250196,29.600469,11.002644,12.594389,12.160869,1.757827,13.549586,6.170088,8.476898,2.332207,2.462682,3.947226,6.015424,11.628163,17.491427,9.434188,12.494068,2.265327,1.777597,10.239805,0.118263,6.126892,4.515966,4.386139,0.314921,5.526117,4.208593,7.35577,13.728221,6.517532,7.124941,7.866297,3.815972,2.209311,1.824633,5.886723,5.946803,4.127741,4.843484,5.910025,3.312523,5.173772,5.051261,5.039851,4.528507,0.315206,1.349347,2.608985,1.723264,1.879881,1.056008,0.523421,0.743213,3.795826,2.265883,2.403679,0.588327,1.700237,32.17409,6.633183,20.13972,13.28177,54.249029,24.158546,30.198948,16.935003,26.314795,25.175733,19.930224,17.214151,25.928182,21.73334,0.93553,1.489435,3.555194,6.198653,0.810948,0.545995,0.403662,0.589677,4.434087,0.335244,0.987881,2.700475,1.467337,1.946984,1.328723,0.006928,0.055027,0.003701,0,0.019006,0.010812,0.013251,0.006298,0.005407,0.003672,0.095268,0.024369,0.079371,8.107925,14.257014,10.828269,0.199837,1.148843,7.797705,2.162474,3.43868,1.058134,3.352439,2.578039,8.715168,2.58133,5.938733,10.385737,9.677866,9.844969,10.391533,16.489272,7.249983,3.106754,10.634069,17.805631,14.512815,3.341902,4.539875,10.360133,8.591327,0.0,0.006928,0.045457,0.007401,0,0.0,0.0,0,0,0,0.025707,0.029313,0.14099,0.053597,1.579554,0,0.002392,0.062912,0,0.003456,0.043249,0.0,0.415696,0.0,0.0,0.007328,0.006962,0.114101,0.020338,0.055421,0.047849,0.27015,0.388579,0.098486,0.136957,0.271649,0,0.081107,0.370914,0.130077,0.431672,0.187351,0,0,0,0,0,0,0,0,0,0,0,0,0,0
1,6267,9643,14175,3838,2512,15844,7125,3315,7241,4212,7273,13560,15937,110942,1768,3331,3053,524,776,3116,2156,292,428,816,1158,5700,8265,31383,1961,580,722,3337,4,2941,943,522,62,1148,1262,3485,7585,24552,1286,2538,1414,367,108,3128,1603,385,945,1327,649,3210,3319,20279,719,111,437,501,99,821,271,51,128,749,411,1255,297,5850,5030,2025,7302,3700,2982,12247,7895,1811,4436,5165,5386,10315,15680,83974,149,355,1097,1023,49,289,143,81,876,84,187,2077,921,7331,104,2,25,2,0,14,3,1,3,0,2,19,23,198,1746,4152,3557,94,118,4457,568,420,199,860,787,4876,1624,23458,1867,2961,3385,1712,922,4957,1193,1276,3088,3099,854,4584,6748,36646,0,1,48,3,0,0,0,0,0,0,6,67,113,238,206,0,2,17,0,4,2,2,102,1,0,3,2,341,9,30,23,97,28,80,50,36,0,30,132,123,404,1042,0,0,0,0,0,0,0,0,0,0,0,0,0,0,42.485255,33.401455,33.913106,14.203242,42.439601,27.375769,25.679377,21.963824,45.606853,22.774954,26.709512,24.8429,27.740161,28.250363,11.985628,11.537929,7.304177,1.939161,13.110323,5.383924,7.770489,1.934672,2.695723,4.412242,4.252663,10.442812,14.386173,7.991393,13.294014,2.009006,1.727355,12.349197,0.067579,5.081554,3.398688,3.458557,0.390502,6.207419,4.634594,6.384772,13.202555,6.251942,8.718053,8.791133,3.382937,1.358153,1.824633,5.404658,5.777409,2.550851,5.952006,7.1753,2.383401,5.880952,5.777097,5.163861,4.874246,0.384482,1.045505,1.854045,1.67258,1.41855,0.976717,0.337905,0.806198,4.049962,1.509365,2.299251,0.516962,1.489649,34.099383,7.014202,17.469735,13.692547,50.380132,21.160757,28.454552,11.99894,27.939787,27.927977,19.779655,18.897825,27.292823,21.383209,1.010101,1.22965,2.624527,3.785804,0.827843,0.499343,0.51539,0.536673,5.517415,0.454201,0.686743,3.805214,1.603105,1.866772,0.705037,0.006928,0.059811,0.007401,0,0.02419,0.010812,0.006626,0.018895,0.0,0.007345,0.034809,0.040034,0.053761,11.836486,14.381711,8.509977,0.347865,1.99358,7.700947,2.047142,2.782747,1.253385,4.650157,2.890195,8.933184,2.826757,5.973365,12.656769,10.256321,8.098474,6.335578,15.576956,8.564863,4.299719,8.45425,19.449518,16.756786,3.136247,8.398219,11.745662,9.331568,0.0,0.003464,0.114838,0.011102,0,0.0,0.0,0,0,0,0.022035,0.122749,0.196689,0.100441,1.396515,0,0.004785,0.062912,0,0.006911,0.007208,0.013251,0.642439,0.005407,0.0,0.005496,0.003481,0.103117,0.061013,0.103914,0.055027,0.358967,0.473053,0.138227,0.180206,0.238521,0,0.162215,0.484759,0.225345,0.703208,0.276515,0,0,0,0,0,0,0,0,0,0,0,0,0,0
2,6414,9336,13332,3946,2320,15298,7018,3042,7606,4371,6723,13238,15046,107690,1835,3302,2678,711,768,2989,2175,254,450,857,957,5255,7412,29643,1924,543,694,4389,2,3005,900,464,69,1232,1198,3372,6661,24453,1432,2679,1249,402,92,3063,1768,307,1057,1448,565,3181,3307,20550,720,107,408,486,95,766,259,47,146,786,306,1128,254,5508,4673,2010,6616,4624,2439,11216,7461,1816,4374,4851,4773,9548,14863,79264,135,353,925,845,49,276,163,58,1007,93,149,2277,905,7235,92,2,29,1,0,16,3,1,2,0,2,33,18,199,1991,3824,3331,142,171,4599,667,507,198,960,829,4513,1680,23412,1989,3121,2931,1526,961,5173,1276,1086,3246,3205,638,5125,6878,37155,0,3,53,5,0,0,0,0,0,0,7,84,136,288,160,0,1,17,0,6,5,2,134,0,1,5,5,336,9,37,26,96,25,91,71,30,0,40,115,168,400,1108,0,0,0,0,0,0,0,0,0,0,0,0,0,0,43.481798,32.338067,31.896263,14.602916,39.19581,26.432373,25.293736,20.155039,47.905776,23.634692,24.68968,24.252973,26.189274,27.422271,12.439835,11.437478,6.407005,2.631189,12.975165,5.16449,7.838968,1.682899,2.834289,4.633935,3.514506,9.62754,12.901429,7.548318,13.043184,1.880845,1.660367,16.242321,0.033789,5.192135,3.243711,3.074273,0.434591,6.66162,4.399559,6.177748,11.594228,6.226732,9.707816,9.279529,2.988181,1.487677,1.554317,5.292349,6.37209,2.034056,6.657429,7.829566,2.074917,5.827822,5.75621,5.232869,4.881025,0.370627,0.976123,1.798535,1.605001,1.323519,0.933468,0.311403,0.919569,4.250027,1.123761,2.066578,0.442116,1.402562,31.679208,6.962245,15.828509,17.111983,41.206285,19.379363,26.890363,12.032068,27.549285,26.230129,17.528461,17.492626,25.870742,20.183851,0.915192,1.222723,2.213025,3.127082,0.827843,0.476882,0.587472,0.384284,6.342508,0.502866,0.547191,4.171629,1.575255,1.842326,0.623687,0.006928,0.069381,0.003701,0,0.027645,0.010812,0.006626,0.012597,0.0,0.007345,0.060458,0.031331,0.054032,13.49739,13.245584,7.969281,0.525498,2.889002,7.946299,2.40395,3.359173,1.247087,5.190873,3.044436,8.268142,2.924231,5.961651,13.483832,10.81053,7.012297,5.64725,16.235851,8.938075,4.598861,7.195389,20.444668,17.329945,2.343004,9.38937,11.971941,9.46118,0.0,0.010391,0.1268,0.018503,0,0.0,0.0,0,0,0,0.025707,0.153894,0.236723,0.121543,1.084672,0,0.002392,0.062912,0,0.010367,0.018021,0.013251,0.843988,0.0,0.003672,0.00916,0.008703,0.09899,0.061013,0.128161,0.062204,0.355266,0.422369,0.157233,0.255893,0.198768,0,0.216286,0.422328,0.307788,0.696245,0.294029,0,0,0,0,0,0,0,0,0,0,0,0,0,0
3,6523,9305,12849,4186,2304,14934,6998,2954,7857,4285,6517,13235,14549,106496,1864,3216,2629,767,754,2985,2114,235,457,822,913,5089,7178,29023,1861,540,689,5002,1,2927,866,437,73,1206,1214,3290,6261,24367,1568,2869,1222,429,94,2993,1880,284,1136,1386,532,3234,3463,21090,712,97,350,427,96,712,248,34,143,809,249,1075,250,5202,4314,2008,5595,5342,2093,10087,6858,1743,4332,4550,4187,8577,12996,72682,158,340,856,766,55,284,179,55,1066,92,141,2289,1002,7283,85,3,23,1,0,16,4,1,2,0,0,21,20,176,1992,3215,2950,207,198,4278,695,602,186,980,821,3942,1663,21729,2086,3155,2966,1376,1013,5235,1322,980,3297,3195,524,5285,6937,37371,0,3,67,3,0,0,0,0,0,0,2,90,148,313,119,0,1,26,0,8,4,0,156,1,0,3,9,327,9,53,26,101,34,99,76,27,0,52,107,198,445,1227,0,0,0,0,0,0,0,0,0,0,0,0,0,0,44.220731,32.230689,30.740705,15.491081,38.925494,25.803442,25.221654,19.571987,49.486679,23.169677,23.933162,24.247476,25.324189,27.11823,12.636431,11.139591,6.289775,2.838428,12.738638,5.157578,7.619116,1.557013,2.878378,4.444685,3.35292,9.323416,12.494125,7.390441,12.616094,1.870454,1.648404,18.510843,0.016895,5.057364,3.121171,2.895382,0.459785,6.521034,4.458318,6.027518,10.897983,6.204833,10.629788,9.937652,2.923585,1.587595,1.588106,5.171401,6.775751,1.881667,7.155004,7.494322,1.953728,5.924922,6.027745,5.370375,4.826791,0.335989,0.837361,1.580194,1.621896,1.230216,0.893823,0.22527,0.900674,4.374392,0.914433,1.969478,0.435153,1.324642,29.245475,6.955317,13.385808,19.769077,35.360703,17.428641,24.717076,11.5484,27.284752,24.602574,15.376423,15.713684,22.621016,18.507805,1.071114,1.177693,2.047945,2.834727,0.929211,0.490704,0.645138,0.364407,6.714115,0.497459,0.517811,4.193613,1.744095,1.854549,0.576232,0.010391,0.055027,0.003701,0,0.027645,0.014416,0.006626,0.012597,0.0,0.0,0.038474,0.034812,0.051603,13.504169,11.136127,7.057754,0.766042,3.34516,7.391665,2.504866,3.988604,1.171506,5.299016,3.015057,7.222029,2.894641,5.533091,14.141414,10.928299,7.096033,5.092147,17.114377,9.0452,4.764651,6.493076,20.765888,17.275873,1.924348,9.682502,12.074638,9.516182,0.0,0.010391,0.160295,0.011102,0,0.0,0.0,0,0,0,0.007345,0.164887,0.257611,0.132093,0.806725,0,0.002392,0.096218,0,0.013823,0.014416,0.0,0.982553,0.005407,0.0,0.005496,0.015666,0.103613,0.061013,0.183582,0.062204,0.37377,0.574421,0.171055,0.273913,0.178891,0,0.281172,0.392949,0.36275,0.774573,0.325608,0,0,0,0,0,0,0,0,0,0,0,0,0,0
4,6614,9232,12548,4093,2243,14622,6910,2944,7946,4344,6298,13098,14168,105060,1849,3213,2511,790,742,2868,2117,236,430,819,830,4852,6886,28143,1827,549,667,5130,1,2808,837,392,80,1197,1151,3239,5867,23745,1659,2943,1285,404,94,2986,1956,292,1180,1437,529,3257,3552,21574,719,98,293,365,97,676,242,26,131,812,242,1050,259,5010,4027,2046,5101,5629,1906,9380,6467,1545,4260,4404,3726,8083,11292,67866,166,336,793,616,52,282,181,51,1121,98,114,2390,1016,7216,75,4,24,1,0,21,3,0,2,0,1,22,25,178,1794,2832,2402,300,187,3916,730,666,190,997,777,3406,1589,19786,2140,3292,2924,1267,1041,5361,1366,970,3353,3271,482,5483,7100,38050,0,3,72,6,0,0,0,0,0,0,2,107,143,333,132,0,0,25,0,7,4,1,172,2,0,5,8,356,13,69,37,124,36,102,90,29,0,60,83,230,483,1356,0,0,0,0,0,0,0,0,0,0,0,0,0,0,44.837638,31.977832,30.020575,15.146917,37.894915,25.264358,24.904491,19.505731,50.047238,23.488699,23.128902,23.996482,24.661015,26.752566,12.534743,11.1292,6.007464,2.923544,12.535901,4.955422,7.629929,1.563639,2.70832,4.428463,3.048109,8.889215,11.985866,7.166357,12.385601,1.901628,1.59577,18.984531,0.016895,4.851752,3.016651,2.597231,0.503874,6.472369,4.226956,5.934082,10.212181,6.046446,11.246695,10.193973,3.07431,1.495078,1.588106,5.159306,7.049665,1.934672,7.432135,7.770088,1.94271,5.967059,6.18266,5.493621,4.874246,0.339453,0.70099,1.350751,1.63879,1.168014,0.872198,0.172265,0.825093,4.390613,0.888726,1.923676,0.450819,1.275751,27.299844,7.086941,12.203933,20.831175,32.201385,16.207063,23.307864,10.236533,26.831265,23.813129,13.683437,14.80864,19.65501,17.281455,1.125347,1.163838,1.89722,2.279624,0.878527,0.487249,0.652346,0.337905,7.060528,0.529902,0.418656,4.378653,1.768464,1.837488,0.50844,0.013855,0.057419,0.003701,0,0.036284,0.010812,0.0,0.012597,0.0,0.003672,0.040306,0.043515,0.050396,12.161887,9.809491,5.746686,1.110206,3.159317,6.76619,2.63101,4.412642,1.1967,5.390938,2.85347,6.240038,2.765835,5.038323,14.507491,11.40284,6.99555,4.688772,17.58743,9.262907,4.923232,6.42682,21.118599,17.686817,1.770107,10.045252,12.358358,9.689084,0.0,0.010391,0.172257,0.022204,0,0.0,0.0,0,0,0,0.007345,0.196032,0.248908,0.140534,0.894855,0,0.0,0.092517,0,0.012095,0.014416,0.006626,1.083328,0.010814,0.0,0.00916,0.013925,0.123229,0.08813,0.239002,0.088521,0.458885,0.608211,0.176239,0.324371,0.192142,0,0.32443,0.304811,0.421377,0.840716,0.359841,0,0,0,0,0,0,0,0,0,0,0,0,0,0
5,6566,9202,12347,4122,2216,14349,6843,2899,8051,4349,6145,12973,13812,103874,1843,3132,2540,744,733,2892,2155,264,413,843,823,4710,6695,27787,1750,533,675,5132,0,2843,773,406,84,1241,1126,3250,5758,23571,1699,3045,1289,384,101,3012,1995,292,1217,1463,526,3308,3563,21894,735,103,285,341,98,678,236,29,124,821,228,1010,250,4938,3816,2045,4833,5545,1710,8849,6108,1374,4165,4383,3487,7680,10109,64104,149,315,761,597,55,277,209,59,1158,98,91,2427,1013,7209,71,4,17,0,0,17,3,1,2,0,1,24,23,163,1644,2581,2028,421,165,3614,763,677,187,1029,733,3035,1465,18342,2184,3312,2970,1145,1055,5369,1397,1027,3419,3326,413,5655,7245,38517,0,4,82,3,0,1,0,0,0,0,4,109,167,370,126,0,0,20,0,11,4,1,195,1,2,4,8,372,13,67,39,122,35,104,107,32,0,62,93,253,491,1418,0,0,0,0,0,0,0,0,0,0,0,0,0,0,44.512236,31.873918,29.539691,15.254237,37.438757,24.79266,24.663014,19.20758,50.708572,23.515735,22.567022,23.767473,24.041357,26.450561,12.494068,10.848632,6.076846,2.753312,12.383849,4.99689,7.766885,1.749155,2.601247,4.558235,3.022402,8.62906,11.653409,7.075705,11.863602,1.846207,1.61491,18.991932,0.0,4.912226,2.785987,2.689989,0.529067,6.710284,4.135145,5.954235,10.022454,6.093989,11.517863,10.547281,3.08388,1.421064,1.706369,5.20423,7.190226,1.934672,7.665176,7.910674,1.931693,6.060495,6.201807,5.575106,4.982713,0.356772,0.681851,1.261935,1.655685,1.17147,0.850573,0.192142,0.781004,4.439278,0.837312,1.850393,0.435153,1.257416,25.869433,7.083478,11.562754,20.520317,28.890015,15.289585,22.013984,9.103558,26.232916,23.699578,12.805729,14.070315,17.595864,16.323496,1.010101,1.091098,1.820661,2.209311,0.929211,0.478609,0.753262,0.39091,7.293569,0.529902,0.33419,4.446439,1.763242,1.835706,0.481323,0.013855,0.040672,0.0,0,0.029373,0.010812,0.006626,0.012597,0.0,0.003672,0.04397,0.040034,0.047762,11.145007,8.940076,4.851907,1.55799,2.787633,6.244385,2.749946,4.485523,1.177804,5.563967,2.691884,5.560339,2.549999,4.670622,14.805776,11.472116,7.105603,4.237288,17.823957,9.27673,5.03496,6.804479,21.534295,17.984211,1.51671,10.360369,12.610747,9.808001,0.0,0.013855,0.196182,0.011102,0,0.001728,0.0,0,0,0,0.01469,0.199696,0.290682,0.125496,0.854179,0,0.0,0.074014,0,0.019006,0.014416,0.006626,1.228192,0.005407,0.007345,0.007328,0.013925,0.117676,0.08813,0.232075,0.093306,0.451484,0.591316,0.179695,0.385641,0.212019,0,0.335244,0.341535,0.463514,0.854641,0.376294,0,0,0,0,0,0,0,0,0,0,0,0,0,0
6,6509,9228,11903,4018,2178,14208,6793,2870,8157,4406,6097,12916,13450,102733,1850,3123,2515,765,730,2867,2129,264,422,831,816,4735,6496,27543,1716,544,644,4750,0,2753,734,409,86,1253,1129,3224,5478,22720,1725,3118,1366,396,99,3110,2057,305,1238,1498,527,3315,3648,22402,756,98,282,343,99,666,234,23,112,828,202,960,242,4845,3672,2050,4656,5082,1612,8573,5937,1224,4174,4243,3374,7520,9254,61371,166,352,750,505,53,232,200,41,1211,101,109,2492,1057,7269,72,4,17,0,0,16,3,2,2,0,2,22,21,161,1528,2521,1800,555,166,3526,754,663,228,1040,710,2829,1370,17690,2280,3377,2943,1090,1070,5468,1407,971,3382,3351,438,5715,7386,38878,0,3,91,3,0,1,0,0,0,0,3,118,162,381,132,0,0,25,0,7,6,0,222,1,0,3,12,408,15,78,39,121,39,104,107,29,0,69,94,266,521,1482,0,0,0,0,0,0,0,0,0,0,0,0,0,0,44.125822,31.963976,28.477439,14.869366,36.796756,24.549036,24.482808,19.015438,51.376205,23.823943,22.390746,23.663045,23.411255,26.160016,12.541523,10.817458,6.017034,2.831027,12.333164,4.953694,7.673178,1.749155,2.657933,4.493349,2.996695,8.674862,11.307027,7.013572,11.63311,1.884309,1.540744,17.57827,0.0,4.756721,2.645426,2.709866,0.541664,6.77517,4.146162,5.906601,9.535082,5.873973,11.694122,10.800139,3.268099,1.465473,1.67258,5.373557,7.413681,2.020804,7.797443,8.099924,1.935365,6.07332,6.349759,5.704464,5.125076,0.339453,0.674673,1.269336,1.67258,1.150736,0.843365,0.152389,0.705423,4.477128,0.741829,1.758789,0.421229,1.233735,24.893228,7.100797,11.139289,18.806898,27.23433,14.812703,21.397679,8.10972,26.289601,22.942576,12.390746,13.777183,16.10764,15.627562,1.125347,1.219259,1.794344,1.868848,0.895422,0.400857,0.720825,0.271649,7.627386,0.546123,0.400294,4.565524,1.839829,1.850984,0.488103,0.013855,0.040672,0.0,0,0.027645,0.010812,0.013251,0.012597,0.0,0.007345,0.040306,0.036553,0.047176,10.35862,8.732248,4.306426,2.053882,2.804528,6.092335,2.717509,4.392765,1.43604,5.623445,2.607418,5.182932,2.384641,4.504596,15.456579,11.697264,7.041007,4.03375,18.077378,9.447785,5.071001,6.433446,21.301253,18.11939,1.60852,10.470293,12.856173,9.899926,0.0,0.010391,0.217714,0.011102,0,0.001728,0.0,0,0,0,0.011017,0.216185,0.281979,0.129227,0.894855,0,0.0,0.092517,0,0.012095,0.021625,0.0,1.398249,0.005407,0.0,0.005496,0.020887,0.149014,0.101688,0.270177,0.093306,0.447783,0.658895,0.179695,0.385641,0.192142,0,0.373094,0.345207,0.487331,0.90686,0.393278,0,0,0,0,0,0,0,0,0,0,0,0,0,0
7,6423,9017,11683,3975,2080,13961,6725,2762,8364,4369,6148,12824,13254,101585,1856,3081,2456,683,738,2836,2131,240,431,837,846,4511,6188,26834,1690,518,641,4362,0,2651,694,385,90,1233,1289,3088,5318,21959,1774,3156,1385,339,101,3133,2105,294,1290,1513,584,3439,3664,22777,769,110,288,300,103,649,230,22,118,834,249,926,231,4829,3556,2094,4470,4529,1539,8346,5762,1053,4198,4233,3461,7292,8837,59370,181,355,719,472,54,270,219,58,1232,105,117,2519,1089,7390,54,6,22,0,0,20,4,2,2,0,2,21,18,151,1409,2479,1643,651,145,3401,773,620,262,1066,779,2732,1268,17228,2242,3426,2926,1064,1077,5523,1425,949,3429,3317,446,5810,7377,39011,0,5,92,4,0,2,0,0,0,0,7,134,166,410,117,0,0,33,0,10,5,0,235,2,1,5,8,416,19,86,33,148,36,113,107,32,0,73,110,257,510,1524,0,0,0,0,0,0,0,0,0,0,0,0,0,0,43.542811,31.233114,27.951098,14.710236,35.141071,24.122261,24.237728,18.299874,52.679977,23.623878,22.578039,23.494495,23.070095,25.867689,12.582198,10.671978,5.875879,2.52757,12.468322,4.900131,7.680386,1.590141,2.714619,4.525792,3.106867,8.264478,10.770918,6.833032,11.45685,1.79425,1.533566,16.142402,0.0,4.580482,2.501261,2.550851,0.566858,6.667027,4.73375,5.657439,9.256584,5.677226,12.026303,10.931763,3.313556,1.254533,1.706369,5.413297,7.586679,1.947923,8.124961,8.181032,2.144693,6.300496,6.377609,5.799954,5.213206,0.381018,0.689028,1.110206,1.740159,1.121363,0.828948,0.145763,0.743213,4.509571,0.914433,1.696499,0.402082,1.229661,24.10684,7.253204,10.694292,16.760417,26.001014,14.420485,20.766957,6.976744,26.440763,22.888504,12.710246,13.359471,15.381804,15.118026,1.227035,1.22965,1.720178,1.746725,0.912316,0.466515,0.789303,0.384284,7.759652,0.567752,0.429673,4.61499,1.895528,1.881796,0.366077,0.020783,0.052634,0.0,0,0.034557,0.014416,0.013251,0.012597,0.0,0.007345,0.038474,0.031331,0.044246,9.551895,8.586768,3.93081,2.409148,2.449738,5.876356,2.785987,4.107865,1.650186,5.764032,2.860815,5.005221,2.207098,4.386952,15.19897,11.86699,7.000335,3.937532,18.195641,9.542816,5.135875,6.287683,21.597279,17.935547,1.637899,10.64434,12.840508,9.933793,0.0,0.017319,0.220106,0.014803,0,0.003456,0.0,0,0,0,0.025707,0.245498,0.288942,0.139063,0.793167,0,0.0,0.122123,0,0.017278,0.018021,0.0,1.480128,0.010814,0.003672,0.00916,0.013925,0.138192,0.128805,0.297887,0.078951,0.547702,0.608211,0.195245,0.385641,0.212019,0,0.394723,0.403966,0.470843,0.887713,0.404423,0,0,0,0,0,0,0,0,0,0,0,0,0,0
8,6315,9013,11334,3934,2062,13568,6607,2766,8417,4416,6110,12548,12852,99942,1828,3065,2317,625,720,2782,2118,255,442,824,877,4431,5946,26230,1637,526,641,3952,0,2589,661,360,94,1242,1203,3068,5033,21006,1787,3229,1381,364,107,3111,2114,318,1352,1527,596,3461,3735,23082,787,97,262,288,101,596,221,22,109,846,277,927,228,4761,3450,2047,4364,4057,1472,8083,5559,1044,4208,4201,3464,7160,8541,57650,180,329,694,444,59,281,224,45,1255,102,139,2576,1092,7420,55,6,18,0,0,18,4,2,2,0,3,18,25,151,1293,2456,1607,626,155,3233,769,544,304,1097,791,2648,1233,16756,2303,3476,2883,1059,1092,5514,1418,944,3439,3339,503,5903,7444,39317,0,5,104,6,0,1,0,0,0,0,3,140,159,418,137,0,0,26,0,7,3,3,246,1,2,7,9,441,17,85,38,127,40,112,107,29,0,72,108,271,547,1553,0,0,0,0,0,0,0,0,0,0,0,0,0,0,42.810657,31.219259,27.11613,14.558508,34.836966,23.443223,23.812441,18.326376,53.013794,23.878014,22.438487,22.988843,22.370368,25.449314,12.39238,10.616557,5.543327,2.31293,12.164217,4.806828,7.633533,1.689525,2.783901,4.455499,3.220712,8.117912,10.349689,6.679229,11.097553,1.821961,1.533566,14.62512,0.0,4.473357,2.382325,2.385212,0.592051,6.715692,4.417921,5.620798,8.760509,5.43084,12.114433,11.184621,3.303986,1.347051,1.807738,5.375285,7.619116,2.106937,8.515463,8.256732,2.188762,6.340802,6.501192,5.87762,5.335232,0.335989,0.626824,1.065798,1.706369,1.029788,0.796511,0.145763,0.686528,4.574457,1.01726,1.698331,0.39686,1.212345,23.388245,7.090405,10.440691,15.013693,24.869066,13.966065,20.03532,6.917114,26.503748,22.715475,12.721263,13.117637,14.866582,14.680044,1.220256,1.139591,1.660367,1.643106,0.99679,0.485521,0.807324,0.298151,7.904516,0.55153,0.510466,4.719418,1.90075,1.889435,0.372856,0.020783,0.043064,0.0,0,0.031101,0.014416,0.013251,0.012597,0.0,0.011017,0.032977,0.043515,0.044246,8.765507,8.507101,3.844682,2.316631,2.618686,5.586081,2.771571,3.60432,1.914719,5.931654,2.904884,4.851327,2.146177,4.266762,15.612501,12.04018,6.897459,3.919029,18.449062,9.527265,5.110647,6.254555,21.660263,18.054504,1.847227,10.814723,12.957129,10.011713,0.0,0.017319,0.248816,0.022204,0,0.001728,0.0,0,0,0,0.011017,0.25649,0.276758,0.141777,0.928751,0,0.0,0.096218,0,0.012095,0.010812,0.019877,1.549411,0.005407,0.007345,0.012825,0.015666,0.139503,0.115246,0.294423,0.090913,0.469987,0.67579,0.193517,0.385641,0.192142,0,0.389315,0.396621,0.496492,0.952116,0.412119,0,0,0,0,0,0,0,0,0,0,0,0,0,0
9,6241,8984,10953,3745,1998,13274,6502,2651,8473,4345,5699,12300,12566,97731,1807,3044,2179,575,700,2721,2090,233,457,808,820,4291,5556,25281,1617,520,613,3633,0,2534,641,376,96,1223,1106,2889,4953,20201,1799,3204,1340,320,108,3132,2201,335,1400,1519,561,3432,3727,23078,792,91,257,284,97,581,210,27,109,861,225,877,222,4633,3349,2034,4275,3708,1444,7940,5458,967,4146,4075,3274,6890,8235,55795,167,357,761,416,62,283,235,52,1267,107,117,2561,1112,7497,50,7,19,1,0,18,5,2,2,0,1,22,12,139,1184,2385,1587,612,148,3096,730,551,331,1093,734,2548,1222,16221,2310,3481,2930,1001,1083,5449,1443,925,3393,3276,430,5930,7531,39182,0,4,105,5,0,2,0,0,0,0,3,141,168,428,124,0,0,23,0,9,9,1,251,1,0,7,10,435,22,86,44,145,46,113,116,32,0,78,103,280,543,1608,0,0,0,0,0,0,0,0,0,0,0,0,0,0,42.308996,31.118808,26.204603,13.859078,33.755702,22.935241,23.434009,17.564434,53.366505,23.494106,20.929122,22.534489,21.872552,24.886303,12.250017,10.543817,5.213168,2.127896,11.826322,4.701431,7.532617,1.543762,2.878378,4.368985,3.011385,7.861422,9.67085,6.437575,10.961969,1.801178,1.466577,13.444601,0.0,4.378326,2.310243,2.491221,0.604648,6.612956,4.061697,5.292857,8.62126,5.222717,12.195783,11.098026,3.205895,1.18422,1.824633,5.41157,7.932675,2.219572,8.817787,8.213475,2.060228,6.287672,6.487267,5.876601,5.369128,0.315206,0.614862,1.050995,1.63879,1.00387,0.756866,0.178891,0.686528,4.655564,0.826295,1.606727,0.386416,1.179751,22.703546,7.045376,10.227762,13.722152,24.396013,13.718985,19.671304,6.406944,26.113246,22.034173,12.023503,12.622978,14.333954,14.207685,1.132127,1.236578,1.820661,1.539486,1.047474,0.488976,0.846969,0.344531,7.980097,0.578566,0.429673,4.691937,1.935562,1.909042,0.33896,0.024247,0.045457,0.003701,0,0.031101,0.018021,0.013251,0.012597,0.0,0.003672,0.040306,0.020887,0.037741,8.026574,8.261171,3.796832,2.264821,2.500422,5.349368,2.63101,3.650699,2.084777,5.910025,2.695556,4.66812,2.12703,4.130529,15.659955,12.057499,7.009905,3.704389,18.29701,9.414956,5.20075,6.128669,21.370536,17.713853,1.579141,10.864188,13.108562,9.977337,0.0,0.013855,0.251208,0.018503,0,0.003456,0.0,0,0,0,0.011017,0.258322,0.292423,0.145168,0.840621,0,0.0,0.085116,0,0.01555,0.032437,0.006626,1.580903,0.005407,0.0,0.012825,0.017406,0.150575,0.149142,0.297887,0.105268,0.5366,0.777158,0.195245,0.418078,0.212019,0,0.421758,0.378259,0.51298,0.945153,0.426714,0,0,0,0,0,0,0,0,0,0,0,0,0,0
10,6164,8804,10902,3644,1951,13120,6283,2667,8429,4301,5626,12139,12311,96341,1784,3083,2100,543,690,2706,2068,202,454,782,811,4227,5381,24831,1594,516,608,3366,0,2468,613,361,98,1172,1060,2958,4801,19615,1822,3254,1371,285,101,3155,2232,351,1405,1502,545,3440,3768,23231,802,87,263,278,90,597,196,22,102,839,229,882,228,4615,3222,2008,4138,3339,1387,7670,5279,941,4056,4020,3347,6851,8074,54332,177,347,682,396,61,265,240,59,1283,112,114,2594,1097,7427,63,6,20,0,0,16,5,1,2,1,0,27,16,157,1110,2396,1538,608,158,3055,745,505,346,1093,780,2532,1199,16065,2300,3499,2890,918,1071,5479,1390,974,3325,3239,443,5873,7440,38841,0,6,111,4,0,1,0,0,0,0,8,145,165,440,116,0,0,32,0,8,5,0,257,1,0,6,11,436,18,102,43,141,47,110,111,34,0,81,108,293,555,1643,0,0,0,0,0,0,0,0,0,0,0,0,0,0,41.786997,30.495324,26.082588,13.485308,32.961649,22.669155,22.644706,17.670443,53.089375,23.256191,20.661036,22.239525,21.428696,24.532352,12.094095,10.678905,5.024164,2.009474,11.657375,4.675513,7.453327,1.338369,2.859482,4.228398,2.978333,7.744169,9.366243,6.322986,10.806047,1.787322,1.454615,12.456517,0.0,4.264289,2.209327,2.391837,0.617245,6.33719,3.892765,5.41927,8.356687,5.071214,12.351705,11.271216,3.280061,1.054696,1.706369,5.45131,8.044403,2.325581,8.849279,8.121553,2.001469,6.302329,6.558633,5.915561,5.43692,0.301351,0.629217,1.028791,1.520527,1.031516,0.706408,0.145763,0.642439,4.536606,0.840984,1.615888,0.39686,1.175167,21.842587,6.955317,9.899995,12.356598,23.433012,13.252471,19.026166,6.234678,25.546388,21.736779,12.29159,12.551527,14.053715,13.835146,1.199919,1.20194,1.631657,1.465473,1.030579,0.457875,0.86499,0.39091,8.080872,0.605602,0.418656,4.752395,1.909453,1.891217,0.42709,0.020783,0.047849,0.0,0,0.027645,0.018021,0.006626,0.012597,0.005407,0.0,0.049466,0.02785,0.047213,7.524914,8.299273,3.679602,2.250019,2.66937,5.278527,2.685072,3.345922,2.179253,5.910025,2.864488,4.638807,2.086996,4.090805,15.592163,12.119848,6.914206,3.397232,18.094273,9.466791,5.009731,6.453323,20.942243,17.513788,1.626882,10.75976,12.950166,9.890504,0.0,0.020783,0.265563,0.014803,0,0.001728,0.0,0,0,0,0.029379,0.26565,0.287201,0.149239,0.786387,0,0.0,0.118422,0,0.013823,0.018021,0.0,1.618694,0.005407,0.0,0.010992,0.019147,0.15924,0.122026,0.353308,0.102876,0.521797,0.794053,0.190062,0.400058,0.22527,0,0.43798,0.396621,0.536797,0.966041,0.436002,0,0,0,0,0,0,0,0,0,0,0,0,0,0
11,6133,8741,10467,3513,1912,12642,6182,2577,8322,4269,5444,11923,11947,94072,1747,3015,2009,523,672,2640,2021,233,449,780,761,4115,5140,24105,1569,513,566,3214,0,2379,599,344,102,1175,1109,2796,4717,19083,1821,3242,1359,307,101,3107,2251,301,1432,1512,561,3407,3747,23148,816,88,244,273,94,568,198,22,106,839,211,884,218,4561,3114,1995,3984,3112,1372,7509,5159,896,3917,3915,3252,6718,7862,52805,179,367,668,369,55,262,221,53,1300,101,130,2547,1144,7396,47,5,26,1,0,18,9,1,1,0,1,34,14,157,1066,2381,1490,575,161,3100,752,535,320,1105,813,2478,1157,15933,2285,3441,2878,954,1067,5350,1357,886,3318,3194,429,6032,7447,38638,0,6,126,2,0,1,0,0,0,0,5,145,160,445,117,0,0,30,0,9,7,1,262,1,1,7,8,443,24,94,48,153,43,112,118,25,0,77,119,290,570,1673,0,0,0,0,0,0,0,0,0,0,0,0,0,0,41.576842,30.277104,25.041868,13.000518,32.302754,21.843251,22.280689,17.07414,52.415444,23.083162,19.992655,21.843798,20.795112,23.954572,11.843265,10.443367,4.80645,1.93546,11.353269,4.561476,7.283933,1.543762,2.82799,4.217584,2.794712,7.538977,8.946755,6.138117,10.636567,1.776931,1.354132,11.894012,0.0,4.110512,2.15887,2.279202,0.642439,6.353412,4.072714,5.122474,8.210475,4.933672,12.344926,11.22965,3.251352,1.136111,1.706369,5.368374,8.112881,1.994302,9.019336,8.175625,2.060228,6.24187,6.52208,5.894426,5.531828,0.304815,0.58376,1.010288,1.588106,0.981409,0.713616,0.145763,0.667632,4.536606,0.774881,1.619552,0.379454,1.161417,21.110433,6.910287,9.531557,11.516542,23.179591,12.97429,18.593671,5.936527,24.670908,21.169028,11.94271,12.307861,13.684705,13.446309,1.213477,1.271216,1.598163,1.365554,0.929211,0.452692,0.796511,0.351156,8.187945,0.546123,0.477415,4.666288,1.991262,1.883324,0.318622,0.017319,0.062204,0.003701,0,0.031101,0.032437,0.006626,0.006298,0.0,0.003672,0.06229,0.024369,0.042629,7.226629,8.247316,3.564764,2.127896,2.720054,5.356279,2.710301,3.54469,2.015494,5.974911,2.985678,4.539875,2.01389,4.057192,15.490475,11.918947,6.885497,3.530457,18.026694,9.243901,4.890795,5.870271,20.898155,17.270466,1.575468,11.05106,12.962351,9.838812,0.0,0.020783,0.30145,0.007401,0,0.001728,0.0,0,0,0,0.018362,0.26565,0.278498,0.150934,0.793167,0,0.0,0.111021,0,0.01555,0.025229,0.006626,1.650186,0.005407,0.003672,0.012825,0.013925,0.140135,0.162701,0.325598,0.114838,0.566205,0.726474,0.193517,0.425287,0.16564,0,0.416351,0.437018,0.531301,0.99215,0.443963,0,0,0,0,0,0,0,0,0,0,0,0,0,0
12,6029,8604,10296,3506,1870,12360,6001,2531,8239,4219,5430,11591,11629,92305,1709,2943,1888,490,653,2555,1984,218,441,765,776,3993,4959,23374,1543,469,592,2950,0,2296,592,337,103,1154,1040,2672,4629,18377,1829,3189,1346,281,96,3006,2186,307,1445,1495,521,3296,3736,22733,823,92,231,266,97,557,202,19,101,810,211,858,201,4468,3043,1903,3898,3021,1343,7198,5000,887,3754,3749,3182,6591,7566,51135,178,365,634,367,59,258,240,54,1296,101,117,2562,1125,7356,55,7,24,0,0,18,5,0,1,1,1,21,16,149,1022,2328,1498,536,146,3019,753,505,313,1115,812,2438,1161,15646,2299,3396,2741,975,1030,5315,1331,943,3279,3103,425,5921,7304,38062,0,3,117,5,0,1,0,0,0,0,3,157,180,466,123,0,0,31,0,8,5,0,274,1,0,5,8,455,19,95,47,135,38,117,111,27,0,77,106,312,561,1645,0,0,0,0,0,0,0,0,0,0,0,0,0,0,40.871805,29.802563,24.632758,12.974613,31.593175,21.356002,21.628343,16.769363,51.892675,22.812804,19.941241,21.23555,20.241597,23.504622,11.585655,10.193973,4.516963,1.813337,11.032269,4.414611,7.15058,1.444378,2.777603,4.136477,2.849798,7.315465,8.631704,5.951975,10.460308,1.624524,1.416336,10.917031,0.0,3.967102,2.133641,2.232823,0.648737,6.239862,3.819317,4.895297,8.057301,4.751145,12.399159,11.046069,3.22025,1.039893,1.621896,5.193863,7.878613,2.034056,9.101216,8.083703,1.913331,6.03851,6.502933,5.78875,5.579283,0.31867,0.552658,0.984383,1.63879,0.962402,0.728033,0.125886,0.63614,4.379799,0.774881,1.571918,0.349863,1.137735,20.62911,6.591618,9.325805,11.179779,22.689644,12.436934,18.020616,5.876897,23.644265,20.271439,11.685641,12.075188,13.169484,13.021059,1.206698,1.264288,1.516819,1.358153,0.99679,0.445781,0.86499,0.357782,8.162751,0.546123,0.429673,4.693769,1.95819,1.873138,0.372856,0.024247,0.057419,0.0,0,0.031101,0.018021,0.0,0.006298,0.005407,0.003672,0.038474,0.02785,0.043229,6.928344,8.063734,3.583904,1.983569,2.466633,5.216325,2.713905,3.345922,1.971405,6.028982,2.982005,4.466592,2.020853,3.98411,15.585384,11.763076,6.55773,3.608171,17.401588,9.183427,4.797088,6.24793,20.652516,16.778415,1.560779,10.8477,12.713443,9.692139,0.0,0.010391,0.279918,0.018503,0,0.001728,0.0,0,0,0,0.011017,0.287635,0.31331,0.158057,0.833842,0,0.0,0.114721,0,0.013823,0.018021,0.0,1.725767,0.005407,0.0,0.00916,0.013925,0.16618,0.128805,0.329061,0.112446,0.499593,0.642,0.202156,0.400058,0.178891,0,0.416351,0.389277,0.571607,0.976484,0.436533,0,0,0,0,0,0,0,0,0,0,0,0,0,0
13,5931,8408,10081,3461,1840,12053,5841,2485,8117,4156,5319,11405,11327,90424,1674,2926,1803,458,648,2570,1916,211,434,729,727,3843,4752,22691,1482,459,565,2948,0,2273,553,329,106,1130,970,2559,4442,17816,1806,3143,1351,294,98,3033,2163,286,1444,1539,526,3300,3698,22681,817,100,217,218,98,568,173,18,96,796,182,855,190,4328,2946,1883,3847,2760,1255,7075,4821,815,3639,3624,3040,6398,7361,49464,178,361,625,361,57,266,236,52,1296,96,122,2527,1122,7299,49,7,20,0,0,14,7,2,1,1,0,26,18,145,974,2282,1458,457,151,2922,759,516,313,1153,821,2430,1166,15402,2264,3372,2806,929,997,5250,1286,927,3243,3032,444,5961,7300,37811,0,1,123,4,0,1,0,0,0,0,4,167,168,468,133,0,0,26,0,12,5,1,275,1,1,5,9,468,21,102,50,139,36,110,106,31,0,78,105,327,544,1649,0,0,0,0,0,0,0,0,0,0,0,0,0,0,40.207444,29.123658,24.118379,12.808082,31.086332,20.825558,21.051683,16.464586,51.124268,22.472153,19.533603,20.894784,19.715932,23.025642,11.348383,10.135088,4.313604,1.694915,10.947795,4.440528,6.9055,1.397999,2.733514,3.941819,2.669849,7.040654,8.271396,5.778055,10.046776,1.589886,1.351739,10.909629,0.0,3.927362,1.99308,2.179818,0.667632,6.11009,3.562248,4.688273,7.731806,4.606105,12.243238,10.886734,3.232212,1.088002,1.655685,5.240514,7.795718,1.894918,9.094917,8.321618,1.931693,6.045838,6.43679,5.775509,5.538608,0.34638,0.519164,0.80675,1.655685,0.981409,0.623513,0.119261,0.604648,4.304099,0.66838,1.566422,0.330717,1.102086,19.971527,6.522342,9.20379,10.2139,21.202906,12.224411,17.375478,5.399854,22.919947,19.595545,11.164157,11.721598,12.812658,12.595554,1.206698,1.250433,1.495287,1.335948,0.963001,0.459603,0.850573,0.344531,8.162751,0.519087,0.448035,4.629647,1.952969,1.858623,0.332181,0.024247,0.047849,0.0,0,0.02419,0.025229,0.013251,0.006298,0.005407,0.0,0.047634,0.031331,0.043604,6.602942,7.904399,3.488205,1.691215,2.551107,5.048725,2.735529,3.418803,1.971405,6.234454,3.015057,4.451936,2.029556,3.921978,15.348112,11.679945,6.71324,3.437939,16.844061,9.071118,4.634902,6.14192,20.425773,16.394506,1.630555,10.920983,12.70648,9.628224,0.0,0.003464,0.294272,0.014803,0,0.001728,0.0,0,0,0,0.01469,0.305956,0.292423,0.158736,0.901634,0,0.0,0.096218,0,0.020734,0.018021,0.006626,1.732065,0.005407,0.003672,0.00916,0.015666,0.148044,0.142363,0.353308,0.119623,0.514396,0.608211,0.190062,0.382037,0.205393,0,0.421758,0.385604,0.599088,0.946894,0.437594,0,0,0,0,0,0,0,0,0,0,0,0,0,0
14,5788,8249,9747,3355,1774,11745,5736,2525,8042,4040,5205,11202,10999,88407,1630,2791,1772,444,641,2546,1889,219,430,733,754,3774,4514,22137,1449,455,533,2865,2,2235,541,316,104,1093,978,2563,4331,17465,1768,3121,1303,300,98,2946,2130,307,1433,1492,468,3237,3653,22256,830,86,248,233,96,559,174,18,86,791,163,837,196,4317,2813,1830,3623,2557,1233,6725,4684,820,3527,3530,2961,6223,7116,47642,184,363,666,365,60,260,238,46,1298,96,127,2579,1155,7437,40,7,15,1,0,10,9,1,1,2,2,32,15,135,916,2251,1371,464,166,2925,776,506,305,1126,843,2369,1147,15165,2250,3309,2785,927,985,5146,1247,875,3184,2993,435,5912,7212,37260,0,2,127,7,0,1,0,0,0,0,0,170,180,487,124,0,0,26,0,10,4,1,282,1,0,5,11,464,18,94,41,144,38,103,112,24,0,66,115,313,574,1642,0,0,0,0,0,0,0,0,0,0,0,0,0,0,39.238018,28.572913,23.319298,12.415809,29.971279,20.293386,20.67325,16.72961,50.651886,21.844923,19.114947,20.522873,19.145011,22.512032,11.050098,9.667475,4.239437,1.643106,10.829532,4.39906,6.808189,1.451004,2.70832,3.963448,2.769005,6.914241,7.85713,5.636984,9.823063,1.57603,1.275181,10.602472,0.033789,3.861704,1.949831,2.093686,0.655036,5.910025,3.591627,4.695601,7.538598,4.447302,11.985628,10.81053,3.117374,1.110206,1.655685,5.090193,7.676782,2.034056,9.025635,8.067481,1.718693,5.930418,6.358462,5.667286,5.626737,0.297887,0.59333,0.86226,1.621896,0.965858,0.627117,0.119261,0.541664,4.277063,0.598604,1.533444,0.34116,1.099284,19.069894,6.33876,8.667879,9.46266,20.831221,11.61967,16.881713,5.432982,22.214524,19.087272,10.874036,11.400986,12.386207,12.131598,1.247373,1.257361,1.593378,1.350751,1.013685,0.449236,0.857781,0.304777,8.175348,0.519087,0.466397,4.724914,2.010409,1.893764,0.271168,0.024247,0.035887,0.003701,0,0.017278,0.032437,0.006626,0.006298,0.010814,0.007345,0.058626,0.026109,0.034903,6.209748,7.797021,3.280061,1.717119,2.804528,5.053908,2.7968,3.352548,1.921018,6.088461,3.09585,4.340179,1.996484,3.861628,15.253203,11.461725,6.662998,3.430538,16.641325,8.891423,4.494342,5.79739,20.054166,16.183627,1.597503,10.831211,12.553306,9.487917,0.0,0.006928,0.303842,0.025905,0,0.001728,0.0,0,0,0,0.0,0.311452,0.31331,0.181988,0.840621,0,0.0,0.096218,0,0.017278,0.014416,0.006626,1.776154,0.005407,0.0,0.00916,0.019147,0.160613,0.122026,0.325598,0.098091,0.532899,0.642,0.177967,0.403662,0.159014,0,0.356872,0.422328,0.573439,0.999112,0.435737,0,0,0,0,0,0,0,0,0,0,0,0,0,0
15,5721,8159,9622,3327,1762,11492,5569,2482,7904,4015,5037,10889,10753,86732,1610,2771,1697,420,625,2443,1817,193,411,715,715,3755,4351,21523,1407,453,485,2619,1,2169,526,326,101,1084,946,2478,4166,16761,1801,3112,1296,275,98,2898,2133,280,1442,1465,506,3259,3616,22181,829,95,222,240,101,551,179,22,84,793,187,821,200,4324,2767,1786,3595,2533,1233,6611,4454,832,3425,3395,2785,6044,6867,46327,186,351,618,351,62,249,233,52,1308,93,122,2552,1122,7299,56,8,21,1,0,18,10,2,1,1,1,38,24,181,881,2193,1404,445,159,2916,795,492,285,1125,842,2395,1148,15080,2246,3256,2772,903,990,4988,1186,845,3155,2929,433,5876,7022,36601,0,1,125,4,0,1,0,0,0,0,1,170,175,477,124,0,0,30,0,6,6,1,296,1,0,6,11,481,21,95,37,143,36,125,110,20,0,79,112,309,557,1644,0,0,0,0,0,0,0,0,0,0,0,0,0,0,38.783811,28.261171,23.02024,12.31219,29.768542,19.856244,20.071362,16.444709,49.782705,21.709744,18.49798,19.949435,18.71682,22.085508,10.914514,9.598199,4.060003,1.554289,10.559216,4.221093,6.548692,1.278738,2.58865,3.866119,2.62578,6.879431,7.57341,5.480635,9.538336,1.569103,1.160343,9.692103,0.016895,3.747667,1.895769,2.159942,0.63614,5.86136,3.474109,4.539875,7.251397,4.268035,12.209342,10.779356,3.100627,1.017689,1.655685,5.007257,7.687595,1.855165,9.08232,7.921488,1.858245,5.970723,6.294059,5.648188,5.619958,0.329061,0.531126,0.888165,1.706369,0.952035,0.645138,0.145763,0.529067,4.287877,0.686743,1.504131,0.348123,1.101067,18.75805,6.186353,8.60089,9.373844,20.831221,11.422697,16.052764,5.512489,21.572085,18.357305,10.22769,11.073045,11.952795,11.796746,1.260931,1.215795,1.47854,1.298942,1.047474,0.43023,0.839761,0.344531,8.238332,0.502866,0.448035,4.675448,1.952969,1.858623,0.379635,0.02771,0.050242,0.003701,0,0.031101,0.036041,0.013251,0.006298,0.005407,0.003672,0.069619,0.041775,0.046795,5.972476,7.596121,3.359012,1.646806,2.686265,5.038358,2.865278,3.259789,1.795049,6.083054,3.092178,4.387813,1.998225,3.839984,15.226086,11.278143,6.631896,3.341722,16.725798,8.618426,4.27449,5.598622,19.871512,15.837569,1.590158,10.765257,12.22259,9.320109,0.0,0.003464,0.299057,0.014803,0,0.001728,0.0,0,0,0,0.003672,0.311452,0.304607,0.161788,0.840621,0,0.0,0.111021,0,0.010367,0.021625,0.006626,1.864332,0.005407,0.0,0.010992,0.019147,0.166498,0.142363,0.329061,0.088521,0.529198,0.608211,0.215979,0.396454,0.132512,0,0.427166,0.411311,0.56611,0.969522,0.436268,0,0,0,0,0,0,0,0,0,0,0,0,0,0
16,5621,7940,9326,3231,1741,11162,5480,2476,7655,3943,4902,10580,10336,84393,1543,2648,1605,412,599,2356,1754,216,405,714,724,3531,4138,20645,1372,423,485,2629,1,2005,501,328,102,1050,872,2403,3999,16170,1797,3015,1282,345,105,2850,2116,317,1430,1456,486,3127,3549,21875,826,99,206,225,98,539,172,21,85,779,168,798,198,4214,2648,1742,3427,2488,1167,6272,4368,788,3347,3245,2601,5791,6566,44450,185,350,624,327,50,255,240,61,1281,103,122,2532,1104,7234,58,4,15,0,0,20,8,1,1,1,2,34,23,167,807,2146,1419,425,161,2858,777,478,278,1116,810,2362,1100,14737,2199,3194,2644,898,977,4861,1163,872,3075,2830,417,5747,6920,35797,0,3,127,6,0,1,0,0,0,0,3,175,167,482,124,0,0,37,0,9,4,0,295,1,0,9,12,491,23,104,44,157,36,102,110,32,0,79,120,316,546,1669,0,0,0,0,0,0,0,0,0,0,0,0,0,0,38.105891,27.502598,22.312072,11.956924,29.413752,19.28606,19.750595,16.404956,48.214398,21.320428,18.002203,19.383324,17.990984,21.489903,10.460308,9.172151,3.839897,1.524684,10.119953,4.070772,6.321632,1.431127,2.55086,3.860712,2.658832,6.469047,7.20266,5.25706,9.301064,1.465189,1.160343,9.72911,0.016895,3.464303,1.805666,2.173193,0.642439,5.677517,3.20235,4.40247,6.960714,4.117542,12.182225,10.443367,3.067132,1.276737,1.773948,4.924321,7.626325,2.100311,9.006739,7.872824,1.784796,5.72889,6.177438,5.570268,5.59962,0.342917,0.492847,0.832655,1.655685,0.931301,0.619909,0.139137,0.535366,4.212177,0.616967,1.461994,0.344642,1.073056,17.951325,6.033945,8.198957,9.207313,19.716168,10.836962,15.74281,5.220963,21.080809,17.546231,9.551965,10.60953,11.42887,11.318785,1.254152,1.212331,1.492894,1.210125,0.844737,0.440597,0.86499,0.404161,8.068275,0.556937,0.448035,4.638807,1.921638,1.842072,0.393194,0.013855,0.035887,0.0,0,0.034557,0.028833,0.006626,0.006298,0.005407,0.007345,0.06229,0.040034,0.046419,5.470816,7.433322,3.394899,1.572793,2.720054,4.938144,2.800404,3.167031,1.750961,6.03439,2.97466,4.327355,1.914675,3.752642,14.907464,11.063388,6.325662,3.323218,16.506167,8.398991,4.191595,5.777513,19.367639,15.30226,1.531399,10.528919,12.045047,9.115378,0.0,0.010391,0.303842,0.022204,0,0.001728,0.0,0,0,0,0.011017,0.320613,0.290682,0.163484,0.840621,0,0.0,0.136925,0,0.01555,0.014416,0.0,1.858034,0.005407,0.0,0.016489,0.020887,0.179328,0.155922,0.360236,0.105268,0.581008,0.608211,0.176239,0.396454,0.212019,0,0.427166,0.44069,0.578935,0.950375,0.442902,0,0,0,0,0,0,0,0,0,0,0,0,0,0
17,5535,7703,9047,3130,1689,10698,5326,2374,7578,3825,4807,10284,9967,81963,1486,2581,1551,399,582,2269,1700,201,388,705,670,3498,3992,20022,1336,421,480,2457,0,1896,471,332,107,990,911,2269,3823,15493,1768,2989,1290,371,99,2762,2072,314,1419,1399,524,3162,3485,21654,849,95,185,220,103,537,165,19,83,790,175,786,203,4210,2591,1700,3386,2373,1156,5941,4227,733,3267,3062,2615,5601,6333,42985,182,343,629,290,59,249,247,53,1280,96,124,2500,1132,7184,60,5,15,0,0,20,8,3,1,1,2,37,17,169,772,2099,1430,431,154,2677,757,493,289,1102,821,2298,1144,14467,2195,3195,2559,812,949,4703,1098,839,3075,2768,443,5657,6814,35107,0,3,137,2,0,1,0,0,0,0,2,178,163,486,137,0,1,28,0,5,5,2,298,1,1,7,13,498,23,99,42,136,33,112,113,27,0,79,98,312,556,1630,0,0,0,0,0,0,0,0,0,0,0,0,0,0,37.52288,26.681676,21.644576,11.583154,28.535226,18.484346,19.19556,15.729146,47.72942,20.682383,17.653324,18.841031,17.348697,20.871126,10.073893,8.940076,3.710704,1.476575,9.832742,3.920451,6.127009,1.331743,2.443787,3.812047,2.460521,6.408589,6.94853,5.098419,9.057013,1.458261,1.14838,9.092591,0.0,3.275969,1.697542,2.199695,0.673931,5.353087,3.345575,4.156972,6.654366,4.005522,11.985628,10.353308,3.086272,1.372955,1.67258,4.772272,7.467743,2.080435,8.937457,7.564616,1.924348,5.793012,6.066039,5.513993,5.755542,0.329061,0.442605,0.814151,1.740159,0.927846,0.59468,0.125886,0.522769,4.271656,0.642674,1.440009,0.353345,1.072038,17.564911,5.888466,8.100866,8.781733,19.530326,10.265049,15.234628,4.856556,20.576935,16.556721,9.603379,10.261437,11.023307,10.945736,1.233815,1.188085,1.504857,1.0732,0.99679,0.43023,0.890218,0.351156,8.061976,0.519087,0.45538,4.580181,1.970375,1.82934,0.406752,0.017319,0.035887,0.0,0,0.034557,0.028833,0.019877,0.006298,0.005407,0.007345,0.067787,0.02959,0.046975,5.233543,7.270523,3.421216,1.594997,2.601791,4.625406,2.728321,3.266415,1.820243,5.958689,3.015057,4.210102,1.991262,3.683889,14.880347,11.066851,6.122303,3.004959,16.033114,8.125994,3.957327,5.558868,19.367639,14.967016,1.626882,10.364033,11.860542,8.939676,0.0,0.010391,0.327767,0.007401,0,0.001728,0.0,0,0,0,0.007345,0.326109,0.28372,0.164841,0.928751,0,0.002392,0.103619,0,0.008639,0.018021,0.013251,1.876929,0.005407,0.003672,0.012825,0.022628,0.139137,0.155922,0.342917,0.100483,0.503294,0.557527,0.193517,0.407266,0.178891,0,0.427166,0.359897,0.571607,0.967781,0.432552,0,0,0,0,0,0,0,0,0,0,0,0,0,0
18,5460,7530,8988,3047,1619,10338,5163,2403,7412,3787,4721,10085,9831,80384,1389,2452,1503,387,576,2248,1625,185,380,673,653,3409,3811,19291,1327,399,451,2429,1,1856,469,311,102,971,867,2177,3675,15035,1731,2916,1251,341,94,2717,2042,287,1416,1414,486,3045,3455,21195,865,84,196,211,99,517,151,22,78,802,175,768,197,4165,2502,1649,3242,2371,1136,5663,4073,706,3195,2981,2457,5520,6134,41629,183,330,634,323,56,264,240,54,1277,97,99,2566,1110,7233,52,4,20,0,0,17,9,4,1,1,2,29,20,159,739,2021,1408,459,165,2566,771,494,300,1090,802,2299,1102,14216,2131,3113,2552,864,944,4518,1048,887,3029,2715,417,5576,6671,34465,0,1,124,5,0,1,0,0,0,0,3,167,165,466,135,0,0,28,0,11,5,1,309,1,0,4,11,505,23,96,36,146,35,111,99,27,0,81,102,322,538,1616,0,0,0,0,0,0,0,0,0,0,0,0,0,0,37.01444,26.082439,21.503421,11.275997,27.352593,17.862326,18.608088,15.921288,46.683882,20.476911,17.337495,18.476449,17.111974,20.469048,9.416311,8.493246,3.595866,1.432166,9.731374,3.884166,5.8567,1.225734,2.393399,3.639018,2.39809,6.245534,6.633479,4.912276,8.996,1.382057,1.078999,8.988972,0.016895,3.206856,1.690334,2.060558,0.642439,5.250351,3.183988,3.988421,6.396755,3.828525,11.734798,10.10045,2.992966,1.261935,1.588106,4.694519,7.359619,1.901544,8.918561,7.645723,1.784796,5.57866,6.01382,5.397112,5.864009,0.290959,0.468922,0.780845,1.67258,0.893289,0.544223,0.145763,0.491277,4.336542,0.642674,1.407031,0.342901,1.060579,16.961562,5.711812,7.756352,8.774332,19.192431,9.784712,14.679593,4.677665,20.123449,16.118741,9.023136,10.113039,10.676925,10.600443,1.240594,1.143055,1.516819,1.195322,0.946106,0.456148,0.86499,0.357782,8.043081,0.524494,0.36357,4.701097,1.932081,1.841817,0.352518,0.013855,0.047849,0.0,0,0.029373,0.032437,0.026502,0.006298,0.005407,0.007345,0.05313,0.034812,0.044195,5.00983,7.000346,3.368582,1.698616,2.787633,4.433617,2.778779,3.27304,1.889526,5.893803,2.945281,4.211934,1.918156,3.619974,14.446478,10.78282,6.105555,3.197395,15.94864,7.806345,3.777121,5.876897,19.077911,14.680437,1.531399,10.215635,11.611634,8.776196,0.0,0.003464,0.296665,0.018503,0,0.001728,0.0,0,0,0,0.011017,0.305956,0.287201,0.158057,0.915192,0,0.0,0.103619,0,0.019006,0.018021,0.006626,1.946212,0.005407,0.0,0.007328,0.019147,0.174805,0.155922,0.332525,0.086129,0.5403,0.591316,0.191789,0.356808,0.178891,0,0.43798,0.374587,0.589927,0.93645,0.428837,0,0,0,0,0,0,0,0,0,0,0,0,0,0
19,5374,7303,8507,3004,1590,10011,5035,2318,7256,3726,4631,9894,9451,78100,1291,2348,1431,390,567,2168,1577,163,371,656,642,3174,3629,18407,1294,392,487,2378,1,1855,446,307,97,913,810,2104,3516,14600,1704,2865,1176,338,93,2756,2024,325,1405,1359,488,3037,3380,20950,851,91,198,190,99,514,148,21,82,786,173,767,176,4096,2429,1613,3144,2345,1080,5508,3950,689,3103,2869,2400,5365,5920,40415,183,324,578,341,56,282,248,50,1255,100,109,2488,1106,7120,55,3,18,0,0,16,9,1,1,2,0,32,25,162,701,2015,1432,448,169,2523,753,458,292,1083,795,2242,1089,14000,2115,2991,2506,832,911,4429,1024,808,2990,2622,421,5509,6615,33773,0,0,128,2,0,0,0,0,0,0,2,184,158,474,150,0,0,26,0,9,4,1,302,1,0,9,11,513,20,100,40,149,36,121,104,28,0,84,103,305,522,1612,0,0,0,0,0,0,0,0,0,0,0,0,0,0,36.431428,25.296155,20.352648,11.116868,26.862646,17.297325,18.14676,15.358113,45.701329,20.147075,17.006978,18.126523,16.45054,19.887449,8.751949,8.13301,3.423609,1.443268,9.579321,3.74594,5.683702,1.079971,2.336713,3.547096,2.357694,5.814997,6.316687,4.687174,8.772287,1.357811,1.165128,8.800237,0.016895,3.205128,1.607439,2.034056,0.610947,4.936736,2.97466,3.85468,6.119998,3.717756,11.551759,9.923796,2.813532,1.250833,1.571211,4.761905,7.294745,2.153316,8.849279,7.348329,1.792141,5.564003,5.883274,5.334725,5.7691,0.315206,0.473707,0.703131,1.67258,0.888106,0.53341,0.139137,0.51647,4.250027,0.635329,1.405199,0.306348,1.043009,16.46668,5.587115,7.521891,8.678114,18.246325,9.516898,14.236286,4.56503,19.543994,15.513139,8.813808,9.829068,10.304433,10.291309,1.240594,1.122272,1.382841,1.261935,0.946106,0.487249,0.893823,0.331279,7.904516,0.540716,0.400294,4.558196,1.925119,1.813043,0.372856,0.010391,0.043064,0.0,0,0.027645,0.032437,0.006626,0.006298,0.010814,0.0,0.058626,0.043515,0.048716,4.75222,6.979564,3.426001,1.657908,2.855212,4.35932,2.713905,3.034519,1.839138,5.855953,2.919574,4.107506,1.895528,3.564972,14.338011,10.360236,5.995502,3.078973,15.391113,7.652568,3.690622,5.353475,18.832273,14.177571,1.546089,10.092886,11.51416,8.599985,0.0,0.0,0.306235,0.007401,0,0.0,0.0,0,0,0,0.007345,0.337101,0.275017,0.227793,1.01688,0,0.0,0.096218,0,0.01555,0.014416,0.006626,1.902123,0.005407,0.0,0.016489,0.019147,0.177574,0.135584,0.34638,0.095698,0.551403,0.608211,0.209068,0.374829,0.185516,0,0.454201,0.378259,0.558782,0.9086,0.427776,0,0,0,0,0,0,0,0,0,0,0,0,0,0
20,5291,7127,8391,2936,1590,9695,4899,2250,7178,3658,4441,9544,9169,76169,1221,2232,1366,360,549,2079,1523,180,363,635,604,3072,3472,17656,1252,363,440,2308,0,1768,413,314,99,895,777,1967,3292,13888,1667,2860,1189,291,89,2708,1981,312,1387,1359,451,2931,3316,20541,865,98,176,172,104,486,148,21,81,754,159,749,171,3984,2386,1618,3040,2169,1084,5341,3871,643,3040,2804,2317,5126,5687,39126,187,330,547,330,53,240,234,45,1250,104,101,2527,1136,7084,48,4,13,0,0,15,7,1,1,1,1,31,20,142,672,1995,1364,440,174,2294,763,431,286,1059,797,2175,1094,13544,2101,2998,2472,844,915,4281,1006,783,2911,2588,416,5388,6456,33159,0,0,128,4,0,0,0,0,0,0,1,179,168,480,136,0,0,28,0,12,3,1,304,0,0,11,12,507,22,107,34,132,33,117,110,30,0,74,124,311,513,1607,0,0,0,0,0,0,0,0,0,0,0,0,0,0,35.868755,24.686526,20.075123,10.865221,26.862646,16.75133,17.656599,14.907573,45.210052,19.779388,16.309218,17.485298,15.959687,19.395737,8.277405,7.731209,3.268099,1.332248,9.275215,3.592163,5.48908,1.192606,2.286326,3.433546,2.218142,5.628126,6.043411,4.495938,8.48756,1.257361,1.052682,8.541189,0.0,3.054807,1.488503,2.080435,0.623543,4.839407,2.85347,3.603686,5.7301,3.59057,11.300929,9.906477,2.844634,1.0769,1.503632,4.678969,7.139768,2.067183,8.735907,7.348329,1.656261,5.369804,5.771875,5.230577,5.864009,0.339453,0.421073,0.636518,1.757054,0.839726,0.53341,0.139137,0.510172,4.076998,0.583915,1.372222,0.297645,1.014489,16.175175,5.604434,7.273075,8.026793,18.313904,9.22835,13.951561,4.260253,19.147194,15.161674,8.508997,9.391202,9.89887,9.963077,1.267711,1.143055,1.308675,1.221227,0.895422,0.41468,0.843365,0.298151,7.873024,0.562345,0.370914,4.629647,1.977337,1.803876,0.325402,0.013855,0.031102,0.0,0,0.025917,0.025229,0.006626,0.006298,0.005407,0.003672,0.056794,0.034812,0.03947,4.555623,6.910287,3.263314,1.628303,2.939686,3.963646,2.749946,2.855628,1.801348,5.726181,2.926919,3.984757,1.904231,3.448855,14.243102,10.384482,5.914159,3.123381,15.458692,7.396848,3.625748,5.187835,18.334698,13.993728,1.527727,9.871205,11.237402,8.443635,0.0,0.0,0.306235,0.014803,0,0.0,0.0,0,0,0,0.003672,0.327941,0.292423,0.230676,0.921971,0,0.0,0.103619,0,0.020734,0.010812,0.006626,1.914719,0.0,0.0,0.020153,0.020887,0.187501,0.149142,0.370627,0.081344,0.488491,0.557527,0.202156,0.396454,0.198768,0,0.40013,0.45538,0.569774,0.892935,0.426449,0,0,0,0,0,0,0,0,0,0,0,0,0,0
21,5205,6950,8262,2862,1543,9375,4764,2090,7060,3587,4338,9359,8837,74232,1197,2086,1259,357,536,2033,1469,166,353,620,598,2932,3334,16940,1204,356,420,2252,0,1685,412,281,108,859,807,1877,3150,13411,1652,2763,1187,303,86,2709,1969,274,1404,1323,479,2927,3234,20310,861,90,188,186,101,453,136,18,82,767,175,749,156,3962,2324,1562,2974,2069,1039,5135,3752,651,2957,2790,2362,5077,5548,38240,190,322,543,330,61,274,233,51,1239,106,95,2520,1126,7090,50,4,15,0,0,19,8,0,1,1,1,33,24,156,649,1932,1353,426,170,2244,743,402,298,1053,803,2183,1086,13342,2090,2964,2438,805,909,4257,1009,719,2873,2538,437,5414,6287,32740,0,1,126,0,0,0,0,0,0,0,0,186,165,478,139,0,0,27,0,10,1,1,304,1,0,10,11,504,24,99,47,146,37,116,121,24,0,80,97,325,507,1623,0,0,0,0,0,0,0,0,0,0,0,0,0,0,35.285743,24.073433,19.766496,10.59137,26.068593,16.198424,17.170043,13.847479,44.466839,19.39548,15.930959,17.146364,15.381804,18.902498,8.114704,7.225494,3.012106,1.321146,9.055584,3.512682,5.294457,1.099848,2.223342,3.352439,2.196107,5.371636,5.803206,4.313616,8.162158,1.233114,1.004833,8.33395,0.0,2.911397,1.484899,1.86179,0.680229,4.64475,2.963643,3.4388,5.482933,3.467247,11.199241,9.570488,2.839849,1.121309,1.452948,4.680697,7.096518,1.815411,8.84298,7.153671,1.759089,5.362475,5.629145,5.171755,5.836892,0.311742,0.449782,0.688328,1.706369,0.782708,0.490161,0.119261,0.51647,4.147291,0.642674,1.372222,0.271536,1.008887,15.754864,5.410461,7.115173,7.656724,17.553641,8.872417,13.52267,4.313258,18.624425,15.085974,8.674256,9.301431,9.656925,9.737465,1.288048,1.115345,1.299105,1.221227,1.030579,0.473426,0.839761,0.337905,7.803741,0.573159,0.34888,4.616822,1.959931,1.805403,0.33896,0.013855,0.035887,0.0,0,0.032829,0.028833,0.0,0.006298,0.005407,0.003672,0.060458,0.041775,0.04526,4.399702,6.692068,3.236997,1.576493,2.872107,3.877255,2.677863,2.663486,1.876929,5.693739,2.948953,3.999414,1.890307,3.397418,14.168531,10.266713,5.832815,2.979054,15.357324,7.35538,3.63656,4.763798,18.095358,13.72337,1.604848,9.918839,10.943239,8.336941,0.0,0.003464,0.30145,0.0,0,0.0,0.0,0,0,0,0.0,0.340765,0.287201,0.261628,0.942309,0,0.0,0.099919,0,0.017278,0.003604,0.006626,1.914719,0.005407,0.0,0.018321,0.019147,0.174459,0.162701,0.342917,0.112446,0.5403,0.625106,0.200429,0.436099,0.159014,0,0.432573,0.356225,0.595423,0.882491,0.430695,0,0,0,0,0,0,0,0,0,0,0,0,0,0
22,5144,6805,8039,2795,1510,9021,4695,2078,6964,3589,4277,9136,8728,72781,1154,1999,1213,349,524,1971,1442,164,356,601,553,2800,3132,16258,1165,351,410,2113,1,1602,389,278,98,832,776,1825,3022,12862,1651,2688,1132,339,82,2621,1950,272,1402,1315,497,2871,3202,20022,853,75,182,176,105,448,133,15,81,758,143,721,157,3847,2297,1546,2893,1986,1014,5033,3721,637,2921,2733,2314,4963,5463,37521,196,328,540,306,56,238,232,40,1220,111,107,2494,1147,7015,58,4,11,0,0,17,9,1,1,2,1,33,17,154,624,1959,1286,410,169,2166,758,445,318,1033,784,2165,1077,13194,2060,2908,2431,768,890,4183,987,730,2851,2563,440,5282,6242,32335,0,0,105,1,0,0,0,0,0,0,3,192,173,474,134,0,0,33,0,8,1,1,306,1,1,13,13,511,20,97,41,131,41,110,124,21,0,89,90,314,511,1589,0,0,0,0,0,0,0,0,0,0,0,0,0,0,34.872212,23.571181,19.232978,10.343424,25.511066,15.586772,16.921358,13.767972,43.862191,19.406294,15.706941,16.737812,15.192077,18.533014,7.823198,6.924143,2.902053,1.29154,8.852847,3.405557,5.197146,1.086596,2.242237,3.249703,2.030848,5.129802,5.451602,4.139951,7.89777,1.215795,0.980908,7.819554,0.016895,2.767987,1.402004,1.841913,0.617245,4.498756,2.849798,3.343532,5.260135,3.27519,11.192462,9.310703,2.708264,1.254533,1.385369,4.528647,7.02804,1.80216,8.830384,7.110414,1.825193,5.259879,5.573445,5.098419,5.782659,0.259785,0.435428,0.651321,1.773948,0.774069,0.479348,0.099384,0.510172,4.098627,0.525156,1.320924,0.273276,0.979603,15.571826,5.35504,6.921384,7.349567,17.131272,8.696178,13.410942,4.2205,18.397682,14.777766,8.49798,9.092575,9.508973,9.554379,1.328723,1.136127,1.291928,1.132411,0.946106,0.411224,0.836157,0.265024,7.684071,0.600195,0.392949,4.569188,1.996484,1.786305,0.393194,0.013855,0.026317,0.0,0,0.029373,0.032437,0.006626,0.006298,0.010814,0.003672,0.060458,0.02959,0.042805,4.230222,6.785591,3.076702,1.517282,2.855212,3.742484,2.731925,2.948387,2.002897,5.585595,2.879177,3.966436,1.874641,3.359731,13.965155,10.07274,5.816068,2.842129,15.036324,7.227521,3.55727,4.836679,17.956793,13.858549,1.615865,9.677006,10.864911,8.233811,0.0,0.0,0.251208,0.003701,0,0.0,0.0,0,0,0,0.011017,0.351758,0.301126,0.227793,0.908413,0,0.0,0.122123,0,0.013823,0.003604,0.006626,1.927316,0.005407,0.003672,0.023817,0.022628,0.161646,0.135584,0.335989,0.098091,0.48479,0.692685,0.190062,0.446911,0.139137,0,0.481237,0.330518,0.575271,0.889454,0.421672,0,0,0,0,0,0,0,0,0,0,0,0,0,0
23,5111,6748,7851,2747,1465,8767,4484,2069,6816,3524,4199,8848,8527,71156,1135,1969,1224,329,534,1937,1396,161,348,583,571,2704,3106,15997,1166,334,393,2125,0,1556,374,292,101,789,730,1699,2878,12437,1639,2706,1129,302,75,2605,1860,286,1369,1327,462,2861,3139,19760,865,86,164,153,106,442,126,15,74,727,158,692,168,3776,2277,1500,2930,1946,1026,4961,3627,607,2836,2734,2227,4873,5372,36916,194,326,512,310,58,255,229,42,1220,109,122,2484,1118,6979,55,4,19,0,0,10,11,0,1,2,0,27,19,148,630,1948,1310,430,169,2167,706,412,305,1037,786,2168,1107,13175,2057,2922,2390,791,873,4060,955,691,2803,2513,441,5326,6203,32025,0,1,105,4,0,0,0,0,0,0,2,198,168,478,131,0,0,35,0,10,2,1,308,1,0,11,12,511,20,87,35,137,37,103,109,19,0,90,87,307,518,1549,0,0,0,0,0,0,0,0,0,0,0,0,0,0,34.648498,23.373744,18.783195,10.165791,24.750803,15.147902,16.160888,13.708342,42.930025,19.054829,15.420492,16.210175,14.842213,18.119223,7.694394,6.820229,2.92837,1.217526,9.021794,3.34681,5.031356,1.06672,2.19185,3.152374,2.096952,4.953923,5.406346,4.073489,7.904549,1.15691,0.940236,7.863963,0.0,2.688506,1.347942,1.934672,0.63614,4.266249,2.680867,3.112691,5.009486,3.215432,11.111111,9.373052,2.701086,1.117608,1.267106,4.501002,6.703669,1.894918,8.622536,7.1753,1.696658,5.241559,5.463787,5.031703,5.864009,0.297887,0.392363,0.566205,1.790843,0.763702,0.45412,0.099384,0.466083,3.931005,0.580242,1.267794,0.292423,0.961524,15.436242,5.195705,7.009905,7.201539,17.334009,8.571774,13.072155,4.021732,17.862317,14.783173,8.17848,8.927688,9.350577,9.400321,1.315165,1.1292,1.224939,1.147213,0.979895,0.440597,0.825344,0.278275,7.684071,0.58938,0.448035,4.550867,1.946006,1.777138,0.372856,0.013855,0.045457,0.0,0,0.017278,0.039645,0.0,0.006298,0.010814,0.0,0.049466,0.033072,0.046622,4.270897,6.747489,3.134121,1.591296,2.855212,3.744212,2.544511,2.729742,1.921018,5.607224,2.886522,3.971933,1.926859,3.354893,13.944817,10.121233,5.717977,2.927244,14.749113,7.014998,3.441938,4.578281,17.654469,13.588191,1.619537,9.757617,10.797027,8.154873,0.0,0.003464,0.251208,0.014803,0,0.0,0.0,0,0,0,0.007345,0.36275,0.292423,0.201727,0.888075,0,0.0,0.129524,0,0.017278,0.007208,0.006626,1.939913,0.005407,0.0,0.020153,0.020887,0.176882,0.135584,0.301351,0.083736,0.506994,0.625106,0.177967,0.392849,0.125886,0,0.486644,0.319501,0.562446,0.901638,0.411057,0,0,0,0,0,0,0,0,0,0,0,0,0,0
24,5050,6535,7653,2659,1451,8512,4366,2028,6737,3468,3966,8683,8373,69481,1092,1959,1142,298,525,1904,1371,159,337,580,578,2669,3004,15618,1102,318,376,2008,0,1488,364,238,101,781,703,1571,2806,11856,1604,2681,1100,296,76,2441,1842,257,1361,1318,485,2803,3116,19380,862,71,177,165,112,405,115,19,71,752,155,674,149,3727,2243,1517,2821,1810,989,4794,3509,614,2796,2725,2152,4921,5257,36148,198,326,507,276,56,247,225,51,1221,108,104,2492,1138,6949,52,5,9,2,0,18,9,1,1,2,1,28,22,150,633,1919,1300,411,176,2089,732,408,308,1018,806,2082,1105,12987,2031,2923,2316,722,874,3956,935,718,2765,2538,408,5299,6135,31620,0,0,101,3,0,0,0,0,0,0,3,189,174,470,129,0,0,26,0,9,1,1,307,2,1,7,11,494,23,103,31,146,40,108,111,25,0,80,97,295,516,1575,0,0,0,0,0,0,0,0,0,0,0,0,0,0,34.234967,22.635954,18.309488,9.84013,24.514276,14.707305,15.735602,13.436693,42.432449,18.752028,14.564818,15.907883,14.574159,17.692699,7.402888,6.785591,2.732188,1.102805,8.869742,3.289792,4.941253,1.053468,2.122567,3.136152,2.122659,4.889801,5.228804,3.97698,7.47068,1.101489,0.899565,7.430982,0.0,2.571014,1.311901,1.57689,0.63614,4.222991,2.581711,2.878186,4.884162,3.065221,10.873839,9.286457,2.631705,1.095404,1.284001,4.217638,6.638795,1.702776,8.572148,7.126636,1.781124,5.135299,5.423752,4.934939,5.843672,0.24593,0.423465,0.610614,1.892212,0.699772,0.414474,0.125886,0.447188,4.066184,0.569225,1.234817,0.259351,0.949046,15.205749,5.25459,6.749127,6.698246,16.708904,8.283226,12.646868,4.068111,17.61038,14.734508,7.903048,9.015628,9.150406,9.204757,1.342282,1.1292,1.212977,1.02139,0.946106,0.426774,0.810928,0.337905,7.69037,0.583973,0.381932,4.565524,1.980818,1.769499,0.352518,0.017319,0.021532,0.007401,0,0.031101,0.032437,0.006626,0.006298,0.010814,0.003672,0.051298,0.038294,0.038781,4.291234,6.647038,3.110197,1.520983,2.973475,3.609441,2.638218,2.70324,1.939913,5.504488,2.959971,3.814374,1.923378,3.30702,13.768558,10.124697,5.540935,2.671897,14.766008,6.835303,3.369855,4.757172,17.415129,13.72337,1.498347,9.708151,10.678665,8.051743,0.0,0.0,0.241638,0.011102,0,0.0,0.0,0,0,0,0.011017,0.346262,0.302867,0.22587,0.874517,0,0.0,0.096218,0,0.01555,0.003604,0.006626,1.933615,0.010814,0.003672,0.012825,0.019147,0.156268,0.155922,0.356772,0.074166,0.5403,0.67579,0.186606,0.400058,0.16564,0,0.432573,0.356225,0.540461,0.898157,0.417957,0,0,0,0,0,0,0,0,0,0,0,0,0,0
25,4993,6397,7497,2647,1406,8255,4343,1967,6603,3469,3986,8517,8276,68356,1063,1900,1102,266,517,1872,1350,153,328,570,517,2612,2907,15157,1114,317,373,1902,0,1440,330,241,100,773,668,1532,2757,11547,1602,2670,1123,298,73,2429,1818,254,1335,1315,438,2804,3013,19172,866,84,164,174,108,423,116,11,70,739,134,652,159,3700,2245,1483,2719,1644,985,4757,3476,581,2729,2658,2101,4874,5212,35464,189,318,526,299,53,257,233,39,1216,104,75,2488,1138,6935,46,4,17,1,0,14,8,0,1,2,0,28,19,140,631,1918,1282,409,184,2069,700,398,306,1041,769,2125,1152,12984,2041,2881,2316,794,860,3936,934,657,2732,2522,388,5322,6053,31436,0,0,107,3,0,0,0,0,0,0,2,191,165,468,132,0,0,30,0,6,3,0,303,2,0,11,11,498,18,98,40,137,41,96,109,24,0,80,85,291,488,1507,0,0,0,0,0,0,0,0,0,0,0,0,0,0,33.848553,22.157949,17.936265,9.795722,23.754013,14.263252,15.652707,13.032532,41.588461,18.757435,14.638267,15.603759,14.405319,17.406229,7.206291,6.581226,2.63649,0.984383,8.734584,3.234501,4.865566,1.013715,2.065881,3.082081,1.898641,4.785373,5.059964,3.859591,7.55203,1.098026,0.892387,7.038709,0.0,2.488078,1.189361,1.596767,0.629842,4.179734,2.453177,2.806735,4.798872,2.985333,10.860281,9.248355,2.686731,1.102805,1.233316,4.196904,6.552296,1.682899,8.408389,7.110414,1.60852,5.137131,5.244469,4.881974,5.870788,0.290959,0.392363,0.64392,1.824633,0.730873,0.418078,0.072881,0.440889,3.995891,0.492104,1.194511,0.276758,0.942171,15.219307,5.13682,6.505096,6.083932,16.641325,8.219296,12.527932,3.849467,17.188386,14.372229,7.715755,8.92952,9.072079,9.030582,1.281269,1.101489,1.258433,1.106506,0.895422,0.444053,0.839761,0.258398,7.658878,0.562345,0.275432,4.558196,1.980818,1.765934,0.311843,0.013855,0.040672,0.003701,0,0.02419,0.028833,0.0,0.006298,0.010814,0.0,0.051298,0.033072,0.040642,4.277676,6.643575,3.067132,1.513582,3.108633,3.574884,2.522886,2.636984,1.927316,5.628853,2.824091,3.893154,2.005187,3.306257,13.83635,9.979217,5.540935,2.938347,14.529481,6.800746,3.366251,4.353011,17.207281,13.636855,1.424899,9.750289,10.535935,8.004889,0.0,0.0,0.255993,0.011102,0,0.0,0.0,0,0,0,0.007345,0.349926,0.287201,0.224909,0.894855,0,0.0,0.111021,0,0.010367,0.010812,0.0,1.908421,0.010814,0.0,0.020153,0.019147,0.181885,0.122026,0.339453,0.095698,0.506994,0.692685,0.165872,0.392849,0.159014,0,0.432573,0.312156,0.533133,0.84942,0.399912,0,0,0,0,0,0,0,0,0,0,0,0,0,0
26,4933,6249,7225,2541,1382,7998,4261,1962,6548,3401,3937,8368,8043,66848,1049,1894,1078,246,502,1799,1328,151,323,527,473,2568,2935,14873,1086,291,360,1782,0,1408,315,247,100,743,697,1461,2687,11177,1591,2547,1081,251,74,2367,1780,223,1326,1289,432,2783,3029,18773,875,77,171,156,106,418,112,14,67,713,125,634,139,3607,2224,1469,2762,1690,993,4622,3427,605,2712,2667,2145,4762,5188,35266,192,312,540,263,59,246,228,34,1210,107,84,2462,1113,6850,44,3,12,0,0,15,6,0,1,3,1,26,20,131,638,1915,1261,352,177,2138,694,384,307,1025,780,2044,1149,12864,2021,2889,2336,738,863,3974,929,639,2735,2480,391,5263,6081,31339,0,0,102,1,0,0,0,0,0,0,2,188,176,469,129,0,0,29,0,9,3,0,298,2,0,7,11,488,26,94,40,149,36,103,113,24,0,80,84,303,522,1574,0,0,0,0,0,0,0,0,0,0,0,0,0,0,33.441801,21.645307,17.285516,9.403449,23.348539,13.8192,15.357169,12.999404,41.242048,18.389748,14.458318,15.330781,13.999756,17.02223,7.111382,6.560443,2.579071,0.910369,8.481162,3.10837,4.786275,1.000464,2.034389,2.849573,1.737055,4.704762,5.108701,3.787273,7.362213,1.007967,0.861285,6.594627,0.0,2.432787,1.135299,1.63652,0.629842,4.017519,2.559677,2.676658,4.677029,2.889674,10.785709,8.822307,2.586248,0.928873,1.250211,4.089778,6.415339,1.477506,8.351704,6.969828,1.586485,5.098657,5.272319,4.780372,5.931801,0.266713,0.40911,0.577307,1.790843,0.722234,0.403662,0.092758,0.421994,3.855304,0.459053,1.161534,0.241945,0.918489,15.076944,5.088327,6.607972,6.254163,16.776483,7.986039,12.35133,4.008481,17.081313,14.420893,7.877341,8.724328,9.030304,8.980163,1.301607,1.080707,1.291928,0.973281,0.99679,0.425047,0.82174,0.22527,7.621087,0.578566,0.308483,4.510562,1.937303,1.74429,0.298285,0.010391,0.02871,0.0,0,0.025917,0.021625,0.0,0.006298,0.016221,0.003672,0.047634,0.034812,0.038007,4.32513,6.633183,3.016891,1.302642,2.99037,3.694105,2.501261,2.544226,1.933615,5.542338,2.864488,3.744756,1.999965,3.2757,13.700766,10.006928,5.588784,2.731108,14.580166,6.866404,3.34823,4.233751,17.226176,13.409755,1.435916,9.642196,10.584672,7.980189,0.0,0.0,0.244031,0.003701,0,0.0,0.0,0,0,0,0.007345,0.34443,0.306348,0.22539,0.874517,0,0.0,0.10732,0,0.01555,0.010812,0.0,1.876929,0.010814,0.0,0.012825,0.019147,0.178232,0.176259,0.325598,0.095698,0.551403,0.608211,0.177967,0.407266,0.159014,0,0.432573,0.308483,0.555118,0.9086,0.417692,0,0,0,0,0,0,0,0,0,0,0,0,0,0
27,4884,6175,7063,2465,1330,7814,4135,1939,6436,3370,3863,8238,7938,65650,1026,1853,1097,199,489,1764,1287,146,318,524,498,2489,2830,14520,1096,300,368,1714,0,1336,295,226,96,732,631,1396,2569,10759,1577,2539,1058,257,68,2334,1739,235,1304,1286,420,2711,2950,18478,865,74,127,149,108,399,111,9,63,751,120,650,146,3572,2212,1459,2694,1572,971,4583,3320,539,2676,2633,2012,4682,5098,34451,189,299,502,284,57,260,225,49,1205,108,78,2425,1136,6817,41,5,11,0,0,21,7,1,1,3,0,28,20,138,631,1953,1260,332,190,2170,717,427,319,1061,710,2060,1128,12958,2011,2911,2347,731,852,3933,910,628,2693,2488,347,5271,5998,31120,0,0,108,1,0,0,0,0,0,0,3,183,169,464,128,0,0,33,0,7,2,0,293,2,0,13,10,488,24,94,38,148,36,108,108,33,0,79,100,290,507,1565,0,0,0,0,0,0,0,0,0,0,0,0,0,0,33.10962,21.388985,16.897938,9.122197,22.470012,13.501279,14.903049,12.847015,40.536625,18.222126,14.186559,15.092611,13.816992,16.71717,6.955461,6.418427,2.624527,0.736437,8.261531,3.047896,4.638506,0.967336,2.002897,2.833351,1.828865,4.560028,4.925937,3.697385,7.430005,1.039141,0.880425,6.34298,0.0,2.308383,1.063216,1.497383,0.604648,3.95804,2.317297,2.557573,4.471637,2.781606,10.690801,8.794596,2.531222,0.951077,1.148843,4.03276,6.26757,1.557013,8.213139,6.953607,1.542416,4.966748,5.134811,4.705253,5.864009,0.256321,0.303842,0.551403,1.824633,0.689405,0.400058,0.05963,0.3968,4.060776,0.44069,1.190847,0.25413,0.909577,14.995594,5.053689,6.445284,5.817482,16.404798,7.918654,11.965689,3.571192,16.85457,14.23705,7.388909,8.577762,8.873649,8.772631,1.281269,1.035677,1.201014,1.050995,0.963001,0.449236,0.810928,0.324654,7.589595,0.583973,0.286449,4.442775,1.977337,1.735887,0.277947,0.017319,0.026317,0.0,0,0.036284,0.025229,0.006626,0.006298,0.016221,0.0,0.051298,0.034812,0.041499,4.277676,6.764808,3.014498,1.228629,3.210002,3.749395,2.584156,2.829126,2.009196,5.736996,2.607418,3.774069,1.963412,3.299636,13.632974,10.083131,5.615101,2.705203,14.394323,6.795563,3.279752,4.160869,16.961643,13.453012,1.27433,9.656853,10.440201,7.924423,0.0,0.0,0.258386,0.003701,0,0.0,0.0,0,0,0,0.011017,0.335269,0.294164,0.222987,0.867738,0,0.0,0.122123,0,0.012095,0.007208,0.0,1.845437,0.010814,0.0,0.023817,0.017406,0.178232,0.162701,0.325598,0.090913,0.547702,0.608211,0.186606,0.389245,0.218644,0,0.427166,0.367242,0.531301,0.882491,0.415303,0,0,0,0,0,0,0,0,0,0,0,0,0,0
28,4827,6071,6886,2475,1329,7595,4074,1903,6334,3304,3692,8063,7796,64349,1006,1842,1023,198,483,1705,1241,143,316,520,449,2466,2737,14129,1061,283,366,1571,0,1338,300,224,99,723,623,1345,2523,10456,1561,2529,1062,247,68,2257,1711,227,1294,1254,405,2654,2894,18163,876,74,159,145,106,399,111,15,63,744,102,631,133,3558,2216,1436,2648,1550,951,4457,3290,559,2630,2594,1957,4687,4990,33965,180,320,527,292,53,241,225,39,1200,109,87,2383,1136,6792,46,3,10,0,0,16,7,1,1,3,1,26,17,131,633,1918,1250,369,203,2147,743,408,322,1048,731,2004,1170,12946,2001,2910,2293,738,839,3912,868,616,2637,2449,377,5296,5954,30890,0,0,99,2,0,1,0,0,0,0,0,185,171,458,134,0,0,22,0,4,2,0,290,2,0,9,10,473,18,98,37,101,35,101,109,19,0,77,91,299,511,1496,0,0,0,0,0,0,0,0,0,0,0,0,0,0,32.723205,21.02875,16.474472,9.159204,22.453117,13.122883,14.683198,12.608494,39.894187,17.865254,13.558575,14.771999,13.569825,16.385883,6.819877,6.380326,2.447486,0.732736,8.160162,2.945953,4.472717,0.947459,1.9903,2.811723,1.648917,4.51789,4.76406,3.59782,7.192733,0.980256,0.87564,5.813781,0.0,2.311839,1.081237,1.484132,0.623543,3.909376,2.287918,2.464137,4.391568,2.703269,10.582333,8.759958,2.540791,0.91407,1.148843,3.899717,6.166655,1.504008,8.150154,6.780577,1.48733,4.86232,5.037336,4.625041,5.93858,0.256321,0.380401,0.5366,1.790843,0.689405,0.400058,0.099384,0.3968,4.022926,0.374587,1.156038,0.231502,0.906012,15.02271,4.974021,6.335231,5.736067,16.066903,7.700947,11.857565,3.703704,16.564842,14.026171,7.186926,8.586923,8.685663,8.648876,1.220256,1.108417,1.260826,1.080601,0.895422,0.416407,0.810928,0.258398,7.558103,0.58938,0.319501,4.365828,1.977337,1.729521,0.311843,0.010391,0.023925,0.0,0,0.027645,0.025229,0.006626,0.006298,0.016221,0.003672,0.047634,0.02959,0.036412,4.291234,6.643575,2.990574,1.365554,3.429633,3.709655,2.677863,2.70324,2.028091,5.666703,2.684539,3.671473,2.036518,3.29658,13.565182,10.079667,5.485908,2.731108,14.174692,6.759278,3.128379,4.081362,16.608931,13.242133,1.384502,9.702655,10.363614,7.865855,0.0,0.0,0.236853,0.007401,0,0.001728,0.0,0,0,0,0.0,0.338933,0.297645,0.191849,0.908413,0,0.0,0.081415,0,0.006911,0.007208,0.0,1.826542,0.010814,0.0,0.016489,0.017406,0.172754,0.122026,0.339453,0.088521,0.37377,0.591316,0.174511,0.392849,0.125886,0,0.416351,0.33419,0.54779,0.889454,0.396993,0,0,0,0,0,0,0,0,0,0,0,0,0,0
29,4823,6004,6831,2418,1277,7385,3940,1841,6283,3283,3655,7883,7672,63295,1011,1827,1035,193,488,1676,1233,133,312,521,480,2384,2751,14044,1054,300,352,1525,0,1293,289,220,97,718,584,1308,2494,10234,1577,2495,1056,245,68,2269,1685,230,1271,1249,420,2617,2894,18076,876,67,137,141,107,394,105,10,62,747,94,621,141,3502,2201,1479,2603,1557,972,4404,3215,541,2613,2561,1989,4639,4912,33686,185,319,512,238,54,266,222,28,1190,109,84,2396,1131,6734,44,4,10,0,0,20,7,1,1,2,0,25,18,132,634,1914,1230,336,177,2097,733,388,310,1029,734,2074,1165,12821,1992,2860,2274,716,831,3867,855,614,2657,2414,378,5299,5989,30746,0,0,103,0,0,0,0,0,0,0,7,180,179,469,135,0,0,28,0,9,1,0,286,2,0,9,9,479,17,95,39,143,37,107,104,24,0,78,77,290,505,1516,0,0,0,0,0,0,0,0,0,0,0,0,0,0,32.696088,20.796675,16.342887,8.948264,21.57459,12.760039,14.200245,12.197708,39.572967,17.751703,13.422696,14.442226,13.353989,16.117491,6.853773,6.328369,2.476195,0.714233,8.244636,2.895846,4.443884,0.881203,1.965107,2.81713,1.762762,4.36766,4.788428,3.576176,7.145278,1.039141,0.842146,5.64355,0.0,2.234087,1.041592,1.457629,0.610947,3.88234,2.144693,2.396351,4.341091,2.645873,10.690801,8.642189,2.526437,0.906669,1.148843,3.920451,6.072947,1.523885,8.005291,6.753542,1.542416,4.794533,5.037336,4.602888,5.93858,0.232075,0.327767,0.521797,1.807738,0.680766,0.378433,0.066256,0.390502,4.039148,0.345207,1.137717,0.245427,0.891752,14.921022,5.122965,6.227571,5.761972,16.421693,7.609372,11.587256,3.584443,16.457769,13.847734,7.304444,8.498983,8.549895,8.577831,1.254152,1.104953,1.224939,0.880764,0.912316,0.459603,0.800115,0.185516,7.495119,0.58938,0.308483,4.389645,1.968634,1.714751,0.298285,0.013855,0.023925,0.0,0,0.034557,0.025229,0.006626,0.006298,0.010814,0.0,0.045802,0.031331,0.039695,4.298014,6.629719,2.942725,1.243431,2.99037,3.623264,2.641822,2.570728,1.95251,5.563967,2.695556,3.799718,2.027815,3.26475,13.504169,9.906477,5.440452,2.649693,14.039534,6.681526,3.081525,4.068111,16.7349,13.052882,1.388175,9.708151,10.424536,7.829187,0.0,0.0,0.246423,0.0,0,0.0,0.0,0,0,0,0.025707,0.329773,0.31157,0.259027,0.915192,0,0.0,0.103619,0,0.01555,0.003604,0.0,1.801348,0.010814,0.0,0.016489,0.015666,0.174945,0.115246,0.329061,0.093306,0.529198,0.625106,0.184878,0.374829,0.159014,0,0.421758,0.282776,0.531301,0.87901,0.4023,0,0,0,0,0,0,0,0,0,0,0,0,0,0
30,4784,5938,6615,2351,1263,7200,3851,1846,6154,3208,3537,7738,7598,62083,990,1808,1009,188,484,1645,1224,126,304,511,441,2358,2765,13853,1006,302,329,1488,0,1242,308,215,97,691,580,1289,2429,9976,1551,2496,1039,241,65,2224,1663,243,1249,1232,404,2616,2854,17877,886,77,146,137,110,359,103,8,65,743,100,628,143,3505,2188,1436,2557,1559,929,4417,3188,557,2550,2524,1939,4620,4897,33361,180,327,534,281,56,246,235,38,1184,107,94,2359,1158,6799,52,5,14,0,0,22,9,1,1,3,0,26,16,149,651,1986,1310,356,181,2114,740,410,339,1025,762,2100,1146,13120,1996,2899,2297,740,829,3872,847,596,2613,2393,361,5250,5898,30591,0,1,105,3,0,0,0,0,0,0,2,177,168,456,137,0,0,29,0,2,2,0,283,2,1,7,9,472,19,94,37,119,34,112,106,31,0,76,84,285,503,1500,0,0,0,0,0,0,0,0,0,0,0,0,0,0,32.4317,20.568064,15.826116,8.700318,21.338064,12.44039,13.879478,12.230835,38.760471,17.346166,12.98935,14.176575,13.225183,15.808867,6.711409,6.262556,2.413991,0.695729,8.177057,2.842284,4.411447,0.834824,1.914719,2.763058,1.619537,4.320026,4.812797,3.527539,6.819877,1.046069,0.787119,5.506624,0.0,2.145967,1.11007,1.424501,0.610947,3.736347,2.130004,2.361541,4.227951,2.579171,10.514541,8.645653,2.485765,0.891866,1.098158,3.842698,5.993657,1.610018,7.866725,6.66162,1.483658,4.792701,4.967712,4.552214,6.006372,0.266713,0.349299,0.506994,1.858422,0.620292,0.371225,0.053005,0.409397,4.017519,0.367242,1.150541,0.248908,0.892516,14.832893,4.974021,6.117518,5.769373,15.695219,7.631834,11.489944,3.690453,16.060969,13.64767,7.120823,8.464174,8.523785,8.495073,1.220256,1.132664,1.277573,1.039893,0.946106,0.425047,0.846969,0.251772,7.457328,0.578566,0.345207,4.321858,2.015631,1.731303,0.352518,0.017319,0.033494,0.0,0,0.038012,0.032437,0.006626,0.006298,0.016221,0.0,0.047634,0.02785,0.044807,4.41326,6.879113,3.134121,1.317445,3.057949,3.652637,2.667051,2.716491,2.135164,5.542338,2.798384,3.847352,1.994743,3.340888,13.531286,10.041566,5.495478,2.738509,14.005744,6.690165,3.052692,3.94885,16.457769,12.939332,1.325744,9.618379,10.26614,7.789718,0.0,0.003464,0.251208,0.011102,0,0.0,0.0,0,0,0,0.007345,0.324277,0.292423,0.192442,0.928751,0,0.0,0.10732,0,0.003456,0.007208,0.0,1.782453,0.010814,0.003672,0.012825,0.015666,0.156795,0.128805,0.325598,0.088521,0.440382,0.574421,0.193517,0.382037,0.205393,0,0.410944,0.308483,0.522141,0.875529,0.398054,0,0,0,0,0,0,0,0,0,0,0,0,0,0
31,4770,5825,6465,2253,1240,7102,3784,1763,6016,3184,3510,7646,7465,61023,987,1793,965,161,475,1619,1198,131,302,504,428,2337,2673,13573,1007,287,341,1418,0,1223,283,206,90,685,544,1259,2396,9739,1539,2477,992,234,66,2170,1649,234,1229,1202,383,2573,2819,17567,878,68,146,125,111,358,103,17,64,737,94,595,122,3418,2135,1394,2576,1486,918,4301,3132,503,2490,2517,1870,4572,4868,32762,182,319,545,264,56,238,235,27,1173,104,87,2359,1124,6713,44,5,13,0,0,21,8,0,1,3,1,25,17,138,640,1998,1290,351,183,2125,740,408,340,1000,729,2069,1144,13017,1971,2823,2223,704,810,3874,845,597,2554,2366,327,5231,5857,30182,0,1,91,2,0,0,0,0,0,0,2,179,163,438,131,0,0,22,0,5,2,0,285,2,1,8,12,468,20,91,39,141,33,103,120,31,0,80,87,249,498,1492,0,0,0,0,0,0,0,0,0,0,0,0,0,0,32.336791,20.176654,15.467247,8.337651,20.949485,12.271062,13.638002,11.680912,37.891289,17.216395,12.890195,14.008024,12.993682,15.538947,6.691072,6.210599,2.308723,0.595811,8.025004,2.79736,4.317739,0.867952,1.902123,2.725208,1.571796,4.281553,4.652661,3.45624,6.826656,0.994112,0.815829,5.247576,0.0,2.113138,1.019967,1.364871,0.566858,3.703904,1.997797,2.306579,4.170511,2.517897,10.433191,8.579841,2.373319,0.865961,1.115053,3.749395,5.943199,1.550388,7.740757,6.499405,1.406537,4.713922,4.90679,4.473275,5.952139,0.235539,0.349299,0.462586,1.875317,0.618564,0.371225,0.112635,0.403099,3.985076,0.345207,1.090083,0.212355,0.870362,14.473595,4.828542,6.162974,5.499223,15.509377,7.431405,11.288114,3.332671,15.683064,13.609819,6.867426,8.376234,8.473308,8.342543,1.233815,1.104953,1.30389,0.976982,0.946106,0.411224,0.846969,0.178891,7.388046,0.562345,0.319501,4.321858,1.95645,1.709404,0.298285,0.017319,0.031102,0.0,0,0.036284,0.028833,0.0,0.006298,0.016221,0.003672,0.045802,0.02959,0.040038,4.338689,6.920679,3.086272,1.298942,3.091738,3.671643,2.667051,2.70324,2.141462,5.407159,2.677194,3.790557,1.991262,3.31466,13.361806,9.778317,5.318436,2.605285,13.684744,6.693621,3.045484,3.955476,16.086162,12.793338,1.200881,9.58357,10.194775,7.68557,0.0,0.003464,0.217714,0.007401,0,0.0,0.0,0,0,0,0.007345,0.327941,0.28372,0.184846,0.888075,0,0.0,0.081415,0,0.008639,0.007208,0.0,1.795049,0.010814,0.003672,0.014657,0.020887,0.155466,0.135584,0.315206,0.093306,0.521797,0.557527,0.177967,0.432495,0.205393,0,0.432573,0.319501,0.456186,0.866826,0.395931,0,0,0,0,0,0,0,0,0,0,0,0,0,0
32,4741,5720,6302,2267,1211,6840,3716,1682,5907,3113,3374,7396,7393,59662,971,1771,943,158,479,1584,1180,134,299,491,389,2291,2652,13342,999,284,315,1361,0,1221,287,204,91,680,569,1182,2349,9542,1526,2438,981,216,69,2139,1586,247,1223,1194,402,2500,2857,17378,881,73,133,121,113,350,97,16,62,716,110,563,122,3357,2120,1367,2522,1443,900,4237,3069,517,2441,2422,1839,4459,4924,32260,185,338,505,282,58,243,224,33,1147,103,89,2355,1147,6709,51,3,10,0,0,14,9,1,1,2,0,25,15,131,649,1959,1257,377,185,2156,725,412,337,999,729,2048,1186,13019,1975,2781,2221,764,813,3747,824,646,2540,2324,359,5142,5880,30016,0,1,95,2,0,0,0,0,0,0,2,180,161,441,135,0,1,18,0,10,3,1,280,2,1,11,11,473,19,90,33,121,33,103,112,22,0,81,104,243,511,1472,0,0,0,0,0,0,0,0,0,0,0,0,0,0,32.140194,19.812955,15.077276,8.38946,20.459537,11.81837,13.392922,11.144239,37.204762,16.832486,12.390746,13.550006,12.868357,15.192381,6.582605,6.134396,2.256089,0.584709,8.092583,2.736886,4.252865,0.887829,1.883227,2.654915,1.428571,4.197278,4.616108,3.397418,6.772422,0.98372,0.753625,5.036637,0.0,2.109683,1.034383,1.35162,0.573156,3.676868,2.089607,2.165509,4.088702,2.466965,10.345061,8.444752,2.347002,0.799349,1.165737,3.695832,5.716139,1.63652,7.702967,6.456148,1.476313,4.580181,4.972933,4.425148,5.972476,0.252858,0.318197,0.447783,1.909106,0.604741,0.3496,0.106009,0.390502,3.871526,0.403966,1.031457,0.212355,0.854829,14.371907,4.735019,6.033782,5.340093,15.205271,7.320824,11.061054,3.425429,15.374441,13.096139,6.753581,8.16921,8.570782,8.214713,1.254152,1.170766,1.208192,1.043594,0.979895,0.419863,0.807324,0.218644,7.224287,0.556937,0.326845,4.31453,1.996484,1.708385,0.345739,0.010391,0.023925,0.0,0,0.02419,0.032437,0.006626,0.006298,0.010814,0.0,0.045802,0.026109,0.039394,4.399702,6.785591,3.007321,1.395159,3.125528,3.725206,2.612989,2.729742,2.122567,5.401752,2.677194,3.752084,2.064368,3.315169,13.388923,9.632837,5.313651,2.827326,13.735428,6.474186,2.969797,4.28013,15.997985,12.566238,1.318399,9.420516,10.234809,7.643299,0.0,0.003464,0.227284,0.007401,0,0.0,0.0,0,0,0,0.007345,0.329773,0.280239,0.186112,0.915192,0,0.002392,0.066612,0,0.017278,0.010812,0.006626,1.763557,0.010814,0.003672,0.020153,0.019147,0.132152,0.128805,0.311742,0.078951,0.447783,0.557527,0.177967,0.403662,0.145763,0,0.43798,0.381932,0.445194,0.889454,0.390624,0,0,0,0,0,0,0,0,0,0,0,0,0,0
33,4671,5610,6231,2174,1198,6817,3655,1721,5798,3094,3269,7185,7180,58603,976,1730,933,162,472,1561,1146,129,288,478,405,2263,2616,13159,980,292,302,1307,0,1164,273,209,95,675,541,1189,2344,9371,1503,2366,1005,291,66,2163,1564,228,1209,1184,385,2441,2727,17132,892,73,124,133,110,363,90,15,63,729,96,571,131,3390,2108,1350,2509,1468,889,4248,3020,510,2374,2430,1757,4409,4744,31816,185,310,518,270,53,231,233,35,1134,101,79,2350,1125,6624,52,4,14,1,0,24,6,1,1,2,0,24,17,146,640,1954,1269,338,185,2155,746,430,354,1020,729,2101,1231,13152,1962,2730,2255,738,798,3802,816,657,2489,2322,327,5111,5790,29797,0,0,100,1,0,0,0,0,0,0,3,179,153,436,134,0,0,15,0,7,3,0,265,2,0,9,10,445,20,78,34,134,31,111,112,21,0,79,90,240,485,1435,0,0,0,0,0,0,0,0,0,0,0,0,0,0,31.66565,19.431936,14.907412,8.045296,20.239905,11.77863,13.17307,11.402637,36.518234,16.72975,12.005141,13.163439,12.497607,14.922717,6.616501,5.99238,2.232164,0.599512,7.97432,2.697146,4.130325,0.854701,1.813945,2.584622,1.48733,4.14598,4.553446,3.350819,6.643617,1.011431,0.722523,4.8368,0.0,2.011196,0.983926,1.384748,0.59835,3.649832,1.986779,2.178334,4.079999,2.422755,10.18914,8.195359,2.404421,1.0769,1.115053,3.7373,5.636849,1.510634,7.614789,6.402076,1.413882,4.472088,4.746654,4.362507,6.047048,0.252858,0.296665,0.492192,1.858422,0.627203,0.324371,0.099384,0.3968,3.941819,0.352552,1.046113,0.22802,0.863232,14.290557,4.676134,6.00268,5.43261,15.019429,7.33983,10.884452,3.37905,14.952447,13.139397,6.452442,8.077607,8.257472,8.101653,1.254152,1.073779,1.239294,0.999186,0.895422,0.399129,0.839761,0.231896,7.142407,0.546123,0.290121,4.30537,1.95819,1.686741,0.352518,0.013855,0.033494,0.003701,0,0.041468,0.021625,0.006626,0.006298,0.010814,0.0,0.04397,0.02959,0.040605,4.338689,6.768272,3.03603,1.250833,3.125528,3.723478,2.688676,2.849003,2.22964,5.515302,2.677194,3.849184,2.142696,3.349036,13.300793,9.456183,5.394995,2.731108,13.482007,6.569217,2.940964,4.353011,15.676765,12.555423,1.200881,9.363721,10.078154,7.587533,0.0,0.0,0.239246,0.003701,0,0.0,0.0,0,0,0,0.011017,0.327941,0.266314,0.209531,0.908413,0,0.0,0.05551,0,0.012095,0.010812,0.0,1.669081,0.010814,0.0,0.016489,0.017406,0.162527,0.135584,0.270177,0.081344,0.495892,0.523737,0.191789,0.403662,0.139137,0,0.427166,0.330518,0.439697,0.844198,0.380805,0,0,0,0,0,0,0,0,0,0,0,0,0,0
34,4703,5496,6159,2182,1151,6664,3552,1747,5695,3024,3239,7069,6969,57650,964,1686,894,166,464,1553,1109,132,278,465,400,2189,2603,12903,963,281,302,1268,0,1141,271,213,94,660,547,1188,2246,9174,1477,2326,976,254,71,2085,1511,251,1198,1153,377,2455,2704,16838,893,75,151,123,118,347,96,5,57,712,88,550,134,3349,2077,1361,2473,1458,900,4123,3001,489,2331,2381,1773,4384,4621,31372,187,320,511,279,52,241,237,39,1139,92,87,2340,1117,6641,54,5,19,1,0,16,9,2,1,2,1,22,16,148,654,1946,1283,345,201,2133,741,439,362,986,745,2081,1213,13129,1954,2740,2211,742,792,3696,806,651,2435,2249,350,5093,5758,29477,0,0,110,0,0,2,0,0,0,0,1,177,158,448,135,0,0,16,0,5,3,0,270,2,1,10,9,451,19,92,42,120,31,119,113,23,0,73,87,215,459,1393,0,0,0,0,0,0,0,0,0,0,0,0,0,0,31.882584,19.037063,14.735155,8.074902,19.445852,11.514272,12.801845,11.574902,35.869497,16.351249,11.894969,12.950919,12.130337,14.680044,6.53515,5.839972,2.138858,0.614314,7.839162,2.683323,3.996973,0.874578,1.750961,2.514329,1.468968,4.010406,4.530818,3.285631,6.528371,0.973329,0.722523,4.692473,0.0,1.971456,0.976717,1.41125,0.592051,3.568725,2.008814,2.176502,3.909418,2.371824,10.01288,8.056806,2.33504,0.939975,1.199527,3.60253,5.44583,1.663023,7.545506,6.234454,1.384502,4.497737,4.70662,4.287642,6.053827,0.259785,0.361261,0.455185,1.99358,0.599558,0.345996,0.033128,0.35901,3.849897,0.323173,1.00764,0.233242,0.852792,14.080401,4.714236,5.916551,5.395604,15.205271,7.123851,10.815973,3.239913,14.681615,12.874446,6.511201,8.031805,8.043376,7.988592,1.267711,1.108417,1.222547,1.032492,0.878527,0.416407,0.854177,0.258398,7.173899,0.497459,0.319501,4.287049,1.944266,1.69107,0.366077,0.017319,0.045457,0.003701,0,0.027645,0.032437,0.013251,0.006298,0.010814,0.003672,0.040306,0.02785,0.038264,4.433598,6.740561,3.069525,1.276737,3.395844,3.685465,2.670655,2.908633,2.280028,5.331459,2.735953,3.812542,2.111364,3.343179,13.24656,9.490821,5.289727,2.745911,13.380639,6.386067,2.904923,4.313258,15.336651,12.160701,1.285347,9.330744,10.022454,7.506048,0.0,0.0,0.26317,0.0,0,0.003456,0.0,0,0,0,0.003672,0.324277,0.275017,0.187496,0.915192,0,0.0,0.059211,0,0.008639,0.010812,0.0,1.700573,0.010814,0.003672,0.018321,0.015666,0.149819,0.128805,0.31867,0.100483,0.444083,0.523737,0.205612,0.407266,0.152389,0,0.394723,0.319501,0.393896,0.798942,0.36966,0,0,0,0,0,0,0,0,0,0,0,0,0,0
35,4646,5338,5973,2079,1148,6467,3453,1658,5572,2953,3074,6936,6915,56212,962,1700,895,146,465,1516,1081,123,273,447,368,2163,2588,12727,931,284,283,1250,0,1150,272,207,95,635,527,1151,2227,9012,1465,2305,907,208,69,2029,1461,219,1172,1111,378,2427,2622,16373,891,63,124,125,115,356,90,15,59,724,83,561,105,3311,2084,1309,2432,1367,899,4077,2942,510,2267,2341,1698,4448,4629,31003,184,310,488,254,56,224,228,39,1124,106,80,2267,1094,6454,45,4,13,0,0,19,5,3,1,3,0,26,21,140,665,1937,1235,366,189,2171,711,390,368,982,722,2072,1215,13023,1924,2689,2174,722,792,3693,758,597,2389,2227,402,5013,5700,29080,0,1,86,2,0,0,0,0,0,0,1,179,155,424,135,0,0,17,0,7,4,0,270,2,0,10,9,454,24,90,42,119,30,100,113,32,0,75,99,210,467,1401,0,0,0,0,0,0,0,0,0,0,0,0,0,0,31.49617,18.489782,14.290157,7.693731,19.395168,11.173889,12.445037,10.985225,35.094791,15.967341,11.289019,12.707253,12.036344,14.31387,6.521592,5.888466,2.141251,0.5403,7.856057,2.619393,3.896057,0.814947,1.719468,2.417,1.351451,3.962772,4.504708,3.240814,6.311437,0.98372,0.677066,4.62586,0.0,1.987007,0.980321,1.371497,0.59835,3.433546,1.935365,2.108715,3.876347,2.32994,9.93153,7.984067,2.16996,0.769743,1.165737,3.505771,5.265624,1.451004,7.381747,6.007354,1.388175,4.446439,4.563889,4.169234,6.040268,0.21822,0.296665,0.462586,1.942896,0.615108,0.324371,0.099384,0.371607,3.914783,0.304811,1.027793,0.182764,0.843116,14.127856,4.534118,5.81846,5.058841,15.188376,7.044371,10.60333,3.37905,14.278516,12.658159,6.235769,8.149057,8.057301,7.89463,1.247373,1.073779,1.16752,0.939975,0.946106,0.387034,0.82174,0.258398,7.079423,0.573159,0.293794,4.153308,1.904231,1.643452,0.305064,0.013855,0.031102,0.0,0,0.032829,0.018021,0.019877,0.006298,0.016221,0.0,0.047634,0.036553,0.0421,4.508169,6.709387,2.954687,1.354452,3.193107,3.751123,2.562532,2.583979,2.317818,5.30983,2.651487,3.796054,2.114846,3.316188,13.043184,9.314167,5.201206,2.671897,13.380639,6.380883,2.731925,3.955476,15.046923,12.041743,1.476313,9.184178,9.921498,7.404955,0.0,0.003464,0.205751,0.007401,0,0.0,0.0,0,0,0,0.003672,0.327941,0.269795,0.178938,0.915192,0,0.0,0.062912,0,0.012095,0.014416,0.0,1.700573,0.010814,0.0,0.018321,0.015666,0.165814,0.162701,0.311742,0.100483,0.440382,0.506842,0.172783,0.407266,0.212019,0,0.405537,0.36357,0.384735,0.812867,0.371783,0,0,0,0,0,0,0,0,0,0,0,0,0,0
36,4568,5174,5813,2070,1119,6135,3381,1663,5446,2854,3035,6641,6785,54684,930,1657,862,121,459,1457,1057,125,259,458,357,2090,2533,12365,897,279,304,1245,0,1102,256,223,91,636,470,1138,2174,8815,1461,2241,882,242,65,1953,1450,250,1142,1112,345,2312,2624,16079,893,72,114,119,112,332,91,8,60,703,71,544,131,3250,2031,1272,2346,1410,853,3995,2881,512,2206,2263,1674,4270,4524,30237,176,290,485,291,53,241,235,36,1107,110,93,2251,1107,6475,49,3,12,0,0,19,6,1,1,3,0,29,24,147,662,1920,1240,348,190,2137,742,433,366,981,747,2053,1271,13090,1897,2616,2156,672,771,3593,758,668,2333,2152,353,4982,5640,28591,0,0,95,2,0,0,0,0,0,0,3,183,145,428,130,0,0,24,0,10,6,0,271,2,0,6,10,459,19,89,34,119,31,103,117,29,0,79,76,207,456,1359,0,0,0,0,0,0,0,0,0,0,0,0,0,0,30.967392,17.921718,13.907364,7.660425,18.90522,10.600249,12.18554,11.018353,34.30119,15.432032,11.145795,12.166792,11.810064,13.924779,6.304657,5.739522,2.0623,0.447783,7.754688,2.517451,3.809558,0.828199,1.631291,2.476479,1.311054,3.829031,4.408975,3.148634,6.080944,0.966401,0.727308,4.607357,0.0,1.904071,0.922656,1.477506,0.573156,3.438953,1.726037,2.084898,3.784094,2.279009,9.904413,7.762383,2.110149,0.895567,1.098158,3.374456,5.225979,1.656397,7.192795,6.012761,1.266985,4.235751,4.56737,4.09437,6.053827,0.249394,0.27274,0.440382,1.892212,0.57364,0.327975,0.053005,0.377905,3.801233,0.260742,0.996647,0.22802,0.827583,13.768558,4.405958,5.612709,5.217971,14.411218,6.902689,10.383479,3.392301,13.894313,12.236401,6.147631,7.822949,7.874537,7.699575,1.193139,1.004503,1.160343,1.0769,0.895422,0.416407,0.846969,0.238521,6.97235,0.594787,0.341535,4.123995,1.926859,1.648799,0.332181,0.010391,0.02871,0.0,0,0.032829,0.021625,0.006626,0.006298,0.016221,0.0,0.05313,0.041775,0.044205,4.487831,6.650502,2.966649,1.28784,3.210002,3.692377,2.674259,2.86888,2.305221,5.304423,2.743298,3.761244,2.21232,3.333248,12.860145,9.061309,5.158142,2.486863,13.025849,6.2081,2.731925,4.425893,14.694212,11.636206,1.296364,9.127384,9.817061,7.280436,0.0,0.0,0.227284,0.007401,0,0.0,0.0,0,0,0,0.011017,0.335269,0.252389,0.205686,0.881296,0,0.0,0.088817,0,0.017278,0.021625,0.0,1.706872,0.010814,0.0,0.010992,0.017406,0.167641,0.128805,0.308278,0.081344,0.440382,0.523737,0.177967,0.421682,0.192142,0,0.427166,0.279104,0.379239,0.79372,0.360637,0,0,0,0,0,0,0,0,0,0,0,0,0,0
37,4457,5066,5672,2030,1087,6127,3314,1594,5371,2823,2977,6513,6619,53650,905,1644,858,150,454,1450,1053,127,254,452,365,2073,2459,12244,898,248,289,1167,0,1090,258,209,92,627,448,1094,2101,8521,1438,2144,888,235,63,1950,1397,224,1120,1112,351,2284,2588,15794,884,68,130,109,107,336,88,14,59,684,81,549,115,3224,1999,1277,2294,1385,852,3937,2785,471,2155,2258,1685,4245,4428,29771,178,315,499,262,49,259,221,35,1090,105,89,2203,1128,6433,47,3,14,1,0,14,7,0,1,3,0,25,18,133,673,1885,1285,371,208,2209,725,407,381,977,808,2070,1265,13264,1874,2581,2086,748,770,3535,741,581,2309,2130,366,4908,5531,28160,0,0,98,0,0,0,0,0,0,0,3,172,146,419,135,0,0,20,0,10,4,0,267,2,1,6,8,453,19,92,34,119,27,104,115,15,0,72,88,203,422,1310,0,0,0,0,0,0,0,0,0,0,0,0,0,0,30.214901,17.547627,13.570027,7.512397,18.364589,10.586426,11.944064,10.561187,33.828809,15.26441,10.932795,11.932287,11.521122,13.66148,6.135177,5.694493,2.05273,0.555103,7.670215,2.505356,3.795142,0.84145,1.599798,2.444036,1.340433,3.797886,4.280169,3.117822,6.087723,0.859023,0.691421,4.318703,0.0,1.883337,0.929864,1.384748,0.579455,3.390289,1.645244,2.004287,3.657029,2.202999,9.748492,7.426394,2.124504,0.869662,1.064369,3.369272,5.03496,1.484132,7.054229,6.012761,1.289019,4.184453,4.504708,4.021797,5.992814,0.235539,0.31102,0.403375,1.807738,0.580552,0.317163,0.092758,0.371607,3.698497,0.297466,1.005808,0.200171,0.820962,13.551624,4.423277,5.488301,5.125453,14.394323,6.802474,10.037483,3.120652,13.573093,12.209365,6.188028,7.777147,7.707438,7.580912,1.206698,1.091098,1.193837,0.96958,0.827843,0.447508,0.796511,0.231896,6.865277,0.567752,0.326845,4.036055,1.963412,1.638104,0.318622,0.010391,0.033494,0.003701,0,0.02419,0.025229,0.0,0.006298,0.016221,0.0,0.045802,0.031331,0.03861,4.562403,6.529269,3.07431,1.372955,3.514107,3.816781,2.612989,2.696614,2.399698,5.282794,2.967315,3.79239,2.201876,3.377556,12.704223,8.940076,4.990669,2.768115,13.008954,6.107886,2.670655,3.849467,14.54305,11.517249,1.344106,8.991811,9.627335,7.170686,0.0,0.0,0.234461,0.0,0,0.0,0.0,0,0,0,0.011017,0.315116,0.25413,0.231412,0.915192,0,0.0,0.074014,0,0.017278,0.014416,0.0,1.681678,0.010814,0.003672,0.010992,0.013925,0.150483,0.128805,0.31867,0.081344,0.440382,0.456158,0.179695,0.414474,0.099384,0,0.389315,0.323173,0.371911,0.734539,0.347634,0,0,0,0,0,0,0,0,0,0,0,0,0,0
38,4402,4870,5627,1979,1070,6037,3212,1633,5306,2773,2831,6347,6515,52602,862,1589,838,115,459,1434,1025,104,249,422,327,1979,2442,11845,844,243,258,1130,0,1042,250,178,90,626,431,1082,2026,8200,1419,2113,894,226,62,1946,1400,235,1111,1084,353,2262,2547,15652,887,72,132,123,108,344,89,15,54,670,80,542,120,3236,1970,1207,2281,1351,837,3857,2726,481,2114,2188,1611,4156,4274,29053,177,304,499,240,45,238,221,54,1075,106,81,2213,1116,6369,51,5,14,1,0,16,6,1,1,3,1,27,15,141,665,1851,1274,374,214,2183,730,432,383,967,742,2066,1266,13147,1849,2508,2102,713,766,3469,731,641,2267,2125,312,4821,5476,27780,0,0,95,0,0,0,0,0,0,0,2,180,141,418,122,0,0,16,0,5,5,1,274,2,1,6,8,440,20,84,34,126,28,91,107,32,0,72,83,195,409,1281,0,0,0,0,0,0,0,0,0,0,0,0,0,0,29.842045,16.868722,13.462367,7.323662,18.077378,10.430921,11.576443,10.819585,33.419412,14.994052,10.396621,11.628163,11.340099,13.394617,5.843672,5.503983,2.004881,0.425579,7.754688,2.477711,3.694226,0.689061,1.568306,2.281821,1.200881,3.625671,4.250579,3.016221,5.721646,0.841704,0.617254,4.181778,0.0,1.800401,0.901031,1.179355,0.566858,3.384882,1.582813,1.982302,3.526483,2.120008,9.619687,7.319016,2.138858,0.836356,1.047474,3.362361,5.045772,1.557013,6.997544,5.86136,1.296364,4.144147,4.433343,3.985638,6.013152,0.249394,0.315805,0.455185,1.824633,0.594374,0.320767,0.099384,0.340115,3.622797,0.293794,0.992983,0.208874,0.824018,13.355027,4.180811,5.457199,4.99963,14.140902,6.664248,9.82484,3.186908,13.314858,11.830864,5.916269,7.614092,7.439383,7.39808,1.199919,1.052996,1.193837,0.888165,0.760264,0.411224,0.796511,0.357782,6.770801,0.573159,0.297466,4.054376,1.942525,1.621807,0.345739,0.017319,0.033494,0.003701,0,0.027645,0.021625,0.006626,0.006298,0.016221,0.003672,0.049466,0.026109,0.036454,4.508169,6.4115,3.047993,1.384057,3.615476,3.771857,2.63101,2.862254,2.412295,5.228723,2.724936,3.785061,2.203617,3.347763,12.534743,8.687219,5.028949,2.638591,12.941375,5.993849,2.634614,4.247002,14.278516,11.490213,1.145795,8.83242,9.531601,7.073922,0.0,0.0,0.227284,0.0,0,0.0,0.0,0,0,0,0.007345,0.329773,0.245427,0.23086,0.827063,0,0.0,0.059211,0,0.008639,0.018021,0.006626,1.725767,0.010814,0.003672,0.010992,0.013925,0.139186,0.135584,0.290959,0.081344,0.466287,0.473053,0.157233,0.385641,0.212019,0,0.389315,0.304811,0.357254,0.711911,0.339938,0,0,0,0,0,0,0,0,0,0,0,0,0,0
39,4291,4805,5448,1945,1067,5882,3103,1579,5195,2692,2790,6208,6378,51383,812,1554,814,144,452,1420,986,125,248,424,343,1964,2380,11666,834,255,262,1151,0,1059,253,195,87,615,432,1035,2041,8219,1396,2056,840,214,60,1869,1337,202,1096,1070,378,2185,2466,15169,880,73,113,105,114,344,78,6,50,674,83,556,112,3188,1944,1218,2180,1310,831,3745,2656,492,2077,2121,1566,4062,4240,28442,174,303,484,275,53,231,226,48,1070,109,85,2201,1063,6322,49,5,14,0,0,18,6,1,1,3,1,35,15,148,674,1832,1312,349,212,2113,707,420,394,961,775,2055,1268,13072,1855,2470,1987,684,753,3411,703,595,2263,2054,327,4776,5376,27254,0,0,83,1,0,0,0,0,0,0,2,170,136,392,134,0,0,7,0,8,5,0,269,2,1,4,8,438,20,86,33,100,27,99,107,29,0,74,78,188,390,1231,0,0,0,0,0,0,0,0,0,0,0,0,0,0,29.089553,16.643575,13.034116,7.197839,18.026694,10.163107,11.183594,10.461803,32.720287,14.556072,10.246052,11.373505,11.101634,13.08421,5.504712,5.38275,1.947462,0.532899,7.636425,2.453521,3.553665,0.828199,1.562008,2.292635,1.25964,3.59819,4.142661,2.97064,5.653854,0.88327,0.626824,4.259492,0.0,1.829774,0.911843,1.29199,0.547962,3.325403,1.586485,1.896195,3.552593,2.12492,9.463765,7.121579,2.009666,0.791947,1.013685,3.229318,4.818713,1.338369,6.903067,5.78566,1.388175,4.003078,4.292353,3.862647,5.965697,0.252858,0.270348,0.388572,1.926001,0.594374,0.281122,0.039754,0.314921,3.644425,0.304811,1.018632,0.194949,0.811795,13.178768,4.218912,5.215561,4.847902,14.039534,6.470731,9.572551,3.259789,13.081816,11.468584,5.75101,7.441878,7.380202,7.242494,1.179581,1.049532,1.15795,1.017689,0.895422,0.399129,0.814532,0.318028,6.739308,0.58938,0.312156,4.032391,1.850272,1.609839,0.332181,0.017319,0.033494,0.0,0,0.031101,0.021625,0.006626,0.006298,0.016221,0.003672,0.064123,0.026109,0.041138,4.569182,6.345688,3.138906,1.29154,3.581686,3.650909,2.548115,2.782747,2.481577,5.19628,2.846126,3.764908,2.207098,3.328665,12.575419,8.555594,4.753816,2.531271,12.721744,5.893635,2.533699,3.942225,14.253322,11.106305,1.200881,8.749977,9.357539,6.939981,0.0,0.0,0.198574,0.003701,0,0.0,0.0,0,0,0,0.007345,0.311452,0.236723,0.188385,0.908413,0,0.0,0.025905,0,0.013823,0.018021,0.0,1.694275,0.010814,0.003672,0.007328,0.013925,0.1455,0.135584,0.297887,0.078951,0.370069,0.456158,0.171055,0.385641,0.192142,0,0.40013,0.286449,0.34443,0.678839,0.32667,0,0,0,0,0,0,0,0,0,0,0,0,0,0
40,4200,4665,5237,1929,1020,5601,3010,1501,5083,2661,2789,6063,6129,49888,776,1537,802,137,451,1364,972,117,236,410,302,1886,2348,11338,851,237,248,1092,0,1053,250,197,86,578,440,999,1912,7943,1383,2056,791,201,57,1812,1332,205,1074,1045,349,2160,2463,14928,892,69,114,113,108,345,87,11,52,649,78,511,98,3127,1935,1216,2160,1294,800,3687,2662,509,2030,2051,1581,3960,4138,28023,170,283,478,288,49,235,227,46,1065,117,85,2140,1047,6230,40,5,19,0,0,22,8,2,1,3,0,26,14,140,674,1822,1267,354,219,2086,747,424,390,952,749,2061,1258,13003,1845,2420,2043,703,743,3378,685,590,2223,2012,378,4682,5248,26950,0,0,100,1,0,1,0,0,0,0,1,165,133,401,133,0,0,13,0,7,4,0,264,3,3,3,10,440,24,75,25,111,30,98,99,25,0,72,80,180,384,1203,0,0,0,0,0,0,0,0,0,0,0,0,0,0,28.472646,16.158642,12.529308,7.138628,17.232641,9.677587,10.848411,9.945008,32.014864,14.38845,10.24238,11.107854,10.668222,12.703522,5.26066,5.323866,1.918752,0.506994,7.61953,2.356763,3.503208,0.775194,1.486427,2.216935,1.109071,3.455288,4.086961,2.887118,5.7691,0.820921,0.59333,4.041152,0.0,1.819407,0.901031,1.305241,0.541664,3.125338,1.615865,1.83024,3.328053,2.053564,9.375636,7.121579,1.892435,0.743838,0.963001,3.130831,4.800692,1.358246,6.764502,5.650481,1.281675,3.957276,4.287132,3.801278,6.047048,0.239002,0.27274,0.418178,1.824633,0.596102,0.313559,0.072881,0.327518,3.509246,0.286449,0.936189,0.17058,0.796262,13.117755,4.211985,5.167711,4.788691,13.515797,6.370516,9.594176,3.372424,12.785791,11.090083,5.806096,7.255006,7.20266,7.1358,1.152464,0.980256,1.143595,1.065798,0.827843,0.406041,0.818136,0.304777,6.707816,0.632638,0.312156,3.920635,1.822423,1.586412,0.271168,0.017319,0.045457,0.0,0,0.038012,0.028833,0.013251,0.006298,0.016221,0.0,0.047634,0.024369,0.0421,4.569182,6.31105,3.031246,1.310044,3.699949,3.604257,2.69228,2.809249,2.456383,5.147615,2.750643,3.775901,2.189692,3.311095,12.507627,8.382404,4.887794,2.601584,12.552796,5.836616,2.468824,3.909097,14.001386,10.879204,1.388175,8.577762,9.134741,6.86257,0.0,0.0,0.239246,0.003701,0,0.001728,0.0,0,0,0,0.003672,0.302292,0.231502,0.150775,0.901634,0,0.0,0.048109,0,0.012095,0.014416,0.0,1.662783,0.016221,0.011017,0.005496,0.017406,0.146165,0.162701,0.259785,0.059811,0.410776,0.506842,0.169328,0.356808,0.16564,0,0.389315,0.293794,0.329773,0.668396,0.31924,0,0,0,0,0,0,0,0,0,0,0,0,0,0
41,4155,4626,5078,1850,991,5505,2944,1558,4951,2629,2766,6013,5991,49057,746,1466,775,131,443,1361,963,129,231,390,318,1791,2333,11077,831,229,231,1075,0,1049,243,198,88,569,404,970,1875,7762,1361,2025,796,230,54,1801,1292,223,1041,1032,357,2095,2400,14707,888,70,112,98,105,313,81,12,52,639,84,541,104,3099,1903,1154,2114,1314,795,3638,2603,480,2009,2036,1619,3869,4027,27561,169,286,462,246,52,230,225,49,1059,111,78,2105,1082,6154,39,5,16,1,0,18,8,0,1,2,1,23,19,133,673,1751,1336,341,222,2130,752,421,391,942,732,2059,1295,13045,1825,2398,1988,688,735,3270,680,612,2163,1992,346,4613,5177,26487,0,0,102,1,0,1,0,0,0,0,2,170,137,413,131,0,1,20,0,6,2,0,266,3,1,6,9,445,22,87,33,105,26,90,106,24,0,73,78,189,380,1213,0,0,0,0,0,0,0,0,0,0,0,0,0,0,28.167582,16.023554,12.148907,6.846273,16.742693,9.511715,10.610538,10.322666,31.183473,14.215421,10.157914,11.01625,10.428017,12.491915,5.057284,5.077936,1.854156,0.48479,7.484372,2.351579,3.470771,0.854701,1.454935,2.108792,1.16783,3.281241,4.060852,2.820656,5.633516,0.793211,0.552658,3.97824,0.0,1.812496,0.875802,1.311866,0.554261,3.076674,1.483658,1.77711,3.263651,2.006769,9.226493,7.014202,1.904397,0.851158,0.912316,3.111825,4.656527,1.477506,6.556654,5.580188,1.311054,3.838191,4.177473,3.745003,6.019931,0.242466,0.267955,0.362667,1.773948,0.540811,0.291934,0.079507,0.327518,3.455175,0.308483,0.991151,0.181024,0.789132,12.90082,3.997229,5.057658,4.862704,13.431323,6.285853,9.381532,3.180282,12.653524,11.008976,5.945648,7.088288,7.009452,7.018156,1.145685,0.990648,1.105316,0.910369,0.878527,0.397401,0.810928,0.324654,6.670026,0.600195,0.286449,3.856512,1.883344,1.56706,0.264389,0.017319,0.038279,0.003701,0,0.031101,0.028833,0.0,0.006298,0.010814,0.003672,0.042138,0.033072,0.035782,4.562403,6.06512,3.196325,1.261935,3.750634,3.680282,2.710301,2.789373,2.462682,5.093544,2.688212,3.772237,2.254095,3.32179,12.372043,8.3062,4.756208,2.546074,12.417638,5.65001,2.450804,4.05486,13.623481,10.771061,1.270657,8.451349,9.011157,6.744672,0.0,0.0,0.244031,0.003701,0,0.001728,0.0,0,0,0,0.007345,0.311452,0.238464,0.155287,0.888075,0,0.002392,0.074014,0,0.010367,0.007208,0.0,1.675379,0.016221,0.003672,0.010992,0.015666,0.129803,0.149142,0.301351,0.078951,0.388572,0.439263,0.155505,0.382037,0.159014,0,0.394723,0.286449,0.346262,0.661433,0.321893,0,0,0,0,0,0,0,0,0,0,0,0,0,0
42,4062,4525,5045,1820,970,5355,2894,1461,4896,2574,2717,5744,5924,47987,706,1455,790,126,423,1320,934,112,221,379,317,1761,2225,10769,804,214,240,1052,0,1022,235,221,83,546,403,988,1793,7601,1345,1969,795,215,58,1733,1286,214,1032,1013,351,2072,2412,14495,888,65,114,106,105,303,79,12,54,651,86,502,98,3063,1888,1143,2103,1310,750,3462,2560,461,1975,2002,1535,3754,4032,26975,170,294,462,268,47,243,225,41,1041,112,86,2103,1078,6170,50,5,16,1,0,19,5,0,2,2,0,29,22,151,671,1750,1302,377,216,2123,724,385,404,938,773,2066,1298,13027,1803,2335,1954,678,706,3268,655,565,2129,1947,405,4587,5162,26194,0,0,89,1,0,0,0,0,0,0,3,162,131,386,123,0,0,18,0,5,3,0,271,3,1,6,8,438,22,79,31,106,26,102,118,26,0,71,75,180,353,1189,0,0,0,0,0,0,0,0,0,0,0,0,0,0,27.537116,15.67371,12.069956,6.735253,16.387903,9.25254,10.430332,9.679984,30.83706,13.918027,9.977965,10.523423,10.311396,12.219449,4.786116,5.039834,1.890043,0.466287,7.146477,2.280738,3.366251,0.742066,1.391951,2.049313,1.164157,3.226279,3.872866,2.742227,5.450478,0.741254,0.57419,3.893124,0.0,1.765844,0.846969,1.464255,0.522769,2.952309,1.479985,1.810087,3.12092,1.965144,9.118026,6.820229,1.902005,0.795648,0.979895,2.994333,4.634902,1.417876,6.499969,5.477452,1.289019,3.796054,4.19836,3.691019,6.019931,0.225147,0.27274,0.392273,1.773948,0.523533,0.284726,0.079507,0.340115,3.520061,0.315828,0.9197,0.17058,0.779965,12.799132,3.959127,5.031341,4.847902,12.671059,5.981754,9.226555,3.054396,12.439378,10.825132,5.637165,6.877599,7.018155,6.868936,1.152464,1.018358,1.105316,0.991784,0.794053,0.419863,0.810928,0.271649,6.556654,0.605602,0.315828,3.852848,1.876382,1.571134,0.33896,0.017319,0.038279,0.003701,0,0.032829,0.018021,0.0,0.012597,0.010814,0.0,0.05313,0.038294,0.043836,4.548844,6.061656,3.114982,1.395159,3.649265,3.668187,2.609385,2.550851,2.544561,5.071915,2.838781,3.785061,2.259317,3.317206,12.2229,8.087981,4.674865,2.509067,11.92769,5.646555,2.360701,3.743457,13.409334,10.527739,1.48733,8.403715,8.985048,6.670062,0.0,0.0,0.212929,0.003701,0,0.0,0.0,0,0,0,0.011017,0.296796,0.22802,0.185502,0.833842,0,0.0,0.066612,0,0.008639,0.010812,0.0,1.706872,0.016221,0.003672,0.010992,0.013925,0.1455,0.149142,0.27364,0.074166,0.392273,0.439263,0.176239,0.425287,0.172265,0,0.383908,0.275432,0.329773,0.614437,0.315524,0,0,0,0,0,0,0,0,0,0,0,0,0,0
43,4043,4399,4884,1821,967,5254,2784,1473,4792,2536,2604,5700,5833,47090,673,1410,736,126,428,1326,908,110,213,387,308,1671,2245,10541,812,192,214,1036,0,997,213,184,83,533,399,919,1773,7355,1321,1934,791,203,53,1697,1231,214,1015,990,331,2029,2337,14146,882,59,110,111,105,325,69,13,54,648,79,485,96,3036,1826,1117,2034,1303,746,3468,2469,453,1952,1992,1529,3711,3994,26594,181,282,430,273,42,239,220,45,1029,111,83,2060,1046,6041,54,6,14,1,0,19,6,1,2,1,0,30,17,151,658,1780,1290,354,220,2080,705,415,407,957,719,2018,1298,12901,1789,2303,1968,644,705,3182,648,576,2091,1945,340,4487,5106,25784,0,0,77,1,0,0,0,0,0,0,3,166,118,365,127,0,1,13,0,8,3,0,270,1,2,4,8,437,21,75,36,113,27,101,110,25,0,67,71,169,349,1164,0,0,0,0,0,0,0,0,0,0,0,0,0,0,27.408311,15.237271,11.68477,6.738953,16.337219,9.078029,10.033879,9.759491,30.182024,13.712555,9.562982,10.442812,10.153,11.991037,4.562403,4.883963,1.76085,0.466287,7.230951,2.291105,3.272544,0.728815,1.341563,2.092571,1.131105,3.061393,3.907678,2.684169,5.504712,0.66505,0.511986,3.833913,0.0,1.722648,0.767678,1.219108,0.522769,2.882016,1.465296,1.683674,3.086108,1.901544,8.955325,6.698995,1.892435,0.75124,0.895422,2.932131,4.436676,1.417876,6.392895,5.353087,1.215571,3.717275,4.067814,3.602149,5.979256,0.204364,0.26317,0.410776,1.773948,0.561545,0.248684,0.086133,0.340115,3.503839,0.290121,0.888555,0.167099,0.77309,12.378822,3.869068,4.866262,4.821997,12.60348,5.992121,8.89858,3.001391,12.294514,10.771061,5.61513,6.79882,6.952011,6.771918,1.227035,0.976793,1.028757,1.010288,0.709579,0.412952,0.792907,0.298151,6.481073,0.600195,0.304811,3.774069,1.820682,1.538285,0.366077,0.020783,0.033494,0.003701,0,0.032829,0.021625,0.006626,0.012597,0.005407,0.0,0.054962,0.02959,0.041996,4.460715,6.16557,3.086272,1.310044,3.716844,3.59389,2.540907,2.749619,2.563457,5.174651,2.64047,3.697122,2.259317,3.285121,12.127991,7.977139,4.708359,2.383243,11.910796,5.497961,2.335472,3.816339,13.169994,10.516924,1.248623,8.220508,8.887574,6.565659,0.0,0.0,0.184219,0.003701,0,0.0,0.0,0,0,0,0.011017,0.304124,0.205392,0.17541,0.860959,0,0.002392,0.048109,0,0.013823,0.010812,0.0,1.700573,0.005407,0.007345,0.007328,0.013925,0.127469,0.142363,0.259785,0.086129,0.418178,0.456158,0.174511,0.396454,0.16564,0,0.36228,0.260742,0.30962,0.607474,0.30889,0,0,0,0,0,0,0,0,0,0,0,0,0,0
44,3985,4353,4846,1800,929,5013,2725,1394,4734,2504,2588,5518,5705,46094,632,1394,697,129,424,1280,894,114,210,369,323,1665,2117,10248,806,189,207,1042,0,937,210,193,82,547,409,887,1710,7219,1299,1943,774,208,58,1661,1210,204,1005,1000,321,1961,2320,13964,885,60,98,92,106,312,65,8,55,634,66,461,104,2946,1791,1092,2011,1235,754,3351,2444,455,1922,1966,1473,3612,3899,26005,172,288,425,261,40,222,228,39,1024,114,71,2019,1047,5950,51,6,16,0,0,18,9,1,2,1,0,27,21,152,640,1758,1295,374,225,2065,674,376,411,958,780,2003,1306,12865,1768,2310,1901,607,700,3150,618,567,2088,1937,346,4415,4983,25390,0,1,80,1,0,0,0,0,0,0,2,158,116,358,126,0,0,10,0,10,4,0,272,1,1,3,11,438,21,75,31,95,25,101,108,28,0,68,80,164,336,1132,0,0,0,0,0,0,0,0,0,0,0,0,0,0,27.015118,15.077936,11.593856,6.661239,15.695219,8.661621,9.821235,9.23607,29.816716,13.539526,9.504223,10.109375,9.930201,11.737414,4.284455,4.828542,1.667544,0.477389,7.163372,2.211625,3.222086,0.755317,1.322668,1.995242,1.186192,3.0504,3.684879,2.609559,5.464036,0.654659,0.495239,3.856117,0.0,1.618979,0.756866,1.278738,0.51647,2.957716,1.50202,1.625048,2.976449,1.866383,8.806183,6.73017,1.851763,0.769743,0.979895,2.869929,4.360989,1.35162,6.329911,5.407159,1.178847,3.592694,4.038224,3.555805,5.999593,0.207828,0.234461,0.340463,1.790843,0.539084,0.234268,0.053005,0.346413,3.428139,0.24238,0.844585,0.181024,0.750172,12.14155,3.782473,4.811235,4.57035,12.738638,5.789965,8.808477,3.014643,12.105562,10.630475,5.409475,6.617445,6.786653,6.621935,1.166023,0.997575,1.016795,0.96588,0.67579,0.383579,0.82174,0.258398,6.449581,0.616416,0.260742,3.698954,1.822423,1.515113,0.345739,0.020783,0.038279,0.0,0,0.031101,0.032437,0.006626,0.012597,0.005407,0.0,0.049466,0.036553,0.045709,4.338689,6.089366,3.098234,1.384057,3.801318,3.567973,2.429179,2.491221,2.58865,5.180058,2.864488,3.669641,2.273242,3.275954,11.985628,8.001386,4.548065,2.246318,11.826322,5.442671,2.227348,3.756708,13.151099,10.473667,1.270657,8.088599,8.673478,6.465331,0.0,0.003464,0.191397,0.003701,0,0.0,0.0,0,0,0,0.007345,0.289467,0.201911,0.151084,0.854179,0,0.0,0.037007,0,0.017278,0.014416,0.0,1.71317,0.005407,0.003672,0.005496,0.019147,0.1455,0.142363,0.259785,0.074166,0.351565,0.422369,0.174511,0.389245,0.185516,0,0.367687,0.293794,0.30046,0.584846,0.300398,0,0,0,0,0,0,0,0,0,0,0,0,0,0
45,3976,4236,4617,1711,922,5043,2660,1487,4647,2479,2608,5422,5589,45397,605,1364,674,125,416,1271,886,108,206,371,327,1618,2100,10071,794,191,198,1020,0,936,211,171,83,543,374,853,1650,7024,1308,1899,770,198,53,1623,1205,206,1000,985,320,1908,2240,13715,871,67,94,94,112,296,67,13,51,625,77,467,84,2918,1776,1062,1968,1279,755,3309,2416,472,1909,1921,1450,3539,3799,25655,172,284,421,261,50,238,213,50,1020,113,90,2017,1052,5981,51,4,12,0,0,17,8,0,1,1,0,33,21,148,645,1761,1311,382,227,2062,701,414,396,961,763,1986,1289,12898,1748,2252,1829,636,695,3085,619,530,2050,1919,360,4355,4954,25032,0,0,79,1,0,0,0,0,0,0,0,160,126,366,124,0,0,16,0,7,3,0,266,2,0,4,9,431,22,74,32,110,23,95,109,18,0,66,80,167,333,1129,0,0,0,0,0,0,0,0,0,0,0,0,0,0,26.954105,14.672671,11.045983,6.331878,15.576956,8.713456,9.586967,9.852249,29.268754,13.404347,9.577672,9.933496,9.72829,11.55993,4.101417,4.724628,1.612517,0.462586,7.028214,2.196074,3.193253,0.715564,1.297474,2.006056,1.200881,2.964293,3.655289,2.564488,5.382686,0.661586,0.473707,3.774702,0.0,1.617251,0.76047,1.132976,0.522769,2.936087,1.373485,1.562758,2.872013,1.815968,8.867195,6.577762,1.842193,0.732736,0.895422,2.804271,4.342968,1.364871,6.298419,5.326052,1.175174,3.495594,3.898975,3.492399,5.904684,0.232075,0.224891,0.347865,1.892212,0.511438,0.241476,0.086133,0.321219,3.379474,0.282776,0.855578,0.146212,0.743042,12.039862,3.678559,4.708359,4.73318,12.755533,5.717396,8.707561,3.127278,12.023682,10.387153,5.325009,6.483704,6.612592,6.53281,1.166023,0.98372,1.007225,0.96588,0.844737,0.411224,0.767678,0.331279,6.424387,0.611009,0.330518,3.69529,1.831126,1.523007,0.345739,0.013855,0.02871,0.0,0,0.029373,0.028833,0.0,0.006298,0.005407,0.0,0.060458,0.036553,0.046622,4.372585,6.099758,3.136514,1.413663,3.835107,3.562789,2.52649,2.742993,2.494174,5.19628,2.802057,3.638496,2.243651,3.284357,11.850044,7.800485,4.375807,2.353638,11.741848,5.330361,2.230952,3.511562,12.911759,10.376338,1.322071,7.978675,8.623,6.374169,0.0,0.0,0.189004,0.003701,0,0.0,0.0,0,0,0,0.0,0.293132,0.219317,0.202373,0.840621,0,0.0,0.059211,0,0.012095,0.010812,0.0,1.675379,0.010814,0.0,0.007328,0.015666,0.157414,0.149142,0.256321,0.076559,0.407076,0.388579,0.164144,0.392849,0.119261,0,0.356872,0.293794,0.305956,0.579624,0.299602,0,0,0,0,0,0,0,0,0,0,0,0,0,0
46,3923,4174,4547,1648,876,4901,2650,1424,4551,2447,2495,5274,5494,44404,576,1329,659,113,403,1226,849,103,197,368,275,1576,2022,9696,790,176,194,1027,0,891,220,165,84,517,362,891,1635,6952,1285,1879,733,208,54,1643,1174,215,976,983,334,1898,2196,13578,865,61,110,87,109,312,67,14,55,640,76,458,86,2940,1749,1047,1901,1214,754,3200,2351,509,1891,1897,1425,3526,3757,25221,167,290,426,269,49,225,222,39,990,118,79,1999,1031,5904,58,4,10,1,0,23,9,1,1,1,0,27,11,146,646,1756,1319,380,206,2013,676,403,395,963,780,2019,1315,12871,1756,2195,1920,640,690,3055,638,578,2034,1893,315,4373,4828,24915,0,1,89,1,0,0,0,0,0,0,0,155,128,374,136,0,0,11,0,9,4,0,260,2,0,6,9,437,23,71,34,98,27,96,104,21,0,69,81,168,310,1102,0,0,0,0,0,0,0,0,0,0,0,0,0,0,26.594807,14.457915,10.878511,6.098734,14.799797,8.468104,9.550926,9.434837,28.664105,13.231318,9.162688,9.662349,9.562932,11.307071,3.90482,4.603395,1.57663,0.418178,6.808583,2.118322,3.059901,0.682436,1.240789,1.989835,1.009916,2.887346,3.519521,2.468997,5.355569,0.609629,0.464137,3.800607,0.0,1.539498,0.792907,1.093222,0.529067,2.795501,1.329416,1.632376,2.845903,1.797353,8.711274,6.508486,1.753672,0.769743,0.912316,2.838828,4.231241,1.424501,6.147257,5.315237,1.226588,3.477273,3.822388,3.457513,5.864009,0.211292,0.26317,0.32196,1.841527,0.539084,0.241476,0.092758,0.346413,3.460582,0.279104,0.839089,0.149693,0.748644,11.856823,3.626602,4.548065,4.492636,12.738638,5.529062,8.473293,3.372424,11.910311,10.257381,5.233199,6.459887,6.539486,6.422296,1.132127,1.004503,1.019188,0.995485,0.827843,0.388762,0.800115,0.258398,6.235435,0.638045,0.290121,3.662312,1.794573,1.503399,0.393194,0.013855,0.023925,0.003701,0,0.03974,0.032437,0.006626,0.006298,0.005407,0.0,0.049466,0.019147,0.040605,4.379364,6.082439,3.155653,1.406262,3.480318,3.478126,2.436387,2.670112,2.487876,5.207094,2.864488,3.698954,2.288907,3.277482,11.904278,7.603048,4.593521,2.368441,11.657375,5.278527,2.299431,3.82959,12.810984,10.235752,1.156812,8.011652,8.403683,6.344376,0.0,0.003464,0.212929,0.003701,0,0.0,0.0,0,0,0,0.0,0.283971,0.222799,0.17833,0.921971,0,0.0,0.040708,0,0.01555,0.014416,0.0,1.637589,0.010814,0.0,0.010992,0.015666,0.159606,0.155922,0.24593,0.081344,0.362667,0.456158,0.165872,0.374829,0.139137,0,0.373094,0.297466,0.307788,0.53959,0.292437,0,0,0,0,0,0,0,0,0,0,0,0,0,0
47,3878,4079,4550,1602,871,4841,2575,1319,4480,2411,2461,5230,5458,43755,568,1310,658,112,401,1211,836,121,201,365,303,1508,2004,9598,755,175,199,1017,0,908,210,136,80,513,364,824,1585,6766,1256,1796,725,200,50,1556,1162,184,971,948,301,1870,2233,13252,870,62,95,86,108,288,63,10,52,639,69,472,83,2897,1760,1033,1908,1201,743,3199,2324,457,1856,1872,1445,3425,3756,24979,172,264,415,227,48,231,221,40,990,116,75,1959,1018,5776,46,3,11,1,0,18,6,0,1,2,0,28,18,134,646,1777,1306,364,220,2011,678,372,404,962,741,1935,1323,12739,1757,2175,1870,578,680,2991,608,529,1997,1879,361,4312,4867,24604,0,1,94,2,0,0,0,0,0,0,4,155,115,371,125,0,1,13,0,6,3,0,263,2,1,4,8,426,22,72,28,90,26,94,108,23,0,64,70,173,311,1081,0,0,0,0,0,0,0,0,0,0,0,0,0,0,26.289743,14.128853,10.885688,5.928503,14.715324,8.364434,9.280617,8.739151,28.216918,13.036661,9.037826,9.581738,9.50027,11.141809,3.850586,4.537582,1.574238,0.414477,6.774793,2.092404,3.013047,0.801696,1.265982,1.973613,1.112743,2.762765,3.48819,2.444043,5.118297,0.606166,0.476099,3.7636,0.0,1.568871,0.756866,0.90108,0.503874,2.773873,1.336761,1.509628,2.758873,1.749265,8.514677,6.220991,1.734533,0.740138,0.844737,2.688506,4.187991,1.219108,6.115765,5.125987,1.105398,3.425975,3.88679,3.3745,5.897905,0.214756,0.227284,0.318259,1.824633,0.497616,0.22706,0.066256,0.327518,3.455175,0.253397,0.864738,0.144471,0.737694,11.931394,3.578109,4.564812,4.444527,12.552796,5.527334,8.375982,3.027894,11.689866,10.122202,5.306647,6.274847,6.537745,6.360673,1.166023,0.914444,0.99287,0.840056,0.810948,0.399129,0.796511,0.265024,6.235435,0.62723,0.275432,3.58903,1.771945,1.470805,0.311843,0.010391,0.026317,0.003701,0,0.031101,0.021625,0.0,0.006298,0.010814,0.0,0.051298,0.031331,0.038901,4.379364,6.155178,3.124551,1.347051,3.716844,3.47467,2.443595,2.464719,2.544561,5.201687,2.721263,3.54506,2.302832,3.24387,11.911057,7.533772,4.473898,2.138998,11.488427,5.167945,2.191307,3.504936,12.577943,10.160052,1.325744,7.899896,8.471567,6.265183,0.0,0.003464,0.224891,0.007401,0,0.0,0.0,0,0,0,0.01469,0.283971,0.200171,0.15657,0.8474,0,0.002392,0.048109,0,0.010367,0.010812,0.0,1.656484,0.010814,0.003672,0.007328,0.013925,0.124261,0.149142,0.249394,0.066989,0.333062,0.439263,0.162416,0.389245,0.152389,0,0.346058,0.257069,0.316949,0.541331,0.286864,0,0,0,0,0,0,0,0,0,0,0,0,0,0
48,3831,4067,4388,1559,856,4585,2573,1302,4449,2358,2441,5087,5309,42805,565,1321,644,129,391,1163,828,106,201,370,299,1507,1986,9510,735,172,175,922,0,856,194,147,77,479,351,836,1529,6473,1244,1782,684,206,50,1518,1127,186,957,908,302,1822,2190,12976,853,59,88,88,107,274,64,7,53,622,70,465,82,2832,1716,1037,1845,1151,713,3166,2342,427,1845,1880,1311,3382,3696,24511,169,291,411,201,51,217,230,47,982,113,82,1955,1028,5777,54,4,11,0,0,20,7,3,1,2,0,31,14,147,633,1751,1302,377,213,1944,681,391,415,942,737,1944,1334,12664,1715,2159,1845,599,674,2945,600,530,1951,1826,361,4284,4749,24238,0,2,86,0,0,1,0,0,0,0,1,149,120,359,129,0,0,9,0,7,3,0,261,2,0,4,9,424,22,78,36,100,24,83,112,30,0,67,77,171,332,1132,0,0,0,0,0,0,0,0,0,0,0,0,0,0,25.971121,14.087288,10.49811,5.769373,14.461902,7.922109,9.273409,8.626516,28.021667,12.750081,8.964378,9.319752,9.240918,10.899901,3.830249,4.575684,1.540744,0.477389,6.605846,2.009469,2.984214,0.702312,1.265982,2.000649,1.098054,2.760933,3.456859,2.421634,4.982713,0.595774,0.41868,3.412035,0.0,1.479024,0.6992,0.973961,0.484978,2.590029,1.289019,1.531612,2.661398,1.673514,8.433327,6.172497,1.636442,0.762342,0.844737,2.622849,4.061847,1.232359,6.027587,4.9097,1.109071,3.338036,3.811944,3.304219,5.782659,0.204364,0.210536,0.325661,1.807738,0.473426,0.230664,0.046379,0.333816,3.363253,0.257069,0.851914,0.14273,0.721143,11.63311,3.591964,4.414087,4.259492,12.045954,5.470316,8.440856,2.829126,11.620583,10.165459,4.814543,6.196068,6.433308,6.241501,1.145685,1.007967,0.983301,0.743838,0.861632,0.37494,0.828948,0.311403,6.185048,0.611009,0.301138,3.581701,1.789351,1.47106,0.366077,0.013855,0.026317,0.0,0,0.034557,0.025229,0.019877,0.006298,0.010814,0.0,0.056794,0.024369,0.044205,4.291234,6.06512,3.114982,1.395159,3.598581,3.358905,2.454408,2.590605,2.613844,5.093544,2.706574,3.561548,2.321979,3.224771,11.62633,7.478351,4.414087,2.216712,11.387059,5.088465,2.162474,3.511562,12.288216,9.873472,1.325744,7.848598,8.266175,6.171984,0.0,0.006928,0.205751,0.0,0,0.001728,0.0,0,0,0,0.003672,0.272979,0.208874,0.134051,0.874517,0,0.0,0.033306,0,0.012095,0.010812,0.0,1.643887,0.010814,0.0,0.007328,0.015666,0.154858,0.149142,0.270177,0.086129,0.370069,0.405474,0.14341,0.403662,0.198768,0,0.36228,0.282776,0.313284,0.577884,0.300398,0,0,0,0,0,0,0,0,0,0,0,0,0,0
49,3819,4011,4401,1611,872,4628,2515,1359,4381,2373,2352,4976,5274,42572,553,1299,627,121,395,1168,821,106,200,371,256,1467,1968,9352,743,175,182,915,0,820,186,147,80,494,335,767,1542,6386,1249,1795,738,195,51,1511,1117,160,934,916,319,1852,2190,13027,859,62,104,80,102,275,54,12,52,626,75,463,81,2845,1737,1016,1876,1097,703,3147,2289,442,1820,1853,1392,3355,3643,24370,163,287,393,220,48,224,223,44,983,124,88,1938,1054,5789,53,6,13,2,0,16,7,2,2,2,1,28,21,153,650,1706,1340,387,222,1952,706,366,423,920,716,1933,1328,12649,1724,2131,1797,561,672,2978,602,491,1926,1857,338,4243,4796,24116,0,2,92,0,0,1,0,0,0,0,1,144,123,363,135,0,1,13,0,7,5,0,262,2,2,5,9,441,21,73,29,94,26,99,117,14,0,73,73,175,314,1108,0,0,0,0,0,0,0,0,0,0,0,0,0,0,25.88977,13.893315,10.529212,5.961809,14.732218,7.996406,9.06437,9.004174,27.593374,12.831188,8.637532,9.116392,9.179997,10.840569,3.748898,4.49948,1.500072,0.447783,6.673425,2.018108,2.958985,0.702312,1.259684,2.006056,0.94014,2.68765,3.425528,2.381401,5.036947,0.606166,0.435428,3.38613,0.0,1.416822,0.670367,0.973961,0.503874,2.671137,1.230261,1.405199,2.684026,1.651021,8.467223,6.217527,1.765635,0.721634,0.861632,2.610754,4.025806,1.060094,5.882723,4.952958,1.171502,3.392998,3.811944,3.317206,5.823334,0.214756,0.248816,0.296055,1.723264,0.475154,0.194623,0.079507,0.327518,3.384882,0.275432,0.848249,0.14099,0.724453,11.775473,3.519224,4.488253,4.059655,11.877006,5.437487,8.249838,2.92851,11.463123,10.019466,5.112009,6.146602,6.341056,6.205597,1.10501,0.994112,0.940236,0.814151,0.810948,0.387034,0.803719,0.291526,6.191346,0.670488,0.323173,3.550556,1.834607,1.474116,0.359298,0.020783,0.031102,0.007401,0,0.027645,0.025229,0.013251,0.012597,0.010814,0.003672,0.051298,0.036553,0.039556,4.406481,5.909248,3.205895,1.432166,3.750634,3.372728,2.544511,2.424965,2.664231,4.974586,2.629453,3.541396,2.311535,3.220952,11.687343,7.381365,4.299249,2.076086,11.353269,5.145483,2.169682,3.253164,12.130755,10.041094,1.241278,7.773483,8.347983,6.140918,0.0,0.006928,0.220106,0.0,0,0.001728,0.0,0,0,0,0.003672,0.263818,0.214095,0.135545,0.915192,0,0.002392,0.048109,0,0.012095,0.018021,0.0,1.650186,0.010814,0.007345,0.00916,0.015666,0.128636,0.142363,0.252858,0.069381,0.347865,0.439263,0.171055,0.421682,0.092758,0,0.394723,0.268087,0.320613,0.546553,0.294029,0,0,0,0,0,0,0,0,0,0,0,0,0,0
50,3732,3918,4397,1550,846,4500,2431,1244,4274,2348,2324,4896,5206,41666,551,1288,633,110,385,1145,784,100,194,353,272,1469,1902,9186,714,161,163,872,0,773,186,148,79,482,333,756,1481,6148,1209,1757,728,220,48,1496,1066,170,932,886,318,1754,2157,12741,857,55,102,80,107,262,55,12,50,614,69,456,74,2793,1718,1020,1804,1075,721,3055,2267,422,1800,1823,1329,3256,3642,23932,160,295,435,216,45,204,235,39,974,120,65,1926,1029,5743,47,7,12,1,0,19,6,2,1,2,0,34,13,144,655,1784,1282,353,230,1945,673,347,427,931,764,1982,1344,12717,1706,2129,1789,583,652,2945,579,509,1919,1810,299,4284,4737,23941,0,1,99,1,0,0,0,0,0,0,3,142,113,359,124,0,2,14,0,8,3,0,261,2,0,5,9,428,19,77,33,88,27,86,105,18,0,66,66,166,300,1051,0,0,0,0,0,0,0,0,0,0,0,0,0,0,25.29998,13.571181,10.519642,5.736067,14.292955,7.775244,8.761623,8.242231,26.919443,12.69601,8.534704,8.969826,9.061635,10.609865,3.73534,4.461379,1.514427,0.407076,6.504477,1.978368,2.825633,0.662559,1.221893,1.908727,0.998898,2.691314,3.310647,2.339131,4.84035,0.557672,0.389971,3.227,0.0,1.335614,0.670367,0.980587,0.497575,2.606251,1.222916,1.385047,2.577849,1.589489,8.196055,6.085902,1.74171,0.814151,0.810948,2.584837,3.841995,1.12635,5.870127,4.790743,1.16783,3.213455,3.754504,3.244379,5.809776,0.190509,0.244031,0.296055,1.807738,0.452692,0.198227,0.079507,0.314921,3.319996,0.253397,0.835425,0.128805,0.711212,11.646668,3.533079,4.315996,3.97824,12.181112,5.278527,8.170547,2.795998,11.337154,9.857251,4.880646,5.965227,6.339315,6.094064,1.084672,1.021822,1.04072,0.799349,0.760264,0.352478,0.846969,0.258398,6.13466,0.648859,0.238707,3.528571,1.791092,1.462402,0.318622,0.024247,0.02871,0.003701,0,0.032829,0.021625,0.013251,0.006298,0.010814,0.0,0.06229,0.022628,0.040049,4.440377,6.179425,3.067132,1.306343,3.885792,3.360633,2.425575,2.299079,2.689425,5.034065,2.805729,3.631167,2.339385,3.238267,11.565318,7.374437,4.280109,2.157501,11.015374,5.088465,2.086787,3.372424,12.086666,9.786958,1.098054,7.848598,8.245287,6.096356,0.0,0.003464,0.236853,0.003701,0,0.0,0.0,0,0,0,0.011017,0.260154,0.196689,0.151506,0.840621,0,0.004785,0.05181,0,0.013823,0.010812,0.0,1.643887,0.010814,0.0,0.00916,0.015666,0.135616,0.128805,0.266713,0.078951,0.325661,0.456158,0.148594,0.378433,0.119261,0,0.356872,0.24238,0.304124,0.522184,0.278903,0,0,0,0,0,0,0,0,0,0,0,0,0,0
51,3701,3851,4210,1516,826,4481,2375,1314,4219,2293,2228,4807,5138,40959,543,1284,613,105,392,1116,780,104,182,355,258,1455,1921,9108,719,162,175,836,0,754,184,150,81,494,328,727,1450,6060,1187,1724,707,225,44,1481,1042,170,916,877,261,1753,2054,12441,841,61,95,79,103,264,56,10,47,632,72,440,78,2778,1682,1025,1788,1089,694,3050,2251,452,1785,1815,1304,3247,3574,23756,170,277,402,207,43,215,220,43,971,118,75,1905,1023,5669,39,5,11,1,0,13,8,1,2,2,0,31,15,128,656,1755,1271,358,225,1903,687,334,432,914,713,1933,1314,12495,1698,2118,1744,534,654,2969,576,502,1913,1784,315,4158,4696,23661,0,1,93,0,0,0,0,0,0,0,1,141,118,354,127,0,1,14,0,8,3,0,259,2,1,6,9,430,21,76,31,91,27,89,101,26,0,73,76,168,320,1099,0,0,0,0,0,0,0,0,0,0,0,0,0,0,25.089824,13.339106,10.072252,5.610244,13.95506,7.742415,8.559792,8.706023,26.57303,12.398616,8.182152,8.806771,8.943273,10.429834,3.681106,4.447523,1.466577,0.388572,6.62274,1.92826,2.811216,0.689061,1.146312,1.919541,0.947484,2.665665,3.343719,2.319269,4.874246,0.561136,0.41868,3.093775,0.0,1.302785,0.663159,0.993838,0.510172,2.671137,1.204554,1.331917,2.52389,1.566738,8.046912,5.971597,1.691468,0.832655,0.743369,2.558919,3.755496,1.12635,5.769352,4.742079,0.958502,3.211623,3.575221,3.167987,5.701308,0.211292,0.227284,0.292354,1.740159,0.456148,0.201831,0.066256,0.296026,3.417325,0.264414,0.806112,0.135768,0.707392,11.402617,3.550398,4.277717,4.03005,11.724954,5.269887,8.112881,2.994766,11.242678,9.813994,4.788836,5.948739,6.220954,6.049248,1.152464,0.959474,0.961769,0.766042,0.726474,0.371484,0.792907,0.2849,6.115765,0.638045,0.275432,3.490098,1.780648,1.443559,0.264389,0.017319,0.026317,0.003701,0,0.022462,0.028833,0.006626,0.012597,0.010814,0.0,0.056794,0.026109,0.035599,4.447156,6.078975,3.040815,1.324846,3.801318,3.288064,2.476033,2.212946,2.720917,4.942143,2.618436,3.541396,2.287166,3.181737,11.511084,7.336335,4.172448,1.976168,11.049164,5.129933,2.075975,3.326045,12.048876,9.646372,1.156812,7.617756,8.173922,6.025057,0.0,0.003464,0.222499,0.0,0,0.0,0.0,0,0,0,0.003672,0.258322,0.205392,0.168626,0.860959,0,0.002392,0.05181,0,0.013823,0.010812,0.0,1.631291,0.010814,0.003672,0.010992,0.015666,0.125427,0.142363,0.263249,0.074166,0.336763,0.456158,0.153777,0.364016,0.172265,0,0.394723,0.279104,0.307788,0.556996,0.291641,0,0,0,0,0,0,0,0,0,0,0,0,0,0
52,3702,3819,4126,1511,829,4368,2320,1305,4203,2314,2163,4711,5056,40427,537,1244,622,85,381,1115,775,96,183,351,250,1408,1882,8929,695,170,174,815,1,750,163,137,80,488,302,712,1423,5910,1181,1700,691,173,46,1441,1027,178,893,912,301,1701,2019,12263,841,64,98,74,109,259,54,9,44,620,63,446,78,2759,1657,996,1699,1036,719,2984,2247,437,1760,1792,1331,3251,3535,23444,173,291,386,205,40,200,215,42,959,126,65,1892,1020,5614,49,7,14,1,0,21,9,1,2,2,0,34,16,156,657,1828,1309,353,227,1929,669,377,428,930,685,1933,1315,12640,1669,2142,1722,549,663,2835,569,542,1904,1783,274,4191,4746,23589,0,2,88,0,0,0,0,0,0,0,3,140,122,355,130,0,1,8,0,5,2,0,253,1,0,4,10,414,18,69,32,101,27,77,103,20,0,67,64,166,310,1054,0,0,0,0,0,0,0,0,0,0,0,0,0,0,25.096604,13.228265,9.871286,5.59174,14.005744,7.54717,8.361566,8.646392,26.472255,12.512166,7.943445,8.630892,8.800543,10.294365,3.640431,4.308971,1.488109,0.314559,6.436898,1.926533,2.793195,0.636056,1.152611,1.897913,0.918105,2.579558,3.275835,2.273688,4.711545,0.588847,0.416288,3.016061,0.016895,1.295874,0.587472,0.907706,0.503874,2.638694,1.109071,1.304435,2.476893,1.504927,8.006237,5.888466,1.653189,0.640219,0.777158,2.489806,3.701434,1.179355,5.624488,4.931329,1.105398,3.116355,3.514299,3.12266,5.701308,0.221683,0.234461,0.273851,1.841527,0.447508,0.194623,0.05963,0.27713,3.352439,0.231362,0.817104,0.135768,0.702554,11.233137,3.449948,4.064788,3.833913,12.147322,5.15585,8.098465,2.895382,11.085218,9.689629,4.887991,5.956067,6.15307,5.9698,1.172802,1.007967,0.923489,0.758641,0.67579,0.345566,0.774886,0.278275,6.040184,0.681302,0.238707,3.466281,1.775426,1.429554,0.332181,0.024247,0.033494,0.003701,0,0.036284,0.032437,0.006626,0.012597,0.010814,0.0,0.06229,0.02785,0.043386,4.453935,6.331832,3.131729,1.306343,3.835107,3.332988,2.411158,2.497847,2.695723,5.028658,2.515608,3.541396,2.288907,3.21866,11.314487,7.419467,4.119814,2.031678,11.201216,4.898403,2.050746,3.591069,11.99219,9.640965,1.006243,7.678215,8.260953,6.006723,0.0,0.006928,0.210536,0.0,0,0.0,0.0,0,0,0,0.011017,0.25649,0.212355,0.169102,0.881296,0,0.002392,0.029606,0,0.008639,0.007208,0.0,1.5935,0.005407,0.0,0.007328,0.017406,0.13118,0.122026,0.239002,0.076559,0.37377,0.456158,0.133043,0.371225,0.132512,0,0.36228,0.235035,0.304124,0.53959,0.279699,0,0,0,0,0,0,0,0,0,0,0,0,0,0
53,3655,3757,4127,1485,795,4412,2321,1224,4111,2290,2183,4663,4994,40017,531,1266,592,103,382,1113,765,109,177,351,244,1389,1850,8872,687,156,171,807,1,696,159,149,80,477,330,688,1470,5871,1156,1707,692,199,46,1479,1015,170,885,876,255,1698,2039,12217,849,58,94,66,107,236,50,7,47,633,78,440,78,2743,1665,978,1786,1075,685,2973,2196,374,1752,1766,1282,3180,3491,23203,182,282,428,180,44,226,215,40,956,121,77,1857,1027,5635,51,8,12,1,0,18,8,1,2,2,0,33,22,158,668,1806,1272,340,230,1938,688,364,428,939,703,1996,1277,12649,1666,2137,1744,510,649,2876,575,489,1872,1802,287,4094,4700,23401,0,1,94,0,0,0,0,0,0,0,2,138,117,352,126,0,2,9,0,5,2,0,256,2,0,8,9,419,21,78,41,91,28,102,105,26,0,65,84,160,313,1114,0,0,0,0,0,0,0,0,0,0,0,0,0,0,24.777981,13.013509,9.873678,5.495522,13.431323,7.623194,8.36517,8.10972,25.892801,12.382394,8.016893,8.542953,8.692625,10.189962,3.599756,4.385175,1.416336,0.381171,6.453793,1.923077,2.757154,0.722189,1.11482,1.897913,0.896071,2.544748,3.220135,2.259173,4.657311,0.540353,0.40911,2.986455,0.016895,1.202571,0.573056,0.987213,0.503874,2.579215,1.211899,1.260466,2.558702,1.494996,7.836757,5.912712,1.655582,0.736437,0.777158,2.555463,3.658185,1.12635,5.574101,4.736671,0.936467,3.110859,3.549111,3.110947,5.755542,0.200901,0.224891,0.244245,1.807738,0.407768,0.180206,0.046379,0.296026,3.422732,0.286449,0.806112,0.135768,0.69848,11.28737,3.3876,4.272932,3.97824,11.572901,5.136844,7.914654,2.47797,11.03483,9.549043,4.708043,5.82599,6.076483,5.908431,1.233815,0.976793,1.023972,0.666124,0.743369,0.39049,0.774886,0.265024,6.021289,0.654266,0.282776,3.402158,1.78761,1.434901,0.345739,0.02771,0.02871,0.003701,0,0.031101,0.028833,0.006626,0.012597,0.010814,0.0,0.060458,0.038294,0.043942,4.528507,6.255629,3.043208,1.258234,3.885792,3.348538,2.479637,2.411714,2.695723,5.077322,2.581711,3.656816,2.222764,3.220952,11.29415,7.402148,4.172448,1.887351,10.96469,4.969245,2.072371,3.239913,11.790641,9.743701,1.053985,7.500504,8.180885,5.95885,0.0,0.003464,0.224891,0.0,0,0.0,0.0,0,0,0,0.007345,0.252826,0.203652,0.167673,0.854179,0,0.004785,0.033306,0,0.008639,0.007208,0.0,1.612395,0.010814,0.0,0.014657,0.015666,0.132764,0.142363,0.270177,0.098091,0.336763,0.473053,0.176239,0.378433,0.172265,0,0.351465,0.308483,0.293132,0.544812,0.295622,0,0,0,0,0,0,0,0,0,0,0,0,0,0
54,3596,3704,4038,1436,771,4243,2271,1216,4019,2246,2139,4636,4834,39149,533,1254,605,96,384,1107,750,103,173,345,227,1386,1865,8828,665,166,182,770,1,702,162,147,79,473,297,689,1417,5750,1129,1685,689,198,50,1432,1010,174,871,860,276,1673,2004,12051,848,52,87,70,106,227,51,8,45,636,69,433,65,2697,1660,969,1703,1014,706,2942,2200,402,1707,1770,1281,3213,3531,23098,180,286,426,221,41,195,220,45,950,118,73,1834,1006,5595,47,5,8,1,0,18,9,0,2,2,0,28,17,137,662,1828,1334,316,225,1913,658,394,449,926,733,1923,1306,12667,1629,2081,1721,526,642,2797,546,498,1819,1736,300,4143,4705,23143,0,2,92,0,0,1,0,0,0,0,3,135,116,349,123,0,1,19,0,3,3,0,260,2,1,4,10,426,17,75,46,80,28,89,103,23,0,70,69,165,301,1066,0,0,0,0,0,0,0,0,0,0,0,0,0,0,24.378008,12.829927,9.660749,5.314188,13.025849,7.331191,8.184964,8.056715,25.313346,12.144479,7.855307,8.493487,8.414127,9.968934,3.613314,4.343609,1.447438,0.355266,6.487582,1.91271,2.703092,0.682436,1.089627,1.86547,0.833639,2.539252,3.246245,2.247969,4.508169,0.574991,0.435428,2.84953,0.016895,1.212938,0.583868,0.973961,0.497575,2.557586,1.090709,1.262298,2.46645,1.464185,7.653718,5.836508,1.648404,0.732736,0.844737,2.474255,3.640164,1.152852,5.485923,4.650157,1.013588,3.065057,3.48819,3.068677,5.748763,0.180118,0.208144,0.259048,1.790843,0.392218,0.18381,0.053005,0.283429,3.438953,0.253397,0.793287,0.11314,0.686766,11.253474,3.356425,4.074358,3.752498,11.92769,5.083281,7.929071,2.663486,10.751401,9.570672,4.70437,5.886448,6.146107,5.881694,1.220256,0.990648,1.019188,0.817852,0.692685,0.336927,0.792907,0.298151,5.983498,0.638045,0.268087,3.360021,1.751057,1.424715,0.318622,0.017319,0.01914,0.003701,0,0.031101,0.032437,0.0,0.012597,0.010814,0.0,0.051298,0.02959,0.039771,4.487831,6.331832,3.19154,1.169418,3.801318,3.305342,2.371513,2.610482,2.82799,5.007029,2.691884,3.523075,2.273242,3.225535,11.043319,7.208175,4.117422,1.946562,10.846427,4.832746,1.967851,3.299543,11.456824,9.386828,1.101726,7.590275,8.189588,5.893153,0.0,0.006928,0.220106,0.0,0,0.001728,0.0,0,0,0,0.011017,0.24733,0.201911,0.130317,0.833842,0,0.002392,0.070313,0,0.005183,0.010812,0.0,1.637589,0.010814,0.003672,0.007328,0.017406,0.124261,0.115246,0.259785,0.110053,0.296055,0.473053,0.153777,0.371225,0.152389,0,0.378501,0.253397,0.302292,0.523925,0.282884,0,0,0,0,0,0,0,0,0,0,0,0,0,0
55,3575,3684,3991,1444,765,4193,2251,1214,3957,2202,2050,4543,4815,38684,522,1226,596,91,374,1099,739,89,171,339,238,1365,1847,8696,675,150,179,726,0,705,167,141,76,460,277,692,1377,5625,1133,1621,682,161,46,1438,975,158,869,848,271,1667,2019,11888,848,57,79,62,105,243,58,3,44,638,50,429,73,2689,1645,1007,1711,1051,674,2933,2140,415,1696,1774,1264,3120,3486,22916,175,269,402,213,47,211,222,38,948,114,69,1822,1021,5551,49,2,6,1,0,16,7,0,2,2,0,28,18,131,676,1836,1252,331,235,1956,696,356,455,945,701,1918,1313,12670,1611,2093,1754,549,631,2871,544,502,1824,1746,329,4091,4564,23109,0,1,85,0,0,1,0,0,0,0,2,138,101,328,125,0,1,13,0,4,5,0,248,2,2,4,9,413,19,77,36,74,29,85,100,21,0,64,64,161,295,1025,0,0,0,0,0,0,0,0,0,0,0,0,0,0,24.235645,12.760651,9.548304,5.343794,12.92448,7.244799,8.112881,8.043464,24.922844,11.906564,7.528461,8.323104,8.381055,9.850526,3.538743,4.246623,1.425906,0.336763,6.318635,1.898887,2.663447,0.589677,1.07703,1.833027,0.874036,2.500779,3.214914,2.214357,4.575961,0.51957,0.42825,2.6867,0.0,1.218122,0.601889,0.934208,0.47868,2.487293,1.01726,1.267794,2.396825,1.454274,7.680835,5.614825,1.631657,0.595811,0.777158,2.484622,3.51402,1.046843,5.473326,4.585271,0.995226,3.054064,3.514299,3.02717,5.748763,0.197437,0.189004,0.229443,1.773948,0.419863,0.209039,0.019877,0.27713,3.449767,0.183621,0.785959,0.127065,0.684729,11.151786,3.48805,4.093497,3.889423,11.387059,5.067731,7.712823,2.749619,10.682119,9.5923,4.641939,5.716065,6.067779,5.835349,1.18636,0.931763,0.961769,0.788247,0.794053,0.364573,0.800115,0.251772,5.970901,0.616416,0.253397,3.338036,1.777167,1.413511,0.332181,0.006928,0.014355,0.003701,0,0.027645,0.025229,0.0,0.012597,0.010814,0.0,0.051298,0.031331,0.03803,4.58274,6.359543,2.995359,1.224928,3.970265,3.379639,2.50847,2.358709,2.865781,5.109765,2.574367,3.513915,2.285426,3.226299,10.921293,7.24974,4.196373,2.031678,10.660585,4.960605,1.960643,3.326045,11.488316,9.4409,1.208226,7.495008,7.944161,5.884495,0.0,0.003464,0.203359,0.0,0,0.001728,0.0,0,0,0,0.007345,0.252826,0.175802,0.122476,0.8474,0,0.002392,0.048109,0,0.006911,0.018021,0.0,1.562008,0.010814,0.007345,0.007328,0.015666,0.120469,0.128805,0.266713,0.086129,0.273851,0.489948,0.146866,0.360412,0.139137,0,0.346058,0.235035,0.294964,0.513481,0.272004,0,0,0,0,0,0,0,0,0,0,0,0,0,0
56,3557,3584,3903,1414,748,4138,2180,1218,3903,2164,2062,4444,4761,38076,525,1222,584,89,360,1077,734,91,167,328,217,1343,1819,8556,646,161,159,769,0,694,169,155,79,458,289,664,1362,5605,1108,1623,671,175,40,1365,954,163,854,828,256,1630,2007,11674,843,66,101,61,104,242,58,5,44,620,62,434,75,2715,1627,968,1647,1040,660,2869,2162,413,1659,1736,1192,3122,3412,22507,171,264,402,183,46,201,223,37,947,110,71,1822,989,5466,49,2,6,0,0,14,8,0,2,3,0,32,12,128,673,1824,1294,337,214,1988,679,353,460,925,706,1959,1346,12758,1587,2046,1719,540,620,2814,550,480,1804,1715,292,4100,4573,22840,0,1,87,0,0,1,0,0,0,0,1,134,107,331,117,0,1,15,0,3,3,0,244,2,0,4,12,401,21,74,33,99,26,77,103,26,0,58,58,170,306,1051,0,0,0,0,0,0,0,0,0,0,0,0,0,0,24.113619,12.414271,9.337767,5.232773,12.63727,7.149768,7.856988,8.069966,24.58273,11.701092,7.57253,8.141729,8.287062,9.695704,3.559081,4.232768,1.397196,0.329361,6.082108,1.860875,2.645426,0.602929,1.051836,1.773548,0.796915,2.460473,3.166176,2.178707,4.379364,0.557672,0.380401,2.845829,0.0,1.199115,0.609097,1.026966,0.497575,2.476479,1.061329,1.216496,2.370716,1.449103,7.511355,5.621753,1.60534,0.64762,0.67579,2.358491,3.438333,1.079971,5.37885,4.477128,0.94014,2.986278,3.493412,2.972677,5.714867,0.228611,0.241638,0.225742,1.757054,0.418135,0.209039,0.033128,0.27713,3.352439,0.22769,0.795119,0.130546,0.69135,11.029761,3.352962,3.94038,3.848716,11.150532,4.95715,7.792114,2.736368,10.449077,9.386828,4.377525,5.71973,5.938974,5.731201,1.159243,0.914444,0.961769,0.677226,0.777158,0.347294,0.803719,0.245147,5.964603,0.594787,0.260742,3.338036,1.721467,1.391867,0.332181,0.006928,0.014355,0.0,0,0.02419,0.028833,0.0,0.012597,0.016221,0.0,0.058626,0.020887,0.040322,4.562403,6.317977,3.095842,1.247132,3.615476,3.43493,2.4472,2.338833,2.897273,5.001622,2.592729,3.58903,2.342866,3.248708,10.758593,7.086941,4.112637,1.998372,10.474742,4.862119,1.982268,3.180282,11.362348,9.273278,1.072347,7.511496,7.959827,5.815997,0.0,0.003464,0.208144,0.0,0,0.001728,0.0,0,0,0,0.003672,0.245498,0.186246,0.123596,0.793167,0,0.002392,0.05551,0,0.005183,0.010812,0.0,1.536814,0.010814,0.0,0.007328,0.020887,0.12706,0.142363,0.256321,0.078951,0.366368,0.439263,0.133043,0.371225,0.172265,0,0.313615,0.213,0.311452,0.532628,0.278903,0,0,0,0,0,0,0,0,0,0,0,0,0,0
57,3524,3533,3891,1394,755,4029,2137,1169,3798,2128,1963,4365,4675,37361,520,1213,578,87,365,1065,713,90,166,323,209,1321,1807,8457,632,159,158,715,0,693,159,143,78,447,295,683,1329,5491,1107,1615,630,148,47,1372,937,148,837,815,266,1574,1987,11483,838,64,106,66,95,234,54,11,41,625,54,386,78,2652,1611,979,1726,996,648,2832,2171,410,1621,1708,1188,3039,3381,22310,175,290,428,191,45,204,206,36,935,111,69,1803,1068,5561,42,4,6,0,0,17,7,0,1,2,0,26,19,124,676,1791,1279,330,226,1979,711,385,468,906,684,1903,1345,12683,1574,2058,1754,509,616,2805,528,474,1783,1688,280,4026,4577,22672,0,1,94,0,0,0,0,0,0,0,1,122,106,324,128,0,1,17,0,3,3,0,235,2,0,5,8,402,20,77,34,68,31,85,104,15,0,57,75,160,303,1029,0,0,0,0,0,0,0,0,0,0,0,0,0,0,23.889906,12.237617,9.309058,5.15876,12.755533,6.961435,7.702011,7.745312,23.921396,11.506435,7.208961,7.996995,8.137369,9.513636,3.525185,4.201593,1.382841,0.32196,6.166582,1.840141,2.56974,0.596303,1.045538,1.746512,0.767536,2.420167,3.145289,2.153497,4.284455,0.550745,0.378009,2.645992,0.0,1.197388,0.573056,0.947459,0.491277,2.417,1.083364,1.251305,2.313276,1.41963,7.504576,5.594042,1.507249,0.547702,0.794053,2.370585,3.377063,0.980587,5.271777,4.406835,0.976864,2.883682,3.4586,2.924041,5.680971,0.221683,0.253601,0.244245,1.605001,0.404313,0.194623,0.072881,0.258235,3.379474,0.198311,0.70718,0.135768,0.675307,10.921293,3.391063,4.129384,3.685886,10.947795,4.89322,7.824551,2.716491,10.209737,9.235428,4.362835,5.567668,5.885015,5.681037,1.18636,1.004503,1.023972,0.706831,0.760264,0.352478,0.742449,0.238521,5.889022,0.600195,0.253397,3.303226,1.858975,1.416058,0.284726,0.013855,0.014355,0.0,0,0.029373,0.025229,0.0,0.006298,0.010814,0.0,0.047634,0.033072,0.039062,4.58274,6.203672,3.059955,1.221227,3.818213,3.419379,2.562532,2.550851,2.94766,4.898886,2.511935,3.486434,2.341125,3.22961,10.670463,7.128507,4.196373,1.88365,10.407163,4.846569,1.902977,3.140529,11.230081,9.127285,1.028278,7.375923,7.966789,5.773217,0.0,0.003464,0.224891,0.0,0,0.0,0.0,0,0,0,0.003672,0.223513,0.184505,0.154336,0.867738,0,0.002392,0.062912,0,0.005183,0.010812,0.0,1.480128,0.010814,0.0,0.00916,0.013925,0.127377,0.135584,0.266713,0.081344,0.251647,0.523737,0.146866,0.374829,0.099384,0,0.308208,0.275432,0.293132,0.527406,0.273065,0,0,0,0,0,0,0,0,0,0,0,0,0,0
58,3505,3417,3753,1351,728,4017,2119,1200,3744,2072,1930,4248,4619,36703,519,1193,553,77,350,1054,704,89,167,321,185,1299,1768,8279,639,149,171,713,0,708,183,127,77,456,289,660,1302,5474,1085,1562,626,161,43,1362,907,158,846,783,250,1545,1924,11252,830,58,97,65,103,234,57,8,41,616,48,402,76,2635,1582,957,1690,992,635,2865,2130,438,1594,1685,1159,3017,3399,22143,183,264,412,191,47,197,216,30,940,117,55,1807,1040,5499,38,3,10,1,0,21,7,2,1,3,0,31,22,139,677,1786,1272,323,217,1936,710,388,481,898,683,1901,1310,12582,1560,1990,1695,534,605,2744,528,502,1767,1651,291,4015,4513,22395,0,1,100,0,0,2,0,0,0,0,2,126,97,328,116,0,1,19,0,4,4,0,236,2,1,5,8,396,22,82,34,90,26,82,97,21,0,59,67,164,317,1061,0,0,0,0,0,0,0,0,0,0,0,0,0,0,23.761101,11.835816,8.978899,4.99963,12.299375,6.940701,7.637137,7.950706,23.581281,11.203634,7.087771,7.782643,8.039895,9.346082,3.518406,4.132317,1.32303,0.284953,5.913161,1.821135,2.537303,0.589677,1.051836,1.735698,0.679398,2.379862,3.077405,2.108171,4.33191,0.516107,0.40911,2.638591,0.0,1.223305,0.659555,0.84145,0.484978,2.465665,1.061329,1.209168,2.266279,1.415235,7.355434,5.410461,1.497679,0.595811,0.726474,2.353307,3.26894,1.046843,5.328463,4.233806,0.918105,2.830552,3.348941,2.865219,5.626737,0.200901,0.232069,0.240545,1.740159,0.404313,0.205435,0.053005,0.258235,3.33081,0.176276,0.736493,0.132287,0.670979,10.724697,3.31486,4.043256,3.671083,10.728164,4.950238,7.676782,2.902008,10.03968,9.111063,4.256335,5.527362,5.916346,5.638512,1.240594,0.914444,0.985693,0.706831,0.794053,0.340383,0.778491,0.198768,5.920514,0.632638,0.201983,3.310555,1.810238,1.40027,0.25761,0.010391,0.023925,0.003701,0,0.036284,0.025229,0.013251,0.006298,0.016221,0.0,0.056794,0.038294,0.038658,4.589519,6.186353,3.043208,1.195322,3.66616,3.345083,2.558927,2.570728,3.02954,4.855629,2.508263,3.482769,2.280204,3.203891,10.575554,6.892968,4.055218,1.976168,10.221321,4.741171,1.902977,3.326045,11.129307,8.92722,1.068674,7.35577,7.85539,5.702681,0.0,0.003464,0.239246,0.0,0,0.003456,0.0,0,0,0,0.007345,0.230841,0.16884,0.122476,0.786387,0,0.002392,0.070313,0,0.006911,0.014416,0.0,1.486427,0.010814,0.003672,0.00916,0.013925,0.11551,0.149142,0.284032,0.081344,0.333062,0.439263,0.141682,0.3496,0.139137,0,0.319022,0.246052,0.30046,0.551775,0.281557,0,0,0,0,0,0,0,0,0,0,0,0,0,0
59,3450,3380,3704,1398,707,3926,2082,1135,3693,2038,1974,4178,4466,36131,505,1178,560,83,355,1067,699,84,166,305,217,1270,1739,8228,619,143,167,699,0,701,176,131,75,436,274,631,1300,5352,1067,1539,646,144,43,1317,897,137,833,757,240,1524,1888,11032,830,58,85,59,98,233,57,11,40,613,52,402,74,2612,1569,956,1660,1051,616,2797,2093,401,1568,1643,1174,3009,3292,21829,188,258,378,197,50,206,213,39,946,125,73,1758,1036,5467,34,3,9,0,0,19,7,2,0,2,0,28,14,118,658,1750,1261,359,224,1947,695,367,477,911,680,1887,1332,12548,1555,2018,1704,498,588,2733,502,452,1754,1645,300,3979,4424,22152,0,0,94,0,0,0,0,0,0,0,1,124,94,313,114,0,2,11,0,4,4,0,238,2,0,4,9,388,18,64,35,85,32,91,83,22,0,60,59,149,308,1006,0,0,0,0,0,0,0,0,0,0,0,0,0,0,23.388245,11.707655,8.861668,5.173562,11.944585,6.783468,7.503784,7.520042,23.260062,11.01979,7.249357,7.654398,7.773581,9.200428,3.423497,4.08036,1.339777,0.307157,5.997635,1.843597,2.519282,0.556549,1.045538,1.649184,0.796915,2.326732,3.026927,2.095185,4.196326,0.495324,0.399541,2.586781,0.0,1.21121,0.634326,0.867952,0.472381,2.357521,1.006243,1.156038,2.262798,1.383693,7.233408,5.330793,1.545528,0.532899,0.726474,2.275555,3.232898,0.907706,5.246583,4.093219,0.881381,2.792078,3.286279,2.809198,5.626737,0.200901,0.203359,0.218341,1.655685,0.402585,0.205435,0.072881,0.251937,3.314589,0.190966,0.736493,0.128805,0.665122,10.636567,3.311396,3.971482,3.889423,10.407163,4.832746,7.54343,2.656861,9.875921,8.883962,4.311421,5.512705,5.7301,5.558555,1.27449,0.893661,0.904349,0.729036,0.844737,0.355933,0.767678,0.258398,5.958304,0.675895,0.268087,3.220783,1.803276,1.392121,0.230493,0.010391,0.021532,0.0,0,0.032829,0.025229,0.013251,0.0,0.010814,0.0,0.051298,0.024369,0.037264,4.460715,6.061656,3.016891,1.328547,3.784423,3.364089,2.504866,2.431591,3.004346,4.925922,2.497246,3.45712,2.318498,3.195233,10.541658,6.989955,4.07675,1.842943,9.93411,4.722165,1.80927,2.994766,11.047427,8.894777,1.101726,7.289816,7.700475,5.640804,0.0,0.0,0.224891,0.0,0,0.0,0.0,0,0,0,0.003672,0.227177,0.163618,0.172869,0.772829,0,0.004785,0.040708,0,0.006911,0.014416,0.0,1.499024,0.010814,0.0,0.007328,0.015666,0.122941,0.122026,0.221683,0.083736,0.314559,0.540632,0.157233,0.299142,0.145763,0,0.32443,0.216673,0.272979,0.536109,0.266962,0,0,0,0,0,0,0,0,0,0,0,0,0,0
60,3398,3288,3620,1361,704,3883,2029,1180,3645,2023,1879,4070,4380,35460,489,1152,532,104,348,1045,689,77,168,298,199,1267,1726,8094,618,150,152,698,1,691,169,128,75,418,271,633,1260,5264,1064,1528,624,128,45,1300,872,153,810,763,263,1501,1834,10885,815,61,99,79,101,235,56,8,44,586,49,384,70,2587,1553,923,1565,1011,615,2772,2040,402,1528,1621,1148,2991,3305,21474,180,259,370,212,52,225,204,43,938,124,78,1754,1005,5444,57,1,6,1,0,17,6,1,1,2,0,28,19,139,671,1772,1267,346,214,1968,671,368,464,895,729,1929,1348,12642,1528,1943,1588,525,598,2696,501,487,1740,1616,296,3955,4414,21887,0,0,78,0,0,1,0,0,0,0,2,126,103,310,116,0,0,11,0,4,3,0,235,2,1,9,8,389,18,70,33,78,32,77,81,18,0,61,61,160,281,970,0,0,0,0,0,0,0,0,0,0,0,0,0,0,23.035726,11.388985,8.660701,5.036637,11.893901,6.709171,7.312766,7.818194,22.957738,10.938683,6.900477,7.456534,7.623888,9.029564,3.315029,3.990301,1.272788,0.384872,5.879372,1.805584,2.483241,0.51017,1.058134,1.611333,0.730812,2.321236,3.004299,2.061063,4.189546,0.51957,0.363654,2.58308,0.016895,1.193932,0.609097,0.848075,0.472381,2.260192,0.995226,1.159702,2.193173,1.340429,7.21307,5.292691,1.492894,0.473688,0.760264,2.246181,3.142795,1.013715,5.101719,4.125662,0.965846,2.74994,3.192286,2.771765,5.525049,0.211292,0.236853,0.292354,1.706369,0.406041,0.201831,0.053005,0.27713,3.168595,0.179949,0.703516,0.121843,0.658756,10.5281,3.19709,3.744198,3.741396,10.390269,4.78955,7.352411,2.663486,9.623984,8.765005,4.215938,5.479728,5.752728,5.468157,1.220256,0.897125,0.88521,0.784546,0.878527,0.388762,0.735241,0.2849,5.907917,0.670488,0.286449,3.213455,1.749317,1.386265,0.386414,0.003464,0.014355,0.003701,0,0.029373,0.021625,0.006626,0.006298,0.010814,0.0,0.051298,0.033072,0.038658,4.548844,6.137859,3.031246,1.280438,3.615476,3.400373,2.418367,2.438216,2.922466,4.839407,2.677194,3.534067,2.346347,3.219169,10.35862,6.73017,3.799225,1.942861,10.103058,4.658235,1.805666,3.226661,10.959249,8.737969,1.087036,7.245846,7.683069,5.573324,0.0,0.0,0.186612,0.0,0,0.001728,0.0,0,0,0,0.007345,0.230841,0.179283,0.129741,0.786387,0,0.0,0.040708,0,0.006911,0.010812,0.0,1.480128,0.010814,0.003672,0.016489,0.013925,0.129223,0.122026,0.242466,0.078951,0.288654,0.540632,0.133043,0.291934,0.119261,0,0.329837,0.224018,0.293132,0.489112,0.257408,0,0,0,0,0,0,0,0,0,0,0,0,0,0
61,3345,3236,3570,1315,692,3857,2005,1109,3609,2024,1891,4056,4319,35028,473,1176,536,77,346,1019,679,81,160,287,231,1254,1720,8039,611,138,151,691,0,695,163,154,69,423,241,610,1218,5164,1039,1469,645,166,41,1282,851,139,800,759,265,1468,1757,10681,803,52,80,59,97,216,57,5,43,585,57,365,65,2484,1537,929,1650,995,596,2745,2030,401,1506,1625,1120,2936,3199,21269,177,266,378,186,54,203,195,50,921,129,72,1798,1033,5462,46,0,8,0,0,18,7,2,1,2,0,26,16,126,664,1748,1261,335,218,1961,697,402,482,875,695,1878,1342,12558,1539,1913,1593,529,594,2671,503,525,1677,1609,281,3859,4314,21607,0,0,78,1,0,2,0,0,0,0,2,127,98,308,125,0,1,16,0,4,5,0,231,2,2,3,9,398,17,70,32,89,25,74,90,19,0,58,73,158,307,1012,0,0,0,0,0,0,0,0,0,0,0,0,0,0,22.676429,11.208867,8.541079,4.866405,11.691164,6.664248,7.226267,7.347777,22.730995,10.94409,6.944546,7.430885,7.517711,8.919559,3.206562,4.073433,1.282358,0.284953,5.845582,1.760661,2.4472,0.536673,1.007747,1.551855,0.848329,2.297419,2.993856,2.047058,4.142092,0.478005,0.361261,2.557176,0.0,1.200843,0.587472,1.020341,0.434591,2.287228,0.885053,1.117564,2.120068,1.335088,7.04359,5.088327,1.543136,0.614314,0.692685,2.215081,3.067109,0.920957,5.038735,4.104034,0.973191,2.689482,3.058258,2.719819,5.443699,0.180118,0.191397,0.218341,1.63879,0.373212,0.205435,0.033128,0.270832,3.163188,0.209328,0.668706,0.11314,0.632528,10.419633,3.217873,3.947557,3.682185,10.069268,4.742899,7.31637,2.656861,9.485419,8.786634,4.113111,5.378964,5.568223,5.415956,1.199919,0.921372,0.904349,0.688328,0.912316,0.35075,0.702804,0.331279,5.800844,0.697524,0.264414,3.294066,1.798054,1.390848,0.311843,0.0,0.01914,0.0,0,0.031101,0.025229,0.013251,0.006298,0.010814,0.0,0.047634,0.02785,0.041493,4.50139,6.054728,3.016891,1.239731,3.683055,3.388278,2.512074,2.663486,3.035838,4.731264,2.552332,3.440632,2.335904,3.19778,10.433191,6.626256,3.811187,1.957664,10.035479,4.615039,1.812874,3.478434,10.562449,8.700119,1.03195,7.069967,7.509008,5.502024,0.0,0.0,0.186612,0.003701,0,0.003456,0.0,0,0,0,0.007345,0.232673,0.17058,0.115807,0.8474,0,0.002392,0.059211,0,0.006911,0.018021,0.0,1.454935,0.010814,0.007345,0.005496,0.015666,0.116093,0.115246,0.242466,0.076559,0.329361,0.422369,0.12786,0.324371,0.125886,0,0.313615,0.268087,0.289467,0.534368,0.268554,0,0,0,0,0,0,0,0,0,0,0,0,0,0
62,3265,3214,3521,1384,674,3677,1950,1074,3535,1956,1832,3939,4280,34301,460,1122,511,79,341,1022,671,84,159,280,181,1218,1713,7841,583,135,149,722,0,688,153,142,66,435,241,610,1223,5147,1025,1408,596,136,41,1277,815,130,781,757,234,1435,1825,10460,782,60,92,58,97,207,49,10,44,572,52,368,63,2454,1538,892,1532,927,614,2757,1988,389,1456,1578,1069,2872,3116,20728,188,258,404,199,49,200,204,41,921,121,74,1734,1027,5420,39,3,11,0,0,19,5,1,1,2,0,28,17,126,651,1684,1232,383,215,1955,686,376,488,845,700,1915,1321,12451,1524,1888,1601,554,599,2658,491,494,1668,1599,316,3864,4303,21559,0,1,76,0,0,0,0,0,0,0,0,128,100,305,118,0,1,16,0,4,3,0,234,2,0,5,9,392,23,66,32,86,29,73,90,18,0,57,62,162,296,994,0,0,0,0,0,0,0,0,0,0,0,0,0,0,22.134093,11.132664,8.423848,5.121753,11.387059,6.353238,7.02804,7.115882,22.264912,10.576403,6.727874,7.216533,7.449827,8.734435,3.118433,3.886387,1.222547,0.292354,5.761108,1.765844,2.418367,0.556549,1.001449,1.514005,0.664708,2.231464,2.981671,1.996639,3.952274,0.467613,0.356476,2.671897,0.0,1.188748,0.551431,0.940833,0.415696,2.352114,0.885053,1.117564,2.128771,1.330693,6.948681,4.877035,1.425906,0.503294,0.692685,2.206441,2.93736,0.861326,4.919065,4.093219,0.859346,2.629024,3.17662,2.663543,5.301336,0.207828,0.220106,0.21464,1.63879,0.357661,0.176602,0.066256,0.27713,3.092895,0.190966,0.674203,0.109659,0.624889,10.426412,3.089713,3.665247,3.430538,10.373374,4.763633,7.164997,2.577354,9.170498,8.532497,3.925817,5.261712,5.423752,5.278195,1.27449,0.893661,0.966553,0.736437,0.827843,0.345566,0.735241,0.271649,5.800844,0.654266,0.271759,3.176813,1.78761,1.380153,0.264389,0.010391,0.026317,0.0,0,0.032829,0.018021,0.006626,0.006298,0.010814,0.0,0.051298,0.02959,0.03789,4.41326,5.833045,2.947509,1.417364,3.63237,3.377911,2.472428,2.491221,3.073629,4.569049,2.570694,3.508418,2.299351,3.170533,10.331503,6.539661,3.830327,2.050181,10.119953,4.592577,1.769624,3.27304,10.505763,8.646047,1.160485,7.079127,7.489861,5.489802,0.0,0.003464,0.181827,0.0,0,0.0,0.0,0,0,0,0.0,0.234505,0.174061,0.166939,0.799946,0,0.002392,0.059211,0,0.006911,0.010812,0.0,1.47383,0.010814,0.0,0.00916,0.015666,0.124209,0.155922,0.228611,0.076559,0.318259,0.489948,0.126132,0.324371,0.119261,0,0.308208,0.22769,0.296796,0.515222,0.263777,0,0,0,0,0,0,0,0,0,0,0,0,0,0
63,3223,3137,3460,1259,656,3644,1917,1081,3452,1947,1820,3834,4214,33644,441,1113,521,99,349,1010,665,75,153,289,229,1187,1667,7798,591,133,138,692,0,696,169,131,70,428,241,600,1201,5090,1014,1411,578,151,43,1272,805,143,762,746,227,1427,1755,10334,771,51,67,70,97,199,55,6,40,570,49,356,65,2396,1514,904,1535,1015,599,2677,2000,368,1418,1561,1095,2890,3151,20727,176,281,378,217,46,184,196,44,913,127,61,1693,1002,5318,38,3,15,1,0,20,6,0,1,2,0,32,13,131,643,1653,1246,349,225,1924,672,377,480,882,647,1903,1372,12373,1512,1854,1655,503,568,2646,467,502,1646,1569,314,3820,4234,21290,0,1,72,0,0,1,0,0,0,0,0,131,95,300,115,0,1,16,0,2,6,0,233,2,1,6,9,391,19,60,44,83,28,86,82,17,0,52,62,146,289,968,0,0,0,0,0,0,0,0,0,0,0,0,0,0,21.849366,10.865951,8.277908,4.659167,11.082953,6.29622,6.909104,7.162261,21.742143,10.527739,6.683805,7.024165,7.334946,8.567136,2.989628,3.855213,1.246471,0.366368,5.896266,1.74511,2.396742,0.496919,0.963658,1.562669,0.840984,2.17467,2.901603,1.985689,4.006508,0.460686,0.330159,2.560876,0.0,1.202571,0.609097,0.867952,0.440889,2.314264,0.885053,1.099243,2.090477,1.315956,6.87411,4.887426,1.382841,0.558804,0.726474,2.197802,2.901319,0.947459,4.799395,4.033741,0.833639,2.614367,3.054777,2.631458,5.226764,0.176654,0.160295,0.259048,1.63879,0.343839,0.198227,0.039754,0.251937,3.082081,0.179949,0.652218,0.11314,0.610119,10.263711,3.131278,3.672425,3.756199,10.119953,4.625406,7.208246,2.438216,8.931158,8.440575,4.0213,5.294689,5.484674,5.27794,1.193139,0.973329,0.904349,0.803049,0.777158,0.317921,0.706408,0.291526,5.750457,0.686709,0.224018,3.101698,1.744095,1.35418,0.25761,0.010391,0.035887,0.003701,0,0.034557,0.021625,0.0,0.006298,0.010814,0.0,0.058626,0.022628,0.03803,4.359027,5.725667,2.981004,1.29154,3.801318,3.324349,2.421971,2.497847,3.023241,4.769114,2.376056,3.486434,2.388122,3.150671,10.250153,6.421891,3.95952,1.861446,9.596216,4.571843,1.683125,3.326045,10.367198,8.483833,1.15314,6.998516,7.369759,5.421303,0.0,0.003464,0.172257,0.0,0,0.001728,0.0,0,0,0,0.0,0.240001,0.165358,0.1247,0.779608,0,0.002392,0.059211,0,0.003456,0.021625,0.0,1.467532,0.010814,0.003672,0.010992,0.015666,0.114051,0.128805,0.207828,0.105268,0.307157,0.473053,0.148594,0.295538,0.112635,0,0.281172,0.22769,0.267483,0.503037,0.256878,0,0,0,0,0,0,0,0,0,0,0,0,0,0
64,3123,3096,3301,1245,643,3621,1907,1118,3386,1896,1779,3817,4100,33032,419,1101,511,79,337,985,659,94,146,282,190,1156,1659,7618,580,141,136,645,0,700,190,123,70,439,232,637,1158,5051,1008,1399,538,159,40,1222,780,157,753,736,244,1390,1713,10139,748,48,79,44,101,199,56,6,39,572,57,376,57,2382,1490,855,1519,963,578,2708,1953,380,1411,1565,1093,2816,3080,20411,181,260,366,187,42,224,197,50,912,128,68,1715,1007,5337,43,1,13,0,0,17,8,3,1,2,0,29,14,131,631,1643,1225,344,217,1955,671,369,482,855,682,1895,1328,12297,1509,1820,1564,526,568,2618,454,474,1614,1549,293,3758,4227,20974,0,1,78,0,0,0,0,0,0,0,2,126,93,300,113,0,1,11,0,1,5,0,229,2,1,4,8,375,19,56,36,68,29,89,91,20,0,60,73,150,298,989,0,0,0,0,0,0,0,0,0,0,0,0,0,0,21.171446,10.723935,7.897507,4.607357,10.863322,6.256479,6.873063,7.407407,21.326447,10.251974,6.533235,6.99302,7.136516,8.411296,2.840485,3.813647,1.222547,0.292354,5.693529,1.701914,2.375117,0.622805,0.919569,1.524819,0.69776,2.117876,2.887678,1.939854,3.931937,0.488396,0.325374,2.386944,0.0,1.209482,0.684783,0.814947,0.440889,2.373743,0.852001,1.16703,2.015631,1.305873,6.833435,4.845861,1.287143,0.588409,0.67579,2.111411,2.811216,1.040217,4.74271,3.979669,0.896071,2.54658,2.981671,2.581803,5.070843,0.166263,0.189004,0.16283,1.706369,0.343839,0.201831,0.039754,0.245638,3.092895,0.209328,0.688859,0.099215,0.606554,10.10101,2.961552,3.634145,3.563763,9.765163,4.678969,7.038852,2.517723,8.887069,8.462204,4.013955,5.159115,5.36109,5.197474,1.227035,0.900589,0.87564,0.692029,0.709579,0.387034,0.710012,0.331279,5.744158,0.692116,0.249725,3.142004,1.752798,1.359018,0.291506,0.003464,0.031102,0.0,0,0.029373,0.028833,0.019877,0.006298,0.010814,0.0,0.05313,0.024369,0.039394,4.277676,5.691029,2.930762,1.273037,3.66616,3.377911,2.418367,2.444842,3.035838,4.623121,2.504591,3.471777,2.311535,3.131318,10.229815,6.304122,3.741806,1.946562,9.596216,4.523464,1.636272,3.140529,10.165648,8.375689,1.076019,6.884928,7.357574,5.340837,0.0,0.003464,0.186612,0.0,0,0.0,0.0,0,0,0,0.007345,0.230841,0.161877,0.142903,0.76605,0,0.002392,0.040708,0,0.001728,0.018021,0.0,1.442338,0.010814,0.003672,0.007328,0.013925,0.109384,0.128805,0.193973,0.086129,0.251647,0.489948,0.153777,0.327975,0.132512,0,0.32443,0.268087,0.274811,0.518703,0.26245,0,0,0,0,0,0,0,0,0,0,0,0,0,0
65,3024,3005,3294,1235,635,3514,1845,1056,3344,1852,1757,3719,4020,32300,406,1078,471,76,348,960,644,82,140,291,181,1139,1624,7440,574,122,117,654,0,658,193,112,69,413,225,617,1142,4896,978,1364,556,154,36,1227,770,146,748,716,229,1345,1682,9951,728,49,96,63,101,207,51,11,37,563,54,374,57,2391,1463,852,1512,982,574,2657,1905,372,1384,1487,1116,2761,3029,20094,185,263,371,219,45,208,197,49,901,135,79,1685,999,5336,40,0,15,0,0,15,7,3,1,2,0,25,16,124,608,1656,1226,354,223,1855,672,367,472,876,699,1783,1359,12150,1500,1771,1609,553,560,2544,443,484,1586,1548,296,3701,4179,20774,0,0,85,2,0,0,0,0,0,0,4,137,99,327,117,0,1,10,0,1,5,0,227,2,0,6,6,375,20,63,25,78,29,95,86,20,0,54,60,139,304,973,0,0,0,0,0,0,0,0,0,0,0,0,0,0,20.500305,10.408729,7.88076,4.57035,10.728164,6.071601,6.649607,6.996621,21.061913,10.014059,6.452442,6.813477,6.997267,8.224899,2.752356,3.73398,1.126848,0.281252,5.879372,1.658719,2.321055,0.543298,0.881779,1.573483,0.664708,2.08673,2.826757,1.894528,3.891262,0.422584,0.279918,2.42025,0.0,1.136913,0.695596,0.742066,0.434591,2.233157,0.826295,1.130389,1.987781,1.2658,6.630059,4.724628,1.330207,0.569906,0.608211,2.12005,2.775175,0.967336,4.711217,3.871526,0.840984,2.464137,2.927712,2.533931,4.935259,0.169726,0.229676,0.233143,1.706369,0.357661,0.18381,0.072881,0.233042,3.044231,0.198311,0.685195,0.099215,0.608846,9.917972,2.95116,3.617398,3.634076,9.697584,4.590849,6.865855,2.464719,8.717012,8.040446,4.098421,5.058352,5.272319,5.116753,1.254152,0.91098,0.887602,0.810451,0.760264,0.359389,0.710012,0.324654,5.674876,0.729966,0.290121,3.087042,1.738873,1.358763,0.271168,0.0,0.035887,0.0,0,0.025917,0.025229,0.019877,0.006298,0.010814,0.0,0.045802,0.02785,0.040834,4.121754,5.736058,2.933155,1.310044,3.767528,3.205128,2.421971,2.431591,2.972854,4.736671,2.567022,3.266585,2.365494,3.093886,10.168802,6.134396,3.849466,2.046481,9.461058,4.395604,1.596627,3.206785,9.989293,8.370282,1.087036,6.780499,7.274025,5.289909,0.0,0.0,0.203359,0.007401,0,0.0,0.0,0,0,0,0.01469,0.250994,0.172321,0.157148,0.793167,0,0.002392,0.037007,0,0.001728,0.018021,0.0,1.429741,0.010814,0.0,0.010992,0.010444,0.118822,0.135584,0.21822,0.059811,0.288654,0.489948,0.164144,0.309955,0.132512,0,0.291987,0.220345,0.254658,0.529147,0.258205,0,0,0,0,0,0,0,0,0,0,0,0,0,0
66,3004,2960,3260,1216,630,3493,1803,1025,3258,1806,1758,3738,3924,31875,391,1059,482,81,346,941,630,79,137,284,199,1113,1559,7301,568,132,127,665,0,630,172,113,64,408,224,607,1058,4768,979,1293,554,162,36,1228,752,132,743,697,260,1329,1618,9783,716,50,86,54,97,207,51,12,39,550,63,362,61,2348,1470,864,1479,992,574,2622,1898,403,1368,1466,1058,2719,2971,19884,186,277,418,210,41,225,192,48,882,136,70,1646,990,5321,40,2,14,0,0,17,7,1,1,2,0,26,17,127,595,1646,1222,362,202,1869,677,361,475,851,670,1854,1360,12144,1499,1744,1579,530,546,2545,422,475,1558,1508,292,3642,4107,20447,0,1,88,2,0,0,0,0,0,0,0,136,91,318,114,0,1,10,0,4,4,0,224,2,2,5,8,374,21,59,28,69,29,77,81,18,0,52,54,155,301,944,0,0,0,0,0,0,0,0,0,0,0,0,0,0,20.364721,10.252858,7.799416,4.500037,10.64369,6.035317,6.498234,6.791228,20.520249,9.765329,6.456115,6.848286,6.830168,8.116676,2.650668,3.668168,1.153165,0.299756,5.845582,1.62589,2.270598,0.523421,0.862883,1.535633,0.730812,2.039096,2.713617,1.859133,3.850586,0.457222,0.303842,2.460958,0.0,1.088534,0.619909,0.748691,0.403099,2.206121,0.822622,1.112068,1.841569,1.232707,6.636838,4.478698,1.325422,0.599512,0.608211,2.121778,2.710301,0.874578,4.679725,3.76879,0.954829,2.434824,2.816313,2.491151,4.853908,0.17319,0.205751,0.199837,1.63879,0.357661,0.18381,0.079507,0.245638,2.973937,0.231362,0.66321,0.106177,0.597897,9.965426,2.992726,3.538447,3.671083,9.697584,4.530375,6.840626,2.670112,8.616237,7.926895,3.88542,4.981404,5.171363,5.063278,1.260931,0.959474,1.000048,0.777145,0.692685,0.388762,0.691992,0.318028,5.555206,0.735374,0.257069,3.015591,1.723208,1.354944,0.271168,0.006928,0.033494,0.0,0,0.029373,0.025229,0.006626,0.006298,0.010814,0.0,0.047634,0.02959,0.038191,4.033625,5.70142,2.923585,1.339649,3.412739,3.229318,2.439991,2.391837,2.991749,4.601492,2.460521,3.396662,2.367235,3.092358,10.162023,6.040873,3.777693,1.961365,9.224531,4.397332,1.52094,3.147154,9.812937,8.153996,1.072347,6.672407,7.148701,5.206641,0.0,0.003464,0.210536,0.007401,0,0.0,0.0,0,0,0,0.0,0.249162,0.158396,0.151628,0.772829,0,0.002392,0.037007,0,0.006911,0.014416,0.0,1.410846,0.010814,0.007345,0.00916,0.013925,0.109093,0.142363,0.204364,0.066989,0.255347,0.489948,0.133043,0.291934,0.119261,0,0.281172,0.198311,0.283971,0.523925,0.250509,0,0,0,0,0,0,0,0,0,0,0,0,0,0
67,2942,2905,3192,1241,642,3403,1751,993,3230,1800,1734,3629,3934,31396,377,1075,469,84,339,937,630,80,131,272,189,1109,1558,7250,549,118,134,643,0,622,160,123,66,392,240,577,1110,4734,969,1314,554,144,37,1193,753,133,730,683,234,1293,1610,9647,699,50,75,53,94,205,50,8,40,531,63,346,57,2271,1441,830,1443,938,561,2565,1804,407,1335,1457,1126,2654,2895,19456,180,248,369,196,42,209,194,32,869,135,80,1655,975,5184,63,2,13,0,0,14,8,1,1,2,0,27,11,142,605,1605,1203,382,221,1854,652,373,466,843,661,1857,1333,12055,1465,1731,1580,507,554,2504,421,446,1523,1490,331,3601,4046,20199,0,1,76,2,0,2,0,0,0,0,3,135,111,330,120,0,0,13,0,7,5,0,222,2,0,5,8,382,21,55,34,62,28,89,83,21,0,56,56,133,281,919,0,0,0,0,0,0,0,0,0,0,0,0,0,0,19.944411,10.062348,7.636729,4.592554,10.846427,5.879812,6.31082,6.579209,20.343894,9.732886,6.367976,6.64859,6.847574,7.994703,2.555759,3.723589,1.122063,0.310858,5.727319,1.618979,2.270598,0.530047,0.825093,1.470747,0.694087,2.031768,2.711876,1.846146,3.721782,0.408729,0.32059,2.379543,0.0,1.074711,0.57666,0.814947,0.415696,2.119606,0.881381,1.057106,1.932081,1.223917,6.569046,4.551437,1.325422,0.532899,0.625106,2.061303,2.713905,0.881203,4.597846,3.69309,0.859346,2.368869,2.802388,2.45652,4.738662,0.17319,0.179434,0.196136,1.588106,0.354206,0.180206,0.053005,0.251937,2.871201,0.231362,0.633897,0.099215,0.578289,9.768829,2.874957,3.452318,3.471246,9.477952,4.431889,6.501838,2.696614,8.408389,7.878231,4.135145,4.86232,5.039077,4.954292,1.220256,0.859023,0.882817,0.725335,0.709579,0.361117,0.6992,0.212019,5.473326,0.729966,0.293794,3.03208,1.697098,1.320058,0.42709,0.006928,0.031102,0.0,0,0.02419,0.028833,0.006626,0.006298,0.010814,0.0,0.049466,0.019147,0.042702,4.101417,5.559404,2.878128,1.413663,3.733739,3.2034,2.349888,2.471344,2.935063,4.558235,2.42747,3.402158,2.320238,3.069695,9.93153,5.995843,3.780085,1.876249,9.359689,4.326491,1.517336,2.955012,9.592492,8.056667,1.215571,6.597292,7.042523,5.14349,0.0,0.003464,0.181827,0.007401,0,0.003456,0.0,0,0,0,0.011017,0.24733,0.193208,0.111929,0.813504,0,0.0,0.048109,0,0.012095,0.018021,0.0,1.398249,0.010814,0.0,0.00916,0.013925,0.139518,0.142363,0.190509,0.081344,0.229443,0.473053,0.153777,0.299142,0.139137,0,0.302801,0.205656,0.243666,0.489112,0.243875,0,0,0,0,0,0,0,0,0,0,0,0,0,0
68,2917,2927,3105,1195,635,3336,1771,955,3166,1777,1795,3587,3798,30964,381,1013,457,85,336,909,616,79,140,266,219,1070,1531,7102,557,125,115,646,0,611,153,133,62,386,228,573,1074,4663,951,1307,513,178,34,1183,747,133,720,707,249,1319,1602,9643,677,45,81,62,99,177,46,5,39,530,61,333,49,2204,1410,853,1408,891,549,2518,1819,366,1336,1456,1018,2641,2913,19178,177,251,374,200,43,211,183,39,860,135,80,1631,980,5164,46,1,11,1,0,16,7,3,1,2,0,30,13,131,600,1604,1164,349,215,1842,672,348,457,845,676,1834,1319,11925,1463,1774,1531,508,548,2435,413,449,1525,1501,328,3589,4005,20069,0,1,79,1,0,0,0,0,0,0,4,133,104,322,107,0,0,14,0,5,4,0,215,2,0,4,9,360,20,54,34,65,27,83,83,18,0,51,59,143,294,931,0,0,0,0,0,0,0,0,0,0,0,0,0,0,19.774931,10.138552,7.428585,4.422323,10.728164,5.764047,6.382902,6.327437,19.940795,9.608522,6.591994,6.571643,6.610851,7.884699,2.582876,3.508833,1.093354,0.314559,5.676635,1.570599,2.22014,0.523421,0.881779,1.438304,0.80426,1.960317,2.66488,1.808459,3.776015,0.432975,0.275133,2.390645,0.0,1.055705,0.551431,0.881203,0.390502,2.087163,0.837312,1.049777,1.869419,1.205561,6.447021,4.527191,1.227331,0.658723,0.574421,2.044025,2.69228,0.881203,4.534862,3.822861,0.914433,2.416503,2.788463,2.455502,4.589519,0.155871,0.193789,0.229443,1.67258,0.305826,0.16579,0.033128,0.245638,2.865794,0.224018,0.61008,0.08529,0.561228,9.558674,2.954624,3.368582,3.297313,9.275215,4.350681,6.5559,2.424965,8.414688,7.872824,3.738524,4.838503,5.070408,4.883502,1.199919,0.869415,0.89478,0.740138,0.726474,0.364573,0.659555,0.258398,5.41664,0.729966,0.293794,2.98811,1.705801,1.314965,0.311843,0.003464,0.026317,0.003701,0,0.027645,0.025229,0.019877,0.006298,0.010814,0.0,0.054962,0.022628,0.036433,4.067521,5.55594,2.784822,1.29154,3.63237,3.182666,2.421971,2.305705,2.878378,4.569049,2.482556,3.360021,2.29587,3.036592,9.917972,6.144787,3.662855,1.87995,9.258321,4.207271,1.488503,2.974889,9.605089,8.116146,1.204554,6.575307,6.971158,5.110387,0.0,0.003464,0.189004,0.003701,0,0.0,0.0,0,0,0,0.01469,0.243666,0.181024,0.135891,0.725375,0,0.0,0.05181,0,0.008639,0.014416,0.0,1.35416,0.010814,0.0,0.007328,0.015666,0.131483,0.135584,0.187045,0.081344,0.240545,0.456158,0.14341,0.299142,0.119261,0,0.275765,0.216673,0.261986,0.51174,0.247059,0,0,0,0,0,0,0,0,0,0,0,0,0,0
69,2901,2871,3078,1169,637,3310,1735,957,3112,1740,1699,3503,3863,30575,368,1018,451,99,329,884,612,76,134,273,183,1018,1504,6949,542,130,117,610,0,617,147,104,68,393,240,546,1037,4551,943,1279,496,153,35,1195,736,133,711,695,210,1274,1584,9444,677,49,72,53,98,177,42,13,34,527,50,344,49,2185,1399,851,1421,895,553,2558,1785,350,1320,1431,1065,2593,2797,19018,185,235,362,180,44,216,185,39,857,128,69,1621,989,5110,41,2,14,1,0,20,8,3,1,1,0,31,20,142,587,1633,1207,357,220,1781,630,360,467,835,666,1799,1345,11887,1454,1704,1466,491,537,2446,414,467,1461,1484,274,3550,4046,19794,0,0,75,0,0,0,0,0,0,0,2,141,107,325,112,0,0,9,0,2,3,0,215,2,0,6,8,357,20,53,26,67,27,82,77,17,0,58,70,145,288,930,0,0,0,0,0,0,0,0,0,0,0,0,0,0,19.666463,9.944579,7.363989,4.326105,10.761953,5.719124,6.253154,6.340688,19.60068,9.408457,6.239442,6.417749,6.723991,7.785643,2.494746,3.526152,1.078999,0.366368,5.558371,1.527403,2.205723,0.503545,0.843988,1.476154,0.672053,1.86505,2.617883,1.769499,3.674327,0.450294,0.279918,2.25742,0.0,1.066072,0.529806,0.689061,0.428292,2.125014,0.881381,1.000311,1.805016,1.176604,6.392787,4.430204,1.18666,0.566205,0.591316,2.064759,2.652635,0.881203,4.478176,3.757976,0.771208,2.33406,2.757132,2.404828,4.589519,0.169726,0.172257,0.196136,1.655685,0.305826,0.151373,0.086133,0.214146,2.849573,0.183621,0.630233,0.08529,0.55639,9.484103,2.947697,3.399684,3.312116,9.342794,4.419794,6.43336,2.318956,8.313913,7.737645,3.911127,4.750563,4.868497,4.842759,1.254152,0.813994,0.86607,0.666124,0.743369,0.373212,0.666763,0.258398,5.397745,0.692116,0.253397,2.969789,1.721467,1.301215,0.277947,0.006928,0.033494,0.003701,0,0.034557,0.028833,0.019877,0.006298,0.005407,0.0,0.056794,0.034812,0.039493,3.979391,5.656391,2.887698,1.321146,3.716844,3.077269,2.270598,2.385212,2.941362,4.514978,2.445832,3.295898,2.341125,3.026916,9.856959,5.902321,3.507345,1.817038,9.072478,4.226277,1.492107,3.09415,9.20199,8.024224,1.006243,6.503857,7.042523,5.040361,0.0,0.0,0.179434,0.0,0,0.0,0.0,0,0,0,0.007345,0.258322,0.186246,0.179497,0.759271,0,0.0,0.033306,0,0.003456,0.010812,0.0,1.35416,0.010814,0.0,0.010992,0.013925,0.130387,0.135584,0.183582,0.062204,0.247946,0.456158,0.141682,0.277517,0.112635,0,0.313615,0.257069,0.26565,0.501297,0.246794,0,0,0,0,0,0,0,0,0,0,0,0,0,0
70,2804,2827,3013,1192,625,3211,1690,974,3070,1756,1668,3492,3743,30065,359,1016,469,104,318,876,590,82,132,265,216,1007,1467,6901,557,114,114,642,0,613,147,108,68,386,229,526,1071,4575,916,1275,515,147,38,1195,712,139,699,679,235,1234,1533,9317,668,44,84,54,94,187,37,3,34,526,52,311,52,2146,1394,820,1393,911,532,2479,1801,374,1298,1455,1042,2564,2791,18854,178,229,358,210,45,196,186,42,846,137,61,1631,982,5101,57,1,11,0,0,17,8,2,1,1,0,28,19,145,598,1607,1189,387,212,1788,646,378,469,825,638,1821,1352,11910,1428,1729,1511,482,535,2426,395,454,1481,1488,311,3551,4036,19827,0,1,84,1,0,0,0,0,0,0,1,133,99,319,115,0,0,11,0,3,2,0,215,2,1,3,9,361,16,53,36,67,24,81,79,17,0,60,71,156,293,953,0,0,0,0,0,0,0,0,0,0,0,0,0,0,19.008881,9.792172,7.208479,4.41122,10.559216,5.548068,6.090968,6.453323,19.336147,9.494971,6.125597,6.397596,6.515117,7.655777,2.433733,3.519224,1.122063,0.384872,5.372529,1.513581,2.126433,0.543298,0.831391,1.432897,0.793243,1.844897,2.55348,1.757276,3.776015,0.394874,0.27274,2.375842,0.0,1.059161,0.529806,0.715564,0.428292,2.087163,0.840984,0.96367,1.864197,1.182809,6.209748,4.416349,1.232116,0.544001,0.642,2.064759,2.566136,0.920957,4.402595,3.671461,0.863019,2.260777,2.668361,2.372489,4.528507,0.152407,0.200967,0.199837,1.588106,0.323105,0.133353,0.019877,0.214146,2.844166,0.190966,0.569774,0.090512,0.546459,9.450207,2.840319,3.332695,3.371327,8.988005,4.283295,6.491026,2.47797,8.175348,7.867416,3.826662,4.697433,4.858053,4.800998,1.206698,0.793211,0.8565,0.777145,0.760264,0.338655,0.670367,0.278275,5.328463,0.740781,0.224018,2.98811,1.709283,1.298923,0.386414,0.003464,0.026317,0.0,0,0.029373,0.028833,0.013251,0.006298,0.005407,0.0,0.051298,0.033072,0.043604,4.053962,5.566332,2.844634,1.432166,3.581686,3.089363,2.328264,2.504472,2.953959,4.460906,2.343004,3.336204,2.35331,3.032772,9.6807,5.988916,3.615006,1.783732,9.038689,4.19172,1.423629,3.008017,9.327959,8.045853,1.142123,6.505689,7.025117,5.048764,0.0,0.003464,0.200967,0.003701,0,0.0,0.0,0,0,0,0.003672,0.243666,0.172321,0.134625,0.779608,0,0.0,0.040708,0,0.005183,0.007208,0.0,1.35416,0.010814,0.003672,0.005496,0.015666,0.119922,0.108467,0.183582,0.086129,0.247946,0.405474,0.139954,0.284726,0.112635,0,0.32443,0.260742,0.285803,0.51,0.252897,0,0,0,0,0,0,0,0,0,0,0,0,0,0
71,2785,2821,2985,1151,610,3178,1667,962,3035,1730,1692,3488,3736,29840,361,1015,458,91,313,869,594,55,131,271,201,987,1485,6831,543,122,106,595,0,608,145,114,68,361,225,531,1048,4466,917,1256,504,152,35,1159,693,125,677,663,220,1264,1532,9197,653,49,82,53,91,193,41,10,33,517,48,302,54,2126,1386,817,1398,896,528,2432,1790,367,1304,1428,998,2534,2770,18648,185,241,367,158,43,213,190,33,842,149,68,1621,975,5085,51,3,13,0,0,11,7,1,0,2,1,23,19,131,598,1573,1164,338,202,1783,634,351,476,840,643,1790,1334,11726,1426,1698,1511,483,523,2389,394,420,1460,1484,298,3556,3907,19549,0,1,76,1,0,2,0,0,0,0,2,131,101,314,112,0,0,8,0,4,5,0,218,2,0,4,9,362,17,56,29,70,28,74,78,15,0,58,65,140,280,910,0,0,0,0,0,0,0,0,0,0,0,0,0,0,18.880076,9.771389,7.14149,4.259492,10.305795,5.49105,6.008073,6.373816,19.115702,9.354385,6.213735,6.390268,6.502933,7.598482,2.447292,3.51576,1.095746,0.336763,5.288055,1.501486,2.140849,0.364407,0.825093,1.46534,0.738156,1.808255,2.584811,1.739452,3.681106,0.422584,0.253601,2.20191,0.0,1.050522,0.522598,0.755317,0.428292,1.951984,0.826295,0.97283,1.824163,1.154629,6.216528,4.350537,1.205799,0.562505,0.591316,2.002557,2.497657,0.828199,4.26403,3.584946,0.807932,2.315739,2.66662,2.341932,4.426819,0.169726,0.196182,0.196136,1.537422,0.333472,0.147769,0.066256,0.207848,2.795501,0.176276,0.553286,0.093993,0.541366,9.395973,2.829927,3.344658,3.315817,8.920426,4.202087,6.45138,2.431591,8.213139,7.721423,3.665075,4.642471,4.8215,4.748542,1.254152,0.834777,0.878032,0.584709,0.726474,0.368028,0.684783,0.218644,5.303269,0.805667,0.249725,2.969789,1.697098,1.294849,0.345739,0.010391,0.031102,0.0,0,0.019006,0.025229,0.006626,0.0,0.010814,0.003672,0.042138,0.033072,0.038093,4.053962,5.448563,2.784822,1.250833,3.412739,3.080724,2.285014,2.325581,2.998047,4.542014,2.361366,3.279409,2.321979,2.985918,9.667141,5.881538,3.615006,1.787432,8.835952,4.12779,1.420025,2.782747,9.195692,8.024224,1.094381,6.514849,6.800578,4.977974,0.0,0.003464,0.181827,0.003701,0,0.003456,0.0,0,0,0,0.007345,0.240001,0.175802,0.106502,0.759271,0,0.0,0.029606,0,0.006911,0.018021,0.0,1.373055,0.010814,0.0,0.007328,0.015666,0.132213,0.115246,0.193973,0.069381,0.259048,0.473053,0.12786,0.281122,0.099384,0,0.313615,0.238707,0.25649,0.487372,0.241486,0,0,0,0,0,0,0,0,0,0,0,0,0,0
72,2787,2743,2979,1099,590,3161,1669,921,2971,1693,1577,3392,3638,29220,362,984,463,84,312,862,591,67,126,280,179,982,1489,6781,529,113,110,540,0,570,132,113,65,365,217,495,1015,4264,897,1252,474,143,33,1142,697,143,659,657,228,1247,1512,9084,644,48,73,53,89,174,42,6,31,528,55,307,51,2101,1382,823,1346,848,543,2431,1798,360,1284,1403,1009,2579,2739,18545,179,246,346,160,43,196,189,33,849,139,58,1622,951,5011,45,3,17,0,0,19,8,2,1,3,0,25,21,144,591,1605,1134,363,212,1742,626,367,480,833,674,1849,1330,11806,1404,1669,1462,449,527,2421,385,429,1407,1460,273,3521,3834,19241,0,1,79,0,0,1,0,0,0,0,1,137,109,328,103,0,0,9,0,3,3,0,211,2,1,3,9,344,18,65,38,62,25,75,83,18,0,53,56,156,267,916,0,0,0,0,0,0,0,0,0,0,0,0,0,0,18.893634,9.501212,7.127135,4.067056,9.9679,5.461677,6.015281,6.102167,18.712603,9.15432,5.791407,6.214389,6.332353,7.440605,2.454071,3.408382,1.107709,0.310858,5.271161,1.489391,2.130037,0.443914,0.793601,1.514005,0.657363,1.799095,2.591774,1.726719,3.586198,0.39141,0.26317,1.998372,0.0,0.984864,0.475744,0.748691,0.409397,1.973613,0.796915,0.906876,1.766723,1.102404,6.080944,4.336682,1.134026,0.529198,0.557527,1.973184,2.512074,0.947459,4.150658,3.552504,0.837312,2.284594,2.631808,2.313157,4.365806,0.166263,0.17465,0.196136,1.503632,0.300643,0.151373,0.039754,0.195251,2.85498,0.201983,0.562446,0.088771,0.535,9.368856,2.85071,3.22025,3.138184,9.173847,4.200359,6.480213,2.385212,8.08717,7.586244,3.705472,4.724914,4.767541,4.722314,1.213477,0.852096,0.827791,0.59211,0.726474,0.338655,0.681179,0.218644,5.347358,0.751595,0.213,2.971621,1.655324,1.276005,0.305064,0.010391,0.040672,0.0,0,0.032829,0.028833,0.013251,0.006298,0.016221,0.0,0.045802,0.036553,0.043303,4.006508,5.559404,2.713048,1.34335,3.581686,3.009883,2.256181,2.431591,3.023241,4.504164,2.475211,3.387502,2.315016,3.00629,9.517999,5.781088,3.497775,1.661609,8.903531,4.183081,1.387587,2.842377,8.861876,7.894452,1.002571,6.450726,6.673513,4.899544,0.0,0.003464,0.189004,0.0,0,0.001728,0.0,0,0,0,0.003672,0.250994,0.189727,0.122476,0.698258,0,0.0,0.033306,0,0.005183,0.010812,0.0,1.328966,0.010814,0.003672,0.005496,0.015666,0.114274,0.122026,0.225147,0.090913,0.229443,0.422369,0.129587,0.299142,0.119261,0,0.286579,0.205656,0.285803,0.464744,0.243078,0,0,0,0,0,0,0,0,0,0,0,0,0,0
73,2749,2722,2935,1070,599,3166,1636,919,2945,1678,1645,3330,3568,28962,357,959,435,81,311,854,595,69,127,255,185,956,1444,6628,540,123,113,532,0,587,121,106,61,367,227,500,997,4274,869,1190,489,140,37,1187,683,129,652,663,214,1232,1479,8964,635,53,70,47,90,168,40,4,34,523,42,314,50,2070,1358,812,1403,879,523,2413,1776,378,1261,1412,932,2518,2780,18445,183,238,372,175,44,191,181,42,856,129,86,1592,976,5065,45,2,16,0,0,19,7,0,1,3,1,21,19,134,588,1610,1216,361,206,1743,628,359,481,821,679,1777,1331,11800,1391,1666,1473,444,526,2417,387,422,1435,1452,300,3462,3942,19317,0,0,96,0,0,0,0,0,0,0,0,134,107,337,106,0,1,6,0,4,5,0,215,2,1,2,8,350,21,66,23,54,28,76,77,23,0,50,64,142,263,887,0,0,0,0,0,0,0,0,0,0,0,0,0,0,18.636025,9.428472,7.021867,3.959737,10.119953,5.470316,5.896345,6.088915,18.548844,9.073213,6.041131,6.100801,6.21051,7.374908,2.420175,3.321787,1.04072,0.299756,5.254266,1.475568,2.144453,0.457166,0.799899,1.378826,0.679398,1.751461,2.513446,1.687759,3.660769,0.426048,0.270348,1.968766,0.0,1.014237,0.436099,0.702312,0.384204,1.984427,0.833639,0.916036,1.735392,1.10499,5.891126,4.121926,1.169912,0.518096,0.625106,2.050936,2.461616,0.854701,4.106569,3.584946,0.785898,2.257113,2.574368,2.2826,4.304793,0.183582,0.167472,0.173932,1.520527,0.290276,0.144165,0.026502,0.214146,2.827944,0.154242,0.575271,0.087031,0.527107,9.206156,2.812608,3.35662,3.252905,8.835952,4.169258,6.400923,2.504472,7.942306,7.634909,3.422696,4.613158,4.838906,4.69685,1.240594,0.824385,0.889995,0.64762,0.743369,0.330016,0.652346,0.278275,5.391447,0.697524,0.315828,2.916659,1.698839,1.289756,0.305064,0.006928,0.038279,0.0,0,0.032829,0.025229,0.0,0.006298,0.016221,0.003672,0.038474,0.033072,0.038877,3.98617,5.576723,2.90923,1.335948,3.480318,3.011611,2.263389,2.378586,3.02954,4.439278,2.493573,3.255592,2.316757,3.004762,9.429869,5.770696,3.524092,1.643106,8.886636,4.17617,1.394796,2.795998,9.038231,7.851195,1.101726,6.342634,6.861499,4.918897,0.0,0.0,0.229676,0.0,0,0.0,0.0,0,0,0,0.0,0.245498,0.186246,0.21907,0.718595,0,0.002392,0.022204,0,0.006911,0.018021,0.0,1.35416,0.010814,0.003672,0.003664,0.013925,0.102092,0.142363,0.228611,0.055027,0.199837,0.473053,0.131315,0.277517,0.152389,0,0.270358,0.235035,0.260154,0.457781,0.235383,0,0,0,0,0,0,0,0,0,0,0,0,0,0
74,2676,2603,2935,1065,596,3152,1591,843,2898,1657,1624,3303,3571,28514,352,986,445,79,310,843,580,58,126,252,188,943,1426,6588,522,112,108,533,0,564,125,105,61,366,230,497,975,4198,847,1167,515,127,34,1119,684,115,654,672,221,1192,1482,8829,632,53,83,45,87,175,38,4,34,516,49,302,45,2063,1354,809,1377,831,528,2402,1759,359,1261,1423,992,2538,2728,18361,177,234,374,162,43,178,179,35,834,139,70,1599,970,4994,46,3,15,0,0,26,8,2,1,3,0,21,17,142,601,1563,1215,333,207,1766,621,350,472,830,644,1807,1321,11730,1387,1657,1473,430,505,2332,384,403,1410,1469,277,3527,3925,19179,0,1,84,0,0,1,0,0,0,0,0,131,105,322,109,0,0,9,0,3,4,0,211,2,0,3,8,349,23,54,30,63,26,70,83,15,0,51,68,150,264,897,0,0,0,0,0,0,0,0,0,0,0,0,0,0,18.141143,9.01628,7.021867,3.941233,10.069268,5.446126,5.73416,5.585371,18.252819,8.959663,5.96401,6.051335,6.215732,7.260829,2.386279,3.41531,1.064644,0.292354,5.237371,1.456562,2.090391,0.384284,0.793601,1.362604,0.690415,1.727644,2.482115,1.677574,3.538743,0.387946,0.258386,1.972467,0.0,0.974497,0.450515,0.695687,0.384204,1.97902,0.844657,0.91054,1.697098,1.085341,5.741984,4.042258,1.232116,0.469987,0.574421,1.933444,2.46522,0.761943,4.119166,3.633611,0.811605,2.18383,2.57959,2.248224,4.284455,0.183582,0.198574,0.166531,1.469843,0.302371,0.136957,0.026502,0.214146,2.790094,0.179949,0.553286,0.078328,0.525324,9.179039,2.802217,3.294416,3.075272,8.920426,4.150252,6.339653,2.378586,7.942306,7.694387,3.643041,4.649799,4.748394,4.67546,1.199919,0.81053,0.89478,0.599512,0.726474,0.307554,0.645138,0.231896,5.252882,0.751595,0.257069,2.929484,1.688395,1.271676,0.311843,0.010391,0.035887,0.0,0,0.044924,0.028833,0.013251,0.006298,0.016221,0.0,0.038474,0.02959,0.042702,4.0743,5.413924,2.906838,1.232329,3.497212,3.051351,2.23816,2.318956,2.972854,4.487942,2.365039,3.310555,2.299351,2.986937,9.402752,5.739522,3.524092,1.591296,8.531847,4.029304,1.383983,2.670112,8.880771,7.943117,1.01726,6.461719,6.831909,4.883756,0.0,0.003464,0.200967,0.0,0,0.001728,0.0,0,0,0,0.0,0.240001,0.182764,0.133844,0.738933,0,0.0,0.033306,0,0.005183,0.014416,0.0,1.328966,0.010814,0.0,0.005496,0.013925,0.127465,0.155922,0.187045,0.071774,0.233143,0.439263,0.120948,0.299142,0.099384,0,0.275765,0.249725,0.274811,0.459522,0.238036,0,0,0,0,0,0,0,0,0,0,0,0,0,0
75,2669,2655,2895,1047,597,3092,1567,857,2840,1648,1634,3235,3537,28273,361,967,443,66,307,820,578,61,122,233,164,952,1391,6465,526,113,120,562,0,543,121,118,61,357,216,477,996,4210,850,1170,489,130,33,1084,663,120,648,640,207,1203,1469,8706,631,49,78,59,87,178,38,5,34,511,40,305,33,2048,1371,804,1362,827,537,2384,1769,326,1252,1403,1021,2512,2721,18289,178,222,381,156,40,197,183,31,838,142,62,1567,928,4925,40,1,11,0,0,18,8,0,1,2,1,24,17,123,614,1622,1207,328,202,1787,611,328,488,833,641,1785,1333,11779,1383,1655,1484,435,511,2383,374,391,1391,1455,279,3466,3799,19006,0,0,80,0,0,1,0,0,0,0,1,131,114,327,115,0,0,4,0,4,6,0,217,2,0,5,9,362,16,52,31,82,28,77,72,17,0,52,56,142,273,898,0,0,0,0,0,0,0,0,0,0,0,0,0,0,18.093689,9.196398,6.926169,3.874621,10.086163,5.342456,5.647661,5.678129,17.88751,8.910998,6.000734,5.926754,6.156551,7.19946,2.447292,3.349498,1.059859,0.244245,5.186687,1.416822,2.083183,0.404161,0.768407,1.259868,0.602277,1.744133,2.421194,1.646253,3.56586,0.39141,0.287095,2.079787,0.0,0.938213,0.436099,0.781819,0.384204,1.930356,0.793243,0.873898,1.733651,1.088443,5.762321,4.05265,1.169912,0.481089,0.557527,1.87297,2.389534,0.795071,4.081376,3.460582,0.760191,2.203983,2.556962,2.216903,4.277676,0.169726,0.186612,0.218341,1.469843,0.307554,0.136957,0.033128,0.214146,2.763058,0.146897,0.558782,0.05744,0.521504,9.294285,2.784898,3.258529,3.060469,9.072478,4.119151,6.375694,2.159942,7.885621,7.586244,3.749541,4.602166,4.73621,4.657126,1.206698,0.768964,0.911527,0.577307,0.67579,0.340383,0.659555,0.205393,5.278075,0.767817,0.22769,2.870857,1.61529,1.254106,0.271168,0.003464,0.026317,0.0,0,0.031101,0.028833,0.0,0.006298,0.010814,0.003672,0.04397,0.02959,0.035686,4.16243,5.618289,2.887698,1.213826,3.412739,3.087636,2.202119,2.173193,3.073629,4.504164,2.354021,3.270249,2.320238,2.999414,9.375636,5.732594,3.550409,1.609799,8.633215,4.117423,1.347942,2.590605,8.761101,7.867416,1.024605,6.349962,6.612592,4.839704,0.0,0.0,0.191397,0.0,0,0.001728,0.0,0,0,0,0.003672,0.240001,0.19843,0.136856,0.779608,0,0.0,0.014803,0,0.006911,0.021625,0.0,1.366757,0.010814,0.0,0.00916,0.015666,0.132213,0.108467,0.180118,0.074166,0.303456,0.473053,0.133043,0.259497,0.112635,0,0.281172,0.205656,0.260154,0.475188,0.238302,0,0,0,0,0,0,0,0,0,0,0,0,0,0
76,2607,2609,2819,1044,590,3007,1566,844,2837,1618,1557,3252,3478,27828,353,971,447,67,309,802,564,66,119,251,170,931,1393,6443,503,121,111,510,0,539,103,100,67,361,227,457,973,4072,841,1149,478,129,31,1061,653,126,648,633,229,1157,1423,8558,617,46,71,36,89,163,37,4,32,498,52,298,41,1984,1359,812,1320,844,522,2352,1693,347,1248,1342,921,2505,2653,17918,168,232,364,152,51,193,177,43,835,141,64,1585,965,4970,44,1,12,0,0,17,11,2,1,1,0,24,16,129,631,1601,1165,300,207,1744,612,346,490,832,674,1766,1351,11719,1363,1699,1445,422,502,2333,365,388,1383,1408,284,3492,3790,18874,0,0,88,0,0,2,0,0,0,0,2,140,108,340,109,0,0,14,0,3,5,0,215,2,0,5,10,363,17,55,39,81,24,70,75,13,0,51,58,146,286,915,0,0,0,0,0,0,0,0,0,0,0,0,0,0,17.673378,9.037063,6.744342,3.863519,9.9679,5.195591,5.644057,5.591996,17.868615,8.748783,5.717958,5.957899,6.053855,7.086145,2.393058,3.363353,1.069429,0.247946,5.220476,1.385721,2.032725,0.437289,0.749512,1.357197,0.624311,1.705659,2.424675,1.640651,3.409938,0.41912,0.265563,1.887351,0.0,0.931301,0.371225,0.662559,0.421994,1.951984,0.833639,0.837257,1.693617,1.052765,5.701308,3.97991,1.143595,0.477389,0.523737,1.83323,2.353492,0.834824,4.081376,3.422732,0.840984,2.119708,2.476893,2.179216,4.182767,0.159335,0.169865,0.133225,1.503632,0.281637,0.133353,0.026502,0.201549,2.692765,0.190966,0.545958,0.071365,0.505207,9.212935,2.812608,3.158046,3.123381,8.819057,4.063861,6.10178,2.299079,7.860427,7.256407,3.382299,4.589341,4.617848,4.562654,1.138906,0.803602,0.870855,0.562505,0.861632,0.333472,0.63793,0.2849,5.25918,0.762409,0.235035,2.903835,1.679692,1.265565,0.298285,0.003464,0.02871,0.0,0,0.029373,0.039645,0.013251,0.006298,0.005407,0.0,0.04397,0.02785,0.038792,4.277676,5.545549,2.787215,1.110206,3.497212,3.013339,2.205723,2.292453,3.086225,4.498756,2.475211,3.23544,2.351569,2.984136,9.240052,5.885002,3.457103,1.56169,8.481162,4.031032,1.315505,2.570728,8.710714,7.61328,1.042967,6.397596,6.596926,4.806091,0.0,0.0,0.210536,0.0,0,0.003456,0.0,0,0,0,0.007345,0.25649,0.187986,0.142296,0.738933,0,0.0,0.05181,0,0.005183,0.018021,0.0,1.35416,0.010814,0.0,0.00916,0.017406,0.132579,0.115246,0.190509,0.093306,0.299756,0.405474,0.120948,0.270309,0.086133,0,0.275765,0.213,0.267483,0.497816,0.242813,0,0,0,0,0,0,0,0,0,0,0,0,0,0
77,2578,2582,2896,1028,570,3039,1502,862,2803,1599,1575,3211,3494,27739,357,958,443,70,300,805,577,71,117,244,162,931,1379,6414,502,115,105,498,0,524,115,109,64,375,182,465,932,3986,827,1149,486,125,33,1081,657,131,629,640,207,1165,1465,8595,625,44,76,47,92,165,39,2,33,487,40,298,48,1996,1360,794,1382,824,527,2379,1750,346,1222,1336,956,2440,2670,17986,172,224,363,144,46,196,173,35,842,142,57,1559,939,4892,41,2,13,0,0,16,10,3,1,1,0,25,22,134,609,1603,1243,336,201,1741,610,353,480,823,636,1770,1321,11726,1344,1638,1452,424,516,2333,359,396,1386,1384,267,3429,3833,18761,0,0,88,0,0,0,0,0,0,0,3,136,99,326,115,0,0,6,0,5,4,0,214,2,2,3,8,359,18,50,35,56,23,75,81,19,0,47,60,140,286,890,0,0,0,0,0,0,0,0,0,0,0,0,0,0,17.476781,8.94354,6.928561,3.804308,9.630005,5.250881,5.413393,5.711257,17.654469,8.646047,5.784062,5.882784,6.081704,7.063482,2.420175,3.318324,1.059859,0.259048,5.068424,1.390905,2.079579,0.470417,0.736915,1.319347,0.594932,1.705659,2.400306,1.633266,3.403159,0.398337,0.251208,1.842943,0.0,0.905384,0.414474,0.722189,0.403099,2.027685,0.66838,0.851914,1.622252,1.030531,5.6064,3.97991,1.162735,0.462586,0.557527,1.867786,2.367909,0.867952,3.961706,3.460582,0.760191,2.134364,2.549999,2.188638,4.237001,0.152407,0.181827,0.173932,1.554317,0.285092,0.140561,0.013251,0.207848,2.633286,0.146897,0.545958,0.083549,0.508263,9.219714,2.75026,3.306378,3.049367,8.903531,4.110512,6.307215,2.292453,7.696668,7.223965,3.510834,4.470256,4.647439,4.57997,1.166023,0.775892,0.868463,0.532899,0.777158,0.338655,0.623513,0.231896,5.303269,0.767817,0.209328,2.856201,1.634436,1.245703,0.277947,0.006928,0.031102,0.0,0,0.027645,0.036041,0.019877,0.006298,0.005407,0.0,0.045802,0.038294,0.040296,4.128534,5.552477,2.973826,1.243431,3.395844,3.008155,2.198515,2.338833,3.023241,4.450092,2.335659,3.242768,2.299351,2.985918,9.111247,5.67371,3.47385,1.569092,8.717689,4.031032,1.29388,2.623733,8.729609,7.483508,0.980536,6.282176,6.671772,4.777317,0.0,0.0,0.210536,0.0,0,0.0,0.0,0,0,0,0.011017,0.249162,0.172321,0.180049,0.779608,0,0.0,0.022204,0,0.008639,0.014416,0.0,1.347862,0.010814,0.007345,0.005496,0.013925,0.119257,0.122026,0.17319,0.083736,0.207239,0.388579,0.129587,0.291934,0.125886,0,0.254136,0.220345,0.25649,0.497816,0.236179,0,0,0,0,0,0,0,0,0,0,0,0,0,0
78,2561,2573,2766,1026,541,2980,1493,880,2806,1589,1523,3145,3397,27280,356,952,433,63,306,807,565,52,116,236,179,923,1314,6302,496,116,109,486,0,499,113,93,62,349,203,447,908,3881,827,1116,517,124,27,1075,643,132,611,630,214,1160,1406,8482,625,44,83,35,91,157,40,4,31,480,52,304,41,1987,1335,790,1350,857,511,2334,1700,314,1221,1348,941,2514,2651,17866,175,221,371,155,42,187,184,34,830,146,62,1590,970,4967,50,0,8,0,0,18,9,0,1,2,0,20,19,127,628,1627,1214,318,207,1722,634,345,488,838,641,1761,1337,11760,1347,1622,1422,411,494,2370,361,402,1361,1401,222,3453,3782,18648,0,0,82,0,0,1,0,0,0,0,2,132,102,319,102,0,0,11,0,5,4,0,219,2,0,8,11,362,17,59,34,63,25,72,82,21,0,52,59,143,275,902,0,0,0,0,0,0,0,0,0,0,0,0,0,0,17.361535,8.912366,6.617542,3.796906,9.140057,5.148939,5.380956,5.830517,17.673364,8.591976,5.593096,5.761867,5.912865,6.946602,2.413396,3.297541,1.035935,0.233143,5.169792,1.39436,2.03633,0.344531,0.730617,1.27609,0.657363,1.691003,2.287166,1.604747,3.362484,0.401801,0.260778,1.798535,0.0,0.862188,0.407266,0.61618,0.390502,1.887099,0.745501,0.818936,1.580477,1.003384,5.6064,3.865604,1.236901,0.458885,0.456158,1.857419,2.317451,0.874578,3.848334,3.40651,0.785898,2.125204,2.447303,2.159864,4.237001,0.152407,0.198574,0.129524,1.537422,0.27127,0.144165,0.026502,0.195251,2.595436,0.190966,0.55695,0.071365,0.505971,9.050234,2.736405,3.22982,3.17149,8.633215,4.03276,6.127009,2.080435,7.69037,7.28885,3.455747,4.60583,4.614367,4.549413,1.18636,0.765501,0.887602,0.573607,0.709579,0.323105,0.663159,0.22527,5.227688,0.789445,0.22769,2.912995,1.688395,1.264801,0.33896,0.0,0.01914,0.0,0,0.031101,0.032437,0.0,0.006298,0.010814,0.0,0.036641,0.033072,0.044009,4.257338,5.635608,2.904445,1.176819,3.497212,2.975327,2.285014,2.285828,3.073629,4.531199,2.354021,3.226279,2.327201,2.994576,9.131584,5.618289,3.402077,1.520983,8.346004,4.094962,1.301088,2.663486,8.572148,7.57543,0.815277,6.326146,6.583001,4.748542,0.0,0.0,0.196182,0.0,0,0.001728,0.0,0,0,0,0.007345,0.241834,0.177543,0.133507,0.691479,0,0.0,0.040708,0,0.008639,0.014416,0.0,1.379354,0.010814,0.0,0.014657,0.019147,0.132213,0.115246,0.204364,0.081344,0.233143,0.422369,0.124404,0.295538,0.139137,0,0.281172,0.216673,0.261986,0.478669,0.239363,0,0,0,0,0,0,0,0,0,0,0,0,0,0
79,2561,2550,2780,965,540,2994,1491,857,2788,1586,1517,3068,3358,27055,351,931,408,52,292,799,557,63,114,232,166,908,1370,6243,495,116,104,500,0,524,112,105,60,345,207,450,926,3944,793,1130,482,125,26,1065,637,115,616,634,187,1165,1386,8361,619,55,74,35,91,160,40,2,34,476,42,294,50,1972,1321,777,1359,800,516,2313,1707,340,1201,1344,913,2453,2679,17723,179,211,347,153,48,200,183,35,833,138,70,1571,973,4941,39,3,11,0,0,16,10,4,1,2,1,24,14,125,643,1598,1230,349,214,1758,616,341,478,825,606,1797,1325,11780,1332,1617,1401,428,488,2350,358,407,1336,1393,243,3406,3808,18567,0,0,70,1,0,1,0,0,0,0,2,124,105,303,106,0,0,7,0,2,5,0,220,2,0,5,9,356,17,58,36,64,25,89,73,17,0,47,68,133,272,899,0,0,0,0,0,0,0,0,0,0,0,0,0,0,17.361535,8.832698,6.651036,3.571164,9.123163,5.173129,5.373748,5.678129,17.559992,8.575754,5.571061,5.620798,5.844981,6.889308,2.3795,3.224801,0.976123,0.192436,4.933266,1.380538,2.007497,0.417412,0.71802,1.254461,0.609622,1.663522,2.384641,1.589723,3.355705,0.401801,0.248816,1.850344,0.0,0.905384,0.403662,0.695687,0.377905,1.86547,0.760191,0.824433,1.611808,1.019672,5.375907,3.914098,1.153165,0.462586,0.439263,1.840141,2.295826,0.761943,3.879826,3.428139,0.686743,2.134364,2.412491,2.129052,4.196326,0.190509,0.177042,0.129524,1.537422,0.276453,0.144165,0.013251,0.214146,2.573808,0.154242,0.538629,0.087031,0.502152,8.955325,2.691375,3.251352,2.960551,8.717689,3.996475,6.152238,2.2527,7.564401,7.267222,3.35292,4.494073,4.663104,4.512999,1.213477,0.730862,0.830183,0.566205,0.810948,0.345566,0.659555,0.231896,5.246583,0.746188,0.257069,2.878186,1.693617,1.25818,0.264389,0.010391,0.026317,0.0,0,0.027645,0.036041,0.026502,0.006298,0.010814,0.003672,0.04397,0.024369,0.034745,4.359027,5.535158,2.942725,1.29154,3.615476,3.037529,2.22014,2.259326,3.010644,4.460906,2.225487,3.292234,2.306313,2.999669,9.029896,5.60097,3.351835,1.583895,8.244636,4.060405,1.290276,2.696614,8.414688,7.532173,0.892398,6.240038,6.628257,4.727916,0.0,0.0,0.167472,0.003701,0,0.001728,0.0,0,0,0,0.007345,0.227177,0.182764,0.113927,0.718595,0,0.0,0.025905,0,0.003456,0.018021,0.0,1.385652,0.010814,0.0,0.00916,0.015666,0.130022,0.115246,0.200901,0.086129,0.236844,0.422369,0.153777,0.263101,0.112635,0,0.254136,0.249725,0.243666,0.473447,0.238567,0,0,0,0,0,0,0,0,0,0,0,0,0,0
80,2553,2483,2748,967,539,2957,1449,883,2751,1545,1446,3053,3395,26769,354,936,428,62,295,809,551,68,105,232,151,872,1367,6230,483,118,103,475,0,520,111,100,60,348,192,453,902,3865,809,1114,448,117,25,1061,608,127,604,598,197,1113,1374,8195,611,58,68,29,87,145,39,5,31,472,40,280,49,1914,1310,757,1291,797,493,2276,1669,339,1196,1330,959,2455,2614,17486,181,223,325,154,42,208,184,35,834,143,71,1576,953,4929,39,3,9,0,0,17,7,2,1,2,0,25,13,118,637,1595,1208,340,204,1701,626,318,478,829,634,1802,1359,11731,1326,1591,1319,434,485,2327,361,412,1332,1385,232,3381,3764,18349,0,1,62,0,0,1,0,0,0,0,1,124,108,297,111,0,0,9,0,2,4,0,223,2,0,3,9,363,19,45,33,65,26,83,70,14,0,49,64,141,280,889,0,0,0,0,0,0,0,0,0,0,0,0,0,0,17.307301,8.600623,6.574477,3.578566,9.106268,5.109199,5.222374,5.850394,17.326951,8.354061,5.31032,5.593317,5.909384,6.81648,2.399837,3.24212,1.023972,0.229443,4.98395,1.397816,1.985872,0.45054,0.661334,1.254461,0.554535,1.597567,2.379419,1.586412,3.274354,0.408729,0.246423,1.757827,0.0,0.898473,0.400058,0.662559,0.377905,1.881691,0.705105,0.829929,1.570034,0.999248,5.484374,3.858677,1.071822,0.432981,0.422369,1.83323,2.191307,0.84145,3.804245,3.233481,0.723467,2.039096,2.391603,2.086782,4.142092,0.200901,0.162687,0.10732,1.469843,0.250536,0.140561,0.033128,0.195251,2.552179,0.146897,0.51298,0.08529,0.487383,8.880754,2.622099,3.088665,2.949449,8.32911,3.932545,6.015281,2.246074,7.532909,7.191522,3.521851,4.497737,4.549964,4.45265,1.227035,0.772428,0.777549,0.569906,0.709579,0.359389,0.663159,0.231896,5.252882,0.773224,0.260742,2.887346,1.658805,1.255125,0.264389,0.010391,0.021532,0.0,0,0.029373,0.025229,0.013251,0.006298,0.010814,0.0,0.045802,0.022628,0.035485,4.318351,5.524766,2.89009,1.258234,3.446528,2.939042,2.256181,2.106937,3.010644,4.482535,2.328314,3.301394,2.365494,2.987192,8.989221,5.510911,3.155653,1.606099,8.193952,4.020665,1.301088,2.729742,8.389494,7.488915,0.852001,6.194236,6.55167,4.672405,0.0,0.003464,0.148332,0.0,0,0.001728,0.0,0,0,0,0.003672,0.227177,0.187986,0.1109,0.752491,0,0.0,0.033306,0,0.003456,0.014416,0.0,1.404547,0.010814,0.0,0.005496,0.015666,0.132579,0.128805,0.155871,0.078951,0.240545,0.439263,0.14341,0.252289,0.092758,0,0.264951,0.235035,0.258322,0.487372,0.235914,0,0,0,0,0,0,0,0,0,0,0,0,0,0
81,2500,2461,2738,965,549,2894,1437,832,2712,1549,1427,2995,3320,26379,352,911,420,49,287,789,551,67,104,228,148,888,1357,6151,486,94,105,473,0,541,107,84,59,338,187,428,876,3778,809,1076,436,127,27,1000,619,134,588,600,189,1131,1345,8081,606,51,62,29,90,139,37,8,31,478,35,309,48,1923,1307,767,1312,803,496,2309,1659,330,1188,1326,891,2431,2575,17394,175,226,347,163,47,197,187,23,821,133,60,1560,963,4902,38,3,11,0,0,17,9,2,1,1,1,23,19,125,650,1534,1181,332,212,1731,609,348,481,816,599,1771,1365,11629,1303,1572,1384,441,496,2276,357,415,1304,1354,234,3327,3747,18210,0,0,77,0,0,0,0,0,0,0,0,132,109,318,105,0,0,12,0,6,3,0,221,2,1,6,6,362,17,59,31,64,25,76,75,9,0,51,61,125,281,874,0,0,0,0,0,0,0,0,0,0,0,0,0,0,16.948004,8.52442,6.550553,3.571164,9.275215,5.000346,5.179125,5.512489,17.081313,8.375689,5.240544,5.487056,5.778838,6.71717,2.386279,3.155525,1.004833,0.181334,4.848792,1.363259,1.985872,0.443914,0.655036,1.232832,0.543518,1.62688,2.362013,1.566296,3.294692,0.325598,0.251208,1.750426,0.0,0.934757,0.385641,0.556549,0.371607,1.82762,0.686743,0.784127,1.524778,0.976755,5.484374,3.727052,1.043112,0.469987,0.456158,1.727832,2.230952,0.887829,3.70347,3.244295,0.694087,2.072074,2.341125,2.057753,4.108196,0.176654,0.148332,0.10732,1.520527,0.240169,0.133353,0.053005,0.195251,2.584622,0.128535,0.56611,0.083549,0.489674,8.860416,2.656737,3.138906,2.971653,8.379794,3.989564,5.97924,2.186444,7.482522,7.169893,3.272126,4.453768,4.48208,4.429223,1.18636,0.78282,0.830183,0.603212,0.794053,0.340383,0.673971,0.152389,5.171002,0.719152,0.220345,2.858033,1.676211,1.248249,0.25761,0.010391,0.026317,0.0,0,0.029373,0.032437,0.013251,0.006298,0.005407,0.003672,0.042138,0.033072,0.034745,4.406481,5.313474,2.825494,1.228629,3.581686,2.990877,2.194911,2.305705,3.02954,4.412242,2.19978,3.2446,2.375938,2.961218,8.833299,5.445099,3.311163,1.632004,8.379794,3.932545,1.286672,2.749619,8.213139,7.321293,0.859346,6.095304,6.52208,4.637009,0.0,0.0,0.184219,0.0,0,0.0,0.0,0,0,0,0.0,0.241834,0.189727,0.206719,0.711816,0,0.0,0.044408,0,0.010367,0.010812,0.0,1.391951,0.010814,0.003672,0.010992,0.010444,0.120254,0.115246,0.204364,0.074166,0.236844,0.422369,0.131315,0.270309,0.05963,0,0.275765,0.224018,0.229009,0.489112,0.231933,0,0,0,0,0,0,0,0,0,0,0,0,0,0
82,2501,2409,2700,983,529,2849,1435,852,2666,1530,1455,2977,3250,26136,351,920,413,46,284,784,536,71,101,220,158,847,1329,6060,471,111,106,473,0,508,121,99,57,326,182,427,898,3779,794,1079,473,132,27,1014,587,127,579,602,190,1100,1370,8074,601,52,66,21,87,144,38,7,31,484,35,285,46,1897,1308,765,1319,777,484,2234,1662,327,1151,1310,911,2447,2577,17272,180,215,337,168,45,191,188,27,812,127,70,1555,971,4886,43,4,10,0,0,12,8,4,1,2,0,25,15,124,636,1580,1166,321,207,1699,614,334,471,810,634,1793,1350,11615,1308,1566,1413,476,476,2227,348,416,1297,1326,266,3362,3738,18219,0,0,74,0,0,0,0,0,0,0,0,119,111,304,104,0,0,11,0,5,5,0,223,2,1,7,10,368,17,51,27,51,24,59,78,23,0,46,57,135,284,852,0,0,0,0,0,0,0,0,0,0,0,0,0,0,16.954783,8.344302,6.459639,3.637777,8.93732,4.922593,5.171917,5.645001,16.791585,8.272953,5.343371,5.454079,5.656995,6.655293,2.3795,3.186699,0.988086,0.170232,4.798108,1.35462,1.93181,0.470417,0.63614,1.189575,0.580242,1.551765,2.313276,1.543123,3.193004,0.384482,0.253601,1.750426,0.0,0.877739,0.436099,0.655933,0.35901,1.762734,0.66838,0.782295,1.563071,0.977013,5.382686,3.737444,1.131633,0.488491,0.456158,1.752022,2.11562,0.84145,3.646785,3.25511,0.69776,2.015279,2.384641,2.05597,4.0743,0.180118,0.157902,0.077714,1.469843,0.248808,0.136957,0.046379,0.195251,2.617065,0.128535,0.522141,0.080068,0.483054,8.867195,2.649809,3.155653,2.875435,8.177057,3.859977,5.990053,2.166567,7.24948,7.083378,3.345575,4.483081,4.485562,4.398156,1.220256,0.744718,0.806259,0.621716,0.760264,0.330016,0.677575,0.178891,5.114316,0.686709,0.257069,2.848872,1.690136,1.244175,0.291506,0.013855,0.023925,0.0,0,0.020734,0.028833,0.026502,0.006298,0.010814,0.0,0.045802,0.026109,0.037289,4.311572,5.472809,2.789607,1.187921,3.497212,2.935586,2.212932,2.212946,2.966555,4.379799,2.328314,3.284906,2.349829,2.957653,8.867195,5.424316,3.380545,1.761528,8.041899,3.847882,1.254235,2.756245,8.16905,7.169893,0.976864,6.159427,6.506414,4.639301,0.0,0.0,0.177042,0.0,0,0.0,0.0,0,0,0,0.0,0.218017,0.193208,0.197618,0.705037,0,0.0,0.040708,0,0.008639,0.018021,0.0,1.404547,0.010814,0.003672,0.012825,0.017406,0.122247,0.115246,0.176654,0.064596,0.188735,0.405474,0.101942,0.281122,0.152389,0,0.248729,0.209328,0.24733,0.494334,0.226095,0,0,0,0,0,0,0,0,0,0,0,0,0,0
83,2428,2357,2690,984,522,2824,1445,848,2616,1510,1458,2877,3230,25789,331,901,397,58,285,774,534,66,97,214,176,875,1338,6046,463,110,98,504,0,512,116,84,54,329,187,409,865,3731,773,1078,437,136,28,1014,594,121,567,592,203,1078,1338,7959,595,48,62,23,93,151,36,8,30,468,31,283,44,1872,1278,754,1327,848,489,2262,1662,322,1141,1285,932,2427,2561,17288,179,207,328,151,44,194,174,31,809,135,58,1517,953,4780,35,4,10,1,0,15,7,1,1,1,1,22,14,112,648,1511,1178,319,214,1745,639,347,475,824,621,1771,1363,11655,1305,1529,1359,450,485,2264,347,414,1271,1350,250,3333,3691,18048,0,1,59,0,0,0,0,0,0,0,1,118,107,286,102,0,0,15,0,2,5,0,222,2,0,6,7,361,14,57,26,46,26,84,80,19,0,48,61,129,243,833,0,0,0,0,0,0,0,0,0,0,0,0,0,0,16.459901,8.164184,6.435715,3.641477,8.819057,4.879397,5.207958,5.618499,16.476664,8.16481,5.354389,5.270872,5.622182,6.566932,2.243916,3.120887,0.949806,0.21464,4.815003,1.337342,1.924602,0.437289,0.610947,1.157132,0.646346,1.603063,2.328941,1.539558,3.13877,0.381018,0.234461,1.865147,0.0,0.88465,0.418078,0.556549,0.340115,1.778955,0.686743,0.749318,1.505631,0.964604,5.240323,3.73398,1.045505,0.503294,0.473053,1.752022,2.140849,0.801696,3.571204,3.201038,0.745501,1.974974,2.328941,2.026686,4.033625,0.166263,0.148332,0.085116,1.571211,0.260903,0.129748,0.053005,0.188953,2.53055,0.113845,0.518476,0.076587,0.476688,8.663819,2.611708,3.174793,3.138184,8.261531,3.908356,5.990053,2.133439,7.186496,6.948199,3.422696,4.446439,4.457712,4.402231,1.213477,0.717007,0.784727,0.558804,0.743369,0.335199,0.627117,0.205393,5.095421,0.729966,0.213,2.779254,1.658805,1.217183,0.237272,0.013855,0.023925,0.003701,0,0.025917,0.025229,0.006626,0.006298,0.005407,0.003672,0.040306,0.024369,0.028956,4.392923,5.233807,2.818317,1.18052,3.615476,3.015067,2.303035,2.299079,2.991749,4.455499,2.280573,3.2446,2.372457,2.967839,8.846858,5.296155,3.251352,1.66531,8.193952,3.911811,1.250631,2.742993,8.005291,7.299665,0.918105,6.106297,6.424605,4.595758,0.0,0.003464,0.141155,0.0,0,0.0,0.0,0,0,0,0.003672,0.216185,0.186246,0.136235,0.691479,0,0.0,0.05551,0,0.003456,0.018021,0.0,1.398249,0.010814,0.0,0.010992,0.012184,0.131848,0.094909,0.197437,0.062204,0.170232,0.439263,0.145138,0.28833,0.125886,0,0.259544,0.224018,0.236337,0.422969,0.221053,0,0,0,0,0,0,0,0,0,0,0,0,0,0
84,2414,2324,2632,986,526,2802,1405,836,2560,1502,1461,2869,3195,25512,325,900,398,67,279,759,522,64,97,220,151,862,1290,5934,454,109,107,473,0,515,114,100,53,330,189,437,864,3745,749,1021,437,147,25,1000,588,127,557,611,191,1080,1333,7866,585,49,45,31,81,149,34,4,27,470,41,279,46,1841,1247,718,1311,784,479,2259,1608,324,1127,1274,894,2415,2489,16929,173,211,316,170,40,204,176,36,801,131,76,1499,959,4792,49,1,10,1,0,16,7,2,1,0,0,24,16,127,642,1552,1150,346,207,1725,607,333,480,785,636,1791,1331,11585,1280,1546,1319,474,481,2278,343,424,1267,1335,270,3331,3688,18036,0,0,61,0,0,3,0,0,0,0,1,129,101,295,108,0,1,7,0,2,5,0,219,2,0,5,8,357,16,51,28,75,24,75,74,28,0,46,70,119,276,882,0,0,0,0,0,0,0,0,0,0,0,0,0,0,16.364992,8.049879,6.296952,3.648879,8.886636,4.841385,5.063793,5.538992,16.123953,8.121553,5.365406,5.256215,5.561261,6.496397,2.20324,3.117423,0.952199,0.247946,4.713634,1.311424,1.881352,0.424038,0.610947,1.189575,0.554535,1.579246,2.245392,1.511039,3.077757,0.377555,0.255993,1.750426,0.0,0.889833,0.41087,0.662559,0.333816,1.784362,0.694087,0.800616,1.50389,0.968223,5.077622,3.536543,1.045505,0.544001,0.422369,1.727832,2.119224,0.84145,3.508219,3.303774,0.701432,1.978638,2.320238,2.003005,3.965833,0.169726,0.107661,0.114721,1.368474,0.257447,0.12254,0.026502,0.170057,2.541365,0.150569,0.511148,0.080068,0.468794,8.453664,2.487011,3.136514,2.90134,8.092583,3.903172,5.79543,2.146691,7.098318,6.888721,3.283144,4.424455,4.332388,4.310815,1.172802,0.730862,0.756017,0.629117,0.67579,0.352478,0.634326,0.238521,5.045034,0.708338,0.279104,2.746276,1.669249,1.220239,0.332181,0.003464,0.023925,0.003701,0,0.027645,0.025229,0.013251,0.006298,0.0,0.0,0.04397,0.02785,0.037236,4.352247,5.375823,2.751328,1.280438,3.497212,2.98051,2.187703,2.206321,3.023241,4.24462,2.335659,3.281241,2.316757,2.950014,8.677378,5.35504,3.155653,1.754126,8.126373,3.936001,1.236214,2.809249,7.980097,7.218557,0.991553,6.102633,6.419383,4.592702,0.0,0.0,0.14594,0.0,0,0.005183,0.0,0,0,0,0.003672,0.236337,0.175802,0.123463,0.732154,0,0.002392,0.025905,0,0.003456,0.018021,0.0,1.379354,0.010814,0.0,0.00916,0.013925,0.113119,0.108467,0.176654,0.066989,0.277552,0.405474,0.129587,0.266705,0.185516,0,0.248729,0.257069,0.218017,0.480409,0.234056,0,0,0,0,0,0,0,0,0,0,0,0,0,0
85,2388,2282,2593,929,513,2828,1372,823,2508,1461,1436,2778,3125,25036,309,906,401,46,275,761,506,54,93,220,151,834,1301,5857,476,104,90,467,0,507,110,89,51,332,181,440,829,3676,743,1056,434,111,27,973,575,120,547,587,212,1037,1320,7742,567,51,66,40,88,140,34,4,30,474,45,277,43,1859,1267,722,1263,797,485,2249,1602,308,1101,1266,883,2331,2488,16762,179,199,335,150,41,211,190,30,786,139,63,1480,949,4752,41,3,11,0,0,16,7,1,1,0,0,20,27,127,637,1506,1140,350,203,1700,611,347,467,795,620,1785,1310,11471,1262,1518,1323,464,460,2232,342,390,1231,1304,248,3236,3634,17644,0,0,60,0,0,1,0,0,0,0,0,128,108,297,102,0,0,6,0,3,4,0,218,1,0,8,8,350,15,55,28,53,25,82,79,17,0,48,60,116,266,844,0,0,0,0,0,0,0,0,0,0,0,0,0,0,16.188733,7.904399,6.203646,3.437939,8.667005,4.886309,4.944857,5.452859,15.796435,7.899859,5.273595,5.089497,5.439418,6.375188,2.094773,3.138206,0.959376,0.170232,4.646055,1.31488,1.823686,0.357782,0.585753,1.189575,0.554535,1.527948,2.264538,1.491431,3.2269,0.360236,0.215321,1.728221,0.0,0.876011,0.396454,0.589677,0.321219,1.795177,0.664708,0.806112,1.442969,0.950384,5.036947,3.657776,1.038327,0.410776,0.456158,1.68118,2.072371,0.795071,3.445235,3.174002,0.778553,1.899859,2.29761,1.971429,3.843807,0.176654,0.157902,0.148028,1.486738,0.241896,0.12254,0.026502,0.188953,2.562993,0.165259,0.507484,0.074846,0.473377,8.589248,2.500866,3.021676,2.949449,8.193952,3.885894,5.773805,2.040681,6.934559,6.845463,3.242747,4.27056,4.330647,4.26829,1.213477,0.689297,0.801474,0.555103,0.692685,0.364573,0.684783,0.198768,4.950557,0.751595,0.231362,2.711467,1.651842,1.210053,0.277947,0.010391,0.026317,0.0,0,0.027645,0.025229,0.006626,0.006298,0.0,0.0,0.036641,0.046997,0.04044,4.318351,5.216488,2.727403,1.295241,3.429633,2.937314,2.202119,2.299079,2.941362,4.298691,2.2769,3.270249,2.280204,2.920985,8.555352,5.258053,3.165223,1.717119,7.771583,3.856521,1.23261,2.583979,7.753354,7.050935,0.91076,5.928586,6.32539,4.492883,0.0,0.0,0.143548,0.0,0,0.001728,0.0,0,0,0,0.0,0.234505,0.187986,0.140288,0.691479,0,0.0,0.022204,0,0.005183,0.014416,0.0,1.373055,0.005407,0.0,0.014657,0.013925,0.127831,0.101688,0.190509,0.066989,0.196136,0.422369,0.141682,0.284726,0.112635,0,0.259544,0.220345,0.21252,0.463003,0.223972,0,0,0,0,0,0,0,0,0,0,0,0,0,0
86,2390,2238,2542,970,501,2702,1386,850,2482,1453,1440,2771,3153,24878,310,894,405,58,272,760,492,47,95,216,169,826,1264,5808,455,117,95,463,0,513,108,89,51,334,190,414,847,3676,747,1035,453,122,26,964,574,108,541,581,187,1043,1320,7701,559,42,68,40,87,141,34,6,30,465,44,263,47,1826,1255,718,1273,792,468,2199,1598,309,1078,1239,906,2319,2488,16642,176,186,346,181,42,199,182,27,775,139,62,1509,972,4796,34,2,15,0,0,19,7,2,1,0,1,22,21,124,628,1483,1137,338,203,1673,635,354,469,757,583,1757,1321,11338,1273,1478,1316,430,463,2160,323,388,1227,1276,241,3262,3653,17490,0,0,69,0,0,0,0,0,0,0,2,130,109,310,112,0,1,13,0,4,5,0,212,2,0,7,8,364,16,52,29,61,23,81,85,12,0,44,70,119,275,867,0,0,0,0,0,0,0,0,0,0,0,0,0,0,16.202291,7.751992,6.081631,3.589668,8.464268,4.668602,4.995315,5.63175,15.632676,7.856602,5.288285,5.076672,5.488155,6.334955,2.101552,3.09664,0.968946,0.21464,4.595371,1.313152,1.773229,0.311403,0.59835,1.167946,0.620639,1.513292,2.200136,1.478954,3.084537,0.405265,0.227284,1.713419,0.0,0.886378,0.389245,0.589677,0.321219,1.805991,0.69776,0.758478,1.4743,0.950384,5.064063,3.585036,1.083784,0.451484,0.439263,1.66563,2.068767,0.715564,3.407445,3.141559,0.686743,1.910851,2.29761,1.960989,3.789574,0.14548,0.162687,0.148028,1.469843,0.243624,0.12254,0.039754,0.188953,2.514329,0.161586,0.481835,0.081809,0.464974,8.507898,2.487011,3.0456,2.930945,7.906741,3.799502,5.759389,2.047307,6.789696,6.69947,3.327213,4.248576,4.330647,4.237733,1.193139,0.644267,0.827791,0.669825,0.709579,0.343839,0.65595,0.178891,4.881275,0.751595,0.22769,2.764597,1.691877,1.221257,0.230493,0.006928,0.035887,0.0,0,0.032829,0.025229,0.013251,0.006298,0.0,0.003672,0.040306,0.036553,0.036334,4.257338,5.13682,2.720226,1.250833,3.429633,2.890663,2.288618,2.345458,2.953959,4.093219,2.141021,3.218951,2.299351,2.887118,8.629923,5.119501,3.148476,1.591296,7.822267,3.732117,1.164132,2.570728,7.72816,6.899535,0.885053,5.97622,6.358462,4.453668,0.0,0.0,0.16508,0.0,0,0.0,0.0,0,0,0,0.007345,0.238169,0.189727,0.171212,0.759271,0,0.002392,0.048109,0,0.006911,0.018021,0.0,1.335265,0.010814,0.0,0.012825,0.013925,0.115337,0.108467,0.180118,0.069381,0.225742,0.388579,0.139954,0.30635,0.079507,0,0.237915,0.257069,0.218017,0.478669,0.230075,0,0,0,0,0,0,0,0,0,0,0,0,0,0
87,2305,2253,2476,941,486,2670,1360,777,2448,1412,1467,2713,3041,24349,307,854,378,76,262,730,499,53,96,215,140,813,1275,5698,457,113,86,441,0,522,105,90,53,312,189,414,796,3578,728,1027,425,149,27,966,560,125,530,564,204,994,1295,7594,550,50,64,32,88,154,37,4,31,457,32,228,37,1764,1237,707,1206,786,471,2177,1581,306,1065,1228,849,2298,2445,16356,172,201,315,164,42,180,187,29,772,135,68,1460,958,4683,40,3,10,0,0,15,4,1,1,0,1,25,18,118,624,1478,1197,333,205,1664,642,326,457,765,617,1684,1334,11326,1250,1482,1338,465,459,2180,311,376,1205,1241,267,3212,3593,17379,0,0,68,0,0,0,0,0,0,0,1,120,110,299,110,0,0,14,0,5,5,0,213,1,2,4,7,361,16,51,26,61,26,87,74,17,0,46,53,121,258,836,0,0,0,0,0,0,0,0,0,0,0,0,0,0,15.626059,7.803949,5.923728,3.482348,8.210846,4.613311,4.901607,5.148082,15.41853,7.634909,5.38744,4.970412,5.293206,6.20025,2.081215,2.958088,0.904349,0.281252,4.426423,1.261317,1.798457,0.351156,0.604648,1.162539,0.514139,1.489475,2.219283,1.450943,3.098095,0.39141,0.205751,1.632004,0.0,0.901928,0.378433,0.596303,0.333816,1.687034,0.694087,0.758478,1.385529,0.925047,4.935259,3.557326,1.016795,0.551403,0.456158,1.669086,2.018309,0.828199,3.338162,3.049638,0.749174,1.82108,2.254095,1.933742,3.728561,0.17319,0.153117,0.118422,1.486738,0.266086,0.133353,0.026502,0.195251,2.471072,0.117517,0.417712,0.064403,0.449186,8.385872,2.448909,2.885306,2.908741,7.957425,3.76149,5.698119,2.02743,6.707816,6.639991,3.117885,4.210102,4.255801,4.164905,1.166023,0.696224,0.753625,0.606913,0.709579,0.31101,0.673971,0.192142,4.86238,0.729966,0.249725,2.674825,1.667508,1.192483,0.271168,0.010391,0.023925,0.0,0,0.025917,0.014416,0.006626,0.006298,0.0,0.003672,0.045802,0.031331,0.034576,4.230222,5.119501,2.863773,1.232329,3.463423,2.875112,2.313847,2.159942,2.878378,4.136477,2.265883,3.08521,2.321979,2.884062,8.474002,5.133356,3.20111,1.72082,7.754688,3.766674,1.120882,2.491221,7.589595,6.710284,0.980536,5.884616,6.254025,4.425403,0.0,0.0,0.162687,0.0,0,0.0,0.0,0,0,0,0.003672,0.219849,0.191468,0.165137,0.745712,0,0.0,0.05181,0,0.008639,0.018021,0.0,1.341563,0.005407,0.007345,0.007328,0.012184,0.119922,0.108467,0.176654,0.062204,0.225742,0.439263,0.150321,0.266705,0.112635,0,0.248729,0.194638,0.221681,0.449078,0.221849,0,0,0,0,0,0,0,0,0,0,0,0,0,0
88,2261,2191,2456,946,481,2651,1328,790,2401,1398,1366,2710,3065,24044,292,876,394,58,264,719,488,64,97,220,169,827,1247,5715,452,98,94,447,0,504,108,90,53,313,193,399,802,3553,731,998,407,141,26,957,551,119,528,571,194,975,1246,7444,536,47,77,29,93,145,35,3,34,456,42,249,35,1781,1224,700,1233,770,449,2226,1547,314,1067,1224,895,2249,2397,16295,168,210,327,179,40,205,180,35,769,129,76,1444,967,4729,45,3,12,1,0,12,7,3,1,0,0,24,19,127,600,1453,1183,356,195,1676,623,314,479,751,608,1727,1351,11316,1255,1477,1340,407,445,2143,319,433,1196,1236,267,3201,3571,17290,0,1,69,0,0,1,0,0,0,0,3,120,106,300,116,0,0,12,0,3,4,0,212,1,0,6,10,364,16,53,35,65,21,76,78,21,0,47,71,116,270,869,0,0,0,0,0,0,0,0,0,0,0,0,0,0,15.327774,7.589193,5.875879,3.500851,8.126373,4.580482,4.786275,5.234215,15.122504,7.559208,5.016526,4.964916,5.334981,6.122584,1.979527,3.034292,0.942629,0.21464,4.460213,1.242311,1.758812,0.424038,0.610947,1.189575,0.620639,1.515124,2.170545,1.455272,3.064199,0.339453,0.224891,1.654208,0.0,0.870827,0.389245,0.596303,0.333816,1.692441,0.708777,0.730997,1.395972,0.918584,4.955596,3.456876,0.973731,0.521797,0.439263,1.653535,1.985872,0.788445,3.325565,3.087488,0.71245,1.78627,2.168805,1.895546,3.633652,0.162799,0.184219,0.10732,1.571211,0.250536,0.126144,0.019877,0.214146,2.465665,0.154242,0.456186,0.060921,0.453515,8.297743,2.424662,2.949902,2.84953,7.585741,3.846154,5.575578,2.080435,6.720413,6.618363,3.286816,4.120331,4.172251,4.149372,1.138906,0.727399,0.782334,0.662423,0.67579,0.354206,0.648742,0.231896,4.843484,0.697524,0.279104,2.645512,1.683173,1.204196,0.305064,0.010391,0.02871,0.003701,0,0.020734,0.025229,0.019877,0.006298,0.0,0.0,0.04397,0.033072,0.037236,4.067521,5.032906,2.830279,1.317445,3.294475,2.895846,2.245369,2.080435,3.016943,4.060776,2.232831,3.163989,2.351569,2.881516,8.507898,5.116037,3.205895,1.50618,7.518162,3.702744,1.149715,2.86888,7.532909,6.683249,0.980536,5.864463,6.215732,4.40274,0.0,0.003464,0.16508,0.0,0,0.001728,0.0,0,0,0,0.011017,0.219849,0.184505,0.112021,0.786387,0,0.0,0.044408,0,0.005183,0.014416,0.0,1.335265,0.005407,0.0,0.010992,0.017406,0.132944,0.108467,0.183582,0.083736,0.240545,0.35479,0.131315,0.281122,0.139137,0,0.254136,0.260742,0.21252,0.469966,0.230606,0,0,0,0,0,0,0,0,0,0,0,0,0,0
89,2230,2155,2400,896,468,2699,1306,822,2341,1400,1363,2651,2983,23714,282,872,402,59,252,712,483,47,97,225,155,787,1179,5552,452,99,91,422,0,483,110,87,55,329,203,383,783,3497,719,986,441,134,25,940,523,101,520,574,192,949,1194,7298,525,42,73,32,85,146,40,3,33,447,44,241,36,1747,1210,683,1220,765,455,2165,1530,313,1057,1195,892,2228,2389,16102,183,215,313,161,41,197,178,28,762,128,78,1431,949,4664,42,4,14,2,0,16,5,2,1,1,1,25,18,131,606,1420,1138,317,202,1665,616,305,470,766,629,1661,1339,11134,1247,1452,1314,442,434,2141,319,398,1172,1238,266,3142,3503,17068,0,1,63,0,0,1,0,0,0,0,3,117,101,286,110,0,0,11,0,4,5,0,214,1,1,9,7,362,18,54,28,54,25,76,74,11,0,43,54,114,250,801,0,0,0,0,0,0,0,0,0,0,0,0,0,0,15.117619,7.464496,5.741902,3.315817,7.906741,4.663418,4.706985,5.446233,14.744599,7.570023,5.005509,4.856824,5.192251,6.038553,1.911735,3.020436,0.961769,0.218341,4.257476,1.230216,1.740791,0.311403,0.610947,1.216611,0.569225,1.441841,2.052184,1.413766,3.064199,0.342917,0.217714,1.56169,0.0,0.834543,0.396454,0.576426,0.346413,1.778955,0.745501,0.701684,1.362901,0.904106,4.874246,3.41531,1.055074,0.495892,0.422369,1.624162,1.884956,0.669184,3.275178,3.103709,0.705105,1.738637,2.078293,1.858369,3.559081,0.14548,0.17465,0.118422,1.436053,0.252263,0.144165,0.019877,0.207848,2.417,0.161586,0.441529,0.062662,0.444858,8.202834,2.365778,2.9188,2.831027,7.687109,3.740756,5.514308,2.073809,6.657429,6.461555,3.275799,4.081857,4.158326,4.100227,1.240594,0.744718,0.74884,0.595811,0.692685,0.340383,0.641534,0.185516,4.799395,0.692116,0.286449,2.621695,1.651842,1.187645,0.284726,0.013855,0.033494,0.007401,0,0.027645,0.018021,0.013251,0.006298,0.005407,0.003672,0.045802,0.031331,0.033868,4.108196,4.918601,2.722618,1.173118,3.412739,2.87684,2.22014,2.020804,2.960257,4.141884,2.309952,3.043072,2.330682,2.835171,8.453664,5.029442,3.143691,1.635704,7.33232,3.699288,1.149715,2.636984,7.381747,6.694063,0.976864,5.756371,6.09737,4.34621,0.0,0.003464,0.150725,0.0,0,0.001728,0.0,0,0,0,0.011017,0.214352,0.175802,0.106793,0.745712,0,0.0,0.040708,0,0.006911,0.018021,0.0,1.347862,0.005407,0.003672,0.016489,0.012184,0.120254,0.122026,0.187045,0.066989,0.199837,0.422369,0.131315,0.266705,0.072881,0,0.232508,0.198311,0.208856,0.435153,0.212561,0,0,0,0,0,0,0,0,0,0,0,0,0,0
90,2167,2091,2486,909,478,2614,1288,778,2319,1390,1416,2625,3001,23562,279,810,357,65,264,703,469,48,91,222,156,802,1185,5451,434,92,87,426,0,486,96,74,53,327,196,397,793,3461,719,947,410,101,30,909,516,127,512,542,198,944,1258,7213,500,45,71,35,88,143,41,1,30,439,41,246,45,1725,1203,664,1203,773,454,2139,1515,305,1034,1214,817,2177,2355,15853,172,198,356,134,38,198,176,33,759,122,85,1438,942,4651,35,7,15,1,0,15,8,2,1,1,1,27,22,135,598,1430,1139,313,192,1646,598,318,472,758,625,1707,1313,11109,1229,1428,1344,428,437,2079,298,389,1155,1236,247,3141,3513,16924,0,1,70,0,0,0,0,0,0,0,4,116,103,294,107,0,0,10,0,3,5,0,211,1,0,8,10,355,16,48,21,43,24,76,68,24,0,44,56,122,277,819,0,0,0,0,0,0,0,0,0,0,0,0,0,0,14.690529,7.242813,5.947653,3.363926,8.075688,4.516553,4.642111,5.154707,14.606034,7.515951,5.200147,4.80919,5.223582,5.999847,1.891397,2.805681,0.854108,0.240545,4.460213,1.214666,1.690334,0.318028,0.573156,1.200389,0.572898,1.469322,2.062627,1.388047,2.942173,0.31867,0.208144,1.576493,0.0,0.839726,0.345996,0.490294,0.333816,1.768141,0.719794,0.727333,1.380307,0.894798,4.874246,3.280222,0.980908,0.37377,0.506842,1.570599,1.859728,0.84145,3.224791,2.93068,0.727139,1.729476,2.189692,1.836724,3.389601,0.155871,0.169865,0.129524,1.486738,0.24708,0.147769,0.006626,0.188953,2.373743,0.150569,0.45069,0.078328,0.439255,8.155379,2.299965,2.878128,2.860632,7.670215,3.695832,5.460247,2.020804,6.512565,6.564291,3.000367,3.988421,4.099145,4.036821,1.166023,0.685833,0.851715,0.495892,0.642,0.342111,0.634326,0.218644,4.7805,0.659673,0.312156,2.63452,1.639658,1.184334,0.237272,0.024247,0.035887,0.003701,0,0.025917,0.028833,0.013251,0.006298,0.005407,0.003672,0.049466,0.038294,0.034903,4.053962,4.953239,2.725011,1.158315,3.243791,2.844011,2.155266,2.106937,2.972854,4.098627,2.295263,3.127347,2.285426,2.828805,8.331639,4.946311,3.215465,1.583895,7.383004,3.592163,1.074029,2.577354,7.274674,6.683249,0.907088,5.754539,6.114776,4.309541,0.0,0.003464,0.167472,0.0,0,0.0,0.0,0,0,0,0.01469,0.21252,0.179283,0.140045,0.725375,0,0.0,0.037007,0,0.005183,0.018021,0.0,1.328966,0.005407,0.0,0.014657,0.017406,0.129657,0.108467,0.166263,0.050242,0.15913,0.405474,0.131315,0.24508,0.159014,0,0.237915,0.205656,0.223513,0.48215,0.217338,0,0,0,0,0,0,0,0,0,0,0,0,0,0
91,2150,2171,2437,885,471,2606,1266,745,2312,1390,1370,2585,2974,23362,284,842,370,53,250,684,466,46,92,212,141,754,1158,5352,434,99,85,452,0,469,107,93,51,329,197,386,766,3468,704,970,397,109,28,946,503,111,502,541,163,928,1247,7149,482,49,62,29,85,144,36,1,29,437,38,246,37,1675,1186,678,1183,773,442,2113,1498,289,1021,1171,876,2184,2337,15751,168,201,290,142,44,199,189,34,763,122,80,1398,910,4540,33,5,13,1,0,13,6,1,1,0,0,31,12,116,583,1386,1121,349,205,1621,619,322,480,742,626,1705,1334,11093,1226,1423,1272,418,434,2109,299,361,1142,1220,248,3105,3425,16682,0,1,65,0,0,0,0,0,0,0,1,121,107,295,113,0,0,12,0,3,5,0,209,0,1,11,7,361,18,53,31,46,26,77,76,19,0,41,50,117,267,821,0,0,0,0,0,0,0,0,0,0,0,0,0,0,14.575283,7.519917,5.830423,3.275109,7.957425,4.50273,4.56282,4.936063,14.561945,7.515951,5.031216,4.735907,5.176585,5.948919,1.925293,2.916522,0.88521,0.196136,4.223686,1.181837,1.679521,0.304777,0.579455,1.146318,0.517811,1.381382,2.015631,1.362838,2.942173,0.342917,0.203359,1.672711,0.0,0.810353,0.385641,0.61618,0.321219,1.778955,0.723467,0.70718,1.33331,0.896608,4.772558,3.359889,0.949806,0.403375,0.473053,1.634529,1.812874,0.73544,3.161806,2.925273,0.598604,1.700163,2.170545,1.820427,3.267575,0.169726,0.148332,0.10732,1.436053,0.248808,0.129748,0.006626,0.182654,2.362929,0.139552,0.45069,0.064403,0.426523,8.040133,2.348459,2.830279,2.860632,7.467478,3.650909,5.398976,1.914795,6.430686,6.331783,3.21704,4.001246,4.067814,4.010848,1.138906,0.696224,0.693813,0.525498,0.743369,0.343839,0.681179,0.22527,4.805694,0.659673,0.293794,2.561237,1.583959,1.156069,0.223714,0.017319,0.031102,0.003701,0,0.022462,0.021625,0.006626,0.006298,0.0,0.0,0.056794,0.020887,0.034011,3.952274,4.800831,2.681947,1.29154,3.463423,2.800816,2.230952,2.133439,3.023241,4.012112,2.298935,3.123683,2.321979,2.824731,8.311301,4.928992,3.043208,1.546888,7.33232,3.643998,1.077633,2.391837,7.192795,6.596734,0.91076,5.688584,5.961602,4.247918,0.0,0.003464,0.15551,0.0,0,0.0,0.0,0,0,0,0.003672,0.221681,0.186246,0.140522,0.76605,0,0.0,0.044408,0,0.005183,0.018021,0.0,1.31637,0.0,0.003672,0.020153,0.012184,0.127771,0.122026,0.183582,0.074166,0.170232,0.439263,0.133043,0.273913,0.125886,0,0.221694,0.183621,0.214352,0.464744,0.217868,0,0,0,0,0,0,0,0,0,0,0,0,0,0
92,2104,2143,2399,865,458,2486,1254,747,2277,1376,1370,2557,2962,22998,269,812,354,60,252,690,460,46,91,220,137,758,1212,5361,427,104,91,452,0,453,106,86,50,319,202,392,786,3468,695,957,406,113,26,896,502,104,504,534,177,947,1251,7112,448,45,60,32,86,138,39,3,27,436,37,233,36,1620,1157,647,1117,785,448,2099,1474,297,1015,1162,793,2149,2341,15484,170,210,327,143,45,198,164,30,755,121,54,1432,940,4589,46,6,13,1,0,10,5,2,1,0,0,27,22,133,585,1408,1106,358,199,1650,607,335,484,735,614,1699,1313,11093,1189,1424,1282,403,450,2090,308,386,1132,1193,258,3068,3456,16639,0,2,74,0,0,0,0,0,0,0,0,122,102,300,107,0,0,9,0,1,3,0,210,0,1,7,9,347,17,50,26,56,25,77,70,21,0,40,64,120,287,853,0,0,0,0,0,0,0,0,0,0,0,0,0,0,14.26344,7.42293,5.739509,3.201095,7.737794,4.29539,4.51957,4.949314,14.3415,7.440251,5.031216,4.684609,5.155698,5.85623,1.823605,2.812608,0.84693,0.222041,4.257476,1.192204,1.657897,0.304777,0.573156,1.189575,0.503122,1.388711,2.109624,1.365129,2.894719,0.360236,0.217714,1.672711,0.0,0.782708,0.382037,0.569801,0.314921,1.724884,0.741829,0.718172,1.368122,0.896608,4.711545,3.31486,0.971338,0.418178,0.439263,1.548137,1.80927,0.689061,3.174403,2.887423,0.650018,1.734972,2.177508,1.811006,3.037082,0.155871,0.143548,0.118422,1.452948,0.238441,0.140561,0.019877,0.170057,2.357521,0.13588,0.426873,0.062662,0.412518,7.843536,2.241081,2.672377,2.90504,7.568846,3.626719,5.312477,1.9678,6.392895,6.283119,2.912229,3.937123,4.074777,3.942859,1.152464,0.727399,0.782334,0.529198,0.760264,0.342111,0.591076,0.198768,4.755306,0.654266,0.198311,2.623527,1.636177,1.168547,0.311843,0.020783,0.031102,0.003701,0,0.017278,0.018021,0.013251,0.006298,0.0,0.0,0.049466,0.038294,0.038995,3.965833,4.877035,2.64606,1.324846,3.362054,2.850923,2.187703,2.219572,3.048435,3.974262,2.254866,3.112691,2.285426,2.824731,8.06047,4.932456,3.067132,1.491377,7.602636,3.611169,1.11007,2.557477,7.12981,6.450741,0.947484,5.620798,6.015561,4.236969,0.0,0.006928,0.177042,0.0,0,0.0,0.0,0,0,0,0.0,0.223513,0.177543,0.164202,0.725375,0,0.0,0.033306,0,0.001728,0.010812,0.0,1.322668,0.0,0.003672,0.012825,0.015666,0.122816,0.115246,0.17319,0.062204,0.207239,0.422369,0.133043,0.252289,0.139137,0,0.216286,0.235035,0.219849,0.499556,0.22636,0,0,0,0,0,0,0,0,0,0,0,0,0,0
93,2079,2134,2371,838,468,2475,1245,798,2252,1365,1388,2578,2911,22902,271,807,345,52,242,683,449,41,80,207,147,751,1164,5239,414,88,94,418,0,447,101,69,48,309,199,385,762,3334,690,952,404,119,26,925,486,111,496,541,176,941,1168,7035,433,43,70,34,82,138,38,5,27,435,32,237,35,1609,1141,638,1134,762,455,2071,1477,302,1016,1167,831,2136,2289,15419,175,194,317,148,43,188,179,31,743,130,68,1386,896,4498,49,5,10,0,0,13,4,2,1,1,1,27,17,130,590,1396,1098,324,198,1654,612,337,472,747,583,1684,1314,11009,1194,1404,1290,361,447,2053,296,378,1119,1237,259,3067,3378,16483,0,2,60,0,0,2,0,0,0,0,2,118,99,283,101,0,0,11,0,3,4,0,210,1,0,6,7,343,14,47,30,46,25,65,71,19,0,45,65,129,247,803,0,0,0,0,0,0,0,0,0,0,0,0,0,0,14.09396,7.391756,5.67252,3.101177,7.906741,4.276384,4.487133,5.287219,14.18404,7.380772,5.097319,4.723082,5.066927,5.831784,1.837164,2.795289,0.825398,0.192436,4.088528,1.180109,1.618251,0.271649,0.503874,1.119282,0.539846,1.375886,2.026074,1.334063,2.806589,0.304815,0.224891,1.546888,0.0,0.772341,0.364016,0.457166,0.302324,1.670812,0.730812,0.705348,1.326348,0.861964,4.677649,3.297541,0.966553,0.440382,0.439263,1.598245,1.751604,0.73544,3.124016,2.925273,0.646346,1.72398,2.033037,1.791398,2.935394,0.148944,0.167472,0.125823,1.385369,0.238441,0.136957,0.033128,0.170057,2.352114,0.117517,0.434201,0.060921,0.409717,7.735069,2.209906,2.713048,2.819925,7.687109,3.57834,5.32329,2.000928,6.399194,6.310155,3.051781,3.913306,3.984265,3.926307,1.18636,0.671978,0.758409,0.547702,0.726474,0.324832,0.645138,0.205393,4.679725,0.702931,0.249725,2.539252,1.55959,1.145374,0.332181,0.017319,0.023925,0.0,0,0.022462,0.014416,0.013251,0.006298,0.005407,0.003672,0.049466,0.02959,0.036134,3.999729,4.835469,2.62692,1.199023,3.34516,2.857834,2.205723,2.232823,2.972854,4.039148,2.141021,3.08521,2.287166,2.803341,8.094366,4.86318,3.086272,1.335948,7.551951,3.547239,1.06682,2.504472,7.047931,6.688656,0.951157,5.618966,5.879793,4.197245,0.0,0.006928,0.143548,0.0,0,0.003456,0.0,0,0,0,0.007345,0.216185,0.172321,0.105673,0.684699,0,0.0,0.040708,0,0.005183,0.014416,0.0,1.322668,0.005407,0.0,0.010992,0.012184,0.125274,0.094909,0.162799,0.071774,0.170232,0.422369,0.112309,0.255893,0.125886,0,0.243322,0.238707,0.236337,0.429932,0.213092,0,0,0,0,0,0,0,0,0,0,0,0,0,0
94,2041,2130,2346,891,466,2474,1232,780,2218,1352,1409,2475,2929,22743,273,798,360,67,243,682,440,42,85,209,155,737,1168,5259,413,101,84,419,0,441,100,101,52,310,195,369,738,3323,689,919,385,110,26,882,481,122,491,532,193,898,1141,6869,436,45,72,38,82,132,33,3,27,431,33,247,34,1613,1134,642,1132,746,447,2048,1468,295,1012,1187,821,2120,2305,15357,165,209,326,152,41,205,165,30,752,122,64,1362,921,4514,43,8,18,1,0,19,5,5,1,1,0,24,24,149,584,1381,1105,337,196,1618,591,320,460,759,575,1681,1316,10923,1183,1353,1286,372,429,2035,285,358,1115,1213,260,3023,3386,16298,0,1,68,0,0,1,0,0,0,0,2,129,102,303,100,0,0,4,0,1,6,0,211,1,0,9,8,340,12,49,30,65,26,62,71,16,0,44,60,130,258,823,0,0,0,0,0,0,0,0,0,0,0,0,0,0,13.83635,7.377901,5.612709,3.297313,7.872952,4.274656,4.44028,5.167959,13.969894,7.310479,5.17444,4.534379,5.098258,5.791296,1.850722,2.764115,0.861285,0.247946,4.105423,1.178381,1.585814,0.278275,0.535366,1.130096,0.569225,1.350237,2.033037,1.339156,2.79981,0.349844,0.200967,1.550588,0.0,0.761974,0.360412,0.669184,0.327518,1.676219,0.716122,0.676035,1.284573,0.85912,4.67087,3.183235,0.921097,0.407076,0.439263,1.523948,1.733583,0.808322,3.092524,2.876609,0.708777,1.645201,1.98604,1.749128,2.955732,0.155871,0.172257,0.140626,1.385369,0.228074,0.118936,0.019877,0.170057,2.330486,0.12119,0.452522,0.059181,0.410736,7.687614,2.223762,2.708264,2.760713,7.551951,3.5386,5.290853,1.954548,6.374,6.418298,3.015057,3.883993,4.012115,3.910519,1.118568,0.723935,0.779942,0.562505,0.692685,0.354206,0.59468,0.198768,4.736411,0.659673,0.235035,2.495282,1.603105,1.149449,0.291506,0.02771,0.043064,0.003701,0,0.032829,0.018021,0.033128,0.006298,0.005407,0.0,0.04397,0.041775,0.041439,3.959054,4.783512,2.643667,1.247132,3.31137,2.795632,2.130037,2.120188,2.897273,4.104034,2.111642,3.079713,2.290648,2.781442,8.019795,4.686526,3.076702,1.376656,7.247846,3.516138,1.027175,2.371961,7.022737,6.558884,0.954829,5.538354,5.893718,4.150136,0.0,0.003464,0.162687,0.0,0,0.001728,0.0,0,0,0,0.007345,0.236337,0.177543,0.113141,0.67792,0,0.0,0.014803,0,0.001728,0.021625,0.0,1.328966,0.005407,0.0,0.016489,0.013925,0.124178,0.08135,0.169726,0.071774,0.240545,0.439263,0.107126,0.255893,0.106009,0,0.237915,0.220345,0.238169,0.449078,0.218399,0,0,0,0,0,0,0,0,0,0,0,0,0,0
95,2048,2080,2335,806,438,2432,1237,773,2243,1333,1313,2526,2913,22477,270,804,333,61,242,648,431,52,83,212,152,757,1155,5200,400,102,78,407,0,430,92,82,52,306,188,364,716,3217,682,936,388,92,27,884,473,107,497,532,167,910,1200,6895,418,50,53,36,80,133,31,2,27,427,35,226,37,1555,1135,647,1142,701,440,2043,1421,306,1015,1164,848,2129,2245,15236,162,204,330,150,41,180,171,31,760,127,67,1364,894,4481,39,5,13,1,0,15,5,0,1,0,0,25,19,123,592,1418,1109,342,195,1567,598,278,463,757,615,1630,1316,10880,1178,1387,1283,381,421,2070,295,343,1104,1212,246,2982,3362,16264,0,1,68,0,0,0,0,0,0,0,1,112,106,288,104,0,0,9,0,1,7,0,215,1,1,6,8,352,14,48,32,46,27,63,63,9,0,44,58,116,260,780,0,0,0,0,0,0,0,0,0,0,0,0,0,0,13.883804,7.204711,5.586392,2.982755,7.399899,4.202087,4.4583,5.12158,14.127354,7.207743,4.821888,4.627815,5.070408,5.723562,1.830384,2.784898,0.796689,0.225742,4.088528,1.119635,1.553377,0.344531,0.522769,1.146318,0.558208,1.386879,2.010409,1.324132,2.711681,0.353308,0.186612,1.50618,0.0,0.742968,0.331579,0.543298,0.327518,1.654591,0.690415,0.666874,1.246279,0.831715,4.623415,3.24212,0.928274,0.340463,0.456158,1.527403,1.70475,0.708938,3.130314,2.876609,0.613294,1.667186,2.088736,1.755749,2.833706,0.17319,0.1268,0.133225,1.35158,0.229802,0.111728,0.013251,0.170057,2.308857,0.128535,0.414048,0.064403,0.395966,7.694394,2.241081,2.732188,2.594183,7.433688,3.529961,5.121459,2.02743,6.392895,6.293933,3.114212,3.900482,3.907678,3.879708,1.098231,0.706616,0.789511,0.555103,0.692685,0.31101,0.616305,0.205393,4.786799,0.686709,0.246052,2.498947,1.556109,1.141046,0.264389,0.017319,0.031102,0.003701,0,0.025917,0.018021,0.0,0.006298,0.0,0.0,0.045802,0.033072,0.037733,4.013287,4.911673,2.653237,1.265635,3.294475,2.707513,2.155266,1.841913,2.916168,4.093219,2.258538,2.986278,2.290648,2.770492,7.985899,4.804295,3.069525,1.409962,7.112688,3.576612,1.063216,2.272577,6.953455,6.553477,0.903415,5.463239,5.851943,4.141478,0.0,0.003464,0.162687,0.0,0,0.0,0.0,0,0,0,0.003672,0.205192,0.184505,0.137187,0.705037,0,0.0,0.033306,0,0.001728,0.025229,0.0,1.35416,0.005407,0.003672,0.010992,0.013925,0.116932,0.094909,0.166263,0.076559,0.170232,0.456158,0.108853,0.22706,0.05963,0,0.237915,0.213,0.21252,0.45256,0.206988,0,0,0,0,0,0,0,0,0,0,0,0,0,0
96,2030,2038,2268,849,450,2382,1181,785,2244,1347,1367,2496,2827,22264,269,790,333,51,233,644,414,44,84,214,150,728,1127,5081,411,105,83,428,0,450,84,89,50,308,171,351,769,3299,665,874,391,92,28,850,463,112,492,539,198,900,1147,6751,423,47,61,29,81,126,31,2,29,434,31,227,28,1549,1135,632,1052,718,434,2018,1391,301,1007,1156,851,2125,2266,15086,163,200,332,151,42,200,174,31,766,119,67,1399,894,4538,50,5,14,0,0,9,7,2,1,2,1,26,23,140,596,1397,1112,335,204,1608,560,314,458,772,586,1610,1315,10867,1179,1368,1251,364,422,2040,292,363,1091,1222,259,3061,3336,16248,0,2,68,0,0,0,0,0,0,0,0,121,100,291,102,0,0,10,0,3,4,0,217,1,0,10,9,356,13,47,25,49,27,70,69,13,0,46,57,120,246,782,0,0,0,0,0,0,0,0,0,0,0,0,0,0,13.761779,7.059231,5.426097,3.141884,7.602636,4.115696,4.256469,5.201087,14.133652,7.283443,5.020198,4.572852,4.920715,5.669323,1.823605,2.736405,0.796689,0.188735,3.936476,1.112724,1.492107,0.291526,0.529067,1.157132,0.550863,1.333749,1.961672,1.29383,2.786252,0.363699,0.198574,1.583895,0.0,0.777524,0.302746,0.589677,0.314921,1.665405,0.627984,0.643057,1.338532,0.852915,4.508169,3.027364,0.935451,0.340463,0.473053,1.468657,1.668709,0.742066,3.098822,2.914459,0.727139,1.648865,1.996484,1.71908,2.867602,0.162799,0.14594,0.10732,1.368474,0.217707,0.111728,0.013251,0.182654,2.346707,0.113845,0.41588,0.048737,0.394439,7.694394,2.189124,2.516867,2.657094,7.33232,3.486765,5.013335,1.994302,6.342508,6.250676,3.12523,3.893154,3.944231,3.841512,1.10501,0.692761,0.794296,0.558804,0.709579,0.345566,0.627117,0.205393,4.824589,0.643452,0.246052,2.563069,1.556109,1.15556,0.33896,0.017319,0.033494,0.0,0,0.01555,0.025229,0.013251,0.006298,0.010814,0.003672,0.047634,0.040034,0.038914,4.040404,4.838933,2.660414,1.239731,3.446528,2.778354,2.018309,2.080435,2.884676,4.174327,2.152038,2.949636,2.288907,2.767182,7.992678,4.738483,2.992966,1.347051,7.129583,3.524777,1.052404,2.405088,6.871575,6.607548,0.951157,5.607973,5.806687,4.137404,0.0,0.006928,0.162687,0.0,0,0.0,0.0,0,0,0,0.0,0.221681,0.174061,0.159276,0.691479,0,0.0,0.037007,0,0.005183,0.014416,0.0,1.366757,0.005407,0.0,0.018321,0.015666,0.130022,0.08813,0.162799,0.059811,0.181334,0.456158,0.120948,0.248684,0.086133,0,0.248729,0.209328,0.219849,0.428191,0.207519,0,0,0,0,0,0,0,0,0,0,0,0,0,0
97,1991,2059,2293,832,447,2396,1180,728,2236,1343,1247,2484,2830,22066,271,759,344,50,234,647,425,49,81,215,137,703,1084,4999,404,98,83,393,0,425,86,70,48,304,170,355,763,3199,678,896,378,109,25,858,474,113,479,535,192,903,1136,6776,427,45,66,33,81,130,31,5,29,435,40,229,29,1580,1121,654,1096,722,439,1973,1426,286,1012,1158,796,2106,2250,15039,169,179,315,153,41,179,175,30,781,119,67,1360,889,4457,42,5,10,0,0,11,4,2,1,1,1,26,16,119,588,1379,1103,334,200,1593,578,317,456,754,588,1577,1344,10811,1178,1339,1247,395,433,1985,285,349,1108,1242,258,2972,3297,16088,0,1,67,0,0,1,0,0,0,0,1,121,100,291,98,0,1,6,0,0,5,0,224,1,1,9,8,353,12,42,33,51,25,70,68,15,0,42,61,118,247,784,0,0,0,0,0,0,0,0,0,0,0,0,0,0,13.49739,7.131971,5.485908,3.078973,7.551951,4.139885,4.252865,4.823428,14.083265,7.261815,4.579508,4.550867,4.925937,5.618905,1.837164,2.629027,0.823006,0.185034,3.953371,1.117907,1.531752,0.324654,0.510172,1.162539,0.503122,1.287947,1.886825,1.27295,2.738797,0.339453,0.198574,1.454371,0.0,0.734329,0.309955,0.463791,0.302324,1.643776,0.624311,0.650386,1.328088,0.827062,4.596299,3.103568,0.904349,0.403375,0.422369,1.48248,1.708354,0.748691,3.016943,2.89283,0.705105,1.654361,1.977337,1.725446,2.894719,0.155871,0.157902,0.122123,1.368474,0.224618,0.111728,0.033128,0.182654,2.352114,0.146897,0.419545,0.050478,0.402333,7.599485,2.265327,2.622135,2.671897,7.416793,3.409012,5.13948,1.894918,6.374,6.26149,2.923246,3.858344,3.916381,3.829543,1.145685,0.620021,0.753625,0.566205,0.692685,0.309282,0.630722,0.198768,4.919065,0.643452,0.246052,2.491618,1.547406,1.134934,0.284726,0.017319,0.023925,0.0,0,0.019006,0.014416,0.013251,0.006298,0.005407,0.003672,0.047634,0.02785,0.033077,3.98617,4.776585,2.638882,1.23603,3.378949,2.752436,2.083183,2.100311,2.872079,4.076998,2.159383,2.889178,2.339385,2.752922,7.985899,4.638033,2.983396,1.461772,7.315425,3.429746,1.027175,2.31233,6.978648,6.715692,0.947484,5.444919,5.738804,4.096662,0.0,0.003464,0.160295,0.0,0,0.001728,0.0,0,0,0,0.003672,0.221681,0.174061,0.10866,0.664362,0,0.002392,0.022204,0,0.0,0.018021,0.0,1.410846,0.005407,0.003672,0.016489,0.013925,0.123881,0.08135,0.14548,0.078951,0.188735,0.422369,0.120948,0.24508,0.099384,0,0.227101,0.224018,0.216185,0.429932,0.20805,0,0,0,0,0,0,0,0,0,0,0,0,0,0
98,1954,2011,2347,831,442,2323,1190,771,2201,1284,1244,2462,2841,21901,271,778,338,54,236,646,425,42,84,209,146,727,1108,5064,393,97,78,386,0,418,82,74,48,299,175,355,731,3136,671,872,370,101,30,885,461,108,474,540,171,915,1162,6760,426,42,70,16,81,123,30,2,28,429,37,225,29,1538,1112,621,1104,682,425,1943,1429,290,993,1170,789,2070,2200,14828,166,190,317,123,44,184,187,31,777,115,63,1385,856,4438,34,6,12,1,0,15,6,0,1,2,0,28,16,121,590,1426,1163,304,207,1589,585,309,462,764,556,1631,1325,10911,1153,1352,1255,327,425,1978,274,329,1096,1236,250,3020,3241,15936,0,1,77,0,0,1,0,0,0,0,2,122,99,302,104,0,0,7,0,4,5,0,227,1,0,8,7,363,14,42,23,38,22,71,63,13,0,43,59,130,261,779,0,0,0,0,0,0,0,0,0,0,0,0,0,0,13.24656,6.965708,5.615101,3.075272,7.467478,4.013754,4.288907,5.108328,13.86282,6.942792,4.568491,4.510562,4.945084,5.576889,1.837164,2.694839,0.808651,0.199837,3.98716,1.116179,1.531752,0.278275,0.529067,1.130096,0.536173,1.331917,1.9286,1.289501,2.664226,0.335989,0.186612,1.428466,0.0,0.722234,0.295538,0.490294,0.302324,1.616741,0.642674,0.650386,1.272389,0.810774,4.548844,3.020436,0.88521,0.37377,0.506842,1.529131,1.661501,0.715564,2.985451,2.919866,0.627984,1.676346,2.022593,1.721372,2.88794,0.14548,0.167472,0.059211,1.368474,0.212523,0.108124,0.013251,0.176356,2.319671,0.13588,0.412216,0.050478,0.391638,7.538472,2.151022,2.641275,2.523869,7.180267,3.357177,5.150292,1.921421,6.25433,6.326376,2.897539,3.79239,3.82935,3.775814,1.125347,0.658123,0.758409,0.455185,0.743369,0.317921,0.673971,0.205393,4.893872,0.621823,0.231362,2.53742,1.489965,1.130096,0.230493,0.020783,0.02871,0.003701,0,0.025917,0.021625,0.0,0.006298,0.010814,0.0,0.051298,0.02785,0.035127,3.999729,4.939383,2.78243,1.125009,3.497212,2.745525,2.108412,2.047307,2.90987,4.13107,2.041866,2.98811,2.306313,2.778386,7.816419,4.683062,3.002536,1.210125,7.180267,3.417652,0.98753,2.179818,6.903067,6.683249,0.918105,5.532858,5.641329,4.057956,0.0,0.003464,0.184219,0.0,0,0.001728,0.0,0,0,0,0.007345,0.223513,0.172321,0.112767,0.705037,0,0.0,0.025905,0,0.006911,0.018021,0.0,1.429741,0.005407,0.0,0.014657,0.012184,0.132579,0.094909,0.14548,0.055027,0.140626,0.371684,0.122676,0.22706,0.086133,0,0.232508,0.216673,0.238169,0.4543,0.206723,0,0,0,0,0,0,0,0,0,0,0,0,0,0
99,1942,1995,2298,808,423,2384,1193,694,2202,1271,1210,2447,2796,21663,264,783,326,60,222,641,419,48,80,202,153,725,1106,5029,406,96,79,394,0,422,77,67,47,296,187,337,728,3136,680,901,371,95,28,844,443,103,480,520,165,873,1131,6634,424,49,60,28,78,126,27,2,31,413,29,229,38,1534,1111,634,1113,708,416,1941,1394,291,978,1171,772,2131,2196,14856,163,196,315,125,39,184,189,26,762,119,55,1373,851,4397,38,8,7,1,0,8,4,0,1,2,0,23,15,107,586,1390,1110,325,204,1526,583,314,441,748,559,1647,1319,10752,1155,1316,1299,348,425,1986,278,357,1074,1207,226,3020,3265,15956,0,2,65,0,0,0,0,0,0,0,1,124,96,288,104,0,0,6,0,3,6,0,226,1,0,10,8,364,14,50,33,44,23,71,68,17,0,42,59,125,256,802,0,0,0,0,0,0,0,0,0,0,0,0,0,0,13.165209,6.910287,5.497871,2.990156,7.146477,4.119151,4.299719,4.598158,13.869119,6.872499,4.443628,4.483081,4.866756,5.516284,1.789709,2.712158,0.779942,0.222041,3.750634,1.10754,1.510128,0.318028,0.503874,1.092246,0.56188,1.328252,1.925119,1.280589,2.752356,0.332525,0.189004,1.458071,0.0,0.729145,0.277517,0.443914,0.296026,1.600519,0.686743,0.617408,1.267167,0.810774,4.609857,3.120887,0.887602,0.351565,0.473053,1.45829,1.596627,0.682436,3.023241,2.811723,0.605949,1.599399,1.968634,1.689287,2.874381,0.169726,0.143548,0.103619,1.31779,0.217707,0.097311,0.013251,0.195251,2.233157,0.1065,0.419545,0.066143,0.390619,7.531693,2.196051,2.662807,2.620087,7.028214,3.353722,5.024148,1.928046,6.159854,6.331783,2.835108,3.904146,3.822388,3.782944,1.10501,0.678905,0.753625,0.462586,0.658895,0.317921,0.681179,0.172265,4.799395,0.643452,0.201983,2.515435,1.481262,1.119656,0.25761,0.02771,0.016747,0.003701,0,0.013823,0.014416,0.0,0.006298,0.010814,0.0,0.042138,0.026109,0.031062,3.972612,4.814687,2.655629,1.202724,3.446528,2.636672,2.101204,2.080435,2.777603,4.044555,2.052883,3.017423,2.29587,2.737898,7.829978,4.558365,3.107804,1.28784,7.180267,3.431474,1.001946,2.365335,6.764502,6.526441,0.829967,5.532858,5.683104,4.063049,0.0,0.006928,0.15551,0.0,0,0.0,0.0,0,0,0,0.003672,0.227177,0.167099,0.137187,0.705037,0,0.0,0.022204,0,0.005183,0.021625,0.0,1.423443,0.005407,0.0,0.018321,0.013925,0.132944,0.094909,0.17319,0.078951,0.16283,0.388579,0.122676,0.24508,0.112635,0,0.227101,0.216673,0.229009,0.445597,0.212826,0,0,0,0,0,0,0,0,0,0,0,0,0,0
100,1878,2031,2228,791,438,2347,1178,703,2190,1292,1206,2419,2810,21511,260,739,343,46,225,640,425,57,79,195,147,700,1111,4967,405,92,81,396,0,417,84,69,46,299,178,343,703,3113,652,881,366,104,28,847,445,102,475,540,172,886,1116,6614,421,50,65,25,82,127,29,2,30,420,35,223,35,1544,1130,632,1087,691,423,1944,1377,289,975,1158,814,2121,2181,14822,160,197,332,151,44,169,178,37,762,130,61,1396,893,4510,42,4,10,0,0,9,4,3,1,2,0,25,14,114,599,1407,1131,342,197,1547,577,299,451,751,542,1633,1332,10808,1145,1358,1255,387,426,2018,271,326,1074,1201,226,3045,3275,16007,0,2,74,0,0,1,0,0,0,0,1,112,98,288,99,0,0,6,0,2,7,0,228,0,0,9,7,358,13,39,28,52,24,75,61,8,0,45,63,137,272,817,0,0,0,0,0,0,0,0,0,0,0,0,0,0,12.73134,7.034984,5.330399,2.927244,7.399899,4.055222,4.245657,4.657788,13.793538,6.98605,4.428939,4.431783,4.891125,5.477579,1.762592,2.559751,0.820613,0.170232,3.801318,1.105812,1.531752,0.377659,0.497575,1.054396,0.539846,1.282451,1.933822,1.264801,2.745577,0.31867,0.193789,1.465473,0.0,0.720506,0.302746,0.457166,0.289727,1.616741,0.653691,0.628401,1.223651,0.804827,4.420039,3.051611,0.87564,0.384872,0.473053,1.463474,1.603835,0.67581,2.991749,2.919866,0.631656,1.623216,1.942525,1.684194,2.854044,0.17319,0.15551,0.092517,1.385369,0.219435,0.10452,0.013251,0.188953,2.271007,0.128535,0.408552,0.060921,0.393165,7.660498,2.189124,2.600603,2.557176,7.146477,3.358905,4.962878,1.914795,6.140959,6.26149,2.98935,3.885825,3.796279,3.774286,1.084672,0.682369,0.794296,0.558804,0.743369,0.292004,0.641534,0.245147,4.799395,0.702931,0.224018,2.557573,1.554368,1.14843,0.284726,0.013855,0.023925,0.0,0,0.01555,0.014416,0.019877,0.006298,0.010814,0.0,0.045802,0.024369,0.034282,4.060742,4.873571,2.705871,1.265635,3.328265,2.672956,2.079579,1.981051,2.840587,4.060776,1.990452,2.991774,2.318498,2.752158,7.762186,4.703845,3.002536,1.432166,7.197162,3.486765,0.976717,2.159942,6.764502,6.493998,0.829967,5.57866,5.70051,4.076036,0.0,0.006928,0.177042,0.0,0,0.001728,0.0,0,0,0,0.003672,0.205192,0.17058,0.10754,0.671141,0,0.0,0.022204,0,0.003456,0.025229,0.0,1.43604,0.0,0.0,0.016489,0.012184,0.140224,0.08813,0.135088,0.066989,0.192436,0.405474,0.129587,0.219852,0.053005,0,0.243322,0.231362,0.250994,0.473447,0.216807,0,0,0,0,0,0,0,0,0,0,0,0,0,0
101,1914,2011,2237,803,438,2291,1156,676,2152,1260,1215,2388,2751,21292,257,766,345,48,215,624,421,40,80,201,137,699,1137,4970,409,95,77,346,0,420,80,62,45,287,183,342,716,3062,660,909,393,103,28,841,451,113,468,521,162,863,1113,6625,422,49,59,20,71,116,30,2,29,426,29,221,32,1506,1122,620,1098,710,404,1955,1376,297,982,1143,777,2058,2189,14731,168,177,311,135,43,172,185,33,762,128,52,1347,872,4385,46,4,10,0,0,12,4,3,1,1,1,22,16,120,576,1423,1105,313,212,1591,581,279,460,773,532,1657,1310,10812,1149,1331,1233,353,420,2025,268,355,1047,1204,224,3012,3244,15865,0,2,69,0,0,0,0,0,0,0,1,107,106,285,102,0,0,13,0,3,6,0,226,1,0,11,8,370,14,46,30,48,24,75,68,16,0,45,58,122,247,793,0,0,0,0,0,0,0,0,0,0,0,0,0,0,12.975391,6.965708,5.351931,2.971653,7.399899,3.958463,4.166366,4.478898,13.554198,6.81302,4.46199,4.374989,4.788428,5.421813,1.742255,2.653273,0.825398,0.177633,3.63237,1.078167,1.517336,0.265024,0.503874,1.086839,0.503122,1.280619,1.979078,1.265565,2.772693,0.329061,0.184219,1.280438,0.0,0.725689,0.28833,0.410786,0.283429,1.551855,0.672053,0.626569,1.246279,0.791642,4.474273,3.148597,0.940236,0.381171,0.473053,1.453107,1.62546,0.748691,2.94766,2.81713,0.594932,1.581078,1.937303,1.686995,2.860823,0.169726,0.141155,0.074014,1.199527,0.200429,0.108124,0.013251,0.182654,2.30345,0.1065,0.404888,0.0557,0.383489,7.606264,2.147558,2.62692,2.627489,6.825477,3.377911,4.959273,1.9678,6.185048,6.180383,2.85347,3.770405,3.810203,3.751114,1.138906,0.613093,0.744055,0.499593,0.726474,0.297187,0.666763,0.218644,4.799395,0.692116,0.190966,2.467801,1.517815,1.1166,0.311843,0.013855,0.023925,0.0,0,0.020734,0.014416,0.019877,0.006298,0.005407,0.003672,0.040306,0.02785,0.033355,3.90482,4.928992,2.643667,1.158315,3.581686,2.748981,2.093996,1.848539,2.897273,4.179734,1.953728,3.035744,2.280204,2.753177,7.789302,4.610322,2.949902,1.306343,7.095793,3.49886,0.965905,2.352084,6.594445,6.51022,0.822622,5.518202,5.646551,4.039877,0.0,0.006928,0.16508,0.0,0,0.0,0.0,0,0,0,0.003672,0.196032,0.184505,0.135758,0.691479,0,0.0,0.048109,0,0.005183,0.021625,0.0,1.423443,0.005407,0.0,0.020153,0.013925,0.135135,0.094909,0.159335,0.071774,0.177633,0.405474,0.129587,0.24508,0.106009,0,0.243322,0.213,0.223513,0.429932,0.210438,0,0,0,0,0,0,0,0,0,0,0,0,0,0
102,1861,1919,2200,818,433,2312,1175,701,2134,1272,1185,2387,2734,21131,257,783,341,51,218,618,414,54,80,199,141,708,1112,4976,404,99,72,362,0,402,72,79,49,290,178,324,731,3062,648,901,410,108,24,831,427,129,460,520,173,863,1123,6617,411,45,61,23,77,121,29,2,27,428,25,220,27,1496,1139,645,1095,649,415,1895,1399,257,966,1155,758,2096,2176,14645,171,197,362,128,43,173,186,43,762,132,57,1378,872,4504,37,4,10,0,0,12,5,2,1,2,0,26,16,115,583,1388,1140,306,204,1586,588,298,447,752,556,1673,1320,10841,1156,1293,1281,375,423,1971,279,310,1041,1199,246,3015,3254,15843,0,2,70,1,0,1,0,0,0,0,1,113,98,286,99,0,0,11,0,1,7,0,222,1,2,8,8,359,14,44,23,50,22,58,68,20,0,43,60,129,245,776,0,0,0,0,0,0,0,0,0,0,0,0,0,0,12.616094,6.647038,5.26341,3.027163,7.315425,3.994747,4.234845,4.644537,13.440826,6.877906,4.351818,4.373156,4.758838,5.380815,1.742255,2.712158,0.815829,0.188735,3.683055,1.0678,1.492107,0.357782,0.503874,1.076025,0.517811,1.297107,1.935562,1.267093,2.738797,0.342917,0.172257,1.339649,0.0,0.694588,0.259497,0.523421,0.308623,1.568076,0.653691,0.593591,1.272389,0.791642,4.392923,3.120887,0.980908,0.399674,0.405474,1.435828,1.538961,0.854701,2.897273,2.811723,0.635329,1.581078,1.954709,1.684958,2.786252,0.155871,0.14594,0.085116,1.300895,0.209068,0.10452,0.013251,0.170057,2.314264,0.091811,0.403056,0.046997,0.380943,7.72151,2.234153,2.619743,2.401747,7.011319,3.274241,5.042168,1.702776,6.084273,6.245269,2.783694,3.840023,3.787575,3.729215,1.159243,0.682369,0.86607,0.473688,0.726474,0.298915,0.670367,0.2849,4.799395,0.713745,0.209328,2.524596,1.517815,1.146902,0.25083,0.013855,0.023925,0.0,0,0.020734,0.018021,0.013251,0.006298,0.010814,0.0,0.047634,0.02785,0.034582,3.952274,4.807759,2.727403,1.132411,3.446528,2.740341,2.119224,1.974425,2.815393,4.066184,2.041866,3.065057,2.29761,2.760561,7.836757,4.478698,3.06474,1.387758,7.146477,3.405557,1.00555,2.053932,6.556654,6.483184,0.903415,5.523698,5.663957,4.034275,0.0,0.006928,0.167472,0.003701,0,0.001728,0.0,0,0,0,0.003672,0.207024,0.17058,0.097005,0.671141,0,0.0,0.040708,0,0.001728,0.025229,0.0,1.398249,0.005407,0.007345,0.014657,0.013925,0.119257,0.094909,0.152407,0.055027,0.185034,0.371684,0.100214,0.24508,0.132512,0,0.232508,0.220345,0.236337,0.42645,0.205927,0,0,0,0,0,0,0,0,0,0,0,0,0,0
103,1853,1936,2160,761,443,2326,1135,682,2137,1288,1148,2330,2689,20888,253,757,338,26,214,613,417,45,84,203,139,685,1110,4884,404,100,82,355,0,428,83,75,49,268,171,331,730,3076,642,877,396,91,28,817,445,103,455,530,152,851,1113,6500,408,46,56,23,75,123,29,1,25,422,28,228,32,1496,1132,637,1111,681,421,1914,1388,261,954,1157,785,2088,2187,14716,170,200,317,134,45,190,183,28,761,130,68,1339,867,4432,39,4,8,0,0,12,3,0,1,2,0,21,14,104,596,1363,1083,328,203,1536,581,309,445,740,596,1674,1281,10735,1159,1326,1236,348,418,1975,276,355,1030,1207,218,2964,3238,15750,0,1,59,0,0,0,0,0,0,0,0,124,101,285,102,0,0,8,0,0,7,0,227,1,0,6,7,358,14,48,28,52,25,65,61,20,0,47,60,119,238,777,0,0,0,0,0,0,0,0,0,0,0,0,0,0,12.56186,6.705923,5.167711,2.816224,7.484372,4.018937,4.09068,4.518651,13.459722,6.964421,4.215938,4.268728,4.68051,5.318938,1.715138,2.622099,0.808651,0.096218,3.615476,1.059161,1.502919,0.298151,0.529067,1.097653,0.510466,1.254969,1.932081,1.243666,2.738797,0.34638,0.196182,1.313744,0.0,0.739512,0.299142,0.496919,0.308623,1.449119,0.627984,0.606416,1.270648,0.795262,4.352247,3.037755,0.947414,0.336763,0.473053,1.411639,1.603835,0.682436,2.865781,2.865794,0.558208,1.559093,1.937303,1.655165,2.765914,0.159335,0.133978,0.085116,1.267106,0.212523,0.10452,0.006626,0.15746,2.281821,0.102828,0.417712,0.0557,0.380943,7.674056,2.206443,2.658022,2.520169,7.112688,3.30707,5.002523,1.729278,6.008692,6.256083,2.88285,3.825367,3.806722,3.747294,1.152464,0.692761,0.758409,0.495892,0.760264,0.328288,0.659555,0.185516,4.793097,0.702931,0.249725,2.453145,1.509112,1.128568,0.264389,0.013855,0.01914,0.0,0,0.020734,0.010812,0.0,0.006298,0.010814,0.0,0.038474,0.024369,0.032761,4.040404,4.721164,2.591033,1.213826,3.429633,2.65395,2.093996,2.047307,2.802796,4.001298,2.188762,3.066889,2.229726,2.733569,7.857094,4.593003,2.957079,1.28784,7.062004,3.412468,0.994738,2.352084,6.487372,6.526441,0.800588,5.430262,5.636107,4.010593,0.0,0.003464,0.141155,0.0,0,0.0,0.0,0,0,0,0.0,0.227177,0.175802,0.155992,0.691479,0,0.0,0.029606,0,0.0,0.025229,0.0,1.429741,0.005407,0.0,0.010992,0.012184,0.165799,0.094909,0.166263,0.066989,0.192436,0.422369,0.112309,0.219852,0.132512,0,0.254136,0.220345,0.218017,0.414266,0.206192,0,0,0,0,0,0,0,0,0,0,0,0,0,0
104,1836,1920,2105,784,414,2259,1127,703,2124,1277,1198,2325,2693,20765,251,746,334,56,216,611,421,38,82,202,131,673,1090,4851,381,86,80,355,0,389,70,76,47,265,157,315,738,2959,634,871,356,104,25,796,427,111,453,511,171,852,1117,6428,408,49,61,30,75,124,30,2,22,424,27,225,36,1513,1112,607,1087,668,415,1900,1342,289,949,1134,777,2045,2134,14459,160,187,322,118,42,196,187,19,752,128,66,1346,856,4379,32,4,7,3,0,11,4,1,1,1,1,26,11,102,589,1364,1093,310,211,1570,580,300,452,730,545,1664,1296,10704,1133,1314,1169,332,426,1984,268,333,1030,1168,227,3005,3211,15600,0,2,61,1,0,0,0,0,0,0,1,123,93,281,98,0,0,10,0,0,5,0,229,1,0,6,8,357,16,37,26,45,23,86,66,15,0,47,61,122,256,800,0,0,0,0,0,0,0,0,0,0,0,0,0,0,12.446614,6.650502,5.036126,2.90134,6.994425,3.903172,4.061847,4.657788,13.377842,6.904942,4.399559,4.259568,4.687473,5.287617,1.70158,2.583997,0.799081,0.207239,3.649265,1.055705,1.517336,0.251772,0.51647,1.092246,0.481087,1.232985,1.897269,1.235263,2.582876,0.297887,0.191397,1.313744,0.0,0.672127,0.252289,0.503545,0.296026,1.432897,0.57657,0.577103,1.284573,0.765013,4.298014,3.016973,0.851715,0.384872,0.422369,1.375354,1.538961,0.73544,2.853184,2.763058,0.627984,1.560926,1.944266,1.636831,2.765914,0.169726,0.14594,0.111021,1.267106,0.214251,0.108124,0.013251,0.138565,2.292635,0.099155,0.412216,0.062662,0.385272,7.538472,2.102529,2.600603,2.47206,7.011319,3.282881,4.836733,1.914795,5.9772,6.131718,2.85347,3.746588,3.71447,3.681852,1.084672,0.647731,0.770372,0.436681,0.709579,0.338655,0.673971,0.125886,4.736411,0.692116,0.24238,2.465969,1.489965,1.115072,0.216934,0.013855,0.016747,0.011102,0,0.019006,0.014416,0.006626,0.006298,0.005407,0.003672,0.047634,0.019147,0.026371,3.99295,4.724628,2.614958,1.147213,3.564791,2.712696,2.090391,1.987676,2.846885,3.947226,2.001469,3.048568,2.255835,2.725675,7.680835,4.551437,2.796785,1.228629,7.197162,3.428019,0.965905,2.206321,6.487372,6.315562,0.833639,5.505377,5.589111,3.972397,0.0,0.006928,0.14594,0.003701,0,0.0,0.0,0,0,0,0.003672,0.225345,0.161877,0.118588,0.664362,0,0.0,0.037007,0,0.0,0.018021,0.0,1.442338,0.005407,0.0,0.010992,0.013925,0.165336,0.108467,0.128161,0.062204,0.166531,0.388579,0.148594,0.237872,0.099384,0,0.254136,0.224018,0.223513,0.445597,0.212296,0,0,0,0,0,0,0,0,0,0,0,0,0,0
105,1858,1925,2127,807,419,2237,1127,726,2084,1238,1207,2325,2660,20740,253,748,326,50,213,598,417,49,86,196,136,694,1078,4844,385,92,74,372,0,423,66,64,45,259,176,314,724,2994,621,872,380,104,26,802,435,99,450,520,179,846,1075,6409,397,42,62,17,70,116,29,2,25,420,24,210,30,1444,1093,613,1030,715,409,1878,1340,284,939,1132,773,2042,2153,14401,159,178,296,126,43,182,190,26,751,132,49,1313,831,4276,37,4,9,0,0,11,3,2,1,2,2,27,19,117,586,1371,1078,283,205,1570,559,308,454,716,538,1647,1304,10619,1128,1298,1139,338,400,1963,263,338,1017,1167,206,2937,3174,15368,0,2,64,0,0,0,0,0,0,0,1,116,99,282,100,0,0,12,0,1,8,0,233,1,0,7,8,370,15,37,32,51,25,62,59,14,0,42,63,116,224,740,0,0,0,0,0,0,0,0,0,0,0,0,0,0,12.595756,6.667821,5.08876,2.986455,7.078898,3.86516,4.061847,4.810177,13.125905,6.694063,4.432611,4.259568,4.630033,5.281251,1.715138,2.590925,0.779942,0.185034,3.598581,1.033243,1.502919,0.324654,0.541664,1.059803,0.499449,1.271458,1.876382,1.23348,2.609993,0.31867,0.177042,1.376656,0.0,0.730873,0.237872,0.424038,0.283429,1.400454,0.646346,0.575271,1.260204,0.774061,4.209884,3.020436,0.909134,0.384872,0.439263,1.385721,1.567794,0.655933,2.834289,2.811723,0.657363,1.549933,1.87116,1.631993,2.691343,0.14548,0.148332,0.062912,1.182632,0.200429,0.10452,0.013251,0.15746,2.271007,0.088138,0.384735,0.052218,0.367701,7.409667,2.123311,2.464233,2.645992,6.909951,3.244868,4.829525,1.881667,5.914216,6.120904,2.838781,3.741092,3.747541,3.667083,1.077893,0.616557,0.708168,0.466287,0.726474,0.314465,0.684783,0.172265,4.730113,0.713745,0.179949,2.405511,1.44645,1.088844,0.25083,0.013855,0.021532,0.0,0,0.019006,0.010812,0.013251,0.006298,0.010814,0.007345,0.049466,0.033072,0.032521,3.972612,4.748874,2.579071,1.047295,3.463423,2.712696,2.014705,2.040681,2.859482,3.871526,1.975762,3.017423,2.26976,2.704031,7.646939,4.496017,2.725011,1.250833,6.757898,3.391734,0.947884,2.239449,6.405492,6.310155,0.756519,5.380796,5.524708,3.91332,0.0,0.006928,0.153117,0.0,0,0.0,0.0,0,0,0,0.003672,0.21252,0.172321,0.134329,0.67792,0,0.0,0.044408,0,0.001728,0.028833,0.0,1.467532,0.005407,0.0,0.012825,0.013925,0.135135,0.101688,0.128161,0.076559,0.188735,0.422369,0.107126,0.212643,0.092758,0,0.227101,0.231362,0.21252,0.389897,0.196373,0,0,0,0,0,0,0,0,0,0,0,0,0,0
106,1830,1877,2136,807,416,2245,1108,682,2079,1225,1148,2337,2686,20576,250,748,308,34,211,599,410,44,91,189,120,668,1013,4685,364,92,81,348,0,402,73,83,46,253,163,322,685,2912,627,858,350,105,24,803,429,92,450,498,150,849,1086,6321,396,46,61,22,76,120,27,4,23,402,25,224,40,1466,1098,607,1063,688,406,1875,1345,243,926,1123,771,2066,2081,14292,158,193,326,141,45,175,189,29,739,131,64,1339,852,4381,37,6,10,0,0,8,3,2,1,2,0,25,13,107,584,1337,1080,314,206,1552,553,305,458,707,569,1679,1309,10653,1126,1290,1179,340,406,1890,263,354,1006,1144,225,2958,3183,15364,0,2,61,0,0,1,0,0,0,0,0,121,90,275,101,0,0,6,0,2,8,0,234,2,0,6,7,366,14,41,34,48,22,61,64,13,0,49,73,125,246,790,0,0,0,0,0,0,0,0,0,0,0,0,0,0,12.405939,6.501559,5.110292,2.986455,7.028214,3.878983,3.993368,4.518651,13.094413,6.62377,4.215938,4.281553,4.675289,5.23949,1.6948,2.590925,0.736877,0.125823,3.564791,1.034971,1.47769,0.291526,0.573156,1.021953,0.44069,1.223824,1.763242,1.192992,2.467629,0.31867,0.193789,1.28784,0.0,0.694588,0.263101,0.549924,0.289727,1.368011,0.598604,0.589927,1.19232,0.752861,4.250559,2.971943,0.837361,0.388572,0.405474,1.387449,1.546169,0.609554,2.834289,2.692765,0.550863,1.555429,1.890307,1.609585,2.684564,0.159335,0.14594,0.081415,1.284001,0.20734,0.097311,0.026502,0.144864,2.173678,0.091811,0.410384,0.069625,0.373303,7.443563,2.102529,2.543184,2.546074,6.859267,3.239685,4.847546,1.610018,5.832336,6.07224,2.831436,3.785061,3.622217,3.639327,1.071114,0.668514,0.779942,0.521797,0.760264,0.302371,0.681179,0.192142,4.654532,0.708338,0.235035,2.453145,1.483003,1.115581,0.25083,0.020783,0.023925,0.0,0,0.013823,0.010812,0.013251,0.006298,0.010814,0.0,0.045802,0.022628,0.032177,3.959054,4.631105,2.583856,1.162016,3.480318,2.681595,1.99308,2.020804,2.884676,3.822861,2.089607,3.076049,2.278463,2.712689,7.633381,4.468306,2.820709,1.258234,6.859267,3.265602,0.947884,2.345458,6.33621,6.18579,0.826295,5.41927,5.540374,3.912302,0.0,0.006928,0.14594,0.0,0,0.001728,0.0,0,0,0,0.0,0.221681,0.156655,0.114308,0.684699,0,0.0,0.022204,0,0.003456,0.028833,0.0,1.47383,0.010814,0.0,0.010992,0.012184,0.133674,0.094909,0.142016,0.081344,0.177633,0.371684,0.105398,0.230664,0.086133,0,0.264951,0.268087,0.229009,0.428191,0.209642,0,0,0,0,0,0,0,0,0,0,0,0,0,0
107,1797,1860,2126,752,400,2253,1077,658,2056,1230,1193,2292,2609,20303,243,748,328,37,208,589,403,47,85,195,127,672,1052,4734,394,94,72,368,0,414,70,78,45,245,162,321,706,2969,615,873,348,87,28,808,417,100,453,503,151,827,1068,6278,385,45,64,25,73,120,26,4,23,403,30,203,39,1440,1092,624,1038,668,402,1845,1334,260,925,1088,757,2013,2099,14145,165,196,333,134,43,169,191,35,732,129,62,1353,828,4370,39,4,7,1,0,7,3,1,1,1,1,19,16,100,590,1301,1078,308,212,1575,561,325,457,723,520,1661,1313,10624,1120,1256,1170,364,412,1852,265,368,999,1130,255,2929,3175,15295,0,2,66,0,0,0,0,0,0,0,1,102,96,267,100,0,0,13,0,4,8,0,231,2,2,8,6,374,15,40,31,44,22,65,69,19,0,47,72,126,240,790,0,0,0,0,0,0,0,0,0,0,0,0,0,0,12.182225,6.442674,5.086368,2.782918,6.757898,3.892805,3.881641,4.359637,12.94955,6.650806,4.381197,4.19911,4.541261,5.169973,1.647346,2.590925,0.784727,0.136925,3.514107,1.017693,1.452462,0.311403,0.535366,1.054396,0.466397,1.231153,1.831126,1.20547,2.671005,0.325598,0.172257,1.361853,0.0,0.715322,0.252289,0.516796,0.283429,1.324754,0.594932,0.588095,1.228873,0.767598,4.169209,3.0239,0.832576,0.32196,0.473053,1.396088,1.502919,0.662559,2.853184,2.719801,0.554535,1.515124,1.858975,1.598635,2.609993,0.155871,0.153117,0.092517,1.233316,0.20734,0.093707,0.026502,0.144864,2.179085,0.110173,0.371911,0.067884,0.366683,7.402888,2.161413,2.483372,2.47206,6.791688,3.18785,4.8079,1.722653,5.826038,5.882989,2.780022,3.687961,3.653548,3.601895,1.118568,0.678905,0.796689,0.495892,0.726474,0.292004,0.688388,0.231896,4.610443,0.697524,0.22769,2.478794,1.441228,1.11278,0.264389,0.013855,0.016747,0.003701,0,0.012095,0.010812,0.006626,0.006298,0.005407,0.003672,0.034809,0.02785,0.025854,3.999729,4.506408,2.579071,1.139812,3.581686,2.721335,2.021913,2.153316,2.878378,3.909376,1.909658,3.043072,2.285426,2.705304,7.592706,4.350537,2.799177,1.347051,6.960635,3.199945,0.955093,2.438216,6.292121,6.11009,0.936467,5.36614,5.526449,3.894731,0.0,0.006928,0.157902,0.0,0,0.0,0.0,0,0,0,0.003672,0.186871,0.167099,0.127184,0.67792,0,0.0,0.048109,0,0.006911,0.028833,0.0,1.454935,0.010814,0.007345,0.014657,0.010444,0.12424,0.101688,0.138552,0.074166,0.16283,0.371684,0.112309,0.248684,0.125886,0,0.254136,0.264414,0.230841,0.417747,0.209642,0,0,0,0,0,0,0,0,0,0,0,0,0,0
108,1754,1878,2082,755,412,2167,1089,684,2025,1210,1180,2273,2641,20150,239,747,300,36,203,574,394,45,80,186,126,654,1069,4653,375,88,73,347,0,413,77,84,46,259,165,325,666,2918,597,811,377,94,29,785,416,111,457,494,159,817,1071,6218,378,45,58,25,75,123,25,4,23,400,34,208,36,1434,1073,609,1005,666,404,1871,1301,282,903,1097,733,2025,2055,14024,161,179,324,134,45,169,191,27,726,125,49,1332,868,4330,44,4,7,2,0,8,4,3,1,1,0,19,21,114,572,1339,1070,311,201,1510,554,297,453,703,530,1644,1283,10467,1098,1244,1152,336,407,1882,263,375,969,1105,216,2917,3154,15118,0,2,54,0,0,0,0,0,0,0,1,113,95,265,103,0,1,7,0,6,5,0,227,3,0,6,7,365,16,41,27,69,22,62,67,13,0,46,74,120,252,809,0,0,0,0,0,0,0,0,0,0,0,0,0,0,11.890719,6.505023,4.9811,2.79402,6.960635,3.744212,3.92489,4.531902,12.754299,6.542662,4.333456,4.1643,4.596961,5.131013,1.620229,2.587461,0.717738,0.133225,3.429633,0.991776,1.420025,0.298151,0.503874,1.005732,0.462725,1.198175,1.860716,1.184844,2.542201,0.304815,0.17465,1.284139,0.0,0.713595,0.277517,0.556549,0.289727,1.400454,0.605949,0.595423,1.159249,0.754413,4.047183,2.809144,0.901957,0.347865,0.489948,1.356348,1.499315,0.73544,2.878378,2.671137,0.583915,1.496803,1.864197,1.583357,2.562538,0.155871,0.138763,0.092517,1.267106,0.212523,0.090103,0.026502,0.144864,2.162864,0.124862,0.381071,0.062662,0.365155,7.274083,2.109456,2.404421,2.464658,6.825477,3.232774,4.688964,1.868416,5.687472,5.931654,2.691884,3.709946,3.576961,3.571083,1.091451,0.620021,0.775157,0.495892,0.760264,0.292004,0.688388,0.178891,4.572652,0.675895,0.179949,2.44032,1.510853,1.102595,0.298285,0.013855,0.016747,0.007401,0,0.013823,0.014416,0.019877,0.006298,0.005407,0.0,0.034809,0.036553,0.031705,3.877703,4.638033,2.559931,1.150914,3.395844,2.609026,1.996684,1.9678,2.853184,3.801233,1.946383,3.011927,2.233207,2.665326,7.443563,4.308971,2.756113,1.243431,6.876162,3.25178,0.947884,2.484596,6.103168,5.974911,0.793243,5.344155,5.489896,3.84966,0.0,0.006928,0.129193,0.0,0,0.0,0.0,0,0,0,0.003672,0.207024,0.165358,0.126231,0.698258,0,0.002392,0.025905,0,0.010367,0.018021,0.0,1.429741,0.016221,0.0,0.010992,0.012184,0.115653,0.108467,0.142016,0.064596,0.255347,0.371684,0.107126,0.241476,0.086133,0,0.248729,0.271759,0.219849,0.438635,0.214684,0,0,0,0,0,0,0,0,0,0,0,0,0,0
109,1761,1808,1996,751,397,2182,1080,673,2006,1198,1183,2189,2614,19838,232,746,297,39,201,582,384,48,82,190,108,644,1054,4607,369,83,83,358,0,406,79,87,49,277,159,318,663,2931,590,835,328,99,28,780,418,85,453,490,159,808,1057,6130,381,36,63,22,79,117,22,4,21,388,27,206,29,1395,1068,615,1037,655,391,1872,1301,271,885,1063,762,1994,2041,13955,151,172,284,129,44,165,194,28,712,124,63,1298,851,4215,42,6,10,1,0,15,3,1,1,2,1,21,15,118,568,1275,1042,317,202,1568,553,325,445,692,557,1634,1309,10487,1086,1226,1145,378,393,1880,257,350,984,1094,238,2867,3140,15038,0,1,48,1,0,1,0,0,0,0,1,110,100,262,102,0,1,12,0,3,7,0,222,1,1,8,6,363,17,46,28,53,25,60,60,16,0,51,56,122,252,786,0,0,0,0,0,0,0,0,0,0,0,0,0,0,11.938174,6.262556,4.775348,2.779217,6.707214,3.770129,3.892453,4.459021,12.634629,6.477777,4.344473,4.010406,4.549964,5.051565,1.572775,2.583997,0.71056,0.144327,3.395844,1.005598,1.383983,0.318028,0.51647,1.02736,0.396621,1.179855,1.834607,1.17313,2.501525,0.287496,0.198574,1.324846,0.0,0.7015,0.284726,0.576426,0.308623,1.497783,0.583915,0.582599,1.154027,0.757774,3.999729,2.892276,0.784727,0.366368,0.473053,1.347709,1.506523,0.563175,2.853184,2.649508,0.583915,1.480314,1.839829,1.560948,2.582876,0.124697,0.150725,0.081415,1.334685,0.202156,0.079291,0.026502,0.132267,2.097978,0.099155,0.377407,0.050478,0.355224,7.240187,2.130239,2.48098,2.423951,6.605846,3.234501,4.688964,1.795534,5.574101,5.74781,2.798384,3.653152,3.552593,3.553513,1.023659,0.595774,0.679458,0.477389,0.743369,0.285092,0.6992,0.185516,4.484474,0.670488,0.231362,2.37803,1.481262,1.073311,0.284726,0.020783,0.023925,0.003701,0,0.025917,0.010812,0.006626,0.006298,0.010814,0.003672,0.038474,0.026109,0.030507,3.850586,4.416349,2.492942,1.173118,3.412739,2.70924,1.99308,2.153316,2.802796,3.741754,2.045538,2.993606,2.278463,2.670418,7.362213,4.246623,2.739366,1.39886,6.639635,3.248324,0.92626,2.318956,6.197644,5.915432,0.874036,5.252551,5.465527,3.829289,0.0,0.003464,0.114838,0.003701,0,0.001728,0.0,0,0,0,0.003672,0.201528,0.174061,0.088865,0.691479,0,0.002392,0.044408,0,0.005183,0.025229,0.0,1.398249,0.005407,0.003672,0.014657,0.010444,0.105884,0.115246,0.159335,0.066989,0.196136,0.422369,0.10367,0.216247,0.106009,0,0.275765,0.205656,0.223513,0.438635,0.20858,0,0,0,0,0,0,0,0,0,0,0,0,0,0
110,1747,1840,2023,748,384,2141,1056,684,1998,1173,1165,2193,2519,19671,228,720,304,36,197,571,388,48,79,170,135,629,1044,4549,371,77,69,361,0,421,61,77,47,273,185,328,668,2938,579,831,318,101,28,760,414,87,455,487,195,795,1012,6062,370,38,58,18,67,115,23,3,23,381,29,207,30,1362,1070,564,1064,720,392,1808,1274,260,877,1031,757,1991,1962,13770,151,176,309,120,46,164,194,33,718,125,64,1315,840,4255,39,7,12,0,0,10,4,0,1,1,0,24,20,118,561,1265,1071,334,206,1477,564,308,431,706,547,1616,1277,10363,1068,1200,1158,355,394,1848,254,333,964,1077,233,2837,3015,14736,0,3,58,0,0,1,0,0,0,0,2,117,99,280,96,0,0,9,0,2,6,0,220,2,0,6,6,347,13,45,26,44,20,60,65,18,0,49,52,119,262,773,0,0,0,0,0,0,0,0,0,0,0,0,0,0,11.843265,6.373398,4.839944,2.768115,6.487582,3.699288,3.805954,4.531902,12.584241,6.342598,4.278369,4.017734,4.384606,5.00904,1.545658,2.493938,0.727308,0.133225,3.328265,0.986592,1.3984,0.318028,0.497575,0.919217,0.495777,1.152373,1.817201,1.158361,2.515084,0.266713,0.16508,1.335948,0.0,0.727417,0.219852,0.51017,0.296026,1.476154,0.679398,0.60092,1.16273,0.759583,3.925158,2.878421,0.760802,0.37377,0.473053,1.313152,1.492107,0.576426,2.865781,2.633286,0.716122,1.456497,1.761501,1.543633,2.508305,0.131625,0.138763,0.066612,1.131948,0.198701,0.082895,0.019877,0.144864,2.060128,0.1065,0.379239,0.052218,0.346821,7.253746,1.953585,2.545576,2.664496,6.62274,3.12392,4.591653,1.722653,5.523714,5.574781,2.780022,3.647656,3.415084,3.506404,1.023659,0.609629,0.73927,0.444083,0.777158,0.283364,0.6992,0.218644,4.522265,0.675895,0.235035,2.409175,1.462116,1.083497,0.264389,0.024247,0.02871,0.0,0,0.017278,0.014416,0.0,0.006298,0.005407,0.0,0.04397,0.034812,0.037172,3.803132,4.381711,2.562324,1.23603,3.480318,2.552008,2.032725,2.040681,2.714619,3.817454,2.008814,2.960629,2.222764,2.638843,7.240187,4.156564,2.770467,1.313744,6.65653,3.193033,0.915447,2.206321,6.071676,5.82351,0.855674,5.197589,5.24795,3.752387,0.0,0.010391,0.138763,0.0,0,0.001728,0.0,0,0,0,0.007345,0.214352,0.172321,0.104553,0.650803,0,0.0,0.033306,0,0.003456,0.021625,0.0,1.385652,0.010814,0.0,0.010992,0.010444,0.126735,0.08813,0.155871,0.062204,0.16283,0.337895,0.10367,0.234268,0.119261,0,0.264951,0.190966,0.218017,0.456041,0.205131,0,0,0,0,0,0,0,0,0,0,0,0,0,0
111,1720,1791,2003,736,370,2131,1058,661,1952,1168,1128,2176,2558,19452,224,724,316,39,202,557,384,41,81,182,119,631,1042,4542,367,77,74,339,0,402,75,66,45,255,166,333,699,2898,589,828,334,103,28,774,389,87,439,473,159,783,999,5985,357,42,57,22,71,116,24,1,22,379,26,217,28,1362,1058,592,1027,646,379,1788,1246,263,867,1045,692,1962,2029,13594,158,173,308,130,47,178,194,36,714,126,58,1295,845,4262,34,8,9,1,0,8,4,0,1,1,0,25,11,102,571,1253,1054,338,201,1529,558,313,441,700,540,1607,1251,10356,1053,1188,1105,362,390,1855,262,329,971,1071,247,2837,3063,14733,0,3,58,0,0,0,0,0,0,0,2,121,101,285,98,0,0,5,0,1,5,0,211,2,0,5,5,332,11,50,29,51,22,67,61,11,0,44,50,128,250,774,0,0,0,0,0,0,0,0,0,0,0,0,0,0,11.660226,6.203672,4.792095,2.723707,6.251056,3.68201,3.813162,4.379514,12.294514,6.315562,4.14249,3.986589,4.45249,4.953273,1.518541,2.507794,0.756017,0.144327,3.412739,0.962402,1.383983,0.271649,0.510172,0.984103,0.437018,1.156038,1.81372,1.156579,2.487967,0.266713,0.177042,1.254533,0.0,0.694588,0.270309,0.437289,0.283429,1.378826,0.609622,0.61008,1.216689,0.749242,3.99295,2.868029,0.799081,0.381171,0.473053,1.337342,1.402004,0.576426,2.765006,2.557586,0.583915,1.434513,1.738873,1.524025,2.420175,0.14548,0.13637,0.081415,1.199527,0.200429,0.086499,0.006626,0.138565,2.049313,0.095483,0.39756,0.048737,0.346821,7.172395,2.050572,2.457055,2.390645,6.403109,3.089363,4.490737,1.74253,5.460729,5.650481,2.541315,3.594526,3.531705,3.461587,1.071114,0.599238,0.736877,0.481089,0.794053,0.307554,0.6992,0.238521,4.497071,0.681302,0.213,2.372534,1.470819,1.085279,0.230493,0.02771,0.021532,0.003701,0,0.013823,0.014416,0.0,0.006298,0.005407,0.0,0.045802,0.019147,0.029611,3.870924,4.340145,2.521652,1.250833,3.395844,2.641855,2.011101,2.073809,2.777603,3.785011,1.983107,2.94414,2.177508,2.63706,7.138499,4.114998,2.643667,1.339649,6.588951,3.205128,0.94428,2.179818,6.115765,5.791067,0.907088,5.197589,5.3315,3.751623,0.0,0.010391,0.138763,0.0,0,0.0,0.0,0,0,0,0.007345,0.221681,0.175802,0.135758,0.664362,0,0.0,0.018503,0,0.001728,0.018021,0.0,1.328966,0.010814,0.0,0.00916,0.008703,0.121256,0.074571,0.17319,0.069381,0.188735,0.371684,0.115765,0.219852,0.072881,0,0.237915,0.183621,0.234505,0.435153,0.205396,0,0,0,0,0,0,0,0,0,0,0,0,0,0
112,1715,1790,1983,726,384,2091,1058,658,1942,1193,1156,2172,2482,19350,218,718,317,37,198,540,379,46,77,176,115,613,1024,4458,363,77,80,356,0,406,74,77,43,266,155,339,667,2903,595,787,337,93,28,751,394,92,429,480,166,762,1023,5937,357,42,43,21,72,111,26,5,23,371,32,194,32,1329,1030,584,984,646,375,1757,1229,252,859,1020,763,1944,1967,13410,152,177,297,124,48,171,190,31,714,132,65,1291,857,4249,50,7,9,0,0,11,3,2,1,1,0,24,13,121,575,1234,1061,305,204,1514,559,294,433,682,556,1612,1266,10295,1059,1204,1132,385,382,1826,251,348,959,1053,253,2808,3005,14665,0,2,66,0,0,0,0,0,0,0,3,114,98,283,102,0,0,12,0,0,5,0,205,1,0,4,7,336,9,42,23,47,20,62,65,18,0,45,65,121,264,781,0,0,0,0,0,0,0,0,0,0,0,0,0,0,11.62633,6.200208,4.744246,2.6867,6.487582,3.612897,3.813162,4.359637,12.23153,6.450741,4.245318,3.979261,4.320203,4.9273,1.477866,2.487011,0.758409,0.136925,3.34516,0.933029,1.365963,0.304777,0.484978,0.95166,0.422328,1.12306,1.782388,1.135189,2.46085,0.266713,0.191397,1.317445,0.0,0.7015,0.266705,0.51017,0.270832,1.438304,0.569225,0.621072,1.160989,0.750535,4.033625,2.726013,0.806259,0.344164,0.473053,1.297602,1.420025,0.609554,2.702022,2.595436,0.609622,1.396039,1.780648,1.511803,2.420175,0.14548,0.102876,0.077714,1.216422,0.191789,0.093707,0.033128,0.144864,2.006056,0.117517,0.355422,0.0557,0.338418,6.982577,2.022861,2.35418,2.390645,6.33553,3.035801,4.429467,1.669648,5.410342,5.515302,2.802057,3.561548,3.423787,3.414734,1.030439,0.613093,0.71056,0.458885,0.810948,0.295459,0.684783,0.205393,4.497071,0.713745,0.238707,2.365205,1.491706,1.081969,0.33896,0.024247,0.021532,0.0,0,0.019006,0.010812,0.013251,0.006298,0.005407,0.0,0.04397,0.022628,0.036387,3.898041,4.274333,2.538399,1.12871,3.446528,2.615938,2.014705,1.947923,2.727215,3.687682,2.041866,2.9533,2.203617,2.621527,7.179174,4.170419,2.708264,1.424765,6.453793,3.155021,0.904635,2.305705,6.040184,5.693739,0.929122,5.144459,5.230544,3.734308,0.0,0.006928,0.157902,0.0,0,0.0,0.0,0,0,0,0.011017,0.208856,0.17058,0.134806,0.691479,0,0.0,0.044408,0,0.0,0.018021,0.0,1.291176,0.005407,0.0,0.007328,0.012184,0.15561,0.061013,0.14548,0.055027,0.173932,0.337895,0.107126,0.234268,0.119261,0,0.243322,0.238707,0.221681,0.459522,0.207254,0,0,0,0,0,0,0,0,0,0,0,0,0,0
113,1673,1790,1983,753,372,2104,1043,672,1911,1140,1131,2122,2465,19159,215,730,306,37,196,547,368,44,71,179,125,604,1009,4431,357,71,82,340,0,384,77,68,41,270,173,336,639,2838,566,793,320,107,29,736,392,99,428,484,176,760,1022,5912,339,42,55,18,65,124,31,1,23,352,24,210,29,1313,1047,592,965,655,366,1776,1221,248,865,1006,707,1945,1929,13322,154,186,283,146,45,167,184,37,703,125,69,1280,817,4196,41,5,9,0,0,10,3,4,1,1,0,20,14,108,572,1230,1054,286,204,1491,568,282,429,677,547,1581,1211,10132,1061,1187,1091,359,363,1822,256,369,941,1068,218,2801,3023,14559,0,2,60,0,0,0,0,0,0,0,3,112,104,281,100,0,0,11,0,1,5,0,205,2,1,5,6,336,12,42,33,49,22,62,63,17,0,43,69,116,243,771,0,0,0,0,0,0,0,0,0,0,0,0,0,0,11.341604,6.200208,4.744246,2.786618,6.284845,3.635358,3.7591,4.452395,12.036279,6.164161,4.153507,3.887657,4.290613,4.878664,1.457528,2.528576,0.732092,0.136925,3.31137,0.945124,1.326317,0.291526,0.447188,0.967881,0.459053,1.106572,1.756279,1.128314,2.420175,0.24593,0.196182,1.258234,0.0,0.663487,0.277517,0.45054,0.258235,1.459933,0.635329,0.615576,1.112252,0.73373,3.837028,2.746796,0.765587,0.395974,0.489948,1.271684,1.412816,0.655933,2.695723,2.617065,0.646346,1.392375,1.778907,1.505437,2.298149,0.14548,0.131585,0.066612,1.098158,0.214251,0.111728,0.006626,0.144864,1.90332,0.088138,0.384735,0.050478,0.334343,7.097824,2.050572,2.308723,2.423951,6.183477,3.068629,4.400634,1.643146,5.448133,5.439602,2.596401,3.563381,3.357644,3.392325,1.043997,0.644267,0.677066,0.5403,0.760264,0.288548,0.663159,0.245147,4.427789,0.675895,0.253397,2.345052,1.422081,1.068473,0.277947,0.017319,0.021532,0.0,0,0.017278,0.010812,0.026502,0.006298,0.005407,0.0,0.036641,0.024369,0.032477,3.877703,4.260478,2.521652,1.058397,3.446528,2.576197,2.047142,1.868416,2.702022,3.660647,2.008814,2.896506,2.107883,2.580021,7.192733,4.111534,2.610173,1.328547,6.132793,3.14811,0.922656,2.444842,5.926812,5.774846,0.800588,5.131634,5.261875,3.707316,0.0,0.006928,0.143548,0.0,0,0.0,0.0,0,0,0,0.011017,0.205192,0.181024,0.133853,0.67792,0,0.0,0.040708,0,0.001728,0.018021,0.0,1.291176,0.010814,0.003672,0.00916,0.010444,0.111617,0.08135,0.14548,0.078951,0.181334,0.371684,0.107126,0.22706,0.112635,0,0.232508,0.253397,0.21252,0.422969,0.2046,0,0,0,0,0,0,0,0,0,0,0,0,0,0
114,1622,1794,1991,720,356,2079,1023,658,1897,1156,1170,2052,2499,19017,207,724,318,39,185,542,362,35,72,161,112,592,993,4342,351,73,72,315,0,382,65,74,43,270,165,314,694,2818,566,802,331,90,25,747,391,89,428,467,150,757,1016,5859,324,39,43,22,73,118,25,2,24,380,27,201,27,1305,1022,583,981,629,362,1710,1224,228,856,997,764,1865,1934,13155,154,175,296,134,48,162,176,31,702,122,62,1273,806,4141,44,5,14,0,0,16,3,3,0,2,0,20,16,123,558,1211,1073,296,202,1428,557,305,417,688,549,1568,1220,10072,1045,1163,1108,351,367,1795,245,324,953,1045,223,2749,2927,14295,0,1,67,0,0,1,0,0,0,0,0,111,105,285,93,0,0,10,0,5,5,0,208,2,0,5,6,334,14,47,29,59,19,59,62,16,0,45,54,118,233,755,0,0,0,0,0,0,0,0,0,0,0,0,0,0,10.995865,6.214063,4.763386,2.664496,6.014529,3.592163,3.687018,4.359637,11.948101,6.250676,4.296732,3.759412,4.349794,4.842505,1.403295,2.507794,0.760802,0.144327,3.125528,0.936485,1.304693,0.231896,0.453486,0.870553,0.411311,1.084587,1.728429,1.10565,2.3795,0.252858,0.172257,1.165717,0.0,0.660032,0.234268,0.490294,0.270832,1.459933,0.605949,0.575271,1.207986,0.728559,3.837028,2.77797,0.791904,0.333062,0.422369,1.29069,1.409212,0.589677,2.695723,2.525143,0.550863,1.386879,1.768464,1.491941,2.196461,0.135088,0.102876,0.081415,1.233316,0.203884,0.090103,0.013251,0.151162,2.05472,0.099155,0.368247,0.046997,0.332306,6.928344,2.019397,2.347002,2.327733,6.115898,2.954593,4.411447,1.510634,5.391447,5.390938,2.805729,3.416815,3.366347,3.3498,1.043997,0.606166,0.708168,0.495892,0.810948,0.279909,0.634326,0.205393,4.42149,0.659673,0.22769,2.332228,1.402935,1.054468,0.298285,0.017319,0.033494,0.0,0,0.027645,0.010812,0.019877,0.0,0.010814,0.0,0.036641,0.02785,0.038843,3.782794,4.194666,2.567108,1.095404,3.412739,2.467344,2.007497,2.020804,2.626441,3.720125,2.016159,2.872689,2.123549,2.564742,7.084265,4.028403,2.650845,1.298942,6.200372,3.101458,0.88301,2.146691,6.002393,5.650481,0.81895,5.036367,5.094776,3.640091,0.0,0.003464,0.160295,0.0,0,0.001728,0.0,0,0,0,0.0,0.20336,0.182764,0.118465,0.630466,0,0.0,0.037007,0,0.008639,0.018021,0.0,1.310071,0.010814,0.0,0.00916,0.010444,0.121987,0.094909,0.162799,0.069381,0.218341,0.321,0.101942,0.223456,0.106009,0,0.243322,0.198311,0.216185,0.405563,0.200354,0,0,0,0,0,0,0,0,0,0,0,0,0,0
115,1639,1717,1925,717,355,2064,1017,627,1887,1146,1196,2066,2475,18831,200,719,328,44,178,533,350,47,76,175,112,557,998,4317,341,74,66,316,0,396,76,67,43,272,186,323,687,2847,565,769,319,88,27,755,371,92,424,466,152,708,992,5728,312,39,55,26,63,106,24,2,23,355,27,200,25,1257,996,585,935,660,354,1738,1204,254,846,971,743,1891,1935,13112,154,163,286,126,46,156,183,26,699,120,71,1215,821,4066,44,7,12,0,0,16,3,2,0,1,1,19,19,124,546,1225,1028,328,199,1505,550,298,431,702,549,1566,1235,10162,1034,1186,1101,362,357,1767,243,333,926,1028,232,2683,2974,14226,0,3,61,1,0,0,0,0,0,0,1,119,111,296,110,0,0,8,0,2,5,0,213,2,0,7,6,353,11,41,20,48,20,64,63,9,0,43,66,118,232,735,0,0,0,0,0,0,0,0,0,0,0,0,0,0,11.111111,5.94735,4.605484,2.653394,5.997635,3.566245,3.665393,4.154244,11.885117,6.196604,4.392214,3.785061,4.308019,4.795141,1.35584,2.490475,0.784727,0.16283,3.007265,0.920934,1.261443,0.311403,0.47868,0.946253,0.411311,1.020464,1.737133,1.099284,2.311708,0.256321,0.157902,1.169418,0.0,0.684221,0.273913,0.443914,0.270832,1.470747,0.68307,0.591759,1.195802,0.736056,3.830249,2.663665,0.763194,0.325661,0.456158,1.304513,1.33713,0.609554,2.67053,2.519736,0.558208,1.297107,1.726689,1.458583,2.115111,0.135088,0.131585,0.096218,1.064369,0.18315,0.086499,0.013251,0.144864,1.919541,0.099155,0.366414,0.043515,0.320084,6.752085,2.026325,2.236949,2.442454,5.98074,3.002972,4.339364,1.682899,5.328463,5.250351,2.728608,3.464449,3.368088,3.338851,1.043997,0.5646,0.684243,0.466287,0.777158,0.269542,0.659555,0.172265,4.402595,0.648859,0.260742,2.225968,1.429044,1.03537,0.298285,0.024247,0.02871,0.0,0,0.027645,0.010812,0.013251,0.0,0.005407,0.003672,0.034809,0.033072,0.036058,3.701444,4.243159,2.459448,1.213826,3.362054,2.600387,1.982268,1.974425,2.714619,3.795826,2.016159,2.869025,2.149658,2.58766,7.009694,4.108071,2.634097,1.339649,6.031424,3.053079,0.875802,2.206321,5.832336,5.55856,0.852001,4.91545,5.176585,3.62252,0.0,0.010391,0.14594,0.003701,0,0.0,0.0,0,0,0,0.003672,0.218017,0.193208,0.124919,0.745712,0,0.0,0.029606,0,0.003456,0.018021,0.0,1.341563,0.010814,0.0,0.012825,0.010444,0.128926,0.074571,0.142016,0.047849,0.177633,0.337895,0.110581,0.22706,0.05963,0,0.232508,0.24238,0.216185,0.403822,0.195047,0,0,0,0,0,0,0,0,0,0,0,0,0,0
116,1630,1734,1895,726,355,2004,998,632,1879,1133,1144,2071,2472,18673,187,727,287,38,179,527,343,40,78,166,90,577,995,4234,332,68,73,332,0,402,80,69,43,269,165,324,677,2834,561,764,311,106,28,718,378,86,427,450,135,739,1022,5725,294,39,55,16,67,107,22,2,22,360,25,194,36,1239,972,581,946,651,351,1725,1195,256,834,996,724,1818,1946,12995,149,176,277,123,47,148,183,36,701,125,71,1211,799,4046,35,4,12,0,0,19,3,2,0,1,0,18,17,111,540,1207,1048,314,202,1445,531,275,424,701,509,1544,1230,9970,992,1129,1089,346,362,1708,239,308,912,1052,245,2679,2965,14026,0,1,63,0,0,1,0,0,0,0,2,110,110,287,103,0,0,12,0,3,6,0,209,2,1,5,7,348,12,45,28,45,19,67,58,21,0,43,54,108,236,736,0,0,0,0,0,0,0,0,0,0,0,0,0,0,11.050098,6.006235,4.53371,2.6867,5.997635,3.462575,3.596915,4.187372,11.834729,6.126311,4.201249,3.794222,4.302797,4.754908,1.267711,2.518185,0.686636,0.140626,3.024159,0.910567,1.236214,0.265024,0.491277,0.897588,0.330518,1.057106,1.731911,1.078149,2.250695,0.235539,0.17465,1.228629,0.0,0.694588,0.28833,0.457166,0.270832,1.454526,0.605949,0.593591,1.178396,0.732695,3.803132,2.646346,0.744055,0.392273,0.473053,1.240583,1.362359,0.569801,2.689425,2.433222,0.495777,1.353901,1.778907,1.457819,1.993085,0.135088,0.131585,0.059211,1.131948,0.184878,0.079291,0.013251,0.138565,1.946577,0.091811,0.355422,0.062662,0.3155,6.589384,2.01247,2.263266,2.409148,5.930056,2.98051,4.306927,1.696151,5.252882,5.38553,2.658832,3.330707,3.387234,3.309058,1.010101,0.609629,0.662711,0.455185,0.794053,0.255719,0.659555,0.238521,4.415192,0.675895,0.260742,2.21864,1.39075,1.030277,0.237272,0.013855,0.02871,0.0,0,0.032829,0.010812,0.013251,0.0,0.005407,0.0,0.032977,0.02959,0.035053,3.660769,4.180811,2.507297,1.162016,3.412739,2.496717,1.913789,1.822037,2.67053,3.790419,1.869262,2.82872,2.140955,2.538769,6.724968,3.910634,2.605388,1.280438,6.115898,2.951137,0.861385,2.040681,5.744158,5.688331,0.899743,4.908122,5.16092,3.571592,0.0,0.003464,0.150725,0.0,0,0.001728,0.0,0,0,0,0.007345,0.201528,0.191468,0.107166,0.698258,0,0.0,0.044408,0,0.005183,0.021625,0.0,1.31637,0.010814,0.003672,0.00916,0.012184,0.115603,0.08135,0.155871,0.066989,0.166531,0.321,0.115765,0.209039,0.139137,0,0.232508,0.198311,0.197864,0.410785,0.195312,0,0,0,0,0,0,0,0,0,0,0,0,0,0
117,1619,1677,1920,697,342,2001,1020,665,1853,1127,1146,2039,2431,18537,182,721,295,33,178,507,343,40,79,169,123,563,1015,4248,341,72,76,341,0,400,78,67,45,274,163,296,641,2794,555,779,307,93,27,727,383,87,424,470,158,695,965,5670,295,40,51,23,64,103,26,2,21,358,24,201,29,1237,1007,575,957,603,343,1691,1189,271,842,984,730,1897,1884,12973,154,169,270,121,50,147,187,29,690,123,73,1201,818,4032,38,6,6,1,0,17,5,1,0,1,1,23,22,121,531,1210,998,307,189,1446,544,295,423,691,570,1559,1198,9961,1027,1164,1089,345,362,1757,240,311,907,1052,240,2684,2896,14074,0,2,56,0,0,0,0,0,0,0,4,115,105,282,107,0,0,14,0,1,7,0,208,2,0,7,5,351,15,42,22,50,21,67,56,19,0,44,66,107,230,739,0,0,0,0,0,0,0,0,0,0,0,0,0,0,10.975527,5.808798,4.593521,2.57938,5.778003,3.457392,3.676206,4.406016,11.670971,6.093868,4.208593,3.735595,4.231432,4.720277,1.233815,2.497402,0.705775,0.122123,3.007265,0.876011,1.236214,0.265024,0.497575,0.91381,0.451708,1.031457,1.766723,1.081714,2.311708,0.249394,0.181827,1.261935,0.0,0.691133,0.281122,0.443914,0.283429,1.481562,0.598604,0.542293,1.115733,0.722354,3.762457,2.698303,0.734485,0.344164,0.456158,1.256134,1.380379,0.576426,2.67053,2.541365,0.580242,1.27329,1.679692,1.443814,1.999864,0.138552,0.122015,0.085116,1.081264,0.177967,0.093707,0.013251,0.132267,1.935763,0.088138,0.368247,0.050478,0.314991,6.826656,1.991687,2.289583,2.231515,5.794898,2.921764,4.285302,1.795534,5.303269,5.320645,2.680867,3.475441,3.279316,3.303455,1.043997,0.585383,0.645964,0.447783,0.844737,0.253991,0.673971,0.192142,4.345909,0.665081,0.268087,2.200319,1.423822,1.026712,0.25761,0.020783,0.014355,0.003701,0,0.029373,0.018021,0.006626,0.0,0.005407,0.003672,0.042138,0.038294,0.032622,3.599756,4.191202,2.387674,1.136111,3.193107,2.498445,1.960643,1.954548,2.664231,3.736347,2.093279,2.856201,2.085255,2.536477,6.96224,4.031867,2.605388,1.276737,6.115898,3.035801,0.86499,2.060558,5.712666,5.688331,0.881381,4.917282,5.040817,3.583815,0.0,0.006928,0.133978,0.0,0,0.0,0.0,0,0,0,0.01469,0.210688,0.182764,0.134329,0.725375,0,0.0,0.05181,0,0.001728,0.025229,0.0,1.310071,0.010814,0.0,0.012825,0.008703,0.128196,0.101688,0.14548,0.052634,0.185034,0.35479,0.115765,0.201831,0.125886,0,0.237915,0.24238,0.196032,0.400341,0.196108,0,0,0,0,0,0,0,0,0,0,0,0,0,0
118,1596,1642,1925,647,340,2000,1000,639,1851,1115,1186,2034,2329,18304,178,692,295,39,170,494,347,58,76,172,125,565,989,4200,344,59,76,330,0,398,76,79,42,273,176,320,639,2812,542,779,295,87,29,741,382,91,421,451,162,708,961,5649,296,42,45,25,64,95,28,4,25,373,35,193,35,1260,972,576,958,572,351,1660,1187,270,841,970,716,1873,1864,12810,156,166,283,128,44,147,163,27,698,121,54,1187,785,3959,41,7,8,0,0,11,4,3,0,1,0,22,22,119,535,1200,1035,310,200,1417,517,289,417,702,540,1530,1218,9910,1008,1143,1076,324,353,1716,240,331,887,1058,229,2658,2870,13893,0,2,57,1,0,1,0,0,0,0,2,103,107,273,101,0,0,7,0,2,5,0,203,2,1,6,7,334,16,45,23,41,19,57,57,13,0,46,62,117,228,724,0,0,0,0,0,0,0,0,0,0,0,0,0,0,10.819605,5.687565,4.605484,2.394345,5.744214,3.455664,3.604123,4.233751,11.658374,6.028982,4.35549,3.726435,4.053889,4.660946,1.206698,2.396952,0.705775,0.144327,2.872107,0.853549,1.250631,0.384284,0.47868,0.930031,0.459053,1.035121,1.721467,1.069491,2.332045,0.204364,0.181827,1.221227,0.0,0.687677,0.273913,0.523421,0.264534,1.476154,0.646346,0.586263,1.112252,0.727008,3.674327,2.698303,0.705775,0.32196,0.489948,1.280323,1.376775,0.602929,2.651634,2.438629,0.594932,1.297107,1.67273,1.438466,2.006644,0.14548,0.107661,0.092517,1.081264,0.164144,0.100915,0.026502,0.15746,2.01687,0.128535,0.35359,0.060921,0.320847,6.589384,1.995151,2.291976,2.116794,5.930056,2.868201,4.278094,1.788909,5.29697,5.244944,2.629453,3.431471,3.244504,3.261949,1.057555,0.574991,0.677066,0.473688,0.743369,0.253991,0.587472,0.178891,4.396297,0.654266,0.198311,2.17467,1.366382,1.008123,0.277947,0.024247,0.01914,0.0,0,0.019006,0.014416,0.019877,0.0,0.005407,0.0,0.040306,0.038294,0.03758,3.626873,4.156564,2.476195,1.147213,3.378949,2.448338,1.863332,1.914795,2.626441,3.795826,1.983107,2.803071,2.120068,2.523491,6.833435,3.959127,2.574286,1.199023,5.963845,2.96496,0.86499,2.19307,5.586698,5.720774,0.840984,4.869648,4.995561,3.537725,0.0,0.006928,0.13637,0.003701,0,0.001728,0.0,0,0,0,0.007345,0.188703,0.186246,0.092596,0.684699,0,0.0,0.025905,0,0.003456,0.018021,0.0,1.278579,0.010814,0.003672,0.010992,0.012184,0.110952,0.108467,0.155871,0.055027,0.151728,0.321,0.098486,0.205435,0.086133,0,0.248729,0.22769,0.214352,0.39686,0.192128,0,0,0,0,0,0,0,0,0,0,0,0,0,0
119,1579,1672,1903,717,348,1951,992,625,1841,1088,1090,2033,2380,18219,179,697,300,35,173,503,331,37,73,168,125,559,988,4168,326,66,72,340,0,377,68,43,44,259,176,307,630,2708,529,776,294,93,27,731,372,75,414,444,148,709,966,5578,294,46,49,34,62,100,26,1,24,350,34,198,28,1246,960,556,980,648,351,1673,1136,233,840,985,704,1867,1913,12846,158,160,298,140,39,156,182,36,696,114,58,1130,801,3968,50,6,9,1,0,12,3,1,0,0,1,18,17,118,543,1196,1056,318,206,1458,513,256,407,699,548,1540,1232,9972,1005,1171,1094,354,357,1717,239,305,876,1033,221,2617,2894,13883,0,1,56,1,0,0,0,0,0,0,2,105,110,275,94,0,0,10,0,2,4,0,199,2,0,4,6,321,12,43,25,48,21,55,52,15,0,44,62,114,227,718,0,0,0,0,0,0,0,0,0,0,0,0,0,0,10.704359,5.791479,4.552849,2.653394,5.879372,3.371,3.57529,4.140993,11.59539,5.882989,4.002938,3.724603,4.142661,4.639301,1.213477,2.414271,0.717738,0.129524,2.922791,0.869099,1.192965,0.245147,0.459785,0.908403,0.459053,1.024128,1.719726,1.061343,2.21002,0.228611,0.172257,1.258234,0.0,0.651393,0.24508,0.2849,0.27713,1.400454,0.646346,0.562446,1.096587,0.70012,3.586198,2.687911,0.703383,0.344164,0.456158,1.263045,1.340734,0.496919,2.607546,2.400779,0.543518,1.298939,1.681433,1.420387,1.993085,0.159335,0.11723,0.125823,1.047474,0.172783,0.093707,0.006626,0.151162,1.892506,0.124862,0.36275,0.048737,0.317282,6.508033,1.925875,2.34461,2.398046,5.930056,2.890663,4.094284,1.543762,5.290672,5.326052,2.585384,3.420479,3.329794,3.271116,1.071114,0.554209,0.712953,0.518096,0.658895,0.269542,0.65595,0.238521,4.3837,0.616416,0.213,2.070242,1.394232,1.010415,0.33896,0.020783,0.021532,0.003701,0,0.020734,0.010812,0.006626,0.0,0.0,0.003672,0.032977,0.02959,0.033483,3.681106,4.142709,2.526437,1.176819,3.480318,2.519179,1.848915,1.696151,2.563457,3.779604,2.012486,2.821391,2.144436,2.539278,6.813097,4.056114,2.61735,1.310044,6.031424,2.966687,0.861385,2.020804,5.517415,5.585595,0.811605,4.794533,5.037336,3.535179,0.0,0.003464,0.133978,0.003701,0,0.0,0.0,0,0,0,0.007345,0.192368,0.191468,0.116056,0.637245,0,0.0,0.037007,0,0.003456,0.014416,0.0,1.253385,0.010814,0.0,0.007328,0.010444,0.117239,0.08135,0.148944,0.059811,0.177633,0.35479,0.095031,0.187414,0.099384,0,0.237915,0.22769,0.208856,0.395119,0.190535,0,0,0,0,0,0,0,0,0,0,0,0,0,0
120,1566,1685,1893,705,341,1979,985,614,1848,1066,1080,2025,2385,18172,182,669,288,33,171,480,325,39,72,169,95,570,938,4031,328,65,70,331,0,358,67,51,45,258,193,300,626,2692,529,753,318,72,28,739,379,102,406,441,169,694,978,5608,296,39,52,15,64,94,27,2,22,351,24,180,36,1202,955,552,907,628,348,1624,1163,258,850,970,651,1890,1878,12674,161,165,299,118,44,145,179,26,696,116,58,1171,775,3953,47,4,10,0,0,11,2,3,0,1,0,21,13,112,533,1206,1020,306,213,1443,519,276,405,711,522,1510,1220,9884,1009,1119,1060,307,348,1738,237,312,855,1023,201,2623,2850,13682,0,2,65,0,0,1,0,0,0,0,3,118,111,300,96,0,0,8,0,1,4,0,201,1,0,5,5,321,13,47,27,46,21,62,53,18,0,44,62,117,221,731,0,0,0,0,0,0,0,0,0,0,0,0,0,0,10.616229,5.836508,4.528925,2.608985,5.761108,3.419379,3.550061,4.068111,11.639478,5.764032,3.966214,3.709946,4.151364,4.627333,1.233815,2.317284,0.689028,0.122123,2.889002,0.829359,1.17134,0.258398,0.453486,0.91381,0.34888,1.044281,1.632696,1.026457,2.223578,0.225147,0.167472,1.224928,0.0,0.618564,0.241476,0.337905,0.283429,1.395047,0.708777,0.549622,1.089624,0.695983,3.586198,2.608244,0.760802,0.26645,0.473053,1.276868,1.365963,0.67581,2.557158,2.384557,0.620639,1.271458,1.70232,1.428026,2.006644,0.135088,0.124408,0.05551,1.081264,0.162416,0.097311,0.013251,0.138565,1.897913,0.088138,0.329773,0.062662,0.306078,6.474137,1.912019,2.16996,2.324032,5.879372,2.805999,4.191595,1.709402,5.353656,5.244944,2.390746,3.462617,3.268873,3.227318,1.091451,0.571528,0.715345,0.436681,0.743369,0.250536,0.645138,0.172265,4.3837,0.62723,0.213,2.145357,1.348976,1.006595,0.318622,0.013855,0.023925,0.0,0,0.019006,0.007208,0.019877,0.0,0.005407,0.0,0.038474,0.022628,0.035369,3.613314,4.177347,2.440308,1.132411,3.598581,2.493261,1.87054,1.828662,2.55086,3.84449,1.917003,2.766429,2.123549,2.51687,6.840214,3.875996,2.536007,1.136111,5.879372,3.002972,0.854177,2.067183,5.385148,5.531524,0.738156,4.805526,4.960749,3.483996,0.0,0.006928,0.15551,0.0,0,0.001728,0.0,0,0,0,0.011017,0.216185,0.193208,0.112021,0.650803,0,0.0,0.029606,0,0.001728,0.014416,0.0,1.265982,0.005407,0.0,0.00916,0.008703,0.117239,0.08813,0.162799,0.064596,0.170232,0.35479,0.107126,0.191019,0.119261,0,0.237915,0.22769,0.214352,0.384676,0.193985,0,0,0,0,0,0,0,0,0,0,0,0,0,0
121,1588,1669,1881,685,340,1937,963,614,1826,1061,1040,1983,2363,17950,186,702,284,30,158,489,317,44,70,173,96,548,949,4046,338,71,74,326,0,344,66,66,44,249,184,310,621,2693,525,748,300,92,25,703,371,78,398,448,137,719,987,5531,296,40,53,23,63,102,25,1,25,347,29,191,29,1224,965,557,924,620,341,1635,1135,268,862,985,696,1843,1875,12706,165,159,280,112,46,147,172,25,692,125,58,1185,788,3954,41,6,10,1,0,16,3,3,0,1,1,16,17,115,533,1194,1022,293,189,1442,499,273,400,703,505,1529,1198,9780,1007,1140,1078,330,368,1712,229,335,868,1038,231,2633,2889,13858,0,1,56,1,0,1,0,0,0,0,0,127,110,296,110,0,0,9,0,0,5,0,199,2,0,4,4,333,13,42,25,50,23,56,51,11,0,47,62,117,212,709,0,0,0,0,0,0,0,0,0,0,0,0,0,0,10.765372,5.781088,4.500215,2.534972,5.744214,3.34681,3.470771,4.068111,11.500913,5.736996,3.819317,3.632999,4.11307,4.570803,1.260931,2.43159,0.679458,0.111021,2.66937,0.84491,1.142507,0.291526,0.440889,0.935439,0.352552,1.003976,1.651842,1.030277,2.29137,0.24593,0.177042,1.206424,0.0,0.594374,0.237872,0.437289,0.27713,1.346383,0.675725,0.567942,1.080921,0.696242,3.559081,2.590925,0.717738,0.340463,0.422369,1.214666,1.33713,0.516796,2.506771,2.422407,0.503122,1.31726,1.717986,1.408418,2.006644,0.138552,0.1268,0.085116,1.064369,0.176239,0.090103,0.006626,0.15746,1.876284,0.1065,0.349926,0.050478,0.31168,6.541929,1.929338,2.210632,2.294427,5.761108,2.825005,4.09068,1.775658,5.429237,5.326052,2.556004,3.376509,3.263651,3.235466,1.118568,0.550745,0.669889,0.414477,0.777158,0.253991,0.619909,0.16564,4.358506,0.675895,0.213,2.171006,1.371604,1.00685,0.277947,0.020783,0.023925,0.003701,0,0.027645,0.010812,0.019877,0.0,0.005407,0.003672,0.029313,0.02959,0.031004,3.613314,4.135781,2.445093,1.084302,3.193107,2.491534,1.798457,1.808786,2.519368,3.801233,1.854572,2.801238,2.085255,2.490387,6.826656,3.948736,2.579071,1.221227,6.217266,2.958048,0.825344,2.219572,5.467028,5.612631,0.848329,4.823846,5.028633,3.528813,0.0,0.003464,0.133978,0.003701,0,0.001728,0.0,0,0,0,0.0,0.232673,0.191468,0.110613,0.745712,0,0.0,0.033306,0,0.0,0.018021,0.0,1.253385,0.010814,0.0,0.007328,0.006962,0.154221,0.08813,0.14548,0.059811,0.185034,0.388579,0.096759,0.18381,0.072881,0,0.254136,0.22769,0.214352,0.36901,0.188147,0,0,0,0,0,0,0,0,0,0,0,0,0,0
122,1555,1651,1868,667,340,1942,974,668,1811,1049,1060,1989,2312,17886,186,694,284,31,158,486,316,46,68,169,101,552,967,4058,337,73,58,301,0,343,74,66,41,248,185,306,645,2677,511,781,291,98,25,712,370,82,392,428,156,687,951,5484,286,40,41,17,69,96,22,0,23,347,24,186,26,1177,951,548,924,578,349,1602,1156,233,866,959,728,1842,1855,12591,165,162,298,113,42,145,177,31,691,125,54,1186,770,3959,31,6,9,0,0,11,4,2,0,1,0,19,19,102,535,1234,988,283,194,1450,515,269,396,689,504,1531,1183,9771,984,1155,1090,313,360,1729,220,315,866,1027,201,2633,2859,13752,0,1,60,0,0,2,0,0,0,0,5,112,105,285,98,0,0,8,0,3,6,0,198,2,0,6,7,328,12,47,18,41,22,54,55,18,0,46,49,122,238,722,0,0,0,0,0,0,0,0,0,0,0,0,0,0,10.541658,5.718739,4.469113,2.468359,5.744214,3.35545,3.510416,4.425893,11.406437,5.67211,3.892765,3.643992,4.024299,4.554506,1.260931,2.403879,0.679458,0.114721,2.66937,0.839726,1.138903,0.304777,0.428292,0.91381,0.370914,1.011304,1.683173,1.033332,2.284591,0.252858,0.138763,1.113907,0.0,0.592646,0.266705,0.437289,0.258235,1.340975,0.679398,0.560614,1.122696,0.692105,3.464172,2.70523,0.696206,0.362667,0.422369,1.230216,1.333526,0.543298,2.46898,2.314264,0.572898,1.258634,1.655324,1.39645,1.938852,0.138552,0.098091,0.062912,1.165737,0.165872,0.079291,0.0,0.144864,1.876284,0.088138,0.340765,0.045256,0.311691,6.447021,1.898164,2.210632,2.138998,5.896266,2.767987,4.166366,1.543762,5.454431,5.185466,2.673522,3.374677,3.228838,3.206183,1.118568,0.561136,0.712953,0.418178,0.709579,0.250536,0.63793,0.205393,4.352208,0.675895,0.198311,2.172838,1.340273,1.008123,0.210155,0.020783,0.021532,0.0,0,0.019006,0.014416,0.013251,0.0,0.005407,0.0,0.034809,0.033072,0.032211,3.626873,4.274333,2.363749,1.047295,3.277581,2.505356,1.856123,1.782283,2.494174,3.725533,1.8509,2.804903,2.059146,2.488096,6.670734,4.000693,2.60778,1.158315,6.082108,2.987421,0.792907,2.08706,5.454431,5.553152,0.738156,4.823846,4.976415,3.501821,0.0,0.003464,0.143548,0.0,0,0.003456,0.0,0,0,0,0.018362,0.205192,0.182764,0.10642,0.664362,0,0.0,0.029606,0,0.005183,0.021625,0.0,1.247087,0.010814,0.0,0.010992,0.012184,0.119795,0.08135,0.162799,0.043064,0.151728,0.371684,0.093303,0.198227,0.119261,0,0.248729,0.179949,0.223513,0.414266,0.191597,0,0,0,0,0,0,0,0,0,0,0,0,0,0
123,1534,1640,1897,633,342,1982,952,588,1791,1036,1046,1954,2340,17735,183,685,278,31,155,484,315,49,69,164,81,536,932,3962,341,69,68,295,0,340,66,57,40,255,165,274,627,2597,512,741,314,73,27,719,380,79,385,439,163,664,970,5466,289,40,45,21,67,97,26,1,24,353,21,192,29,1205,949,524,928,623,350,1581,1134,228,856,968,691,1811,1827,12470,163,156,287,124,41,146,174,23,682,122,60,1216,786,3980,39,4,9,1,0,10,2,2,0,1,1,21,14,104,530,1236,999,277,197,1418,510,233,394,707,518,1529,1188,9736,969,1095,1067,304,350,1710,225,283,854,1039,229,2624,2793,13542,0,1,58,0,0,0,0,0,0,0,0,109,106,274,100,0,0,4,0,2,5,0,194,2,1,8,6,322,13,50,24,44,25,59,52,17,0,50,49,115,236,734,0,0,0,0,0,0,0,0,0,0,0,0,0,0,10.399295,5.680637,4.538495,2.342536,5.778003,3.424563,3.431125,3.895846,11.280469,5.601817,3.841351,3.579869,4.073036,4.516055,1.240594,2.372705,0.665104,0.114721,2.618686,0.836271,1.135299,0.324654,0.434591,0.886774,0.297466,0.981991,1.622252,1.008887,2.311708,0.239002,0.162687,1.091703,0.0,0.587463,0.237872,0.377659,0.251937,1.378826,0.605949,0.501988,1.091365,0.671422,3.470951,2.566678,0.751232,0.27015,0.456158,1.242311,1.369567,0.523421,2.424891,2.373743,0.598604,1.216496,1.688395,1.391867,1.959189,0.138552,0.107661,0.077714,1.131948,0.1676,0.093707,0.006626,0.151162,1.908727,0.077121,0.351758,0.050478,0.306842,6.433462,1.815033,2.220202,2.305529,5.913161,2.731702,4.087076,1.510634,5.391447,5.23413,2.537642,3.317883,3.180101,3.175371,1.10501,0.540353,0.686636,0.458885,0.692685,0.252263,0.627117,0.152389,4.295522,0.659673,0.220345,2.2278,1.368122,1.01347,0.264389,0.013855,0.021532,0.003701,0,0.017278,0.007208,0.013251,0.0,0.005407,0.003672,0.038474,0.024369,0.028039,3.592977,4.281261,2.390067,1.025091,3.328265,2.450066,1.838103,1.543762,2.481577,3.822861,1.902314,2.801238,2.067849,2.479183,6.569046,3.792865,2.552754,1.125009,5.913161,2.954593,0.810928,1.875041,5.37885,5.618038,0.840984,4.807358,4.861534,3.448346,0.0,0.003464,0.138763,0.0,0,0.0,0.0,0,0,0,0.0,0.199696,0.184505,0.149971,0.67792,0,0.0,0.014803,0,0.003456,0.018021,0.0,1.221893,0.010814,0.003672,0.014657,0.010444,0.106966,0.08813,0.17319,0.057419,0.16283,0.422369,0.101942,0.187414,0.112635,0,0.270358,0.179949,0.210688,0.410785,0.194781,0,0,0,0,0,0,0,0,0,0,0,0,0,0
124,1518,1652,1831,629,341,1923,939,611,1793,1030,1038,1943,2318,17566,184,700,287,30,160,478,308,36,65,166,105,538,948,4005,344,76,55,294,0,331,70,61,41,251,167,281,640,2611,520,759,274,94,26,697,381,99,379,440,153,662,925,5409,286,42,38,22,62,98,24,0,21,355,25,189,32,1194,945,517,912,595,355,1580,1113,257,850,952,689,1822,1851,12438,159,171,307,113,41,144,171,24,673,123,57,1159,814,3956,38,5,8,1,0,12,3,2,0,1,1,17,10,98,538,1201,987,299,197,1425,513,282,399,696,506,1495,1195,9733,980,1097,1043,296,353,1733,234,316,853,1032,236,2566,2821,13560,0,1,68,1,0,2,0,0,0,0,2,113,109,296,93,0,0,12,0,1,5,0,193,3,0,7,7,321,12,47,23,43,23,61,58,22,0,46,54,117,229,735,0,0,0,0,0,0,0,0,0,0,0,0,0,0,10.290828,5.722203,4.380592,2.327733,5.761108,3.322621,3.384272,4.048234,11.293065,5.569374,3.811972,3.559716,4.034743,4.473021,1.247373,2.424662,0.686636,0.111021,2.703159,0.825904,1.11007,0.238521,0.409397,0.897588,0.385604,0.985655,1.650102,1.019837,2.332045,0.263249,0.131585,1.088002,0.0,0.571912,0.252289,0.404161,0.258235,1.357197,0.613294,0.514812,1.113993,0.675042,3.525185,2.629027,0.655534,0.347865,0.439263,1.204299,1.373171,0.655933,2.387101,2.37915,0.56188,1.212832,1.610068,1.377352,1.938852,0.14548,0.090913,0.081415,1.047474,0.169328,0.086499,0.0,0.132267,1.919541,0.091811,0.346262,0.0557,0.316193,6.406345,1.790786,2.181923,2.20191,5.997635,2.729974,4.011389,1.702776,5.353656,5.147615,2.530297,3.338036,3.221876,3.167223,1.077893,0.59231,0.734485,0.418178,0.692685,0.248808,0.616305,0.159014,4.238836,0.665081,0.209328,2.123372,1.41686,1.007359,0.25761,0.017319,0.01914,0.003701,0,0.020734,0.010812,0.013251,0.0,0.005407,0.003672,0.031145,0.017406,0.026421,3.64721,4.160028,2.361357,1.106506,3.328265,2.46216,1.848915,1.868416,2.513069,3.763383,1.858245,2.738948,2.080033,2.478419,6.643617,3.799792,2.495335,1.095404,5.963845,2.994333,0.843365,2.093686,5.372551,5.580188,0.866691,4.701097,4.910271,3.45293,0.0,0.003464,0.162687,0.003701,0,0.003456,0.0,0,0,0,0.007345,0.207024,0.189727,0.100397,0.630466,0,0.0,0.044408,0,0.001728,0.018021,0.0,1.215595,0.016221,0.0,0.012825,0.012184,0.117239,0.08135,0.162799,0.055027,0.15913,0.388579,0.105398,0.209039,0.145763,0,0.248729,0.198311,0.214352,0.398601,0.195047,0,0,0,0,0,0,0,0,0,0,0,0,0,0
125,1499,1649,1912,671,340,1942,945,568,1799,1032,1018,1998,2296,17669,191,698,284,21,151,485,307,34,66,157,94,552,902,3942,340,67,56,299,0,320,67,58,40,238,159,274,629,2547,511,735,313,76,25,712,386,77,384,430,158,681,948,5436,290,38,48,19,65,104,25,0,22,345,29,197,23,1205,942,532,936,527,366,1588,1135,232,857,981,683,1798,1870,12447,165,166,273,94,44,141,184,22,683,112,52,1191,761,3888,36,6,9,0,0,14,4,5,0,1,1,18,18,112,546,1204,984,279,189,1395,512,252,395,691,502,1552,1189,9690,982,1130,1085,291,360,1731,221,293,834,1031,195,2632,2848,13633,0,1,64,0,0,1,0,0,0,0,3,116,95,280,100,0,0,11,0,3,3,0,198,3,1,8,6,333,13,40,28,51,25,56,53,13,0,46,52,117,232,726,0,0,0,0,0,0,0,0,0,0,0,0,0,0,10.162023,5.711812,4.574382,2.483162,5.744214,3.35545,3.405896,3.763334,11.330856,5.580188,3.738524,3.66048,3.996449,4.499249,1.294827,2.417735,0.679458,0.077714,2.551107,0.837998,1.106466,0.22527,0.415696,0.848924,0.345207,1.011304,1.570034,1.003794,2.304928,0.232075,0.133978,1.106506,0.0,0.552906,0.241476,0.384284,0.251937,1.286904,0.583915,0.501988,1.094846,0.658495,3.464172,2.545895,0.74884,0.281252,0.422369,1.230216,1.391192,0.51017,2.418593,2.325078,0.580242,1.247641,1.650102,1.384228,1.965968,0.131625,0.114838,0.070313,1.098158,0.179695,0.090103,0.0,0.138565,1.86547,0.1065,0.360918,0.040034,0.319106,6.386008,1.842743,2.239342,1.950263,6.183477,2.743797,4.09068,1.537136,5.397745,5.304423,2.508263,3.294066,3.254948,3.169514,1.118568,0.574991,0.653141,0.347865,0.743369,0.243624,0.663159,0.145763,4.30182,0.605602,0.190966,2.181998,1.324607,0.990044,0.244051,0.020783,0.021532,0.0,0,0.02419,0.014416,0.033128,0.0,0.005407,0.003672,0.032977,0.031331,0.032568,3.701444,4.170419,2.35418,1.032492,3.193107,2.410326,1.845311,1.669648,2.487876,3.736347,1.843555,2.843376,2.06959,2.46747,6.657176,3.914098,2.595818,1.0769,6.082108,2.990877,0.796511,1.941297,5.252882,5.574781,0.716122,4.822014,4.957268,3.471518,0.0,0.003464,0.153117,0.0,0,0.001728,0.0,0,0,0,0.011017,0.21252,0.165358,0.104553,0.67792,0,0.0,0.040708,0,0.005183,0.010812,0.0,1.247087,0.016221,0.003672,0.014657,0.010444,0.11062,0.08813,0.138552,0.066989,0.188735,0.422369,0.096759,0.191019,0.086133,0,0.248729,0.190966,0.214352,0.403822,0.192658,0,0,0,0,0,0,0,0,0,0,0,0,0,0
126,1502,1628,1832,620,334,1876,966,574,1804,1052,1016,1949,2242,17395,185,681,269,28,160,490,301,47,68,167,112,536,921,3965,331,74,61,302,0,327,77,63,42,240,165,271,646,2599,506,752,287,76,26,680,384,89,387,435,140,675,919,5356,295,37,35,18,63,88,27,1,21,365,26,202,24,1202,953,540,904,530,347,1515,1103,226,862,947,648,1809,1817,12201,163,158,302,106,43,128,170,32,686,117,58,1186,803,3952,41,4,5,1,0,16,5,1,0,1,2,21,18,115,566,1217,996,306,190,1381,496,253,398,673,485,1548,1195,9704,969,1089,1105,309,359,1721,214,312,853,994,200,2636,2810,13571,0,1,64,0,0,2,0,0,0,0,1,115,115,298,98,0,0,4,0,0,2,0,196,3,0,7,6,316,11,40,28,44,24,51,50,12,0,43,44,116,236,699,0,0,0,0,0,0,0,0,0,0,0,0,0,0,10.182361,5.639072,4.382985,2.294427,5.642845,3.241413,3.481583,3.803088,11.362348,5.688331,3.731179,3.570709,3.902456,4.429477,1.254152,2.35885,0.643571,0.103619,2.703159,0.846638,1.084841,0.311403,0.428292,0.902996,0.411311,0.981991,1.603105,1.009651,2.243916,0.256321,0.14594,1.117608,0.0,0.565001,0.277517,0.417412,0.264534,1.297718,0.605949,0.496492,1.124436,0.671939,3.430276,2.60478,0.686636,0.281252,0.439263,1.174926,1.383983,0.589677,2.437488,2.352114,0.514139,1.236649,1.599624,1.363856,1.999864,0.128161,0.083736,0.066612,1.064369,0.152049,0.097311,0.006626,0.132267,1.973613,0.095483,0.370079,0.041775,0.306078,6.460579,1.870454,2.162783,1.961365,5.862477,2.617665,3.975348,1.497383,5.429237,5.12058,2.379728,3.314219,3.162695,3.106873,1.10501,0.547281,0.722523,0.392273,0.726474,0.221162,0.612701,0.212019,4.320716,0.632638,0.213,2.172838,1.397713,1.006341,0.277947,0.013855,0.011962,0.003701,0,0.027645,0.018021,0.006626,0.0,0.005407,0.007345,0.038474,0.031331,0.031004,3.837028,4.215449,2.382889,1.132411,3.210002,2.386136,1.787645,1.676274,2.506771,3.639018,1.781124,2.836048,2.080033,2.471035,6.569046,3.772082,2.643667,1.143513,6.065214,2.973599,0.771282,2.067183,5.372551,5.374716,0.734484,4.829342,4.891125,3.455731,0.0,0.003464,0.153117,0.0,0,0.003456,0.0,0,0,0,0.003672,0.210688,0.200171,0.111274,0.664362,0,0.0,0.014803,0,0.0,0.007208,0.0,1.23449,0.016221,0.0,0.012825,0.010444,0.146348,0.074571,0.138552,0.066989,0.16283,0.405474,0.088119,0.180206,0.079507,0,0.232508,0.161586,0.21252,0.410785,0.185493,0,0,0,0,0,0,0,0,0,0,0,0,0,0
127,1485,1646,1911,639,331,1845,934,576,1783,1025,995,1995,2253,17418,189,674,279,30,159,482,303,51,65,165,96,517,906,3916,334,57,72,267,0,322,65,63,40,239,155,282,636,2532,504,747,305,76,29,663,361,86,380,429,131,682,936,5329,288,38,38,17,62,91,25,0,21,346,25,190,28,1169,955,511,907,595,348,1579,1103,214,854,944,610,1837,1822,12279,161,151,285,96,46,145,171,25,684,113,61,1194,757,3889,41,5,6,0,0,12,4,5,0,2,1,20,12,108,564,1213,989,278,194,1412,509,261,398,684,487,1565,1191,9745,977,1072,1084,288,369,1707,218,269,832,994,193,2649,2831,13483,0,1,70,0,0,1,0,0,0,0,2,112,112,298,98,0,0,6,0,0,4,0,192,3,0,8,6,317,10,44,19,38,22,56,52,10,0,44,54,108,230,687,0,0,0,0,0,0,0,0,0,0,0,0,0,0,10.067114,5.70142,4.571989,2.36474,5.592161,3.18785,3.366251,3.816339,11.230081,5.542338,3.654058,3.654984,3.921603,4.435334,1.281269,2.334603,0.667496,0.111021,2.686265,0.832815,1.092049,0.337905,0.409397,0.892181,0.352552,0.947181,1.576996,0.997173,2.264253,0.197437,0.172257,0.988084,0.0,0.556362,0.234268,0.417412,0.251937,1.292311,0.569225,0.516644,1.10703,0.654617,3.416718,2.587461,0.7297,0.281252,0.489948,1.145553,1.301088,0.569801,2.393399,2.319671,0.481087,1.249473,1.629214,1.356981,1.95241,0.131625,0.090913,0.062912,1.047474,0.157233,0.090103,0.0,0.132267,1.870877,0.091811,0.348094,0.048737,0.309573,6.474137,1.770003,2.16996,2.20191,5.879372,2.728247,3.975348,1.417876,5.37885,5.104358,2.240176,3.365517,3.171398,3.126735,1.091451,0.523034,0.681851,0.355266,0.777158,0.250536,0.616305,0.16564,4.308119,0.611009,0.224018,2.187494,1.317645,0.990298,0.277947,0.017319,0.014355,0.0,0,0.020734,0.014416,0.033128,0.0,0.010814,0.003672,0.036641,0.020887,0.031405,3.82347,4.201593,2.366142,1.028791,3.277581,2.439699,1.834499,1.729278,2.506771,3.698497,1.788469,2.867193,2.073071,2.481475,6.62328,3.713197,2.593426,1.065798,6.234161,2.949409,0.785699,1.782283,5.240285,5.374716,0.708777,4.853159,4.927677,3.433322,0.0,0.003464,0.167472,0.0,0,0.001728,0.0,0,0,0,0.007345,0.205192,0.194949,0.111274,0.664362,0,0.0,0.022204,0,0.0,0.014416,0.0,1.209296,0.016221,0.0,0.014657,0.010444,0.146811,0.067792,0.152407,0.045457,0.140626,0.371684,0.096759,0.187414,0.066256,0,0.237915,0.198311,0.197864,0.400341,0.182309,0,0,0,0,0,0,0,0,0,0,0,0,0,0
128,1468,1591,1822,623,330,1884,919,576,1748,1036,1041,1909,2293,17240,188,663,278,45,158,477,301,37,63,171,101,525,909,3916,329,59,66,292,0,302,65,64,41,245,153,276,611,2503,508,734,297,88,29,664,369,81,374,417,156,661,950,5328,290,39,52,12,65,91,25,1,20,345,27,191,35,1193,927,523,893,551,351,1564,1113,218,838,954,637,1787,1810,12166,156,162,281,109,40,152,162,26,685,114,62,1154,793,3896,41,2,8,0,0,9,5,3,0,3,0,15,16,102,571,1180,983,304,191,1406,503,270,396,676,496,1557,1169,9702,937,1069,1062,317,366,1706,214,305,829,1021,199,2570,2818,13413,0,0,64,0,0,1,0,0,0,0,3,109,116,293,102,0,0,9,0,1,5,0,195,2,0,7,7,328,12,38,21,47,23,60,54,16,0,48,50,111,242,722,0,0,0,0,0,0,0,0,0,0,0,0,0,0,9.951868,5.510911,4.35906,2.305529,5.575266,3.255235,3.312189,3.816339,11.009637,5.601817,3.822989,3.497426,3.991227,4.390008,1.27449,2.296502,0.665104,0.166531,2.66937,0.824176,1.084841,0.245147,0.3968,0.924624,0.370914,0.961838,1.582218,0.997173,2.230357,0.204364,0.157902,1.080601,0.0,0.521805,0.234268,0.424038,0.258235,1.324754,0.56188,0.505652,1.063515,0.64712,3.443834,2.542432,0.71056,0.325661,0.489948,1.14728,1.329921,0.536673,2.355609,2.254785,0.572898,1.211,1.653583,1.356726,1.965968,0.135088,0.124408,0.044408,1.098158,0.157233,0.090103,0.006626,0.125968,1.86547,0.099155,0.349926,0.060921,0.303787,6.28432,1.811569,2.136466,2.039079,5.930056,2.702329,4.011389,1.444378,5.278075,5.15843,2.339332,3.273913,3.150511,3.09796,1.057555,0.561136,0.672281,0.403375,0.67579,0.26263,0.583868,0.172265,4.314417,0.616416,0.22769,2.114211,1.380307,0.992081,0.277947,0.006928,0.01914,0.0,0,0.01555,0.018021,0.019877,0.0,0.016221,0.0,0.027481,0.02785,0.032211,3.870924,4.087288,2.351787,1.125009,3.226896,2.429332,1.812874,1.788909,2.494174,3.65524,1.82152,2.852537,2.034777,2.470525,6.352112,3.702806,2.540791,1.173118,6.183477,2.947681,0.771282,2.020804,5.221389,5.520709,0.730812,4.708426,4.90505,3.415497,0.0,0.0,0.153117,0.0,0,0.001728,0.0,0,0,0,0.011017,0.199696,0.201911,0.122626,0.691479,0,0.0,0.033306,0,0.001728,0.018021,0.0,1.228192,0.010814,0.0,0.012825,0.012184,0.119795,0.08135,0.131625,0.050242,0.173932,0.388579,0.10367,0.194623,0.106009,0,0.259544,0.183621,0.20336,0.421229,0.191597,0,0,0,0,0,0,0,0,0,0,0,0,0,0
129,1485,1613,1813,618,317,1886,924,584,1749,1014,1005,1957,2250,17215,184,666,281,38,160,476,305,45,62,157,82,542,908,3906,328,66,69,273,0,307,74,57,41,244,160,275,655,2549,508,727,319,62,28,667,359,80,381,421,116,677,929,5274,287,38,49,10,64,87,23,0,21,353,25,196,27,1180,932,539,874,554,334,1565,1098,229,833,937,628,1821,1843,12187,163,157,283,103,42,131,183,27,674,111,49,1162,775,3860,37,4,7,0,0,11,5,2,0,3,0,23,23,115,559,1177,966,305,190,1395,496,268,410,668,489,1508,1204,9635,931,1078,1058,298,351,1691,211,320,813,980,223,2570,2833,13357,0,1,77,0,0,1,0,0,0,0,2,100,111,292,105,0,0,6,0,4,2,0,190,1,1,9,7,325,10,40,28,41,24,59,61,21,0,47,56,103,236,726,0,0,0,0,0,0,0,0,0,0,0,0,0,0,10.067114,5.587115,4.337528,2.287025,5.355634,3.258691,3.33021,3.869343,11.015935,5.482859,3.690782,3.585365,3.916381,4.383642,1.247373,2.306893,0.672281,0.140626,2.703159,0.822448,1.099258,0.298151,0.390502,0.848924,0.301138,0.992983,1.580477,0.994627,2.223578,0.228611,0.16508,1.010288,0.0,0.530444,0.266705,0.377659,0.258235,1.319347,0.587587,0.50382,1.140102,0.659012,3.443834,2.518185,0.763194,0.229443,0.473053,1.152464,1.29388,0.530047,2.399698,2.276414,0.426001,1.240313,1.61703,1.342976,1.945631,0.131625,0.11723,0.037007,1.081264,0.150321,0.082895,0.0,0.132267,1.908727,0.091811,0.359086,0.046997,0.312486,6.318216,1.86699,2.091009,2.050181,5.642845,2.704057,3.957327,1.51726,5.246583,5.066508,2.30628,3.336204,3.207951,3.103308,1.10501,0.543817,0.677066,0.381171,0.709579,0.226346,0.659555,0.178891,4.245134,0.600195,0.179949,2.128868,1.348976,0.982914,0.25083,0.013855,0.016747,0.0,0,0.019006,0.018021,0.013251,0.0,0.016221,0.0,0.042138,0.040034,0.036316,3.789574,4.076896,2.311115,1.12871,3.210002,2.410326,1.787645,1.775658,2.582352,3.611982,1.795813,2.762765,2.095699,2.453464,6.311437,3.73398,2.531222,1.102805,5.930056,2.921764,0.76047,2.120188,5.120615,5.299016,0.81895,4.708426,4.931159,3.401238,0.0,0.003464,0.184219,0.0,0,0.001728,0.0,0,0,0,0.007345,0.183207,0.193208,0.109033,0.711816,0,0.0,0.022204,0,0.006911,0.007208,0.0,1.1967,0.005407,0.003672,0.016489,0.012184,0.107963,0.067792,0.138552,0.066989,0.151728,0.405474,0.101942,0.219852,0.139137,0,0.254136,0.205656,0.188703,0.410785,0.192658,0,0,0,0,0,0,0,0,0,0,0,0,0,0
130,1467,1565,1817,603,312,1825,914,615,1736,990,1009,1952,2254,17059,186,677,277,34,157,474,294,45,60,161,94,531,896,3886,335,71,75,264,0,318,77,58,40,234,155,278,615,2520,507,730,294,72,27,689,350,72,377,414,130,658,940,5260,288,30,43,16,62,89,21,1,18,353,15,191,33,1160,925,521,862,563,344,1517,1103,223,823,927,657,1772,1810,12047,156,153,294,109,40,146,168,28,676,112,42,1139,774,3837,37,5,5,0,0,10,5,4,0,3,0,20,16,105,565,1170,946,280,186,1399,512,279,397,676,489,1508,1172,9579,940,1064,1044,295,351,1634,210,306,820,984,193,2581,2763,13185,0,1,58,0,0,1,0,0,0,0,2,107,112,281,102,0,0,10,0,5,3,0,187,3,1,6,8,325,10,42,23,48,20,58,60,14,0,48,42,109,232,706,0,0,0,0,0,0,0,0,0,0,0,0,0,0,9.945088,5.420852,4.347098,2.231515,5.271161,3.153293,3.294169,4.074737,10.934056,5.353087,3.705472,3.576205,3.923343,4.343918,1.260931,2.344995,0.662711,0.125823,2.652475,0.818992,1.059612,0.298151,0.377905,0.870553,0.345207,0.97283,1.55959,0.989534,2.271032,0.24593,0.179434,0.976982,0.0,0.549451,0.277517,0.384284,0.251937,1.265275,0.569225,0.509316,1.070477,0.651515,3.437055,2.528576,0.703383,0.26645,0.456158,1.190476,1.261443,0.477042,2.374504,2.238564,0.477415,1.205504,1.636177,1.339411,1.95241,0.103914,0.102876,0.059211,1.047474,0.153777,0.075687,0.006626,0.113372,1.908727,0.055086,0.349926,0.05744,0.295383,6.270761,1.804641,2.0623,2.083488,5.811793,2.621121,3.975348,1.477506,5.183599,5.012436,2.41278,3.246432,3.150511,3.067658,1.057555,0.529962,0.703383,0.403375,0.67579,0.252263,0.605493,0.185516,4.257731,0.605602,0.154242,2.08673,1.347235,0.977057,0.25083,0.017319,0.011962,0.0,0,0.017278,0.018021,0.026502,0.0,0.016221,0.0,0.036641,0.02785,0.033158,3.830249,4.05265,2.263266,1.036193,3.142423,2.417237,1.845311,1.848539,2.500472,3.65524,1.795813,2.762765,2.039999,2.439205,6.372449,3.685487,2.497727,1.091703,5.930056,2.823277,0.756866,2.02743,5.164704,5.320645,0.708777,4.728578,4.809316,3.357439,0.0,0.003464,0.138763,0.0,0,0.001728,0.0,0,0,0,0.007345,0.196032,0.194949,0.104926,0.691479,0,0.0,0.037007,0,0.008639,0.010812,0.0,1.177804,0.016221,0.003672,0.010992,0.013925,0.107963,0.067792,0.14548,0.055027,0.177633,0.337895,0.100214,0.216247,0.092758,0,0.259544,0.154242,0.199696,0.403822,0.187351,0,0,0,0,0,0,0,0,0,0,0,0,0,0
131,1457,1559,1800,605,310,1847,880,584,1713,995,1030,1942,2268,16990,183,667,293,32,153,470,306,42,57,159,110,520,933,3925,329,65,70,304,0,327,82,65,39,243,173,256,610,2563,508,723,308,81,26,668,359,87,369,409,146,667,944,5295,279,36,39,17,61,85,22,1,18,350,15,170,31,1124,929,490,886,573,334,1552,1091,211,810,935,602,1762,1791,11966,161,153,284,125,38,160,165,33,674,112,65,1162,766,3898,41,5,6,0,0,15,5,0,0,3,0,20,18,113,577,1137,942,273,187,1370,499,260,402,668,494,1516,1159,9484,951,1086,1052,289,354,1628,208,291,796,976,213,2544,2762,13150,0,1,69,0,0,0,0,0,0,0,3,104,104,281,98,0,0,10,0,4,5,0,190,2,1,6,9,325,10,42,20,48,19,61,54,14,0,45,62,113,241,729,0,0,0,0,0,0,0,0,0,0,0,0,0,0,9.877296,5.400069,4.306426,2.238916,5.237371,3.191306,3.171628,3.869343,10.789192,5.380123,3.782593,3.557884,3.947712,4.326348,1.240594,2.310357,0.70099,0.118422,2.584896,0.812081,1.102862,0.278275,0.35901,0.859738,0.403966,0.952678,1.623993,0.999465,2.230357,0.225147,0.167472,1.125009,0.0,0.565001,0.295538,0.430663,0.245638,1.31394,0.635329,0.46901,1.061774,0.662632,3.443834,2.50433,0.736877,0.299756,0.439263,1.154192,1.29388,0.576426,2.324117,2.211528,0.536173,1.221992,1.643139,1.348323,1.891397,0.124697,0.093306,0.062912,1.030579,0.146866,0.079291,0.006626,0.113372,1.892506,0.055086,0.311452,0.053959,0.286216,6.297878,1.697264,2.119719,2.120494,5.642845,2.681595,3.932098,1.397999,5.101719,5.055694,2.210797,3.228111,3.117439,3.047032,1.091451,0.529962,0.679458,0.462586,0.642,0.276453,0.59468,0.218644,4.245134,0.605602,0.238707,2.128868,1.33331,0.99259,0.277947,0.017319,0.014355,0.0,0,0.025917,0.018021,0.0,0.0,0.016221,0.0,0.036641,0.031331,0.037471,3.911599,3.938344,2.253696,1.010288,3.159317,2.36713,1.798457,1.722653,2.531964,3.611982,1.814176,2.777422,2.017371,2.415014,6.447021,3.76169,2.516867,1.069499,5.98074,2.81291,0.749658,1.928046,5.013542,5.277387,0.782225,4.660792,4.807575,3.348527,0.0,0.003464,0.16508,0.0,0,0.0,0.0,0,0,0,0.011017,0.190536,0.181024,0.133853,0.664362,0,0.0,0.037007,0,0.006911,0.018021,0.0,1.1967,0.010814,0.003672,0.010992,0.015666,0.107963,0.067792,0.14548,0.047849,0.177633,0.321,0.105398,0.194623,0.092758,0,0.243322,0.22769,0.207024,0.419488,0.193454,0,0,0,0,0,0,0,0,0,0,0,0,0,0
132,1462,1541,1807,633,309,1820,865,596,1680,992,985,1911,2238,16839,184,655,259,39,148,460,306,37,57,159,89,516,891,3800,330,58,68,289,0,335,84,64,38,250,155,259,604,2534,504,712,306,69,26,670,349,94,366,412,148,648,934,5238,276,36,41,17,63,90,19,1,18,330,27,182,30,1130,899,499,855,546,330,1546,1067,231,799,915,582,1761,1755,11785,157,156,282,117,38,146,165,30,673,116,59,1185,767,3891,37,5,5,0,0,7,5,2,0,3,0,17,16,97,552,1149,977,275,182,1413,501,253,401,652,476,1510,1160,9501,931,1070,1018,304,347,1619,209,333,794,960,210,2545,2726,13066,0,1,78,0,0,1,0,0,0,0,0,107,106,293,94,0,0,8,0,2,7,0,189,3,1,7,9,320,12,42,24,36,20,61,45,17,0,46,58,113,230,704,0,0,0,0,0,0,0,0,0,0,0,0,0,0,9.911192,5.337721,4.323173,2.342536,5.220476,3.144654,3.117566,3.94885,10.581344,5.363902,3.617334,3.50109,3.895494,4.287897,1.247373,2.268791,0.619647,0.144327,2.500422,0.794803,1.102862,0.245147,0.35901,0.859738,0.326845,0.945349,1.550887,0.967635,2.237136,0.200901,0.162687,1.069499,0.0,0.578824,0.302746,0.424038,0.23934,1.35179,0.569225,0.474507,1.051331,0.655134,3.416718,2.466228,0.732092,0.255347,0.439263,1.157647,1.257839,0.622805,2.305221,2.22775,0.543518,1.187183,1.625733,1.333809,1.87106,0.124697,0.098091,0.062912,1.064369,0.155505,0.068478,0.006626,0.113372,1.784362,0.099155,0.333437,0.052218,0.287744,6.094502,1.728438,2.045552,2.020576,5.575266,2.671228,3.845599,1.530511,5.032437,4.947551,2.137349,3.226279,3.054777,3.000942,1.064335,0.540353,0.674673,0.432981,0.642,0.252263,0.59468,0.198768,4.238836,0.62723,0.216673,2.171006,1.335051,0.990807,0.25083,0.017319,0.011962,0.0,0,0.012095,0.018021,0.013251,0.0,0.016221,0.0,0.031145,0.02785,0.030632,3.742119,3.97991,2.337432,1.017689,3.074844,2.441426,1.805666,1.676274,2.525666,3.525468,1.748072,2.766429,2.019112,2.419343,6.311437,3.706269,2.435523,1.125009,5.862477,2.79736,0.753262,2.206321,5.000945,5.190873,0.771208,4.662624,4.744913,3.327137,0.0,0.003464,0.186612,0.0,0,0.001728,0.0,0,0,0,0.0,0.196032,0.184505,0.12179,0.637245,0,0.0,0.029606,0,0.003456,0.025229,0.0,1.190401,0.016221,0.003672,0.012825,0.015666,0.106302,0.08135,0.14548,0.057419,0.133225,0.337895,0.105398,0.162186,0.112635,0,0.248729,0.213,0.207024,0.400341,0.18682,0,0,0,0,0,0,0,0,0,0,0,0,0,0
133,1453,1557,1765,607,298,1863,889,565,1663,968,998,1890,2173,16689,182,655,272,28,150,458,297,32,58,155,112,519,882,3800,341,63,56,284,0,338,79,63,39,242,156,261,601,2523,498,697,297,67,28,666,355,85,367,403,130,639,911,5143,274,32,38,13,63,92,19,0,18,348,9,186,32,1124,906,502,851,602,329,1544,1081,205,794,917,640,1746,1786,11903,159,163,273,107,39,134,171,25,675,107,64,1166,782,3865,35,5,5,0,0,8,5,4,0,2,0,25,16,105,571,1121,920,291,178,1371,521,265,399,680,492,1492,1112,9413,937,1085,1010,321,346,1632,210,318,787,964,211,2504,2708,13033,0,1,73,0,0,0,0,0,0,0,3,119,105,301,102,0,0,7,0,3,4,0,188,2,0,8,7,321,10,45,21,47,19,54,49,17,0,47,55,111,220,695,0,0,0,0,0,0,0,0,0,0,0,0,0,0,9.85018,5.393142,4.22269,2.246318,5.034634,3.218951,3.204065,3.743457,10.474271,5.23413,3.665075,3.462617,3.782354,4.249701,1.233815,2.268791,0.650749,0.103619,2.534212,0.791347,1.070425,0.212019,0.365308,0.83811,0.411311,0.950846,1.535221,0.967635,2.311708,0.21822,0.133978,1.050995,0.0,0.584007,0.284726,0.417412,0.245638,1.308532,0.572898,0.478171,1.046109,0.65229,3.376042,2.414271,0.71056,0.247946,0.473053,1.150736,1.279464,0.563175,2.31152,2.179085,0.477415,1.170694,1.585699,1.309618,1.857501,0.110842,0.090913,0.048109,1.064369,0.158961,0.068478,0.0,0.113372,1.881691,0.033052,0.340765,0.0557,0.297656,6.141956,1.738829,2.035983,2.227814,5.558371,2.667772,3.896057,1.358246,5.000945,4.958365,2.350349,3.198798,3.108736,3.03099,1.077893,0.5646,0.653141,0.395974,0.658895,0.231529,0.616305,0.16564,4.251433,0.578566,0.235035,2.136196,1.36116,0.984187,0.237272,0.017319,0.011962,0.0,0,0.013823,0.018021,0.026502,0.0,0.010814,0.0,0.045802,0.02785,0.033158,3.870924,3.882923,2.201062,1.0769,3.007265,2.368858,1.877748,1.755781,2.513069,3.676868,1.806831,2.733452,1.935562,2.396934,6.352112,3.758227,2.416384,1.187921,5.845582,2.819822,0.756866,2.106937,4.956856,5.212501,0.774881,4.587509,4.713582,3.318734,0.0,0.003464,0.17465,0.0,0,0.0,0.0,0,0,0,0.011017,0.218017,0.182764,0.14338,0.691479,0,0.0,0.025905,0,0.005183,0.014416,0.0,1.184103,0.010814,0.0,0.014657,0.012184,0.117239,0.067792,0.155871,0.050242,0.173932,0.321,0.093303,0.176602,0.112635,0,0.254136,0.201983,0.20336,0.382935,0.184432,0,0,0,0,0,0,0,0,0,0,0,0,0,0
134,1435,1514,1799,637,307,1821,889,576,1652,980,960,1878,2221,16669,176,650,271,27,144,463,299,50,63,154,95,517,847,3756,334,64,55,297,0,322,72,61,38,241,154,273,583,2494,495,693,293,82,28,664,354,82,365,392,146,639,899,5132,274,37,38,17,67,95,17,2,18,345,17,182,29,1138,875,494,869,570,317,1517,1066,224,776,902,618,1728,1742,11698,158,150,288,124,42,137,167,28,670,111,58,1145,774,3852,41,4,6,0,0,9,5,3,0,3,0,20,17,108,569,1107,948,285,169,1355,502,284,403,669,471,1487,1161,9410,929,1053,1053,297,346,1600,197,319,783,952,202,2519,2665,12915,0,1,69,0,0,2,0,0,0,0,4,106,101,283,89,0,0,13,0,5,5,0,184,2,0,7,8,313,10,45,30,37,14,50,50,20,0,42,53,130,240,721,0,0,0,0,0,0,0,0,0,0,0,0,0,0,9.728154,5.244198,4.304034,2.357338,5.186687,3.146382,3.204065,3.816339,10.404988,5.299016,3.525523,3.440632,3.865903,4.244608,1.193139,2.251472,0.648356,0.099919,2.432843,0.799986,1.077633,0.331279,0.3968,0.832702,0.34888,0.947181,1.4743,0.956431,2.264253,0.221683,0.131585,1.099104,0.0,0.556362,0.259497,0.404161,0.23934,1.303125,0.565553,0.500156,1.014778,0.644793,3.355705,2.400416,0.70099,0.303456,0.473053,1.14728,1.27586,0.543298,2.298923,2.119606,0.536173,1.170694,1.564812,1.306817,1.857501,0.128161,0.090913,0.062912,1.131948,0.164144,0.06127,0.013251,0.113372,1.86547,0.062431,0.333437,0.050478,0.289781,5.931801,1.711119,2.079047,2.109392,5.355634,2.621121,3.841995,1.484132,4.887573,4.877257,2.269556,3.165821,3.032149,2.978788,1.071114,0.51957,0.689028,0.458885,0.709579,0.236713,0.601889,0.185516,4.219941,0.600195,0.213,2.097723,1.347235,0.980876,0.277947,0.013855,0.014355,0.0,0,0.01555,0.018021,0.019877,0.0,0.016221,0.0,0.036641,0.02959,0.034106,3.857366,3.83443,2.268051,1.054696,2.855212,2.341212,1.80927,1.881667,2.538263,3.617389,1.72971,2.724291,2.020853,2.39617,6.297878,3.647385,2.519259,1.099104,5.845582,2.764531,0.710012,2.113563,4.931662,5.147615,0.741829,4.61499,4.638736,3.288686,0.0,0.003464,0.16508,0.0,0,0.003456,0.0,0,0,0,0.01469,0.1942,0.175802,0.105673,0.603349,0,0.0,0.048109,0,0.008639,0.018021,0.0,1.158909,0.010814,0.0,0.012825,0.013925,0.114317,0.067792,0.155871,0.071774,0.136925,0.236526,0.086392,0.180206,0.132512,0,0.227101,0.194638,0.238169,0.417747,0.191331,0,0,0,0,0,0,0,0,0,0,0,0,0,0
135,1401,1550,1761,584,292,1781,863,601,1628,966,1019,1814,2180,16440,171,637,275,34,139,448,290,32,57,158,104,511,849,3705,339,57,62,273,0,315,79,63,37,240,155,261,605,2486,501,707,293,70,29,666,348,81,357,402,130,635,919,5138,259,30,36,22,61,93,19,3,19,340,19,189,20,1110,887,464,841,568,309,1482,1059,242,746,892,579,1733,1744,11546,166,148,270,117,35,154,171,34,666,110,59,1138,780,3848,31,5,4,1,0,12,6,4,0,3,2,24,17,109,568,1081,970,286,163,1324,497,270,389,669,506,1441,1119,9283,899,1047,1065,296,323,1618,205,322,775,948,219,2444,2685,12846,0,1,75,0,0,1,0,0,0,0,2,108,103,290,93,0,0,8,0,2,6,0,175,2,0,5,7,298,10,43,27,45,15,65,48,29,0,42,51,112,223,710,0,0,0,0,0,0,0,0,0,0,0,0,0,0,9.497661,5.368895,4.21312,2.161202,4.933266,3.077269,3.110358,3.981978,10.253826,5.223316,3.742196,3.323379,3.794538,4.186295,1.159243,2.206443,0.657926,0.125823,2.34837,0.774069,1.045196,0.212019,0.35901,0.854331,0.381932,0.936189,1.477781,0.943444,2.298149,0.197437,0.148332,1.010288,0.0,0.544267,0.284726,0.417412,0.233042,1.297718,0.569225,0.478171,1.053071,0.642724,3.39638,2.448909,0.70099,0.259048,0.489948,1.150736,1.254235,0.536673,2.248536,2.173678,0.477415,1.163366,1.599624,1.308345,1.755813,0.103914,0.086129,0.081415,1.030579,0.160688,0.068478,0.019877,0.11967,1.838434,0.069776,0.346262,0.034812,0.282651,6.013152,1.607205,2.012058,2.101991,5.220476,2.560647,3.816766,1.603392,4.698621,4.823186,2.126331,3.174981,3.03563,2.940083,1.125347,0.512643,0.645964,0.432981,0.591316,0.266086,0.616305,0.22527,4.194747,0.594787,0.216673,2.084898,1.357679,0.979858,0.210155,0.017319,0.00957,0.003701,0,0.020734,0.021625,0.026502,0.0,0.016221,0.007345,0.04397,0.02959,0.029387,3.850586,3.744371,2.320685,1.058397,2.753844,2.287649,1.791249,1.788909,2.450085,3.617389,1.858245,2.640016,1.947747,2.363831,6.094502,3.626602,2.547969,1.095404,5.457003,2.795632,0.738845,2.133439,4.881275,5.125987,0.80426,4.477585,4.673548,3.271116,0.0,0.003464,0.179434,0.0,0,0.001728,0.0,0,0,0,0.007345,0.197864,0.179283,0.108287,0.630466,0,0.0,0.029606,0,0.003456,0.021625,0.0,1.102223,0.010814,0.0,0.00916,0.012184,0.108839,0.067792,0.148944,0.064596,0.166531,0.253421,0.112309,0.172998,0.192142,0,0.227101,0.187293,0.205192,0.388157,0.188412,0,0,0,0,0,0,0,0,0,0,0,0,0,0
136,1388,1480,1746,580,285,1791,848,574,1621,953,987,1828,2149,16230,170,632,288,31,137,447,293,43,55,159,82,504,840,3681,331,55,58,272,0,327,76,52,38,255,160,261,570,2455,491,689,292,59,28,663,325,88,354,428,152,635,941,5145,262,31,37,16,64,84,17,3,21,339,24,179,25,1102,857,462,818,592,314,1535,1042,219,722,906,602,1701,1703,11473,156,149,267,118,42,161,153,24,667,115,59,1131,743,3785,37,2,6,0,0,10,4,2,0,3,0,18,14,96,524,1058,932,280,165,1340,497,267,380,672,475,1465,1091,9146,904,1026,1016,325,321,1590,195,326,772,969,222,2464,2618,12748,0,1,67,0,0,2,0,0,0,0,2,96,99,267,92,0,0,10,0,3,7,0,167,3,0,7,10,299,9,38,20,57,15,58,47,16,0,49,57,117,223,706,0,0,0,0,0,0,0,0,0,0,0,0,0,0,9.409532,5.126429,4.177233,2.146399,4.815003,3.094547,3.056296,3.803088,10.209737,5.153023,3.624679,3.349028,3.740579,4.132821,1.152464,2.189124,0.689028,0.114721,2.31458,0.772341,1.056008,0.2849,0.346413,0.859738,0.301138,0.923364,1.462116,0.937333,2.243916,0.190509,0.138763,1.006587,0.0,0.565001,0.273913,0.344531,0.23934,1.378826,0.587587,0.478171,0.99215,0.63471,3.328588,2.38656,0.698598,0.218341,0.473053,1.145553,1.17134,0.583052,2.22964,2.314264,0.558208,1.163366,1.637918,1.310127,1.776151,0.107378,0.088521,0.059211,1.081264,0.145138,0.06127,0.019877,0.132267,1.833027,0.088138,0.327941,0.043515,0.280614,5.809776,1.600277,1.957031,2.190807,5.30495,2.652222,3.755496,1.451004,4.547459,4.898886,2.210797,3.116355,2.964265,2.921494,1.057555,0.516107,0.638787,0.436681,0.709579,0.278181,0.551431,0.159014,4.201046,0.621823,0.216673,2.072074,1.293276,0.963816,0.25083,0.006928,0.014355,0.0,0,0.017278,0.014416,0.013251,0.0,0.016221,0.0,0.032977,0.024369,0.030316,3.552302,3.664704,2.229772,1.036193,2.787633,2.315295,1.791249,1.769032,2.393399,3.633611,1.7444,2.683986,1.89901,2.328945,6.128398,3.553862,2.430738,1.202724,5.423213,2.747253,0.702804,2.159942,4.86238,5.239537,0.815277,4.514226,4.556927,3.246161,0.0,0.003464,0.160295,0.0,0,0.003456,0.0,0,0,0,0.007345,0.175879,0.172321,0.099698,0.623687,0,0.0,0.037007,0,0.005183,0.025229,0.0,1.051836,0.016221,0.0,0.012825,0.017406,0.109204,0.061013,0.131625,0.047849,0.210939,0.253421,0.100214,0.169394,0.106009,0,0.264951,0.209328,0.214352,0.388157,0.187351,0,0,0,0,0,0,0,0,0,0,0,0,0,0
137,1379,1489,1764,607,285,1744,829,570,1615,947,1044,1830,2142,16245,166,626,255,30,131,435,285,33,55,157,89,498,838,3598,341,55,61,281,0,332,79,55,41,238,158,256,600,2497,487,667,299,77,27,662,328,102,345,417,172,639,904,5126,255,29,46,15,61,93,18,2,19,336,14,174,26,1088,870,472,820,563,307,1478,1024,211,713,903,583,1677,1708,11329,161,151,259,106,39,140,161,34,658,112,72,1086,773,3752,42,4,4,0,0,9,5,4,0,3,1,21,14,107,540,1076,935,297,167,1351,494,245,384,669,494,1422,1127,9201,912,1057,942,275,317,1549,183,286,756,956,223,2423,2647,12526,0,1,63,0,0,0,0,0,0,0,1,110,98,273,92,0,0,7,0,0,8,0,162,3,1,8,9,290,12,37,19,47,15,56,49,14,0,51,54,98,226,678,0,0,0,0,0,0,0,0,0,0,0,0,0,0,9.348519,5.157603,4.220298,2.246318,4.815003,3.013339,2.987818,3.776585,10.171947,5.12058,3.834007,3.352692,3.728395,4.13664,1.125347,2.168341,0.610077,0.111021,2.213212,0.751607,1.027175,0.218644,0.346413,0.848924,0.326845,0.912372,1.458634,0.916198,2.311708,0.190509,0.14594,1.039893,0.0,0.57364,0.284726,0.364407,0.258235,1.286904,0.580242,0.46901,1.044368,0.645568,3.301471,2.310357,0.715345,0.284953,0.456158,1.143825,1.182152,0.67581,2.172955,2.254785,0.631656,1.170694,1.573515,1.305289,1.728696,0.10045,0.110053,0.05551,1.030579,0.160688,0.064874,0.013251,0.11967,1.816805,0.051414,0.318781,0.045256,0.277049,5.897905,1.634915,1.961816,2.083488,5.186687,2.553736,3.690622,1.397999,4.490773,4.882665,2.141021,3.072385,2.972968,2.884826,1.091451,0.523034,0.619647,0.392273,0.658895,0.241896,0.580264,0.22527,4.14436,0.605602,0.264414,1.98963,1.345494,0.955412,0.284726,0.013855,0.00957,0.0,0,0.01555,0.018021,0.026502,0.0,0.016221,0.003672,0.038474,0.024369,0.031114,3.660769,3.727052,2.236949,1.099104,2.821423,2.334301,1.780437,1.623269,2.418593,3.617389,1.814176,2.605207,1.961672,2.34295,6.182632,3.66124,2.253696,1.017689,5.355634,2.676412,0.659555,1.894918,4.761605,5.169244,0.81895,4.439111,4.607405,3.189631,0.0,0.003464,0.150725,0.0,0,0.0,0.0,0,0,0,0.003672,0.201528,0.17058,0.130042,0.623687,0,0.0,0.025905,0,0.0,0.028833,0.0,1.020344,0.016221,0.003672,0.014657,0.015666,0.119266,0.08135,0.128161,0.045457,0.173932,0.253421,0.096759,0.176602,0.092758,0,0.275765,0.198311,0.179543,0.393379,0.179921,0,0,0,0,0,0,0,0,0,0,0,0,0,0
138,1343,1472,1698,581,281,1782,846,576,1577,949,1015,1795,2116,16031,166,596,285,30,134,453,290,40,60,159,91,498,803,3605,340,58,61,295,0,332,76,59,45,244,166,272,571,2519,488,666,281,73,22,643,312,92,336,406,141,627,898,4985,247,32,34,17,60,86,19,2,21,325,23,172,28,1066,870,451,834,535,286,1484,1042,220,731,871,609,1673,1686,11292,162,155,279,104,34,145,158,35,650,110,48,1137,761,3778,34,3,4,0,0,12,4,4,0,3,0,17,11,92,544,1063,932,299,176,1378,492,258,380,665,474,1409,1096,9166,914,1030,992,306,298,1547,195,288,734,923,188,2432,2603,12450,0,1,72,0,0,2,0,0,0,0,0,107,95,277,88,0,0,9,0,1,4,0,165,3,0,5,8,283,9,36,25,46,11,52,40,13,0,49,64,119,234,698,0,0,0,0,0,0,0,0,0,0,0,0,0,0,9.104467,5.098718,4.062395,2.1501,4.747424,3.078996,3.049088,3.816339,9.932607,5.131394,3.727506,3.28857,3.683139,4.082147,1.125347,2.064427,0.681851,0.111021,2.263896,0.782708,1.045196,0.265024,0.377905,0.859738,0.33419,0.912372,1.397713,0.91798,2.304928,0.200901,0.14594,1.091703,0.0,0.57364,0.273913,0.39091,0.283429,1.319347,0.609622,0.498324,0.99389,0.651256,3.30825,2.306893,0.672281,0.27015,0.371684,1.110996,1.124486,0.609554,2.116269,2.195307,0.517811,1.148709,1.563071,1.269385,1.674463,0.110842,0.081344,0.062912,1.013685,0.148594,0.068478,0.013251,0.132267,1.757327,0.084466,0.315116,0.048737,0.271447,5.897905,1.562175,1.995311,1.979868,4.831897,2.564103,3.755496,1.457629,4.604144,4.709636,2.236504,3.065057,2.934675,2.875404,1.098231,0.53689,0.667496,0.384872,0.574421,0.250536,0.569451,0.231896,4.093972,0.594787,0.176276,2.083066,1.324607,0.962033,0.230493,0.010391,0.00957,0.0,0,0.020734,0.014416,0.026502,0.0,0.016221,0.0,0.031145,0.019147,0.029053,3.687886,3.682023,2.229772,1.106506,2.973475,2.380952,1.773229,1.709402,2.393399,3.595761,1.740727,2.58139,1.907713,2.334038,6.19619,3.567717,2.373319,1.132411,5.034634,2.672956,0.702804,1.908169,4.62304,4.990808,0.690415,4.4556,4.530818,3.170278,0.0,0.003464,0.172257,0.0,0,0.003456,0.0,0,0,0,0.0,0.196032,0.165358,0.115139,0.59657,0,0.0,0.033306,0,0.001728,0.014416,0.0,1.039239,0.016221,0.0,0.00916,0.013925,0.10336,0.061013,0.124697,0.059811,0.170232,0.185842,0.089847,0.144165,0.086133,0,0.264951,0.235035,0.218017,0.407304,0.185228,0,0,0,0,0,0,0,0,0,0,0,0,0,0
139,1355,1464,1643,569,296,1767,839,557,1565,941,1003,1831,2112,15942,169,629,256,36,132,442,283,41,54,146,85,483,853,3609,332,51,61,253,0,322,73,57,46,238,151,244,570,2398,472,650,296,65,25,663,327,84,333,407,125,613,925,4985,240,36,43,13,59,85,19,2,21,323,24,166,26,1057,867,452,838,569,299,1440,1045,237,715,868,615,1659,1706,11310,170,149,283,112,34,149,160,23,643,113,57,1100,751,3744,36,7,8,1,0,11,4,3,0,3,0,23,14,110,544,1011,935,285,176,1332,469,273,380,645,481,1388,1117,9036,921,1017,966,320,306,1505,192,302,741,928,212,2378,2626,12414,0,1,59,0,0,1,0,0,0,0,0,108,104,273,95,0,0,10,0,3,6,0,167,4,1,6,9,301,7,38,20,36,15,62,45,18,0,51,56,113,219,680,0,0,0,0,0,0,0,0,0,0,0,0,0,0,9.185818,5.071008,3.93081,2.105692,5.000845,3.053079,3.023859,3.690453,9.857026,5.088137,3.683437,3.354524,3.676176,4.059484,1.145685,2.178732,0.612469,0.133225,2.230106,0.763702,1.019967,0.271649,0.340115,0.789445,0.312156,0.884891,1.484744,0.918999,2.250695,0.176654,0.14594,0.936274,0.0,0.556362,0.263101,0.377659,0.289727,1.286904,0.554535,0.447026,0.99215,0.619973,3.199783,2.251472,0.708168,0.240545,0.422369,1.145553,1.178548,0.556549,2.097374,2.200714,0.459053,1.12306,1.610068,1.269385,1.627008,0.124697,0.102876,0.048109,0.99679,0.146866,0.068478,0.013251,0.132267,1.746512,0.088138,0.304124,0.045256,0.269155,5.877568,1.565639,2.004881,2.105692,5.051529,2.488078,3.766309,1.570264,4.50337,4.693414,2.258538,3.039408,2.969487,2.879988,1.152464,0.516107,0.677066,0.414477,0.574421,0.257447,0.57666,0.152389,4.049883,0.611009,0.209328,2.015279,1.307201,0.953375,0.244051,0.024247,0.01914,0.003701,0,0.019006,0.014416,0.019877,0.0,0.016221,0.0,0.042138,0.024369,0.032006,3.687886,3.501905,2.236949,1.054696,2.973475,2.301472,1.690334,1.808786,2.393399,3.487618,1.766434,2.542916,1.944266,2.300935,6.243644,3.522688,2.311115,1.18422,5.169792,2.600387,0.691992,2.000928,4.667129,5.017844,0.778553,4.356668,4.570852,3.161111,0.0,0.003464,0.141155,0.0,0,0.001728,0.0,0,0,0,0.0,0.197864,0.181024,0.113477,0.644024,0,0.0,0.037007,0,0.005183,0.021625,0.0,1.051836,0.021629,0.003672,0.010992,0.015666,0.09999,0.047454,0.131625,0.047849,0.133225,0.253421,0.107126,0.162186,0.119261,0,0.275765,0.205656,0.207024,0.381194,0.180451,0,0,0,0,0,0,0,0,0,0,0,0,0,0
140,1349,1419,1707,583,302,1712,836,549,1547,924,965,1799,2085,15777,165,615,250,26,131,448,282,38,54,152,86,483,822,3552,351,52,53,273,0,334,76,65,43,228,155,254,569,2453,471,628,286,72,23,661,336,73,335,407,152,621,905,4970,224,38,38,14,61,83,20,2,22,314,15,171,26,1028,856,441,770,562,296,1447,1033,212,713,858,580,1662,1635,11065,168,151,267,95,41,134,143,33,635,109,59,1098,751,3684,43,3,6,0,0,17,4,5,0,3,1,28,11,121,541,1032,906,264,165,1302,452,235,382,653,482,1463,1122,8999,892,981,969,315,301,1550,183,263,723,913,217,2410,2549,12266,0,0,75,0,0,2,0,0,0,0,3,97,83,260,103,0,0,7,0,2,5,0,168,2,0,4,10,301,8,32,12,37,12,60,50,16,0,49,67,105,201,649,0,0,0,0,0,0,0,0,0,0,0,0,0,0,9.145143,4.915137,4.083927,2.157501,5.102213,2.958048,3.013047,3.637448,9.743654,4.996215,3.543885,3.295898,3.62918,4.017468,1.118568,2.130239,0.598115,0.096218,2.213212,0.774069,1.016363,0.251772,0.340115,0.821888,0.315828,0.884891,1.430784,0.904484,2.3795,0.180118,0.1268,1.010288,0.0,0.577096,0.273913,0.430663,0.270832,1.232832,0.569225,0.465346,0.990409,0.634193,3.193004,2.175268,0.684243,0.26645,0.388579,1.142097,1.210985,0.483668,2.10997,2.200714,0.558208,1.137717,1.575255,1.265565,1.518541,0.131625,0.090913,0.05181,1.030579,0.14341,0.072082,0.013251,0.138565,1.697848,0.055086,0.313284,0.045256,0.261771,5.802996,1.527537,1.842193,2.079787,5.000845,2.500173,3.723059,1.404625,4.490773,4.639342,2.130004,3.044904,2.845903,2.817601,1.138906,0.523034,0.638787,0.351565,0.692685,0.231529,0.51539,0.218644,3.999496,0.58938,0.216673,2.011615,1.307201,0.938097,0.291506,0.010391,0.014355,0.0,0,0.029373,0.014416,0.033128,0.0,0.016221,0.003672,0.051298,0.019147,0.035185,3.667548,3.574645,2.167568,0.976982,2.787633,2.249637,1.629064,1.557013,2.405996,3.530875,1.770107,2.680322,1.952969,2.291513,6.047048,3.397991,2.318293,1.165717,5.085318,2.678139,0.659555,1.74253,4.553757,4.936736,0.796915,4.415294,4.436824,3.123424,0.0,0.0,0.179434,0.0,0,0.003456,0.0,0,0,0,0.011017,0.177711,0.144471,0.108815,0.698258,0,0.0,0.025905,0,0.003456,0.018021,0.0,1.058134,0.010814,0.0,0.007328,0.017406,0.109934,0.054234,0.110842,0.02871,0.136925,0.202737,0.10367,0.180206,0.106009,0,0.264951,0.246052,0.192368,0.349863,0.172225,0,0,0,0,0,0,0,0,0,0,0,0,0,0
141,1322,1415,1620,627,292,1725,820,600,1538,919,980,1735,2076,15669,166,585,256,33,128,455,272,41,50,145,86,466,808,3491,343,60,52,270,0,303,71,52,45,227,148,252,554,2377,471,656,266,67,23,655,331,101,326,404,131,632,896,4959,224,31,42,22,59,89,18,3,21,300,25,166,22,1022,841,450,770,583,291,1408,1023,230,711,850,563,1650,1637,11007,164,139,266,109,40,145,148,25,635,111,60,1070,742,3654,45,6,4,0,0,14,4,3,0,3,0,27,9,115,549,1058,891,269,170,1315,454,285,370,666,516,1380,1102,9025,917,1008,957,303,302,1471,184,318,716,913,232,2349,2584,12254,0,1,65,0,0,1,1,0,0,0,2,105,102,277,88,0,0,4,0,2,4,0,167,1,0,6,9,281,7,32,22,41,12,56,50,20,0,51,53,112,215,671,0,0,0,0,0,0,0,0,0,0,0,0,0,0,8.962104,4.901282,3.875784,2.320332,4.933266,2.98051,2.955381,3.975353,9.686969,4.969179,3.598972,3.178645,3.613514,3.989967,1.125347,2.026325,0.612469,0.122123,2.162527,0.786164,0.980321,0.271649,0.314921,0.784038,0.315828,0.853746,1.406416,0.888951,2.325266,0.207828,0.124408,0.999186,0.0,0.523533,0.255893,0.344531,0.283429,1.227425,0.543518,0.461682,0.9643,0.614544,3.193004,2.272255,0.636394,0.247946,0.388579,1.13173,1.192965,0.669184,2.053285,2.184492,0.481087,1.15787,1.55959,1.262764,1.518541,0.107378,0.100483,0.081415,0.99679,0.153777,0.064874,0.019877,0.132267,1.622148,0.091811,0.304124,0.038294,0.260243,5.701308,1.558711,1.842193,2.157501,4.916371,2.432787,3.687018,1.523885,4.478176,4.596085,2.067573,3.022919,2.849385,2.802832,1.111789,0.481469,0.636394,0.403375,0.67579,0.250536,0.53341,0.16564,3.999496,0.600195,0.220345,1.960317,1.291535,0.930458,0.305064,0.020783,0.00957,0.0,0,0.02419,0.014416,0.019877,0.0,0.016221,0.0,0.049466,0.015666,0.036316,3.721782,3.664704,2.131681,0.995485,2.872107,2.272099,1.636272,1.888293,2.330415,3.601168,1.894969,2.52826,1.918156,2.298133,6.216528,3.491514,2.289583,1.121309,5.102213,2.541641,0.663159,2.106937,4.509668,4.936736,0.852001,4.303538,4.497746,3.120369,0.0,0.003464,0.15551,0.0,0,0.001728,0.003604,0,0,0,0.007345,0.192368,0.177543,0.093722,0.59657,0,0.0,0.014803,0,0.003456,0.014416,0.0,1.051836,0.005407,0.0,0.010992,0.015666,0.10263,0.047454,0.110842,0.052634,0.151728,0.202737,0.096759,0.180206,0.132512,0,0.275765,0.194638,0.205192,0.374232,0.178063,0,0,0,0,0,0,0,0,0,0,0,0,0,0
142,1332,1443,1605,589,289,1691,828,554,1534,924,953,1784,2065,15591,166,599,249,28,128,439,271,39,47,143,90,469,809,3477,342,44,52,292,0,310,66,54,41,223,183,261,558,2426,471,637,257,74,22,657,331,75,327,388,155,630,913,4937,216,36,30,22,57,87,17,6,22,297,25,166,30,1011,849,435,789,548,288,1440,1002,222,713,832,588,1672,1642,11020,170,152,271,104,37,148,150,27,636,111,61,1117,766,3750,38,6,8,0,0,16,5,6,0,3,0,21,16,119,555,1028,887,268,165,1305,452,255,375,654,473,1414,1097,8928,925,1009,957,291,308,1479,178,284,715,920,215,2394,2551,12226,0,1,66,0,0,0,1,0,0,0,2,108,102,280,97,0,0,9,0,2,4,0,168,1,0,4,6,291,9,36,22,43,14,51,52,18,0,47,49,120,208,669,0,0,0,0,0,0,0,0,0,0,0,0,0,0,9.029896,4.998268,3.839897,2.179705,4.882582,2.921764,2.984214,3.670576,9.661775,4.996215,3.499816,3.268417,3.594367,3.970105,1.125347,2.074818,0.595722,0.103619,2.162527,0.758518,0.976717,0.258398,0.296026,0.773224,0.330518,0.859242,1.408157,0.885386,2.318487,0.152407,0.124408,1.080601,0.0,0.535628,0.237872,0.357782,0.258235,1.205796,0.672053,0.478171,0.971262,0.627212,3.193004,2.206443,0.614862,0.273851,0.371684,1.135186,1.192965,0.496919,2.059583,2.097978,0.569225,1.154206,1.58918,1.257162,1.464308,0.124697,0.071774,0.081415,0.963001,0.150321,0.06127,0.039754,0.138565,1.605926,0.091811,0.304124,0.052218,0.257442,5.755542,1.506754,1.88765,2.027977,4.865687,2.488078,3.611331,1.470881,4.490773,4.498756,2.159383,3.063225,2.858088,2.806142,1.152464,0.526498,0.648356,0.384872,0.625106,0.255719,0.540618,0.178891,4.005795,0.600195,0.224018,2.046425,1.33331,0.954903,0.25761,0.020783,0.01914,0.0,0,0.027645,0.018021,0.039754,0.0,0.016221,0.0,0.038474,0.02785,0.03758,3.762457,3.56079,2.122111,0.991784,2.787633,2.254821,1.629064,1.689525,2.361907,3.536282,1.737055,2.59055,1.909453,2.273433,6.270761,3.494977,2.289583,1.0769,5.203582,2.555463,0.641534,1.881667,4.50337,4.974586,0.78957,4.385981,4.440306,3.113239,0.0,0.003464,0.157902,0.0,0,0.0,0.003604,0,0,0,0.007345,0.197864,0.177543,0.117806,0.657583,0,0.0,0.033306,0,0.003456,0.014416,0.0,1.058134,0.005407,0.0,0.007328,0.010444,0.106282,0.061013,0.124697,0.052634,0.15913,0.236526,0.088119,0.187414,0.119261,0,0.254136,0.179949,0.219849,0.362048,0.177532,0,0,0,0,0,0,0,0,0,0,0,0,0,0
143,1334,1436,1649,608,295,1663,816,573,1517,908,939,1766,2066,15570,165,582,259,33,128,433,265,35,47,142,92,466,831,3478,337,60,58,266,0,305,65,57,40,208,157,256,528,2337,481,634,282,80,24,642,308,71,318,389,136,625,900,4890,213,30,43,24,60,80,18,4,23,299,21,154,26,995,846,437,748,562,287,1410,1016,212,713,869,573,1649,1589,10911,172,155,281,121,39,145,150,25,628,114,54,1047,739,3670,35,6,5,0,0,10,4,0,0,2,0,20,14,96,553,1030,874,272,156,1299,471,231,378,647,488,1424,1092,8915,915,965,955,283,300,1464,179,266,717,922,183,2361,2478,11988,0,1,71,0,0,1,1,0,0,0,1,107,110,292,97,0,0,10,0,2,5,0,171,2,1,5,8,301,11,37,21,34,15,58,44,19,0,53,56,109,206,663,0,0,0,0,0,0,0,0,0,0,0,0,0,0,9.043455,4.974021,3.945165,2.250019,4.98395,2.873384,2.940964,3.796462,9.554702,4.9097,3.448402,3.23544,3.596108,3.964758,1.118568,2.015933,0.619647,0.122123,2.162527,0.748151,0.955093,0.231896,0.296026,0.767817,0.337863,0.853746,1.44645,0.885641,2.284591,0.207828,0.138763,0.984383,0.0,0.526989,0.234268,0.377659,0.251937,1.124689,0.57657,0.46901,0.919044,0.604202,3.260796,2.196051,0.674673,0.296055,0.405474,1.109268,1.11007,0.470417,2.002897,2.103385,0.499449,1.145045,1.566552,1.245194,1.44397,0.103914,0.102876,0.088817,1.013685,0.138227,0.064874,0.026502,0.144864,1.616741,0.077121,0.282139,0.045256,0.253368,5.735204,1.513682,1.789559,2.079787,4.848792,2.436243,3.661789,1.404625,4.490773,4.698821,2.104297,3.021087,2.765835,2.778386,1.166023,0.53689,0.672281,0.447783,0.658895,0.250536,0.540618,0.16564,3.955407,0.616416,0.198311,1.91818,1.286314,0.934532,0.237272,0.020783,0.011962,0.0,0,0.017278,0.014416,0.0,0.0,0.010814,0.0,0.036641,0.024369,0.031834,3.748898,3.567717,2.091009,1.006587,2.63558,2.244454,1.697542,1.530511,2.380802,3.498432,1.792141,2.608871,1.90075,2.270123,6.202969,3.34257,2.284798,1.047295,5.068424,2.529546,0.645138,1.762406,4.515966,4.985401,0.672053,4.325523,4.313241,3.052634,0.0,0.003464,0.169865,0.0,0,0.001728,0.003604,0,0,0,0.003672,0.196032,0.191468,0.098798,0.657583,0,0.0,0.037007,0,0.003456,0.018021,0.0,1.07703,0.010814,0.003672,0.00916,0.013925,0.09999,0.074571,0.128161,0.050242,0.125823,0.253421,0.100214,0.158581,0.125886,0,0.286579,0.205656,0.199696,0.358566,0.17594,0,0,0,0,0,0,0,0,0,0,0,0,0,0
144,1319,1448,1659,556,288,1692,796,544,1520,916,996,1737,2032,15503,164,587,242,30,128,452,269,31,46,141,77,456,846,3469,332,53,59,278,0,308,66,58,40,211,160,252,562,2379,477,651,260,91,23,645,322,75,317,393,137,617,910,4918,217,33,34,16,55,83,17,5,23,302,16,168,18,987,827,452,756,548,281,1423,987,202,711,852,578,1635,1592,10844,173,150,262,106,40,127,148,21,631,110,73,1074,719,3634,42,7,4,0,0,15,4,2,0,3,0,21,20,118,551,1059,866,269,168,1311,463,253,369,640,434,1427,1113,8923,910,986,947,273,305,1478,173,272,709,898,188,2375,2476,11990,0,1,60,0,0,1,1,0,0,0,0,110,112,285,93,0,0,9,0,5,5,0,172,2,1,4,8,299,8,34,19,33,15,60,53,22,0,54,62,116,201,677,0,0,0,0,0,0,0,0,0,0,0,0,0,0,8.941767,5.015587,3.969089,2.057583,4.865687,2.923492,2.868882,3.60432,9.573597,4.952958,3.65773,3.18231,3.536927,3.947697,1.111789,2.033253,0.578975,0.111021,2.162527,0.78098,0.969509,0.205393,0.289727,0.762409,0.282776,0.835425,1.472559,0.883349,2.250695,0.183582,0.141155,1.028791,0.0,0.532172,0.237872,0.384284,0.251937,1.140911,0.587587,0.461682,0.978225,0.615061,3.233679,2.254936,0.622039,0.336763,0.388579,1.114452,1.160528,0.496919,1.996599,2.125014,0.503122,1.130389,1.583959,1.252324,1.471087,0.114306,0.081344,0.059211,0.929211,0.14341,0.06127,0.033128,0.144864,1.632962,0.058759,0.307788,0.031331,0.25133,5.6064,1.565639,1.808699,2.027977,4.747424,2.458705,3.55727,1.338369,4.478176,4.6069,2.122659,2.995438,2.771057,2.761325,1.172802,0.51957,0.626824,0.392273,0.67579,0.219435,0.53341,0.139137,3.974302,0.594787,0.268087,1.967646,1.251501,0.925365,0.284726,0.024247,0.00957,0.0,0,0.025917,0.014416,0.013251,0.0,0.016221,0.0,0.038474,0.034812,0.037264,3.73534,3.668168,2.071869,0.995485,2.838317,2.265188,1.668709,1.676274,2.324117,3.460582,1.59383,2.614367,1.937303,2.27216,6.169073,3.41531,2.265659,1.010288,5.152897,2.553736,0.623513,1.80216,4.465579,4.855629,0.690415,4.351172,4.30976,3.053144,0.0,0.003464,0.143548,0.0,0,0.001728,0.003604,0,0,0,0.0,0.201528,0.194949,0.106215,0.630466,0,0.0,0.033306,0,0.008639,0.018021,0.0,1.083328,0.010814,0.003672,0.007328,0.013925,0.099326,0.054234,0.117769,0.045457,0.122123,0.253421,0.10367,0.191019,0.145763,0,0.291987,0.22769,0.21252,0.349863,0.179655,0,0,0,0,0,0,0,0,0,0,0,0,0,0
145,1346,1455,1631,546,282,1663,795,563,1503,914,930,1710,1980,15318,164,584,249,25,127,437,264,34,52,140,72,471,830,3449,337,48,56,273,0,296,54,52,42,215,143,234,554,2304,476,631,257,75,22,631,309,63,318,386,143,608,851,4770,213,38,50,9,56,84,15,1,22,299,23,162,23,995,835,436,785,483,279,1387,974,204,709,844,559,1627,1611,10733,165,148,254,103,38,144,152,25,630,115,58,1072,745,3649,29,6,7,0,0,12,4,2,0,3,0,17,15,95,552,1006,875,263,169,1303,448,253,364,642,462,1419,1075,8831,901,951,935,268,296,1479,177,271,702,911,191,2336,2501,11919,0,1,67,0,0,0,0,0,0,0,1,116,104,289,95,0,0,3,0,0,3,0,170,2,0,4,9,286,10,34,14,33,14,50,51,18,0,50,58,114,218,664,0,0,0,0,0,0,0,0,0,0,0,0,0,0,9.124805,5.039834,3.902101,2.020576,4.764318,2.873384,2.865278,3.730206,9.466524,4.942143,3.415351,3.132844,3.446415,3.900588,1.111789,2.022861,0.595722,0.092517,2.145633,0.755063,0.951489,0.22527,0.327518,0.757002,0.264414,0.862906,1.444709,0.878256,2.284591,0.166263,0.133978,1.010288,0.0,0.511438,0.194623,0.344531,0.264534,1.162539,0.525156,0.428705,0.9643,0.595671,3.2269,2.18566,0.614862,0.277552,0.371684,1.090262,1.113674,0.417412,2.002897,2.087163,0.525156,1.1139,1.481262,1.214637,1.44397,0.131625,0.119623,0.033306,0.946106,0.145138,0.054062,0.006626,0.138565,1.616741,0.084466,0.296796,0.040034,0.253368,5.660633,1.510218,1.87808,1.787432,4.713634,2.396503,3.510416,1.35162,4.465579,4.563642,2.052883,2.980782,2.804129,2.73306,1.118568,0.512643,0.607685,0.381171,0.642,0.248808,0.547827,0.16564,3.968004,0.621823,0.213,1.963981,1.296757,0.929184,0.196597,0.020783,0.016747,0.0,0,0.020734,0.014416,0.013251,0.0,0.016221,0.0,0.031145,0.026109,0.03,3.742119,3.484586,2.093402,0.973281,2.855212,2.251365,1.614647,1.676274,2.292625,3.471396,1.696658,2.599711,1.87116,2.248733,6.10806,3.294077,2.236949,0.991784,5.000845,2.555463,0.63793,1.795534,4.42149,4.925922,0.701432,4.279721,4.353275,3.035064,0.0,0.003464,0.160295,0.0,0,0.0,0.0,0,0,0,0.003672,0.21252,0.181024,0.137664,0.644024,0,0.0,0.011102,0,0.0,0.010812,0.0,1.070731,0.010814,0.0,0.007328,0.015666,0.132454,0.067792,0.117769,0.033494,0.122123,0.236526,0.086392,0.18381,0.119261,0,0.270358,0.213,0.208856,0.379454,0.176205,0,0,0,0,0,0,0,0,0,0,0,0,0,0
146,1344,1441,1628,555,285,1657,782,552,1482,882,994,1683,1988,15273,160,593,244,29,125,436,264,31,52,141,88,440,832,3435,332,57,65,279,0,302,55,50,44,198,159,262,567,2370,485,633,267,72,23,619,332,65,307,382,140,604,892,4821,211,32,28,18,60,85,17,5,21,304,18,173,22,994,840,447,781,497,295,1370,976,218,710,847,572,1624,1582,10759,174,150,269,90,38,135,157,29,625,113,56,1070,739,3645,38,6,6,0,0,11,5,2,0,2,0,17,13,100,560,1029,869,264,166,1242,451,240,358,632,426,1409,1067,8713,917,963,942,251,300,1474,184,255,707,919,175,2360,2497,11944,0,1,62,0,0,0,0,0,0,0,4,112,117,296,91,0,0,6,0,0,4,0,169,3,0,4,8,285,7,36,14,37,13,47,55,22,0,49,62,120,199,661,0,0,0,0,0,0,0,0,0,0,0,0,0,0,9.111247,4.99134,3.894923,2.053882,4.815003,2.863017,2.818424,3.657325,9.334257,4.769114,3.650386,3.083378,3.46034,3.889129,1.084672,2.054035,0.58376,0.10732,2.111843,0.753335,0.951489,0.205393,0.327518,0.762409,0.323173,0.806112,1.448191,0.874691,2.250695,0.197437,0.15551,1.032492,0.0,0.521805,0.198227,0.331279,0.27713,1.070617,0.583915,0.480003,0.986928,0.612734,3.287913,2.192587,0.638787,0.26645,0.388579,1.069528,1.196569,0.430663,1.933615,2.065535,0.514139,1.106572,1.552627,1.227623,1.430411,0.110842,0.066989,0.066612,1.013685,0.146866,0.06127,0.033128,0.132267,1.643776,0.066104,0.316949,0.038294,0.253113,5.694529,1.54832,1.86851,1.839242,4.98395,2.36713,3.517624,1.444378,4.471878,4.579864,2.100624,2.975285,2.753651,2.739681,1.179581,0.51957,0.643571,0.333062,0.642,0.233257,0.565847,0.192142,3.936512,0.611009,0.205656,1.960317,1.286314,0.928166,0.25761,0.020783,0.014355,0.0,0,0.019006,0.018021,0.013251,0.0,0.010814,0.0,0.031145,0.022628,0.031579,3.796353,3.564254,2.079047,0.976982,2.804528,2.145967,1.62546,1.590141,2.254834,3.417325,1.564451,2.58139,1.857235,2.218686,6.216528,3.335643,2.253696,0.928873,5.068424,2.546824,0.663159,1.689525,4.452982,4.969179,0.642674,4.323691,4.346313,3.04143,0.0,0.003464,0.148332,0.0,0,0.0,0.0,0,0,0,0.01469,0.205192,0.203652,0.140998,0.616907,0,0.0,0.022204,0,0.0,0.014416,0.0,1.064433,0.016221,0.0,0.007328,0.013925,0.131991,0.047454,0.124697,0.033494,0.136925,0.219632,0.081208,0.198227,0.145763,0,0.264951,0.22769,0.219849,0.346382,0.175409,0,0,0,0,0,0,0,0,0,0,0,0,0,0
147,1338,1450,1612,536,292,1649,799,493,1466,899,983,1709,2001,15227,159,598,256,36,124,432,268,40,49,149,94,456,837,3498,328,57,46,285,0,290,64,52,45,202,174,231,588,2362,474,622,267,70,24,625,323,65,310,382,133,614,876,4785,209,40,40,15,59,82,16,2,18,313,18,156,26,994,836,440,790,512,282,1359,953,194,717,856,564,1628,1580,10711,171,141,270,104,40,129,146,20,626,115,42,1070,727,3601,44,6,6,0,0,12,5,1,0,2,0,16,15,107,547,1027,885,250,165,1233,451,223,356,651,430,1404,1061,8683,927,957,940,247,299,1486,173,272,694,920,202,2357,2501,11975,0,1,67,0,0,0,0,0,0,0,3,116,118,305,100,0,0,8,0,2,3,0,169,3,1,4,7,297,9,34,22,32,13,46,49,11,0,50,49,111,205,631,0,0,0,0,0,0,0,0,0,0,0,0,0,0,9.070571,5.022515,3.856644,1.983569,4.933266,2.849195,2.879694,3.266415,9.233482,4.861036,3.609989,3.131011,3.482968,3.877416,1.077893,2.071354,0.612469,0.133225,2.094948,0.746423,0.965905,0.265024,0.308623,0.805667,0.345207,0.835425,1.456894,0.890734,2.223578,0.197437,0.110053,1.054696,0.0,0.501071,0.230664,0.344531,0.283429,1.092246,0.639001,0.423209,1.023481,0.610666,3.213341,2.154486,0.638787,0.259048,0.405474,1.079895,1.164132,0.430663,1.95251,2.065535,0.488432,1.124892,1.524778,1.218456,1.416853,0.138552,0.095698,0.05551,0.99679,0.141682,0.057666,0.013251,0.113372,1.692441,0.066104,0.285803,0.045256,0.253113,5.667412,1.524073,1.890043,1.894752,4.764318,2.348124,3.434729,1.285364,4.515966,4.628528,2.071245,2.982614,2.75017,2.727458,1.159243,0.488396,0.645964,0.384872,0.67579,0.22289,0.526202,0.132512,3.94281,0.621823,0.154242,1.960317,1.265426,0.916962,0.298285,0.020783,0.014355,0.0,0,0.020734,0.018021,0.006626,0.0,0.010814,0.0,0.029313,0.026109,0.03379,3.708223,3.557326,2.117326,0.925172,2.787633,2.130417,1.62546,1.477506,2.242237,3.520061,1.579141,2.572229,1.846791,2.211046,6.28432,3.31486,2.248911,0.91407,5.051529,2.567558,0.623513,1.80216,4.371103,4.974586,0.741829,4.318194,4.353275,3.049324,0.0,0.003464,0.160295,0.0,0,0.0,0.0,0,0,0,0.011017,0.21252,0.205392,0.145285,0.67792,0,0.0,0.029606,0,0.003456,0.010812,0.0,1.064433,0.016221,0.003672,0.007328,0.012184,0.098661,0.061013,0.117769,0.052634,0.118422,0.219632,0.07948,0.176602,0.072881,0,0.270358,0.179949,0.20336,0.356826,0.167448,0,0,0,0,0,0,0,0,0,0,0,0,0,0
148,1325,1476,1580,550,291,1633,795,514,1464,902,965,1694,1988,15177,160,573,247,23,119,421,269,39,51,147,80,463,797,3389,313,58,57,264,0,269,64,57,45,201,151,248,581,2308,464,616,278,77,23,610,320,65,312,389,148,620,876,4798,210,35,38,12,61,87,15,6,14,303,16,157,17,971,832,456,780,513,274,1385,944,219,703,856,554,1613,1555,10684,173,136,237,111,38,124,151,20,620,115,54,1064,740,3583,29,5,5,0,0,10,6,1,0,2,0,17,10,85,563,1035,853,247,169,1258,464,234,352,655,424,1389,1058,8701,906,939,897,275,294,1526,181,284,681,927,167,2378,2481,11936,0,1,54,0,0,0,0,0,0,0,1,121,111,288,102,0,0,8,0,1,5,0,168,4,0,4,8,300,8,33,16,31,10,60,45,19,0,49,53,115,216,655,0,0,0,0,0,0,0,0,0,0,0,0,0,0,8.982442,5.112574,3.780085,2.035379,4.916371,2.82155,2.865278,3.405552,9.220886,4.877257,3.543885,3.10353,3.46034,3.864684,1.084672,1.984759,0.590937,0.085116,2.010475,0.727417,0.969509,0.258398,0.321219,0.794852,0.293794,0.848249,1.387269,0.862978,2.12189,0.200901,0.13637,0.976982,0.0,0.464787,0.230664,0.377659,0.283429,1.086839,0.554535,0.454354,1.011297,0.596705,3.145549,2.133703,0.665104,0.284953,0.388579,1.053977,1.153319,0.430663,1.965107,2.103385,0.543518,1.135885,1.524778,1.221767,1.423632,0.121233,0.090913,0.044408,1.030579,0.150321,0.054062,0.039754,0.088178,1.638369,0.058759,0.287635,0.02959,0.247256,5.640296,1.579494,1.866118,1.898453,4.62916,2.393047,3.402292,1.451004,4.427789,4.628528,2.034521,2.955133,2.706654,2.720583,1.172802,0.471077,0.567013,0.410776,0.642,0.214251,0.544223,0.132512,3.90502,0.621823,0.198311,1.949325,1.288054,0.912378,0.196597,0.017319,0.011962,0.0,0,0.017278,0.021625,0.006626,0.0,0.010814,0.0,0.031145,0.017406,0.026843,3.81669,3.585036,2.040768,0.91407,2.855212,2.173613,1.672313,1.550388,2.217044,3.541689,1.557106,2.544748,1.841569,2.21563,6.141956,3.252511,2.146036,1.017689,4.967055,2.636672,0.652346,1.881667,4.289223,5.012436,0.613294,4.356668,4.318463,3.039393,0.0,0.003464,0.129193,0.0,0,0.0,0.0,0,0,0,0.003672,0.221681,0.193208,0.137187,0.691479,0,0.0,0.029606,0,0.001728,0.018021,0.0,1.058134,0.021629,0.0,0.007328,0.013925,0.109569,0.054234,0.114306,0.038279,0.114721,0.168947,0.10367,0.162186,0.125886,0,0.264951,0.194638,0.210688,0.375973,0.173817,0,0,0,0,0,0,0,0,0,0,0,0,0,0
149,1312,1461,1607,532,289,1605,784,473,1477,894,920,1680,2025,15059,158,556,240,29,124,423,264,32,50,142,90,460,766,3334,311,47,49,260,0,264,64,41,43,200,157,245,574,2255,455,645,280,69,24,637,322,63,312,384,155,614,882,4842,218,40,41,16,61,77,17,6,18,304,21,163,23,1005,826,456,775,523,286,1346,927,181,718,833,577,1642,1595,10685,174,145,254,89,37,135,150,23,622,112,56,1054,746,3597,32,4,4,0,0,14,5,2,0,2,0,18,15,96,562,1026,888,243,160,1274,470,201,355,643,449,1374,1032,8677,898,960,943,245,311,1492,174,255,681,917,192,2336,2482,11886,0,1,74,0,0,1,1,0,0,0,2,122,104,305,99,0,0,7,0,2,3,0,168,3,0,5,7,294,9,34,15,46,11,56,54,20,0,47,61,117,211,681,0,0,0,0,0,0,0,0,0,0,0,0,0,0,8.894312,5.060617,3.844682,1.968766,4.882582,2.77317,2.825633,3.133903,9.302765,4.834,3.378627,3.077881,3.524743,3.834636,1.071114,1.925875,0.57419,0.10732,2.094948,0.730873,0.951489,0.212019,0.314921,0.767817,0.330518,0.842753,1.33331,0.848973,2.108332,0.162799,0.11723,0.962179,0.0,0.456148,0.230664,0.271649,0.270832,1.081432,0.57657,0.448858,0.999112,0.583002,3.084537,2.234153,0.669889,0.255347,0.405474,1.100629,1.160528,0.417412,1.965107,2.076349,0.569225,1.124892,1.535221,1.232971,1.477866,0.138552,0.098091,0.059211,1.030579,0.133043,0.06127,0.039754,0.113372,1.643776,0.077121,0.298628,0.040034,0.255914,5.59962,1.579494,1.854156,1.93546,4.831897,2.325662,3.341022,1.199231,4.522265,4.504164,2.118986,3.008263,2.776279,2.720837,1.179581,0.502251,0.607685,0.329361,0.625106,0.233257,0.540618,0.152389,3.917617,0.605602,0.205656,1.931004,1.298498,0.915943,0.216934,0.013855,0.00957,0.0,0,0.02419,0.018021,0.013251,0.0,0.010814,0.0,0.032977,0.026109,0.030316,3.809911,3.553862,2.124504,0.899267,2.703159,2.201258,1.693938,1.331743,2.235939,3.476803,1.648917,2.517267,1.796313,2.209518,6.087723,3.325251,2.256089,0.906669,5.254266,2.577925,0.627117,1.689525,4.289223,4.958365,0.705105,4.279721,4.320203,3.026661,0.0,0.003464,0.177042,0.0,0,0.001728,0.003604,0,0,0,0.007345,0.223513,0.181024,0.103196,0.671141,0,0.0,0.025905,0,0.003456,0.010812,0.0,1.058134,0.016221,0.0,0.00916,0.012184,0.107378,0.061013,0.117769,0.035887,0.170232,0.185842,0.096759,0.194623,0.132512,0,0.254136,0.224018,0.214352,0.367269,0.180717,0,0,0,0,0,0,0,0,0,0,0,0,0,0
150,1323,1459,1613,541,276,1629,789,538,1479,891,930,1693,1986,15147,159,579,250,34,119,419,261,34,53,144,88,470,814,3424,326,50,61,271,0,286,63,46,45,193,149,246,562,2298,457,631,266,65,25,619,318,82,312,375,149,630,865,4794,217,34,38,16,58,79,16,3,18,308,16,161,26,990,826,454,779,491,283,1324,912,218,702,832,548,1575,1587,10531,172,135,281,107,36,121,154,24,614,109,55,1077,725,3610,32,6,4,0,0,13,7,1,0,2,1,19,12,97,568,1011,915,245,171,1192,451,226,348,635,428,1424,1044,8658,905,967,954,268,309,1415,174,255,683,904,178,2365,2435,11812,0,1,55,0,0,0,1,0,0,0,0,115,106,278,104,0,0,7,0,3,3,0,165,3,0,4,7,296,9,31,22,39,11,51,53,20,0,44,52,107,209,648,0,0,0,0,0,0,0,0,0,0,0,0,0,0,8.968883,5.053689,3.859036,2.002072,4.66295,2.814638,2.843653,3.564566,9.315362,4.817779,3.415351,3.101698,3.456859,3.857045,1.077893,2.005542,0.598115,0.125823,2.010475,0.723962,0.940676,0.22527,0.333816,0.778631,0.323173,0.861074,1.41686,0.87189,2.21002,0.17319,0.14594,1.002887,0.0,0.49416,0.22706,0.304777,0.283429,1.043582,0.547191,0.45069,0.978225,0.594119,3.098095,2.18566,0.636394,0.240545,0.422369,1.069528,1.146111,0.543298,1.965107,2.027685,0.547191,1.154206,1.505631,1.220748,1.471087,0.117769,0.090913,0.059211,0.979895,0.136499,0.057666,0.019877,0.113372,1.665405,0.058759,0.294964,0.045256,0.252094,5.59962,1.572567,1.863726,1.817038,4.781213,2.287649,3.28696,1.444378,4.42149,4.498756,2.012486,2.885514,2.762354,2.681623,1.166023,0.467613,0.672281,0.395974,0.608211,0.209068,0.555035,0.159014,3.867229,0.58938,0.201983,1.973142,1.261945,0.919253,0.216934,0.020783,0.00957,0.0,0,0.022462,0.025229,0.006626,0.0,0.010814,0.003672,0.034809,0.020887,0.028207,3.850586,3.501905,2.1891,0.906669,2.889002,2.059576,1.62546,1.497383,2.19185,3.433546,1.571796,2.608871,1.817201,2.20468,6.135177,3.349498,2.282406,0.991784,5.220476,2.444882,0.627117,1.689525,4.30182,4.888072,0.653691,4.332851,4.238394,3.007817,0.0,0.003464,0.131585,0.0,0,0.0,0.003604,0,0,0,0.0,0.210688,0.184505,0.132099,0.705037,0,0.0,0.025905,0,0.005183,0.010812,0.0,1.039239,0.016221,0.0,0.007328,0.012184,0.108108,0.061013,0.107378,0.052634,0.144327,0.185842,0.088119,0.191019,0.132512,0,0.237915,0.190966,0.196032,0.363788,0.171959,0,0,0,0,0,0,0,0,0,0,0,0,0,0
151,1314,1426,1569,586,271,1599,808,514,1475,887,936,1684,1990,15059,162,557,272,26,116,413,262,34,55,147,89,470,781,3384,316,55,58,283,0,258,65,57,47,193,146,236,547,2261,457,617,282,61,25,614,333,74,300,386,129,598,845,4721,218,39,43,13,55,80,17,1,18,307,19,167,22,999,840,446,757,524,274,1354,919,192,692,826,560,1673,1587,10644,169,142,238,96,43,122,147,17,617,106,43,1056,729,3525,36,6,7,0,0,9,6,2,0,2,0,18,11,97,552,1008,896,260,157,1234,471,234,354,628,413,1340,1046,8593,895,937,953,250,302,1443,176,287,687,893,190,2336,2434,11783,0,1,54,0,0,0,1,0,0,0,4,121,104,285,101,0,0,8,0,2,4,0,168,3,2,5,10,303,11,32,14,38,11,53,45,14,0,47,35,109,198,607,0,0,0,0,0,0,0,0,0,0,0,0,0,0,8.907871,4.939383,3.753768,2.168603,4.578476,2.762803,2.912131,3.405552,9.290168,4.79615,3.437385,3.08521,3.463821,3.834636,1.098231,1.929338,0.650749,0.096218,1.959791,0.713595,0.94428,0.22527,0.346413,0.794852,0.326845,0.861074,1.359419,0.861705,2.142228,0.190509,0.138763,1.047295,0.0,0.445781,0.234268,0.377659,0.296026,1.043582,0.536173,0.432369,0.952116,0.584553,3.098095,2.137167,0.674673,0.225742,0.422369,1.060889,1.200173,0.490294,1.889526,2.087163,0.473742,1.095579,1.470819,1.202159,1.477866,0.135088,0.102876,0.048109,0.929211,0.138227,0.06127,0.006626,0.113372,1.659998,0.069776,0.305956,0.038294,0.254386,5.694529,1.544856,1.811091,1.939161,4.62916,2.339484,3.312189,1.272113,4.358506,4.466313,2.056555,3.065057,2.762354,2.710397,1.145685,0.49186,0.569405,0.355266,0.726474,0.210795,0.529806,0.112635,3.886125,0.573159,0.157914,1.934668,1.268907,0.897609,0.244051,0.020783,0.016747,0.0,0,0.01555,0.021625,0.013251,0.0,0.010814,0.0,0.032977,0.019147,0.030632,3.742119,3.491514,2.143643,0.962179,2.652475,2.132145,1.697542,1.550388,2.22964,3.395696,1.51671,2.454977,1.820682,2.188129,6.067385,3.245584,2.280013,0.925172,5.102213,2.493261,0.634326,1.901544,4.327014,4.828593,0.69776,4.279721,4.236654,3.000433,0.0,0.003464,0.129193,0.0,0,0.0,0.003604,0,0,0,0.01469,0.221681,0.181024,0.11991,0.684699,0,0.0,0.029606,0,0.003456,0.014416,0.0,1.058134,0.016221,0.007345,0.00916,0.017406,0.100654,0.074571,0.110842,0.033494,0.140626,0.185842,0.091575,0.162186,0.092758,0,0.254136,0.128535,0.199696,0.344642,0.161079,0,0,0,0,0,0,0,0,0,0,0,0,0,0
152,1304,1429,1631,546,272,1606,790,522,1450,900,896,1714,2035,15095,165,573,247,23,118,409,252,29,55,147,85,474,788,3365,312,54,60,274,0,276,61,53,46,190,134,244,535,2239,450,619,265,71,27,603,322,76,294,376,150,601,838,4692,213,41,34,10,58,73,19,1,19,303,19,158,23,971,829,458,778,512,282,1315,909,231,696,815,543,1626,1581,10575,165,133,253,85,43,127,153,18,611,104,46,1078,746,3562,43,5,6,0,0,9,6,2,0,2,0,19,10,102,538,1022,886,247,158,1271,443,210,369,621,462,1421,1064,8712,902,925,934,260,297,1458,176,255,679,895,178,2387,2483,11829,1,0,54,0,0,3,0,0,0,0,3,123,106,290,99,0,0,7,0,3,2,0,172,2,0,5,11,301,10,27,13,28,11,50,47,21,0,43,58,115,228,651,0,0,0,0,0,0,0,0,0,0,0,0,0,0,8.840079,4.949775,3.902101,2.020576,4.595371,2.774898,2.847257,3.458557,9.132708,4.866443,3.290488,3.140172,3.542149,3.843803,1.118568,1.984759,0.590937,0.085116,1.99358,0.706683,0.908239,0.192142,0.346413,0.794852,0.312156,0.868402,1.371604,0.856866,2.115111,0.187045,0.143548,1.013989,0.0,0.476882,0.219852,0.351156,0.289727,1.02736,0.492104,0.447026,0.931228,0.578866,3.050641,2.144094,0.634002,0.262749,0.456158,1.041883,1.160528,0.503545,1.851735,2.033092,0.550863,1.101075,1.458634,1.194775,1.44397,0.142016,0.081344,0.037007,0.979895,0.126132,0.068478,0.006626,0.11967,1.638369,0.069776,0.289467,0.040034,0.247256,5.619958,1.586422,1.861333,1.894752,4.764318,2.272099,3.276148,1.530511,4.3837,4.406835,1.994124,2.978949,2.75191,2.692827,1.118568,0.460686,0.605292,0.314559,0.726474,0.219435,0.551431,0.119261,3.848334,0.562345,0.168931,1.974974,1.298498,0.907031,0.291506,0.017319,0.014355,0.0,0,0.01555,0.021625,0.013251,0.0,0.010814,0.0,0.034809,0.017406,0.032211,3.64721,3.540007,2.119719,0.91407,2.66937,2.196074,1.596627,1.391373,2.324117,3.357846,1.696658,2.603375,1.852013,2.218431,6.11484,3.204018,2.234557,0.962179,5.017739,2.519179,0.634326,1.689525,4.276627,4.839407,0.653691,4.373156,4.321944,3.012146,0.006779,0.0,0.129193,0.0,0,0.005183,0.0,0,0,0,0.011017,0.225345,0.184505,0.114313,0.671141,0,0.0,0.025905,0,0.005183,0.007208,0.0,1.083328,0.010814,0.0,0.00916,0.019147,0.109934,0.067792,0.093523,0.031102,0.103619,0.185842,0.086392,0.169394,0.139137,0,0.232508,0.213,0.210688,0.39686,0.172756,0,0,0,0,0,0,0,0,0,0,0,0,0,0
153,1270,1420,1591,503,267,1621,791,546,1450,892,881,1659,2021,14912,161,564,239,18,113,418,257,33,54,139,78,451,784,3309,309,52,59,274,0,275,60,51,43,202,147,228,527,2227,437,617,249,69,27,616,308,77,294,379,131,600,843,4647,214,39,45,14,56,76,17,2,19,305,13,159,23,982,823,468,722,487,286,1324,912,194,692,808,527,1595,1599,10437,162,137,246,91,43,124,148,21,607,99,56,1086,713,3533,38,4,5,0,0,7,7,2,0,1,0,20,12,96,548,982,891,241,167,1263,442,245,355,635,468,1352,1067,8656,896,952,899,234,285,1402,168,280,688,901,179,2320,2457,11661,1,1,56,0,0,0,0,0,0,0,3,118,106,285,96,0,0,7,0,0,4,0,172,2,0,5,11,297,8,29,13,43,11,51,49,13,0,43,49,117,210,636,0,0,0,0,0,0,0,0,0,0,0,0,0,0,8.609586,4.918601,3.806402,1.861446,4.510897,2.800816,2.850861,3.617571,9.132708,4.823186,3.235402,3.039408,3.51778,3.797204,1.091451,1.953585,0.571798,0.066612,1.909106,0.722234,0.92626,0.218644,0.340115,0.751595,0.286449,0.826265,1.364641,0.842607,2.094773,0.180118,0.141155,1.013989,0.0,0.475154,0.216247,0.337905,0.270832,1.092246,0.539846,0.417712,0.917303,0.575763,2.962511,2.137167,0.595722,0.255347,0.456158,1.064344,1.11007,0.51017,1.851735,2.049313,0.481087,1.099243,1.467337,1.183316,1.450749,0.135088,0.107661,0.05181,0.946106,0.131315,0.06127,0.013251,0.11967,1.649184,0.047741,0.291299,0.040034,0.250057,5.579283,1.62106,1.727355,1.802235,4.831897,2.287649,3.28696,1.285364,4.358506,4.368985,1.935365,2.922155,2.783241,2.657686,1.098231,0.474541,0.588545,0.336763,0.726474,0.214251,0.53341,0.139137,3.82314,0.535309,0.205656,1.98963,1.241058,0.899646,0.25761,0.013855,0.011962,0.0,0,0.012095,0.025229,0.013251,0.0,0.005407,0.0,0.036641,0.020887,0.030316,3.715002,3.401455,2.131681,0.891866,2.821423,2.182252,1.593022,1.623269,2.235939,3.433546,1.718693,2.476962,1.857235,2.204171,6.074164,3.297541,2.150821,0.865961,4.815003,2.42242,0.605493,1.855165,4.333312,4.87185,0.657363,4.250408,4.276688,2.969367,0.006779,0.003464,0.133978,0.0,0,0.0,0.0,0,0,0,0.011017,0.216185,0.184505,0.126845,0.650803,0,0.0,0.025905,0,0.0,0.014416,0.0,1.083328,0.010814,0.0,0.00916,0.019147,0.137548,0.054234,0.10045,0.031102,0.15913,0.185842,0.088119,0.176602,0.086133,0,0.232508,0.179949,0.214352,0.365529,0.168775,0,0,0,0,0,0,0,0,0,0,0,0,0,0
154,1285,1412,1522,513,278,1576,777,528,1463,878,896,1652,1979,14759,164,569,245,21,114,412,249,21,53,145,81,449,746,3269,296,54,60,252,0,269,66,53,45,201,139,233,500,2168,443,615,252,80,26,640,308,57,297,379,143,604,816,4660,215,33,34,10,54,67,16,1,19,302,21,169,34,975,821,450,747,506,288,1325,879,212,683,801,549,1630,1526,10417,168,130,247,106,46,136,146,18,612,110,52,1064,726,3561,40,5,4,0,0,14,5,8,0,1,0,15,12,104,542,1004,886,237,164,1221,444,224,353,614,443,1398,1060,8590,884,945,871,291,303,1438,173,248,673,889,193,2292,2406,11606,1,1,58,0,0,1,0,0,0,0,1,111,102,275,95,0,0,13,0,4,5,0,170,4,0,5,9,305,11,33,20,44,13,41,47,23,0,40,57,104,210,643,0,0,0,0,0,0,0,0,0,0,0,0,0,0,8.711274,4.89089,3.641323,1.898453,4.696739,2.723063,2.800404,3.49831,9.214587,4.747486,3.290488,3.026583,3.444675,3.758244,1.111789,1.970904,0.586152,0.077714,1.926001,0.711867,0.897427,0.139137,0.333816,0.784038,0.297466,0.8226,1.298498,0.832421,2.006644,0.187045,0.143548,0.932573,0.0,0.464787,0.237872,0.351156,0.283429,1.086839,0.510466,0.426873,0.870307,0.560509,3.003186,2.130239,0.6029,0.296055,0.439263,1.105812,1.11007,0.377659,1.87063,2.049313,0.525156,1.106572,1.420341,1.186626,1.457528,0.114306,0.081344,0.037007,0.912316,0.115765,0.057666,0.006626,0.11967,1.632962,0.077121,0.30962,0.059181,0.248275,5.565724,1.558711,1.787167,1.872548,4.865687,2.289377,3.168024,1.404625,4.30182,4.331134,2.016159,2.986278,2.656177,2.652594,1.138906,0.450294,0.590937,0.392273,0.777158,0.234985,0.526202,0.119261,3.854632,0.594787,0.190966,1.949325,1.263686,0.906776,0.271168,0.017319,0.00957,0.0,0,0.02419,0.018021,0.053005,0.0,0.005407,0.0,0.027481,0.020887,0.032843,3.674327,3.477658,2.119719,0.877063,2.770738,2.109683,1.600231,1.484132,2.223342,3.319996,1.626882,2.561237,1.845051,2.187365,5.992814,3.273294,2.083832,1.0769,5.119108,2.484622,0.623513,1.643146,4.238836,4.806964,0.708777,4.19911,4.187917,2.955361,0.006779,0.003464,0.138763,0.0,0,0.001728,0.0,0,0,0,0.003672,0.20336,0.177543,0.097325,0.644024,0,0.0,0.048109,0,0.006911,0.018021,0.0,1.070731,0.021629,0.0,0.00916,0.015666,0.111395,0.074571,0.114306,0.047849,0.16283,0.219632,0.070841,0.169394,0.152389,0,0.216286,0.209328,0.190536,0.365529,0.170633,0,0,0,0,0,0,0,0,0,0,0,0,0,0
155,1237,1403,1549,568,272,1600,762,506,1435,863,906,1657,2018,14776,161,583,254,26,111,399,244,26,49,148,65,466,769,3301,297,52,48,248,0,283,59,62,46,201,132,249,521,2198,442,649,255,63,25,600,301,65,292,377,123,609,855,4656,217,39,38,9,57,70,18,4,20,287,20,158,29,966,818,447,751,500,278,1335,910,197,683,786,534,1588,1556,10383,166,135,244,100,43,127,155,32,603,102,61,1066,697,3531,39,5,7,0,0,10,5,3,0,2,0,20,15,106,541,982,887,257,167,1212,452,229,361,625,436,1385,1078,8612,883,951,942,255,294,1449,163,251,663,881,188,2273,2410,11603,1,1,70,0,0,0,0,0,0,0,1,107,95,275,102,0,0,6,0,3,4,0,169,2,0,5,10,301,10,33,14,30,11,46,48,25,0,36,62,110,200,625,0,0,0,0,0,0,0,0,0,0,0,0,0,0,8.385872,4.859716,3.705919,2.101991,4.595371,2.764531,2.746342,3.352548,9.038231,4.666378,3.327213,3.035744,3.512559,3.762573,1.091451,2.019397,0.607685,0.096218,1.875317,0.689405,0.879406,0.172265,0.308623,0.80026,0.238707,0.853746,1.338532,0.840569,2.013423,0.180118,0.114838,0.917771,0.0,0.488976,0.212643,0.410786,0.289727,1.086839,0.484759,0.456186,0.90686,0.568266,2.996407,2.248008,0.610077,0.233143,0.422369,1.036699,1.084841,0.430663,1.839138,2.038499,0.451708,1.115732,1.488225,1.185608,1.471087,0.135088,0.090913,0.033306,0.963001,0.120948,0.064874,0.026502,0.125968,1.551855,0.073448,0.289467,0.050478,0.245983,5.545387,1.54832,1.796737,1.850344,4.696739,2.306656,3.279752,1.305241,4.30182,4.250027,1.961072,2.909331,2.708395,2.643936,1.125347,0.467613,0.58376,0.370069,0.726474,0.219435,0.558639,0.212019,3.797947,0.55153,0.224018,1.952989,1.213208,0.899137,0.264389,0.017319,0.016747,0.0,0,0.017278,0.018021,0.019877,0.0,0.010814,0.0,0.036641,0.026109,0.033474,3.667548,3.401455,2.122111,0.951077,2.821423,2.094132,1.629064,1.51726,2.273729,3.379474,1.601175,2.53742,1.876382,2.192967,5.986035,3.294077,2.253696,0.943676,4.967055,2.503628,0.587472,1.663023,4.175852,4.763707,0.690415,4.1643,4.194879,2.954598,0.006779,0.003464,0.167472,0.0,0,0.0,0.0,0,0,0,0.003672,0.196032,0.165358,0.122395,0.691479,0,0.0,0.022204,0,0.005183,0.014416,0.0,1.064433,0.010814,0.0,0.00916,0.017406,0.109934,0.067792,0.114306,0.033494,0.111021,0.185842,0.07948,0.172998,0.16564,0,0.194658,0.22769,0.201528,0.348123,0.165856,0,0,0,0,0,0,0,0,0,0,0,0,0,0
156,1245,1389,1540,541,270,1545,756,495,1425,872,905,1609,2023,14615,158,577,253,26,116,402,249,34,49,149,80,448,766,3307,302,53,56,244,0,266,64,52,46,193,148,229,528,2181,432,620,225,54,27,580,302,69,286,376,131,572,853,4527,211,37,33,6,52,67,17,1,18,288,18,150,22,920,817,437,720,486,281,1307,890,207,684,781,517,1618,1582,10327,164,131,242,104,46,125,145,27,603,106,43,1048,717,3501,34,5,5,0,0,12,5,2,0,2,0,19,19,103,543,972,902,259,157,1241,449,250,350,636,419,1378,1058,8614,882,939,908,291,308,1440,175,260,666,858,171,2260,2417,11575,1,1,59,0,0,2,0,0,0,0,2,104,93,262,98,0,0,9,0,2,6,0,171,3,0,5,10,304,11,31,14,38,10,50,44,17,0,39,36,118,195,603,0,0,0,0,0,0,0,0,0,0,0,0,0,0,8.440106,4.811223,3.684387,2.002072,4.561581,2.6695,2.724717,3.279666,8.975247,4.715043,3.32354,2.947804,3.521262,3.721576,1.071114,1.998614,0.605292,0.096218,1.959791,0.694588,0.897427,0.22527,0.308623,0.805667,0.293794,0.820768,1.33331,0.842097,2.047319,0.183582,0.133978,0.902968,0.0,0.459603,0.230664,0.344531,0.289727,1.043582,0.543518,0.419545,0.919044,0.56387,2.928615,2.147558,0.538303,0.199837,0.456158,1.002143,1.088445,0.457166,1.801348,2.033092,0.481087,1.047945,1.484744,1.152759,1.430411,0.128161,0.078951,0.022204,0.878527,0.115765,0.06127,0.006626,0.113372,1.557262,0.066104,0.274811,0.038294,0.23427,5.538608,1.513682,1.72257,1.798535,4.747424,2.258276,3.20767,1.371497,4.308119,4.222991,1.898641,2.964293,2.753651,2.629676,1.111789,0.453758,0.578975,0.384872,0.777158,0.215979,0.522598,0.178891,3.797947,0.573159,0.157914,1.920012,1.24802,0.891498,0.230493,0.017319,0.011962,0.0,0,0.020734,0.018021,0.013251,0.0,0.010814,0.0,0.034809,0.033072,0.032527,3.681106,3.366817,2.157998,0.958478,2.652475,2.144239,1.618251,1.656397,2.204447,3.438953,1.538744,2.524596,1.841569,2.193476,5.979256,3.252511,2.172353,1.0769,5.203582,2.488078,0.630722,1.722653,4.194747,4.639342,0.627984,4.140483,4.207063,2.947468,0.006779,0.003464,0.141155,0.0,0,0.003456,0.0,0,0,0,0.007345,0.190536,0.161877,0.092724,0.664362,0,0.0,0.033306,0,0.003456,0.021625,0.0,1.07703,0.016221,0.0,0.00916,0.017406,0.11103,0.074571,0.107378,0.033494,0.140626,0.168947,0.086392,0.158581,0.112635,0,0.210879,0.132207,0.216185,0.33942,0.160018,0,0,0,0,0,0,0,0,0,0,0,0,0,0
157,1217,1391,1520,537,270,1556,746,466,1430,855,928,1584,1995,14495,154,572,257,20,112,406,244,21,48,139,72,455,725,3225,289,44,42,236,0,277,72,51,46,191,143,239,509,2139,437,643,243,55,27,612,310,65,296,373,145,550,838,4594,210,34,31,10,57,62,19,6,18,282,13,149,23,914,792,426,711,522,272,1309,888,187,679,769,528,1570,1540,10193,164,150,255,97,42,136,143,21,602,103,52,1053,710,3528,28,3,6,0,0,7,7,3,0,2,0,26,16,98,540,966,870,256,155,1241,469,232,360,619,441,1373,1073,8595,863,930,915,248,295,1382,165,265,653,837,210,2196,2371,11330,1,1,69,0,0,0,0,0,0,0,3,114,99,287,95,0,0,6,0,2,2,0,172,3,1,5,9,295,10,33,22,44,9,46,47,20,0,38,44,105,197,615,0,0,0,0,0,0,0,0,0,0,0,0,0,0,8.250288,4.81815,3.636538,1.98727,4.561581,2.688506,2.688676,3.087524,9.006739,4.623121,3.408006,2.902002,3.472524,3.691019,1.043997,1.981295,0.614862,0.074014,1.892212,0.7015,0.879406,0.139137,0.302324,0.751595,0.264414,0.833593,1.261945,0.821217,1.959189,0.152407,0.100483,0.873362,0.0,0.478609,0.259497,0.337905,0.289727,1.032767,0.525156,0.437865,0.885972,0.553012,2.962511,2.227225,0.581368,0.203538,0.456158,1.057433,1.117278,0.430663,1.864332,2.01687,0.532501,1.00764,1.458634,1.16982,1.423632,0.117769,0.074166,0.037007,0.963001,0.107126,0.068478,0.039754,0.113372,1.524819,0.047741,0.272979,0.040034,0.232742,5.369128,1.47558,1.701038,1.931759,4.595371,2.261732,3.200461,1.238985,4.276627,4.158105,1.939038,2.876353,2.680545,2.595554,1.111789,0.51957,0.610077,0.358967,0.709579,0.234985,0.51539,0.139137,3.791648,0.556937,0.190966,1.929172,1.235836,0.898373,0.189818,0.010391,0.014355,0.0,0,0.012095,0.025229,0.019877,0.0,0.010814,0.0,0.047634,0.02785,0.030948,3.660769,3.346034,2.081439,0.947376,2.618686,2.144239,1.690334,1.537136,2.267431,3.347031,1.619537,2.515435,1.867679,2.188638,5.850451,3.221337,2.1891,0.917771,4.98395,2.387864,0.59468,1.755781,4.112868,4.525792,0.771208,4.023231,4.126995,2.885081,0.006779,0.003464,0.16508,0.0,0,0.0,0.0,0,0,0,0.011017,0.208856,0.172321,0.127736,0.644024,0,0.0,0.022204,0,0.003456,0.007208,0.0,1.083328,0.016221,0.003672,0.00916,0.015666,0.097997,0.067792,0.114306,0.052634,0.16283,0.152053,0.07948,0.169394,0.132512,0,0.205472,0.161586,0.192368,0.342901,0.163202,0,0,0,0,0,0,0,0,0,0,0,0,0,0
158,1205,1368,1466,558,268,1542,766,476,1397,846,925,1570,1976,14363,153,573,256,30,114,399,246,28,46,148,73,453,736,3255,295,48,50,257,0,273,69,56,47,204,151,238,502,2190,432,615,234,74,24,630,290,69,284,380,128,573,851,4584,200,34,30,16,55,67,21,6,15,283,14,142,26,909,786,394,719,457,261,1286,903,187,666,759,522,1573,1512,10025,165,137,254,103,42,132,153,26,606,107,64,1048,704,3541,42,4,9,0,0,11,6,5,0,2,0,26,22,127,526,947,827,240,152,1211,458,233,351,594,459,1355,1020,8373,871,891,881,263,287,1351,173,281,656,851,194,2233,2349,11281,1,1,67,0,0,1,0,0,0,0,1,114,92,277,100,0,0,8,0,0,4,0,171,4,1,5,11,304,11,33,14,30,9,49,49,20,0,39,55,105,209,623,0,0,0,0,0,0,0,0,0,0,0,0,0,0,8.168938,4.738483,3.507345,2.064984,4.527792,2.664317,2.760758,3.15378,8.798891,4.574457,3.396989,2.876353,3.439453,3.657406,1.037218,1.984759,0.612469,0.111021,1.926001,0.689405,0.886614,0.185516,0.289727,0.80026,0.268087,0.829929,1.281092,0.828856,1.999864,0.166263,0.119623,0.951077,0.0,0.471698,0.248684,0.371033,0.296026,1.10306,0.554535,0.436033,0.873788,0.566197,2.928615,2.130239,0.559835,0.273851,0.405474,1.088534,1.045196,0.457166,1.788751,2.05472,0.47007,1.049777,1.481262,1.167274,1.35584,0.117769,0.071774,0.059211,0.929211,0.115765,0.075687,0.039754,0.094476,1.530226,0.051414,0.260154,0.045256,0.231469,5.328452,1.364738,1.720178,1.691215,4.409529,2.221992,3.254523,1.238985,4.194747,4.104034,1.917003,2.88185,2.631808,2.552774,1.118568,0.474541,0.607685,0.381171,0.709579,0.228074,0.551431,0.172265,3.816842,0.578566,0.235035,1.920012,1.225392,0.901683,0.284726,0.013855,0.021532,0.0,0,0.019006,0.021625,0.033128,0.0,0.010814,0.0,0.047634,0.038294,0.040106,3.56586,3.280222,1.978564,0.888165,2.568001,2.092404,1.650688,1.543762,2.210745,3.211852,1.685641,2.482458,1.775426,2.132108,5.904684,3.086249,2.107756,0.973281,4.848792,2.334301,0.623513,1.86179,4.131763,4.601492,0.71245,4.091017,4.088702,2.872603,0.006779,0.003464,0.160295,0.0,0,0.001728,0.0,0,0,0,0.003672,0.208856,0.160136,0.098033,0.67792,0,0.0,0.029606,0,0.0,0.014416,0.0,1.07703,0.021629,0.003672,0.00916,0.019147,0.125024,0.074571,0.114306,0.033494,0.111021,0.152053,0.084664,0.176602,0.132512,0,0.210879,0.201983,0.192368,0.363788,0.165325,0,0,0,0,0,0,0,0,0,0,0,0,0,0
159,1221,1362,1473,547,271,1556,771,473,1388,854,925,1584,1951,14376,150,560,241,27,115,389,250,26,46,130,79,447,739,3199,295,47,47,239,0,286,64,50,44,194,144,236,532,2178,427,612,222,68,26,617,292,63,284,377,119,568,846,4521,200,31,35,15,52,69,21,3,17,279,26,146,20,914,776,414,702,482,266,1294,890,194,639,747,538,1514,1512,9968,162,140,262,94,44,125,142,22,601,106,67,1009,683,3457,30,4,9,0,0,12,6,3,0,2,0,24,20,110,525,926,856,257,155,1270,458,243,348,592,437,1354,1029,8450,853,913,888,268,290,1351,165,275,650,840,175,2180,2280,11128,1,1,62,0,0,1,0,0,0,0,2,111,94,272,91,0,0,6,0,3,2,0,168,4,0,6,9,289,9,41,18,44,8,49,43,15,0,39,50,113,197,626,0,0,0,0,0,0,0,0,0,0,0,0,0,0,8.277405,4.7177,3.524092,2.024277,4.578476,2.688506,2.778779,3.133903,8.742206,4.617714,3.396989,2.902002,3.395937,3.660717,1.01688,1.93973,0.576583,0.099919,1.942896,0.672127,0.901031,0.172265,0.289727,0.702931,0.290121,0.818936,1.286314,0.814596,1.999864,0.162799,0.112446,0.884465,0.0,0.49416,0.230664,0.331279,0.27713,1.048989,0.528828,0.432369,0.926007,0.563095,2.894719,2.119848,0.531126,0.251647,0.439263,1.066072,1.052404,0.417412,1.788751,2.038499,0.437018,1.040617,1.472559,1.151231,1.35584,0.107378,0.083736,0.05551,0.878527,0.11922,0.075687,0.019877,0.107073,1.508597,0.095483,0.267483,0.034812,0.232742,5.26066,1.434015,1.679506,1.783732,4.494002,2.235814,3.20767,1.285364,4.02469,4.039148,1.975762,2.773757,2.631808,2.53826,1.098231,0.484932,0.626824,0.347865,0.743369,0.215979,0.511785,0.145763,3.78535,0.573159,0.246052,1.848561,1.188839,0.880293,0.203376,0.013855,0.021532,0.0,0,0.020734,0.021625,0.019877,0.0,0.010814,0.0,0.04397,0.034812,0.034737,3.559081,3.207482,2.047945,0.951077,2.618686,2.194347,1.650688,1.610018,2.19185,3.201038,1.604848,2.480626,1.791092,2.151715,5.782659,3.162452,2.124504,0.991784,4.899476,2.334301,0.59468,1.822037,4.093972,4.542014,0.642674,3.993918,3.968599,2.833643,0.006779,0.003464,0.148332,0.0,0,0.001728,0.0,0,0,0,0.007345,0.20336,0.163618,0.096263,0.616907,0,0.0,0.022204,0,0.005183,0.007208,0.0,1.058134,0.021629,0.0,0.010992,0.015666,0.105551,0.061013,0.142016,0.043064,0.16283,0.135158,0.084664,0.154977,0.099384,0,0.210879,0.183621,0.207024,0.342901,0.166121,0,0,0,0,0,0,0,0,0,0,0,0,0,0
160,1190,1329,1422,545,263,1534,735,476,1392,824,901,1580,1939,14130,152,566,250,28,117,395,245,32,45,130,84,432,753,3229,285,45,46,258,0,269,65,62,42,185,143,228,497,2125,424,616,243,59,26,598,297,65,287,366,125,555,843,4504,195,29,40,21,49,73,21,4,18,285,22,150,23,930,783,402,669,481,254,1285,873,196,638,751,505,1551,1476,9864,160,130,222,101,40,132,136,24,587,107,48,1020,719,3426,28,6,9,0,0,14,5,2,0,2,0,25,12,103,515,937,823,255,152,1199,468,224,336,594,434,1359,1003,8299,848,881,844,291,278,1372,168,280,647,824,170,2185,2304,11092,1,1,50,0,0,0,0,0,0,0,1,116,85,254,90,0,0,10,0,3,3,0,163,4,1,5,9,288,9,26,12,42,9,56,40,23,0,40,42,120,212,631,0,0,0,0,0,0,0,0,0,0,0,0,0,0,8.06725,4.603395,3.402077,2.016875,4.443318,2.650494,2.64903,3.15378,8.767399,4.455499,3.308851,2.894674,3.37505,3.598075,1.030439,1.960513,0.598115,0.103619,1.976685,0.682494,0.88301,0.212019,0.283429,0.702931,0.308483,0.791455,1.310682,0.822235,1.932072,0.155871,0.110053,0.954778,0.0,0.464787,0.234268,0.410786,0.264534,1.000324,0.525156,0.417712,0.865085,0.549392,2.874381,2.133703,0.581368,0.218341,0.439263,1.033243,1.070425,0.430663,1.807646,1.97902,0.459053,1.0168,1.467337,1.146902,1.321944,0.10045,0.095698,0.077714,0.827843,0.126132,0.075687,0.026502,0.113372,1.54104,0.080793,0.274811,0.040034,0.236816,5.308115,1.392449,1.600555,1.780031,4.291265,2.220264,3.146399,1.298615,4.018391,4.060776,1.854572,2.841544,2.569146,2.511777,1.084672,0.450294,0.531126,0.37377,0.67579,0.228074,0.490161,0.159014,3.697172,0.578566,0.176276,1.868714,1.251501,0.872399,0.189818,0.020783,0.021532,0.0,0,0.02419,0.018021,0.013251,0.0,0.010814,0.0,0.045802,0.020887,0.032527,3.491289,3.245584,1.968994,0.943676,2.568001,2.07167,1.68673,1.484132,2.116269,3.211852,1.59383,2.489786,1.745836,2.113264,5.748763,3.051611,2.019235,1.0769,4.696739,2.370585,0.605493,1.855165,4.075077,4.455499,0.624311,4.003078,4.010374,2.824476,0.006779,0.003464,0.119623,0.0,0,0.0,0.0,0,0,0,0.003672,0.21252,0.147952,0.113048,0.610128,0,0.0,0.037007,0,0.005183,0.010812,0.0,1.026642,0.021629,0.003672,0.00916,0.015666,0.095672,0.061013,0.090059,0.02871,0.155429,0.152053,0.096759,0.144165,0.152389,0,0.216286,0.154242,0.219849,0.36901,0.167448,0,0,0,0,0,0,0,0,0,0,0,0,0,0
161,1186,1333,1446,500,266,1533,745,494,1381,828,941,1642,1926,14221,153,546,230,29,113,391,238,25,43,128,81,434,731,3142,286,46,51,240,0,278,64,52,45,186,139,236,509,2132,430,607,224,52,27,600,296,71,289,359,134,559,801,4449,199,35,40,12,55,71,20,4,17,278,17,137,23,908,756,406,668,480,255,1282,855,190,625,745,566,1542,1524,9894,161,125,248,90,45,122,145,27,587,98,56,993,687,3384,32,4,7,0,0,10,5,1,0,2,0,20,19,100,519,931,835,261,157,1185,457,222,346,613,424,1327,1010,8287,840,866,882,247,281,1328,159,269,638,850,188,2125,2284,10957,1,1,66,0,0,0,1,0,0,0,2,121,94,286,95,0,0,9,0,0,3,0,164,4,0,7,7,289,9,32,20,41,8,52,41,9,0,40,54,102,194,602,0,0,0,0,0,0,0,0,0,0,0,0,0,0,8.040133,4.61725,3.459496,1.850344,4.494002,2.648766,2.685072,3.27304,8.698117,4.477128,3.455747,3.008263,3.352422,3.621247,1.037218,1.891237,0.550266,0.10732,1.909106,0.675582,0.857781,0.16564,0.270832,0.692116,0.297466,0.795119,1.272389,0.800081,1.938852,0.159335,0.122015,0.888165,0.0,0.480337,0.230664,0.344531,0.283429,1.005732,0.510466,0.432369,0.885972,0.551202,2.915057,2.102529,0.535911,0.192436,0.456158,1.036699,1.06682,0.470417,1.820243,1.94117,0.492104,1.024128,1.394232,1.132897,1.349061,0.121233,0.095698,0.044408,0.929211,0.122676,0.072082,0.026502,0.107073,1.50319,0.062431,0.250994,0.040034,0.231214,5.125076,1.406304,1.598163,1.77633,4.30816,2.215081,3.081525,1.258862,3.936512,4.028334,2.07859,2.825055,2.652695,2.519416,1.091451,0.432975,0.59333,0.333062,0.760264,0.210795,0.522598,0.178891,3.697172,0.529902,0.205656,1.819248,1.195802,0.861705,0.216934,0.013855,0.016747,0.0,0,0.017278,0.018021,0.006626,0.0,0.010814,0.0,0.036641,0.033072,0.031579,3.518406,3.224801,1.997703,0.96588,2.652475,2.047481,1.647084,1.470881,2.179253,3.314589,1.557106,2.43116,1.75802,2.110209,5.694529,2.999654,2.110149,0.91407,4.747424,2.294561,0.573056,1.782283,4.018391,4.596085,0.690415,3.893154,3.975562,2.7901,0.006779,0.003464,0.157902,0.0,0,0.0,0.003604,0,0,0,0.007345,0.221681,0.163618,0.113299,0.644024,0,0.0,0.033306,0,0.0,0.010812,0.0,1.032941,0.021629,0.0,0.012825,0.012184,0.133843,0.061013,0.110842,0.047849,0.151728,0.135158,0.089847,0.147769,0.05963,0,0.216286,0.198311,0.186871,0.337679,0.159752,0,0,0,0,0,0,0,0,0,0,0,0,0,0
162,1185,1358,1460,507,259,1539,735,517,1359,821,849,1553,1917,14059,150,547,245,23,115,392,239,30,43,120,78,423,721,3126,296,37,36,261,0,261,65,63,44,185,144,238,535,2165,416,621,238,62,24,608,298,83,287,356,113,550,860,4516,182,36,36,10,57,73,18,5,17,278,10,139,24,885,759,398,703,458,242,1266,861,189,620,732,513,1523,1498,9762,153,132,237,98,40,133,141,33,577,111,56,1001,703,3415,33,5,10,0,0,13,7,2,0,2,0,21,21,114,521,940,817,248,161,1184,467,233,345,604,419,1336,989,8264,819,882,893,262,265,1324,153,301,637,861,158,2142,2322,11019,1,1,56,0,0,1,0,0,0,0,1,112,92,264,89,0,0,9,0,2,7,0,164,4,1,4,7,287,7,26,26,42,9,58,44,17,0,45,46,99,208,627,0,0,0,0,0,0,0,0,0,0,0,0,0,0,8.033354,4.703845,3.49299,1.876249,4.375739,2.659133,2.64903,3.425429,8.559552,4.439278,3.117885,2.845208,3.336757,3.579995,1.01688,1.8947,0.586152,0.085116,1.942896,0.67731,0.861385,0.198768,0.270832,0.648859,0.286449,0.774967,1.254983,0.796007,2.006644,0.128161,0.086129,0.96588,0.0,0.450964,0.234268,0.417412,0.27713,1.000324,0.528828,0.436033,0.931228,0.559734,2.820148,2.151022,0.569405,0.229443,0.405474,1.050522,1.074029,0.549924,1.807646,1.924949,0.414983,1.00764,1.496928,1.149958,1.233815,0.124697,0.086129,0.037007,0.963001,0.126132,0.064874,0.033128,0.107073,1.50319,0.036724,0.254658,0.041775,0.225357,5.145414,1.378594,1.681899,1.694915,4.088528,2.187435,3.10315,1.252236,3.90502,3.95804,1.883952,2.790246,2.607439,2.485804,1.037218,0.457222,0.567013,0.362667,0.67579,0.229802,0.508181,0.218644,3.634188,0.600195,0.205656,1.833904,1.223651,0.869598,0.223714,0.017319,0.023925,0.0,0,0.022462,0.025229,0.013251,0.0,0.010814,0.0,0.038474,0.036553,0.036001,3.531964,3.255975,1.954639,0.917771,2.720054,2.045753,1.683125,1.543762,2.172955,3.265924,1.538744,2.447649,1.721467,2.104352,5.552166,3.055074,2.136466,0.96958,4.477108,2.287649,0.551431,1.994302,4.012093,4.655564,0.580242,3.924299,4.041705,2.805887,0.006779,0.003464,0.133978,0.0,0,0.001728,0.0,0,0,0,0.003672,0.205192,0.160136,0.093432,0.603349,0,0.0,0.033306,0,0.003456,0.025229,0.0,1.032941,0.021629,0.003672,0.007328,0.012184,0.095339,0.047454,0.090059,0.062204,0.155429,0.152053,0.100214,0.158581,0.112635,0,0.243322,0.168931,0.181375,0.362048,0.166387,0,0,0,0,0,0,0,0,0,0,0,0,0,0
163,1220,1325,1400,528,255,1540,709,481,1347,824,966,1591,1943,14129,156,537,250,35,116,385,229,31,43,126,85,432,716,3141,300,42,42,254,0,285,68,56,41,192,155,243,519,2197,413,619,219,64,26,612,290,66,280,358,154,546,839,4486,181,32,43,17,54,70,18,2,17,268,20,130,25,877,752,387,674,493,236,1243,839,179,618,741,511,1532,1479,9684,152,130,251,98,36,130,142,22,573,103,56,1000,703,3396,37,5,10,0,0,6,5,2,0,2,0,21,23,111,508,946,811,259,159,1205,440,254,345,586,421,1314,1011,8259,835,854,838,244,279,1329,142,238,615,834,203,2118,2276,10805,1,1,57,0,0,0,0,0,0,0,2,104,95,260,99,0,0,8,0,0,3,0,161,4,1,4,7,287,11,33,14,38,8,48,43,13,0,41,51,108,200,608,0,0,0,0,0,0,0,0,0,0,0,0,0,0,8.270626,4.589539,3.349443,1.953963,4.30816,2.660861,2.555323,3.186908,8.483971,4.455499,3.547558,2.914827,3.382012,3.59782,1.057555,1.860062,0.598115,0.129524,1.959791,0.665215,0.825344,0.205393,0.270832,0.681302,0.312156,0.791455,1.246279,0.799827,2.03376,0.14548,0.100483,0.939975,0.0,0.492432,0.24508,0.371033,0.258235,1.038175,0.569225,0.445194,0.903379,0.568007,2.79981,2.144094,0.523949,0.236844,0.439263,1.057433,1.045196,0.437289,1.763557,1.935763,0.565553,1.000311,1.460375,1.142319,1.227035,0.110842,0.102876,0.062912,0.912316,0.120948,0.064874,0.013251,0.107073,1.449119,0.073448,0.238169,0.043515,0.22332,5.097959,1.340492,1.612517,1.824439,3.98716,2.147695,3.023859,1.18598,3.892423,4.006705,1.876607,2.806735,2.574368,2.465942,1.030439,0.450294,0.600507,0.362667,0.608211,0.224618,0.511785,0.145763,3.608994,0.556937,0.205656,1.832072,1.223651,0.86476,0.25083,0.017319,0.023925,0.0,0,0.010367,0.018021,0.013251,0.0,0.010814,0.0,0.038474,0.040034,0.035053,3.443834,3.276758,1.940284,0.958478,2.686265,2.082037,1.585814,1.682899,2.172955,3.168595,1.546089,2.407343,1.75976,2.103079,5.660633,2.958088,2.004881,0.902968,4.713634,2.296289,0.511785,1.57689,3.873528,4.509571,0.745501,3.880329,3.961637,2.751394,0.006779,0.003464,0.13637,0.0,0,0.0,0.0,0,0,0,0.007345,0.190536,0.165358,0.115719,0.671141,0,0.0,0.029606,0,0.0,0.010812,0.0,1.014045,0.021629,0.003672,0.007328,0.012184,0.118032,0.074571,0.114306,0.033494,0.140626,0.135158,0.082936,0.154977,0.086133,0,0.221694,0.187293,0.197864,0.348123,0.161345,0,0,0,0,0,0,0,0,0,0,0,0,0,0
164,1196,1323,1405,529,248,1534,728,482,1354,810,891,1572,1961,14033,150,542,233,34,107,403,219,25,45,115,70,422,744,3109,288,45,47,253,0,283,74,49,42,193,152,225,492,2143,399,592,220,70,24,597,287,71,286,349,147,575,869,4486,172,41,26,13,47,69,18,4,17,282,11,138,26,864,754,390,643,449,243,1250,853,187,621,751,500,1520,1529,9690,152,128,233,110,38,131,136,19,571,112,50,955,702,3337,36,3,7,0,0,11,5,3,0,2,0,24,20,111,489,929,768,241,160,1179,452,238,340,587,420,1339,966,8108,826,872,849,240,272,1317,143,256,612,842,175,2096,2308,10808,1,0,61,0,0,0,0,0,0,0,2,104,99,267,98,0,0,7,0,1,4,0,163,4,0,5,8,290,8,31,13,29,8,48,47,20,0,42,52,95,201,594,0,0,0,0,0,0,0,0,0,0,0,0,0,0,8.107925,4.582612,3.361405,1.957664,4.189897,2.650494,2.623802,3.193533,8.528059,4.379799,3.272126,2.880018,3.413344,3.573375,1.01688,1.877381,0.557443,0.125823,1.807738,0.696316,0.789303,0.16564,0.283429,0.621823,0.257069,0.773134,1.295017,0.791678,1.95241,0.155871,0.112446,0.936274,0.0,0.488976,0.266705,0.324654,0.264534,1.043582,0.558208,0.412216,0.856382,0.554046,2.704901,2.050572,0.526341,0.259048,0.405474,1.031516,1.034383,0.470417,1.801348,1.887099,0.539846,1.053442,1.512593,1.142319,1.166023,0.142016,0.062204,0.048109,0.794053,0.11922,0.064874,0.026502,0.107073,1.524819,0.040397,0.252826,0.045256,0.22001,5.111518,1.350883,1.538351,1.661609,4.105423,2.15979,3.074317,1.238985,3.911318,4.060776,1.83621,2.78475,2.661398,2.46747,1.030439,0.443367,0.557443,0.407076,0.642,0.226346,0.490161,0.125886,3.596397,0.605602,0.183621,1.749629,1.221911,0.849736,0.244051,0.010391,0.016747,0.0,0,0.019006,0.018021,0.019877,0.0,0.010814,0.0,0.04397,0.034812,0.035053,3.315029,3.217873,1.837408,0.891866,2.703159,2.037114,1.629064,1.57689,2.141462,3.174002,1.542416,2.453145,1.681433,2.064628,5.59962,3.020436,2.031198,0.888165,4.595371,2.275555,0.51539,1.696151,3.854632,4.552828,0.642674,3.840023,4.017337,2.752158,0.006779,0.0,0.14594,0.0,0,0.0,0.0,0,0,0,0.007345,0.190536,0.172321,0.136355,0.664362,0,0.0,0.025905,0,0.001728,0.014416,0.0,1.026642,0.021629,0.0,0.00916,0.013925,0.105917,0.054234,0.107378,0.031102,0.10732,0.135158,0.082936,0.169394,0.132512,0,0.227101,0.190966,0.174047,0.349863,0.15763,0,0,0,0,0,0,0,0,0,0,0,0,0,0
165,1187,1298,1374,500,256,1544,715,461,1352,791,904,1527,1918,13827,151,555,233,26,111,390,219,34,48,120,83,405,705,3080,298,50,45,260,0,264,75,46,41,197,136,217,513,2142,401,605,226,69,24,585,270,64,287,345,147,568,821,4412,171,42,32,15,47,66,17,2,17,276,12,141,20,858,746,389,670,502,239,1241,856,187,626,750,525,1483,1514,9728,156,120,246,93,40,127,133,22,566,106,48,926,709,3292,25,3,7,0,0,11,5,3,0,2,0,22,18,96,496,912,745,237,150,1187,446,217,345,576,433,1344,997,8085,816,852,860,266,270,1304,135,252,607,850,192,2069,2293,10766,1,0,59,0,0,0,0,0,0,0,2,99,97,258,94,0,0,11,0,2,5,0,161,4,1,6,9,293,10,35,13,36,10,63,42,8,0,39,45,90,193,584,0,0,0,0,0,0,0,0,0,0,0,0,0,0,8.046912,4.496017,3.287239,1.850344,4.325055,2.667772,2.576948,3.054396,8.515463,4.277063,3.319868,2.797574,3.338497,3.520919,1.023659,1.922411,0.557443,0.096218,1.875317,0.673854,0.789303,0.22527,0.302324,0.648859,0.304811,0.741989,1.227133,0.784294,2.020202,0.17319,0.107661,0.962179,0.0,0.456148,0.270309,0.304777,0.258235,1.06521,0.499449,0.39756,0.892935,0.553787,2.71846,2.095601,0.540696,0.255347,0.405474,1.010782,0.973113,0.424038,1.807646,1.86547,0.539846,1.040617,1.429044,1.123475,1.159243,0.14548,0.076559,0.05551,0.794053,0.114037,0.06127,0.013251,0.107073,1.492376,0.044069,0.258322,0.034812,0.218482,5.057284,1.347419,1.602948,1.857746,4.037844,2.144239,3.085129,1.238985,3.94281,4.055369,1.928021,2.716963,2.635289,2.477146,1.057555,0.415656,0.588545,0.344164,0.67579,0.219435,0.479348,0.145763,3.564905,0.573159,0.176276,1.696499,1.234095,0.838278,0.16948,0.010391,0.016747,0.0,0,0.019006,0.018021,0.019877,0.0,0.010814,0.0,0.040306,0.031331,0.030316,3.362484,3.158989,1.782382,0.877063,2.534212,2.050936,1.607439,1.437753,2.172955,3.114524,1.590158,2.462305,1.735392,2.058771,5.531828,2.95116,2.057515,0.984383,4.561581,2.253093,0.486557,1.669648,3.82314,4.596085,0.705105,3.790557,3.991227,2.741463,0.006779,0.0,0.141155,0.0,0,0.0,0.0,0,0,0,0.007345,0.181375,0.16884,0.131758,0.637245,0,0.0,0.040708,0,0.003456,0.018021,0.0,1.014045,0.021629,0.003672,0.010992,0.015666,0.097332,0.067792,0.121233,0.031102,0.133225,0.168947,0.108853,0.151373,0.053005,0,0.210879,0.165259,0.164887,0.335938,0.154976,0,0,0,0,0,0,0,0,0,0,0,0,0,0
166,1182,1252,1429,487,253,1489,725,471,1339,804,897,1534,1935,13797,156,556,226,27,105,393,230,34,52,116,81,402,701,3079,294,47,58,252,0,261,70,37,38,187,145,234,516,2139,401,594,228,64,23,606,282,74,291,348,136,578,867,4492,170,33,35,15,44,67,19,4,17,262,13,136,21,836,729,387,636,476,237,1228,826,179,616,740,511,1515,1482,9562,154,115,241,78,33,126,134,28,564,99,53,959,677,3261,32,4,7,0,0,12,6,5,0,2,0,24,20,112,493,917,800,238,163,1185,446,220,332,568,411,1327,984,8084,814,832,845,210,274,1302,136,246,609,842,182,2092,2242,10626,1,1,62,0,0,2,0,0,0,0,0,101,101,268,100,0,0,10,0,0,6,0,163,3,0,5,7,294,10,32,24,28,6,50,44,10,0,41,53,99,189,586,0,0,0,0,0,0,0,0,0,0,0,0,0,0,8.013016,4.336682,3.418824,1.802235,4.274371,2.572742,2.612989,3.120652,8.433583,4.347356,3.294161,2.810399,3.368088,3.51328,1.057555,1.925875,0.540696,0.099919,1.773948,0.679038,0.828948,0.22527,0.327518,0.62723,0.297466,0.736493,1.22017,0.784039,1.993085,0.162799,0.138763,0.932573,0.0,0.450964,0.252289,0.245147,0.23934,1.011139,0.532501,0.428705,0.898157,0.553012,2.71846,2.057499,0.545481,0.236844,0.388579,1.047066,1.016363,0.490294,1.83284,1.881691,0.499449,1.058938,1.509112,1.143847,1.152464,0.114306,0.083736,0.05551,0.743369,0.115765,0.068478,0.026502,0.107073,1.416676,0.047741,0.249162,0.036553,0.21288,4.942038,1.340492,1.521604,1.761528,4.004055,2.121778,2.977006,1.18598,3.879826,4.001298,1.876607,2.775589,2.57959,2.434876,1.043997,0.398337,0.576583,0.288654,0.557527,0.217707,0.482952,0.185516,3.552308,0.535309,0.194638,1.756957,1.178396,0.830384,0.216934,0.013855,0.016747,0.0,0,0.020734,0.021625,0.033128,0.0,0.010814,0.0,0.04397,0.034812,0.035369,3.342146,3.176308,1.913967,0.880764,2.753844,2.047481,1.607439,1.457629,2.091075,3.071266,1.509365,2.43116,1.712764,2.058516,5.51827,2.881884,2.021628,0.777145,4.62916,2.249637,0.490161,1.629895,3.835737,4.552828,0.66838,3.832695,3.902456,2.705813,0.006779,0.003464,0.148332,0.0,0,0.003456,0.0,0,0,0,0.0,0.185039,0.175802,0.104963,0.67792,0,0.0,0.037007,0,0.0,0.021625,0.0,1.026642,0.016221,0.0,0.00916,0.012184,0.136159,0.067792,0.110842,0.057419,0.103619,0.101368,0.086392,0.158581,0.066256,0,0.221694,0.194638,0.181375,0.328976,0.155507,0,0,0,0,0,0,0,0,0,0,0,0,0,0
167,1161,1291,1415,526,252,1514,694,447,1341,801,903,1511,1931,13787,155,547,240,28,105,395,215,34,56,118,87,406,719,3105,292,49,45,277,0,268,59,45,36,191,135,201,527,2125,396,595,214,68,22,581,281,66,288,364,129,573,858,4435,167,39,37,14,42,65,16,2,19,264,21,131,27,844,728,383,637,452,224,1253,820,195,615,727,531,1479,1484,9528,161,108,252,85,35,113,136,32,559,105,49,938,685,3258,35,4,11,0,0,9,5,2,0,3,0,23,16,108,501,891,809,262,159,1195,435,228,343,562,404,1297,984,8070,813,813,876,259,262,1317,132,247,610,831,184,2061,2269,10674,1,1,55,0,0,0,1,0,0,0,2,96,93,249,93,0,0,7,0,0,7,0,163,4,0,4,8,286,11,32,15,34,7,49,41,10,0,41,48,93,185,566,0,0,0,0,0,0,0,0,0,0,0,0,0,0,7.870653,4.47177,3.385329,1.946562,4.257476,2.615938,2.501261,2.961638,8.44618,4.331134,3.316195,2.768261,3.361125,3.510733,1.050776,1.8947,0.57419,0.103619,1.773948,0.682494,0.774886,0.22527,0.352711,0.638045,0.319501,0.743821,1.251501,0.79066,1.979527,0.169726,0.107661,1.025091,0.0,0.463059,0.212643,0.298151,0.226743,1.032767,0.495777,0.368247,0.917303,0.549392,2.684564,2.060963,0.511986,0.251647,0.371684,1.00387,1.012759,0.437289,1.813945,1.968206,0.473742,1.049777,1.493447,1.129332,1.132127,0.135088,0.088521,0.05181,0.709579,0.112309,0.057666,0.013251,0.11967,1.42749,0.077121,0.240001,0.046997,0.214917,4.935259,1.326637,1.523996,1.672711,3.784423,2.164973,2.955381,1.29199,3.873528,3.931005,1.950055,2.709635,2.583071,2.426218,1.091451,0.374091,0.6029,0.314559,0.591316,0.195245,0.490161,0.212019,3.520816,0.567752,0.179949,1.718484,1.19232,0.82962,0.237272,0.013855,0.026317,0.0,0,0.01555,0.018021,0.013251,0.0,0.016221,0.0,0.042138,0.02785,0.034106,3.39638,3.086249,1.935499,0.96958,2.686265,2.064759,1.567794,1.510634,2.160358,3.038823,1.483658,2.376198,1.712764,2.054951,5.511491,2.816072,2.095794,0.958478,4.426423,2.275555,0.475744,1.63652,3.842036,4.493349,0.675725,3.775901,3.949453,2.718036,0.006779,0.003464,0.131585,0.0,0,0.0,0.003604,0,0,0,0.007345,0.175879,0.161877,0.098642,0.630466,0,0.0,0.025905,0,0.0,0.025229,0.0,1.026642,0.021629,0.0,0.007328,0.013925,0.132454,0.074571,0.110842,0.035887,0.125823,0.118263,0.084664,0.147769,0.066256,0,0.221694,0.176276,0.170383,0.322014,0.150199,0,0,0,0,0,0,0,0,0,0,0,0,0,0
