Variable,Overall__Cornell,Overall__Emory,Overall__JHU,Overall__MIMIC,Overall__Michigan,Overall__NU,Overall__OHSU,Overall__RUSH,Overall__Sunnybrook,Overall__UCMC,Overall__UCSF,Overall__UMN,Overall__UPenn,Overall__ALL,2011__Cornell,2011__Emory,2011__JHU,2011__MIMIC,2011__Michigan,2011__NU,2011__OHSU,2011__RUSH,2011__Sunnybrook,2011__UCMC,2011__UCSF,2011__UMN,2011__UPenn,2011__ALL,2012__Cornell,2012__Emory,2012__JHU,2012__MIMIC,2012__Michigan,2012__NU,2012__OHSU,2012__RUSH,2012__Sunnybrook,2012__UCMC,2012__UCSF,2012__UMN,2012__UPenn,2012__ALL,2013__Cornell,2013__Emory,2013__JHU,2013__MIMIC,2013__Michigan,2013__NU,2013__OHSU,2013__RUSH,2013__Sunnybrook,2013__UCMC,2013__UCSF,2013__UMN,2013__UPenn,2013__ALL,2014__Cornell,2014__Emory,2014__JHU,2014__MIMIC,2014__Michigan,2014__NU,2014__OHSU,2014__RUSH,2014__Sunnybrook,2014__UCMC,2014__UCSF,2014__UMN,2014__UPenn,2014__ALL,2015__Cornell,2015__Emory,2015__JHU,2015__MIMIC,2015__Michigan,2015__NU,2015__OHSU,2015__RUSH,2015__Sunnybrook,2015__UCMC,2015__UCSF,2015__UMN,2015__UPenn,2015__ALL,2016__Cornell,2016__Emory,2016__JHU,2016__MIMIC,2016__Michigan,2016__NU,2016__OHSU,2016__RUSH,2016__Sunnybrook,2016__UCMC,2016__UCSF,2016__UMN,2016__UPenn,2016__ALL,2017__Cornell,2017__Emory,2017__JHU,2017__MIMIC,2017__Michigan,2017__NU,2017__OHSU,2017__RUSH,2017__Sunnybrook,2017__UCMC,2017__UCSF,2017__UMN,2017__UPenn,2017__ALL,2018__Cornell,2018__Emory,2018__JHU,2018__MIMIC,2018__Michigan,2018__NU,2018__OHSU,2018__RUSH,2018__Sunnybrook,2018__UCMC,2018__UCSF,2018__UMN,2018__UPenn,2018__ALL,2019__Cornell,2019__Emory,2019__JHU,2019__MIMIC,2019__Michigan,2019__NU,2019__OHSU,2019__RUSH,2019__Sunnybrook,2019__UCMC,2019__UCSF,2019__UMN,2019__UPenn,2019__ALL,2020__Cornell,2020__Emory,2020__JHU,2020__MIMIC,2020__Michigan,2020__NU,2020__OHSU,2020__RUSH,2020__Sunnybrook,2020__UCMC,2020__UCSF,2020__UMN,2020__UPenn,2020__ALL,2021__Cornell,2021__Emory,2021__JHU,2021__MIMIC,2021__Michigan,2021__NU,2021__OHSU,2021__RUSH,2021__Sunnybrook,2021__UCMC,2021__UCSF,2021__UMN,2021__UPenn,2021__ALL,2022__Cornell,2022__Emory,2022__JHU,2022__MIMIC,2022__Michigan,2022__NU,2022__OHSU,2022__RUSH,2022__Sunnybrook,2022__UCMC,2022__UCSF,2022__UMN,2022__UPenn,2022__ALL,2023__Cornell,2023__Emory,2023__JHU,2023__MIMIC,2023__Michigan,2023__NU,2023__OHSU,2023__RUSH,2023__Sunnybrook,2023__UCMC,2023__UCSF,2023__UMN,2023__UPenn,2023__ALL,2024__Cornell,2024__Emory,2024__JHU,2024__MIMIC,2024__Michigan,2024__NU,2024__OHSU,2024__RUSH,2024__Sunnybrook,2024__UCMC,2024__UCSF,2024__UMN,2024__UPenn,2024__ALL,2025__Cornell,2025__Emory,2025__JHU,2025__MIMIC,2025__Michigan,2025__NU,2025__OHSU,2025__RUSH,2025__Sunnybrook,2025__UCMC,2025__UCSF,2025__UMN,2025__UPenn,2025__ALL,2026__Cornell,2026__Emory,2026__JHU,2026__MIMIC,2026__Michigan,2026__NU,2026__OHSU,2026__RUSH,2026__Sunnybrook,2026__UCMC,2026__UCSF,2026__UMN,2026__UPenn,2026__ALL
N: Encounter blocks,"14,933","34,739","43,979","27,022","6,155","58,343","31,095","15,163","15,902","19,007","27,230","56,854","59,664","410,086",,,,,,,,,,,,829,,829,,,,,,,,,,,785,"1,553",,"2,338",,,,,,,,,,,"1,397","1,917",,"3,314",,,,,,,,,,,"1,436","2,710",,"4,146",,,,,,,,,4,,"1,532","3,291",,"4,827",,,,,,,"2,582",,99,,"1,637","3,619",,"7,937",,,"1,908",,,,"2,510",,"1,396",,"1,720","4,005","3,033","14,572",,,"4,102",,,"4,309","2,782","1,590","1,467","1,639","1,790","4,206","6,576","28,461",,,"4,378",,,"5,316","3,116","1,672","1,542","2,046","1,999","4,260","6,700","31,029",584,,"4,811",,,"5,918","3,143","1,795","1,511","2,377","1,948","4,440","6,439","32,966","2,564",,"5,039",,,"6,797","3,304","1,630","1,782","2,988","2,399","4,452","6,827","37,782","2,565","1,779","4,958",,,"7,407","3,249","1,763","1,992","3,099","2,395","4,703","7,135","41,045","2,777","7,240","5,376",,"3,095","8,994","3,198","1,770","2,088","3,304","2,518","5,200","7,555","53,115","2,956","7,820","5,478",,"3,060","9,501","3,556","2,008","2,328","3,554","2,543","5,314","7,969","56,087","2,995","14,151","5,438",,,"10,101","3,655","2,452","1,693",,"2,791","5,560","7,430","56,266",492,"3,749","2,491",,,,,483,,,340,795,,"8,350"
N: Unique patients,"13,292","31,596","39,283","24,201","5,857","51,712","28,336","13,482","15,089","17,213","24,366","49,135","52,948","366,510",,,,,,,,,,,,798,,798,,,,,,,,,,,771,"1,502",,"2,273",,,,,,,,,,,"1,337","1,825",,"3,162",,,,,,,,,,,"1,381","2,574",,"3,955",,,,,,,,,4,,"1,464","3,121",,"4,589",,,,,,,"2,475",,99,,"1,562","3,459",,"7,595",,,"1,840",,,,"2,408",,"1,366",,"1,637","3,794","2,921","13,966",,,"3,924",,,"4,124","2,667","1,528","1,445","1,576","1,714","4,007","6,230","27,215",,,"4,178",,,"5,031","3,001","1,587","1,505","1,948","1,897","4,031","6,343","29,521",577,,"4,601",,,"5,660","3,015","1,712","1,478","2,275","1,861","4,200","6,139","31,518","2,440",,"4,803",,,"6,468","3,168","1,543","1,752","2,847","2,278","4,263","6,527","36,089","2,454","1,748","4,721",,,"7,018","3,128","1,654","1,945","2,936","2,290","4,485","6,806","39,185","2,618","6,856","5,108",,"2,986","8,495","3,060","1,670","2,036","3,145","2,424","4,915","7,131","50,444","2,758","7,358","5,206",,"2,955","8,905","3,411","1,880","2,264","3,372","2,438","5,014","7,526","53,087","2,815","13,291","5,183",,,"9,466","3,561","2,243","1,659",,"2,668","5,252","7,030","53,168",486,"3,677","2,325",,,,,473,,,340,785,,"8,086"
N: Hospitals,4,9,6,1,1,10,2,1,1,1,6,12,8,62,,,,,,,,,,,,6,,6,,,,,,,,,,,2,6,,8,,,,,,,,,,,2,7,,9,,,,,,,,,,,3,10,,13,,,,,,,,,1,,2,10,,13,,,,,,,1,,1,,2,10,,14,,,5,,,,1,,1,,3,10,4,24,,,5,,,6,2,1,1,1,2,11,7,36,,,5,,,6,2,1,1,1,2,11,7,36,2,,6,,,9,2,1,1,1,4,12,7,45,4,,6,,,9,2,1,1,1,4,11,8,47,4,9,5,,,9,2,1,1,1,4,10,8,54,4,9,6,,1,9,2,1,1,1,4,10,8,56,4,9,5,,1,9,2,1,1,1,4,10,8,55,4,9,5,,,10,2,1,1,,6,10,8,56,4,9,5,,,,,1,,,6,10,,35
"Age at admission, median [Q1, Q3]","68 [56, 77]","65 [55, 74]","66 [56, 76]","68 [58, 77]","65 [54, 73]","67 [56, 76]","63 [50, 73]","64 [54, 73]","68 [56, 78]","63 [51, 72]","63 [52, 73]","65 [55, 74]","66 [56, 75]","65.5 [50, 78]",,,,,,,,,,,,"63 [54, 72]",,"63 [54, 72]",,,,,,,,,,,"60 [50, 70]","63 [54, 74]",,"62.0 [50, 74]",,,,,,,,,,,"61 [52, 70]","63 [54, 74]",,"62.2 [52, 74]",,,,,,,,,,,"62 [51, 70]","64 [55, 74]",,"63.3 [51, 74]",,,,,,,,,"72 [62, 82]",,"62 [51, 72]","65 [55, 75]",,"64.1 [51, 82]",,,,,,,"64 [53, 72]",,"67 [54, 78]",,"62 [51, 71]","65 [55, 74]",,"64.1 [51, 78]",,,"65 [55, 74]",,,,"64 [54, 72]",,"68 [57, 78]",,"62 [52, 71]","65 [56, 75]","65 [56, 74]","64.8 [52, 78]",,,"66 [55, 75]",,,"65 [54, 75]","64 [52, 72]","64 [53, 73]","68 [55, 78]","63 [54, 72]","63 [52, 72]","66 [55, 75]","65 [55, 74]","65.1 [52, 78]",,,"66 [55, 75]",,,"66 [55, 75]","64 [53, 73]","63 [53, 72]","68 [56, 77]","63 [52, 72]","63 [52, 72]","65 [55, 74]","66 [55, 74]","65.2 [52, 77]","68 [59, 77]",,"65 [55, 75]",,,"66 [56, 75]","63 [50, 72]","63 [53, 72]","66 [53, 76]","62 [50, 71]","63 [52, 73]","64 [53, 74]","66 [55, 74]","64.7 [50, 77]","67 [56, 77]",,"65 [55, 75]",,,"66 [56, 75]","62 [48, 72]","64 [52, 73]","67 [55, 78]","62 [50, 72]","64 [53, 74]","63 [52, 72]","66 [55, 74]","64.7 [48, 78]","67 [56, 77]","65 [54, 74]","66 [55, 76]",,,"67 [57, 76]","63 [48, 72]","64 [54, 73]","68 [56, 78]","63 [51, 72]","64 [53, 74]","65 [55, 74]","66 [56, 74]","65.5 [48, 78]","67 [56, 76]","65 [54, 74]","66 [55, 75]",,"64 [54, 73]","67 [57, 76]","64 [50, 73]","65 [54, 73]","68 [57, 77]","63 [50, 72]","64 [53, 73]","64 [53, 74]","66 [56, 74]","65.4 [50, 77]","68 [57, 77]","65 [55, 74]","67 [55, 76]",,"65 [54, 73]","67 [57, 76]","64 [51, 73]","65 [54, 74]","68 [57, 78]","64 [51, 73]","64 [52, 73]","65 [53, 74]","66 [56, 74]","65.8 [51, 78]","68 [57, 77]","65 [54, 74]","67 [56, 76]",,,"68 [58, 76]","61 [44, 72]","66 [54, 74]","68 [57, 78]",,"64 [51, 73]","66 [54, 75]","66 [55, 75]","65.9 [44, 78]","67 [56, 76]","66 [55, 75]","67 [55, 76]",,,,,"64 [53, 73]",,,"64 [53, 74]","66 [55, 76]",,"66.2 [53, 76]"
  Race: White,"6,375 (48.0%)","14,300 (45.3%)","23,508 (59.8%)","16,589 (68.5%)","4,801 (82.0%)","37,479 (72.5%)","23,849 (84.2%)","5,881 (43.6%)",,"5,569 (32.4%)","12,444 (51.1%)","41,462 (84.4%)","32,707 (61.8%)","224,964 (64.0%)",,,,,,,,,,,,673 (84.3%),,673 (84.3%),,,,,,,,,,,420 (54.5%),"1,332 (88.7%)",,"1,752 (77.1%)",,,,,,,,,,,720 (53.9%),"1,585 (86.8%)",,"2,305 (72.9%)",,,,,,,,,,,733 (53.1%),"2,245 (87.2%)",,"2,978 (75.3%)",,,,,,,,,,,772 (52.7%),"2,704 (86.6%)",,"3,476 (75.8%)",,,,,,,"2,167 (87.6%)",,,,799 (51.2%),"3,021 (87.3%)",,"5,987 (79.9%)",,,"1,096 (59.6%)",,,,"2,130 (88.5%)",,,,840 (51.3%),"3,254 (85.8%)","1,958 (67.0%)","9,278 (73.6%)",,,"2,360 (60.1%)",,,"3,090 (74.9%)","2,339 (87.7%)",727 (47.6%),,562 (35.7%),900 (52.5%),"3,448 (86.0%)","4,144 (66.5%)","17,570 (68.2%)",,,"2,549 (61.0%)",,,"3,713 (73.8%)","2,623 (87.4%)",743 (46.8%),,679 (34.9%),974 (51.3%),"3,402 (84.4%)","4,168 (65.7%)","18,851 (67.3%)",267 (46.3%),,"2,614 (56.8%)",,,"4,025 (71.1%)","2,584 (85.7%)",630 (36.8%),,717 (31.5%),945 (50.8%),"3,440 (81.9%)","3,803 (61.9%)","19,025 (63.3%)","1,107 (45.4%)",,"2,834 (59.0%)",,,"4,623 (71.5%)","2,380 (75.1%)",685 (44.4%),,882 (31.0%),"1,162 (51.0%)","3,534 (82.9%)","3,963 (60.7%)","21,170 (61.7%)","1,186 (48.3%)",737 (42.2%),"2,839 (60.1%)",,,"5,090 (72.5%)","2,450 (78.3%)",728 (44.0%),,935 (31.8%),"1,145 (50.0%)","3,779 (84.3%)","4,010 (58.9%)","22,899 (61.5%)","1,293 (49.4%)","2,899 (42.3%)","3,075 (60.2%)",,"2,443 (81.8%)","6,213 (73.1%)","2,579 (84.3%)",704 (42.2%),,"1,003 (31.9%)","1,224 (50.5%)","4,037 (82.1%)","4,249 (59.6%)","29,719 (61.4%)","1,327 (48.1%)","3,086 (41.9%)","3,168 (60.9%)",,"2,421 (81.9%)","6,404 (71.9%)","2,903 (85.1%)",823 (43.8%),,"1,055 (31.3%)","1,205 (49.4%)","4,099 (81.8%)","4,419 (58.7%)","30,910 (60.8%)","1,344 (47.7%)","6,231 (46.9%)","3,082 (59.5%)",,,"6,758 (71.4%)","3,026 (85.0%)",924 (41.2%),,,"1,254 (47.0%)","4,336 (82.6%)","4,012 (57.1%)","30,967 (60.1%)",234 (48.1%),"1,810 (49.2%)","1,368 (58.8%)",,,,,196 (41.4%),,,153 (45.0%),655 (83.4%),,"4,416 (54.6%)"
  Race: Black or African American,"1,639 (12.3%)","13,395 (42.4%)","10,838 (27.6%)","1,879 (7.8%)",583 (10.0%),"6,187 (12.0%)",584 (2.1%),"4,404 (32.7%)",,"9,084 (52.8%)","1,937 (7.9%)","2,728 (5.6%)","12,899 (24.4%)","66,157 (18.8%)",,,,,,,,,,,,40 (5.0%),,40 (5.0%),,,,,,,,,,,76 (9.9%),61 (4.1%),,137 (6.0%),,,,,,,,,,,111 (8.3%),75 (4.1%),,186 (5.9%),,,,,,,,,,,105 (7.6%),128 (5.0%),,233 (5.9%),,,,,,,,,,,136 (9.3%),141 (4.5%),,277 (6.0%),,,,,,,35 (1.4%),,,,142 (9.1%),127 (3.7%),,304 (4.1%),,,522 (28.4%),,,,45 (1.9%),,,,141 (8.6%),187 (4.9%),669 (22.9%),"1,564 (12.4%)",,,"1,085 (27.7%)",,,504 (12.2%),57 (2.1%),513 (33.6%),,832 (52.8%),136 (7.9%),221 (5.5%),"1,373 (22.0%)","4,721 (18.3%)",,,"1,133 (27.1%)",,,672 (13.4%),59 (2.0%),524 (33.0%),,"1,046 (53.7%)",150 (7.9%),232 (5.8%),"1,419 (22.4%)","5,235 (18.7%)",73 (12.7%),,"1,352 (29.4%)",,,791 (14.0%),43 (1.4%),617 (36.0%),,"1,315 (57.8%)",138 (7.4%),264 (6.3%),"1,616 (26.3%)","6,209 (20.7%)",329 (13.5%),,"1,390 (28.9%)",,,879 (13.6%),76 (2.4%),505 (32.7%),,"1,632 (57.3%)",181 (7.9%),278 (6.5%),"1,707 (26.2%)","6,977 (20.3%)",310 (12.6%),762 (43.6%),"1,338 (28.3%)",,,823 (11.7%),77 (2.5%),535 (32.3%),,"1,570 (53.5%)",179 (7.8%),260 (5.8%),"1,814 (26.7%)","7,668 (20.6%)",303 (11.6%),"3,049 (44.5%)","1,403 (27.5%)",,307 (10.3%),998 (11.7%),67 (2.2%),524 (31.4%),,"1,557 (49.5%)",205 (8.5%),318 (6.5%),"1,839 (25.8%)","10,570 (21.8%)",347 (12.6%),"3,302 (44.9%)","1,393 (26.8%)",,291 (9.8%),"1,027 (11.5%)",85 (2.5%),598 (31.8%),,"1,670 (49.5%)",196 (8.0%),357 (7.1%),"1,939 (25.8%)","11,205 (22.0%)",385 (13.7%),"5,612 (42.2%)","1,430 (27.6%)",,,"1,076 (11.4%)",92 (2.6%),740 (33.0%),,,213 (8.0%),338 (6.4%),"1,895 (27.0%)","11,781 (22.9%)",60 (12.3%),"1,454 (39.5%)",676 (29.1%),,,,,163 (34.5%),,,28 (8.2%),42 (5.4%),,"2,423 (30.0%)"
  Race: Asian,"1,428 (10.7%)","1,309 (4.1%)","2,036 (5.2%)",669 (2.8%),122 (2.1%),"2,039 (3.9%)",769 (2.7%),522 (3.9%),,408 (2.4%),"4,377 (18.0%)","2,603 (5.3%)","1,898 (3.6%)","18,180 (5.2%)",,,,,,,,,,,,26 (3.3%),,26 (3.3%),,,,,,,,,,,118 (15.3%),45 (3.0%),,163 (7.2%),,,,,,,,,,,220 (16.5%),48 (2.6%),,268 (8.5%),,,,,,,,,,,217 (15.7%),90 (3.5%),,307 (7.8%),,,,,,,,,,,237 (16.2%),143 (4.6%),,380 (8.3%),,,,,,,60 (2.4%),,,,276 (17.7%),160 (4.6%),,496 (6.6%),,,90 (4.9%),,,,66 (2.7%),,,,289 (17.7%),201 (5.3%),74 (2.5%),720 (5.7%),,,171 (4.4%),,,167 (4.0%),62 (2.3%),41 (2.7%),,41 (2.6%),309 (18.0%),194 (4.8%),161 (2.6%),"1,146 (4.4%)",,,196 (4.7%),,,185 (3.7%),72 (2.4%),40 (2.5%),,50 (2.6%),337 (17.8%),231 (5.7%),213 (3.4%),"1,324 (4.7%)",50 (8.7%),,220 (4.8%),,,205 (3.6%),78 (2.6%),65 (3.8%),,47 (2.1%),359 (19.3%),292 (7.0%),207 (3.4%),"1,523 (5.1%)",254 (10.4%),,215 (4.5%),,,230 (3.6%),90 (2.8%),65 (4.2%),,72 (2.5%),413 (18.1%),239 (5.6%),231 (3.5%),"1,809 (5.3%)",269 (11.0%),62 (3.5%),224 (4.7%),,,303 (4.3%),87 (2.8%),58 (3.5%),,63 (2.1%),420 (18.3%),232 (5.2%),258 (3.8%),"1,976 (5.3%)",280 (10.7%),291 (4.2%),264 (5.2%),,51 (1.7%),343 (4.0%),95 (3.1%),77 (4.6%),,77 (2.4%),469 (19.3%),307 (6.2%),264 (3.7%),"2,518 (5.2%)",333 (12.1%),303 (4.1%),309 (5.9%),,72 (2.4%),355 (4.0%),106 (3.1%),80 (4.3%),,79 (2.3%),455 (18.7%),313 (6.2%),317 (4.2%),"2,722 (5.4%)",323 (11.5%),533 (4.0%),327 (6.3%),,,382 (4.0%),102 (2.9%),93 (4.1%),,,524 (19.6%),316 (6.0%),290 (4.1%),"2,890 (5.6%)",43 (8.8%),157 (4.3%),136 (5.8%),,,,,22 (4.7%),,,72 (21.2%),44 (5.6%),,474 (5.9%)
  Race: Other,"3,850 (29.0%)","2,592 (8.2%)","2,901 (7.4%)","5,064 (20.9%)",351 (6.0%),"6,007 (11.6%)","3,134 (11.1%)","2,675 (19.8%)","15,089 (100.0%)","2,152 (12.5%)","5,608 (23.0%)","2,342 (4.8%)","5,444 (10.3%)","57,209 (16.3%)",,,,,,,,,,,,59 (7.4%),,59 (7.4%),,,,,,,,,,,157 (20.4%),64 (4.3%),,221 (9.7%),,,,,,,,,,,286 (21.4%),117 (6.4%),,403 (12.7%),,,,,,,,,,,326 (23.6%),111 (4.3%),,437 (11.0%),,,,,,,,,0,,319 (21.8%),133 (4.3%),,452 (9.9%),,,,,,,213 (8.6%),,99 (100.0%),,345 (22.1%),151 (4.4%),,808 (10.8%),,,132 (7.2%),,,,167 (6.9%),,"1,366 (100.0%)",,367 (22.4%),152 (4.0%),213 (7.3%),"2,397 (19.0%)",,,308 (7.8%),,,363 (8.8%),209 (7.8%),247 (16.2%),"1,445 (100.0%)",141 (8.9%),369 (21.5%),144 (3.6%),541 (8.7%),"3,767 (14.6%)",,,300 (7.2%),,,461 (9.2%),247 (8.2%),280 (17.6%),"1,505 (100.0%)",173 (8.9%),436 (23.0%),166 (4.1%),535 (8.4%),"4,103 (14.6%)",187 (32.4%),,415 (9.0%),,,639 (11.3%),310 (10.3%),400 (23.4%),"1,478 (100.0%)",196 (8.6%),419 (22.5%),204 (4.9%),510 (8.3%),"4,758 (15.8%)",750 (30.8%),,364 (7.6%),,,736 (11.4%),622 (19.6%),288 (18.7%),"1,752 (100.0%)",261 (9.2%),522 (22.9%),212 (5.0%),622 (9.5%),"6,129 (17.9%)",689 (28.1%),187 (10.7%),320 (6.8%),,,802 (11.4%),514 (16.4%),333 (20.1%),"1,945 (100.0%)",368 (12.5%),546 (23.8%),214 (4.8%),724 (10.6%),"6,642 (17.8%)",742 (28.3%),617 (9.0%),366 (7.2%),,185 (6.2%),941 (11.1%),319 (10.4%),365 (21.9%),"2,036 (100.0%)",508 (16.2%),526 (21.7%),253 (5.1%),779 (10.9%),"7,637 (15.8%)",751 (27.2%),667 (9.1%),336 (6.5%),,171 (5.8%),"1,119 (12.6%)",317 (9.3%),379 (20.2%),"2,264 (100.0%)",568 (16.8%),582 (23.9%),245 (4.9%),851 (11.3%),"8,250 (16.2%)",763 (27.1%),915 (6.9%),344 (6.6%),,,"1,250 (13.2%)",341 (9.6%),486 (21.7%),"1,659 (100.0%)",,677 (25.4%),262 (5.0%),833 (11.9%),"7,530 (14.6%)",149 (30.6%),256 (7.0%),145 (6.2%),,,,,92 (19.4%),,,87 (25.6%),44 (5.6%),,773 (9.6%)
  Ethnicity: Non-Hispanic,"9,236 (69.5%)","28,061 (88.8%)","32,619 (83.0%)","19,226 (79.4%)","5,458 (93.2%)","44,940 (86.9%)","24,000 (84.7%)","10,677 (79.2%)",,"14,901 (86.6%)","19,504 (80.0%)","48,297 (98.3%)","49,554 (93.6%)","306,473 (87.2%)",,,,,,,,,,,,796 (99.7%),,796 (99.7%),,,,,,,,,,,638 (82.7%),"1,497 (99.7%)",,"2,135 (93.9%)",,,,,,,,,,,"1,097 (82.0%)","1,812 (99.3%)",,"2,909 (92.0%)",,,,,,,,,,,"1,108 (80.2%)","2,542 (98.8%)",,"3,650 (92.3%)",,,,,,,,,,,"1,201 (82.0%)","3,086 (98.9%)",,"4,287 (93.5%)",,,,,,,"2,217 (89.6%)",,,,"1,264 (80.9%)","3,429 (99.1%)",,"6,910 (92.2%)",,,"1,719 (93.4%)",,,,"2,172 (90.2%)",,,,"1,347 (82.3%)","3,745 (98.7%)","2,774 (95.0%)","11,757 (93.3%)",,,"3,667 (93.5%)",,,"3,687 (89.4%)","2,386 (89.5%)","1,280 (83.8%)",,"1,414 (89.7%)","1,404 (81.9%)","3,962 (98.9%)","5,880 (94.4%)","23,680 (91.9%)",,,"3,983 (95.3%)",,,"4,447 (88.4%)","2,634 (87.8%)","1,311 (82.6%)",,"1,762 (90.5%)","1,524 (80.3%)","3,981 (98.8%)","5,964 (94.0%)","25,606 (91.4%)",379 (65.7%),,"4,290 (93.2%)",,,"4,830 (85.3%)","2,579 (85.5%)","1,300 (75.9%)",,"2,059 (90.5%)","1,490 (80.1%)","4,112 (97.9%)","5,703 (92.9%)","26,742 (89.0%)","1,589 (65.1%)",,"4,544 (94.6%)",,,"5,615 (86.8%)","2,330 (73.5%)","1,222 (79.2%)",,"2,588 (90.9%)","1,818 (79.8%)","4,199 (98.5%)","6,084 (93.2%)","29,989 (87.3%)","1,757 (71.6%)","1,485 (85.0%)","4,481 (94.9%)",,,"6,148 (87.6%)","2,524 (80.7%)","1,295 (78.3%)",,"2,568 (87.5%)","1,809 (79.0%)","4,383 (97.7%)","6,390 (93.9%)","32,840 (88.2%)","1,855 (70.9%)","6,000 (87.5%)","3,941 (77.2%)",,"2,782 (93.2%)","7,415 (87.3%)","2,603 (85.1%)","1,273 (76.2%)",,"2,589 (82.3%)","1,918 (79.1%)","4,804 (97.7%)","6,727 (94.3%)","41,907 (86.6%)","1,953 (70.8%)","6,469 (87.9%)","3,531 (67.8%)",,"2,755 (93.2%)","7,692 (86.4%)","2,942 (86.3%)","1,477 (78.6%)",,"2,725 (80.8%)","1,912 (78.4%)","4,901 (97.7%)","7,050 (93.7%)","43,407 (85.4%)","2,037 (72.4%)","12,049 (90.7%)","3,403 (65.7%)",,,"8,168 (86.3%)","2,965 (83.3%)","1,729 (77.1%)",,,"2,091 (78.4%)","5,092 (97.0%)","6,535 (93.0%)","44,069 (85.6%)",333 (68.5%),"3,318 (90.2%)","1,460 (62.8%)",,,,,375 (79.3%),,,266 (78.2%),765 (97.5%),,"6,517 (80.6%)"
  Ethnicity: Hispanic,"1,507 (11.3%)","1,328 (4.2%)","1,521 (3.9%)",786 (3.2%),159 (2.7%),"4,617 (8.9%)","2,056 (7.3%)","2,618 (19.4%)",,"1,064 (6.2%)","3,900 (16.0%)",821 (1.7%),"1,816 (3.4%)","22,193 (6.3%)",,,,,,,,,,,,<10,,,,,,,,,,,,,105 (13.6%),<10,,105 (13.6%),,,,,,,,,,,197 (14.7%),13 (0.7%),,210 (6.6%),,,,,,,,,,,198 (14.3%),25 (1.0%),,223 (5.6%),,,,,,,,,,,192 (13.1%),31 (1.0%),,223 (4.9%),,,,,,,111 (4.5%),,,,224 (14.3%),24 (0.7%),,359 (4.8%),,,79 (4.3%),,,,115 (4.8%),,,,238 (14.5%),48 (1.3%),97 (3.3%),577 (4.6%),,,138 (3.5%),,,334 (8.1%),139 (5.2%),227 (14.9%),,74 (4.7%),258 (15.1%),45 (1.1%),163 (2.6%),"1,378 (5.3%)",,,147 (3.5%),,,434 (8.6%),184 (6.1%),261 (16.4%),,105 (5.4%),299 (15.8%),50 (1.2%),181 (2.9%),"1,661 (5.9%)",40 (6.9%),,277 (6.0%),,,630 (11.1%),219 (7.3%),398 (23.2%),,145 (6.4%),321 (17.2%),88 (2.1%),252 (4.1%),"2,370 (7.9%)",266 (10.9%),,225 (4.7%),,,634 (9.8%),249 (7.9%),305 (19.8%),,185 (6.5%),386 (16.9%),64 (1.5%),232 (3.6%),"2,546 (7.4%)",262 (10.7%),74 (4.2%),213 (4.5%),,,586 (8.3%),236 (7.5%),336 (20.3%),,167 (5.7%),384 (16.8%),102 (2.3%),228 (3.3%),"2,588 (6.9%)",296 (11.3%),270 (3.9%),161 (3.2%),,80 (2.7%),715 (8.4%),279 (9.1%),367 (22.0%),,224 (7.1%),398 (16.4%),111 (2.3%),259 (3.6%),"3,160 (6.5%)",361 (13.1%),338 (4.6%),146 (2.8%),,83 (2.8%),790 (8.9%),317 (9.3%),358 (19.0%),,233 (6.9%),450 (18.5%),113 (2.3%),278 (3.7%),"3,467 (6.8%)",354 (12.6%),533 (4.0%),165 (3.2%),,,817 (8.6%),326 (9.2%),493 (22.0%),,,480 (18.0%),160 (3.0%),244 (3.5%),"3,572 (6.9%)",57 (11.7%),164 (4.5%),59 (2.5%),,,,,95 (20.1%),,,61 (17.9%),20 (2.5%),,456 (5.6%)
  Sex: Male,"7,905 (59.5%)","17,286 (54.7%)","22,400 (57.0%)","14,620 (60.4%)","3,555 (60.7%)","29,813 (57.7%)","16,000 (56.5%)","7,333 (54.4%)","9,731 (64.5%)","9,984 (58.0%)","13,722 (56.3%)","28,097 (57.2%)","31,126 (58.8%)","211,572 (57.7%)",,,,,,,,,,,,471 (59.0%),,471 (59.0%),,,,,,,,,,,430 (55.8%),846 (56.3%),,"1,276 (56.1%)",,,,,,,,,,,719 (53.8%),"1,098 (60.2%)",,"1,817 (57.5%)",,,,,,,,,,,777 (56.3%),"1,477 (57.4%)",,"2,254 (57.0%)",,,,,,,,,<10,,829 (56.6%),"1,724 (55.2%)",,"2,553 (55.7%)",,,,,,,"1,469 (59.4%)",,66 (66.7%),,839 (53.7%),"1,974 (57.1%)",,"4,348 (57.2%)",,,"1,053 (57.2%)",,,,"1,449 (60.2%)",,860 (63.0%),,927 (56.6%),"2,148 (56.6%)","1,739 (59.5%)","8,176 (58.5%)",,,"2,251 (57.4%)",,,"2,379 (57.7%)","1,531 (57.4%)",821 (53.7%),946 (65.5%),904 (57.4%),956 (55.8%),"2,322 (57.9%)","3,700 (59.4%)","15,810 (58.1%)",,,"2,397 (57.4%)",,,"2,848 (56.6%)","1,725 (57.5%)",843 (53.1%),969 (64.4%),"1,128 (57.9%)","1,037 (54.7%)","2,281 (56.6%)","3,661 (57.7%)","16,889 (57.2%)",337 (58.4%),,"2,656 (57.7%)",,,"3,290 (58.1%)","1,710 (56.7%)",976 (57.0%),946 (64.0%),"1,331 (58.5%)","1,082 (58.1%)","2,387 (56.8%)","3,549 (57.8%)","18,264 (57.9%)","1,468 (60.2%)",,"2,722 (56.7%)",,,"3,752 (58.0%)","1,804 (56.9%)",838 (54.3%),"1,139 (65.0%)","1,656 (58.2%)","1,317 (57.8%)","2,517 (59.0%)","3,860 (59.1%)","21,073 (58.4%)","1,468 (59.8%)",968 (55.4%),"2,622 (55.5%)",,,"4,026 (57.4%)","1,815 (58.0%)",901 (54.5%),"1,264 (65.0%)","1,705 (58.1%)","1,285 (56.1%)","2,579 (57.5%)","4,055 (59.6%)","22,688 (57.9%)","1,542 (58.9%)","3,844 (56.1%)","2,884 (56.5%)",,"1,827 (61.2%)","4,955 (58.3%)","1,743 (57.0%)",909 (54.4%),"1,300 (63.9%)","1,798 (57.2%)","1,394 (57.5%)","2,777 (56.5%)","4,232 (59.3%)","29,205 (57.9%)","1,630 (59.1%)","4,144 (56.3%)","2,936 (56.4%)",,"1,772 (60.0%)","5,064 (56.9%)","1,917 (56.2%)",991 (52.7%),"1,475 (65.2%)","1,973 (58.5%)","1,410 (57.8%)","2,892 (57.7%)","4,439 (59.0%)","30,643 (57.7%)","1,668 (59.3%)","7,095 (53.4%)","2,965 (57.2%)",,,"5,526 (58.4%)","1,728 (48.5%)","1,215 (54.2%)","1,058 (63.8%)",,"1,533 (57.5%)","3,003 (57.2%)","4,059 (57.7%)","29,850 (56.1%)",291 (59.9%),"1,954 (53.1%)","1,304 (56.1%)",,,,,255 (53.9%),,,188 (55.3%),426 (54.3%),,"4,418 (54.6%)"
  Sex: Female,"5,367 (40.4%)","14,260 (45.1%)","16,877 (43.0%)","9,581 (39.6%)","2,302 (39.3%)","21,895 (42.3%)","12,334 (43.5%)","6,149 (45.6%)","5,358 (35.5%)","7,229 (42.0%)","10,634 (43.6%)","21,029 (42.8%)","21,821 (41.2%)","154,836 (42.2%)",,,,,,,,,,,,327 (41.0%),,327 (41.0%),,,,,,,,,,,341 (44.2%),655 (43.6%),,996 (43.8%),,,,,,,,,,,618 (46.2%),727 (39.8%),,"1,345 (42.5%)",,,,,,,,,,,603 (43.7%),"1,097 (42.6%)",,"1,700 (43.0%)",,,,,,,,,<10,,635 (43.4%),"1,397 (44.8%)",,"2,032 (44.3%)",,,,,,,"1,006 (40.6%)",,33 (33.3%),,723 (46.3%),"1,485 (42.9%)",,"3,247 (42.8%)",,,787 (42.8%),,,,959 (39.8%),,506 (37.0%),,710 (43.4%),"1,646 (43.4%)","1,182 (40.5%)","5,790 (41.5%)",,,"1,673 (42.6%)",,,"1,745 (42.3%)","1,136 (42.6%)",707 (46.3%),499 (34.5%),672 (42.6%),758 (44.2%),"1,685 (42.1%)","2,530 (40.6%)","11,405 (41.9%)",,,"1,779 (42.6%)",,,"2,183 (43.4%)","1,276 (42.5%)",744 (46.9%),536 (35.6%),820 (42.1%),857 (45.2%),"1,750 (43.4%)","2,682 (42.3%)","12,627 (42.8%)",240 (41.6%),,"1,945 (42.3%)",,,"2,368 (41.8%)","1,305 (43.3%)",736 (43.0%),532 (36.0%),944 (41.5%),779 (41.9%),"1,811 (43.1%)","2,590 (42.2%)","13,250 (42.0%)",969 (39.7%),,"2,080 (43.3%)",,,"2,716 (42.0%)","1,364 (43.1%)",705 (45.7%),613 (35.0%),"1,191 (41.8%)",961 (42.2%),"1,745 (40.9%)","2,667 (40.9%)","15,011 (41.6%)",985 (40.1%),780 (44.6%),"2,099 (44.5%)",,,"2,992 (42.6%)","1,312 (41.9%)",753 (45.5%),681 (35.0%),"1,231 (41.9%)","1,004 (43.8%)","1,905 (42.5%)","2,751 (40.4%)","16,493 (42.1%)","1,073 (41.0%)","3,006 (43.8%)","2,222 (43.5%)",,"1,159 (38.8%)","3,539 (41.7%)","1,317 (43.0%)",761 (45.6%),736 (36.1%),"1,347 (42.8%)","1,028 (42.4%)","2,137 (43.5%)","2,899 (40.7%)","21,224 (42.1%)","1,126 (40.8%)","3,189 (43.3%)","2,270 (43.6%)",,"1,183 (40.0%)","3,841 (43.1%)","1,493 (43.8%)",889 (47.3%),789 (34.8%),"1,399 (41.5%)","1,026 (42.1%)","2,120 (42.3%)","3,087 (41.0%)","22,412 (42.2%)","1,143 (40.6%)","6,178 (46.5%)","2,216 (42.8%)",,,"3,939 (41.6%)","1,833 (51.5%)","1,028 (45.8%)",601 (36.2%),,"1,133 (42.5%)","2,248 (42.8%)","2,970 (42.2%)","23,289 (43.8%)",185 (38.1%),"1,721 (46.8%)","1,021 (43.9%)",,,,,218 (46.1%),,,152 (44.7%),357 (45.5%),,"3,654 (45.2%)"
Encounter Types,,,,,,,,,,,,,,,,,,,,,,,,,,,,,,,,,,,,,,,,,,,,,,,,,,,,,,,,,,,,,,,,,,,,,,,,,,,,,,,,,,,,,,,,,,,,,,,,,,,,,,,,,,,,,,,,,,,,,,,,,,,,,,,,,,,,,,,,,,,,,,,,,,,,,,,,,,,,,,,,,,,,,,,,,,,,,,,,,,,,,,,,,,,,,,,,,,,,,,,,,,,,,,,,,,,,,,,,,,,,,,,,,,,,,,,,,,,,,,
"  ICU encounters, n (%)","14,751 (98.8%)","28,870 (83.1%)","41,798 (95.0%)","27,022 (100.0%)","5,919 (96.2%)","57,876 (99.2%)","27,746 (89.2%)","15,093 (99.5%)","15,877 (99.8%)","18,494 (97.3%)","27,230 (100.0%)","54,583 (96.0%)","57,451 (96.3%)","392,710 (95.8%)",,,,,,,,,,,,817 (98.6%),,817 (98.6%),,,,,,,,,,,785 (100.0%),"1,531 (98.6%)",,"2,316 (99.1%)",,,,,,,,,,,"1,397 (100.0%)","1,894 (98.8%)",,"3,291 (99.3%)",,,,,,,,,,,"1,436 (100.0%)","2,550 (94.1%)",,"3,986 (96.1%)",,,,,,,,,<10,,"1,532 (100.0%)","3,151 (95.7%)",,"4,683 (97.1%)",,,,,,,"2,548 (98.7%)",,99 (100.0%),,"1,637 (100.0%)","3,442 (95.1%)",,"7,726 (97.3%)",,,"1,840 (96.4%)",,,,"2,447 (97.5%)",,"1,395 (99.9%)",,"1,720 (100.0%)","3,910 (97.6%)","2,898 (95.5%)","14,210 (97.5%)",,,"3,954 (96.4%)",,,"4,309 (100.0%)","2,683 (96.4%)","1,583 (99.6%)","1,453 (99.0%)","1,617 (98.7%)","1,790 (100.0%)","4,119 (97.9%)","6,248 (95.0%)","27,756 (97.5%)",,,"4,211 (96.2%)",,,"5,316 (100.0%)","3,042 (97.6%)","1,667 (99.7%)","1,539 (99.8%)","2,001 (97.8%)","1,999 (100.0%)","4,149 (97.4%)","6,372 (95.1%)","30,296 (97.6%)",584 (100.0%),,"4,499 (93.5%)",,,"5,828 (98.5%)","2,975 (94.7%)","1,792 (99.8%)","1,511 (100.0%)","2,317 (97.5%)","1,948 (100.0%)","4,274 (96.3%)","6,162 (95.7%)","31,890 (96.7%)","2,539 (99.0%)",,"4,682 (92.9%)",,,"6,755 (99.4%)","3,034 (91.8%)","1,623 (99.6%)","1,781 (99.9%)","2,922 (97.8%)","2,399 (100.0%)","4,229 (95.0%)","6,549 (95.9%)","36,513 (96.6%)","2,532 (98.7%)","1,728 (97.1%)","4,691 (94.6%)",,,"7,327 (98.9%)","2,978 (91.7%)","1,761 (99.9%)","1,991 (99.9%)","2,992 (96.5%)","2,395 (100.0%)","4,479 (95.2%)","6,888 (96.5%)","39,762 (96.9%)","2,743 (98.8%)","7,067 (97.6%)","5,138 (95.6%)",,"2,983 (96.4%)","8,914 (99.1%)","2,991 (93.5%)","1,759 (99.4%)","2,086 (99.9%)","3,208 (97.1%)","2,518 (100.0%)","4,935 (94.9%)","7,319 (96.9%)","51,661 (97.3%)","2,914 (98.6%)","7,587 (97.0%)","5,203 (95.0%)",,"2,936 (95.9%)","9,415 (99.1%)","3,361 (94.5%)","1,994 (99.3%)","2,327 (100.0%)","3,437 (96.7%)","2,543 (100.0%)","5,063 (95.3%)","7,783 (97.7%)","54,563 (97.3%)","2,954 (98.6%)","10,197 (72.1%)","5,202 (95.7%)",,,"10,012 (99.1%)","1,687 (46.2%)","2,433 (99.2%)","1,691 (99.9%)",,"2,791 (100.0%)","5,293 (95.2%)","7,232 (97.3%)","49,492 (88.0%)",485 (98.6%),"2,291 (61.1%)","2,378 (95.5%)",,,,,481 (99.6%),,,340 (100.0%),747 (94.0%),,"6,722 (80.5%)"
"  Advanced respiratory support, n (%)","11,118 (74.5%)","20,422 (58.8%)","32,341 (73.5%)","21,921 (81.1%)","5,173 (84.0%)","36,651 (62.8%)","18,178 (58.5%)","10,346 (68.2%)","12,613 (79.3%)","13,531 (71.2%)","19,476 (71.5%)","38,359 (67.5%)","42,875 (71.9%)","283,004 (69.0%)",,,,,,,,,,,,700 (84.4%),,700 (84.4%),,,,,,,,,,,589 (75.0%),"1,315 (84.7%)",,"1,904 (81.4%)",,,,,,,,,,,"1,037 (74.2%)","1,553 (81.0%)",,"2,590 (78.2%)",,,,,,,,,,,"1,092 (76.0%)","1,878 (69.3%)",,"2,970 (71.6%)",,,,,,,,,<10,,"1,127 (73.6%)","2,201 (66.9%)",,"3,328 (69.0%)",,,,,,,"1,777 (68.8%)",,82 (82.8%),,"1,186 (72.4%)","2,489 (68.8%)",,"5,534 (69.7%)",,,"1,423 (74.6%)",,,,"1,708 (68.0%)",,"1,101 (78.9%)",,"1,246 (72.4%)","2,720 (67.9%)","2,240 (73.9%)","10,438 (71.6%)",,,"3,052 (74.4%)",,,"2,765 (64.2%)","1,924 (69.2%)","1,036 (65.2%)","1,188 (81.0%)","1,239 (75.6%)","1,321 (73.8%)","2,790 (66.3%)","4,743 (72.1%)","20,058 (70.5%)",,,"3,131 (71.5%)",,,"3,308 (62.2%)","2,091 (67.1%)","1,166 (69.7%)","1,215 (78.8%)","1,463 (71.5%)","1,403 (70.2%)","2,809 (65.9%)","4,763 (71.1%)","21,349 (68.8%)",462 (79.1%),,"3,632 (75.5%)",,,"3,972 (67.1%)","2,078 (66.1%)","1,363 (75.9%)","1,234 (81.7%)","1,723 (72.5%)","1,436 (73.7%)","2,954 (66.5%)","4,680 (72.7%)","23,534 (71.4%)","2,012 (78.5%)",,"3,778 (75.0%)",,,"4,349 (64.0%)","2,129 (64.4%)","1,149 (70.5%)","1,420 (79.7%)","2,117 (70.9%)","1,708 (71.2%)","3,117 (70.0%)","4,918 (72.0%)","26,697 (70.7%)","1,926 (75.1%)","1,271 (71.4%)","3,647 (73.6%)",,,"4,622 (62.4%)","2,089 (64.3%)","1,228 (69.7%)","1,544 (77.5%)","2,226 (71.8%)","1,675 (69.9%)","3,132 (66.6%)","5,159 (72.3%)","28,519 (69.5%)","2,074 (74.7%)","5,158 (71.2%)","3,889 (72.3%)",,"2,619 (84.6%)","5,491 (61.1%)","2,077 (64.9%)","1,175 (66.4%)","1,639 (78.5%)","2,292 (69.4%)","1,785 (70.9%)","3,300 (63.5%)","5,421 (71.8%)","36,920 (69.5%)","2,088 (70.6%)","5,583 (71.4%)","3,999 (73.0%)",,"2,554 (83.5%)","5,958 (62.7%)","2,135 (60.0%)","1,356 (67.5%)","1,854 (79.6%)","2,471 (69.5%)","1,778 (69.9%)","3,405 (64.1%)","5,679 (71.3%)","38,860 (69.3%)","2,195 (73.3%)","6,886 (48.7%)","3,992 (73.4%)",,,"6,186 (61.2%)",170 (4.7%),"1,568 (63.9%)","1,332 (78.7%)",,"1,879 (67.3%)","3,513 (63.2%)","5,272 (71.0%)","32,993 (58.6%)",361 (73.4%),"1,524 (40.7%)","1,798 (72.2%)",,,,,305 (63.1%),,,214 (62.9%),483 (60.8%),,"4,685 (56.1%)"
"  Vasoactive support, n (%)","14,933 (100.0%)","34,739 (100.0%)","43,979 (100.0%)","27,022 (100.0%)","6,155 (100.0%)","58,343 (100.0%)","31,095 (100.0%)","15,163 (100.0%)","15,902 (100.0%)","19,007 (100.0%)","27,230 (100.0%)","56,854 (100.0%)","59,664 (100.0%)","410,086 (100.0%)",,,,,,,,,,,,829 (100.0%),,829 (100.0%),,,,,,,,,,,785 (100.0%),"1,553 (100.0%)",,"2,338 (100.0%)",,,,,,,,,,,"1,397 (100.0%)","1,917 (100.0%)",,"3,314 (100.0%)",,,,,,,,,,,"1,436 (100.0%)","2,710 (100.0%)",,"4,146 (100.0%)",,,,,,,,,<10,,"1,532 (100.0%)","3,291 (100.0%)",,"4,823 (100.0%)",,,,,,,"2,582 (100.0%)",,99 (100.0%),,"1,637 (100.0%)","3,619 (100.0%)",,"7,937 (100.0%)",,,"1,908 (100.0%)",,,,"2,510 (100.0%)",,"1,396 (100.0%)",,"1,720 (100.0%)","4,005 (100.0%)","3,033 (100.0%)","14,572 (100.0%)",,,"4,102 (100.0%)",,,"4,309 (100.0%)","2,782 (100.0%)","1,590 (100.0%)","1,467 (100.0%)","1,639 (100.0%)","1,790 (100.0%)","4,206 (100.0%)","6,576 (100.0%)","28,461 (100.0%)",,,"4,378 (100.0%)",,,"5,316 (100.0%)","3,116 (100.0%)","1,672 (100.0%)","1,542 (100.0%)","2,046 (100.0%)","1,999 (100.0%)","4,260 (100.0%)","6,700 (100.0%)","31,029 (100.0%)",584 (100.0%),,"4,811 (100.0%)",,,"5,918 (100.0%)","3,143 (100.0%)","1,795 (100.0%)","1,511 (100.0%)","2,377 (100.0%)","1,948 (100.0%)","4,440 (100.0%)","6,439 (100.0%)","32,966 (100.0%)","2,564 (100.0%)",,"5,039 (100.0%)",,,"6,797 (100.0%)","3,304 (100.0%)","1,630 (100.0%)","1,782 (100.0%)","2,988 (100.0%)","2,399 (100.0%)","4,452 (100.0%)","6,827 (100.0%)","37,782 (100.0%)","2,565 (100.0%)","1,779 (100.0%)","4,958 (100.0%)",,,"7,407 (100.0%)","3,249 (100.0%)","1,763 (100.0%)","1,992 (100.0%)","3,099 (100.0%)","2,395 (100.0%)","4,703 (100.0%)","7,135 (100.0%)","41,045 (100.0%)","2,777 (100.0%)","7,240 (100.0%)","5,376 (100.0%)",,"3,095 (100.0%)","8,994 (100.0%)","3,198 (100.0%)","1,770 (100.0%)","2,088 (100.0%)","3,304 (100.0%)","2,518 (100.0%)","5,200 (100.0%)","7,555 (100.0%)","53,115 (100.0%)","2,956 (100.0%)","7,820 (100.0%)","5,478 (100.0%)",,"3,060 (100.0%)","9,501 (100.0%)","3,556 (100.0%)","2,008 (100.0%)","2,328 (100.0%)","3,554 (100.0%)","2,543 (100.0%)","5,314 (100.0%)","7,969 (100.0%)","56,087 (100.0%)","2,995 (100.0%)","14,151 (100.0%)","5,438 (100.0%)",,,"10,101 (100.0%)","3,655 (100.0%)","2,452 (100.0%)","1,693 (100.0%)",,"2,791 (100.0%)","5,560 (100.0%)","7,430 (100.0%)","56,266 (100.0%)",492 (100.0%),"3,749 (100.0%)","2,491 (100.0%)",,,,,483 (100.0%),,,340 (100.0%),795 (100.0%),,"8,350 (100.0%)"
"  Other critically ill, n (%)",0 (0.0%),0 (0.0%),0 (0.0%),0 (0.0%),0 (0.0%),0 (0.0%),0 (0.0%),0 (0.0%),0 (0.0%),0 (0.0%),0 (0.0%),0 (0.0%),0 (0.0%),0 (0.0%),,,,,,,,,,,,0 (0.0%),,0 (0.0%),,,,,,,,,,,0 (0.0%),0 (0.0%),,0 (0.0%),,,,,,,,,,,0 (0.0%),0 (0.0%),,0 (0.0%),,,,,,,,,,,0 (0.0%),0 (0.0%),,0 (0.0%),,,,,,,,,0 (0.0%),,0 (0.0%),0 (0.0%),,0 (0.0%),,,,,,,0 (0.0%),,0 (0.0%),,0 (0.0%),0 (0.0%),,0 (0.0%),,,0 (0.0%),,,,0 (0.0%),,0 (0.0%),,0 (0.0%),0 (0.0%),0 (0.0%),0 (0.0%),,,0 (0.0%),,,0 (0.0%),0 (0.0%),0 (0.0%),0 (0.0%),0 (0.0%),0 (0.0%),0 (0.0%),0 (0.0%),0 (0.0%),,,0 (0.0%),,,0 (0.0%),0 (0.0%),0 (0.0%),0 (0.0%),0 (0.0%),0 (0.0%),0 (0.0%),0 (0.0%),0 (0.0%),0 (0.0%),,0 (0.0%),,,0 (0.0%),0 (0.0%),0 (0.0%),0 (0.0%),0 (0.0%),0 (0.0%),0 (0.0%),0 (0.0%),0 (0.0%),0 (0.0%),,0 (0.0%),,,0 (0.0%),0 (0.0%),0 (0.0%),0 (0.0%),0 (0.0%),0 (0.0%),0 (0.0%),0 (0.0%),0 (0.0%),0 (0.0%),0 (0.0%),0 (0.0%),,,0 (0.0%),0 (0.0%),0 (0.0%),0 (0.0%),0 (0.0%),0 (0.0%),0 (0.0%),0 (0.0%),0 (0.0%),0 (0.0%),0 (0.0%),0 (0.0%),,0 (0.0%),0 (0.0%),0 (0.0%),0 (0.0%),0 (0.0%),0 (0.0%),0 (0.0%),0 (0.0%),0 (0.0%),0 (0.0%),0 (0.0%),0 (0.0%),0 (0.0%),,0 (0.0%),0 (0.0%),0 (0.0%),0 (0.0%),0 (0.0%),0 (0.0%),0 (0.0%),0 (0.0%),0 (0.0%),0 (0.0%),0 (0.0%),0 (0.0%),0 (0.0%),,,0 (0.0%),0 (0.0%),0 (0.0%),0 (0.0%),,0 (0.0%),0 (0.0%),0 (0.0%),0 (0.0%),0 (0.0%),0 (0.0%),0 (0.0%),,,,,0 (0.0%),,,0 (0.0%),0 (0.0%),,0 (0.0%)
"ICU episodes, total n","17,149","36,901","48,634","32,254","6,680","65,649","31,463","17,755","18,095","21,754","55,798","60,558","66,023","478,713",,,,,,,,,,,,981,,981,,,,,,,,,,,"1,124","1,781",,"2,905",,,,,,,,,,,"1,921","2,197",,"4,118",,,,,,,,,,,"2,984","2,888",,"5,872",,,,,,,,,19,,"2,021","3,567",,"5,607",,,,,,,"2,939",,155,,"3,882","3,833",,"10,809",,,"2,147",,,,"2,815",,"1,593",,"4,092","4,383","3,363","18,393",,,"4,683",,,"4,918","3,020","1,833","1,642","1,986","4,181","4,567","7,185","34,015",,,"4,987",,,"6,102","3,462","1,951","1,716","2,417","4,845","4,601","7,390","37,471",677,,"5,332",,,"6,644","3,416","2,122","1,727","2,750","4,200","4,756","7,127","38,751","2,944",,"5,464",,,"7,671","3,441","1,936","2,061","3,390","4,776","4,684","7,531","43,898","2,996","2,164","5,444",,,"8,300","3,383","2,120","2,304","3,530","4,635","4,900","7,917","47,693","3,168","8,951","5,912",,"3,382","10,075","3,368","2,074","2,365","3,690","5,115","5,383","8,401","61,884","3,345","9,803","5,971",,"3,298","10,686","3,768","2,338","2,616","3,991","5,500","5,495","8,890","65,701","3,440","13,133","6,024",,,"11,253","1,851","2,812","1,897",,"5,935","5,755","8,219","60,319",579,"2,850","2,670",,,,,569,,,587,787,,"8,042"
"Encounters with >=1 ICU episode, n (%)","14,751 (98.8%)","28,870 (83.1%)","41,798 (95.0%)","27,022 (100.0%)","5,919 (96.2%)","57,876 (99.2%)","27,746 (89.2%)","15,093 (99.5%)","15,877 (99.8%)","18,494 (97.3%)","27,230 (100.0%)","54,583 (96.0%)","57,451 (96.3%)","392,710 (95.8%)",,,,,,,,,,,,817 (98.6%),,817 (98.6%),,,,,,,,,,,785 (100.0%),"1,531 (98.6%)",,"2,316 (99.1%)",,,,,,,,,,,"1,397 (100.0%)","1,894 (98.8%)",,"3,291 (99.3%)",,,,,,,,,,,"1,436 (100.0%)","2,550 (94.1%)",,"3,986 (96.1%)",,,,,,,,,<10,,"1,532 (100.0%)","3,151 (95.7%)",,"4,683 (97.1%)",,,,,,,"2,548 (98.7%)",,99 (100.0%),,"1,637 (100.0%)","3,442 (95.1%)",,"7,726 (97.3%)",,,"1,840 (96.4%)",,,,"2,447 (97.5%)",,"1,395 (99.9%)",,"1,720 (100.0%)","3,910 (97.6%)","2,898 (95.5%)","14,210 (97.5%)",,,"3,954 (96.4%)",,,"4,309 (100.0%)","2,683 (96.4%)","1,583 (99.6%)","1,453 (99.0%)","1,617 (98.7%)","1,790 (100.0%)","4,119 (97.9%)","6,248 (95.0%)","27,756 (97.5%)",,,"4,211 (96.2%)",,,"5,316 (100.0%)","3,042 (97.6%)","1,667 (99.7%)","1,539 (99.8%)","2,001 (97.8%)","1,999 (100.0%)","4,149 (97.4%)","6,372 (95.1%)","30,296 (97.6%)",584 (100.0%),,"4,499 (93.5%)",,,"5,828 (98.5%)","2,975 (94.7%)","1,792 (99.8%)","1,511 (100.0%)","2,317 (97.5%)","1,948 (100.0%)","4,274 (96.3%)","6,162 (95.7%)","31,890 (96.7%)","2,539 (99.0%)",,"4,682 (92.9%)",,,"6,755 (99.4%)","3,034 (91.8%)","1,623 (99.6%)","1,781 (99.9%)","2,922 (97.8%)","2,399 (100.0%)","4,229 (95.0%)","6,549 (95.9%)","36,513 (96.6%)","2,532 (98.7%)","1,728 (97.1%)","4,691 (94.6%)",,,"7,327 (98.9%)","2,978 (91.7%)","1,761 (99.9%)","1,991 (99.9%)","2,992 (96.5%)","2,395 (100.0%)","4,479 (95.2%)","6,888 (96.5%)","39,762 (96.9%)","2,743 (98.8%)","7,067 (97.6%)","5,138 (95.6%)",,"2,983 (96.4%)","8,914 (99.1%)","2,991 (93.5%)","1,759 (99.4%)","2,086 (99.9%)","3,208 (97.1%)","2,518 (100.0%)","4,935 (94.9%)","7,319 (96.9%)","51,661 (97.3%)","2,914 (98.6%)","7,587 (97.0%)","5,203 (95.0%)",,"2,936 (95.9%)","9,415 (99.1%)","3,361 (94.5%)","1,994 (99.3%)","2,327 (100.0%)","3,437 (96.7%)","2,543 (100.0%)","5,063 (95.3%)","7,783 (97.7%)","54,563 (97.3%)","2,954 (98.6%)","10,197 (72.1%)","5,202 (95.7%)",,,"10,012 (99.1%)","1,687 (46.2%)","2,433 (99.2%)","1,691 (99.9%)",,"2,791 (100.0%)","5,293 (95.2%)","7,232 (97.3%)","49,492 (88.0%)",485 (98.6%),"2,291 (61.1%)","2,378 (95.5%)",,,,,481 (99.6%),,,340 (100.0%),747 (94.0%),,"6,722 (80.5%)"
"Hospital mortality, n (%)","3,301 (22.1%)","8,168 (23.5%)","13,538 (30.8%)","6,276 (23.2%)","1,315 (21.4%)","12,060 (20.7%)","4,906 (15.8%)","4,174 (27.5%)","4,198 (26.4%)","5,515 (29.0%)","5,848 (21.5%)","11,933 (21.0%)","14,239 (23.9%)","95,471 (23.3%)",,,,,,,,,,,,230 (27.7%),,230 (27.7%),,,,,,,,,,,195 (24.8%),374 (24.1%),,569 (24.3%),,,,,,,,,,,331 (23.7%),476 (24.8%),,807 (24.4%),,,,,,,,,,,314 (21.9%),570 (21.0%),,884 (21.3%),,,,,,,,,<10,,326 (21.3%),671 (20.4%),,997 (20.7%),,,,,,,346 (13.4%),,24 (24.2%),,333 (20.3%),703 (19.4%),,"1,406 (17.7%)",,,579 (30.3%),,,,392 (15.6%),,364 (26.1%),,365 (21.2%),783 (19.6%),652 (21.5%),"3,135 (21.5%)",,,"1,326 (32.3%)",,,764 (17.7%),423 (15.2%),450 (28.3%),409 (27.9%),588 (35.9%),394 (22.0%),819 (19.5%),"1,443 (21.9%)","6,616 (23.2%)",,,"1,364 (31.2%)",,,973 (18.3%),534 (17.1%),434 (26.0%),448 (29.1%),670 (32.7%),431 (21.6%),797 (18.7%),"1,496 (22.3%)","7,147 (23.0%)",162 (27.7%),,"1,646 (34.2%)",,,"1,410 (23.8%)",556 (17.7%),598 (33.3%),437 (28.9%),772 (32.5%),449 (23.0%),"1,066 (24.0%)","1,662 (25.8%)","8,758 (26.6%)",635 (24.8%),,"1,623 (32.2%)",,,"1,534 (22.6%)",597 (18.1%),474 (29.1%),467 (26.2%),869 (29.1%),519 (21.6%),"1,099 (24.7%)","1,797 (26.3%)","9,614 (25.4%)",589 (23.0%),621 (34.9%),"1,506 (30.4%)",,,"1,655 (22.3%)",620 (19.1%),549 (31.1%),525 (26.4%),873 (28.2%),501 (20.9%),"1,050 (22.3%)","1,805 (25.3%)","10,294 (25.1%)",600 (21.6%),"2,094 (28.9%)","1,595 (29.7%)",,706 (22.8%),"1,828 (20.3%)",561 (17.5%),476 (26.9%),562 (26.9%),864 (26.2%),487 (19.3%),"1,001 (19.2%)","1,776 (23.5%)","12,550 (23.6%)",617 (20.9%),"2,255 (28.8%)","1,610 (29.4%)",,609 (19.9%),"1,929 (20.3%)",624 (17.5%),531 (26.4%),551 (23.7%),879 (24.7%),532 (20.9%),"1,062 (20.0%)","1,868 (23.4%)","13,067 (23.3%)",596 (19.9%),"2,605 (18.4%)","1,629 (30.0%)",,,"1,967 (19.5%)",253 (6.9%),553 (22.6%),409 (24.2%),,597 (21.4%),"1,075 (19.3%)","1,740 (23.4%)","11,424 (20.3%)",102 (20.7%),593 (15.8%),660 (26.5%),,,,,109 (22.6%),,,74 (21.8%),157 (19.7%),,"1,695 (20.3%)"
"  Discharged to hospice, n (%)",468 (3.1%),"1,592 (4.6%)","2,295 (5.2%)",588 (2.2%),180 (2.9%),"2,212 (3.8%)",881 (2.8%),"1,007 (6.6%)",378 (2.4%),562 (3.0%),667 (2.4%),"1,265 (2.2%)","2,494 (4.2%)","14,589 (3.6%)",,,,,,,,,,,,11 (1.3%),,11 (1.3%),,,,,,,,,,,<10,26 (1.7%),,26 (1.7%),,,,,,,,,,,16 (1.1%),50 (2.6%),,66 (2.0%),,,,,,,,,,,16 (1.1%),42 (1.5%),,58 (1.4%),,,,,,,,,0 (0.0%),,11 (0.7%),65 (2.0%),,76 (1.6%),,,,,,,40 (1.5%),,<10,,31 (1.9%),74 (2.0%),,145 (1.8%),,,71 (3.7%),,,,59 (2.4%),,10 (0.7%),,20 (1.2%),87 (2.2%),143 (4.7%),390 (2.7%),,,138 (3.4%),,,112 (2.6%),66 (2.4%),101 (6.4%),10 (0.7%),70 (4.3%),24 (1.3%),96 (2.3%),261 (4.0%),878 (3.1%),,,184 (4.2%),,,162 (3.0%),113 (3.6%),111 (6.6%),18 (1.2%),90 (4.4%),31 (1.6%),95 (2.2%),297 (4.4%),"1,101 (3.5%)",14 (2.4%),,237 (4.9%),,,248 (4.2%),139 (4.4%),139 (7.7%),35 (2.3%),66 (2.8%),30 (1.5%),128 (2.9%),302 (4.7%),"1,338 (4.1%)",37 (1.4%),,244 (4.8%),,,224 (3.3%),136 (4.1%),123 (7.5%),46 (2.6%),80 (2.7%),70 (2.9%),99 (2.2%),304 (4.5%),"1,363 (3.6%)",66 (2.6%),46 (2.6%),258 (5.2%),,,256 (3.5%),129 (4.0%),115 (6.5%),51 (2.6%),65 (2.1%),86 (3.6%),101 (2.1%),297 (4.2%),"1,470 (3.6%)",76 (2.7%),195 (2.7%),279 (5.2%),,99 (3.2%),353 (3.9%),97 (3.0%),112 (6.3%),80 (3.8%),93 (2.8%),80 (3.2%),115 (2.2%),257 (3.4%),"1,836 (3.5%)",125 (4.2%),230 (2.9%),322 (5.9%),,81 (2.6%),415 (4.4%),72 (2.0%),136 (6.8%),68 (2.9%),98 (2.8%),108 (4.2%),142 (2.7%),276 (3.5%),"2,073 (3.7%)",129 (4.3%),788 (5.6%),409 (7.5%),,,442 (4.4%),30 (0.8%),143 (5.8%),59 (3.5%),,127 (4.6%),117 (2.1%),357 (4.8%),"2,601 (4.6%)",21 (4.3%),333 (8.9%),153 (6.1%),,,,,27 (5.6%),,,11 (3.2%),17 (2.1%),,562 (6.7%)
"  Expired, n (%)","3,124 (20.9%)","7,453 (21.5%)","11,246 (25.6%)","5,759 (21.3%)","1,136 (18.5%)","9,853 (16.9%)","4,027 (13.0%)","3,754 (24.8%)","3,820 (24.0%)","4,953 (26.1%)","5,181 (19.0%)","10,671 (18.8%)","12,548 (21.0%)","83,525 (20.4%)",,,,,,,,,,,,219 (26.4%),,219 (26.4%),,,,,,,,,,,189 (24.1%),349 (22.5%),,538 (23.0%),,,,,,,,,,,315 (22.5%),426 (22.2%),,741 (22.4%),,,,,,,,,,,298 (20.8%),528 (19.5%),,826 (19.9%),,,,,,,,,<10,,315 (20.6%),606 (18.4%),,921 (19.1%),,,,,,,306 (11.9%),,23 (23.2%),,302 (18.4%),630 (17.4%),,"1,261 (15.9%)",,,508 (26.6%),,,,333 (13.3%),,354 (25.4%),,345 (20.1%),696 (17.4%),539 (17.8%),"2,775 (19.0%)",,,"1,188 (29.0%)",,,652 (15.1%),357 (12.8%),408 (25.7%),399 (27.2%),518 (31.6%),370 (20.7%),723 (17.2%),"1,243 (18.9%)","5,858 (20.6%)",,,"1,180 (27.0%)",,,812 (15.3%),421 (13.5%),414 (24.8%),430 (27.9%),580 (28.3%),400 (20.0%),702 (16.5%),"1,274 (19.0%)","6,213 (20.0%)",149 (25.5%),,"1,409 (29.3%)",,,"1,163 (19.7%)",417 (13.3%),561 (31.3%),402 (26.6%),706 (29.7%),419 (21.5%),939 (21.1%),"1,439 (22.3%)","7,604 (23.1%)",607 (23.7%),,"1,379 (27.4%)",,,"1,311 (19.3%)",461 (14.0%),417 (25.6%),421 (23.6%),789 (26.4%),449 (18.7%),"1,000 (22.5%)","1,576 (23.1%)","8,410 (22.3%)",569 (22.2%),588 (33.1%),"1,248 (25.2%)",,,"1,399 (18.9%)",492 (15.1%),496 (28.1%),474 (23.8%),808 (26.1%),415 (17.3%),949 (20.2%),"1,571 (22.0%)","9,009 (21.9%)",578 (20.8%),"1,944 (26.9%)","1,317 (24.5%)",,608 (19.6%),"1,475 (16.4%)",465 (14.5%),422 (23.8%),482 (23.1%),771 (23.3%),407 (16.2%),886 (17.0%),"1,626 (21.5%)","10,981 (20.7%)",572 (19.4%),"2,083 (26.6%)","1,288 (23.5%)",,528 (17.3%),"1,515 (15.9%)",552 (15.5%),466 (23.2%),483 (20.7%),781 (22.0%),424 (16.7%),920 (17.3%),"1,699 (21.3%)","11,311 (20.2%)",558 (18.6%),"2,309 (16.3%)","1,221 (22.5%)",,,"1,526 (15.1%)",223 (6.1%),475 (19.4%),350 (20.7%),,470 (16.8%),958 (17.2%),"1,581 (21.3%)","9,671 (17.2%)",91 (18.5%),529 (14.1%),508 (20.4%),,,,,95 (19.7%),,,63 (18.5%),140 (17.6%),,"1,426 (17.1%)"
  First admission location: icu,"4,385 (29.4%)","3,827 (11.0%)","13,224 (30.1%)","10,483 (38.8%)","1,840 (29.9%)","4,659 (8.0%)","6,079 (19.5%)","3,944 (26.0%)","3,104 (19.5%)","2,295 (12.1%)","10,098 (37.1%)","3,070 (5.4%)","25,791 (43.2%)","92,799 (22.6%)",,,,,,,,,,,,133 (16.0%),,133 (16.0%),,,,,,,,,,,281 (35.8%),153 (9.9%),,434 (18.6%),,,,,,,,,,,530 (37.9%),138 (7.2%),,668 (20.2%),,,,,,,,,,,557 (38.8%),155 (5.7%),,712 (17.2%),,,,,,,,,<10,,549 (35.8%),161 (4.9%),,710 (14.7%),,,,,,,928 (35.9%),,12 (12.1%),,586 (35.8%),191 (5.3%),,"1,717 (21.6%)",,,591 (31.0%),,,,699 (27.8%),,203 (14.5%),,639 (37.2%),216 (5.4%),"1,373 (45.3%)","3,721 (25.5%)",,,"1,303 (31.8%)",,,516 (12.0%),545 (19.6%),547 (34.4%),200 (13.6%),324 (19.8%),652 (36.4%),183 (4.4%),"2,955 (44.9%)","7,225 (25.4%)",,,"1,366 (31.2%)",,,568 (10.7%),557 (17.9%),548 (32.8%),209 (13.6%),280 (13.7%),823 (41.2%),183 (4.3%),"2,965 (44.3%)","7,499 (24.2%)",191 (32.7%),,"1,532 (31.8%)",,,462 (7.8%),587 (18.7%),548 (30.5%),351 (23.2%),300 (12.6%),746 (38.3%),258 (5.8%),"2,880 (44.7%)","7,855 (23.8%)",772 (30.1%),,"1,531 (30.4%)",,,524 (7.7%),689 (20.9%),417 (25.6%),310 (17.4%),273 (9.1%),884 (36.8%),232 (5.2%),"2,905 (42.6%)","8,537 (22.6%)",777 (30.3%),215 (12.1%),"1,437 (29.0%)",,,521 (7.0%),663 (20.4%),447 (25.4%),372 (18.7%),333 (10.7%),883 (36.9%),238 (5.1%),"3,020 (42.3%)","8,906 (21.7%)",802 (28.9%),878 (12.1%),"1,606 (29.9%)",,967 (31.2%),612 (6.8%),499 (15.6%),405 (22.9%),446 (21.4%),378 (11.4%),932 (37.0%),248 (4.8%),"3,201 (42.4%)","10,974 (20.7%)",860 (29.1%),994 (12.7%),"1,610 (29.4%)",,873 (28.5%),656 (6.9%),631 (17.7%),457 (22.8%),579 (24.9%),407 (11.5%),913 (35.9%),285 (5.4%),"3,347 (42.0%)","11,612 (20.7%)",839 (28.0%),"1,411 (10.0%)","1,565 (28.8%)",,,800 (7.9%),281 (7.7%),478 (19.5%),421 (24.9%),,977 (35.0%),272 (4.9%),"3,145 (42.3%)","10,189 (18.1%)",144 (29.3%),329 (8.8%),683 (27.4%),,,,,97 (20.1%),,,146 (42.9%),24 (3.0%),,"1,423 (17.0%)"
  First admission location: ed,"3,159 (21.2%)","16,851 (48.5%)","11,641 (26.5%)","3,738 (13.8%)","1,235 (20.1%)","29,607 (50.7%)","8,821 (28.4%)","6,292 (41.5%)","10,078 (63.4%)","10,564 (55.6%)",170 (0.6%),"32,773 (57.6%)","6,664 (11.2%)","141,593 (34.5%)",,,,,,,,,,,,376 (45.4%),,376 (45.4%),,,,,,,,,,,,828 (53.3%),,828 (53.3%),,,,,,,,,,,,"1,030 (53.7%)",,"1,030 (53.7%)",,,,,,,,,,,<10,"1,417 (52.3%)",,"1,417 (52.3%)",,,,,,,,,<10,,<10,"1,779 (54.1%)",,,,,,,,,,,75 (75.8%),,<10,"1,901 (52.5%)",,"1,976 (53.1%)",,,445 (23.3%),,,,344 (13.7%),,850 (60.9%),,<10,"2,164 (54.0%)",297 (9.8%),"4,100 (31.9%)",,,992 (24.2%),,,"1,650 (38.3%)",691 (24.8%),448 (28.2%),933 (63.6%),790 (48.2%),<10,"2,309 (54.9%)",614 (9.3%),"8,427 (31.6%)",,,"1,056 (24.1%)",,,"2,149 (40.4%)","1,005 (32.3%)",482 (28.8%),992 (64.3%),"1,048 (51.2%)",12 (0.6%),"2,393 (56.2%)",714 (10.7%),"9,851 (31.7%)",116 (19.9%),,"1,268 (26.4%)",,,"3,168 (53.5%)","1,017 (32.4%)",759 (42.3%),934 (61.8%),"1,352 (56.9%)",<10,"2,800 (63.1%)",737 (11.4%),"12,151 (39.2%)",511 (19.9%),,"1,282 (25.4%)",,,"3,498 (51.5%)","1,164 (35.2%)",710 (43.6%),"1,183 (66.4%)","1,793 (60.0%)",13 (0.5%),"2,738 (61.5%)",803 (11.8%),"13,695 (36.1%)",548 (21.4%),"1,017 (57.2%)","1,329 (26.8%)",,,"3,945 (53.3%)","1,225 (37.7%)",789 (44.8%),"1,320 (66.3%)","1,765 (57.0%)",20 (0.8%),"2,881 (61.3%)",831 (11.6%),"15,670 (38.2%)",589 (21.2%),"4,095 (56.6%)","1,434 (26.7%)",,616 (19.9%),"4,742 (52.7%)","1,292 (40.4%)",801 (45.3%),"1,321 (63.3%)","1,872 (56.7%)",26 (1.0%),"3,090 (59.4%)",844 (11.2%),"20,722 (39.0%)",650 (22.0%),"4,477 (57.3%)","1,549 (28.3%)",,619 (20.2%),"5,130 (54.0%)","1,402 (39.4%)",894 (44.5%),"1,415 (60.8%)","1,944 (54.7%)",27 (1.1%),"3,130 (58.9%)",933 (11.7%),"22,170 (39.5%)",650 (21.7%),"5,919 (41.8%)","1,569 (28.9%)",,,"5,325 (52.7%)",681 (18.6%),"1,183 (48.2%)","1,052 (62.1%)",,38 (1.4%),"3,445 (62.0%)",891 (12.0%),"20,753 (36.9%)",95 (19.3%),"1,343 (35.8%)",717 (28.8%),,,,,226 (46.8%),,,<10,492 (61.9%),,"2,873 (35.9%)"
  First admission location: procedural,"2,447 (16.4%)","3,942 (11.3%)","6,991 (15.9%)","1,231 (4.6%)",812 (13.2%),"17,438 (29.9%)","10,228 (32.9%)","3,058 (20.2%)",982 (6.2%),"3,852 (20.3%)","2,895 (10.6%)","15,090 (26.5%)","10,555 (17.7%)","79,521 (19.4%)",,,,,,,,,,,,182 (22.0%),,182 (22.0%),,,,,,,,,,,88 (11.2%),375 (24.1%),,463 (19.8%),,,,,,,,,,,121 (8.7%),487 (25.4%),,608 (18.3%),,,,,,,,,,,64 (4.5%),791 (29.2%),,855 (20.6%),,,,,,,,,,,87 (5.7%),934 (28.4%),,"1,021 (21.2%)",,,,,,,"1,123 (43.5%)",,<10,,119 (7.3%),"1,023 (28.3%)",,"2,265 (28.9%)",,,312 (16.4%),,,,"1,005 (40.0%)",,230 (16.5%),,68 (4.0%),"1,104 (27.6%)",514 (16.9%),"3,233 (22.2%)",,,664 (16.2%),,,"1,557 (36.1%)","1,103 (39.6%)",411 (25.8%),226 (15.4%),291 (17.8%),52 (2.9%),"1,187 (28.2%)","1,104 (16.8%)","6,595 (23.2%)",,,729 (16.7%),,,"1,958 (36.8%)","1,193 (38.3%)",430 (25.7%),193 (12.5%),436 (21.3%),142 (7.1%),"1,227 (28.8%)","1,149 (17.1%)","7,457 (24.0%)",90 (15.4%),,650 (13.5%),,,"1,625 (27.5%)","1,072 (34.1%)",307 (17.1%),33 (2.2%),455 (19.1%),182 (9.3%),953 (21.5%),986 (15.3%),"6,353 (19.3%)",427 (16.7%),,772 (15.3%),,,"2,009 (29.6%)","1,009 (30.5%)",295 (18.1%),51 (2.9%),612 (20.5%),291 (12.1%),"1,090 (24.5%)","1,211 (17.7%)","7,767 (20.6%)",423 (16.5%),228 (12.8%),821 (16.6%),,,"2,111 (28.5%)",960 (29.5%),311 (17.6%),46 (2.3%),619 (20.0%),316 (13.2%),"1,214 (25.8%)","1,330 (18.6%)","8,379 (20.4%)",471 (17.0%),950 (13.1%),891 (16.6%),,392 (12.7%),"2,662 (29.6%)","1,039 (32.5%)",347 (19.6%),61 (2.9%),679 (20.6%),385 (15.3%),"1,431 (27.5%)","1,434 (19.0%)","10,742 (20.2%)",450 (15.2%),969 (12.4%),865 (15.8%),,420 (13.7%),"2,682 (28.2%)","1,129 (31.7%)",400 (19.9%),88 (3.8%),760 (21.4%),397 (15.6%),"1,440 (27.1%)","1,472 (18.5%)","11,072 (19.7%)",499 (16.7%),"1,443 (10.2%)",877 (16.1%),,,"2,834 (28.1%)",595 (16.3%),468 (19.1%),48 (2.8%),,522 (18.7%),"1,428 (25.7%)","1,355 (18.2%)","10,069 (17.9%)",87 (17.7%),352 (9.4%),410 (16.5%),,,,,89 (18.4%),,,61 (17.9%),224 (28.2%),,"1,223 (14.6%)"
  First admission location: ward,"1,783 (11.9%)","7,720 (22.2%)","10,099 (23.0%)","8,506 (31.5%)","2,164 (35.2%)","5,091 (8.7%)","5,055 (16.3%)","1,669 (11.0%)","1,663 (10.5%)","2,251 (11.8%)","11,392 (41.8%)","4,789 (8.4%)","16,385 (27.5%)","78,567 (19.2%)",,,,,,,,,,,,109 (13.1%),,109 (13.1%),,,,,,,,,,,374 (47.6%),170 (10.9%),,544 (23.3%),,,,,,,,,,,669 (47.9%),215 (11.2%),,884 (26.7%),,,,,,,,,,,744 (51.8%),306 (11.3%),,"1,050 (25.3%)",,,,,,,,,,,783 (51.1%),358 (10.9%),,"1,141 (23.7%)",,,,,,,377 (14.6%),,<10,,778 (47.5%),449 (12.4%),,"1,604 (20.5%)",,,477 (25.0%),,,,353 (14.1%),,113 (8.1%),,819 (47.6%),460 (11.5%),818 (27.0%),"3,040 (20.9%)",,,968 (23.6%),,,477 (11.1%),348 (12.5%),164 (10.3%),108 (7.4%),229 (14.0%),810 (45.3%),468 (11.1%),"1,825 (27.8%)","5,397 (19.0%)",,,"1,055 (24.1%)",,,549 (10.3%),274 (8.8%),169 (10.1%),144 (9.3%),276 (13.5%),823 (41.2%),399 (9.4%),"1,851 (27.6%)","5,540 (17.9%)",62 (10.6%),,"1,128 (23.4%)",,,539 (9.1%),372 (11.8%),160 (8.9%),188 (12.4%),267 (11.2%),786 (40.3%),364 (8.2%),"1,818 (28.2%)","5,684 (17.2%)",265 (10.3%),,"1,176 (23.3%)",,,588 (8.7%),366 (11.1%),187 (11.5%),227 (12.7%),299 (10.0%),920 (38.3%),299 (6.7%),"1,882 (27.6%)","6,209 (16.4%)",299 (11.7%),310 (17.4%),"1,157 (23.3%)",,,637 (8.6%),341 (10.5%),199 (11.3%),244 (12.2%),373 (12.0%),920 (38.4%),302 (6.4%),"1,929 (27.0%)","6,711 (16.4%)",351 (12.6%),"1,288 (17.8%)","1,202 (22.4%)",,"1,074 (34.7%)",754 (8.4%),295 (9.2%),189 (10.7%),239 (11.4%),366 (11.1%),922 (36.6%),313 (6.0%),"2,055 (27.2%)","9,048 (17.0%)",363 (12.3%),"1,349 (17.3%)","1,201 (21.9%)",,"1,090 (35.6%)",737 (7.8%),295 (8.3%),241 (12.0%),229 (9.8%),441 (12.4%),958 (37.7%),289 (5.4%),"2,197 (27.6%)","9,390 (16.7%)",367 (12.3%),"3,627 (25.6%)","1,172 (21.6%)",,,810 (8.0%),"2,034 (55.6%)",299 (12.2%),165 (9.7%),,994 (35.6%),252 (4.5%),"2,010 (27.1%)","11,730 (20.8%)",76 (15.4%),"1,146 (30.6%)",563 (22.6%),,,,,61 (12.6%),,,92 (27.1%),36 (4.5%),,"1,974 (23.6%)"
  First admission location: other,"3,154 (21.1%)","2,393 (6.9%)","2,024 (4.6%)","3,054 (11.3%)",89 (1.4%),"1,548 (2.7%)",905 (2.9%),194 (1.3%),75 (0.5%),44 (0.2%),"2,668 (9.8%)","1,131 (2.0%)",265 (0.4%),"17,544 (4.3%)",,,,,,,,,,,,27 (3.3%),,27 (3.3%),,,,,,,,,,,37 (4.7%),27 (1.7%),,64 (4.1%),,,,,,,,,,,77 (5.5%),39 (2.0%),,116 (6.0%),,,,,,,,,,,61 (4.2%),35 (1.3%),,96 (3.5%),,,,,,,,,,,105 (6.9%),59 (1.8%),,164 (3.4%),,,,,,,146 (5.7%),,,,141 (8.6%),55 (1.5%),,342 (9.2%),,,83 (4.4%),,,,108 (4.3%),,,,190 (11.0%),61 (1.5%),25 (0.8%),467 (3.6%),,,174 (4.2%),,,109 (2.5%),86 (3.1%),16 (1.0%),,0,267 (14.9%),59 (1.4%),64 (1.0%),730 (2.7%),,,171 (3.9%),,,92 (1.7%),78 (2.5%),39 (2.3%),0,0,197 (9.9%),58 (1.4%),10 (0.1%),597 (1.9%),125 (21.4%),,232 (4.8%),,,124 (2.1%),94 (3.0%),20 (1.1%),0,0,221 (11.3%),65 (1.5%),0,812 (2.6%),586 (22.8%),,278 (5.5%),,,178 (2.6%),76 (2.3%),19 (1.2%),0,10 (0.3%),283 (11.8%),93 (2.1%),0,"1,523 (4.0%)",517 (20.2%),0,213 (4.3%),,,193 (2.6%),52 (1.6%),16 (0.9%),0,0,254 (10.6%),68 (1.4%),0,"1,257 (3.1%)",551 (19.9%),0,242 (4.5%),,41 (1.3%),224 (2.5%),73 (2.3%),25 (1.4%),15 (0.7%),0,251 (10.0%),118 (2.3%),0,"1,420 (2.7%)",619 (20.9%),14 (0.2%),248 (4.5%),,48 (1.6%),296 (3.1%),95 (2.7%),12 (0.6%),14 (0.6%),0,245 (9.6%),170 (3.2%),0,"1,675 (3.0%)",634 (21.2%),"1,743 (12.3%)",253 (4.7%),,,332 (3.3%),55 (1.5%),22 (0.9%),0,,258 (9.2%),163 (2.9%),16 (0.2%),"3,409 (6.1%)",90 (18.3%),563 (15.0%),118 (4.7%),,,,,10 (2.1%),,,22 (6.5%),12 (1.5%),,815 (10.2%)
  Admission type: direct,"7,000 (46.9%)",22 (0.1%),"1,749 (4.0%)",19 (0.1%),12 (0.2%),"3,808 (6.5%)","4,790 (15.4%)","1,451 (9.6%)",,769 (4.0%),"4,373 (16.1%)","1,903 (3.3%)",497 (0.8%),"26,393 (7.1%)",,,,,,,,,,,,68 (8.2%),,68 (8.2%),,,,,,,,,,,195 (24.8%),70 (4.5%),,265 (11.3%),,,,,,,,,,,346 (24.8%),88 (4.6%),,434 (13.1%),,,,,,,,,,,400 (27.9%),145 (5.4%),,545 (13.1%),,,,,,,,,,,408 (26.6%),153 (4.6%),,561 (11.6%),,,,,,,"1,208 (46.8%)",,,,458 (28.0%),177 (4.9%),,"1,843 (23.5%)",,,79 (4.1%),,,,"1,155 (46.0%)",,,,462 (26.9%),169 (4.2%),<10,"1,865 (18.4%)",,,183 (4.5%),,,424 (9.8%),"1,306 (46.9%)",67 (4.2%),,106 (6.5%),396 (22.1%),175 (4.2%),<10,"2,657 (13.0%)",,,249 (5.7%),,,458 (8.6%),756 (24.3%),141 (8.4%),,127 (6.2%),364 (18.2%),143 (3.4%),12 (0.2%),"2,250 (7.8%)",248 (42.5%),,228 (4.7%),,,478 (8.1%),117 (3.7%),99 (5.5%),,94 (4.0%),399 (20.5%),102 (2.3%),14 (0.2%),"1,779 (5.6%)","1,107 (43.2%)",,222 (4.4%),,,401 (5.9%),84 (2.5%),132 (8.1%),,121 (4.0%),360 (15.0%),75 (1.7%),17 (0.2%),"2,519 (6.7%)","1,160 (45.2%)",<10,219 (4.4%),,,480 (6.5%),34 (1.0%),130 (7.4%),,117 (3.8%),180 (7.5%),111 (2.4%),55 (0.8%),"2,486 (6.7%)","1,305 (47.0%)",<10,179 (3.3%),,<10,462 (5.1%),36 (1.1%),183 (10.3%),,107 (3.2%),133 (5.3%),108 (2.1%),72 (1.0%),"2,585 (6.4%)","1,413 (47.8%)",<10,155 (2.8%),,<10,545 (5.7%),62 (1.7%),277 (13.8%),,97 (2.7%),138 (5.4%),147 (2.8%),166 (2.1%),"3,000 (7.0%)","1,509 (50.4%)",<10,163 (3.0%),,,560 (5.5%),32 (0.9%),340 (13.9%),,,127 (4.6%),145 (2.6%),148 (2.0%),"3,024 (7.5%)",258 (52.4%),<10,72 (2.9%),,,,,82 (17.0%),,,<10,27 (3.4%),,439 (10.3%)
  Admission type: ed,"4,693 (31.4%)","27,826 (80.1%)","36,787 (83.6%)","21,746 (80.5%)","2,861 (46.5%)","42,695 (73.2%)","9,760 (31.4%)","8,147 (53.7%)","11,486 (72.2%)","12,975 (68.3%)","20,388 (74.9%)","41,786 (73.5%)","26,405 (44.3%)","267,555 (65.2%)",,,,,,,,,,,,574 (69.2%),,574 (69.2%),,,,,,,,,,,589 (75.0%),"1,229 (79.1%)",,"1,818 (77.8%)",,,,,,,,,,,"1,048 (75.0%)","1,541 (80.4%)",,"2,589 (78.1%)",,,,,,,,,,,"1,029 (71.7%)","2,167 (80.0%)",,"3,196 (77.1%)",,,,,,,,,<10,,"1,121 (73.2%)","2,736 (83.1%)",,"3,857 (80.0%)",,,,,,,602 (23.3%),,83 (83.8%),,"1,176 (71.8%)","3,038 (83.9%)",,"4,899 (61.7%)",,,"1,632 (85.5%)",,,,625 (24.9%),,981 (70.3%),,"1,253 (72.8%)","3,072 (76.7%)","1,097 (36.2%)","8,660 (59.4%)",,,"3,337 (81.4%)",,,"2,947 (68.4%)",693 (24.9%),672 (42.3%),"1,064 (72.5%)","1,048 (63.9%)","1,372 (76.6%)","2,942 (69.9%)","2,558 (38.9%)","16,633 (58.4%)",,,"3,430 (78.3%)",,,"3,832 (72.1%)","1,012 (32.5%)",677 (40.5%),"1,141 (74.0%)","1,423 (69.6%)","1,534 (76.7%)","2,949 (69.2%)","2,879 (43.0%)","18,877 (60.8%)",213 (36.5%),,"3,940 (81.9%)",,,"4,384 (74.1%)","1,022 (32.5%)",976 (54.4%),"1,119 (74.1%)","1,688 (71.0%)","1,440 (73.9%)","3,510 (79.1%)","3,190 (49.5%)","21,482 (65.2%)",953 (37.2%),,"4,150 (82.4%)",,,"5,105 (75.1%)","1,177 (35.6%)",895 (54.9%),"1,334 (74.9%)","2,149 (71.9%)","1,758 (73.3%)","3,731 (83.8%)","3,249 (47.6%)","24,501 (64.8%)",894 (34.9%),"1,392 (78.2%)","4,184 (84.4%)",,,"5,432 (73.3%)","1,235 (38.0%)","1,004 (56.9%)","1,462 (73.4%)","2,110 (68.1%)","1,779 (74.3%)","3,368 (71.6%)","3,172 (44.5%)","26,032 (63.4%)",879 (31.7%),"5,695 (78.7%)","4,584 (85.3%)",,"1,431 (46.2%)","6,670 (74.2%)","1,300 (40.7%)","1,030 (58.2%)","1,489 (71.3%)","2,199 (66.6%)","1,894 (75.2%)","3,374 (64.9%)","3,379 (44.7%)","33,924 (63.9%)",868 (29.4%),"6,089 (77.9%)","4,751 (86.7%)",,"1,430 (46.7%)","6,962 (73.3%)","1,413 (39.7%)","1,152 (57.4%)","1,614 (69.3%)","2,358 (66.3%)","1,992 (78.3%)","3,406 (64.1%)","3,497 (43.9%)","35,532 (63.4%)",782 (26.1%),"11,533 (81.5%)","4,680 (86.1%)",,,"7,363 (72.9%)",681 (18.6%),"1,455 (59.3%)","1,195 (70.6%)",,"2,122 (76.0%)","3,647 (65.6%)","3,384 (45.5%)","36,842 (65.5%)",104 (21.1%),"3,117 (83.1%)","2,099 (84.3%)",,,,,286 (59.2%),,,281 (82.6%),502 (63.1%),,"6,389 (76.5%)"
  Admission type: osh,"1,696 (11.4%)","5,444 (15.7%)","5,179 (11.8%)",,"1,307 (21.2%)","7,289 (12.5%)","7,369 (23.7%)",<10,,"4,469 (23.5%)",12 (0.0%),"3,889 (6.8%)","12,709 (21.3%)","49,363 (14.0%)",,,,,,,,,,,,157 (18.9%),,157 (18.9%),,,,,,,,,,,<10,181 (11.7%),,181 (11.7%),,,,,,,,,,,,209 (10.9%),,209 (10.9%),,,,,,,,,,,<10,238 (8.8%),,238 (8.8%),,,,,,,,,,,,281 (8.5%),,281 (8.5%),,,,,,,757 (29.3%),,,,<10,291 (8.0%),,"1,048 (16.9%)",,,186 (9.7%),,,,711 (28.3%),,,,,303 (7.6%),768 (25.3%),"1,968 (17.2%)",,,559 (13.6%),,,707 (16.4%),774 (27.8%),<10,,438 (26.7%),,226 (5.4%),"1,621 (24.7%)","4,325 (18.3%)",,,675 (15.4%),,,866 (16.3%),822 (26.4%),<10,,428 (20.9%),<10,255 (6.0%),"1,557 (23.2%)","4,603 (17.8%)",46 (7.9%),,614 (12.8%),,,737 (12.5%),843 (26.8%),<10,,498 (21.0%),,283 (6.4%),"1,307 (20.3%)","4,328 (15.6%)",287 (11.2%),,640 (12.7%),,,833 (12.3%),855 (25.9%),,,569 (19.0%),<10,244 (5.5%),"1,423 (20.8%)","4,851 (15.2%)",256 (10.0%),302 (17.0%),537 (10.8%),,,880 (11.9%),785 (24.2%),,,678 (21.9%),<10,279 (5.9%),"1,453 (20.4%)","5,170 (14.8%)",334 (12.0%),"1,186 (16.4%)",580 (10.8%),,717 (23.2%),"1,011 (11.2%)",627 (19.6%),,,892 (27.0%),,304 (5.8%),"1,559 (20.6%)","7,210 (15.4%)",354 (12.0%),"1,311 (16.8%)",539 (9.8%),,590 (19.3%),"1,040 (10.9%)",799 (22.5%),<10,,966 (27.2%),<10,306 (5.8%),"1,604 (20.1%)","7,509 (15.3%)",361 (12.1%),"2,132 (15.1%)",561 (10.3%),,,"1,215 (12.0%)",396 (10.8%),<10,,,<10,298 (5.4%),"1,417 (19.1%)","6,380 (12.9%)",58 (11.8%),513 (13.7%),288 (11.6%),,,,,<10,,,,34 (4.3%),,893 (11.9%)
  Admission type: facility,"1,430 (9.6%)","1,433 (4.1%)",<10,,,"3,801 (6.5%)",24 (0.1%),"3,155 (20.8%)",,792 (4.2%),25 (0.1%),"2,228 (3.9%)",854 (1.4%),"13,742 (4.5%)",,,,,,,,,,,,30 (3.6%),,30 (3.6%),,,,,,,,,,,,73 (4.7%),,73 (4.7%),,,,,,,,,,,<10,78 (4.1%),,78 (4.1%),,,,,,,,,,,,160 (5.9%),,160 (5.9%),,,,,,,,,,,,121 (3.7%),,121 (3.7%),,,,,,,<10,,,,,113 (3.1%),,113 (3.1%),,,,,,,<10,,,,,134 (3.3%),<10,,,,<10,,,52 (1.2%),<10,419 (26.4%),,47 (2.9%),<10,155 (3.7%),<10,673 (5.7%),,,,,,51 (1.0%),<10,459 (27.5%),,68 (3.3%),<10,183 (4.3%),11 (0.2%),772 (4.1%),47 (8.0%),,,,,205 (3.5%),<10,446 (24.8%),,97 (4.1%),,135 (3.0%),<10,930 (6.2%),183 (7.1%),,,,,352 (5.2%),<10,354 (21.7%),,148 (5.0%),<10,82 (1.8%),,"1,119 (6.1%)",244 (9.5%),79 (4.4%),,,,564 (7.6%),<10,358 (20.3%),,193 (6.2%),<10,183 (3.9%),159 (2.2%),"1,780 (6.3%)",256 (9.2%),352 (4.9%),,,,789 (8.8%),<10,316 (17.9%),,106 (3.2%),<10,233 (4.5%),242 (3.2%),"2,294 (6.2%)",314 (10.6%),410 (5.2%),,,,899 (9.5%),,351 (17.5%),,133 (3.7%),<10,229 (4.3%),233 (2.9%),"2,569 (6.6%)",321 (10.7%),474 (3.3%),,,,889 (8.8%),<10,387 (15.8%),,,<10,266 (4.8%),201 (2.7%),"2,538 (5.9%)",65 (13.2%),118 (3.1%),,,,,,65 (13.5%),,,,53 (6.7%),,301 (5.5%)
  Admission type: other,114 (0.8%),14 (0.0%),263 (0.6%),"5,257 (19.5%)","1,969 (32.0%)",750 (1.3%),"9,152 (29.4%)","2,401 (15.8%)","4,416 (27.8%)",0,"2,432 (8.9%)","7,048 (12.4%)","19,199 (32.2%)","53,015 (12.9%)",,,,,,,,,,,,,,,,,,,,,,,,,,,,,,,,,,,,,,,0,0,,,,,,,,,,,,,0,,,,,,,,,,,,,,0,,,,,,,,,,11 (0.4%),,14 (14.1%),,0,,,14 (0.2%),,,10 (0.5%),,,,12 (0.5%),,415 (29.7%),,0,326 (8.1%),"1,162 (38.3%)","1,925 (13.2%)",,,18 (0.4%),,,179 (4.2%),0,431 (27.1%),403 (27.5%),,21 (1.2%),707 (16.8%),"2,383 (36.2%)","4,142 (14.5%)",,,21 (0.5%),,,109 (2.1%),522 (16.8%),394 (23.6%),401 (26.0%),,99 (5.0%),730 (17.1%),"2,240 (33.5%)","4,516 (14.5%)",28 (4.8%),,24 (0.5%),,,114 (1.9%),"1,160 (36.9%)",273 (15.2%),392 (26.0%),,109 (5.6%),407 (9.2%),"1,925 (29.9%)","4,432 (13.5%)",34 (1.3%),,23 (0.5%),,,106 (1.6%),"1,186 (35.9%)",249 (15.3%),448 (25.2%),0,275 (11.5%),317 (7.1%),"2,130 (31.2%)","4,768 (12.6%)",0,0,14 (0.3%),,,51 (0.7%),"1,187 (36.5%)",271 (15.4%),528 (26.5%),0,428 (17.9%),758 (16.1%),"2,296 (32.2%)","5,533 (13.5%)",0,0,30 (0.6%),,938 (30.3%),62 (0.7%),"1,234 (38.6%)",241 (13.6%),598 (28.6%),,486 (19.3%),"1,179 (22.7%)","2,303 (30.5%)","7,071 (13.3%)",0,0,26 (0.5%),,"1,031 (33.7%)",55 (0.6%),"1,282 (36.0%)",225 (11.2%),714 (30.7%),,408 (16.0%),"1,225 (23.1%)","2,469 (31.0%)","7,435 (13.3%)",22 (0.7%),0,26 (0.5%),,,74 (0.7%),"2,534 (69.3%)",269 (11.0%),498 (29.4%),,536 (19.2%),"1,204 (21.7%)","2,273 (30.6%)","7,436 (13.2%)",0,,32 (1.3%),,,,,48 (9.9%),,,52 (15.3%),178 (22.4%),,310 (3.7%)
"ICU length of stay (days), median [Q1, Q3]","2.9 [1.5, 5.2]","2.3 [1.1, 4.8]","2.2 [1.0, 4.7]","2.0 [1.1, 4.1]","2.9 [1.3, 5.6]","1.7 [0.9, 3.5]","1.8 [0.8, 3.3]","2.5 [1.0, 4.9]","3.5 [1.6, 7.3]","2.2 [1.1, 4.7]","1.1 [0.3, 2.4]","1.9 [1.0, 3.9]","2.0 [1.0, 4.2]","2.0 [0.3, 7.3]",,,,,,,,,,,,"2.3 [1.1, 4.9]",,"2.3 [1.1, 4.9]",,,,,,,,,,,"1.3 [0.3, 3.0]","2.1 [1.0, 4.6]",,"1.8 [0.3, 4.6]",,,,,,,,,,,"1.0 [0.3, 2.6]","2.0 [1.0, 4.2]",,"1.6 [0.3, 4.2]",,,,,,,,,,,"1.0 [0.2, 2.6]","2.0 [1.0, 3.8]",,"1.7 [0.2, 3.8]",,,,,,,,,"26.5 [13.8, 39.6]",,"1.2 [0.4, 2.8]","1.9 [0.9, 3.9]",,"1.7 [0.4, 39.6]",,,,,,,"1.6 [0.8, 2.9]",,"4.9 [2.2, 13.2]",,"1.1 [0.4, 2.8]","1.7 [0.9, 3.5]",,"1.6 [0.4, 13.2]",,,"2.2 [1.0, 4.7]",,,,"1.7 [0.8, 3.0]",,"3.4 [1.6, 6.5]",,"1.0 [0.3, 2.4]","1.8 [0.9, 3.6]","2.0 [0.9, 4.0]","1.9 [0.3, 6.5]",,,"2.2 [1.0, 4.6]",,,"1.6 [0.9, 2.9]","1.7 [0.8, 3.0]","1.9 [0.8, 3.9]","3.6 [1.7, 7.2]","2.4 [1.1, 4.6]","1.0 [0.3, 2.1]","1.7 [0.9, 3.2]","2.0 [1.0, 4.2]","1.9 [0.3, 7.2]",,,"2.2 [1.0, 4.8]",,,"1.3 [0.8, 2.8]","1.7 [0.8, 3.1]","1.9 [0.9, 4.1]","3.6 [1.8, 7.0]","2.3 [1.0, 4.7]","1.0 [0.3, 2.5]","1.8 [0.9, 3.2]","2.0 [1.0, 4.2]","1.9 [0.3, 7]","3.6 [1.8, 6.7]",,"2.2 [0.9, 4.9]",,,"1.7 [0.9, 3.6]","1.6 [0.8, 3.1]","2.6 [1.0, 6.1]","3.5 [1.4, 7.7]","2.2 [1.0, 4.7]","1.0 [0.3, 2.3]","1.8 [0.9, 3.7]","2.0 [1.0, 4.8]","2.0 [0.3, 7.7]","3.2 [1.6, 5.9]",,"2.5 [1.0, 5.1]",,,"1.6 [0.9, 3.3]","1.7 [0.8, 3.5]","2.6 [1.0, 5.0]","3.4 [1.6, 7.7]","2.4 [1.1, 4.9]","1.1 [0.4, 2.3]","2.0 [1.0, 4.6]","2.0 [0.9, 4.4]","2.1 [0.4, 7.7]","3.0 [1.5, 5.2]","2.6 [1.2, 5.0]","2.4 [1.1, 4.8]",,,"1.7 [0.9, 3.6]","1.9 [0.8, 3.8]","2.6 [1.0, 4.9]","3.5 [1.6, 7.6]","2.2 [1.1, 4.9]","1.1 [0.4, 2.5]","2.3 [1.1, 4.6]","2.0 [0.9, 4.5]","2.2 [0.4, 7.6]","2.9 [1.4, 5.1]","2.6 [1.2, 5.2]","2.3 [1.0, 4.6]",,"2.9 [1.3, 5.7]","1.8 [0.9, 3.7]","2.0 [0.9, 4.0]","2.7 [1.1, 5.0]","3.6 [1.6, 8.0]","2.1 [1.1, 4.7]","1.1 [0.4, 2.4]","2.1 [1.0, 4.0]","1.9 [0.9, 4.1]","2.2 [0.4, 8]","2.9 [1.4, 4.9]","2.4 [1.1, 4.9]","2.1 [0.9, 4.6]",,"2.9 [1.3, 5.5]","1.9 [0.9, 3.8]","1.8 [0.8, 3.7]","2.7 [1.2, 5.0]","3.3 [1.4, 6.9]","2.0 [1.0, 4.3]","1.0 [0.3, 2.2]","2.1 [1.0, 4.0]","1.9 [0.9, 4.0]","2.2 [0.3, 6.9]","2.8 [1.4, 4.9]","2.1 [1.0, 4.3]","2.0 [0.9, 4.1]",,,"1.9 [0.9, 3.7]","1.8 [0.8, 3.4]","2.7 [1.3, 5.0]","3.5 [1.3, 7.0]",,"1.0 [0.3, 2.2]","2.0 [1.0, 3.9]","2.0 [0.9, 3.9]","2.1 [0.3, 7]","2.7 [1.2, 4.7]","2.1 [1.0, 4.2]","2.1 [0.9, 4.1]",,,,,"2.8 [1.5, 5.3]",,,"0.9 [0.3, 1.9]","2.0 [1.0, 3.5]",,"2.1 [0.3, 5.3]"
"Hospital length of stay (days), median [Q1, Q3]","11.6 [6.6, 24.8]","8.4 [3.9, 17.6]","10.6 [5.5, 20.9]","9.0 [5.6, 16.2]","10.4 [6.1, 20.3]","8.1 [4.5, 15.2]","7.5 [3.8, 14.7]","10.1 [5.5, 18.1]","13.3 [6.9, 25.7]","10.5 [5.3, 20.2]","11.8 [6.4, 22.0]","8.3 [4.5, 15.3]","9.7 [5.4, 18.8]","9.5 [3.8, 25.7]",,,,,,,,,,,,"10.5 [5.7, 20.1]",,"10.5 [5.7, 20.1]",,,,,,,,,,,"13.0 [6.3, 23.7]","9.5 [5.5, 18.0]",,"10.7 [5.5, 23.7]",,,,,,,,,,,"10.6 [6.0, 20.4]","10.0 [5.9, 17.7]",,"10.3 [5.9, 20.4]",,,,,,,,,,,"10.9 [5.9, 21.1]","8.0 [4.3, 15.1]",,"9.0 [4.3, 21.1]",,,,,,,,,"675.5 [446.2, 797.8]",,"10.5 [6.0, 19.0]","7.8 [4.5, 14.3]",,"9.2 [4.5, 797.8]",,,,,,,"8.0 [4.8, 14.5]",,"41.3 [21.3, 134.3]",,"11.1 [6.3, 20.1]","7.5 [4.3, 13.6]",,"8.8 [4.3, 134.3]",,,"10.4 [5.9, 19.9]",,,,"8.3 [5.0, 14.3]",,"12.5 [6.3, 24.3]",,"10.9 [6.2, 20.6]","8.0 [4.3, 14.7]","9.2 [5.4, 17.8]","9.4 [4.3, 24.3]",,,"10.1 [5.4, 19.6]",,,"7.4 [4.4, 13.8]","8.0 [4.8, 14.1]","8.7 [4.6, 15.9]","13.8 [6.9, 26.8]","11.4 [5.7, 21.6]","11.9 [6.4, 22.9]","7.4 [4.2, 13.4]","9.5 [5.5, 18.1]","9.2 [4.2, 26.8]",,,"10.7 [5.5, 20.9]",,,"7.6 [4.3, 14.4]","8.0 [4.9, 14.3]","9.9 [5.3, 17.3]","13.3 [6.2, 25.3]","11.0 [5.5, 21.1]","11.3 [6.3, 22.0]","8.1 [4.5, 14.4]","9.4 [5.3, 18.1]","9.4 [4.3, 25.3]","13.7 [7.8, 28.0]",,"11.8 [5.9, 23.1]",,,"8.8 [4.8, 17.2]","8.2 [4.4, 15.7]","11.4 [6.0, 21.0]","13.2 [6.7, 25.5]","10.8 [5.3, 20.5]","12.0 [6.6, 23.4]","8.4 [4.7, 16.0]","10.0 [5.4, 19.7]","10.1 [4.4, 28]","12.8 [7.2, 27.1]",,"11.2 [5.7, 21.6]",,,"8.3 [4.7, 16.8]","8.3 [4.3, 16.3]","10.9 [6.2, 19.2]","14.6 [7.6, 29.6]","10.9 [5.7, 20.1]","11.5 [6.4, 22.2]","9.3 [5.0, 18.7]","10.3 [5.9, 19.8]","10.3 [4.3, 29.6]","11.5 [6.8, 24.0]","10.5 [5.4, 20.6]","10.7 [5.6, 20.9]",,,"8.3 [4.5, 15.8]","8.2 [4.2, 16.9]","10.9 [6.0, 19.1]","14.6 [7.2, 28.2]","11.1 [5.3, 21.2]","12.3 [6.7, 23.8]","8.5 [4.8, 16.3]","9.8 [5.4, 19.2]","10.0 [4.2, 28.2]","11.3 [6.4, 24.8]","10.6 [5.5, 21.4]","10.4 [5.4, 21.1]",,"10.7 [6.2, 20.8]","8.1 [4.5, 14.8]","8.4 [4.4, 17.0]","10.0 [5.9, 17.9]","13.3 [7.1, 25.4]","9.7 [5.2, 19.1]","12.8 [7.0, 24.4]","8.3 [4.4, 16.0]","9.8 [5.4, 19.0]","9.9 [4.4, 25.4]","10.9 [6.3, 23.3]","10.1 [5.6, 20.3]","10.3 [5.3, 20.3]",,"10.2 [6.0, 20.0]","8.2 [4.7, 15.0]","8.6 [4.6, 16.4]","10.0 [5.7, 18.0]","12.3 [6.9, 23.1]","9.7 [5.1, 19.0]","13.0 [7.1, 23.9]","8.2 [4.5, 15.2]","9.6 [5.3, 18.8]","9.7 [4.5, 23.9]","11.4 [6.4, 24.9]","7.1 [2.2, 15.2]","10.3 [5.4, 20.7]",,,"8.1 [4.6, 14.8]","1.2 [0.3, 7.5]","9.5 [5.5, 17.1]","12.2 [6.6, 22.5]",,"12.1 [7.0, 22.2]","8.0 [4.4, 15.1]","9.3 [5.3, 18.1]","8.3 [0.3, 24.9]","10.3 [6.2, 23.0]","5.2 [1.3, 11.5]","10.1 [5.3, 19.2]",,,,,"10.3 [5.4, 18.2]",,,"8.1 [4.4, 15.2]","7.1 [4.0, 12.2]",,"7.6 [1.3, 23]"
"28-day VFD (IMV encounters), n (%)","9,959 (66.7%)","17,505 (50.4%)","28,377 (64.5%)","21,228 (78.6%)","4,801 (78.0%)","31,393 (53.8%)","16,615 (53.4%)","9,168 (60.5%)","11,530 (72.5%)","12,546 (66.0%)","17,896 (65.7%)","33,147 (58.3%)","38,072 (63.8%)","252,237 (61.5%)",,,,,,,,,,,,657 (79.3%),,657 (79.3%),,,,,,,,,,,566 (72.1%),"1,217 (78.4%)",,"1,783 (76.3%)",,,,,,,,,,,989 (70.8%),"1,429 (74.5%)",,"2,418 (73.0%)",,,,,,,,,,,"1,040 (72.4%)","1,674 (61.8%)",,"2,714 (65.5%)",,,,,,,,,<10,,"1,084 (70.8%)","1,930 (58.6%)",,"3,014 (62.5%)",,,,,,,"1,640 (63.5%)",,75 (75.8%),,"1,097 (67.0%)","2,181 (60.3%)",,"4,993 (62.9%)",,,"1,291 (67.7%)",,,,"1,586 (63.2%)",,"1,013 (72.6%)",,"1,166 (67.8%)","2,348 (58.6%)","2,047 (67.5%)","9,451 (64.9%)",,,"2,681 (65.4%)",,,"2,430 (56.4%)","1,794 (64.5%)",941 (59.2%),"1,096 (74.7%)","1,151 (70.2%)","1,222 (68.3%)","2,383 (56.7%)","4,312 (65.6%)","18,010 (63.3%)",,,"2,723 (62.2%)",,,"2,848 (53.6%)","1,890 (60.7%)","1,081 (64.7%)","1,116 (72.4%)","1,321 (64.6%)","1,291 (64.6%)","2,413 (56.6%)","4,253 (63.5%)","18,936 (61.0%)",433 (74.1%),,"3,265 (67.9%)",,,"3,483 (58.9%)","1,886 (60.0%)","1,281 (71.4%)","1,161 (76.8%)","1,580 (66.5%)","1,329 (68.2%)","2,609 (58.8%)","4,285 (66.5%)","21,312 (64.6%)","1,874 (73.1%)",,"3,354 (66.6%)",,,"3,785 (55.7%)","1,946 (58.9%)","1,026 (62.9%)","1,323 (74.2%)","1,954 (65.4%)","1,584 (66.0%)","2,749 (61.7%)","4,382 (64.2%)","23,977 (63.5%)","1,712 (66.7%)","1,110 (62.4%)","3,201 (64.6%)",,,"3,965 (53.5%)","1,877 (57.8%)","1,080 (61.3%)","1,413 (70.9%)","2,070 (66.8%)","1,507 (62.9%)","2,654 (56.4%)","4,607 (64.6%)","25,196 (61.4%)","1,872 (67.4%)","4,526 (62.5%)","3,381 (62.9%)",,"2,433 (78.6%)","4,610 (51.3%)","1,838 (57.5%)","1,043 (58.9%)","1,476 (70.7%)","2,160 (65.4%)","1,598 (63.5%)","2,772 (53.3%)","4,744 (62.8%)","32,453 (61.1%)","1,836 (62.1%)","4,861 (62.2%)","3,497 (63.8%)",,"2,368 (77.4%)","5,065 (53.3%)","1,996 (56.1%)","1,165 (58.0%)","1,678 (72.1%)","2,310 (65.0%)","1,572 (61.8%)","2,871 (54.0%)","4,874 (61.2%)","34,093 (60.8%)","1,911 (63.8%)","5,775 (40.8%)","3,429 (63.1%)",,,"5,207 (51.5%)",162 (4.4%),"1,293 (52.7%)","1,175 (69.4%)",,"1,661 (59.5%)","2,893 (52.0%)","4,568 (61.5%)","28,074 (49.9%)",321 (65.2%),"1,233 (32.9%)","1,555 (62.4%)",,,,,258 (53.4%),,,190 (55.9%),367 (46.2%),,"3,924 (47.0%)"
"  VFD, median [Q1, Q3]","25 [0, 26]","22 [0, 26]","21 [0, 26]","25 [0, 26]","26 [12, 27]","25 [0, 26]","26 [17, 27]","21 [0, 26]","21 [0, 26]","14 [0, 25]","24 [0, 26]","24 [0, 26]","24 [0, 26]","23.2 [0, 27]",,,,,,,,,,,,"21 [0, 26]",,"21 [0, 26]",,,,,,,,,,,"23 [0, 26]","23 [0, 26]",,"23 [0, 26]",,,,,,,,,,,"24 [0, 26]","24 [0, 26]",,"24 [0, 26]",,,,,,,,,,,"24 [0, 26]","23 [0, 26]",,"23.3 [0, 26]",,,,,,,,,"14 [0, 27]",,"25 [0, 26]","24 [0, 26]",,"24.3 [0, 27]",,,,,,,"26 [21, 27]",,"14 [2, 24]",,"24 [2, 26]","24 [0, 26]",,"24.5 [0, 27]",,,"22 [0, 26]",,,,"26 [20, 27]",,"21 [0, 26]",,"24 [0, 26]","23 [0, 26]","25 [0, 26]","23.7 [0, 27]",,,"19 [0, 26]",,,"26 [0, 26]","26 [21, 27]","17 [0, 26]","18 [0, 26]","12 [0, 26]","23 [0, 26]","25 [0, 26]","24 [0, 26]","22.5 [0, 27]",,,"18 [0, 26]",,,"25 [0, 26]","26 [18, 27]","22 [0, 26]","19 [0, 26]","13 [0, 26]","23 [0, 26]","25 [0, 26]","24 [0, 26]","22.5 [0, 27]","20 [0, 26]",,"13 [0, 25]",,,"21 [0, 26]","26 [14, 27]","11 [0, 25]","19 [0, 26]","10 [0, 24]","22 [0, 26]","22 [0, 26]","22 [0, 26]","19.3 [0, 27]","23 [0, 26]",,"18 [0, 26]",,,"24 [0, 26]","26 [7, 27]","20 [0, 26]","19 [0, 26]","14 [0, 25]","24 [0, 26]","21 [0, 26]","23 [0, 26]","21.6 [0, 27]","25 [0, 26]","17 [0, 26]","21 [0, 26]",,,"24 [0, 26]","26 [13, 27]","17 [0, 26]","20 [0, 26]","15 [0, 25]","24 [0, 26]","24 [0, 26]","24 [0, 26]","22.4 [0, 27]","25 [0, 26]","21 [0, 26]","22 [0, 26]",,"26 [8, 27]","25 [0, 26]","26 [16, 27]","23 [0, 26]","21 [0, 26]","14 [0, 24]","25 [4, 26]","25 [0, 26]","25 [0, 26]","23.4 [0, 27]","25 [2, 26]","22 [0, 26]","22 [0, 26]",,"26 [15, 27]","25 [0, 26]","26 [16, 27]","23 [0, 26]","24 [0, 26]","16 [0, 24]","24 [0, 26]","25 [0, 26]","25 [0, 26]","23.7 [0, 27]","25 [6, 26]","22 [0, 26]","22 [0, 26]",,,"25 [0, 26]","24 [15, 26]","24 [0, 26]","24 [0, 26]",,"24 [0, 26]","25 [0, 26]","25 [0, 26]","23.8 [0, 26]","25 [0, 26]","22 [0, 26]","24 [0, 26]",,,,,"20 [0, 26]",,,"21 [0, 26]","26 [0, 26]",,"23.0 [0, 26]"
"Charlson Comorbidity Index, median [Q1, Q3]","3 [2, 5]","2 [1, 4]","3 [1, 4]","2 [0, 4]","3 [1, 4]","3 [1, 5]","2 [0, 4]","4 [2, 6]","3 [0, 6]","3 [1, 4]","3 [1, 5]","2 [1, 4]","2 [1, 4]","2.5 [0, 6]",,,,,,,,,,,,"2 [1, 4]",,"2 [1, 4]",,,,,,,,,,,"2 [1, 5]","2 [1, 4]",,"2 [1, 5]",,,,,,,,,,,"2 [1, 5]","2 [1, 4]",,"2 [1, 5]",,,,,,,,,,,"2 [1, 5]","2 [1, 4]",,"2 [1, 5]",,,,,,,,,"8 [8, 10]",,"2 [1, 4]","2 [1, 4]",,"2.0 [1, 10]",,,,,,,"2 [0, 3]",,"6 [1, 8]",,"3 [1, 5]","2 [0, 4]",,"2.3 [0, 8]",,,"2 [1, 4]",,,,"2 [0, 4]",,"2 [0, 6]",,"3 [1, 5]","2 [1, 4]","2 [1, 4]","2.1 [0, 6]",,,"2 [1, 4]",,,"2 [1, 4]","2 [0, 4]","3 [1, 5]","2 [0, 6]","3 [2, 4]","3 [1, 5]","2 [0, 4]","2 [1, 4]","2.2 [0, 6]",,,"2 [1, 4]",,,"2 [1, 4]","2 [0, 4]","3 [2, 5]","2 [0, 6]","3 [1, 4]","3 [1, 5]","2 [1, 4]","2 [1, 4]","2.2 [0, 6]","3 [2, 4]",,"3 [1, 4]",,,"3 [1, 5]","2 [0, 4]","3 [2, 5]","3 [0, 7]","3 [1, 5]","3 [1, 5]","2 [1, 4]","2 [1, 4]","2.6 [0, 7]","3 [2, 4]",,"2 [1, 4]",,,"3 [1, 5]","2 [0, 4]","4 [2, 6]","3 [0, 7]","3 [1, 4]","3 [2, 5]","2 [1, 4]","2 [1, 4]","2.5 [0, 7]","3 [2, 5]","3 [1, 4]","2 [1, 4]",,,"3 [1, 5]","2 [0, 4]","4 [2, 6]","3 [0, 6]","3 [1, 4]","3 [1, 5]","2 [1, 4]","2 [1, 4]","2.6 [0, 6]","3 [2, 5]","3 [1, 4]","2 [1, 4]",,"3 [1, 4]","3 [1, 5]","2 [0, 4]","4 [2, 6]","3 [0, 6]","3 [1, 4]","3 [2, 5]","2 [1, 4]","2 [1, 4]","2.6 [0, 6]","3 [2, 5]","3 [1, 5]","3 [1, 4]",,"3 [1, 4]","3 [1, 5]","2 [0, 4]","4 [2, 6]","3 [0, 6]","3 [1, 4]","4 [2, 6]","2 [1, 4]","3 [1, 4]","2.9 [0, 6]","3 [2, 5]","2 [0, 4]","3 [1, 4]",,,"3 [1, 5]","1 [0, 2]","4 [2, 5]","3 [0, 6]",,"3 [2, 6]","2 [1, 4]","3 [2, 4]","2.6 [0, 6]","3 [2, 5]","2 [0, 4]","3 [1, 5]",,,,,,,,"2 [1, 4]","0 [0, 1]",,"2.2 [0, 5]"
"Comorbidities, n (%)",,,,,,,,,,,,,,,,,,,,,,,,,,,,,,,,,,,,,,,,,,,,,,,,,,,,,,,,,,,,,,,,,,,,,,,,,,,,,,,,,,,,,,,,,,,,,,,,,,,,,,,,,,,,,,,,,,,,,,,,,,,,,,,,,,,,,,,,,,,,,,,,,,,,,,,,,,,,,,,,,,,,,,,,,,,,,,,,,,,,,,,,,,,,,,,,,,,,,,,,,,,,,,,,,,,,,,,,,,,,,,,,,,,,,,,,,,,,,,
  Congestive Heart Failure,"8,145 (54.5%)","14,471 (41.7%)","17,171 (39.0%)","4,921 (18.2%)","2,833 (46.0%)","23,442 (40.2%)","8,207 (26.4%)","5,961 (39.3%)","4,001 (25.2%)","7,880 (41.5%)","10,140 (37.2%)","20,034 (35.2%)","26,373 (44.2%)","153,579 (37.5%)",,,,,,,,,,,,281 (33.9%),,281 (33.9%),,,,,,,,,,,243 (31.0%),504 (32.5%),,747 (32.0%),,,,,,,,,,,392 (28.1%),632 (33.0%),,"1,024 (30.9%)",,,,,,,,,,,416 (29.0%),855 (31.5%),,"1,271 (30.7%)",,,,,,,,,<10,,478 (31.2%),"1,124 (34.2%)",,"1,602 (33.2%)",,,,,,,616 (23.9%),,37 (37.4%),,572 (34.9%),"1,231 (34.0%)",,"2,456 (30.9%)",,,733 (38.4%),,,,651 (25.9%),,377 (27.0%),,569 (33.1%),"1,467 (36.6%)","1,305 (43.0%)","5,102 (35.0%)",,,"1,668 (40.7%)",,,"1,582 (36.7%)",665 (23.9%),579 (36.4%),403 (27.5%),786 (48.0%),672 (37.5%),"1,560 (37.1%)","2,772 (42.2%)","10,687 (37.5%)",,,"1,707 (39.0%)",,,"2,018 (38.0%)",852 (27.3%),692 (41.4%),406 (26.3%),882 (43.1%),736 (36.8%),"1,509 (35.4%)","2,781 (41.5%)","11,583 (37.3%)",303 (51.9%),,"1,821 (37.9%)",,,"2,258 (38.2%)",873 (27.8%),722 (40.2%),429 (28.4%),"1,005 (42.3%)",747 (38.3%),"1,578 (35.5%)","2,650 (41.2%)","12,386 (37.6%)","1,361 (53.1%)",,"1,916 (38.0%)",,,"2,607 (38.4%)",969 (29.3%),749 (46.0%),442 (24.8%),"1,237 (41.4%)",945 (39.4%),"1,479 (33.2%)","2,764 (40.5%)","14,469 (38.3%)","1,385 (54.0%)",786 (44.2%),"1,902 (38.4%)",,,"2,898 (39.1%)",921 (28.3%),805 (45.7%),490 (24.6%),"1,278 (41.2%)",940 (39.2%),"1,736 (36.9%)","3,033 (42.5%)","16,174 (39.4%)","1,539 (55.4%)","3,359 (46.4%)","2,101 (39.1%)",,"1,401 (45.3%)","3,733 (41.5%)",919 (28.7%),772 (43.6%),484 (23.2%),"1,257 (38.0%)","1,021 (40.5%)","1,845 (35.5%)","3,199 (42.3%)","21,630 (40.7%)","1,609 (54.4%)","3,659 (46.8%)","2,147 (39.2%)",,"1,432 (46.8%)","4,041 (42.5%)","1,114 (31.3%)",899 (44.8%),522 (22.4%),"1,435 (40.4%)","1,137 (44.7%)","2,015 (37.9%)","3,768 (47.3%)","23,778 (42.4%)","1,672 (55.8%)","5,334 (37.7%)","2,184 (40.2%)",,,"4,305 (42.6%)",627 (17.2%),743 (30.3%),410 (24.2%),,"1,144 (41.0%)","2,194 (39.5%)","4,101 (55.2%)","22,714 (40.4%)",276 (56.1%),"1,333 (35.6%)",992 (39.8%),,,,,,,,128 (37.6%),24 (3.0%),,"2,753 (35.0%)"
  Renal Disease,"4,526 (30.3%)","12,522 (36.0%)","14,871 (33.8%)","3,553 (13.1%)","2,231 (36.2%)","19,115 (32.8%)","5,791 (18.6%)","5,543 (36.6%)","2,727 (17.1%)","6,296 (33.1%)","9,919 (36.4%)","17,442 (30.7%)","19,470 (32.6%)","124,006 (30.2%)",,,,,,,,,,,,247 (29.8%),,247 (29.8%),,,,,,,,,,,241 (30.7%),419 (27.0%),,660 (28.2%),,,,,,,,,,,417 (29.8%),539 (28.1%),,956 (28.8%),,,,,,,,,,,441 (30.7%),809 (29.9%),,"1,250 (30.1%)",,,,,,,,,<10,,454 (29.6%),978 (29.7%),,"1,432 (29.7%)",,,,,,,470 (18.2%),,24 (24.2%),,590 (36.0%),"1,028 (28.4%)",,"2,112 (26.6%)",,,602 (31.6%),,,,440 (17.5%),,256 (18.3%),,560 (32.6%),"1,219 (30.4%)",866 (28.6%),"3,943 (27.1%)",,,"1,339 (32.6%)",,,"1,119 (26.0%)",472 (17.0%),594 (37.4%),251 (17.1%),573 (35.0%),624 (34.9%),"1,233 (29.3%)","1,922 (29.2%)","8,127 (28.6%)",,,"1,463 (33.4%)",,,"1,530 (28.8%)",605 (19.4%),631 (37.7%),281 (18.2%),680 (33.2%),731 (36.6%),"1,288 (30.2%)","2,023 (30.2%)","9,232 (29.8%)",169 (28.9%),,"1,558 (32.4%)",,,"1,847 (31.2%)",648 (20.6%),720 (40.1%),278 (18.4%),837 (35.2%),766 (39.3%),"1,460 (32.9%)","2,030 (31.5%)","10,313 (31.3%)",701 (27.3%),,"1,675 (33.2%)",,,"2,054 (30.2%)",659 (19.9%),673 (41.3%),314 (17.6%),"1,022 (34.2%)",896 (37.3%),"1,389 (31.2%)","2,032 (29.8%)","11,415 (30.2%)",769 (30.0%),675 (37.9%),"1,552 (31.3%)",,,"2,322 (31.3%)",632 (19.5%),766 (43.4%),327 (16.4%),"1,037 (33.5%)",897 (37.5%),"1,503 (32.0%)","2,393 (33.5%)","12,873 (31.4%)",817 (29.4%),"2,797 (38.6%)","1,758 (32.7%)",,"1,110 (35.9%)","3,061 (34.0%)",655 (20.5%),711 (40.2%),332 (15.9%),"1,005 (30.4%)",993 (39.4%),"1,608 (30.9%)","2,525 (33.4%)","17,372 (32.7%)",923 (31.2%),"3,162 (40.4%)","1,815 (33.1%)",,"1,121 (36.6%)","3,479 (36.6%)",717 (20.2%),769 (38.3%),380 (16.3%),"1,142 (32.1%)","1,086 (42.7%)","1,791 (33.7%)","3,032 (38.0%)","19,417 (34.6%)","1,001 (33.4%)","4,732 (33.4%)","2,154 (39.6%)",,,"3,703 (36.7%)",493 (13.5%),679 (27.7%),283 (16.7%),,"1,127 (40.4%)","1,911 (34.4%)","2,647 (35.6%)","18,730 (33.3%)",146 (29.7%),"1,156 (30.8%)",955 (38.3%),,,,,,,,96 (28.2%),20 (2.5%),,"2,373 (30.2%)"
  Peripheral Vascular Disease,"4,454 (29.8%)","7,455 (21.5%)","7,810 (17.8%)","1,924 (7.1%)","1,644 (26.7%)","14,986 (25.7%)","4,591 (14.8%)","4,186 (27.6%)","4,018 (25.3%)","2,121 (11.2%)","6,733 (24.7%)","10,706 (18.8%)","15,307 (25.7%)","85,935 (21.0%)",,,,,,,,,,,,174 (21.0%),,174 (21.0%),,,,,,,,,,,138 (17.6%),295 (19.0%),,433 (18.5%),,,,,,,,,,,315 (22.5%),366 (19.1%),,681 (20.5%),,,,,,,,,,,322 (22.4%),539 (19.9%),,861 (20.8%),,,,,,,,,<10,,324 (21.1%),659 (20.0%),,983 (20.4%),,,,,,,435 (16.8%),,33 (33.3%),,384 (23.5%),702 (19.4%),,"1,554 (19.6%)",,,324 (17.0%),,,,405 (16.1%),,315 (22.6%),,364 (21.2%),773 (19.3%),748 (24.7%),"2,929 (20.1%)",,,683 (16.7%),,,872 (20.2%),386 (13.9%),330 (20.8%),365 (24.9%),149 (9.1%),372 (20.8%),760 (18.1%),"1,667 (25.3%)","5,584 (19.6%)",,,714 (16.3%),,,"1,206 (22.7%)",509 (16.3%),438 (26.2%),415 (26.9%),189 (9.2%),470 (23.5%),787 (18.5%),"1,626 (24.3%)","6,354 (20.5%)",154 (26.4%),,701 (14.6%),,,"1,375 (23.2%)",465 (14.8%),507 (28.2%),444 (29.4%),250 (10.5%),476 (24.4%),769 (17.3%),"1,490 (23.1%)","6,631 (20.1%)",682 (26.6%),,792 (15.7%),,,"1,683 (24.8%)",499 (15.1%),544 (33.4%),494 (27.7%),354 (11.8%),608 (25.3%),792 (17.8%),"1,791 (26.2%)","8,239 (21.8%)",720 (28.1%),367 (20.6%),843 (17.0%),,,"1,830 (24.7%)",488 (15.0%),609 (34.5%),563 (28.3%),350 (11.3%),587 (24.5%),819 (17.4%),"1,944 (27.2%)","9,120 (22.2%)",913 (32.9%),"1,697 (23.4%)",958 (17.8%),,828 (26.8%),"2,407 (26.8%)",522 (16.3%),612 (34.6%),552 (26.4%),401 (12.1%),745 (29.6%),978 (18.8%),"1,987 (26.3%)","12,600 (23.7%)",953 (32.2%),"1,957 (25.0%)","1,074 (19.6%)",,816 (26.7%),"2,730 (28.7%)",558 (15.7%),646 (32.2%),537 (23.1%),428 (12.0%),752 (29.6%),"1,070 (20.1%)","2,121 (26.6%)","13,642 (24.3%)",883 (29.5%),"2,789 (19.7%)","1,243 (22.9%)",,,"2,883 (28.5%)",324 (8.9%),500 (20.4%),298 (17.6%),,803 (28.8%),"1,215 (21.9%)","1,933 (26.0%)","12,871 (22.9%)",149 (30.3%),645 (17.2%),478 (19.2%),,,,,,,,73 (21.5%),<10,,"1,345 (19.0%)"
  Chronic Pulmonary Disease,"3,819 (25.6%)","8,528 (24.5%)","11,736 (26.7%)","3,238 (12.0%)","1,706 (27.7%)","15,065 (25.8%)","6,975 (22.4%)","3,979 (26.2%)","3,713 (23.3%)","4,993 (26.3%)","7,032 (25.8%)","15,237 (26.8%)","15,375 (25.8%)","101,396 (24.7%)",,,,,,,,,,,,286 (34.5%),,286 (34.5%),,,,,,,,,,,202 (25.7%),558 (35.9%),,760 (32.5%),,,,,,,,,,,375 (26.8%),647 (33.8%),,"1,022 (30.8%)",,,,,,,,,,,371 (25.8%),875 (32.3%),,"1,246 (30.1%)",,,,,,,,,<10,,381 (24.9%),"1,053 (32.0%)",,"1,434 (29.7%)",,,,,,,530 (20.5%),,34 (34.3%),,496 (30.3%),899 (24.8%),,"1,959 (24.7%)",,,512 (26.8%),,,,521 (20.8%),,329 (23.6%),,448 (26.0%),"1,036 (25.9%)",736 (24.3%),"3,582 (24.6%)",,,"1,050 (25.6%)",,,964 (22.4%),594 (21.4%),381 (24.0%),335 (22.8%),423 (25.8%),449 (25.1%),"1,064 (25.3%)","1,690 (25.7%)","6,950 (24.4%)",,,"1,150 (26.3%)",,,"1,230 (23.1%)",752 (24.1%),426 (25.5%),342 (22.2%),479 (23.4%),508 (25.4%),"1,110 (26.1%)","1,615 (24.1%)","7,612 (24.5%)",153 (26.2%),,"1,321 (27.5%)",,,"1,543 (26.1%)",771 (24.5%),524 (29.2%),400 (26.5%),623 (26.2%),526 (27.0%),"1,181 (26.6%)","1,625 (25.2%)","8,667 (26.3%)",635 (24.8%),,"1,360 (27.0%)",,,"1,752 (25.8%)",780 (23.6%),508 (31.2%),397 (22.3%),771 (25.8%),618 (25.8%),"1,143 (25.7%)","1,634 (23.9%)","9,598 (25.4%)",635 (24.8%),415 (23.3%),"1,330 (26.8%)",,,"1,944 (26.2%)",762 (23.5%),558 (31.7%),432 (21.7%),844 (27.2%),573 (23.9%),"1,176 (25.0%)","1,784 (25.0%)","10,453 (25.5%)",692 (24.9%),"1,860 (25.7%)","1,410 (26.2%)",,821 (26.5%),"2,350 (26.1%)",738 (23.1%),533 (30.1%),489 (23.4%),824 (24.9%),662 (26.3%),"1,311 (25.2%)","1,867 (24.7%)","13,557 (25.5%)",763 (25.8%),"2,058 (26.3%)","1,501 (27.4%)",,885 (28.9%),"2,657 (28.0%)",882 (24.8%),590 (29.4%),547 (23.5%),"1,029 (29.0%)",681 (26.8%),"1,377 (25.9%)","2,265 (28.4%)","15,235 (27.2%)",819 (27.3%),"3,342 (23.6%)","1,489 (27.4%)",,,"2,625 (26.0%)",645 (17.6%),459 (18.7%),405 (23.9%),,672 (24.1%),"1,512 (27.2%)","2,159 (29.1%)","14,127 (25.1%)",122 (24.8%),853 (22.8%),613 (24.6%),,,,,,,,70 (20.6%),<10,,"1,658 (23.4%)"
  Myocardial Infarction,"3,235 (21.7%)","5,791 (16.7%)","10,609 (24.1%)","3,504 (13.0%)","1,008 (16.4%)","11,058 (19.0%)","4,298 (13.8%)","4,815 (31.8%)","3,768 (23.7%)","2,841 (14.9%)","5,418 (19.9%)","11,746 (20.7%)","9,752 (16.3%)","77,843 (19.0%)",,,,,,,,,,,,153 (18.5%),,153 (18.5%),,,,,,,,,,,112 (14.3%),331 (21.3%),,443 (18.9%),,,,,,,,,,,229 (16.4%),395 (20.6%),,624 (18.8%),,,,,,,,,,,225 (15.7%),490 (18.1%),,715 (17.2%),,,,,,,,,<10,,185 (12.1%),639 (19.4%),,824 (17.1%),,,,,,,339 (13.1%),,32 (32.3%),,274 (16.7%),747 (20.6%),,"1,392 (17.5%)",,,503 (26.4%),,,,358 (14.3%),,357 (25.6%),,278 (16.2%),838 (20.9%),470 (15.5%),"2,804 (19.2%)",,,"1,093 (26.6%)",,,694 (16.1%),362 (13.0%),365 (23.0%),344 (23.4%),206 (12.6%),299 (16.7%),925 (22.0%),"1,037 (15.8%)","5,325 (18.7%)",,,"1,201 (27.4%)",,,876 (16.5%),480 (15.4%),573 (34.3%),391 (25.4%),282 (13.8%),345 (17.3%),888 (20.8%),"1,060 (15.8%)","6,096 (19.6%)",134 (22.9%),,"1,192 (24.8%)",,,"1,109 (18.7%)",471 (15.0%),662 (36.9%),354 (23.4%),397 (16.7%),364 (18.7%),979 (22.0%),"1,013 (15.7%)","6,675 (20.2%)",563 (22.0%),,"1,281 (25.4%)",,,"1,275 (18.8%)",527 (16.0%),688 (42.2%),418 (23.5%),523 (17.5%),532 (22.2%),"1,079 (24.2%)","1,148 (16.8%)","8,034 (21.3%)",554 (21.6%),297 (16.7%),"1,211 (24.4%)",,,"1,442 (19.5%)",506 (15.6%),726 (41.2%),441 (22.1%),514 (16.6%),568 (23.7%),985 (20.9%),"1,088 (15.2%)","8,332 (20.3%)",601 (21.6%),"1,260 (17.4%)","1,203 (22.4%)",,539 (17.4%),"1,768 (19.7%)",449 (14.0%),628 (35.5%),495 (23.7%),487 (14.7%),576 (22.9%),"1,014 (19.5%)","1,184 (15.7%)","10,204 (19.2%)",627 (21.2%),"1,546 (19.8%)","1,252 (22.9%)",,469 (15.3%),"1,887 (19.9%)",525 (14.8%),713 (35.5%),559 (24.0%),432 (12.2%),703 (27.6%),"1,077 (20.3%)","1,447 (18.2%)","11,237 (20.0%)",654 (21.8%),"2,159 (15.3%)","1,195 (22.0%)",,,"2,007 (19.9%)",281 (7.7%),460 (18.8%),375 (22.2%),,650 (23.3%),"1,191 (21.4%)","1,305 (17.6%)","10,277 (18.3%)",102 (20.7%),529 (14.1%),478 (19.2%),,,,,,,,78 (22.9%),15 (1.9%),,"1,202 (15.3%)"
  Diabetes With Complications,"2,788 (18.7%)","8,383 (24.1%)","10,158 (23.1%)","2,277 (8.4%)","1,416 (23.0%)","11,823 (20.3%)","3,949 (12.7%)","3,995 (26.3%)",,"3,744 (19.7%)","4,218 (15.5%)","10,284 (18.1%)","11,265 (18.9%)","74,300 (18.8%)",,,,,,,,,,,,74 (8.9%),,74 (8.9%),,,,,,,,,,,31 (3.9%),99 (6.4%),,130 (5.6%),,,,,,,,,,,48 (3.4%),120 (6.3%),,168 (5.1%),,,,,,,,,,,92 (6.4%),223 (8.2%),,315 (7.6%),,,,,,,,,,,78 (5.1%),278 (8.4%),,356 (7.4%),,,,,,,174 (6.7%),,,,191 (11.7%),537 (14.8%),,902 (11.5%),,,389 (20.4%),,,,252 (10.0%),,,,271 (15.8%),826 (20.6%),471 (15.5%),"2,209 (16.8%)",,,910 (22.2%),,,739 (17.2%),277 (10.0%),407 (25.6%),,304 (18.5%),321 (17.9%),827 (19.7%),"1,062 (16.1%)","4,847 (18.0%)",,,972 (22.2%),,,935 (17.6%),451 (14.5%),459 (27.5%),,375 (18.3%),368 (18.4%),849 (19.9%),"1,051 (15.7%)","5,460 (18.5%)",100 (17.1%),,"1,126 (23.4%)",,,"1,159 (19.6%)",468 (14.9%),539 (30.0%),,491 (20.7%),363 (18.6%),925 (20.8%),"1,142 (17.7%)","6,313 (20.1%)",413 (16.1%),,"1,176 (23.3%)",,,"1,276 (18.8%)",457 (13.8%),481 (29.5%),,598 (20.0%),423 (17.6%),904 (20.3%),"1,200 (17.6%)","6,928 (19.2%)",445 (17.3%),415 (23.3%),"1,139 (23.0%)",,,"1,539 (20.8%)",474 (14.6%),523 (29.7%),,644 (20.8%),404 (16.9%),999 (21.2%),"1,309 (18.3%)","7,891 (20.2%)",511 (18.4%),"1,895 (26.2%)","1,222 (22.7%)",,712 (23.0%),"1,887 (21.0%)",464 (14.5%),509 (28.8%),,617 (18.7%),471 (18.7%),"1,094 (21.0%)","1,444 (19.1%)","10,826 (21.2%)",581 (19.7%),"2,077 (26.6%)","1,253 (22.9%)",,704 (23.0%),"2,069 (21.8%)",550 (15.5%),577 (28.7%),,715 (20.1%),557 (21.9%),"1,214 (22.8%)","1,905 (23.9%)","12,202 (22.7%)",653 (21.8%),"3,231 (22.8%)","1,364 (25.1%)",,,"2,219 (22.0%)",382 (10.5%),500 (20.4%),,,560 (20.1%),"1,306 (23.5%)","1,681 (22.6%)","11,896 (21.8%)",85 (17.3%),765 (20.4%),607 (24.4%),,,,,,,,40 (11.8%),<10,,"1,497 (21.2%)"
  Cerebrovascular Disease,"2,750 (18.4%)","5,831 (16.8%)","6,453 (14.7%)","1,856 (6.9%)",754 (12.3%),"12,700 (21.8%)","4,669 (15.0%)","4,644 (30.6%)","7,191 (45.2%)","3,591 (18.9%)","7,504 (27.6%)","8,937 (15.7%)","9,479 (15.9%)","76,359 (18.6%)",,,,,,,,,,,,102 (12.3%),,102 (12.3%),,,,,,,,,,,237 (30.2%),207 (13.3%),,444 (19.0%),,,,,,,,,,,417 (29.8%),266 (13.9%),,683 (20.6%),,,,,,,,,,,383 (26.7%),393 (14.5%),,776 (18.7%),,,,,,,,,<10,,428 (27.9%),561 (17.0%),,989 (20.5%),,,,,,,393 (15.2%),,59 (59.6%),,416 (25.4%),535 (14.8%),,"1,403 (17.7%)",,,235 (12.3%),,,,377 (15.0%),,615 (44.1%),,459 (26.7%),627 (15.7%),492 (16.2%),"2,805 (19.2%)",,,586 (14.3%),,,764 (17.7%),422 (15.2%),416 (26.2%),665 (45.3%),212 (12.9%),497 (27.8%),637 (15.1%),981 (14.9%),"5,180 (18.2%)",,,599 (13.7%),,,"1,047 (19.7%)",502 (16.1%),380 (22.7%),715 (46.4%),320 (15.6%),506 (25.3%),660 (15.5%),"1,000 (14.9%)","5,729 (18.5%)",107 (18.3%),,691 (14.4%),,,"1,094 (18.5%)",495 (15.7%),666 (37.1%),745 (49.3%),360 (15.1%),536 (27.5%),718 (16.2%),949 (14.7%),"6,361 (19.3%)",469 (18.3%),,725 (14.4%),,,"1,470 (21.6%)",512 (15.5%),620 (38.0%),838 (47.0%),570 (19.1%),699 (29.1%),622 (14.0%),"1,052 (15.4%)","7,577 (20.1%)",457 (17.8%),328 (18.4%),703 (14.2%),,,"1,741 (23.5%)",524 (16.1%),706 (40.0%),925 (46.4%),627 (20.2%),637 (26.6%),793 (16.9%),"1,171 (16.4%)","8,612 (21.0%)",551 (19.8%),"1,339 (18.5%)",839 (15.6%),,380 (12.3%),"2,027 (22.5%)",538 (16.8%),615 (34.7%),904 (43.3%),707 (21.4%),735 (29.2%),912 (17.5%),"1,223 (16.2%)","10,770 (20.3%)",557 (18.8%),"1,506 (19.3%)",835 (15.2%),,374 (12.2%),"2,227 (23.4%)",586 (16.5%),695 (34.6%),979 (42.1%),795 (22.4%),713 (28.0%),931 (17.5%),"1,391 (17.5%)","11,589 (20.7%)",521 (17.4%),"2,176 (15.4%)",886 (16.3%),,,"2,330 (23.1%)",320 (8.8%),546 (22.3%),745 (44.0%),,777 (27.8%),962 (17.3%),"1,220 (16.4%)","10,483 (18.6%)",88 (17.9%),482 (12.9%),354 (14.2%),,,,,,,,64 (18.8%),11 (1.4%),,999 (12.7%)
  Diabetes Uncomplicated,"2,296 (15.4%)","5,098 (14.7%)","6,624 (15.1%)","2,368 (8.8%)",728 (11.8%),"8,367 (14.3%)","4,521 (14.5%)","1,724 (11.4%)","5,461 (34.3%)","2,651 (13.9%)","4,773 (17.5%)","9,066 (15.9%)","8,991 (15.1%)","62,668 (15.3%)",,,,,,,,,,,,215 (25.9%),,215 (25.9%),,,,,,,,,,,191 (24.3%),408 (26.3%),,599 (25.6%),,,,,,,,,,,341 (24.4%),504 (26.3%),,845 (25.5%),,,,,,,,,,,334 (23.3%),693 (25.6%),,"1,027 (24.8%)",,,,,,,,,<10,,367 (24.0%),841 (25.6%),,"1,208 (25.0%)",,,,,,,525 (20.3%),,36 (36.4%),,356 (21.7%),689 (19.0%),,"1,606 (20.2%)",,,298 (15.6%),,,,433 (17.3%),,489 (35.0%),,280 (16.3%),556 (13.9%),495 (16.3%),"2,551 (17.5%)",,,602 (14.7%),,,560 (13.0%),448 (16.1%),180 (11.3%),493 (33.6%),229 (14.0%),252 (14.1%),556 (13.2%),"1,050 (16.0%)","4,370 (15.4%)",,,661 (15.1%),,,694 (13.1%),456 (14.6%),185 (11.1%),489 (31.7%),299 (14.6%),313 (15.7%),555 (13.0%),"1,038 (15.5%)","4,690 (15.1%)",89 (15.2%),,833 (17.3%),,,945 (16.0%),437 (13.9%),251 (14.0%),530 (35.1%),306 (12.9%),321 (16.5%),586 (13.2%),"1,013 (15.7%)","5,311 (16.1%)",431 (16.8%),,763 (15.1%),,,"1,001 (14.7%)",450 (13.6%),207 (12.7%),602 (33.8%),416 (13.9%),386 (16.1%),667 (15.0%),"1,145 (16.8%)","6,068 (16.1%)",365 (14.2%),267 (15.0%),738 (14.9%),,,"1,072 (14.5%)",438 (13.5%),210 (11.9%),656 (32.9%),418 (13.5%),386 (16.1%),658 (14.0%),"1,047 (14.7%)","6,255 (15.2%)",406 (14.6%),"1,148 (15.9%)",783 (14.6%),,385 (12.4%),"1,283 (14.3%)",428 (13.4%),232 (13.1%),740 (35.4%),465 (14.1%),383 (15.2%),759 (14.6%),"1,125 (14.9%)","8,137 (15.3%)",467 (15.8%),"1,145 (14.6%)",838 (15.3%),,343 (11.2%),"1,356 (14.3%)",487 (13.7%),256 (12.7%),830 (35.7%),518 (14.6%),386 (15.2%),662 (12.5%),"1,066 (13.4%)","8,354 (14.9%)",469 (15.7%),"1,992 (14.1%)",815 (15.0%),,,"1,456 (14.4%)",419 (11.5%),203 (8.3%),595 (35.1%),,426 (15.3%),712 (12.8%),"1,012 (13.6%)","8,099 (14.4%)",69 (14.0%),546 (14.6%),293 (11.8%),,,,,,,,51 (15.0%),<10,,959 (13.6%)
  Cancer,"1,918 (12.8%)","3,050 (8.8%)","4,444 (10.1%)","1,145 (4.2%)",574 (9.3%),"7,749 (13.3%)","3,842 (12.4%)","1,940 (12.8%)",320 (2.0%),"1,672 (8.8%)","3,742 (13.7%)","5,543 (9.7%)","5,815 (9.7%)","41,754 (10.2%)",,,,,,,,,,,,109 (13.1%),,109 (13.1%),,,,,,,,,,,121 (15.4%),163 (10.5%),,284 (12.1%),,,,,,,,,,,201 (14.4%),228 (11.9%),,429 (12.9%),,,,,,,,,,,193 (13.4%),278 (10.3%),,471 (11.4%),,,,,,,,,,,228 (14.9%),337 (10.2%),,565 (11.7%),,,,,,,318 (12.3%),,<10,,225 (13.7%),330 (9.1%),,873 (11.1%),,,167 (8.8%),,,,312 (12.4%),,24 (1.7%),,248 (14.4%),394 (9.8%),341 (11.2%),"1,486 (10.2%)",,,436 (10.6%),,,541 (12.6%),355 (12.8%),221 (13.9%),31 (2.1%),201 (12.3%),246 (13.7%),400 (9.5%),660 (10.0%),"3,091 (10.9%)",,,500 (11.4%),,,682 (12.8%),401 (12.9%),249 (14.9%),24 (1.6%),187 (9.1%),278 (13.9%),390 (9.2%),713 (10.6%),"3,424 (11.0%)",74 (12.7%),,509 (10.6%),,,808 (13.7%),440 (14.0%),179 (10.0%),31 (2.1%),215 (9.0%),249 (12.8%),449 (10.1%),632 (9.8%),"3,586 (10.9%)",302 (11.8%),,476 (9.4%),,,837 (12.3%),418 (12.7%),233 (14.3%),41 (2.3%),256 (8.6%),321 (13.4%),427 (9.6%),638 (9.3%),"3,949 (10.5%)",334 (13.0%),160 (9.0%),489 (9.9%),,,"1,015 (13.7%)",391 (12.0%),259 (14.7%),59 (3.0%),242 (7.8%),320 (13.4%),482 (10.2%),706 (9.9%),"4,457 (10.9%)",377 (13.6%),612 (8.5%),530 (9.9%),,264 (8.5%),"1,211 (13.5%)",389 (12.2%),254 (14.4%),45 (2.2%),282 (8.5%),346 (13.7%),479 (9.2%),680 (9.0%),"5,469 (10.3%)",391 (13.2%),652 (8.3%),528 (9.6%),,310 (10.1%),"1,305 (13.7%)",414 (11.6%),283 (14.1%),32 (1.4%),289 (8.1%),342 (13.4%),509 (9.6%),754 (9.5%),"5,809 (10.4%)",377 (12.6%),"1,307 (9.2%)",575 (10.6%),,,"1,350 (13.4%)",404 (11.1%),262 (10.7%),29 (1.7%),,390 (14.0%),563 (10.1%),691 (9.3%),"5,948 (10.6%)",63 (12.8%),319 (8.5%),234 (9.4%),,,,,,,,34 (10.0%),<10,,650 (9.2%)
  Mild Liver Disease,"1,346 (9.0%)","2,612 (7.5%)","3,725 (8.5%)",843 (3.1%),478 (7.8%),"4,337 (7.4%)","2,144 (6.9%)","1,751 (11.5%)",740 (4.7%),"1,155 (6.1%)","2,602 (9.6%)","4,584 (8.1%)","4,313 (7.2%)","30,630 (7.5%)",,,,,,,,,,,,96 (11.6%),,96 (11.6%),,,,,,,,,,,100 (12.7%),165 (10.6%),,265 (11.3%),,,,,,,,,,,193 (13.8%),215 (11.2%),,408 (12.3%),,,,,,,,,,,167 (11.6%),294 (10.8%),,461 (11.1%),,,,,,,,,,,140 (9.1%),297 (9.0%),,437 (9.1%),,,,,,,180 (7.0%),,<10,,136 (8.3%),179 (4.9%),,495 (6.3%),,,156 (8.2%),,,,140 (5.6%),,58 (4.2%),,151 (8.8%),243 (6.1%),185 (6.1%),933 (6.4%),,,302 (7.4%),,,204 (4.7%),151 (5.4%),109 (6.9%),59 (4.0%),84 (5.1%),158 (8.8%),253 (6.0%),462 (7.0%),"1,782 (6.3%)",,,331 (7.6%),,,324 (6.1%),246 (7.9%),131 (7.8%),59 (3.8%),90 (4.4%),174 (8.7%),268 (6.3%),432 (6.4%),"2,055 (6.6%)",40 (6.8%),,402 (8.4%),,,410 (6.9%),251 (8.0%),198 (11.0%),81 (5.4%),160 (6.7%),174 (8.9%),337 (7.6%),428 (6.6%),"2,481 (7.5%)",204 (8.0%),,384 (7.6%),,,487 (7.2%),265 (8.0%),207 (12.7%),91 (5.1%),205 (6.9%),209 (8.7%),398 (8.9%),471 (6.9%),"2,921 (7.7%)",196 (7.6%),126 (7.1%),421 (8.5%),,,522 (7.0%),259 (8.0%),266 (15.1%),96 (4.8%),202 (6.5%),206 (8.6%),387 (8.2%),440 (6.2%),"3,121 (7.6%)",270 (9.7%),564 (7.8%),464 (8.6%),,247 (8.0%),746 (8.3%),252 (7.9%),289 (16.3%),99 (4.7%),190 (5.8%),228 (9.1%),436 (8.4%),590 (7.8%),"4,375 (8.2%)",300 (10.1%),662 (8.5%),517 (9.4%),,231 (7.5%),802 (8.4%),267 (7.5%),304 (15.1%),103 (4.4%),224 (6.3%),262 (10.3%),448 (8.4%),691 (8.7%),"4,811 (8.6%)",301 (10.1%),"1,017 (7.2%)",540 (9.9%),,,842 (8.3%),133 (3.6%),247 (10.1%),88 (5.2%),,279 (10.0%),567 (10.2%),614 (8.3%),"4,628 (8.2%)",35 (7.1%),243 (6.5%),208 (8.4%),,,,,,,,25 (7.4%),<10,,511 (7.2%)
  Metastatic Solid Tumor,"1,290 (8.6%)","2,394 (6.9%)","3,782 (8.6%)",743 (2.7%),382 (6.2%),"6,736 (11.5%)","2,404 (7.7%)","1,678 (11.1%)","5,542 (34.9%)","1,570 (8.3%)","2,767 (10.2%)","3,113 (5.5%)","4,357 (7.3%)","36,758 (9.0%)",,,,,,,,,,,,47 (5.7%),,47 (5.7%),,,,,,,,,,,55 (7.0%),91 (5.9%),,146 (6.2%),,,,,,,,,,,146 (10.5%),107 (5.6%),,253 (7.6%),,,,,,,,,,,128 (8.9%),141 (5.2%),,269 (6.5%),,,,,,,,,<10,,148 (9.7%),154 (4.7%),,302 (6.3%),,,,,,,206 (8.0%),,41 (41.4%),,124 (7.6%),165 (4.6%),,536 (6.8%),,,108 (5.7%),,,,236 (9.4%),,456 (32.7%),,133 (7.7%),222 (5.5%),195 (6.4%),"1,350 (9.3%)",,,298 (7.3%),,,379 (8.8%),239 (8.6%),174 (10.9%),493 (33.6%),127 (7.7%),172 (9.6%),212 (5.0%),506 (7.7%),"2,600 (9.1%)",,,386 (8.8%),,,461 (8.7%),309 (9.9%),165 (9.9%),541 (35.1%),211 (10.3%),188 (9.4%),243 (5.7%),530 (7.9%),"3,034 (9.8%)",50 (8.6%),,429 (8.9%),,,701 (11.8%),247 (7.9%),189 (10.5%),528 (34.9%),196 (8.2%),199 (10.2%),239 (5.4%),501 (7.8%),"3,279 (9.9%)",194 (7.6%),,443 (8.8%),,,824 (12.1%),236 (7.1%),182 (11.2%),622 (34.9%),228 (7.6%),241 (10.0%),228 (5.1%),483 (7.1%),"3,681 (9.7%)",229 (8.9%),106 (6.0%),399 (8.0%),,,919 (12.4%),239 (7.4%),252 (14.3%),716 (35.9%),259 (8.4%),268 (11.2%),277 (5.9%),488 (6.8%),"4,152 (10.1%)",252 (9.1%),520 (7.2%),504 (9.4%),,198 (6.4%),"1,114 (12.4%)",240 (7.5%),231 (13.1%),748 (35.8%),265 (8.0%),273 (10.8%),333 (6.4%),544 (7.2%),"5,222 (9.8%)",263 (8.9%),588 (7.5%),522 (9.5%),,184 (6.0%),"1,151 (12.1%)",282 (7.9%),290 (14.4%),801 (34.4%),284 (8.0%),303 (11.9%),347 (6.5%),558 (7.0%),"5,573 (9.9%)",259 (8.6%),948 (6.7%),475 (8.7%),,,"1,187 (11.8%)",170 (4.7%),195 (8.0%),592 (35.0%),,366 (13.1%),305 (5.5%),552 (7.4%),"5,049 (9.0%)",43 (8.7%),232 (6.2%),218 (8.8%),,,,,,,,23 (6.8%),<10,,516 (7.3%)
  Dementia,934 (6.3%),"2,121 (6.1%)",431 (1.0%),734 (2.7%),171 (2.8%),"2,940 (5.0%)",829 (2.7%),731 (4.8%),"1,583 (10.0%)",970 (5.1%),"1,219 (4.5%)","2,431 (4.3%)","2,492 (4.2%)","17,586 (4.3%)",,,,,,,,,,,,14 (1.7%),,14 (1.7%),,,,,,,,,,,30 (3.8%),62 (4.0%),,92 (3.9%),,,,,,,,,,,51 (3.7%),72 (3.8%),,123 (3.7%),,,,,,,,,,,58 (4.0%),112 (4.1%),,170 (4.1%),,,,,,,,,<10,,58 (3.8%),152 (4.6%),,210 (4.4%),,,,,,,48 (1.9%),,10 (10.1%),,90 (5.5%),155 (4.3%),,303 (3.8%),,,17 (0.9%),,,,54 (2.2%),,129 (9.2%),,79 (4.6%),194 (4.8%),99 (3.3%),572 (3.9%),,,28 (0.7%),,,166 (3.9%),67 (2.4%),77 (4.8%),143 (9.7%),73 (4.5%),94 (5.3%),188 (4.5%),247 (3.8%),"1,083 (3.8%)",,,38 (0.9%),,,250 (4.7%),87 (2.8%),93 (5.6%),128 (8.3%),96 (4.7%),88 (4.4%),219 (5.1%),248 (3.7%),"1,247 (4.0%)",33 (5.7%),,63 (1.3%),,,321 (5.4%),93 (3.0%),84 (4.7%),138 (9.1%),133 (5.6%),101 (5.2%),209 (4.7%),295 (4.6%),"1,470 (4.5%)",154 (6.0%),,47 (0.9%),,,301 (4.4%),107 (3.2%),80 (4.9%),207 (11.6%),179 (6.0%),127 (5.3%),163 (3.7%),267 (3.9%),"1,632 (4.3%)",183 (7.1%),124 (7.0%),43 (0.9%),,,358 (4.8%),92 (2.8%),100 (5.7%),230 (11.5%),151 (4.9%),107 (4.5%),181 (3.8%),263 (3.7%),"1,832 (4.5%)",167 (6.0%),475 (6.6%),49 (0.9%),,83 (2.7%),489 (5.4%),104 (3.3%),108 (6.1%),210 (10.1%),149 (4.5%),107 (4.2%),197 (3.8%),316 (4.2%),"2,454 (4.6%)",180 (6.1%),532 (6.8%),53 (1.0%),,88 (2.9%),487 (5.1%),121 (3.4%),95 (4.7%),222 (9.5%),189 (5.3%),98 (3.9%),235 (4.4%),399 (5.0%),"2,699 (4.8%)",183 (6.1%),775 (5.5%),60 (1.1%),,,568 (5.6%),56 (1.5%),94 (3.8%),165 (9.7%),,117 (4.2%),275 (4.9%),358 (4.8%),"2,651 (4.7%)",34 (6.9%),215 (5.7%),33 (1.3%),,,,,,,,14 (4.1%),<10,,296 (4.2%)
  Moderate Severe Liver Disease,884 (5.9%),"1,728 (5.0%)","2,795 (6.4%)","1,021 (3.8%)",460 (7.5%),"3,307 (5.7%)","1,731 (5.6%)","1,432 (9.4%)",139 (0.9%),"1,363 (7.2%)","2,851 (10.5%)","3,650 (6.4%)","2,865 (4.8%)","24,226 (5.9%)",,,,,,,,,,,,89 (10.7%),,89 (10.7%),,,,,,,,,,,81 (10.3%),113 (7.3%),,194 (8.3%),,,,,,,,,,,100 (7.2%),150 (7.8%),,250 (7.5%),,,,,,,,,,,123 (8.6%),192 (7.1%),,315 (7.6%),,,,,,,,,,,109 (7.1%),198 (6.0%),,307 (6.4%),,,,,,,101 (3.9%),,,,168 (10.3%),233 (6.4%),,502 (6.4%),,,157 (8.2%),,,,129 (5.1%),,11 (0.8%),,212 (12.3%),233 (5.8%),133 (4.4%),875 (6.0%),,,264 (6.4%),,,251 (5.8%),135 (4.9%),127 (8.0%),18 (1.2%),116 (7.1%),209 (11.7%),264 (6.3%),290 (4.4%),"1,674 (5.9%)",,,326 (7.4%),,,296 (5.6%),206 (6.6%),164 (9.8%),15 (1.0%),150 (7.3%),223 (11.2%),242 (5.7%),304 (4.5%),"1,926 (6.2%)",32 (5.5%),,331 (6.9%),,,364 (6.2%),222 (7.1%),166 (9.2%),12 (0.8%),177 (7.4%),231 (11.9%),299 (6.7%),291 (4.5%),"2,125 (6.4%)",145 (5.7%),,335 (6.6%),,,404 (5.9%),201 (6.1%),174 (10.7%),11 (0.6%),220 (7.4%),259 (10.8%),305 (6.9%),274 (4.0%),"2,328 (6.2%)",144 (5.6%),99 (5.6%),292 (5.9%),,,390 (5.3%),180 (5.5%),222 (12.6%),21 (1.1%),211 (6.8%),243 (10.1%),321 (6.8%),329 (4.6%),"2,452 (6.0%)",173 (6.2%),411 (5.7%),319 (5.9%),,223 (7.2%),510 (5.7%),188 (5.9%),189 (10.7%),11 (0.5%),250 (7.6%),280 (11.1%),330 (6.3%),365 (4.8%),"3,249 (6.1%)",186 (6.3%),468 (6.0%),300 (5.5%),,237 (7.7%),527 (5.5%),230 (6.5%),222 (11.1%),19 (0.8%),239 (6.7%),283 (11.1%),340 (6.4%),457 (5.7%),"3,508 (6.3%)",176 (5.9%),608 (4.3%),331 (6.1%),,,565 (5.6%),139 (3.8%),168 (6.9%),21 (1.2%),,302 (10.8%),339 (6.1%),422 (5.7%),"3,071 (5.5%)",28 (5.7%),142 (3.8%),140 (5.6%),,,,,,,,28 (8.2%),<10,,338 (4.8%)
  Hemiplegia,837 (5.6%),"1,610 (4.6%)","2,665 (6.1%)",662 (2.4%),372 (6.0%),"4,314 (7.4%)","1,923 (6.2%)","1,199 (7.9%)",,"1,696 (8.9%)","2,732 (10.0%)","2,519 (4.4%)","2,948 (4.9%)","23,477 (6.0%)",,,,,,,,,,,,35 (4.2%),,35 (4.2%),,,,,,,,,,,63 (8.0%),66 (4.2%),,129 (5.5%),,,,,,,,,,,128 (9.2%),73 (3.8%),,201 (6.1%),,,,,,,,,,,113 (7.9%),158 (5.8%),,271 (6.5%),,,,,,,,,,,173 (11.3%),142 (4.3%),,315 (6.5%),,,,,,,149 (5.8%),,,,181 (11.1%),151 (4.2%),,481 (6.1%),,,97 (5.1%),,,,139 (5.5%),,,,169 (9.8%),196 (4.9%),159 (5.2%),760 (5.8%),,,248 (6.0%),,,321 (7.4%),171 (6.1%),144 (9.1%),,84 (5.1%),185 (10.3%),179 (4.3%),344 (5.2%),"1,676 (6.2%)",,,250 (5.7%),,,439 (8.3%),256 (8.2%),165 (9.9%),,132 (6.5%),194 (9.7%),199 (4.7%),347 (5.2%),"1,982 (6.7%)",42 (7.2%),,312 (6.5%),,,386 (6.5%),238 (7.6%),160 (8.9%),,180 (7.6%),201 (10.3%),184 (4.1%),343 (5.3%),"2,046 (6.5%)",151 (5.9%),,319 (6.3%),,,531 (7.8%),215 (6.5%),140 (8.6%),,263 (8.8%),248 (10.3%),157 (3.5%),326 (4.8%),"2,350 (6.5%)",142 (5.5%),93 (5.2%),309 (6.2%),,,610 (8.2%),193 (5.9%),147 (8.3%),,276 (8.9%),254 (10.6%),202 (4.3%),310 (4.3%),"2,536 (6.5%)",172 (6.2%),369 (5.1%),331 (6.2%),,189 (6.1%),625 (6.9%),199 (6.2%),171 (9.7%),,376 (11.4%),247 (9.8%),255 (4.9%),364 (4.8%),"3,298 (6.5%)",154 (5.2%),409 (5.2%),328 (6.0%),,183 (6.0%),702 (7.4%),238 (6.7%),163 (8.1%),,385 (10.8%),296 (11.6%),267 (5.0%),395 (5.0%),"3,520 (6.5%)",149 (5.0%),608 (4.3%),343 (6.3%),,,700 (6.9%),125 (3.4%),109 (4.4%),,,264 (9.5%),255 (4.6%),360 (4.8%),"2,913 (5.3%)",27 (5.5%),131 (3.5%),128 (5.1%),,,,,,,,16 (4.7%),,,302 (4.3%)
  Peptic Ulcer Disease,702 (4.7%),943 (2.7%),"1,570 (3.6%)",456 (1.7%),168 (2.7%),"2,535 (4.3%)",715 (2.3%),675 (4.5%),435 (2.7%),723 (3.8%),"1,061 (3.9%)","1,785 (3.1%)","1,557 (2.6%)","13,325 (3.2%)",,,,,,,,,,,,28 (3.4%),,28 (3.4%),,,,,,,,,,,27 (3.4%),67 (4.3%),,94 (4.0%),,,,,,,,,,,40 (2.9%),54 (2.8%),,94 (2.8%),,,,,,,,,,,45 (3.1%),96 (3.5%),,141 (3.4%),,,,,,,,,,,47 (3.1%),115 (3.5%),,162 (3.4%),,,,,,,56 (2.2%),,<10,,67 (4.1%),99 (2.7%),,222 (2.8%),,,91 (4.8%),,,,58 (2.3%),,34 (2.4%),,80 (4.7%),99 (2.5%),72 (2.4%),434 (3.0%),,,171 (4.2%),,,137 (3.2%),60 (2.2%),68 (4.3%),49 (3.3%),51 (3.1%),78 (4.4%),116 (2.8%),161 (2.4%),891 (3.1%),,,168 (3.8%),,,178 (3.3%),88 (2.8%),92 (5.5%),48 (3.1%),76 (3.7%),86 (4.3%),126 (3.0%),179 (2.7%),"1,041 (3.4%)",24 (4.1%),,173 (3.6%),,,269 (4.5%),94 (3.0%),92 (5.1%),42 (2.8%),91 (3.8%),84 (4.3%),168 (3.8%),169 (2.6%),"1,206 (3.7%)",117 (4.6%),,166 (3.3%),,,301 (4.4%),80 (2.4%),69 (4.2%),60 (3.4%),125 (4.2%),97 (4.0%),148 (3.3%),177 (2.6%),"1,340 (3.5%)",142 (5.5%),39 (2.2%),165 (3.3%),,,323 (4.4%),85 (2.6%),104 (5.9%),59 (3.0%),134 (4.3%),67 (2.8%),159 (3.4%),172 (2.4%),"1,449 (3.5%)",116 (4.2%),229 (3.2%),190 (3.5%),,85 (2.7%),433 (4.8%),72 (2.3%),83 (4.7%),47 (2.3%),125 (3.8%),101 (4.0%),158 (3.0%),198 (2.6%),"1,837 (3.5%)",144 (4.9%),250 (3.2%),192 (3.5%),,83 (2.7%),450 (4.7%),84 (2.4%),101 (5.0%),51 (2.2%),121 (3.4%),107 (4.2%),175 (3.3%),210 (2.6%),"1,968 (3.5%)",137 (4.6%),356 (2.5%),190 (3.5%),,,444 (4.4%),38 (1.0%),66 (2.7%),40 (2.4%),,121 (4.3%),177 (3.2%),219 (2.9%),"1,788 (3.2%)",22 (4.5%),69 (1.8%),64 (2.6%),,,,,,,,14 (4.1%),,,169 (2.4%)
  Connective Tissue Disease,626 (4.2%),"1,392 (4.0%)","1,699 (3.9%)",475 (1.8%),315 (5.1%),"2,721 (4.7%)",904 (2.9%),659 (4.3%),151 (0.9%),576 (3.0%),"1,209 (4.4%)","2,366 (4.2%)","2,202 (3.7%)","15,295 (3.7%)",,,,,,,,,,,,31 (3.7%),,31 (3.7%),,,,,,,,,,,26 (3.3%),65 (4.2%),,91 (3.9%),,,,,,,,,,,49 (3.5%),81 (4.2%),,130 (3.9%),,,,,,,,,,,50 (3.5%),117 (4.3%),,167 (4.0%),,,,,,,,,,,52 (3.4%),147 (4.5%),,199 (4.1%),,,,,,,67 (2.6%),,<10,,72 (4.4%),150 (4.1%),,289 (3.7%),,,93 (4.9%),,,,64 (2.5%),,<10,,64 (3.7%),172 (4.3%),115 (3.8%),508 (3.9%),,,156 (3.8%),,,171 (4.0%),78 (2.8%),79 (5.0%),20 (1.4%),56 (3.4%),68 (3.8%),169 (4.0%),247 (3.8%),"1,044 (3.7%)",,,166 (3.8%),,,239 (4.5%),99 (3.2%),63 (3.8%),23 (1.5%),58 (2.8%),89 (4.5%),204 (4.8%),224 (3.3%),"1,165 (3.8%)",20 (3.4%),,166 (3.5%),,,267 (4.5%),97 (3.1%),72 (4.0%),15 (1.0%),78 (3.3%),89 (4.6%),189 (4.3%),237 (3.7%),"1,230 (3.7%)",104 (4.1%),,191 (3.8%),,,301 (4.4%),110 (3.3%),92 (5.6%),16 (0.9%),89 (3.0%),114 (4.8%),205 (4.6%),229 (3.4%),"1,451 (3.8%)",115 (4.5%),76 (4.3%),200 (4.0%),,,380 (5.1%),103 (3.2%),78 (4.4%),17 (0.9%),97 (3.1%),118 (4.9%),201 (4.3%),253 (3.5%),"1,638 (4.0%)",105 (3.8%),268 (3.7%),214 (4.0%),,169 (5.5%),432 (4.8%),118 (3.7%),92 (5.2%),24 (1.1%),100 (3.0%),145 (5.8%),213 (4.1%),269 (3.6%),"2,149 (4.0%)",146 (4.9%),280 (3.6%),217 (4.0%),,146 (4.8%),438 (4.6%),99 (2.8%),103 (5.1%),<10,98 (2.8%),135 (5.3%),203 (3.8%),337 (4.2%),"2,202 (4.1%)",121 (4.0%),607 (4.3%),190 (3.5%),,,493 (4.9%),69 (1.9%),80 (3.3%),17 (1.0%),,129 (4.6%),218 (3.9%),291 (3.9%),"2,215 (3.9%)",15 (3.0%),161 (4.3%),106 (4.3%),,,,,,,,<10,<10,,282 (4.2%)
  Aids,178 (1.2%),416 (1.2%),,79 (0.3%),22 (0.4%),185 (0.3%),123 (0.4%),141 (0.9%),"1,989 (12.5%)",141 (0.7%),496 (1.8%),122 (0.2%),319 (0.5%),"4,211 (1.1%)",,,,,,,,,,,,<10,,,,,,,,,,,,,16 (2.0%),<10,,16 (2.0%),,,,,,,,,,,31 (2.2%),<10,,31 (2.2%),,,,,,,,,,,31 (2.2%),<10,,31 (2.2%),,,,,,,,,<10,,35 (2.3%),13 (0.4%),,48 (1.0%),,,,,,,<10,,20 (20.2%),,41 (2.5%),<10,,61 (3.5%),,,,,,,<10,,131 (9.4%),,26 (1.5%),12 (0.3%),20 (0.7%),189 (1.9%),,,,,,15 (0.3%),12 (0.4%),13 (0.8%),129 (8.8%),12 (0.7%),23 (1.3%),17 (0.4%),33 (0.5%),254 (1.0%),,,,,,22 (0.4%),18 (0.6%),23 (1.4%),158 (10.2%),15 (0.7%),29 (1.5%),<10,26 (0.4%),291 (1.3%),<10,,,,,22 (0.4%),10 (0.3%),24 (1.3%),186 (12.3%),19 (0.8%),30 (1.5%),<10,26 (0.4%),317 (1.4%),34 (1.3%),,,,,19 (0.3%),<10,21 (1.3%),220 (12.3%),21 (0.7%),41 (1.7%),14 (0.3%),37 (0.5%),407 (1.4%),33 (1.3%),26 (1.5%),,,,29 (0.4%),17 (0.5%),20 (1.1%),261 (13.1%),24 (0.8%),47 (2.0%),<10,40 (0.6%),497 (1.6%),28 (1.0%),96 (1.3%),,,10 (0.3%),20 (0.2%),16 (0.5%),15 (0.8%),257 (12.3%),21 (0.6%),45 (1.8%),<10,33 (0.4%),541 (1.2%),35 (1.2%),110 (1.4%),,,12 (0.4%),31 (0.3%),13 (0.4%),10 (0.5%),371 (15.9%),29 (0.8%),48 (1.9%),10 (0.2%),53 (0.7%),722 (1.4%),38 (1.3%),147 (1.0%),,,,27 (0.3%),11 (0.3%),15 (0.6%),255 (15.1%),,47 (1.7%),<10,51 (0.7%),591 (1.3%),<10,37 (1.0%),,,,,,,,,<10,,,
SOFA Scores,,,,,,,,,,,,,,,,,,,,,,,,,,,,,,,,,,,,,,,,,,,,,,,,,,,,,,,,,,,,,,,,,,,,,,,,,,,,,,,,,,,,,,,,,,,,,,,,,,,,,,,,,,,,,,,,,,,,,,,,,,,,,,,,,,,,,,,,,,,,,,,,,,,,,,,,,,,,,,,,,,,,,,,,,,,,,,,,,,,,,,,,,,,,,,,,,,,,,,,,,,,,,,,,,,,,,,,,,,,,,,,,,,,,,,,,,,,,,,
"  Total SOFA score, median [Q1, Q3]","8.0 [5.0, 11.0]","7.0 [4.0, 10.0]","8.0 [5.0, 11.0]","6.0 [4.0, 9.0]","10.0 [7.0, 12.0]","6.0 [3.0, 10.0]","5.0 [2.0, 8.0]","5.0 [3.0, 9.0]","6.0 [4.0, 8.0]","7.0 [3.0, 11.0]","8.0 [5.0, 11.0]","6.0 [3.0, 10.0]","5.0 [3.0, 8.0]","6.4 [2, 12]",,,,,,,,,,,,"7.0 [4.0, 10.0]",,"7 [4, 10]",,,,,,,,,,,"8.0 [4.0, 11.0]","7.0 [4.0, 9.0]",,"7.3 [4, 11]",,,,,,,,,,,"8.0 [4.0, 11.0]","6.0 [4.0, 9.0]",,"6.8 [4, 11]",,,,,,,,,,,"8.0 [4.0, 12.0]","6.0 [2.0, 9.0]",,"6.7 [2, 12]",,,,,,,,,"0.5 [0.0, 4.0]",,"8.0 [4.0, 11.0]","6.0 [3.0, 8.0]",,"6.6 [0, 11]",,,,,,,"5.0 [2.0, 8.0]",,"6.0 [4.0, 9.0]",,"8.0 [4.0, 11.0]","6.0 [3.0, 9.0]",,"6.1 [2, 11]",,,"8.0 [5.0, 11.0]",,,,"5.0 [2.0, 8.0]",,"6.0 [4.0, 8.0]",,"8.0 [4.0, 11.0]","6.0 [3.0, 9.0]","5.0 [2.0, 8.0]","6.1 [2, 11]",,,"8.0 [5.0, 11.0]",,,"6.0 [2.0, 10.0]","5.0 [2.0, 8.0]","4.0 [2.0, 8.0]","6.0 [4.0, 8.0]","8.0 [4.0, 11.0]","8.0 [4.0, 11.0]","6.0 [3.0, 9.0]","5.0 [2.0, 8.0]","6.1 [2, 11]",,,"8.0 [5.0, 11.0]",,,"5.0 [2.0, 9.0]","5.0 [2.0, 8.0]","5.0 [2.0, 8.0]","6.0 [4.0, 8.0]","7.0 [3.0, 11.0]","8.0 [4.0, 11.0]","6.0 [3.0, 10.0]","5.0 [2.0, 8.0]","5.9 [2, 11]","8.0 [4.0, 11.0]",,"8.0 [5.0, 11.0]",,,"6.0 [3.0, 10.0]","6.0 [2.0, 9.0]","6.0 [3.0, 10.0]","6.0 [4.0, 8.0]","7.0 [3.0, 11.0]","8.0 [5.0, 11.0]","7.0 [3.0, 10.0]","5.0 [3.0, 8.0]","6.5 [2, 11]","8.0 [5.0, 11.0]",,"8.0 [5.0, 11.0]",,,"6.0 [2.0, 10.0]","6.0 [3.0, 9.0]","6.0 [3.0, 9.0]","6.0 [4.0, 8.0]","7.0 [3.0, 11.0]","8.0 [5.0, 10.0]","7.0 [3.0, 11.0]","5.0 [3.0, 8.0]","6.5 [2, 11]","8.0 [4.0, 11.0]","7.0 [4.0, 10.0]","8.0 [5.0, 11.0]",,,"6.0 [2.0, 10.0]","5.0 [2.0, 8.0]","6.0 [3.0, 9.0]","6.0 [4.0, 8.0]","7.0 [3.0, 11.0]","8.0 [5.0, 11.0]","7.0 [4.0, 10.0]","6.0 [3.0, 9.0]","6.6 [2, 11]","8.0 [5.0, 11.0]","7.0 [4.0, 10.0]","8.0 [5.0, 11.0]",,"10.0 [7.0, 12.0]","6.0 [3.0, 9.0]","5.0 [3.0, 8.0]","6.0 [3.0, 9.0]","6.0 [4.0, 8.0]","7.0 [4.0, 11.0]","8.0 [5.0, 11.0]","7.0 [3.0, 10.0]","6.0 [3.0, 8.0]","6.9 [3, 12]","8.0 [5.0, 11.0]","7.0 [4.0, 11.0]","8.0 [5.0, 11.0]",,"10.0 [7.0, 12.0]","6.0 [3.0, 10.0]","5.0 [3.0, 8.0]","6.0 [3.0, 9.0]","6.0 [4.0, 8.0]","7.0 [4.0, 10.0]","8.0 [5.0, 10.5]","7.0 [4.0, 10.0]","6.0 [3.0, 8.0]","6.8 [3, 12]","8.0 [5.0, 11.0]","6.0 [3.0, 9.0]","8.0 [5.0, 11.0]",,,"6.0 [3.0, 10.0]","4.0 [1.0, 6.0]","6.0 [3.0, 9.0]","6.0 [4.0, 8.0]",,"7.0 [5.0, 10.0]","7.0 [4.0, 10.0]","5.0 [3.0, 8.0]","6.2 [1, 11]","9.0 [5.0, 11.0]","6.0 [3.0, 8.0]","8.0 [5.0, 11.0]",,,,,"3.0 [0.0, 4.0]",,,"7.0 [5.0, 10.0]","6.0 [3.0, 8.0]",,"6.6 [0, 11]"
"    Respiratory, median [Q1, Q3]","0.0 [0.0, 2.0]","0.0 [0.0, 1.0]","0.0 [0.0, 2.0]","1.0 [0.0, 3.0]","1.0 [0.0, 2.0]","0.0 [0.0, 2.0]","0.0 [0.0, 0.0]","0.0 [0.0, 1.0]","0.0 [0.0, 2.0]","0.0 [0.0, 2.0]","0.0 [0.0, 2.0]","0.0 [0.0, 2.0]","0.0 [0.0, 0.0]","0.1 [0, 3]",,,,,,,,,,,,"1.0 [0.0, 3.0]",,"1 [0, 3]",,,,,,,,,,,"0.0 [0.0, 3.0]","2.0 [0.0, 3.0]",,"1.3 [0, 3]",,,,,,,,,,,"1.0 [0.0, 3.0]","2.0 [0.0, 3.0]",,"1.6 [0, 3]",,,,,,,,,,,"1.0 [0.0, 3.0]","0.0 [0.0, 2.0]",,"0.3 [0, 3]",,,,,,,,,"0.0 [0.0, 1.0]",,"1.0 [0.0, 3.0]","0.0 [0.0, 2.0]",,"0.3 [0, 3]",,,,,,,"0.0 [0.0, 0.0]",,"0.0 [0.0, 2.0]",,"0.0 [0.0, 2.0]","0.0 [0.0, 2.0]",,"0 [0, 2]",,,"0.0 [0.0, 3.0]",,,,"0.0 [0.0, 0.0]",,"0.0 [0.0, 2.0]",,"0.0 [0.0, 2.0]","0.0 [0.0, 2.0]","0.0 [0.0, 0.0]","0 [0, 3]",,,"0.0 [0.0, 2.0]",,,"0.0 [0.0, 2.0]","0.0 [0.0, 0.0]","0.0 [0.0, 1.0]","0.0 [0.0, 2.0]","0.0 [0.0, 2.0]","0.0 [0.0, 2.0]","0.0 [0.0, 2.0]","0.0 [0.0, 0.0]","0 [0, 2]",,,"0.0 [0.0, 2.0]",,,"0.0 [0.0, 2.0]","0.0 [0.0, 0.0]","0.0 [0.0, 1.0]","0.0 [0.0, 2.0]","0.0 [0.0, 2.0]","0.0 [0.0, 2.0]","0.0 [0.0, 2.0]","0.0 [0.0, 0.0]","0 [0, 2]","0.0 [0.0, 3.0]",,"0.0 [0.0, 2.0]",,,"0.0 [0.0, 2.0]","0.0 [0.0, 0.0]","0.0 [0.0, 2.0]","0.0 [0.0, 2.0]","0.0 [0.0, 2.0]","0.0 [0.0, 2.0]","0.0 [0.0, 2.0]","0.0 [0.0, 0.0]","0 [0, 3]","1.0 [0.0, 3.0]",,"0.0 [0.0, 2.0]",,,"0.0 [0.0, 2.0]","0.0 [0.0, 1.0]","0.0 [0.0, 1.0]","0.0 [0.0, 2.0]","0.0 [0.0, 2.0]","0.0 [0.0, 2.0]","0.0 [0.0, 3.0]","0.0 [0.0, 0.0]","0.1 [0, 3]","0.0 [0.0, 2.0]","0.0 [0.0, 2.0]","0.0 [0.0, 2.0]",,,"0.0 [0.0, 2.0]","0.0 [0.0, 0.0]","0.0 [0.0, 1.0]","1.0 [0.0, 2.0]","0.0 [0.0, 2.0]","0.0 [0.0, 2.0]","0.0 [0.0, 2.0]","0.0 [0.0, 0.0]","0.0 [0, 2]","0.0 [0.0, 2.0]","0.0 [0.0, 2.0]","0.0 [0.0, 2.0]",,"1.0 [0.0, 2.0]","0.0 [0.0, 2.0]","0.0 [0.0, 0.0]","0.0 [0.0, 1.0]","1.0 [0.0, 2.0]","0.0 [0.0, 2.0]","0.0 [0.0, 2.0]","0.0 [0.0, 2.0]","0.0 [0.0, 0.0]","0.1 [0, 2]","0.0 [0.0, 2.0]","0.0 [0.0, 2.0]","0.0 [0.0, 2.0]",,"1.0 [0.0, 2.0]","0.0 [0.0, 2.0]","0.0 [0.0, 0.0]","0.0 [0.0, 1.0]","1.0 [0.0, 2.0]","0.0 [0.0, 2.0]","0.0 [0.0, 2.0]","0.0 [0.0, 2.0]","0.0 [0.0, 0.0]","0.1 [0, 2]","0.0 [0.0, 2.0]","0.0 [0.0, 0.0]","0.0 [0.0, 2.0]",,,"0.0 [0.0, 2.0]","0.0 [0.0, 0.0]","0.0 [0.0, 1.0]","0.0 [0.0, 2.0]",,"0.0 [0.0, 2.0]","0.0 [0.0, 2.0]","0.0 [0.0, 0.0]","0 [0, 2]","0.0 [0.0, 2.0]","0.0 [0.0, 0.0]","0.0 [0.0, 2.0]",,,,,"0.0 [0.0, 0.0]",,,"0.0 [0.0, 1.0]","0.0 [0.0, 2.0]",,"0 [0, 2]"
"    Coagulation, median [Q1, Q3]","0.0 [0.0, 1.0]","0.0 [0.0, 1.0]","0.0 [0.0, 1.0]","0.0 [0.0, 1.0]","0.0 [0.0, 1.0]","0.0 [0.0, 1.0]","0.0 [0.0, 1.0]","0.0 [0.0, 1.0]","0.0 [0.0, 1.0]","0.0 [0.0, 1.0]","0.0 [0.0, 1.0]","0.0 [0.0, 1.0]","0.0 [0.0, 1.0]","0 [0, 1]",,,,,,,,,,,,"1.0 [0.0, 2.0]",,"1 [0, 2]",,,,,,,,,,,"0.0 [0.0, 2.0]","1.0 [0.0, 2.0]",,"0.7 [0, 2]",,,,,,,,,,,"0.0 [0.0, 2.0]","1.0 [0.0, 2.0]",,"0.6 [0, 2]",,,,,,,,,,,"0.0 [0.0, 2.0]","0.0 [0.0, 1.0]",,"0 [0, 2]",,,,,,,,,"0.0 [0.0, 0.2]",,"0.0 [0.0, 1.0]","0.0 [0.0, 1.0]",,"0 [0, 1]",,,,,,,"0.0 [0.0, 1.0]",,"1.0 [0.0, 2.0]",,"1.0 [0.0, 2.0]","0.0 [0.0, 1.0]",,"0.2 [0, 2]",,,"0.0 [0.0, 1.0]",,,,"0.0 [0.0, 1.0]",,"0.0 [0.0, 1.0]",,"1.0 [0.0, 2.0]","0.0 [0.0, 1.0]","0.0 [0.0, 1.0]","0.1 [0, 2]",,,"0.0 [0.0, 1.0]",,,"0.0 [0.0, 1.0]","0.0 [0.0, 1.0]","0.0 [0.0, 1.0]","0.0 [0.0, 1.0]","0.0 [0.0, 1.0]","0.0 [0.0, 2.0]","0.0 [0.0, 1.0]","0.0 [0.0, 1.0]","0 [0, 2]",,,"0.0 [0.0, 1.0]",,,"0.0 [0.0, 1.0]","0.0 [0.0, 1.0]","0.0 [0.0, 1.0]","0.0 [0.0, 1.0]","0.0 [0.0, 1.0]","1.0 [0.0, 2.0]","0.0 [0.0, 1.0]","0.0 [0.0, 1.0]","0.1 [0, 2]","0.0 [0.0, 1.0]",,"0.0 [0.0, 1.0]",,,"0.0 [0.0, 1.0]","0.0 [0.0, 1.0]","0.0 [0.0, 1.0]","0.0 [0.0, 1.0]","0.0 [0.0, 1.0]","1.0 [0.0, 2.0]","0.0 [0.0, 1.0]","0.0 [0.0, 1.0]","0.1 [0, 2]","0.0 [0.0, 1.0]",,"0.0 [0.0, 1.0]",,,"0.0 [0.0, 1.0]","0.0 [0.0, 1.0]","0.0 [0.0, 1.0]","0.0 [0.0, 1.0]","0.0 [0.0, 1.0]","0.0 [0.0, 1.0]","0.0 [0.0, 1.0]","0.0 [0.0, 1.0]","0 [0, 1]","0.0 [0.0, 1.0]","0.0 [0.0, 1.0]","0.0 [0.0, 1.0]",,,"0.0 [0.0, 1.0]","0.0 [0.0, 1.0]","0.0 [0.0, 1.0]","0.0 [0.0, 1.0]","0.0 [0.0, 1.0]","0.0 [0.0, 1.0]","0.0 [0.0, 1.0]","0.0 [0.0, 1.0]","0 [0, 1]","0.0 [0.0, 1.0]","0.0 [0.0, 1.0]","0.0 [0.0, 1.0]",,"0.0 [0.0, 1.0]","0.0 [0.0, 1.0]","0.0 [0.0, 1.0]","0.0 [0.0, 1.0]","0.0 [0.0, 1.0]","0.0 [0.0, 1.0]","0.0 [0.0, 1.0]","0.0 [0.0, 1.0]","0.0 [0.0, 1.0]","0 [0, 1]","0.0 [0.0, 1.0]","0.0 [0.0, 1.0]","0.0 [0.0, 1.0]",,"1.0 [0.0, 1.0]","0.0 [0.0, 1.0]","0.0 [0.0, 1.0]","0.0 [0.0, 1.0]","0.0 [0.0, 1.0]","0.0 [0.0, 1.0]","0.0 [0.0, 1.0]","0.0 [0.0, 1.0]","0.0 [0.0, 1.0]","0.1 [0, 1]","0.0 [0.0, 1.0]","0.0 [0.0, 1.0]","0.0 [0.0, 1.0]",,,"0.0 [0.0, 1.0]","0.0 [0.0, 1.0]","0.0 [0.0, 1.0]","0.0 [0.0, 1.0]",,"0.0 [0.0, 1.0]","0.0 [0.0, 1.0]","0.0 [0.0, 1.0]","0 [0, 1]","0.0 [0.0, 1.0]","0.0 [0.0, 1.0]","0.0 [0.0, 1.0]",,,,,"0.0 [0.0, 0.0]",,,"0.0 [0.0, 1.0]","0.0 [0.0, 1.0]",,"0 [0, 1]"
"    Liver, median [Q1, Q3]","0.0 [0.0, 1.0]","0.0 [0.0, 1.0]","0.0 [0.0, 1.0]","0.0 [0.0, 0.0]","0.0 [0.0, 1.0]","0.0 [0.0, 0.0]","0.0 [0.0, 0.0]","0.0 [0.0, 1.0]","0.0 [0.0, 0.0]","0.0 [0.0, 0.0]","0.0 [0.0, 1.0]","0.0 [0.0, 0.0]","0.0 [0.0, 1.0]","0 [0, 1]",,,,,,,,,,,,"0.0 [0.0, 1.0]",,"0 [0, 1]",,,,,,,,,,,"0.0 [0.0, 1.0]","0.0 [0.0, 1.0]",,"0 [0, 1]",,,,,,,,,,,"0.0 [0.0, 1.0]","0.0 [0.0, 1.0]",,"0 [0, 1]",,,,,,,,,,,"0.0 [0.0, 1.0]","0.0 [0.0, 0.0]",,"0 [0, 1]",,,,,,,,,"0.0 [0.0, 0.2]",,"0.0 [0.0, 1.0]","0.0 [0.0, 0.0]",,"0 [0, 1]",,,,,,,"0.0 [0.0, 0.0]",,"0.0 [0.0, 0.0]",,"0.0 [0.0, 1.0]","0.0 [0.0, 0.0]",,"0 [0, 1]",,,"0.0 [0.0, 1.0]",,,,"0.0 [0.0, 0.0]",,"0.0 [0.0, 0.0]",,"0.0 [0.0, 1.0]","0.0 [0.0, 0.0]","0.0 [0.0, 0.0]","0 [0, 1]",,,"0.0 [0.0, 1.0]",,,"0.0 [0.0, 0.0]","0.0 [0.0, 0.0]","0.0 [0.0, 1.0]","0.0 [0.0, 0.0]","0.0 [0.0, 0.0]","0.0 [0.0, 1.0]","0.0 [0.0, 0.0]","0.0 [0.0, 0.0]","0 [0, 1]",,,"0.0 [0.0, 0.0]",,,"0.0 [0.0, 0.0]","0.0 [0.0, 0.0]","0.0 [0.0, 1.0]","0.0 [0.0, 0.0]","0.0 [0.0, 0.0]","0.0 [0.0, 1.0]","0.0 [0.0, 0.0]","0.0 [0.0, 0.0]","0 [0, 1]","0.0 [0.0, 1.0]",,"0.0 [0.0, 0.0]",,,"0.0 [0.0, 0.0]","0.0 [0.0, 0.0]","0.0 [0.0, 0.0]","0.0 [0.0, 0.0]","0.0 [0.0, 0.0]","0.0 [0.0, 1.0]","0.0 [0.0, 0.0]","0.0 [0.0, 0.0]","0 [0, 1]","0.0 [0.0, 1.0]",,"0.0 [0.0, 0.0]",,,"0.0 [0.0, 0.0]","0.0 [0.0, 0.0]","0.0 [0.0, 1.0]","0.0 [0.0, 0.0]","0.0 [0.0, 0.0]","0.0 [0.0, 0.0]","0.0 [0.0, 0.0]","0.0 [0.0, 0.0]","0 [0, 1]","0.0 [0.0, 1.0]","0.0 [0.0, 1.0]","0.0 [0.0, 0.0]",,,"0.0 [0.0, 0.0]","0.0 [0.0, 0.0]","0.0 [0.0, 1.0]","0.0 [0.0, 0.0]","0.0 [0.0, 1.0]","0.0 [0.0, 1.0]","0.0 [0.0, 0.0]","0.0 [0.0, 1.0]","0 [0, 1]","0.0 [0.0, 1.0]","0.0 [0.0, 1.0]","0.0 [0.0, 1.0]",,"0.0 [0.0, 1.0]","0.0 [0.0, 0.0]","0.0 [0.0, 0.0]","0.0 [0.0, 1.0]","0.0 [0.0, 0.0]","0.0 [0.0, 1.0]","0.0 [0.0, 1.0]","0.0 [0.0, 0.0]","0.0 [0.0, 1.0]","0 [0, 1]","0.0 [0.0, 1.0]","0.0 [0.0, 1.0]","0.0 [0.0, 1.0]",,"0.0 [0.0, 1.0]","0.0 [0.0, 0.0]","0.0 [0.0, 0.0]","0.0 [0.0, 1.0]","0.0 [0.0, 0.0]","0.0 [0.0, 0.0]","0.0 [0.0, 1.0]","0.0 [0.0, 0.0]","0.0 [0.0, 1.0]","0 [0, 1]","0.0 [0.0, 1.0]","0.0 [0.0, 1.0]","0.0 [0.0, 0.0]",,,"0.0 [0.0, 0.0]","0.0 [0.0, 0.0]","0.0 [0.0, 1.0]","0.0 [0.0, 0.0]",,"0.0 [0.0, 1.0]","0.0 [0.0, 0.0]","0.0 [0.0, 1.0]","0 [0, 1]","0.0 [0.0, 0.0]","0.0 [0.0, 1.0]","0.0 [0.0, 1.0]",,,,,"0.0 [0.0, 0.0]",,,"0.0 [0.0, 1.0]","0.0 [0.0, 0.0]",,"0 [0, 1]"
"    Cardiovascular, median [Q1, Q3]","3.0 [1.0, 4.0]","3.0 [1.0, 4.0]","3.0 [3.0, 4.0]","3.0 [1.0, 4.0]","3.0 [3.0, 4.0]","3.0 [1.0, 4.0]","3.0 [1.0, 3.0]","2.0 [1.0, 4.0]","1.0 [1.0, 1.0]","2.0 [1.0, 4.0]","3.0 [1.0, 4.0]","3.0 [1.0, 3.0]","3.0 [0.0, 3.0]","2.8 [0, 4]",,,,,,,,,,,,"3.0 [1.0, 3.0]",,"3 [1, 3]",,,,,,,,,,,"2.0 [1.0, 3.0]","3.0 [1.0, 3.0]",,"2.7 [1, 3]",,,,,,,,,,,"2.0 [1.0, 3.0]","3.0 [1.0, 4.0]",,"2.6 [1, 4]",,,,,,,,,,,"2.0 [1.0, 3.0]","3.0 [1.0, 3.0]",,"2.7 [1, 3]",,,,,,,,,"0.0 [0.0, 0.8]",,"3.0 [1.0, 4.0]","3.0 [1.0, 3.0]",,"3.0 [0, 4]",,,,,,,"1.0 [1.0, 3.0]",,"1.0 [1.0, 1.0]",,"3.0 [1.0, 4.0]","3.0 [1.0, 3.0]",,"2.3 [1, 4]",,,"3.0 [1.0, 4.0]",,,,"1.0 [1.0, 3.0]",,"1.0 [1.0, 1.0]",,"3.0 [1.0, 4.0]","3.0 [1.0, 3.0]","3.0 [0.0, 3.0]","2.5 [0, 4]",,,"3.0 [1.0, 4.0]",,,"2.0 [1.0, 4.0]","1.0 [1.0, 3.0]","1.0 [0.0, 3.0]","1.0 [1.0, 1.0]","3.0 [1.0, 4.0]","3.0 [1.0, 4.0]","3.0 [1.0, 3.0]","3.0 [0.0, 3.0]","2.4 [0, 4]",,,"3.0 [2.0, 4.0]",,,"1.0 [1.0, 3.0]","1.0 [1.0, 3.0]","1.0 [1.0, 3.0]","1.0 [1.0, 1.0]","2.0 [1.0, 4.0]","3.0 [1.0, 4.0]","3.0 [1.0, 3.0]","3.0 [0.0, 3.0]","2.2 [0, 4]","3.0 [1.0, 4.0]",,"3.0 [1.0, 4.0]",,,"3.0 [1.0, 4.0]","3.0 [1.0, 3.0]","1.0 [1.0, 4.0]","1.0 [1.0, 1.0]","2.0 [1.0, 4.0]","3.0 [1.0, 4.0]","3.0 [1.0, 4.0]","3.0 [1.0, 3.0]","2.7 [1, 4]","3.0 [1.0, 4.0]",,"3.0 [3.0, 4.0]",,,"3.0 [1.0, 4.0]","3.0 [1.0, 3.0]","2.0 [1.0, 4.0]","1.0 [1.0, 1.0]","2.0 [1.0, 4.0]","3.0 [2.5, 4.0]","3.0 [1.0, 4.0]","3.0 [1.0, 3.0]","2.8 [1, 4]","3.0 [1.0, 4.0]","3.0 [1.0, 4.0]","3.0 [3.0, 4.0]",,,"3.0 [1.0, 4.0]","3.0 [1.0, 3.0]","2.0 [1.0, 4.0]","1.0 [1.0, 1.0]","2.0 [1.0, 4.0]","3.0 [3.0, 4.0]","3.0 [1.0, 4.0]","3.0 [1.0, 3.0]","2.8 [1, 4]","3.0 [1.0, 4.0]","3.0 [2.0, 4.0]","3.0 [3.0, 4.0]",,"3.0 [3.0, 4.0]","3.0 [1.0, 4.0]","3.0 [1.0, 3.0]","3.0 [1.0, 4.0]","1.0 [1.0, 1.0]","2.0 [1.0, 4.0]","3.0 [3.0, 4.0]","3.0 [1.0, 4.0]","3.0 [1.0, 3.0]","2.9 [1, 4]","3.0 [1.0, 4.0]","3.0 [2.0, 4.0]","3.0 [3.0, 4.0]",,"3.0 [3.0, 4.0]","3.0 [1.0, 4.0]","3.0 [1.0, 3.0]","3.0 [1.0, 4.0]","1.0 [1.0, 1.0]","2.0 [1.0, 4.0]","3.0 [3.0, 4.0]","3.0 [1.0, 3.0]","3.0 [1.0, 3.0]","2.9 [1, 4]","3.0 [1.0, 4.0]","3.0 [1.0, 4.0]","3.0 [3.0, 4.0]",,,"3.0 [1.0, 4.0]","3.0 [0.0, 3.0]","3.0 [1.0, 4.0]","1.0 [1.0, 1.0]",,"3.0 [3.0, 4.0]","3.0 [1.0, 4.0]","3.0 [1.0, 4.0]","2.9 [0, 4]","3.0 [3.0, 4.0]","3.0 [1.0, 4.0]","3.0 [3.0, 4.0]",,,,,"1.0 [0.0, 3.0]",,,"3.0 [3.0, 4.0]","3.0 [1.0, 4.0]",,"2.9 [0, 4]"
"    CNS, median [Q1, Q3]","2.0 [0.0, 4.0]","1.0 [0.0, 3.0]","2.0 [0.0, 4.0]","0.0 [0.0, 1.0]","3.0 [1.0, 4.0]","1.0 [0.0, 3.0]","1.0 [0.0, 3.0]","0.0 [0.0, 2.0]","4.0 [1.0, 4.0]","2.0 [0.0, 4.0]","2.0 [0.0, 4.0]","1.0 [0.0, 3.0]","1.0 [0.0, 3.0]","1.3 [0, 4]",,,,,,,,,,,,"0.0 [0.0, 1.0]",,"0 [0, 1]",,,,,,,,,,,"2.0 [0.0, 4.0]","0.0 [0.0, 0.0]",,"0.7 [0, 4]",,,,,,,,,,,"3.0 [1.0, 4.0]","0.0 [0.0, 0.0]",,"1.3 [0, 4]",,,,,,,,,,,"3.0 [1.0, 4.0]","0.0 [0.0, 0.0]",,"1.0 [0, 4]",,,,,,,,,"0.0 [0.0, 1.0]",,"3.0 [1.0, 4.0]","0.0 [0.0, 1.0]",,"1.0 [0, 4]",,,,,,,"2.0 [0.0, 3.0]",,"3.0 [1.0, 4.0]",,"3.0 [1.0, 4.0]","0.0 [0.0, 1.0]",,"1.3 [0, 4]",,,"2.0 [0.0, 3.0]",,,,"1.0 [0.0, 3.0]",,"3.0 [1.0, 4.0]",,"2.0 [1.0, 4.0]","0.0 [0.0, 2.0]","1.0 [0.0, 3.0]","1.2 [0, 4]",,,"2.0 [0.0, 3.0]",,,"1.0 [0.0, 3.0]","1.0 [0.0, 3.0]","0.0 [0.0, 2.0]","4.0 [1.0, 4.0]","2.0 [0.0, 3.0]","2.0 [1.0, 4.0]","0.0 [0.0, 3.0]","1.0 [0.0, 3.0]","1.2 [0, 4]",,,"2.0 [0.0, 3.0]",,,"1.0 [0.0, 3.0]","1.0 [0.0, 3.0]","0.0 [0.0, 2.0]","3.0 [1.0, 4.0]","2.0 [0.0, 3.0]","2.0 [0.0, 4.0]","2.0 [0.0, 3.0]","1.0 [0.0, 3.0]","1.5 [0, 4]","2.0 [0.0, 4.0]",,"2.0 [0.0, 3.0]",,,"1.0 [0.0, 3.0]","1.0 [0.0, 3.0]","0.0 [0.0, 3.0]","4.0 [1.0, 4.0]","2.0 [0.0, 4.0]","2.0 [0.0, 4.0]","2.0 [0.0, 3.0]","1.0 [0.0, 3.0]","1.5 [0, 4]","3.0 [0.0, 4.0]",,"2.0 [1.0, 4.0]",,,"1.0 [0.0, 3.0]","1.0 [0.0, 3.0]","0.0 [0.0, 3.0]","4.0 [1.0, 4.0]","2.0 [0.0, 4.0]","2.0 [0.0, 4.0]","2.0 [0.0, 4.0]","1.0 [0.0, 3.0]","1.6 [0, 4]","2.0 [0.0, 4.0]","0.0 [0.0, 3.0]","2.0 [0.0, 4.0]",,,"1.0 [0.0, 3.0]","0.0 [0.0, 2.0]","0.0 [0.0, 2.0]","3.0 [1.0, 4.0]","2.0 [0.0, 4.0]","2.0 [0.0, 4.0]","2.0 [0.0, 3.0]","1.0 [0.0, 3.0]","1.4 [0, 4]","3.0 [0.0, 4.0]","1.0 [0.0, 3.0]","2.0 [0.0, 4.0]",,"3.0 [1.0, 4.0]","1.0 [0.0, 3.0]","0.0 [0.0, 2.0]","0.0 [0.0, 2.0]","4.0 [1.0, 4.0]","3.0 [0.0, 4.0]","2.0 [0.0, 4.0]","2.0 [0.0, 3.0]","1.0 [0.0, 3.0]","1.6 [0, 4]","2.0 [0.0, 4.0]","1.0 [0.0, 3.0]","3.0 [0.0, 4.0]",,"3.0 [1.0, 4.0]","1.0 [0.0, 3.0]","0.0 [0.0, 2.0]","0.0 [0.0, 2.0]","4.0 [1.0, 4.0]","2.0 [0.0, 4.0]","2.0 [0.0, 4.0]","2.0 [0.0, 3.0]","1.0 [0.0, 3.0]","1.6 [0, 4]","3.0 [0.0, 4.0]","1.0 [0.0, 3.0]","2.0 [0.0, 4.0]",,,"1.0 [0.0, 3.0]","0.0 [0.0, 0.0]","0.0 [0.0, 2.0]","3.0 [1.0, 4.0]",,"1.0 [0.0, 3.0]","1.0 [0.0, 3.0]","1.0 [0.0, 3.0]","1.2 [0, 4]","3.0 [0.0, 4.0]","1.0 [0.0, 3.0]","2.0 [0.0, 4.0]",,,,,"0.0 [0.0, 0.0]",,,"1.0 [0.0, 3.0]","0.0 [0.0, 1.0]",,"1.3 [0, 4]"
"    Renal, median [Q1, Q3]","0.0 [0.0, 1.0]","1.0 [0.0, 2.0]","1.0 [0.0, 2.0]","0.0 [0.0, 1.0]","0.0 [0.0, 1.0]","0.0 [0.0, 1.0]","0.0 [0.0, 1.0]","0.0 [0.0, 2.0]","0.0 [0.0, 1.0]","1.0 [0.0, 2.0]","0.0 [0.0, 1.0]","0.0 [0.0, 1.0]","0.0 [0.0, 1.0]","0.2 [0, 2]",,,,,,,,,,,,"1.0 [0.0, 2.0]",,"1 [0, 2]",,,,,,,,,,,"0.0 [0.0, 1.0]","0.0 [0.0, 1.0]",,"0 [0, 1]",,,,,,,,,,,"0.0 [0.0, 1.0]","0.0 [0.0, 1.0]",,"0 [0, 1]",,,,,,,,,,,"0.0 [0.0, 1.0]","0.0 [0.0, 1.0]",,"0 [0, 1]",,,,,,,,,"0.0 [0.0, 0.2]",,"0.0 [0.0, 1.0]","0.0 [0.0, 1.0]",,"0 [0, 1]",,,,,,,"0.0 [0.0, 1.0]",,"0.0 [0.0, 1.0]",,"0.0 [0.0, 1.0]","0.0 [0.0, 1.0]",,"0 [0, 1]",,,"1.0 [0.0, 2.0]",,,,"0.0 [0.0, 1.0]",,"0.0 [0.0, 1.0]",,"0.0 [0.0, 1.0]","0.0 [0.0, 1.0]","0.0 [0.0, 1.0]","0.1 [0, 2]",,,"1.0 [0.0, 2.0]",,,"0.0 [0.0, 1.0]","0.0 [0.0, 1.0]","0.0 [0.0, 2.0]","0.0 [0.0, 1.0]","1.0 [0.0, 2.0]","0.0 [0.0, 1.0]","0.0 [0.0, 1.0]","0.0 [0.0, 1.0]","0.2 [0, 2]",,,"1.0 [0.0, 2.0]",,,"0.0 [0.0, 1.0]","0.0 [0.0, 1.0]","0.0 [0.0, 2.0]","0.0 [0.0, 1.0]","1.0 [0.0, 2.0]","0.0 [0.0, 1.0]","0.0 [0.0, 1.0]","0.0 [0.0, 1.0]","0.2 [0, 2]","1.0 [0.0, 2.0]",,"1.0 [0.0, 2.0]",,,"0.0 [0.0, 1.0]","0.0 [0.0, 1.0]","1.0 [0.0, 2.0]","0.0 [0.0, 1.0]","1.0 [0.0, 2.0]","0.0 [0.0, 1.0]","0.0 [0.0, 1.0]","0.0 [0.0, 1.0]","0.3 [0, 2]","0.0 [0.0, 1.0]",,"1.0 [0.0, 2.0]",,,"0.0 [0.0, 1.0]","0.0 [0.0, 1.0]","1.0 [0.0, 2.0]","0.0 [0.0, 1.0]","1.0 [0.0, 2.0]","0.0 [0.0, 1.0]","0.0 [0.0, 1.0]","0.0 [0.0, 1.0]","0.3 [0, 2]","0.0 [0.0, 1.0]","1.0 [0.0, 2.0]","1.0 [0.0, 2.0]",,,"0.0 [0.0, 1.0]","0.0 [0.0, 2.0]","1.0 [0.0, 2.0]","0.0 [0.0, 1.0]","1.0 [0.0, 2.0]","0.0 [0.0, 1.0]","0.0 [0.0, 1.0]","0.0 [0.0, 1.0]","0.3 [0, 2]","0.0 [0.0, 1.0]","1.0 [0.0, 2.0]","1.0 [0.0, 2.0]",,"0.0 [0.0, 1.0]","0.0 [0.0, 1.0]","0.0 [0.0, 2.0]","1.0 [0.0, 2.0]","0.0 [0.0, 1.0]","0.0 [0.0, 2.0]","0.0 [0.0, 1.0]","0.0 [0.0, 1.0]","0.0 [0.0, 1.0]","0.3 [0, 2]","0.0 [0.0, 1.0]","1.0 [0.0, 2.0]","0.0 [0.0, 2.0]",,"0.0 [0.0, 1.0]","0.0 [0.0, 1.0]","0.0 [0.0, 1.0]","0.0 [0.0, 2.0]","0.0 [0.0, 1.0]","0.0 [0.0, 1.0]","0.0 [0.0, 1.0]","0.0 [0.0, 1.0]","0.0 [0.0, 1.0]","0.1 [0, 2]","0.0 [0.0, 1.0]","1.0 [0.0, 2.0]","0.0 [0.0, 2.0]",,,"0.0 [0.0, 1.0]","0.0 [0.0, 2.0]","0.0 [0.0, 2.0]","0.0 [0.0, 1.0]",,"0.0 [0.0, 1.0]","0.0 [0.0, 1.0]","0.0 [0.0, 1.0]","0.3 [0, 2]","0.0 [0.0, 1.0]","0.0 [0.0, 2.0]","0.0 [0.0, 2.0]",,,,,"0.0 [0.0, 0.0]",,,"0.0 [0.0, 1.0]","0.0 [0.0, 1.0]",,"0 [0, 2]"
"  P/F ratio, median [Q1, Q3]","202 [130, 282]","212 [117, 329]","216 [128, 321]","170 [96, 264]","246 [167, 326]","241 [149, 347]","230 [124, 371]","288 [150, 432]","275 [184, 360]","236 [144, 342]","198 [105, 310]","202 [128, 292]","208 [120, 330]","218.8 [96, 432]",,,,,,,,,,,,"194 [117, 275]",,"194 [117, 275]",,,,,,,,,,,"152 [78, 260]","199 [120, 295]",,"183.2 [78, 295]",,,,,,,,,,,"152 [74, 268]","191 [118, 275]",,"174.6 [74, 275]",,,,,,,,,,,"146 [78, 250]","197 [119, 285]",,"179.3 [78, 285]",,,,,,,,,"91 [91, 91]",,"140 [77, 270]","200 [127, 297]",,"180.9 [77, 297]",,,,,,,"239 [128, 397]",,"252 [166, 342]",,"204 [122, 312]","204 [125, 298]",,"216.0 [122, 397]",,,"202 [123, 301]",,,,"238 [127, 400]",,"262 [168, 346]",,"202 [112, 302]","202 [128, 295]","192 [105, 314]","211.9 [105, 400]",,,"213 [121, 319]",,,"218 [140, 315]","243 [130, 368]","270 [140, 445]","268 [180, 350]","210 [115, 320]","202 [110, 313]","208 [142, 298]","192 [110, 305]","216.3 [110, 445]",,,"215 [125, 330]",,,"228 [145, 329]","233 [138, 375]","274 [150, 430]","260 [168, 350]","218 [125, 336]","201 [113, 314]","215 [136, 302]","195 [107, 315]","219.4 [107, 430]","169 [114, 240]",,"193 [110, 311]",,,"209 [122, 319]","234 [134, 376]","222 [103, 386]","262 [174, 368]","192 [106, 306]","211 [108, 323]","189 [113, 278]","192 [112, 314]","204.4 [103, 386]","185 [116, 272]",,"208 [117, 317]",,,"225 [132, 333]","210 [111, 358]","280 [145, 437]","283 [173, 364]","240 [140, 352]","211 [113, 313]","188 [108, 274]","200 [116, 317]","215.2 [108, 437]","202 [136, 283]","205 [106, 311]","220 [132, 326]",,,"248 [151, 353]","218 [118, 359]","280 [144, 422]","272 [188, 360]","238 [147, 342]","221 [122, 319]","207 [134, 293]","210 [126, 335]","226.4 [106, 422]","212 [136, 290]","208 [117, 320]","223 [136, 317]",,"248 [165, 326]","260 [160, 365]","240 [126, 374]","310 [170, 435]","280 [192, 360]","258 [175, 355]","220 [125, 323]","208 [133, 297]","218 [131, 340]","234.1 [117, 435]","210 [132, 285]","213 [116, 332]","222 [144, 322]",,"245 [168, 325]","253 [159, 355]","215 [114, 361]","317 [185, 448]","285 [198, 367]","256 [172, 348]","217 [122, 317]","207 [137, 289]","228 [136, 350]","233.6 [114, 448]","208 [132, 282]","230 [130, 367]","223 [138, 325]",,,"258 [164, 358]","195 [104, 375]","324 [194, 450]","280 [190, 367]",,"222 [133, 323]","208 [133, 300]","222 [139, 348]","232.9 [104, 450]","197 [123, 276]","297 [158, 564]","232 [142, 338]",,,,,"310 [168, 425]",,,"233 [123, 338]","218 [153, 294]",,"262.3 [123, 564]"
"  P/F ratio (imputed), median [Q1, Q3]","112 [76, 159]","100 [61, 156]","98 [61, 137]","76 [64, 126]","67 [57, 98]","117 [67, 159]","147 [77, 223]","151 [89, 205]","142 [98, 191]","112 [64, 151]","76 [59, 134]","98 [64, 137]","138 [85, 189]","111.9 [57, 223]",,,,,,,,,,,,"82 [57, 126]",,"82 [57, 126]",,,,,,,,,,,"71 [61, 113]","82 [59, 117]",,"78.3 [59, 117]",,,,,,,,,,,"76 [59, 134]","87 [61, 128]",,"82.4 [59, 134]",,,,,,,,,,,"76 [59, 134]","87 [61, 126]",,"83.2 [59, 134]",,,,,,,,,"41 [41, 41]",,"76 [59, 128]","92 [63, 134]",,"86.9 [41, 134]",,,,,,,"143 [81, 212]",,"127 [82, 163]",,"76 [61, 126]","94 [61, 133]",,"106.6 [61, 212]",,,"94 [59, 135]",,,,"153 [79, 215]",,"128 [91, 164]",,"76 [61, 128]","94 [64, 136]","136 [82, 177]","114.0 [59, 215]",,,"95 [60, 132]",,,"122 [71, 159]","142 [77, 223]","142 [84, 196]","134 [91, 168]","94 [59, 136]","73 [57, 126]","96 [67, 134]","136 [87, 177]","116.5 [57, 223]",,,"100 [61, 147]",,,"126 [71, 168]","147 [88, 223]","147 [88, 203]","134 [103, 191]","102 [62, 147]","76 [59, 137]","97 [61, 141]","134 [84, 189]","118.9 [59, 223]","108 [67, 153]",,"94 [59, 137]",,,"106 [64, 152]","147 [81, 223]","117 [64, 182]","142 [102, 203]","95 [57, 134]","76 [59, 142]","93 [59, 129]","134 [82, 177]","111.6 [57, 223]","108 [70, 151]",,"98 [60, 136]",,,"112 [64, 159]","132 [71, 213]","147 [83, 205]","147 [94, 205]","109 [64, 147]","76 [59, 128]","94 [59, 133]","134 [80, 177]","114.1 [59, 213]","117 [76, 164]","98 [61, 153]","102 [64, 141]",,,"117 [70, 164]","142 [75, 236]","147 [87, 205]","142 [100, 200]","113 [67, 151]","76 [59, 134]","106 [71, 147]","134 [84, 177]","117.8 [59, 236]","117 [78, 159]","98 [61, 153]","98 [64, 136]",,"67 [57, 102]","117 [67, 163]","162 [83, 245]","159 [102, 223]","142 [101, 191]","122 [76, 153]","73 [59, 134]","107 [69, 148]","141 [87, 189]","115.3 [57, 245]","112 [76, 159]","101 [61, 159]","98 [64, 136]",,"67 [59, 94]","117 [71, 159]","137 [71, 236]","159 [106, 223]","153 [106, 205]","119 [76, 153]","76 [59, 142]","106 [71, 148]","147 [89, 189]","115.7 [59, 236]","108 [76, 151]","102 [61, 153]","102 [64, 137]",,,"117 [71, 163]","139 [72, 246]","159 [114, 223]","142 [101, 192]",,"76 [59, 136]","109 [69, 153]","147 [91, 189]","116.4 [59, 246]","106 [73, 151]","96 [63, 145]","98 [61, 137]",,,,,"153 [102, 203]",,,"80 [61, 129]","113 [70, 147]",,"101.5 [61, 203]"
"CRRT, n (%)",0 (0.0%),"4,672 (13.4%)","5,349 (12.2%)","2,453 (9.1%)",809 (13.1%),"4,613 (7.9%)","1,642 (5.3%)","3,207 (21.2%)","1,056 (6.6%)","2,973 (15.6%)","1,580 (5.8%)","3,722 (6.5%)","6,127 (10.3%)","38,203 (9.3%)",,,,,,,,,,,,105 (12.7%),,105 (12.7%),,,,,,,,,,,14 (1.8%),143 (9.2%),,157 (6.7%),,,,,,,,,,,<10,157 (8.2%),,157 (8.2%),,,,,,,,,,,<10,155 (5.7%),,155 (5.7%),,,,,,,,,<10,,<10,147 (4.5%),,,,,,,,,76 (2.9%),,11 (11.1%),,<10,172 (4.8%),,259 (4.1%),,,240 (12.6%),,,,109 (4.3%),,77 (5.5%),,<10,200 (5.0%),282 (9.3%),908 (7.1%),,,532 (13.0%),,,288 (6.7%),135 (4.9%),346 (21.8%),98 (6.7%),299 (18.2%),<10,246 (5.8%),639 (9.7%),"2,583 (9.7%)",,,577 (13.2%),,,402 (7.6%),164 (5.3%),386 (23.1%),91 (5.9%),354 (17.3%),34 (1.7%),288 (6.8%),686 (10.2%),"2,982 (9.6%)",0 (0.0%),,647 (13.4%),,,576 (9.7%),214 (6.8%),537 (29.9%),131 (8.7%),435 (18.3%),70 (3.6%),317 (7.1%),684 (10.6%),"3,611 (11.0%)",0 (0.0%),,602 (11.9%),,,541 (8.0%),243 (7.4%),390 (23.9%),129 (7.2%),469 (15.7%),38 (1.6%),354 (8.0%),781 (11.4%),"3,547 (9.4%)",0 (0.0%),226 (12.7%),532 (10.7%),,,611 (8.2%),230 (7.1%),441 (25.0%),121 (6.1%),484 (15.6%),83 (3.5%),308 (6.5%),771 (10.8%),"3,807 (9.3%)",0 (0.0%),991 (13.7%),567 (10.5%),,438 (14.2%),657 (7.3%),242 (7.6%),357 (20.2%),129 (6.2%),448 (13.6%),391 (15.5%),374 (7.2%),813 (10.8%),"5,407 (10.2%)",0 (0.0%),"1,156 (14.8%)",650 (11.9%),,371 (12.1%),772 (8.1%),229 (6.4%),401 (20.0%),150 (6.4%),484 (13.6%),452 (17.8%),340 (6.4%),767 (9.6%),"5,772 (10.3%)",0 (0.0%),"1,892 (13.4%)",701 (12.9%),,,766 (7.6%),0 (0.0%),349 (14.2%),118 (7.0%),,439 (15.7%),371 (6.7%),704 (9.5%),"5,340 (9.5%)",0 (0.0%),407 (10.9%),301 (12.1%),,,,,0 (0.0%),,,44 (12.9%),45 (5.7%),,797 (9.5%)
"Sepsis events (CDC ASE), n","3,416","23,746","78,277","16,443","5,131","37,938","16,229","12,339","7,880","16,834","27,238","13,033","43,756","302,260",,,,,,,,,,,,0,,0,,,,,,,,,,,761,0,,761,,,,,,,,,,,"1,281",0,,"1,281",,,,,,,,,,,"1,412",80,,"1,492",,,,,,,,,<10,,"1,473",121,,"1,594",,,,,,,"1,120",,<10,,"1,638",123,,"2,881",,,"2,211",,,,"1,071",,635,,"1,717",613,"2,201","8,448",,,"4,391",,,"2,944","1,186","1,145",832,"1,884","1,879",583,"4,680","19,524",,,"4,782",,,"3,193","1,719","1,365",806,"2,157","2,107",275,"4,841","21,245",137,,"5,473",,,"2,626","1,797","1,647",799,"2,430","2,311",371,"4,944","22,535",634,,"5,640",,,"4,773","2,087","1,537","1,022","2,468","2,524","1,409","5,183","27,277",550,"1,342","5,660",,,"4,992","2,037","1,669","1,022","2,613","2,340","2,338","5,313","29,876",673,"5,815","5,924",,"2,722","6,270","2,014","1,560","1,006","2,609","2,395","2,473","5,869","39,330",694,"5,808","8,065",,"2,409","6,566","2,314","1,870","1,011","2,673","2,456","2,137","5,477","41,480",627,"8,957","7,460",,,"6,574",884,"1,546",736,,"2,639","2,216","5,248","36,887",101,"1,824","28,671",,,,,0,,,305,294,,"31,195"
"Encounters with >=1 sepsis event, n (%)","2,176 (14.6%)","12,293 (35.4%)","23,687 (53.9%)","8,146 (30.1%)","2,589 (42.1%)","20,060 (34.4%)","7,983 (25.7%)","6,464 (42.6%)","5,256 (33.1%)","9,470 (49.8%)","13,161 (48.3%)","7,478 (13.2%)","24,809 (41.6%)","143,572 (35.0%)",,,,,,,,,,,,0 (0.0%),,0 (0.0%),,,,,,,,,,,382 (48.7%),0 (0.0%),,382 (16.3%),,,,,,,,,,,665 (47.6%),0 (0.0%),,665 (20.1%),,,,,,,,,,,708 (49.3%),75 (2.8%),,783 (18.9%),,,,,,,,,<10,,733 (47.8%),113 (3.4%),,846 (17.5%),,,,,,,586 (22.7%),,<10,,781 (47.7%),105 (2.9%),,"1,472 (18.8%)",,,"1,014 (53.1%)",,,,580 (23.1%),,422 (30.2%),,812 (47.2%),365 (9.1%),"1,245 (41.0%)","4,438 (30.5%)",,,"2,129 (51.9%)",,,"1,406 (32.6%)",621 (22.3%),635 (39.9%),548 (37.4%),954 (58.2%),914 (51.1%),315 (7.5%),"2,589 (39.4%)","10,111 (35.5%)",,,"2,291 (52.3%)",,,"1,571 (29.6%)",834 (26.8%),687 (41.1%),547 (35.5%),"1,127 (55.1%)","1,014 (50.7%)",199 (4.7%),"2,678 (40.0%)","10,948 (35.3%)",94 (16.1%),,"2,838 (59.0%)",,,"1,387 (23.4%)",864 (27.5%),911 (50.8%),513 (34.0%),"1,328 (55.9%)","1,029 (52.8%)",255 (5.7%),"2,674 (41.5%)","11,893 (36.1%)",409 (16.0%),,"2,850 (56.6%)",,,"2,487 (36.6%)",976 (29.5%),777 (47.7%),665 (37.3%),"1,450 (48.5%)","1,138 (47.4%)",831 (18.7%),"2,798 (41.0%)","14,381 (38.1%)",357 (13.9%),745 (41.9%),"2,717 (54.8%)",,,"2,672 (36.1%)",961 (29.6%),891 (50.5%),673 (33.8%),"1,513 (48.8%)","1,098 (45.8%)","1,237 (26.3%)","2,915 (40.9%)","15,779 (38.4%)",424 (15.3%),"3,009 (41.6%)","2,876 (53.5%)",,"1,324 (42.8%)","3,277 (36.4%)",972 (30.4%),818 (46.2%),689 (33.0%),"1,506 (45.6%)","1,160 (46.1%)","1,274 (24.5%)","3,276 (43.4%)","20,605 (38.8%)",433 (14.6%),"3,059 (39.1%)","2,907 (53.1%)",,"1,265 (41.3%)","3,575 (37.6%)","1,143 (32.1%)",961 (47.9%),694 (29.8%),"1,592 (44.8%)","1,230 (48.4%)","1,280 (24.1%)","3,384 (42.5%)","21,523 (38.4%)",397 (13.3%),"4,510 (31.9%)","2,898 (53.3%)",,,"3,685 (36.5%)",446 (12.2%),784 (32.0%),500 (29.5%),,"1,342 (48.1%)","1,257 (22.6%)","3,250 (43.7%)","19,069 (33.9%)",62 (12.6%),970 (25.9%),"1,167 (46.8%)",,,,,0 (0.0%),,,155 (45.6%),172 (21.6%),,"2,526 (30.3%)"
"Invasive mechanical ventilation, n (%)","9,959 (66.7%)","17,505 (50.4%)","28,377 (64.5%)","21,228 (78.6%)","4,801 (78.0%)","31,393 (53.8%)","16,615 (53.4%)","9,168 (60.5%)","11,530 (72.5%)","12,546 (66.0%)","17,896 (65.7%)","33,147 (58.3%)","38,072 (63.8%)","252,237 (61.5%)",,,,,,,,,,,,657 (79.3%),,657 (79.3%),,,,,,,,,,,566 (72.1%),"1,217 (78.4%)",,"1,783 (76.3%)",,,,,,,,,,,989 (70.8%),"1,429 (74.5%)",,"2,418 (73.0%)",,,,,,,,,,,"1,040 (72.4%)","1,674 (61.8%)",,"2,714 (65.5%)",,,,,,,,,<10,,"1,084 (70.8%)","1,930 (58.6%)",,"3,014 (62.5%)",,,,,,,"1,640 (63.5%)",,75 (75.8%),,"1,097 (67.0%)","2,181 (60.3%)",,"4,993 (62.9%)",,,"1,291 (67.7%)",,,,"1,586 (63.2%)",,"1,013 (72.6%)",,"1,166 (67.8%)","2,348 (58.6%)","2,047 (67.5%)","9,451 (64.9%)",,,"2,681 (65.4%)",,,"2,430 (56.4%)","1,794 (64.5%)",941 (59.2%),"1,096 (74.7%)","1,151 (70.2%)","1,222 (68.3%)","2,383 (56.7%)","4,312 (65.6%)","18,010 (63.3%)",,,"2,723 (62.2%)",,,"2,848 (53.6%)","1,890 (60.7%)","1,081 (64.7%)","1,116 (72.4%)","1,321 (64.6%)","1,291 (64.6%)","2,413 (56.6%)","4,253 (63.5%)","18,936 (61.0%)",433 (74.1%),,"3,265 (67.9%)",,,"3,483 (58.9%)","1,886 (60.0%)","1,281 (71.4%)","1,161 (76.8%)","1,580 (66.5%)","1,329 (68.2%)","2,609 (58.8%)","4,285 (66.5%)","21,312 (64.6%)","1,874 (73.1%)",,"3,354 (66.6%)",,,"3,785 (55.7%)","1,946 (58.9%)","1,026 (62.9%)","1,323 (74.2%)","1,954 (65.4%)","1,584 (66.0%)","2,749 (61.7%)","4,382 (64.2%)","23,977 (63.5%)","1,712 (66.7%)","1,110 (62.4%)","3,201 (64.6%)",,,"3,965 (53.5%)","1,877 (57.8%)","1,080 (61.3%)","1,413 (70.9%)","2,070 (66.8%)","1,507 (62.9%)","2,654 (56.4%)","4,607 (64.6%)","25,196 (61.4%)","1,872 (67.4%)","4,526 (62.5%)","3,381 (62.9%)",,"2,433 (78.6%)","4,610 (51.3%)","1,838 (57.5%)","1,043 (58.9%)","1,476 (70.7%)","2,160 (65.4%)","1,598 (63.5%)","2,772 (53.3%)","4,744 (62.8%)","32,453 (61.1%)","1,836 (62.1%)","4,861 (62.2%)","3,497 (63.8%)",,"2,368 (77.4%)","5,065 (53.3%)","1,996 (56.1%)","1,165 (58.0%)","1,678 (72.1%)","2,310 (65.0%)","1,572 (61.8%)","2,871 (54.0%)","4,874 (61.2%)","34,093 (60.8%)","1,911 (63.8%)","5,775 (40.8%)","3,429 (63.1%)",,,"5,207 (51.5%)",162 (4.4%),"1,293 (52.7%)","1,175 (69.4%)",,"1,661 (59.5%)","2,893 (52.0%)","4,568 (61.5%)","28,074 (49.9%)",321 (65.2%),"1,233 (32.9%)","1,555 (62.4%)",,,,,258 (53.4%),,,190 (55.9%),367 (46.2%),,"3,924 (47.0%)"
Ventilator hours (millions),1.54,2.20,4.17,2.09,0.43,3.67,1.16,1.14,2.14,2.04,2.38,3.96,5.22,32,,,,,,,,,,,,0.09,,0,,,,,,,,,,,0.07,0.16,,0,,,,,,,,,,,0.10,0.17,,0,,,,,,,,,,,0.13,0.21,,0,,,,,,,,,,,0.12,0.23,,0,,,,,,,0.08,,0.05,,0.14,0.26,,1,,,0.15,,,,0.08,,0.18,,0.16,0.27,0.26,1,,,0.36,,,0.22,0.09,0.10,0.23,0.14,0.18,0.24,0.57,2,,,0.38,,,0.27,0.10,0.12,0.19,0.20,0.18,0.26,0.59,2,0.09,,0.63,,,0.59,0.13,0.23,0.22,0.26,0.22,0.37,0.71,3,0.38,,0.56,,,0.55,0.20,0.14,0.31,0.32,0.24,0.46,0.75,4,0.26,0.17,0.48,,,0.50,0.16,0.16,0.27,0.34,0.19,0.31,0.64,3,0.28,0.60,0.45,,0.22,0.47,0.14,0.11,0.25,0.38,0.19,0.33,0.58,4,0.24,0.63,0.50,,0.21,0.55,0.16,0.11,0.26,0.40,0.21,0.31,0.61,4,0.24,0.69,0.48,,,0.51,,0.14,0.17,,0.21,0.29,0.51,3,0.05,0.11,0.17,,,,,0.03,,,0.03,0.02,,0
  First location at IMV start: icu,"8,830 (88.7%)","11,307 (64.6%)","21,345 (75.2%)","20,926 (98.6%)","4,184 (87.1%)","25,428 (81.0%)","5,558 (33.5%)","7,979 (87.0%)","11,124 (96.5%)","9,129 (72.8%)","13,263 (74.1%)","26,904 (81.2%)","33,267 (87.4%)","199,244 (79.0%)",,,,,,,,,,,,552 (84.0%),,552 (84.0%),,,,,,,,,,,410 (72.4%),"1,022 (84.0%)",,"1,432 (80.3%)",,,,,,,,,,,708 (71.6%),"1,190 (83.3%)",,"1,898 (78.5%)",,,,,,,,,,,725 (69.7%),"1,328 (79.3%)",,"2,053 (75.6%)",,,,,,,,,<10,,805 (74.3%),"1,548 (80.2%)",,"2,353 (78.1%)",,,,,,,500 (30.5%),,72 (96.0%),,786 (71.6%),"1,800 (82.5%)",,"3,158 (63.2%)",,,"1,038 (80.4%)",,,,497 (31.3%),,969 (95.7%),,812 (69.6%),"1,902 (81.0%)","1,851 (90.4%)","7,069 (74.8%)",,,"2,077 (77.5%)",,,"2,082 (85.7%)",513 (28.6%),810 (86.1%),"1,045 (95.3%)",900 (78.2%),808 (66.1%),"1,948 (81.7%)","3,834 (88.9%)","14,017 (77.8%)",,,"2,071 (76.1%)",,,"2,369 (83.2%)",563 (29.8%),948 (87.7%),"1,054 (94.4%)",988 (74.8%),848 (65.7%),"1,932 (80.1%)","3,753 (88.2%)","14,526 (76.7%)",391 (90.3%),,"2,371 (72.6%)",,,"2,730 (78.4%)",653 (34.6%),"1,155 (90.2%)","1,099 (94.7%)","1,131 (71.6%)","1,004 (75.5%)","2,089 (80.1%)","3,694 (86.2%)","16,317 (76.6%)","1,691 (90.2%)",,"2,438 (72.7%)",,,"3,081 (81.4%)",740 (38.0%),894 (87.1%),"1,282 (96.9%)","1,397 (71.5%)","1,232 (77.8%)","2,217 (80.6%)","3,856 (88.0%)","18,828 (78.5%)","1,515 (88.5%)",861 (77.6%),"2,376 (74.2%)",,,"3,170 (79.9%)",660 (35.2%),940 (87.0%),"1,374 (97.2%)","1,475 (71.3%)","1,165 (77.3%)","2,142 (80.7%)","3,986 (86.5%)","19,664 (78.0%)","1,633 (87.2%)","3,158 (69.8%)","2,562 (75.8%)",,"2,115 (86.9%)","3,686 (80.0%)",656 (35.7%),922 (88.4%),"1,442 (97.7%)","1,543 (71.4%)","1,250 (78.2%)","2,259 (81.5%)","4,143 (87.3%)","25,369 (78.2%)","1,612 (87.8%)","3,303 (67.9%)","2,614 (74.7%)",,"2,069 (87.4%)","4,043 (79.8%)",741 (37.1%),"1,024 (87.9%)","1,640 (97.7%)","1,695 (73.4%)","1,247 (79.3%)","2,309 (80.4%)","4,239 (87.0%)","26,536 (77.8%)","1,705 (89.2%)","3,372 (58.4%)","2,613 (76.2%)",,,"4,267 (81.9%)",35 (21.6%),"1,065 (82.4%)","1,144 (97.4%)",,"1,312 (79.0%)","2,366 (81.8%)","3,911 (85.6%)","21,790 (77.6%)",283 (88.2%),613 (49.7%),"1,185 (76.2%)",,,,,221 (85.7%),,,151 (79.5%),300 (81.7%),,"2,753 (70.2%)"
  First location at IMV start: ed,857 (8.6%),"3,156 (18.0%)","5,708 (20.1%)",37 (0.2%),563 (11.7%),"4,335 (13.8%)","1,161 (7.0%)",589 (6.4%),310 (2.7%),"3,017 (24.0%)","1,544 (8.6%)","3,516 (10.6%)","3,561 (9.4%)","28,354 (11.4%)",,,,,,,,,,,,31 (4.7%),,31 (4.7%),,,,,,,,,,,52 (9.2%),79 (6.5%),,131 (7.4%),,,,,,,,,,,114 (11.5%),103 (7.2%),,217 (9.0%),,,,,,,,,,,94 (9.0%),134 (8.0%),,228 (8.4%),,,,,,,,,,,112 (10.3%),169 (8.8%),,281 (9.3%),,,,,,,,,<10,,66 (6.0%),192 (8.8%),,258 (7.9%),,,190 (14.7%),,,,45 (2.8%),,35 (3.5%),,72 (6.2%),217 (9.2%),143 (7.0%),702 (7.4%),,,489 (18.2%),,,233 (9.6%),114 (6.4%),38 (4.0%),40 (3.6%),211 (18.3%),118 (9.7%),231 (9.7%),344 (8.0%),"1,818 (10.1%)",,,507 (18.6%),,,339 (11.9%),170 (9.0%),40 (3.7%),51 (4.6%),277 (21.0%),106 (8.2%),241 (10.0%),361 (8.5%),"2,092 (11.1%)",27 (6.2%),,692 (21.2%),,,539 (15.5%),153 (8.1%),61 (4.8%),50 (4.3%),401 (25.4%),148 (11.1%),321 (12.3%),463 (10.8%),"2,855 (13.4%)",133 (7.1%),,722 (21.5%),,,530 (14.0%),177 (9.1%),63 (6.1%),31 (2.3%),500 (25.6%),149 (9.4%),351 (12.8%),383 (8.7%),"3,039 (12.6%)",150 (8.8%),180 (16.2%),674 (21.1%),,,596 (15.0%),182 (9.7%),77 (7.1%),24 (1.7%),536 (25.9%),127 (8.4%),323 (12.2%),452 (9.8%),"3,321 (13.2%)",169 (9.0%),748 (16.5%),679 (20.1%),,291 (12.0%),661 (14.3%),158 (8.6%),78 (7.5%),20 (1.4%),555 (25.7%),134 (8.4%),347 (12.5%),440 (9.3%),"4,280 (13.2%)",183 (10.0%),843 (17.3%),749 (21.4%),,272 (11.5%),740 (14.6%),149 (7.5%),74 (6.4%),34 (2.0%),537 (23.2%),121 (7.7%),371 (12.9%),479 (9.8%),"4,552 (13.3%)",167 (8.7%),"1,125 (19.5%)",689 (20.1%),,,697 (13.4%),13 (8.0%),140 (10.8%),24 (2.0%),,114 (6.9%),362 (12.5%),496 (10.9%),"3,827 (13.6%)",28 (8.7%),260 (21.1%),317 (20.4%),,,,,18 (7.0%),,,17 (8.9%),44 (12.0%),,684 (17.4%)
  First location at IMV start: procedural,219 (2.2%),"2,234 (12.8%)",750 (2.6%),84 (0.4%),25 (0.5%),"1,203 (3.8%)","9,343 (56.2%)",509 (5.6%),31 (0.3%),313 (2.5%),"1,030 (5.8%)","2,487 (7.5%)","1,087 (2.9%)","19,315 (7.7%)",,,,,,,,,,,,66 (10.0%),,66 (10.0%),,,,,,,,,,,24 (4.2%),111 (9.1%),,135 (7.5%),,,,,,,,,,,38 (3.8%),123 (8.6%),,161 (6.6%),,,,,,,,,,,38 (3.7%),157 (9.4%),,195 (7.2%),,,,,,,,,,,46 (4.2%),174 (9.0%),,220 (7.3%),,,,,,,"1,103 (67.3%)",,<10,,35 (3.2%),174 (8.0%),,"1,312 (26.7%)",,,37 (2.9%),,,,991 (62.5%),,<10,,47 (4.0%),221 (9.4%),45 (2.2%),"1,341 (15.9%)",,,66 (2.5%),,,92 (3.8%),"1,096 (61.1%)",84 (8.9%),10 (0.9%),28 (2.4%),72 (5.9%),191 (8.0%),114 (2.6%),"1,753 (9.7%)",,,96 (3.5%),,,125 (4.4%),"1,118 (59.2%)",88 (8.1%),<10,44 (3.3%),91 (7.0%),224 (9.3%),126 (3.0%),"1,912 (10.7%)",10 (2.3%),,87 (2.7%),,,97 (2.8%),"1,023 (54.2%)",53 (4.1%),<10,34 (2.2%),90 (6.8%),182 (7.0%),104 (2.4%),"1,680 (8.4%)",44 (2.3%),,92 (2.7%),,,122 (3.2%),961 (49.4%),56 (5.5%),<10,46 (2.4%),113 (7.1%),167 (6.1%),121 (2.8%),"1,722 (7.6%)",38 (2.2%),24 (2.2%),76 (2.4%),,,139 (3.5%),949 (50.6%),53 (4.9%),<10,46 (2.2%),110 (7.3%),180 (6.8%),150 (3.3%),"1,765 (7.4%)",59 (3.2%),453 (10.0%),103 (3.0%),,13 (0.5%),206 (4.5%),961 (52.3%),38 (3.6%),<10,55 (2.5%),122 (7.6%),155 (5.6%),141 (3.0%),"2,306 (7.4%)",30 (1.6%),521 (10.7%),78 (2.2%),,12 (0.5%),227 (4.5%),"1,044 (52.3%)",60 (5.2%),,60 (2.6%),97 (6.2%),182 (6.3%),139 (2.9%),"2,450 (7.6%)",31 (1.6%),953 (16.5%),81 (2.4%),,,195 (3.7%),97 (59.9%),66 (5.1%),<10,,98 (5.9%),157 (5.4%),147 (3.2%),"1,825 (6.8%)",<10,283 (23.0%),34 (2.2%),,,,,11 (4.3%),,,<10,23 (6.3%),,351 (10.3%)
  First location at IMV start: ward,20 (0.2%),764 (4.4%),399 (1.4%),122 (0.6%),26 (0.5%),242 (0.8%),480 (2.9%),59 (0.6%),63 (0.5%),87 (0.7%),36 (0.2%),202 (0.6%),146 (0.4%),"2,646 (1.1%)",,,,,,,,,,,,<10,,,,,,,,,,,,,<10,<10,,,,,,,,,,,,,,<10,,,,,,,,,,,,,<10,50 (3.0%),,50 (3.0%),,,,,,,,,<10,,<10,36 (1.9%),,,,,,,,,30 (1.8%),,<10,,<10,14 (0.6%),,44 (1.1%),,,24 (1.9%),,,,47 (3.0%),,<10,,<10,<10,<10,,,,45 (1.7%),,,18 (0.7%),61 (3.4%),<10,<10,12 (1.0%),,11 (0.5%),18 (0.4%),165 (1.1%),,,43 (1.6%),,,14 (0.5%),38 (2.0%),<10,<10,12 (0.9%),<10,12 (0.5%),12 (0.3%),131 (0.9%),<10,,58 (1.8%),,,84 (2.4%),50 (2.7%),<10,11 (0.9%),14 (0.9%),<10,16 (0.6%),21 (0.5%),254 (1.4%),<10,,53 (1.6%),,,27 (0.7%),63 (3.2%),10 (1.0%),<10,11 (0.6%),<10,10 (0.4%),20 (0.5%),194 (1.1%),<10,42 (3.8%),59 (1.8%),,,31 (0.8%),74 (3.9%),<10,13 (0.9%),13 (0.6%),<10,<10,17 (0.4%),249 (1.4%),<10,158 (3.5%),30 (0.9%),,11 (0.5%),24 (0.5%),57 (3.1%),<10,12 (0.8%),<10,<10,<10,20 (0.4%),312 (1.3%),<10,189 (3.9%),41 (1.2%),,15 (0.6%),25 (0.5%),45 (2.3%),<10,<10,18 (0.8%),<10,<10,17 (0.3%),350 (1.4%),<10,301 (5.2%),32 (0.9%),,,19 (0.4%),15 (9.3%),17 (1.3%),<10,,10 (0.6%),<10,14 (0.3%),408 (1.9%),,74 (6.0%),14 (0.9%),,,,,<10,,,<10,,,88 (3.2%)
  First location at IMV start: other,29 (0.3%),31 (0.2%),175 (0.6%),59 (0.3%),0,182 (0.6%),71 (0.4%),31 (0.3%),0,,"2,012 (11.2%)",36 (0.1%),0,"1,215 (0.5%)",,,,,,,,,,,,0,,,,,,,,,,,,,76 (13.4%),0,,76 (4.3%),,,,,,,,,,,126 (12.7%),0,,126 (5.2%),,,,,,,,,,,180 (17.3%),0,,180 (6.6%),,,,,,,,,,,114 (10.5%),0,,114 (3.8%),,,,,,,0,,,,201 (18.3%),0,,201 (4.0%),,,0,,,,0,,,,234 (20.1%),0,0,234 (2.5%),,,0,,,0,0,0,,,224 (18.3%),0,0,224 (1.2%),,,0,,,0,0,0,0,,241 (18.7%),0,0,56 (0.3%),0,,57 (1.7%),,,31 (0.9%),0,0,,,69 (5.2%),0,0,69 (0.3%),0,,49 (1.5%),,,22 (0.6%),0,0,,,71 (4.5%),0,0,71 (0.3%),0,0,16 (0.5%),,,23 (0.6%),0,0,0,,100 (6.6%),0,0,83 (0.3%),0,0,0,,0,33 (0.7%),0,0,,,90 (5.6%),0,,36 (0.1%),0,0,15 (0.4%),,,30 (0.6%),11 (0.6%),0,,,103 (6.6%),0,,159 (0.5%),0,0,14 (0.4%),,,29 (0.6%),0,0,,,125 (7.5%),,,138 (0.5%),0,0,0,,,,,0,,,0,,,
  Initial ventilator mode: simv,"4,516 (45.3%)","2,525 (14.4%)","7,423 (26.2%)",395 (1.9%),23 (0.5%),"2,244 (7.1%)",332 (2.0%),57 (0.6%),<10,138 (1.1%),203 (1.1%),"1,653 (5.0%)","14,440 (37.9%)","33,949 (14.1%)",,,,,,,,,,,,93 (14.2%),,93 (14.2%),,,,,,,,,,,<10,280 (23.0%),,280 (23.0%),,,,,,,,,,,<10,293 (20.5%),,293 (20.5%),,,,,,,,,,,11 (1.1%),247 (14.8%),,258 (9.7%),,,,,,,,,,,11 (1.0%),214 (11.1%),,225 (7.4%),,,,,,,42 (2.6%),,,,11 (1.0%),224 (10.3%),,277 (5.7%),,,404 (31.3%),,,,27 (1.7%),,,,14 (1.2%),67 (2.9%),877 (42.8%),"1,389 (16.5%)",,,743 (27.7%),,,592 (24.4%),41 (2.3%),<10,,14 (1.2%),15 (1.2%),41 (1.7%),"1,713 (39.7%)","3,159 (19.7%)",,,680 (25.0%),,,349 (12.3%),41 (2.2%),<10,,16 (1.2%),20 (1.5%),40 (1.7%),"1,664 (39.1%)","2,810 (16.8%)",203 (46.9%),,671 (20.6%),,,143 (4.1%),37 (2.0%),<10,,21 (1.3%),17 (1.3%),39 (1.5%),"1,429 (33.3%)","2,560 (13.6%)",846 (45.1%),,815 (24.3%),,,199 (5.3%),28 (1.4%),<10,<10,27 (1.4%),14 (0.9%),37 (1.3%),"1,617 (36.9%)","3,583 (16.5%)",616 (36.0%),163 (14.7%),874 (27.3%),,,208 (5.2%),30 (1.6%),14 (1.3%),,20 (1.0%),16 (1.1%),24 (0.9%),"1,699 (36.9%)","3,664 (15.5%)",882 (47.1%),717 (15.8%),946 (28.0%),,<10,276 (6.0%),34 (1.8%),<10,<10,19 (0.9%),24 (1.5%),18 (0.6%),"1,832 (38.6%)","4,748 (17.1%)",852 (46.4%),751 (15.4%),972 (27.8%),,18 (0.8%),246 (4.9%),44 (2.2%),17 (1.5%),,21 (0.9%),20 (1.3%),19 (0.7%),"1,878 (38.5%)","4,838 (15.1%)",963 (50.4%),753 (13.0%),909 (26.5%),,,231 (4.4%),<10,<10,,,10 (0.6%),16 (0.6%),"1,731 (37.9%)","4,613 (18.2%)",154 (48.0%),141 (11.4%),409 (26.3%),,,,,<10,,,<10,<10,,704 (22.6%)
  Initial ventilator mode: assist control-volume control,"3,778 (37.9%)","5,138 (29.4%)","13,094 (46.1%)","11,819 (55.7%)",769 (16.0%),"24,827 (79.1%)","8,483 (51.1%)",620 (6.8%),"9,350 (81.1%)","11,494 (91.6%)","15,835 (88.5%)","29,466 (88.9%)","21,732 (57.1%)","156,405 (62.0%)",,,,,,,,,,,,541 (82.3%),,541 (82.3%),,,,,,,,,,,513 (90.6%),891 (73.2%),,"1,404 (78.7%)",,,,,,,,,,,888 (89.8%),"1,058 (74.0%)",,"1,946 (80.5%)",,,,,,,,,,,925 (88.9%),"1,327 (79.3%)",,"2,252 (83.0%)",,,,,,,,,<10,,981 (90.5%),"1,582 (82.0%)",,"2,563 (85.1%)",,,,,,,856 (52.2%),,61 (81.3%),,963 (87.8%),"1,794 (82.3%)",,"3,674 (73.6%)",,,599 (46.4%),,,,798 (50.3%),,888 (87.7%),,"1,038 (89.0%)","2,150 (91.6%)","1,069 (52.2%)","6,542 (69.2%)",,,"1,279 (47.7%)",,,"1,526 (62.8%)",875 (48.8%),76 (8.1%),932 (85.0%),"1,027 (89.2%)","1,072 (87.7%)","2,211 (92.8%)","2,332 (54.1%)","11,330 (62.9%)",,,"1,381 (50.7%)",,,"2,179 (76.5%)",918 (48.6%),66 (6.1%),937 (84.0%),"1,185 (89.7%)","1,114 (86.3%)","2,214 (91.8%)","2,387 (56.1%)","12,381 (65.4%)",196 (45.3%),,"1,727 (52.9%)",,,"2,973 (85.4%)",966 (51.2%),218 (17.0%),974 (83.9%),"1,424 (90.1%)","1,183 (89.0%)","2,415 (92.6%)","2,637 (61.5%)","14,713 (69.0%)",839 (44.8%),,"1,657 (49.4%)",,,"3,161 (83.5%)","1,090 (56.0%)",66 (6.4%),"1,102 (83.3%)","1,756 (89.9%)","1,414 (89.3%)","2,535 (92.2%)","2,536 (57.9%)","16,156 (67.4%)",615 (35.9%),484 (43.6%),"1,432 (44.7%)",,,"3,288 (82.9%)","1,018 (54.2%)",69 (6.4%),"1,133 (80.2%)","1,946 (94.0%)","1,338 (88.8%)","2,470 (93.1%)","2,682 (58.2%)","16,475 (65.4%)",681 (36.4%),"1,746 (38.6%)","1,410 (41.7%)",,670 (27.5%),"3,617 (78.5%)",989 (53.8%),69 (6.6%),"1,148 (77.8%)","1,998 (92.5%)","1,409 (88.2%)","2,614 (94.3%)","2,707 (57.1%)","19,058 (58.7%)",678 (36.9%),"1,432 (29.5%)","1,456 (41.6%)",,99 (4.2%),"3,933 (77.7%)",934 (46.8%),29 (2.5%),"1,312 (78.2%)","2,158 (93.4%)","1,383 (88.0%)","2,667 (92.9%)","2,766 (56.8%)","18,847 (55.3%)",657 (34.4%),"1,229 (21.3%)","1,491 (43.5%)",,,"4,150 (79.7%)",39 (24.1%),25 (1.9%),862 (73.4%),,"1,448 (87.2%)","2,659 (91.9%)","2,616 (57.3%)","15,176 (54.0%)",112 (34.9%),247 (20.0%),662 (42.6%),,,,,<10,,,166 (87.4%),338 (92.1%),,"1,525 (41.6%)"
  Initial ventilator mode: pressure-regulated volume control,345 (3.5%),"8,341 (47.6%)","6,500 (22.9%)","7,878 (37.1%)","3,792 (79.0%)","1,841 (5.9%)",350 (2.1%),"7,225 (78.8%)",,34 (0.3%),122 (0.7%),296 (0.9%),<10,"36,724 (18.3%)",,,,,,,,,,,,,,,,,,,,,,,,,<10,<10,,,,,,,,,,,,,11 (1.1%),<10,,11 (1.1%),,,,,,,,,,,<10,<10,,,,,,,,,,,,,<10,26 (1.3%),,26 (1.3%),,,,,,,,,,,10 (0.9%),35 (1.6%),,45 (1.4%),,,214 (16.6%),,,,,,,,13 (1.1%),24 (1.0%),,251 (5.2%),,,468 (17.5%),,,83 (3.4%),<10,786 (83.5%),,<10,10 (0.8%),26 (1.1%),,"1,373 (14.2%)",,,498 (18.3%),,,108 (3.8%),<10,896 (82.9%),,<10,<10,30 (1.2%),,"1,532 (16.8%)",,,705 (21.6%),,,118 (3.4%),17 (0.9%),870 (67.9%),,,<10,31 (1.2%),<10,"1,741 (13.9%)",14 (0.7%),,719 (21.4%),,,120 (3.2%),11 (0.6%),781 (76.1%),,,11 (0.7%),16 (0.6%),,"1,672 (10.3%)",33 (1.9%),376 (33.9%),757 (23.6%),,,179 (4.5%),11 (0.6%),841 (77.9%),,<10,11 (0.7%),<10,<10,"2,208 (15.2%)",62 (3.3%),"1,679 (37.1%)",871 (25.8%),,"1,657 (68.1%)",388 (8.4%),54 (2.9%),832 (79.8%),,<10,<10,<10,<10,"5,543 (28.1%)",88 (4.8%),"2,261 (46.5%)",928 (26.5%),,"2,135 (90.2%)",421 (8.3%),230 (11.5%),968 (83.1%),,19 (0.8%),<10,<10,,"7,050 (30.4%)",118 (6.2%),"3,298 (57.1%)",899 (26.2%),,,424 (8.1%),17 (10.5%),"1,048 (81.1%)",,,10 (0.6%),71 (2.5%),,"5,885 (26.4%)",30 (9.3%),727 (59.0%),441 (28.4%),,,,,203 (78.7%),,,<10,13 (3.5%),,"1,414 (37.8%)"
  Initial ventilator mode: pressure control,295 (3.0%),550 (3.1%),448 (1.6%),115 (0.5%),91 (1.9%),"1,150 (3.7%)","4,668 (28.1%)","1,013 (11.0%)","1,438 (12.5%)",264 (2.1%),449 (2.5%),421 (1.3%),224 (0.6%),"11,126 (4.4%)",,,,,,,,,,,,<10,,,,,,,,,,,,,18 (3.2%),<10,,18 (3.2%),,,,,,,,,,,22 (2.2%),<10,,22 (2.2%),,,,,,,,,,,20 (1.9%),12 (0.7%),,32 (1.2%),,,,,,,,,<10,,25 (2.3%),10 (0.5%),,35 (1.1%),,,,,,,375 (22.9%),,<10,,26 (2.4%),21 (1.0%),,422 (8.8%),,,27 (2.1%),,,,398 (25.1%),,51 (5.0%),,21 (1.8%),26 (1.1%),<10,523 (7.0%),,,38 (1.4%),,,43 (1.8%),531 (29.6%),53 (5.6%),88 (8.0%),28 (2.4%),23 (1.9%),17 (0.7%),25 (0.6%),846 (4.7%),,,46 (1.7%),,,74 (2.6%),539 (28.5%),87 (8.0%),120 (10.8%),32 (2.4%),36 (2.8%),26 (1.1%),12 (0.3%),972 (5.2%),,,51 (1.6%),,,85 (2.4%),514 (27.3%),166 (13.0%),123 (10.6%),43 (2.7%),22 (1.7%),40 (1.5%),35 (0.8%),"1,079 (5.1%)",29 (1.5%),,53 (1.6%),,,131 (3.5%),603 (31.0%),140 (13.6%),148 (11.2%),55 (2.8%),28 (1.8%),40 (1.5%),44 (1.0%),"1,271 (5.3%)",71 (4.1%),37 (3.3%),50 (1.6%),,,142 (3.6%),589 (31.4%),121 (11.2%),192 (13.6%),28 (1.4%),36 (2.4%),45 (1.7%),23 (0.5%),"1,334 (5.3%)",68 (3.6%),152 (3.4%),49 (1.4%),,50 (2.1%),174 (3.8%),518 (28.2%),116 (11.1%),232 (15.7%),43 (2.0%),40 (2.5%),49 (1.8%),20 (0.4%),"1,511 (4.6%)",61 (3.3%),141 (2.9%),64 (1.8%),,41 (1.7%),286 (5.6%),549 (27.5%),113 (9.7%),255 (15.2%),35 (1.5%),49 (3.1%),57 (2.0%),30 (0.6%),"1,681 (4.9%)",58 (3.0%),178 (3.1%),52 (1.5%),,,215 (4.1%),52 (32.1%),179 (13.8%),223 (19.0%),,75 (4.5%),58 (2.0%),29 (0.6%),"1,119 (3.9%)",<10,42 (3.4%),18 (1.2%),,,,,38 (14.7%),,,<10,<10,,98 (3.3%)
  Initial ventilator mode: pressure support/cpap,120 (1.2%),481 (2.7%),747 (2.6%),887 (4.2%),42 (0.9%),750 (2.4%),"1,692 (10.2%)",166 (1.8%),727 (6.3%),473 (3.8%),441 (2.5%),598 (1.8%),"1,381 (3.6%)","8,505 (3.4%)",,,,,,,,,,,,<10,,,,,,,,,,,,,16 (2.8%),15 (1.2%),,31 (1.7%),,,,,,,,,,,28 (2.8%),26 (1.8%),,54 (2.2%),,,,,,,,,,,41 (3.9%),40 (2.4%),,81 (3.0%),,,,,,,,,<10,,26 (2.4%),44 (2.3%),,70 (2.3%),,,,,,,196 (12.0%),,<10,,38 (3.5%),47 (2.2%),,281 (5.8%),,,38 (2.9%),,,,188 (11.9%),,74 (7.3%),,29 (2.5%),35 (1.5%),79 (3.9%),443 (4.7%),,,133 (5.0%),,,64 (2.6%),169 (9.4%),23 (2.4%),76 (6.9%),64 (5.6%),26 (2.1%),48 (2.0%),199 (4.6%),802 (4.4%),,,99 (3.6%),,,92 (3.2%),216 (11.4%),27 (2.5%),59 (5.3%),71 (5.4%),35 (2.7%),51 (2.1%),155 (3.6%),805 (4.2%),<10,,89 (2.7%),,,114 (3.3%),151 (8.0%),14 (1.1%),62 (5.3%),68 (4.3%),30 (2.3%),43 (1.6%),150 (3.5%),721 (3.4%),19 (1.0%),,85 (2.5%),,,107 (2.8%),164 (8.4%),19 (1.9%),69 (5.2%),87 (4.5%),35 (2.2%),67 (2.4%),152 (3.5%),804 (3.3%),11 (0.6%),18 (1.6%),70 (2.2%),,,96 (2.4%),190 (10.1%),21 (1.9%),85 (6.0%),54 (2.6%),18 (1.2%),48 (1.8%),179 (3.9%),790 (3.1%),24 (1.3%),80 (1.8%),89 (2.6%),,15 (0.6%),92 (2.0%),209 (11.4%),<10,93 (6.3%),67 (3.1%),27 (1.7%),33 (1.2%),153 (3.2%),882 (2.8%),36 (2.0%),158 (3.3%),60 (1.7%),,27 (1.1%),101 (2.0%),189 (9.5%),22 (1.9%),110 (6.6%),62 (2.7%),41 (2.6%),49 (1.7%),160 (3.3%),"1,015 (3.0%)",22 (1.2%),180 (3.1%),66 (1.9%),,,84 (1.6%),20 (12.3%),20 (1.5%),88 (7.5%),,46 (2.8%),41 (1.4%),154 (3.4%),721 (2.6%),<10,45 (3.6%),18 (1.2%),,,,,11 (4.3%),,,<10,<10,,74 (2.5%)
  Initial ventilator mode: other,898 (9.0%),464 (2.6%),165 (0.6%),126 (0.6%),70 (1.5%),576 (1.8%),"1,090 (6.6%)",85 (0.9%),13 (0.1%),140 (1.1%),846 (4.7%),713 (2.2%),288 (0.8%),"5,088 (2.0%)",,,,,,,,,,,,0,,,,,,,,,,,,,0,11 (0.9%),,11 (0.6%),,,,,,,,,,,24 (2.4%),25 (1.7%),,49 (2.0%),,,,,,,,,,,33 (3.2%),30 (1.8%),,63 (2.3%),,,,,,,,,,,34 (3.1%),42 (2.2%),,76 (2.5%),,,,,,,171 (10.4%),,,,41 (3.7%),56 (2.6%),,117 (2.3%),,,0,,,,175 (11.0%),,,,50 (4.3%),39 (1.7%),10 (0.5%),78 (0.8%),,,10 (0.4%),,,112 (4.6%),177 (9.9%),0,,10 (0.9%),73 (6.0%),33 (1.4%),43 (1.0%),258 (1.4%),,,11 (0.4%),,,38 (1.3%),164 (8.7%),0,,12 (0.9%),77 (6.0%),41 (1.7%),35 (0.8%),352 (1.9%),27 (6.2%),,16 (0.5%),,,46 (1.3%),195 (10.3%),0,0,16 (1.0%),62 (4.7%),32 (1.2%),30 (0.7%),204 (1.0%),127 (6.8%),,13 (0.4%),,,59 (1.6%),46 (2.4%),0,0,29 (1.5%),82 (5.2%),41 (1.5%),33 (0.8%),430 (1.8%),362 (21.2%),30 (2.7%),11 (0.3%),,,49 (1.2%),38 (2.0%),0,0,10 (0.5%),83 (5.5%),53 (2.0%),22 (0.5%),568 (2.3%),155 (8.3%),151 (3.3%),0,,24 (1.0%),55 (1.2%),22 (1.2%),0,0,26 (1.2%),88 (5.5%),47 (1.7%),24 (0.5%),418 (1.3%),120 (6.5%),117 (2.4%),0,,34 (1.4%),74 (1.5%),50 (2.5%),13 (1.1%),0,0,67 (4.3%),57 (2.0%),40 (0.8%),572 (1.7%),93 (4.9%),137 (2.4%),0,,,101 (1.9%),24 (14.8%),0,0,,63 (3.8%),34 (1.2%),38 (0.8%),394 (1.4%),14 (4.4%),29 (2.4%),0,,,,,0,,,0,0,,14 (0.4%)
"FiO2 (%), median [Q1, Q3]","0.4 [0.4, 0.4]","0.3 [0.2, 0.4]","0.3 [0.2, 0.4]","0.5 [0.4, 0.5]","0.2 [0.2, 0.4]","0.3 [0.2, 0.4]","0.4 [0.2, 0.6]","0.3 [0.2, 0.4]","0.3 [0.2, 0.3]","0.4 [0.4, 0.4]","0.3 [0.2, 0.4]","0.3 [0.2, 0.4]","0.4 [0.2, 0.4]","0.3 [0.2, 0.6]",,,,,,,,,,,,"0.3 [0.3, 0.4]",,"0.3 [0.3, 0.4]",,,,,,,,,,,"0.4 [0.2, 0.5]","0.3 [0.3, 0.4]",,"0.3 [0.2, 0.5]",,,,,,,,,,,"0.3 [0.2, 0.5]","0.3 [0.3, 0.4]",,"0.3 [0.2, 0.5]",,,,,,,,,,,"0.3 [0.2, 0.4]","0.3 [0.3, 0.4]",,"0.3 [0.2, 0.4]",,,,,,,,,"0.4 [0.3, 0.5]",,"0.3 [0.2, 0.4]","0.3 [0.3, 0.4]",,"0.3 [0.2, 0.5]",,,,,,,"0.4 [0.2, 0.7]",,"0.3 [0.3, 0.4]",,"0.3 [0.2, 0.4]","0.3 [0.3, 0.4]",,"0.3 [0.2, 0.7]",,,"0.3 [0.2, 0.4]",,,,"0.4 [0.2, 0.6]",,"0.3 [0.3, 0.4]",,"0.3 [0.2, 0.4]","0.3 [0.3, 0.4]","0.4 [0.2, 0.4]","0.3 [0.2, 0.6]",,,"0.3 [0.2, 0.4]",,,"0.3 [0.2, 0.4]","0.4 [0.2, 0.6]","0.3 [0.2, 0.4]","0.3 [0.3, 0.4]","0.4 [0.2, 0.4]","0.3 [0.2, 0.4]","0.3 [0.2, 0.4]","0.4 [0.2, 0.4]","0.3 [0.2, 0.6]",,,"0.3 [0.2, 0.4]",,,"0.3 [0.2, 0.4]","0.3 [0.2, 0.5]","0.3 [0.2, 0.4]","0.3 [0.2, 0.3]","0.4 [0.2, 0.4]","0.3 [0.2, 0.4]","0.3 [0.2, 0.4]","0.3 [0.2, 0.4]","0.3 [0.2, 0.5]","0.4 [0.4, 0.4]",,"0.3 [0.2, 0.4]",,,"0.3 [0.2, 0.4]","0.3 [0.2, 0.5]","0.3 [0.3, 0.4]","0.3 [0.2, 0.3]","0.4 [0.4, 0.5]","0.3 [0.2, 0.4]","0.3 [0.3, 0.4]","0.3 [0.2, 0.4]","0.3 [0.2, 0.5]","0.4 [0.4, 0.4]",,"0.3 [0.2, 0.4]",,,"0.3 [0.2, 0.4]","0.4 [0.2, 0.5]","0.3 [0.2, 0.4]","0.3 [0.2, 0.3]","0.4 [0.4, 0.5]","0.3 [0.2, 0.4]","0.3 [0.3, 0.4]","0.4 [0.2, 0.4]","0.3 [0.2, 0.5]","0.4 [0.4, 0.4]","0.3 [0.3, 0.4]","0.3 [0.2, 0.4]",,,"0.3 [0.2, 0.4]","0.3 [0.2, 0.5]","0.3 [0.2, 0.4]","0.3 [0.2, 0.3]","0.4 [0.4, 0.4]","0.3 [0.2, 0.4]","0.3 [0.2, 0.3]","0.4 [0.2, 0.4]","0.3 [0.2, 0.5]","0.4 [0.4, 0.4]","0.3 [0.2, 0.4]","0.3 [0.2, 0.4]",,"0.2 [0.2, 0.4]","0.3 [0.2, 0.4]","0.3 [0.2, 0.5]","0.3 [0.2, 0.4]","0.3 [0.2, 0.3]","0.4 [0.4, 0.4]","0.3 [0.2, 0.4]","0.3 [0.2, 0.3]","0.3 [0.2, 0.4]","0.3 [0.2, 0.5]","0.4 [0.4, 0.4]","0.3 [0.2, 0.4]","0.3 [0.2, 0.4]",,"0.2 [0.2, 0.4]","0.3 [0.2, 0.4]","0.3 [0.2, 0.6]","0.3 [0.2, 0.3]","0.3 [0.2, 0.3]","0.4 [0.4, 0.4]","0.3 [0.2, 0.4]","0.3 [0.2, 0.3]","0.3 [0.2, 0.4]","0.3 [0.2, 0.6]","0.4 [0.4, 0.4]","0.3 [0.2, 0.4]","0.3 [0.2, 0.4]",,,"0.3 [0.2, 0.4]","0.5 [0.3, 0.6]","0.3 [0.2, 0.3]","0.3 [0.2, 0.3]",,"0.3 [0.2, 0.4]","0.3 [0.2, 0.3]","0.3 [0.2, 0.4]","0.3 [0.2, 0.6]","0.4 [0.4, 0.4]","0.3 [0.2, 0.4]","0.3 [0.2, 0.4]",,,,,"0.3 [0.2, 0.3]",,,"0.3 [0.2, 0.4]","0.3 [0.2, 0.3]",,"0.3 [0.2, 0.4]"
"PEEP (cmH2O), median [Q1, Q3]","5.0 [5.0, 5.6]","6.0 [6.0, 6.0]","5.0 [5.0, 5.0]","5.0 [5.0, 5.0]","5.0 [5.0, 5.0]","5.0 [5.0, 5.0]","5.0 [5.0, 7.0]","8.0 [8.0, 8.0]","5.0 [5.0, 7.2]","5.0 [5.0, 5.0]","5.0 [5.0, 5.0]","5.0 [5.0, 5.0]","5.0 [5.0, 5.2]","5.2 [5, 8]",,,,,,,,,,,,"5.0 [5.0, 5.0]",,"5 [5, 5]",,,,,,,,,,,"5.0 [5.0, 5.0]","5.0 [5.0, 5.0]",,"5 [5, 5]",,,,,,,,,,,"5.0 [5.0, 5.0]","5.0 [5.0, 5.0]",,"5 [5, 5]",,,,,,,,,,,"5.0 [5.0, 5.0]","5.0 [5.0, 5.0]",,"5 [5, 5]",,,,,,,,,"6.5 [6.5, 8.0]",,"5.0 [5.0, 5.0]","5.0 [5.0, 5.0]",,"5.0 [5, 8]",,,,,,,"5.0 [5.0, 6.0]",,"5.0 [5.0, 8.0]",,"5.0 [5.0, 5.0]","5.0 [5.0, 5.0]",,"5 [5, 8]",,,"5.0 [5.0, 5.0]",,,,"5.0 [5.0, 6.0]",,"5.0 [5.0, 8.0]",,"5.0 [5.0, 5.0]","5.0 [5.0, 5.0]","5.0 [5.0, 5.0]","5 [5, 8]",,,"5.0 [5.0, 5.0]",,,"5.0 [5.0, 5.0]","5.0 [5.0, 6.0]","8.0 [8.0, 8.0]","5.0 [5.0, 8.0]","5.0 [5.0, 5.0]","5.0 [5.0, 5.0]","5.0 [5.0, 5.0]","5.0 [5.0, 5.0]","5.2 [5, 8]",,,"5.0 [5.0, 5.0]",,,"5.0 [5.0, 5.0]","5.0 [5.0, 6.0]","8.0 [8.0, 8.0]","5.0 [5.0, 8.0]","5.0 [5.0, 5.0]","5.0 [5.0, 5.0]","5.0 [5.0, 5.0]","5.0 [5.0, 5.0]","5.2 [5, 8]","5.0 [5.0, 7.5]",,"5.0 [5.0, 5.0]",,,"5.0 [5.0, 5.0]","5.0 [5.0, 7.0]","8.0 [8.0, 8.0]","5.0 [5.0, 8.0]","5.0 [5.0, 5.0]","5.0 [5.0, 7.0]","5.0 [5.0, 5.0]","5.0 [5.0, 5.5]","5.2 [5, 8]","5.0 [5.0, 7.0]",,"5.0 [5.0, 5.0]",,,"5.0 [5.0, 5.0]","5.0 [5.0, 7.0]","8.0 [8.0, 8.0]","5.0 [5.0, 8.0]","5.0 [5.0, 5.0]","5.0 [5.0, 6.0]","5.0 [5.0, 6.0]","5.0 [5.0, 5.4]","5.1 [5, 8]","5.0 [5.0, 5.0]","6.0 [6.0, 6.0]","5.0 [5.0, 5.0]",,,"5.0 [5.0, 5.0]","5.0 [5.0, 7.0]","8.0 [8.0, 8.0]","5.0 [5.0, 8.0]","5.0 [5.0, 5.0]","5.0 [5.0, 5.0]","5.0 [5.0, 5.0]","5.0 [5.0, 5.2]","5.2 [5, 8]","5.0 [5.0, 5.0]","6.0 [6.0, 6.0]","5.0 [5.0, 5.0]",,"5.0 [5.0, 5.0]","5.0 [5.0, 5.0]","5.0 [5.0, 6.0]","8.0 [8.0, 8.0]","5.0 [5.0, 5.8]","5.0 [5.0, 5.0]","5.0 [5.0, 6.0]","5.0 [5.0, 5.0]","5.0 [5.0, 5.2]","5.2 [5, 8]","5.0 [5.0, 5.0]","6.0 [6.0, 6.0]","5.0 [5.0, 5.0]",,"5.0 [5.0, 5.0]","5.0 [5.0, 5.0]","5.0 [5.0, 8.0]","8.0 [8.0, 8.0]","5.0 [5.0, 5.0]","5.0 [5.0, 5.0]","5.0 [5.0, 6.0]","5.0 [5.0, 5.0]","5.0 [5.0, 5.2]","5.2 [5, 8]","5.0 [5.0, 6.9]","6.0 [6.0, 6.0]","5.0 [5.0, 5.0]",,,"5.0 [5.0, 5.0]","5.0 [5.0, 6.0]","8.0 [8.0, 8.0]","5.0 [5.0, 5.0]",,"5.0 [5.0, 6.0]","7.0 [5.0, 8.0]","5.0 [5.0, 5.2]","5.6 [5, 8]","5.0 [5.0, 6.0]","6.0 [6.0, 6.0]","nan [nan, nan]",,,,,"8.0 [8.0, 8.0]",,,"5.0 [5.0, 7.0]","8.0 [5.0, 10.0]",,"6.3 [5, 10]"
"Respiratory rate (breaths/min), median [Q1, Q3]","16.0 [15.0, 16.0]","16.0 [16.0, 18.0]","16.0 [16.0, 18.0]","16.0 [16.0, 18.0]","16.0 [16.0, 16.0]","16.0 [16.0, 16.0]","16.0 [14.0, 18.0]","16.0 [16.0, 16.0]","14.0 [0.0, 18.0]","16.0 [14.0, 16.0]","16.0 [15.0, 18.0]","16.0 [16.0, 16.0]","20.0 [18.0, 21.0]","16.5 [0, 21]",,,,,,,,,,,,"14.0 [12.0, 14.0]",,"14 [12, 14]",,,,,,,,,,,"15.0 [12.0, 16.0]","14.0 [12.0, 14.0]",,"14.3 [12, 16]",,,,,,,,,,,"16.0 [14.0, 16.0]","14.0 [12.5, 14.0]",,"14.8 [12.5, 16]",,,,,,,,,,,"16.0 [14.0, 17.0]","14.0 [14.0, 15.0]",,"14.7 [14, 17]",,,,,,,,,"0.0 [0.0, 12.0]",,"16.0 [15.0, 18.0]","14.0 [14.0, 16.0]",,"14.6 [0, 18]",,,,,,,"16.0 [14.0, 18.0]",,"0.0 [0.0, 18.0]",,"16.0 [16.0, 18.0]","15.0 [14.0, 16.0]",,"15.3 [0, 18]",,,"16.0 [16.0, 18.0]",,,,"16.0 [14.0, 18.0]",,"14.0 [0.0, 18.0]",,"16.0 [16.0, 18.0]","16.0 [15.0, 16.0]","19.0 [16.0, 21.0]","16.4 [0, 21]",,,"16.0 [16.0, 18.0]",,,"15.0 [14.0, 16.0]","16.0 [14.0, 18.0]","16.0 [16.0, 17.0]","14.0 [0.0, 18.0]","15.0 [14.0, 16.0]","16.0 [16.0, 18.0]","16.0 [16.0, 16.0]","20.0 [17.0, 22.0]","16.6 [0, 22]",,,"16.0 [16.0, 18.0]",,,"15.0 [14.0, 16.0]","16.0 [14.0, 18.0]","16.0 [16.0, 16.0]","12.0 [0.0, 18.0]","15.0 [14.0, 16.0]","16.0 [15.0, 18.0]","16.0 [16.0, 16.0]","19.0 [17.0, 22.0]","16.2 [0, 22]","15.0 [15.0, 16.0]",,"17.5 [16.0, 20.0]",,,"16.0 [16.0, 18.0]","16.0 [14.0, 18.0]","16.0 [16.0, 20.0]","16.0 [0.0, 18.0]","16.0 [14.0, 16.0]","16.0 [15.0, 18.0]","16.0 [16.0, 16.0]","20.0 [18.0, 22.0]","17.0 [0, 22]","15.0 [15.0, 16.0]",,"16.0 [16.0, 18.0]",,,"16.0 [16.0, 16.0]","16.0 [15.0, 18.0]","16.0 [16.0, 16.0]","16.0 [0.0, 18.0]","16.0 [15.0, 16.0]","16.0 [14.5, 18.0]","16.0 [16.0, 18.0]","20.0 [18.0, 22.0]","16.7 [0, 22]","15.0 [15.0, 16.0]","18.0 [16.0, 18.0]","16.0 [16.0, 18.0]",,,"16.0 [15.0, 16.0]","16.0 [14.0, 18.0]","16.0 [16.0, 16.0]","14.0 [0.0, 18.0]","16.0 [14.0, 16.0]","16.0 [15.2, 18.0]","16.0 [16.0, 18.0]","20.0 [18.0, 20.5]","16.6 [0, 20.5]","16.0 [15.0, 16.0]","17.0 [16.0, 18.0]","16.0 [16.0, 18.0]",,"16.0 [16.0, 16.0]","16.0 [16.0, 16.0]","16.0 [14.0, 18.0]","16.0 [16.0, 16.0]","12.0 [0.0, 18.0]","16.0 [14.0, 16.0]","16.0 [15.0, 17.0]","16.0 [16.0, 18.0]","20.0 [18.0, 21.0]","16.5 [0, 21]","16.0 [15.0, 16.0]","16.0 [16.0, 18.0]","16.0 [16.0, 18.0]",,"16.0 [16.0, 16.0]","16.0 [16.0, 16.0]","16.0 [14.0, 18.0]","16.0 [16.0, 16.0]","12.0 [0.0, 18.0]","16.0 [14.0, 16.0]","16.0 [15.0, 18.0]","16.0 [16.0, 18.0]","19.0 [18.0, 20.0]","16.3 [0, 20]","16.0 [15.2, 16.0]","16.0 [16.0, 18.0]","16.0 [16.0, 18.0]",,,"16.0 [16.0, 16.0]","16.0 [14.8, 17.8]","16.0 [16.0, 16.0]","10.0 [0.0, 18.0]",,"16.0 [14.0, 16.0]","16.0 [16.0, 18.0]","18.0 [18.0, 20.0]","16.1 [0, 20]","16.0 [16.0, 16.0]","17.5 [16.0, 18.0]","nan [nan, nan]",,,,,"16.0 [15.5, 16.0]",,,"15.0 [14.0, 16.0]","16.0 [16.0, 16.0]",,"16.9 [14, 18]"
"Tidal volume (mL), median [Q1, Q3]","450.0 [450.0, 450.0]","420.0 [410.0, 422.5]","430.0 [420.0, 440.0]","450.0 [450.0, 450.7]","430.0 [430.0, 440.0]","450.0 [450.0, 480.0]","450.0 [450.0, 475.0]","400.0 [400.0, 410.0]","400.0 [400.0, 400.0]","440.0 [420.0, 450.0]","440.0 [420.0, 450.0]","490.0 [470.0, 500.0]","450.0 [450.0, 450.0]","445.6 [400, 500]",,,,,,,,,,,,"550.0 [506.2, 550.0]",,"550 [506.2, 550]",,,,,,,,,,,"500.0 [500.0, 500.0]","550.0 [500.0, 550.0]",,"533.2 [500, 550]",,,,,,,,,,,"500.0 [460.0, 500.0]","500.0 [500.0, 550.0]",,"500 [460, 550]",,,,,,,,,,,"450.0 [450.0, 470.0]","500.0 [500.0, 500.0]",,"482.7 [450, 500]",,,,,,,,,"385.0 [385.0, 415.0]",,"450.0 [450.0, 450.0]","500.0 [500.0, 500.0]",,"484.0 [385, 500]",,,,,,,"500.0 [500.0, 500.0]",,"410.0 [405.0, 410.0]",,"450.0 [440.0, 450.0]","500.0 [500.0, 500.0]",,"488.6 [405, 500]",,,"450.0 [430.0, 450.0]",,,,"500.0 [500.0, 500.0]",,"400.0 [400.0, 410.0]",,"450.0 [450.0, 450.0]","500.0 [500.0, 500.0]","500.0 [500.0, 500.0]","478.0 [400, 500]",,,"440.0 [420.0, 450.0]",,,"500.0 [500.0, 500.0]","450.0 [450.0, 475.0]","400.0 [400.0, 410.0]","410.0 [400.0, 410.0]","420.0 [400.0, 450.0]","450.0 [430.0, 450.0]","500.0 [500.0, 500.0]","500.0 [470.0, 500.0]","468.5 [400, 500]",,,"430.0 [420.0, 440.0]",,,"500.0 [500.0, 500.0]","450.0 [450.0, 450.0]","400.0 [400.0, 410.0]","410.0 [400.0, 410.0]","440.0 [420.0, 450.0]","420.0 [400.0, 430.0]","500.0 [500.0, 500.0]","450.0 [450.0, 480.0]","455.3 [400, 500]","450.0 [450.0, 480.0]",,"400.0 [400.0, 420.0]",,,"450.0 [450.0, 470.0]","450.0 [450.0, 450.0]","400.0 [400.0, 400.0]","400.0 [400.0, 400.0]","430.0 [420.0, 450.0]","400.0 [400.0, 420.0]","450.0 [450.0, 470.0]","450.0 [450.0, 450.0]","433.3 [400, 480]","450.0 [450.0, 470.0]",,"420.0 [411.2, 440.0]",,,"450.0 [450.0, 460.0]","450.0 [450.0, 450.0]","400.0 [400.0, 410.0]","400.0 [400.0, 400.0]","440.0 [420.0, 450.0]","410.0 [400.0, 420.0]","450.0 [450.0, 450.0]","450.0 [450.0, 450.0]","438.2 [400, 470]","450.0 [450.0, 450.0]","410.0 [400.0, 420.0]","420.0 [420.0, 440.0]",,,"450.0 [450.0, 450.0]","450.0 [450.0, 460.0]","400.0 [400.0, 400.0]","400.0 [400.0, 400.0]","440.0 [420.0, 450.0]","400.0 [400.0, 420.0]","450.0 [450.0, 450.0]","450.0 [450.0, 450.0]","436.4 [400, 460]","450.0 [450.0, 450.0]","420.0 [420.0, 430.0]","440.0 [420.0, 440.0]",,"440.0 [430.0, 450.0]","450.0 [450.0, 450.0]","450.0 [450.0, 460.0]","400.0 [400.0, 410.0]","400.0 [395.0, 400.0]","440.0 [420.0, 450.0]","400.0 [400.0, 420.0]","450.0 [450.0, 450.0]","450.0 [440.0, 450.0]","437.7 [395, 460]","450.0 [450.0, 450.0]","420.0 [410.0, 420.0]","440.0 [425.0, 450.0]",,"420.0 [420.0, 430.0]","450.0 [450.0, 450.0]","450.0 [450.0, 460.0]","400.0 [400.0, 420.0]","400.0 [390.0, 400.0]","450.0 [440.0, 450.0]","400.0 [400.0, 400.0]","450.0 [450.0, 450.0]","450.0 [440.0, 450.0]","437.1 [390, 460]","450.0 [450.0, 450.0]","420.0 [410.0, 430.0]","440.0 [420.0, 450.0]",,,"450.0 [450.0, 450.0]","450.0 [450.0, 450.0]","420.0 [410.0, 430.0]","390.0 [380.0, 390.0]",,"400.0 [400.0, 420.0]","450.0 [450.0, 450.0]","450.0 [440.0, 450.0]","435.9 [380, 450]","450.0 [450.0, 450.0]","420.0 [420.0, 430.0]","nan [nan, nan]",,,,,"410.0 [400.0, 420.0]",,,"400.0 [400.0, 400.0]","450.0 [450.0, 450.0]",,"424.6 [400, 450]"
"Time to extubation (hrs), median [Q1, Q3]","55.7 [19.0, 154.8]","32.0 [10.5, 86.1]","39.6 [11.1, 109.8]","49.0 [18.0, 135.2]","25.2 [8.1, 76.2]","34.7 [12.3, 93.5]","18.3 [7.2, 51.7]","26.1 [12.4, 74.9]","49.6 [11.8, 151.9]","48.5 [21.8, 110.7]","28.1 [13.0, 74.9]","33.1 [11.1, 94.8]","26.1 [8.9, 87.0]","34.3 [7.2, 154.8]",,,,,,,,,,,,"51.8 [18.1, 133.1]",,"51.8 [18.1, 133.1]",,,,,,,,,,,"29.7 [14.3, 70.7]","43.5 [16.6, 126.3]",,"38.9 [14.3, 126.3]",,,,,,,,,,,"26.4 [14.5, 74.2]","32.7 [11.6, 107.4]",,"30.0 [11.6, 107.4]",,,,,,,,,,,"25.8 [13.2, 66.2]","38.4 [11.3, 114.0]",,"34.0 [11.3, 114]",,,,,,,,,"60.6 [47.7, 73.6]",,"24.1 [11.8, 64.7]","30.8 [9.7, 97.3]",,"28.7 [9.7, 97.3]",,,,,,,"14.6 [6.0, 38.0]",,"61.9 [39.8, 157.5]",,"26.3 [12.4, 71.2]","27.9 [8.7, 95.4]",,"23.7 [6, 157.5]",,,"25.7 [7.6, 87.9]",,,,"16.2 [6.7, 43.2]",,"62.2 [18.5, 191.2]",,"25.6 [12.6, 61.7]","35.0 [13.0, 98.2]","24.5 [9.9, 77.2]","29.9 [6.7, 191.2]",,,"34.4 [9.2, 93.4]",,,"24.0 [9.9, 78.2]","16.4 [6.2, 43.9]","23.9 [10.2, 66.0]","42.9 [11.2, 129.4]","31.9 [15.1, 66.2]","27.7 [14.6, 75.1]","26.4 [8.0, 72.0]","27.2 [10.8, 87.1]","27.5 [6.2, 129.4]",,,"39.8 [12.5, 102.0]",,,"30.0 [11.1, 81.8]","16.8 [6.6, 44.3]","21.6 [10.0, 74.4]","51.6 [15.5, 122.2]","36.5 [17.3, 82.2]","34.1 [14.4, 78.2]","25.5 [9.2, 71.8]","26.5 [10.4, 79.4]","30.0 [6.6, 122.2]","113.3 [35.8, 254.9]",,"58.2 [16.9, 159.1]",,,"46.0 [14.3, 144.4]","21.6 [8.1, 66.5]","37.9 [14.0, 136.4]","62.3 [14.6, 159.8]","49.7 [21.7, 113.2]","36.6 [15.5, 85.3]","40.0 [14.9, 116.9]","33.4 [11.9, 105.8]","43.4 [8.1, 254.9]","74.1 [25.1, 247.6]",,"44.1 [11.1, 128.8]",,,"33.1 [12.1, 94.9]","19.5 [8.0, 53.0]","25.0 [13.8, 81.2]","78.7 [12.4, 191.9]","44.2 [19.4, 107.1]","27.5 [11.2, 79.8]","43.9 [15.5, 148.1]","28.2 [8.9, 100.3]","38.9 [8, 247.6]","53.0 [18.5, 141.4]","50.4 [10.7, 131.1]","41.7 [12.0, 116.6]",,,"37.0 [12.7, 103.8]","19.0 [7.5, 52.7]","26.0 [13.8, 70.3]","60.3 [16.7, 169.0]","48.1 [21.2, 110.3]","26.3 [10.5, 75.2]","31.3 [11.2, 86.2]","28.8 [8.7, 93.2]","36.5 [7.5, 169]","58.0 [20.0, 153.0]","36.4 [14.3, 96.7]","36.1 [10.0, 107.4]",,"24.6 [7.8, 74.3]","34.2 [13.0, 83.2]","21.0 [7.6, 61.0]","30.2 [15.1, 72.2]","44.4 [8.4, 133.5]","70.3 [34.8, 142.8]","25.1 [11.0, 75.0]","35.8 [12.7, 89.2]","24.2 [7.9, 83.8]","35.4 [7.6, 153]","45.7 [16.2, 114.5]","36.0 [14.2, 88.6]","35.1 [10.4, 94.8]",,"25.6 [8.6, 77.9]","34.0 [12.4, 86.5]","21.1 [8.5, 60.8]","23.1 [11.9, 68.4]","41.0 [8.0, 142.2]","67.6 [32.6, 131.3]","30.6 [13.9, 82.9]","33.4 [11.5, 89.4]","21.8 [7.6, 73.3]","33.8 [7.6, 142.2]","43.8 [16.7, 123.4]","24.8 [7.8, 76.3]","37.8 [11.4, 97.4]",,,"34.0 [12.5, 89.9]","14.5 [4.6, 26.6]","25.4 [11.8, 63.0]","37.6 [11.2, 118.3]",,"30.9 [12.7, 79.1]","24.9 [7.9, 83.9]","24.1 [7.4, 74.1]","28.7 [4.6, 123.4]","59.0 [17.2, 154.2]","19.5 [5.4, 60.9]","34.0 [10.1, 87.7]",,,,,"27.0 [9.4, 85.3]",,,"31.2 [12.8, 96.1]","20.6 [7.4, 45.5]",,"27.2 [5.4, 154.2]"
  IMV outcome: extubated,"7,448 (74.8%)","11,125 (63.6%)","17,115 (60.3%)","14,023 (66.1%)","2,567 (53.5%)","17,204 (54.8%)","13,670 (82.3%)","5,794 (63.2%)","8,263 (71.7%)","6,494 (51.8%)","13,413 (74.9%)","19,766 (59.6%)","23,044 (60.5%)","159,926 (63.4%)",,,,,,,,,,,,377 (57.4%),,377 (57.4%),,,,,,,,,,,423 (74.7%),711 (58.4%),,"1,134 (63.6%)",,,,,,,,,,,710 (71.8%),876 (61.3%),,"1,586 (65.6%)",,,,,,,,,,,774 (74.4%),"1,004 (60.0%)",,"1,778 (65.5%)",,,,,,,,,<10,,796 (73.4%),"1,215 (63.0%)",,"2,011 (66.7%)",,,,,,,"1,370 (83.5%)",,68 (90.7%),,841 (76.7%),"1,349 (61.9%)",,"3,628 (72.7%)",,,783 (60.7%),,,,"1,343 (84.7%)",,713 (70.4%),,884 (75.8%),"1,449 (61.7%)","1,244 (60.8%)","6,416 (67.9%)",,,"1,567 (58.4%)",,,"1,295 (53.3%)","1,500 (83.6%)",561 (59.6%),752 (68.6%),676 (58.7%),889 (72.7%),"1,440 (60.4%)","2,550 (59.1%)","11,230 (62.3%)",,,"1,670 (61.3%)",,,"1,555 (54.6%)","1,550 (82.0%)",699 (64.7%),782 (70.1%),740 (56.0%),929 (72.0%),"1,472 (61.0%)","2,593 (61.0%)","11,990 (63.3%)",275 (63.5%),,"2,042 (62.5%)",,,"1,958 (56.2%)","1,543 (81.8%)",774 (60.4%),855 (73.6%),804 (50.9%),973 (73.2%),"1,518 (58.2%)","2,616 (61.1%)","13,358 (62.7%)","1,378 (73.5%)",,"1,991 (59.4%)",,,"2,005 (53.0%)","1,557 (80.0%)",644 (62.8%),977 (73.8%),971 (49.7%),"1,205 (76.1%)","1,584 (57.6%)","2,700 (61.6%)","15,012 (62.6%)","1,283 (74.9%)",652 (58.7%),"1,943 (60.7%)",,,"2,138 (53.9%)","1,507 (80.3%)",666 (61.7%),"1,028 (72.8%)","1,166 (56.3%)","1,144 (75.9%)","1,623 (61.2%)","2,815 (61.1%)","15,965 (63.4%)","1,421 (75.9%)","2,924 (64.6%)","2,068 (61.2%)",,"1,343 (55.2%)","2,515 (54.6%)","1,532 (83.4%)",655 (62.8%),"1,039 (70.4%)","1,057 (48.9%)","1,214 (76.0%)","1,645 (59.3%)","2,948 (62.1%)","20,361 (62.7%)","1,364 (74.3%)","3,145 (64.7%)","2,072 (59.3%)",,"1,224 (51.7%)","2,851 (56.3%)","1,681 (84.2%)",769 (66.0%),"1,204 (71.8%)","1,080 (46.8%)","1,220 (77.6%)","1,625 (56.6%)","2,928 (60.1%)","21,163 (62.1%)","1,479 (77.4%)","3,626 (62.8%)","2,069 (60.3%)",,,"2,887 (55.4%)",87 (53.7%),864 (66.8%),843 (71.7%),,"1,269 (76.4%)","1,675 (57.9%)","2,650 (58.0%)","17,449 (62.1%)",248 (77.3%),778 (63.1%),910 (58.5%),,,,,162 (62.8%),,,142 (74.7%),203 (55.3%),,"2,443 (62.3%)"
"  IMV outcome: died, no extubation recorded","1,611 (16.2%)","3,771 (21.5%)","6,404 (22.6%)","3,723 (17.5%)",544 (11.3%),"5,453 (17.4%)","1,806 (10.9%)","2,038 (22.2%)","2,099 (18.2%)","3,314 (26.4%)","2,397 (13.4%)","5,974 (18.0%)","6,773 (17.8%)","45,907 (18.2%)",,,,,,,,,,,,136 (20.7%),,136 (20.7%),,,,,,,,,,,90 (15.9%),210 (17.3%),,300 (16.9%),,,,,,,,,,,161 (16.3%),250 (17.5%),,411 (17.0%),,,,,,,,,,,146 (14.0%),311 (18.6%),,457 (16.8%),,,,,,,,,,,151 (13.9%),331 (17.2%),,482 (16.0%),,,,,,,141 (8.6%),,<10,,129 (11.8%),366 (16.8%),,636 (12.9%),,,277 (21.5%),,,,147 (9.3%),,188 (18.6%),,161 (13.8%),397 (16.9%),331 (16.2%),"1,501 (15.9%)",,,671 (25.0%),,,403 (16.6%),189 (10.5%),256 (27.2%),224 (20.4%),312 (27.1%),185 (15.1%),411 (17.2%),730 (16.9%),"3,381 (18.7%)",,,656 (24.1%),,,447 (15.7%),198 (10.5%),226 (20.9%),252 (22.6%),363 (27.5%),187 (14.5%),373 (15.5%),713 (16.8%),"3,415 (18.1%)",86 (19.9%),,824 (25.2%),,,731 (21.0%),220 (11.7%),370 (28.9%),208 (17.9%),482 (30.5%),204 (15.3%),559 (21.4%),862 (20.1%),"4,546 (21.3%)",346 (18.5%),,822 (24.5%),,,806 (21.3%),255 (13.1%),249 (24.3%),233 (17.6%),539 (27.6%),207 (13.1%),622 (22.6%),882 (20.1%),"4,961 (20.7%)",287 (16.8%),305 (27.5%),671 (21.0%),,,788 (19.9%),241 (12.8%),271 (25.1%),237 (16.8%),518 (25.0%),206 (13.7%),500 (18.8%),862 (18.7%),"4,886 (19.4%)",297 (15.9%),"1,040 (23.0%)",722 (21.4%),,290 (11.9%),763 (16.6%),192 (10.4%),212 (20.3%),280 (19.0%),532 (24.6%),175 (11.0%),486 (17.5%),810 (17.1%),"5,799 (17.9%)",280 (15.3%),"1,053 (21.7%)",754 (21.6%),,254 (10.7%),752 (14.8%),207 (10.4%),215 (18.5%),279 (16.6%),568 (24.6%),174 (11.1%),476 (16.6%),841 (17.3%),"5,853 (17.2%)",270 (14.1%),"1,097 (19.0%)",718 (20.9%),,,763 (14.7%),16 (9.9%),196 (15.2%),195 (16.6%),,198 (11.9%),475 (16.4%),742 (16.2%),"4,670 (16.6%)",45 (14.0%),276 (22.4%),289 (18.6%),,,,,43 (16.7%),,,23 (12.1%),71 (19.3%),,747 (19.0%)
  IMV outcome: other,900 (9.0%),"2,609 (14.9%)","4,858 (17.1%)","3,482 (16.4%)","1,690 (35.2%)","8,736 (27.8%)","1,139 (6.9%)","1,336 (14.6%)","1,160 (10.1%)","2,738 (21.8%)","2,086 (11.6%)","7,407 (22.3%)","8,255 (21.7%)","46,396 (18.4%)",,,,,,,,,,,,144 (21.9%),,144 (21.9%),,,,,,,,,,,53 (9.4%),296 (24.3%),,349 (19.6%),,,,,,,,,,,118 (11.9%),303 (21.2%),,421 (17.4%),,,,,,,,,,,120 (11.5%),359 (21.5%),,479 (17.6%),,,,,,,,,0,,137 (12.6%),384 (19.9%),,521 (17.3%),,,,,,,129 (7.9%),,0,,127 (11.6%),466 (21.4%),,722 (14.5%),,,231 (17.9%),,,,96 (6.1%),,110 (10.9%),,121 (10.4%),502 (21.4%),472 (23.1%),"1,532 (16.2%)",,,443 (16.5%),,,732 (30.1%),105 (5.9%),124 (13.2%),118 (10.8%),163 (14.2%),148 (12.1%),532 (22.3%),"1,032 (23.9%)","3,397 (18.8%)",,,397 (14.6%),,,846 (29.7%),142 (7.5%),156 (14.4%),82 (7.4%),218 (16.5%),175 (13.6%),568 (23.5%),947 (22.3%),"3,531 (18.6%)",65 (15.0%),,399 (12.2%),,,794 (22.8%),123 (6.5%),137 (10.7%),98 (8.4%),294 (18.6%),152 (11.4%),532 (20.4%),807 (18.8%),"3,401 (16.0%)",150 (8.0%),,541 (16.1%),,,974 (25.7%),134 (6.9%),133 (13.0%),113 (8.5%),444 (22.7%),172 (10.9%),543 (19.7%),800 (18.3%),"4,004 (16.7%)",142 (8.3%),153 (13.8%),587 (18.3%),,,"1,039 (26.2%)",129 (6.9%),143 (13.2%),148 (10.5%),386 (18.6%),157 (10.4%),531 (20.0%),930 (20.2%),"4,345 (17.3%)",154 (8.2%),562 (12.4%),591 (17.5%),,800 (32.9%),"1,332 (28.9%)",114 (6.2%),176 (16.9%),157 (10.6%),571 (26.4%),209 (13.1%),641 (23.1%),986 (20.8%),"6,293 (19.4%)",192 (10.5%),663 (13.6%),671 (19.2%),,890 (37.6%),"1,462 (28.9%)",108 (5.4%),181 (15.5%),195 (11.6%),662 (28.7%),178 (11.3%),770 (26.8%),"1,105 (22.7%)","7,077 (20.8%)",162 (8.5%),"1,052 (18.2%)",642 (18.7%),,,"1,557 (29.9%)",59 (36.4%),233 (18.0%),135 (11.5%),,194 (11.7%),743 (25.7%),"1,176 (25.7%)","5,953 (21.2%)",21 (6.5%),179 (14.5%),356 (22.9%),,,,,49 (19.0%),,,20 (10.5%),88 (24.0%),,666 (17.0%)
"Pre-admit IMV (excluded from time-to-extubation), n (%)","5,749 (38.5%)","4,732 (13.6%)","3,813 (8.7%)","14,111 (52.2%)",523 (8.5%),"3,996 (6.8%)","7,762 (25.0%)","2,098 (13.8%)","8,143 (51.2%)","3,800 (20.0%)","4,434 (16.3%)","5,694 (10.0%)","8,525 (14.3%)","73,380 (17.9%)",,,,,,,,,,,,135 (16.3%),,135 (16.3%),,,,,,,,,,,143 (18.2%),206 (13.3%),,349 (14.9%),,,,,,,,,,,247 (17.7%),222 (11.6%),,469 (14.2%),,,,,,,,,,,267 (18.6%),259 (9.6%),,526 (12.7%),,,,,,,,,<10,,239 (15.6%),322 (9.8%),,561 (11.6%),,,,,,,703 (27.2%),,47 (47.5%),,264 (16.1%),413 (11.4%),,"1,427 (18.0%)",,,150 (7.9%),,,,730 (29.1%),,712 (51.0%),,294 (17.1%),412 (10.3%),458 (15.1%),"2,756 (18.9%)",,,372 (9.1%),,,326 (7.6%),872 (31.3%),274 (17.2%),816 (55.6%),290 (17.7%),255 (14.2%),410 (9.7%),"1,022 (15.5%)","4,637 (16.3%)",,,380 (8.7%),,,345 (6.5%),907 (29.1%),292 (17.5%),776 (50.3%),299 (14.6%),315 (15.8%),403 (9.5%),982 (14.7%),"4,699 (15.1%)",213 (36.5%),,439 (9.1%),,,391 (6.6%),923 (29.4%),368 (20.5%),858 (56.8%),498 (21.0%),340 (17.5%),501 (11.3%),984 (15.3%),"5,515 (16.7%)","1,028 (40.1%)",,468 (9.3%),,,488 (7.2%),998 (30.2%),220 (13.5%),915 (51.3%),574 (19.2%),386 (16.1%),454 (10.2%),"1,053 (15.4%)","6,584 (17.4%)",993 (38.7%),432 (24.3%),394 (7.9%),,,495 (6.7%),906 (27.9%),219 (12.4%),"1,015 (51.0%)",643 (20.7%),397 (16.6%),443 (9.4%),"1,076 (15.1%)","7,013 (17.1%)","1,154 (41.6%)","1,222 (16.9%)",442 (8.2%),,293 (9.5%),551 (6.1%),785 (24.5%),201 (11.4%),"1,050 (50.3%)",742 (22.5%),422 (16.8%),496 (9.5%),"1,081 (14.3%)","8,439 (15.9%)","1,076 (36.4%)","1,386 (17.7%)",458 (8.4%),,230 (7.5%),703 (7.4%),842 (23.7%),220 (11.0%),"1,147 (49.3%)",754 (21.2%),399 (15.7%),501 (9.4%),"1,008 (12.6%)","8,724 (15.6%)","1,108 (37.0%)","1,375 (9.7%)",464 (8.5%),,,697 (6.9%),96 (2.6%),256 (10.4%),806 (47.6%),,418 (15.0%),462 (8.3%),861 (11.6%),"6,543 (11.6%)",177 (36.0%),317 (8.5%),246 (9.9%),,,,,48 (9.9%),,,48 (14.1%),55 (6.9%),,891 (10.7%)
"Intubated ≤24hr of admission, n (%)",813 (5.4%),"2,674 (7.7%)","7,900 (18.0%)","1,418 (5.2%)",775 (12.6%),"6,330 (10.8%)","3,650 (11.7%)","1,692 (11.2%)",483 (3.0%),"2,923 (15.4%)","3,782 (13.9%)","7,320 (12.9%)","6,221 (10.4%)","45,981 (11.2%)",,,,,,,,,,,,111 (13.4%),,111 (13.4%),,,,,,,,,,,134 (17.1%),228 (14.7%),,362 (15.5%),,,,,,,,,,,202 (14.5%),286 (14.9%),,488 (14.7%),,,,,,,,,,,240 (16.7%),391 (14.4%),,631 (15.2%),,,,,,,,,0 (0.0%),,239 (15.6%),450 (13.7%),,689 (14.3%),,,,,,,370 (14.3%),,<10,,229 (14.0%),470 (13.0%),,"1,069 (13.6%)",,,353 (18.5%),,,,330 (13.1%),,54 (3.9%),,249 (14.5%),525 (13.1%),336 (11.1%),"1,847 (12.7%)",,,723 (17.6%),,,488 (11.3%),364 (13.1%),143 (9.0%),35 (2.4%),220 (13.4%),273 (15.3%),518 (12.3%),700 (10.6%),"3,464 (12.2%)",,,757 (17.3%),,,567 (10.7%),404 (13.0%),155 (9.3%),52 (3.4%),294 (14.4%),259 (13.0%),505 (11.9%),693 (10.3%),"3,686 (11.9%)",29 (5.0%),,942 (19.6%),,,835 (14.1%),373 (11.9%),204 (11.4%),64 (4.2%),356 (15.0%),319 (16.4%),630 (14.2%),725 (11.3%),"4,477 (13.6%)",167 (6.5%),,939 (18.6%),,,737 (10.8%),378 (11.4%),200 (12.3%),50 (2.8%),435 (14.6%),363 (15.1%),628 (14.1%),669 (9.8%),"4,566 (12.1%)",136 (5.3%),125 (7.0%),967 (19.5%),,,813 (11.0%),397 (12.2%),198 (11.2%),32 (1.6%),483 (15.6%),302 (12.6%),655 (13.9%),748 (10.5%),"4,856 (11.8%)",134 (4.8%),639 (8.8%),945 (17.6%),,371 (12.0%),951 (10.6%),494 (15.4%),208 (11.8%),63 (3.0%),546 (16.5%),302 (12.0%),606 (11.7%),765 (10.1%),"6,024 (11.3%)",134 (4.5%),724 (9.3%),963 (17.6%),,404 (13.2%),968 (10.2%),513 (14.4%),232 (11.6%),65 (2.8%),589 (16.6%),315 (12.4%),627 (11.8%),812 (10.2%),"6,346 (11.3%)",181 (6.0%),975 (6.9%),920 (16.9%),,,971 (9.6%),27 (0.7%),295 (12.0%),63 (3.7%),,316 (11.3%),606 (10.9%),773 (10.4%),"5,127 (9.1%)",32 (6.5%),211 (5.6%),391 (15.7%),,,,,57 (11.8%),,,40 (11.8%),84 (10.6%),,815 (9.8%)
"Reintubation (≥2 IMV episodes), n (%)","1,433 (9.6%)","3,423 (9.9%)","4,430 (10.1%)","2,335 (8.6%)",565 (9.2%),"3,913 (6.7%)","1,937 (6.2%)","1,499 (9.9%)","1,868 (11.7%)","2,110 (11.1%)","3,818 (14.0%)","3,743 (6.6%)","5,933 (9.9%)","37,007 (9.0%)",,,,,,,,,,,,97 (11.7%),,97 (11.7%),,,,,,,,,,,123 (15.7%),172 (11.1%),,295 (12.6%),,,,,,,,,,,198 (14.2%),173 (9.0%),,371 (11.2%),,,,,,,,,,,235 (16.4%),219 (8.1%),,454 (11.0%),,,,,,,,,<10,,207 (13.5%),248 (7.5%),,455 (9.4%),,,,,,,154 (6.0%),,32 (32.3%),,262 (16.0%),249 (6.9%),,697 (8.8%),,,191 (10.0%),,,,168 (6.7%),,181 (13.0%),,252 (14.7%),283 (7.1%),329 (10.8%),"1,404 (9.6%)",,,385 (9.4%),,,268 (6.2%),184 (6.6%),153 (9.6%),199 (13.6%),210 (12.8%),260 (14.5%),254 (6.0%),705 (10.7%),"2,618 (9.2%)",,,469 (10.7%),,,384 (7.2%),207 (6.6%),165 (9.9%),188 (12.2%),247 (12.1%),285 (14.3%),267 (6.3%),694 (10.4%),"2,906 (9.4%)",69 (11.8%),,610 (12.7%),,,482 (8.1%),234 (7.4%),240 (13.4%),200 (13.2%),290 (12.2%),296 (15.2%),302 (6.8%),744 (11.6%),"3,467 (10.5%)",310 (12.1%),,540 (10.7%),,,469 (6.9%),275 (8.3%),164 (10.1%),231 (13.0%),313 (10.5%),337 (14.0%),311 (7.0%),712 (10.4%),"3,662 (9.7%)",239 (9.3%),209 (11.7%),506 (10.2%),,,453 (6.1%),218 (6.7%),214 (12.1%),221 (11.1%),375 (12.1%),296 (12.4%),287 (6.1%),704 (9.9%),"3,722 (9.1%)",264 (9.5%),765 (10.6%),458 (8.5%),,299 (9.7%),526 (5.8%),214 (6.7%),152 (8.6%),240 (11.5%),352 (10.7%),353 (14.0%),285 (5.5%),696 (9.2%),"4,604 (8.7%)",255 (8.6%),871 (11.1%),496 (9.1%),,266 (8.7%),670 (7.1%),278 (7.8%),177 (8.8%),216 (9.3%),323 (9.1%),324 (12.7%),296 (5.6%),699 (8.8%),"4,871 (8.7%)",254 (8.5%),"1,312 (9.3%)",537 (9.9%),,,661 (6.5%),<10,196 (8.0%),158 (9.3%),,346 (12.4%),285 (5.1%),650 (8.7%),"4,399 (8.4%)",42 (8.5%),266 (7.1%),238 (9.6%),,,,,38 (7.9%),,,44 (12.9%),15 (1.9%),,643 (7.7%)
"  Time to reintubation (hrs), median [Q1, Q3]","34.5 [6.6, 123.8]","4.7 [2.3, 39.7]","29.6 [5.0, 114.1]","45.0 [13.1, 120.9]","36.0 [8.6, 136.5]","23.1 [4.0, 102.3]","50.5 [14.2, 129.1]","50.3 [12.7, 136.0]","37.6 [6.0, 115.8]","29.4 [5.7, 98.2]","18.0 [3.0, 91.7]","33.3 [7.5, 117.9]","19.1 [3.7, 94.1]","28.7 [2.3, 136.5]",,,,,,,,,,,,"42.0 [10.6, 124.0]",,"42 [10.6, 124]",,,,,,,,,,,"27.4 [4.9, 77.7]","46.6 [9.9, 131.8]",,"40.2 [4.9, 131.8]",,,,,,,,,,,"28.8 [5.9, 106.8]","44.9 [10.7, 120.9]",,"38.1 [5.9, 120.9]",,,,,,,,,,,"24.4 [5.0, 110.7]","35.5 [7.2, 121.8]",,"31.7 [5, 121.8]",,,,,,,,,"57.7 [20.7, 94.7]",,"14.1 [3.1, 89.8]","26.7 [5.4, 110.6]",,"22.7 [3.1, 110.6]",,,,,,,"60.8 [27.6, 159.4]",,"44.4 [9.5, 83.1]",,"11.7 [2.6, 96.8]","21.5 [4.7, 98.7]",,"32.5 [2.6, 159.4]",,,"24.9 [4.7, 104.4]",,,,"63.9 [22.5, 124.8]",,"33.0 [7.2, 111.5]",,"19.0 [3.0, 89.8]","33.2 [6.9, 102.9]","30.2 [4.2, 98.0]","35.1 [3, 124.8]",,,"33.0 [4.7, 100.9]",,,"30.8 [4.5, 117.7]","62.1 [26.5, 145.2]","50.2 [13.9, 124.3]","37.9 [6.1, 107.2]","38.7 [9.9, 128.8]","15.1 [2.1, 80.8]","29.2 [10.5, 122.7]","15.9 [4.0, 96.2]","31.4 [2.1, 145.2]",,,"31.6 [4.5, 125.1]",,,"24.1 [4.0, 112.0]","46.5 [13.8, 149.3]","62.8 [15.5, 128.0]","38.6 [5.0, 89.5]","33.8 [7.8, 125.9]","17.8 [3.0, 78.8]","28.0 [6.7, 113.5]","16.8 [3.4, 87.0]","29.4 [3, 149.3]","17.9 [5.2, 83.6]",,"18.3 [4.7, 84.3]",,,"17.2 [3.6, 82.8]","43.7 [13.0, 148.6]","61.5 [16.8, 172.3]","34.8 [6.1, 109.0]","30.8 [5.4, 89.6]","13.4 [2.0, 73.6]","24.3 [7.4, 95.2]","15.6 [3.0, 68.6]","24.5 [2, 172.3]","26.5 [4.7, 96.1]",,"30.3 [5.4, 117.8]",,,"26.4 [4.0, 95.9]","35.0 [8.1, 86.0]","40.1 [12.0, 122.1]","31.3 [5.7, 121.6]","30.4 [4.6, 78.1]","14.4 [2.6, 85.4]","29.0 [7.2, 126.5]","12.1 [3.0, 77.0]","25.8 [2.6, 126.5]","42.8 [7.3, 127.2]","5.7 [2.9, 33.8]","23.6 [5.1, 103.8]",,,"23.6 [5.0, 98.9]","57.1 [19.3, 138.3]","50.5 [10.4, 138.5]","31.6 [4.7, 89.3]","26.1 [4.9, 90.5]","9.9 [2.4, 94.2]","40.9 [6.4, 118.1]","21.8 [3.6, 109.7]","29.3 [2.4, 138.5]","38.1 [7.5, 138.0]","8.9 [3.3, 72.9]","28.2 [4.4, 105.5]",,"43.9 [11.2, 148.6]","27.8 [5.0, 111.0]","56.1 [14.8, 157.4]","42.0 [9.2, 107.0]","42.0 [5.2, 129.3]","24.4 [6.7, 111.0]","16.9 [2.7, 81.6]","30.9 [7.7, 122.8]","24.2 [4.5, 102.4]","28.5 [2.7, 157.4]","45.9 [8.1, 129.5]","5.4 [2.5, 45.0]","49.3 [6.7, 147.8]",,"27.3 [6.7, 117.7]","13.1 [3.5, 100.8]","41.0 [9.4, 125.2]","66.0 [16.1, 174.2]","34.5 [8.6, 104.6]","26.5 [4.4, 90.3]","19.1 [3.6, 108.5]","36.5 [9.0, 116.4]","23.4 [4.0, 109.3]","27.4 [2.5, 174.2]","25.9 [6.9, 126.0]","3.8 [1.8, 20.4]","41.7 [6.7, 125.6]",,,"27.9 [4.2, 108.9]","27.7 [18.0, 65.4]","41.5 [12.3, 133.8]","77.5 [13.1, 146.9]",,"29.2 [4.1, 100.6]","43.8 [9.4, 129.2]","19.8 [4.0, 93.9]","25.7 [1.8, 146.9]","46.8 [12.1, 176.1]","4.0 [1.8, 12.9]","25.5 [4.3, 101.5]",,,,,"42.8 [7.8, 102.1]",,,"9.9 [2.6, 99.2]","24.2 [4.0, 44.2]",,"17.3 [1.8, 176.1]"
"  Extubation failure ≤48hr, n (% of extubated)",794 (10.7%),"2,623 (23.6%)","2,560 (15.0%)","1,212 (8.6%)",309 (12.0%),"2,359 (13.7%)",941 (6.9%),732 (12.6%),"1,023 (12.4%)","1,257 (19.4%)","2,421 (18.0%)","2,102 (10.6%)","3,746 (16.3%)","22,079 (13.8%)",,,,,,,,,,,,49 (13.0%),,49 (13.0%),,,,,,,,,,,71 (16.8%),88 (12.4%),,159 (14.0%),,,,,,,,,,,114 (16.1%),89 (10.2%),,203 (12.8%),,,,,,,,,,,142 (18.3%),120 (12.0%),,262 (14.8%),,,,,,,,,<10,,134 (16.8%),151 (12.4%),,285 (14.1%),,,,,,,60 (4.4%),,17 (25.0%),,169 (20.1%),147 (10.9%),,393 (10.9%),,,109 (13.9%),,,,71 (5.3%),,105 (14.7%),,164 (18.6%),163 (11.2%),191 (15.4%),803 (12.5%),,,224 (14.3%),,,150 (11.6%),70 (4.7%),74 (13.2%),111 (14.8%),117 (17.3%),164 (18.4%),142 (9.9%),446 (17.5%),"1,498 (13.4%)",,,271 (16.2%),,,227 (14.6%),106 (6.8%),73 (10.4%),104 (13.3%),137 (18.5%),188 (20.2%),158 (10.7%),462 (17.8%),"1,726 (14.4%)",45 (16.4%),,391 (19.1%),,,310 (15.8%),121 (7.8%),110 (14.2%),117 (13.7%),171 (21.3%),193 (19.8%),189 (12.5%),508 (19.4%),"2,155 (16.1%)",185 (13.4%),,311 (15.6%),,,287 (14.3%),162 (10.4%),89 (13.8%),135 (13.8%),192 (19.8%),216 (17.9%),173 (10.9%),470 (17.4%),"2,220 (14.8%)",126 (9.8%),168 (25.8%),305 (15.7%),,,276 (12.9%),105 (7.0%),105 (15.8%),125 (12.2%),227 (19.5%),202 (17.7%),153 (9.4%),427 (15.2%),"2,219 (13.9%)",140 (9.9%),529 (18.1%),271 (13.1%),,154 (11.5%),305 (12.1%),96 (6.3%),80 (12.2%),130 (12.5%),213 (20.2%),225 (18.5%),161 (9.8%),429 (14.6%),"2,733 (13.4%)",131 (9.6%),661 (21.0%),245 (11.8%),,155 (12.7%),423 (14.8%),147 (8.7%),77 (10.0%),119 (9.9%),200 (18.5%),204 (16.7%),158 (9.7%),411 (14.0%),"2,931 (13.8%)",145 (9.8%),"1,047 (28.9%)",285 (13.8%),,,381 (13.2%),<10,104 (12.0%),59 (7.0%),,206 (16.2%),150 (9.0%),402 (15.2%),"2,779 (16.0%)",22 (8.9%),218 (28.0%),148 (16.3%),,,,,20 (12.3%),,,29 (20.4%),11 (5.4%),,448 (18.3%)
"Peak NEE (mcg/kg/min), median [Q1, Q3]","0.330 [0.122, 0.902]","0.280 [0.110, 0.950]","0.340 [0.110, 1.240]","0.270 [0.110, 0.700]","0.280 [0.090, 0.740]","0.290 [0.116, 0.739]","0.109 [0.030, 0.360]","0.307 [0.087, 1.022]","0.275 [0.120, 0.609]","0.350 [0.119, 0.900]","0.300 [0.110, 0.843]","0.220 [0.100, 0.500]","0.292 [0.100, 0.811]","0.3 [0.0, 1.2]",,,,,,,,,,,,"0.220 [0.086, 0.550]",,"0.2 [0.1, 0.6]",,,,,,,,,,,"0.255 [0.081, 0.718]","0.200 [0.084, 0.470]",,"0.2 [0.1, 0.7]",,,,,,,,,,,"0.257 [0.090, 0.733]","0.238 [0.091, 0.669]",,"0.2 [0.1, 0.7]",,,,,,,,,,,"0.240 [0.090, 0.718]","0.192 [0.080, 0.480]",,"0.2 [0.1, 0.7]",,,,,,,,,"0.380 [0.336, 0.423]",,"0.248 [0.093, 0.703]","0.193 [0.090, 0.430]",,"0.2 [0.1, 0.7]",,,,,,,"0.087 [0.025, 0.270]",,"0.373 [0.090, 0.786]",,"0.254 [0.096, 0.727]","0.181 [0.080, 0.415]",,"0.2 [0.0, 0.8]",,,"0.280 [0.090, 1.085]",,,,"0.100 [0.029, 0.300]",,"0.217 [0.105, 0.443]",,"0.280 [0.100, 0.801]","0.183 [0.081, 0.440]","0.181 [0.070, 0.441]","0.2 [0.0, 1.1]",,,"0.300 [0.100, 1.200]",,,"0.250 [0.104, 0.592]","0.088 [0.027, 0.280]","0.254 [0.052, 1.012]","0.235 [0.103, 0.500]","0.300 [0.090, 0.810]","0.306 [0.109, 0.888]","0.202 [0.081, 0.479]","0.187 [0.068, 0.458]","0.2 [0.0, 1.2]",,,"0.340 [0.110, 1.200]",,,"0.253 [0.102, 0.592]","0.096 [0.028, 0.315]","0.266 [0.059, 0.973]","0.248 [0.102, 0.606]","0.318 [0.100, 0.860]","0.346 [0.121, 0.946]","0.200 [0.090, 0.490]","0.209 [0.077, 0.507]","0.2 [0.0, 1.2]","0.314 [0.111, 0.948]",,"0.450 [0.130, 1.650]",,,"0.278 [0.110, 0.686]","0.100 [0.028, 0.360]","0.451 [0.108, 1.551]","0.260 [0.138, 0.611]","0.350 [0.120, 0.900]","0.344 [0.130, 1.039]","0.230 [0.100, 0.550]","0.238 [0.085, 0.664]","0.3 [0.0, 1.6]","0.314 [0.112, 0.950]",,"0.350 [0.120, 1.440]",,,"0.277 [0.106, 0.690]","0.120 [0.032, 0.400]","0.351 [0.101, 1.235]","0.303 [0.125, 0.715]","0.350 [0.112, 0.900]","0.320 [0.120, 0.940]","0.260 [0.120, 0.620]","0.372 [0.115, 1.078]","0.3 [0.0, 1.4]","0.303 [0.110, 0.844]","0.270 [0.100, 0.960]","0.320 [0.110, 1.200]",,,"0.269 [0.109, 0.697]","0.130 [0.037, 0.440]","0.348 [0.096, 1.358]","0.304 [0.131, 0.595]","0.360 [0.130, 0.930]","0.340 [0.120, 0.960]","0.240 [0.110, 0.540]","0.341 [0.106, 1.030]","0.3 [0.0, 1.4]","0.314 [0.114, 0.865]","0.270 [0.100, 0.850]","0.330 [0.120, 1.150]",,"0.300 [0.100, 0.830]","0.273 [0.113, 0.678]","0.140 [0.040, 0.480]","0.313 [0.096, 0.984]","0.315 [0.159, 0.632]","0.365 [0.120, 0.930]","0.320 [0.120, 0.800]","0.240 [0.110, 0.520]","0.365 [0.123, 1.067]","0.3 [0.0, 1.1]","0.333 [0.127, 0.893]","0.240 [0.100, 0.740]","0.340 [0.120, 1.150]",,"0.250 [0.080, 0.660]","0.333 [0.130, 0.940]","0.160 [0.044, 0.510]","0.269 [0.091, 0.870]","0.318 [0.133, 0.679]","0.350 [0.120, 0.940]","0.320 [0.120, 0.840]","0.240 [0.110, 0.490]","0.368 [0.138, 1.042]","0.3 [0.0, 1.1]","0.372 [0.146, 0.908]","0.340 [0.130, 1.130]","0.330 [0.120, 1.150]",,,"0.350 [0.140, 0.967]","0.072 [0.023, 0.343]","0.277 [0.101, 0.699]","0.301 [0.121, 0.673]",,"0.320 [0.120, 0.850]","0.240 [0.110, 0.520]","0.402 [0.154, 1.118]","0.3 [0.0, 1.1]","0.386 [0.133, 0.962]","0.380 [0.140, 1.245]","0.300 [0.100, 1.100]",,,,,"0.295 [0.098, 0.667]",,,"0.310 [0.130, 0.690]","0.240 [0.120, 0.500]",,"0.3 [0.1, 1.2]"
"Median NEE (mcg/kg/min), median [Q1, Q3]","0.053 [0.029, 0.094]","0.060 [0.035, 0.100]","0.063 [0.035, 0.140]","0.070 [0.040, 0.120]","0.050 [0.020, 0.100]","0.064 [0.035, 0.120]","0.030 [0.013, 0.060]","0.068 [0.036, 0.130]","0.058 [0.034, 0.094]","0.080 [0.040, 0.160]","0.080 [0.042, 0.161]","0.055 [0.030, 0.100]","0.060 [0.030, 0.112]","0.1 [0.0, 0.2]",,,,,,,,,,,,"0.050 [0.030, 0.100]",,"0.1 [0.0, 0.1]",,,,,,,,,,,"0.086 [0.040, 0.180]","0.050 [0.030, 0.093]",,"0.1 [0.0, 0.2]",,,,,,,,,,,"0.083 [0.042, 0.181]","0.051 [0.030, 0.100]",,"0.1 [0.0, 0.2]",,,,,,,,,,,"0.078 [0.040, 0.160]","0.055 [0.030, 0.101]",,"0.1 [0.0, 0.2]",,,,,,,,,"0.045 [0.042, 0.049]",,"0.077 [0.040, 0.156]","0.054 [0.030, 0.100]",,"0.1 [0.0, 0.2]",,,,,,,"0.026 [0.011, 0.058]",,"0.077 [0.051, 0.108]",,"0.081 [0.040, 0.162]","0.050 [0.030, 0.100]",,"0.0 [0.0, 0.2]",,,"0.060 [0.030, 0.150]",,,,"0.030 [0.013, 0.060]",,"0.059 [0.037, 0.100]",,"0.082 [0.041, 0.172]","0.051 [0.030, 0.100]","0.049 [0.026, 0.089]","0.1 [0.0, 0.2]",,,"0.064 [0.032, 0.150]",,,"0.064 [0.035, 0.117]","0.027 [0.011, 0.060]","0.071 [0.033, 0.155]","0.057 [0.033, 0.095]","0.070 [0.030, 0.170]","0.093 [0.046, 0.184]","0.055 [0.030, 0.100]","0.049 [0.025, 0.090]","0.1 [0.0, 0.2]",,,"0.062 [0.035, 0.150]",,,"0.063 [0.035, 0.115]","0.027 [0.012, 0.060]","0.061 [0.033, 0.127]","0.062 [0.036, 0.098]","0.075 [0.034, 0.160]","0.084 [0.041, 0.188]","0.053 [0.030, 0.100]","0.050 [0.026, 0.093]","0.1 [0.0, 0.2]","0.053 [0.027, 0.097]",,"0.070 [0.040, 0.150]",,,"0.061 [0.033, 0.113]","0.028 [0.012, 0.060]","0.077 [0.041, 0.157]","0.055 [0.035, 0.093]","0.080 [0.035, 0.171]","0.090 [0.045, 0.173]","0.060 [0.030, 0.100]","0.054 [0.027, 0.099]","0.1 [0.0, 0.2]","0.050 [0.027, 0.091]",,"0.065 [0.030, 0.150]",,,"0.061 [0.033, 0.113]","0.030 [0.014, 0.060]","0.071 [0.038, 0.140]","0.057 [0.036, 0.087]","0.080 [0.040, 0.170]","0.080 [0.040, 0.165]","0.055 [0.030, 0.100]","0.064 [0.030, 0.119]","0.1 [0.0, 0.2]","0.050 [0.026, 0.095]","0.055 [0.030, 0.100]","0.060 [0.035, 0.140]",,,"0.063 [0.034, 0.117]","0.030 [0.015, 0.060]","0.072 [0.036, 0.139]","0.052 [0.031, 0.082]","0.080 [0.040, 0.171]","0.080 [0.045, 0.170]","0.055 [0.030, 0.100]","0.062 [0.030, 0.119]","0.1 [0.0, 0.2]","0.050 [0.028, 0.092]","0.055 [0.030, 0.100]","0.065 [0.040, 0.145]",,"0.050 [0.025, 0.100]","0.062 [0.035, 0.115]","0.035 [0.017, 0.063]","0.069 [0.037, 0.132]","0.059 [0.033, 0.100]","0.080 [0.040, 0.160]","0.080 [0.045, 0.150]","0.060 [0.030, 0.100]","0.066 [0.032, 0.124]","0.1 [0.0, 0.2]","0.054 [0.030, 0.096]","0.050 [0.030, 0.095]","0.065 [0.040, 0.140]",,"0.050 [0.020, 0.090]","0.068 [0.037, 0.130]","0.040 [0.020, 0.070]","0.067 [0.035, 0.126]","0.056 [0.034, 0.095]","0.080 [0.040, 0.150]","0.080 [0.045, 0.150]","0.060 [0.030, 0.095]","0.067 [0.036, 0.127]","0.1 [0.0, 0.1]","0.057 [0.033, 0.095]","0.060 [0.040, 0.100]","0.060 [0.035, 0.135]",,,"0.069 [0.038, 0.131]","0.023 [0.011, 0.060]","0.061 [0.036, 0.105]","0.058 [0.031, 0.086]",,"0.080 [0.040, 0.150]","0.060 [0.030, 0.100]","0.074 [0.041, 0.136]","0.1 [0.0, 0.1]","0.055 [0.031, 0.095]","0.060 [0.040, 0.120]","0.060 [0.030, 0.120]",,,,,"0.056 [0.031, 0.103]",,,"0.070 [0.040, 0.150]","0.060 [0.030, 0.100]",,"0.1 [0.0, 0.1]"
"28-day NIDFD (NIPPV/HFNC encounters), n (%)","4,565 (30.6%)","9,855 (28.4%)","15,156 (34.5%)","3,106 (11.5%)","2,132 (34.6%)","16,179 (27.7%)","4,437 (14.3%)","3,765 (24.8%)","4,191 (26.4%)","4,146 (21.8%)","6,176 (22.7%)","18,677 (32.9%)","21,934 (36.8%)","114,319 (27.9%)",,,,,,,,,,,,304 (36.7%),,304 (36.7%),,,,,,,,,,,129 (16.4%),634 (40.8%),,763 (32.6%),,,,,,,,,,,240 (17.2%),709 (37.0%),,949 (28.6%),,,,,,,,,,,264 (18.4%),833 (30.7%),,"1,097 (26.5%)",,,,,,,,,0 (0.0%),,262 (17.1%),982 (29.8%),,"1,244 (25.8%)",,,,,,,366 (14.2%),,31 (31.3%),,385 (23.5%),"1,026 (28.4%)",,"1,808 (22.8%)",,,594 (31.1%),,,,375 (14.9%),,340 (24.4%),,354 (20.6%),"1,300 (32.5%)",996 (32.8%),"3,959 (27.2%)",,,"1,327 (32.4%)",,,886 (20.6%),442 (15.9%),313 (19.7%),338 (23.0%),457 (27.9%),407 (22.7%),"1,405 (33.4%)","2,157 (32.8%)","7,732 (27.2%)",,,"1,446 (33.0%)",,,"1,320 (24.8%)",587 (18.8%),377 (22.5%),361 (23.4%),546 (26.7%),471 (23.6%),"1,244 (29.2%)","2,307 (34.4%)","8,659 (27.9%)",174 (29.8%),,"1,856 (38.6%)",,,"1,878 (31.7%)",605 (19.2%),537 (29.9%),275 (18.2%),571 (24.0%),489 (25.1%),"1,368 (30.8%)","2,289 (35.5%)","10,042 (30.5%)",733 (28.6%),,"1,679 (33.3%)",,,"1,960 (28.8%)",600 (18.2%),421 (25.8%),418 (23.5%),634 (21.2%),550 (22.9%),"1,652 (37.1%)","2,664 (39.0%)","11,311 (29.9%)",786 (30.6%),550 (30.9%),"1,655 (33.4%)",,,"1,963 (26.5%)",572 (17.6%),454 (25.8%),537 (27.0%),705 (22.7%),538 (22.5%),"1,565 (33.3%)","2,702 (37.9%)","12,027 (29.3%)",795 (28.6%),"2,383 (32.9%)","1,746 (32.5%)",,"1,076 (34.8%)","2,282 (25.4%)",576 (18.0%),419 (23.7%),615 (29.5%),570 (17.3%),633 (25.1%),"1,730 (33.3%)","2,842 (37.6%)","15,667 (29.5%)",873 (29.5%),"2,639 (33.7%)","1,943 (35.5%)",,"1,056 (34.5%)","2,790 (29.4%)",305 (8.6%),491 (24.5%),728 (31.3%),663 (18.7%),688 (27.1%),"1,771 (33.3%)","3,148 (39.5%)","17,095 (30.5%)","1,027 (34.3%)","3,511 (24.8%)","1,991 (36.6%)",,,"3,100 (30.7%)",<10,628 (25.6%),548 (32.4%),,687 (24.6%),"1,894 (34.1%)","2,829 (38.1%)","16,215 (30.8%)",177 (36.0%),772 (20.6%),919 (36.9%),,,,,125 (25.9%),,,79 (23.2%),260 (32.7%),,"2,332 (27.9%)"
"  NIDFD, median [Q1, Q3]","22 [0, 26]","20 [0, 26]","20 [0, 26]","24 [0, 26]","21 [1, 26]","21 [0, 26]","22 [0, 26]","16 [0, 25]","23 [0, 26]","16 [0, 25]","19 [0, 26]","21 [0, 26]","22 [0, 26]","20.8 [0, 26]",,,,,,,,,,,,"20 [0, 26]",,"20 [0, 26]",,,,,,,,,,,"15 [0, 26]","21 [0, 26]",,"19.0 [0, 26]",,,,,,,,,,,"18 [0, 26]","20 [0, 26]",,"19.2 [0, 26]",,,,,,,,,,,"21 [0, 26]","20 [0, 26]",,"20.3 [0, 26]",,,,,,,,,,,"18 [0, 26]","22 [0, 26]",,"20.7 [0, 26]",,,,,,,"22 [11, 26]",,"25 [12, 26]",,"21 [0, 26]","22 [0, 26]",,"21.8 [0, 26]",,,"21 [0, 26]",,,,"22 [3, 26]",,"24 [0, 26]",,"20 [0, 26]","23 [0, 26]","22 [3, 26]","22.1 [0, 26]",,,"20 [0, 26]",,,"22 [0, 26]","22 [0, 26]","19 [0, 25]","24 [0, 26]","11 [0, 24]","22 [0, 26]","23 [0, 26]","23 [5, 26]","21.4 [0, 26]",,,"20 [0, 26]",,,"23 [0, 26]","22 [0, 26]","19 [0, 25]","23 [0, 26]","15 [0, 25]","20 [0, 26]","22 [0, 26]","22 [1, 26]","21.2 [0, 26]","20 [0, 25]",,"19 [0, 26]",,,"21 [0, 26]","21 [0, 26]","11 [0, 25]","23 [0, 26]","13 [0, 24]","20 [0, 26]","19 [0, 26]","22 [0, 26]","19.5 [0, 26]","21 [0, 26]",,"18 [0, 26]",,,"19 [0, 26]","22 [0, 26]","13 [0, 25]","22 [0, 26]","14 [0, 25]","20 [0, 27]","18 [0, 26]","22 [0, 26]","19.2 [0, 27]","22 [0, 26]","16 [0, 25]","20 [0, 26]",,,"20 [0, 26]","22 [0, 26]","11 [0, 25]","22 [0, 26]","18 [0, 26]","19 [0, 26]","21 [0, 26]","22 [0, 26]","20.1 [0, 26]","22 [0, 26]","19 [0, 26]","19 [0, 26]",,"20 [0, 26]","21 [0, 26]","22 [0, 26]","17 [0, 25]","21 [0, 26]","19 [0, 25]","18 [0, 26]","22 [0, 26]","22 [0, 26]","20.4 [0, 26]","22 [0, 26]","20 [0, 26]","21 [0, 26]",,"21 [3, 26]","21 [0, 26]","22 [0, 27]","15 [0, 26]","23 [0, 26]","20 [0, 25]","18 [0, 26]","22 [0, 26]","22 [0, 26]","20.9 [0, 27]","23 [0, 26]","21 [0, 26]","20 [0, 26]",,,"22 [0, 26]","24 [7, 26]","20 [0, 26]","22 [0, 26]",,"19 [0, 26]","21 [0, 26]","22 [0, 26]","21.4 [0, 26]","23 [4, 26]","21 [0, 25]","21 [0, 26]",,,,,"18 [0, 25]",,,"22 [0, 26]","22 [0, 26]",,"21.1 [0, 26]"
"Vasopressor encounters, n (%)","14,932 (100.0%)","34,736 (100.0%)","43,979 (100.0%)","27,022 (100.0%)","6,155 (100.0%)","58,342 (100.0%)","31,095 (100.0%)","15,163 (100.0%)","15,902 (100.0%)","19,004 (100.0%)","27,230 (100.0%)","56,854 (100.0%)","59,664 (100.0%)","410,078 (100.0%)",,,,,,,,,,,,829 (100.0%),,829 (100.0%),,,,,,,,,,,785 (100.0%),"1,553 (100.0%)",,"2,338 (100.0%)",,,,,,,,,,,"1,397 (100.0%)","1,917 (100.0%)",,"3,314 (100.0%)",,,,,,,,,,,"1,436 (100.0%)","2,710 (100.0%)",,"4,146 (100.0%)",,,,,,,,,<10,,"1,532 (100.0%)","3,291 (100.0%)",,"4,823 (100.0%)",,,,,,,"2,582 (100.0%)",,99 (100.0%),,"1,637 (100.0%)","3,619 (100.0%)",,"7,937 (100.0%)",,,"1,908 (100.0%)",,,,"2,510 (100.0%)",,"1,396 (100.0%)",,"1,720 (100.0%)","4,005 (100.0%)","3,033 (100.0%)","14,572 (100.0%)",,,"4,102 (100.0%)",,,"4,309 (100.0%)","2,782 (100.0%)","1,590 (100.0%)","1,467 (100.0%)","1,639 (100.0%)","1,790 (100.0%)","4,206 (100.0%)","6,576 (100.0%)","28,461 (100.0%)",,,"4,378 (100.0%)",,,"5,316 (100.0%)","3,116 (100.0%)","1,672 (100.0%)","1,542 (100.0%)","2,045 (100.0%)","1,999 (100.0%)","4,260 (100.0%)","6,700 (100.0%)","31,028 (100.0%)",584 (100.0%),,"4,811 (100.0%)",,,"5,918 (100.0%)","3,143 (100.0%)","1,795 (100.0%)","1,511 (100.0%)","2,377 (100.0%)","1,948 (100.0%)","4,440 (100.0%)","6,439 (100.0%)","32,966 (100.0%)","2,564 (100.0%)",,"5,039 (100.0%)",,,"6,796 (100.0%)","3,304 (100.0%)","1,630 (100.0%)","1,782 (100.0%)","2,988 (100.0%)","2,399 (100.0%)","4,452 (100.0%)","6,827 (100.0%)","37,781 (100.0%)","2,565 (100.0%)","1,778 (99.9%)","4,958 (100.0%)",,,"7,407 (100.0%)","3,249 (100.0%)","1,763 (100.0%)","1,992 (100.0%)","3,099 (100.0%)","2,395 (100.0%)","4,703 (100.0%)","7,135 (100.0%)","41,044 (100.0%)","2,777 (100.0%)","7,239 (100.0%)","5,376 (100.0%)",,"3,095 (100.0%)","8,994 (100.0%)","3,198 (100.0%)","1,770 (100.0%)","2,088 (100.0%)","3,303 (100.0%)","2,518 (100.0%)","5,200 (100.0%)","7,555 (100.0%)","53,113 (100.0%)","2,956 (100.0%)","7,820 (100.0%)","5,478 (100.0%)",,"3,060 (100.0%)","9,501 (100.0%)","3,556 (100.0%)","2,008 (100.0%)","2,328 (100.0%)","3,553 (100.0%)","2,543 (100.0%)","5,314 (100.0%)","7,969 (100.0%)","56,086 (100.0%)","2,994 (100.0%)","14,150 (100.0%)","5,438 (100.0%)",,,"10,101 (100.0%)","3,655 (100.0%)","2,452 (100.0%)","1,693 (100.0%)",,"2,791 (100.0%)","5,560 (100.0%)","7,430 (100.0%)","56,264 (100.0%)",492 (100.0%),"3,749 (100.0%)","2,491 (100.0%)",,,,,483 (100.0%),,,340 (100.0%),795 (100.0%),,"8,350 (100.0%)"
"  Norepinephrine, n (%)","12,709 (85.1%)","28,358 (81.6%)","39,336 (89.4%)","15,121 (56.0%)","5,949 (96.7%)","41,372 (70.9%)","21,266 (68.4%)","13,393 (88.3%)","15,620 (98.2%)","12,650 (66.6%)","22,584 (82.9%)","36,946 (65.0%)","44,637 (74.8%)","309,941 (75.6%)",,,,,,,,,,,,422 (50.9%),,422 (50.9%),,,,,,,,,,,493 (62.8%),823 (53.0%),,"1,316 (56.3%)",,,,,,,,,,,866 (62.0%),"1,028 (53.6%)",,"1,894 (57.2%)",,,,,,,,,,,926 (64.5%),"1,347 (49.7%)",,"2,273 (54.8%)",,,,,,,,,<10,,"1,049 (68.5%)","1,712 (52.0%)",,"2,761 (57.2%)",,,,,,,"1,722 (66.7%)",,96 (97.0%),,"1,204 (73.5%)","2,004 (55.4%)",,"5,026 (63.3%)",,,"1,402 (73.5%)",,,,"1,722 (68.6%)",,"1,357 (97.2%)",,"1,286 (74.8%)","2,380 (59.4%)","1,493 (49.2%)","9,640 (66.2%)",,,"3,183 (77.6%)",,,"2,803 (65.0%)","1,866 (67.1%)","1,161 (73.0%)","1,431 (97.5%)","1,090 (66.5%)","1,393 (77.8%)","2,523 (60.0%)","3,434 (52.2%)","18,884 (66.4%)",,,"3,644 (83.2%)",,,"3,360 (63.2%)","2,165 (69.5%)","1,336 (79.9%)","1,490 (96.6%)","1,386 (67.7%)","1,624 (81.2%)","2,526 (59.3%)","3,816 (57.0%)","21,347 (68.8%)",457 (78.3%),,"4,302 (89.4%)",,,"4,319 (73.0%)","2,156 (68.6%)","1,591 (88.6%)","1,478 (97.8%)","1,635 (68.8%)","1,694 (87.0%)","3,018 (68.0%)","4,558 (70.8%)","25,208 (76.5%)","2,122 (82.8%)",,"4,557 (90.4%)",,,"4,755 (70.0%)","2,433 (73.6%)","1,439 (88.3%)","1,759 (98.7%)","1,942 (65.0%)","2,169 (90.4%)","3,227 (72.5%)","5,408 (79.2%)","29,811 (78.9%)","2,079 (81.1%)","1,659 (93.3%)","4,556 (91.9%)",,,"5,210 (70.3%)","2,396 (73.7%)","1,572 (89.2%)","1,967 (98.7%)","2,058 (66.4%)","2,212 (92.4%)","3,277 (69.7%)","5,927 (83.1%)","32,913 (80.2%)","2,414 (86.9%)","6,748 (93.2%)","4,991 (92.8%)",,"2,988 (96.5%)","6,376 (70.9%)","2,424 (75.8%)","1,601 (90.5%)","2,068 (99.0%)","2,170 (65.7%)","2,355 (93.5%)","3,687 (70.9%)","6,419 (85.0%)","44,241 (83.3%)","2,573 (87.0%)","7,225 (92.4%)","5,179 (94.5%)",,"2,961 (96.8%)","7,017 (73.9%)","2,877 (80.9%)","1,887 (94.0%)","2,296 (98.6%)","2,369 (66.7%)","2,375 (93.4%)","3,873 (72.9%)","6,941 (87.1%)","47,573 (84.8%)","2,615 (87.3%)","10,188 (72.0%)","5,146 (94.6%)",,,"7,532 (74.6%)","1,505 (41.2%)","2,344 (95.6%)","1,674 (98.9%)",,"2,619 (93.8%)","4,455 (80.1%)","6,641 (89.4%)","44,719 (79.5%)",449 (91.3%),"2,538 (67.7%)","2,376 (95.4%)",,,,,462 (95.7%),,,319 (93.8%),644 (81.0%),,"6,788 (81.3%)"
"    Norepinephrine dose (mcg/kg/min), median [Q1, Q3]","0.05 [0.03, 0.08]","0.05 [0.03, 0.06]","0.05 [0.03, 0.08]","0.07 [0.03, 0.10]","0.04 [0.02, 0.06]","0.05 [0.02, 0.07]","0.02 [0.02, 0.04]","0.06 [0.04, 0.09]","0.05 [0.03, 0.08]","0.08 [0.04, 0.12]","0.05 [0.03, 0.08]","0.04 [0.03, 0.07]","0.05 [0.03, 0.07]","0.0 [0.0, 0.1]",,,,,,,,,,,,"0.06 [0.04, 0.10]",,"0.1 [0.0, 0.1]",,,,,,,,,,,"0.06 [0.03, 0.08]","0.06 [0.03, 0.09]",,"0.1 [0.0, 0.1]",,,,,,,,,,,"0.06 [0.04, 0.08]","0.06 [0.03, 0.09]",,"0.1 [0.0, 0.1]",,,,,,,,,,,"0.06 [0.04, 0.08]","0.06 [0.03, 0.09]",,"0.1 [0.0, 0.1]",,,,,,,,,"0.04 [0.02, 0.09]",,"0.06 [0.04, 0.08]","0.05 [0.03, 0.08]",,"0.1 [0.0, 0.1]",,,,,,,"0.02 [0.01, 0.04]",,"0.06 [0.04, 0.12]",,"0.05 [0.03, 0.07]","0.05 [0.03, 0.07]",,"0.0 [0.0, 0.1]",,,"0.07 [0.04, 0.10]",,,,"0.02 [0.01, 0.04]",,"0.06 [0.03, 0.09]",,"0.05 [0.03, 0.08]","0.05 [0.03, 0.07]","0.06 [0.03, 0.09]","0.1 [0.0, 0.1]",,,"0.06 [0.04, 0.10]",,,"0.05 [0.03, 0.08]","0.02 [0.01, 0.04]","0.07 [0.05, 0.10]","0.06 [0.03, 0.08]","0.08 [0.05, 0.13]","0.05 [0.03, 0.08]","0.05 [0.03, 0.07]","0.05 [0.03, 0.08]","0.1 [0.0, 0.1]",,,"0.06 [0.03, 0.10]",,,"0.05 [0.03, 0.07]","0.02 [0.02, 0.04]","0.06 [0.04, 0.08]","0.06 [0.03, 0.09]","0.08 [0.04, 0.12]","0.05 [0.03, 0.07]","0.05 [0.03, 0.07]","0.05 [0.03, 0.08]","0.1 [0.0, 0.1]","0.06 [0.03, 0.09]",,"0.06 [0.03, 0.10]",,,"0.05 [0.02, 0.07]","0.02 [0.02, 0.04]","0.07 [0.04, 0.10]","0.05 [0.03, 0.08]","0.08 [0.04, 0.11]","0.05 [0.03, 0.08]","0.05 [0.03, 0.07]","0.05 [0.03, 0.07]","0.1 [0.0, 0.1]","0.05 [0.03, 0.09]",,"0.06 [0.03, 0.09]",,,"0.05 [0.02, 0.08]","0.02 [0.02, 0.04]","0.06 [0.04, 0.09]","0.05 [0.03, 0.08]","0.08 [0.05, 0.12]","0.05 [0.03, 0.07]","0.04 [0.03, 0.07]","0.04 [0.02, 0.06]","0.0 [0.0, 0.1]","0.05 [0.03, 0.08]","0.05 [0.03, 0.07]","0.05 [0.03, 0.08]",,,"0.05 [0.03, 0.08]","0.03 [0.02, 0.04]","0.07 [0.04, 0.09]","0.05 [0.03, 0.08]","0.08 [0.04, 0.12]","0.05 [0.03, 0.07]","0.04 [0.03, 0.06]","0.04 [0.02, 0.06]","0.0 [0.0, 0.1]","0.05 [0.03, 0.07]","0.05 [0.03, 0.07]","0.05 [0.03, 0.08]",,"0.04 [0.02, 0.06]","0.05 [0.02, 0.07]","0.02 [0.02, 0.04]","0.06 [0.03, 0.09]","0.05 [0.03, 0.09]","0.07 [0.04, 0.12]","0.05 [0.03, 0.07]","0.04 [0.03, 0.06]","0.04 [0.03, 0.06]","0.0 [0.0, 0.1]","0.05 [0.03, 0.07]","0.05 [0.03, 0.06]","0.05 [0.03, 0.08]",,"0.04 [0.02, 0.06]","0.04 [0.02, 0.07]","0.03 [0.02, 0.04]","0.06 [0.03, 0.08]","0.05 [0.03, 0.09]","0.07 [0.04, 0.10]","0.05 [0.03, 0.07]","0.04 [0.02, 0.06]","0.04 [0.03, 0.06]","0.0 [0.0, 0.1]","0.05 [0.03, 0.08]","0.05 [0.03, 0.06]","0.05 [0.03, 0.08]",,,"0.04 [0.02, 0.07]","0.02 [0.02, 0.04]","0.05 [0.03, 0.07]","0.05 [0.03, 0.08]",,"0.05 [0.03, 0.07]","0.04 [0.02, 0.06]","0.04 [0.03, 0.07]","0.0 [0.0, 0.1]","0.05 [0.03, 0.07]","0.05 [0.03, 0.07]","0.04 [0.02, 0.07]",,,,,"0.05 [0.03, 0.08]",,,"0.05 [0.03, 0.07]","0.04 [0.02, 0.06]",,"0.0 [0.0, 0.1]"
"  Epinephrine, n (%)","3,590 (24.0%)","9,623 (27.7%)","10,661 (24.2%)","3,786 (14.0%)","1,567 (25.5%)","10,187 (17.5%)","6,089 (19.6%)","3,054 (20.1%)","1,738 (10.9%)","4,381 (23.0%)","5,931 (21.8%)","16,782 (29.5%)","22,779 (38.2%)","100,168 (24.4%)",,,,,,,,,,,,249 (30.0%),,249 (30.0%),,,,,,,,,,,141 (18.0%),447 (28.8%),,588 (25.1%),,,,,,,,,,,265 (19.0%),563 (29.4%),,828 (25.0%),,,,,,,,,,,244 (17.0%),655 (24.2%),,899 (21.7%),,,,,,,,,<10,,280 (18.3%),758 (23.0%),,"1,038 (21.5%)",,,,,,,551 (21.3%),,12 (12.1%),,300 (18.3%),900 (24.9%),,"1,763 (22.2%)",,,492 (25.8%),,,,521 (20.8%),,179 (12.8%),,353 (20.5%),"1,097 (27.4%)","1,434 (47.3%)","4,076 (28.0%)",,,"1,149 (28.0%)",,,799 (18.5%),544 (19.6%),474 (29.8%),196 (13.4%),558 (34.0%),404 (22.6%),"1,319 (31.4%)","2,999 (45.6%)","8,442 (29.7%)",,,"1,083 (24.7%)",,,868 (16.3%),554 (17.8%),442 (26.4%),198 (12.8%),554 (27.1%),456 (22.8%),"1,300 (30.5%)","2,941 (43.9%)","8,396 (27.1%)",170 (29.1%),,972 (20.2%),,,916 (15.5%),656 (20.9%),503 (28.0%),171 (11.3%),561 (23.6%),455 (23.4%),"1,257 (28.3%)","2,791 (43.3%)","8,452 (25.6%)",677 (26.4%),,"1,145 (22.7%)",,,"1,097 (16.1%)",688 (20.8%),350 (21.5%),181 (10.2%),721 (24.1%),601 (25.1%),"1,361 (30.6%)","3,154 (46.2%)","9,975 (26.4%)",585 (22.8%),564 (31.7%),"1,139 (23.0%)",,,"1,249 (16.9%)",681 (21.0%),366 (20.8%),177 (8.9%),722 (23.3%),591 (24.7%),"1,523 (32.4%)","3,243 (45.5%)","10,840 (26.4%)",681 (24.5%),"2,392 (33.0%)","1,306 (24.3%)",,812 (26.2%),"1,501 (16.7%)",724 (22.6%),270 (15.3%),205 (9.8%),633 (19.2%),577 (22.9%),"1,674 (32.2%)","3,300 (43.7%)","14,075 (26.5%)",684 (23.1%),"2,587 (33.1%)","1,404 (25.6%)",,755 (24.7%),"1,818 (19.1%)",789 (22.2%),321 (16.0%),245 (10.5%),632 (17.8%),596 (23.4%),"1,652 (31.1%)","2,850 (35.8%)","14,333 (25.6%)",675 (22.5%),"3,363 (23.8%)","1,404 (25.8%)",,,"1,939 (19.2%)",381 (10.4%),281 (11.5%),172 (10.2%),,591 (21.2%),"1,772 (31.9%)",67 (0.9%),"10,645 (18.9%)",118 (24.0%),717 (19.1%),567 (22.8%),,,,,47 (9.7%),,,77 (22.6%),255 (32.1%),,"1,781 (21.3%)"
"    Epinephrine dose (mcg/kg/min), median [Q1, Q3]","0.02 [0.02, 0.03]","0.04 [0.03, 0.05]","0.03 [0.02, 0.04]","0.02 [0.01, 0.04]","0.03 [0.02, 0.03]","0.03 [0.02, 0.04]","0.02 [0.02, 0.04]","0.04 [0.02, 0.07]","0.08 [0.05, 0.11]","0.10 [0.05, 0.16]","0.04 [0.03, 0.05]","0.03 [0.02, 0.04]","0.03 [0.02, 0.03]","0.0 [0.0, 0.2]",,,,,,,,,,,,"0.03 [0.02, 0.04]",,"0.0 [0.0, 0.0]",,,,,,,,,,,"0.05 [0.03, 0.06]","0.02 [0.01, 0.03]",,"0.0 [0.0, 0.1]",,,,,,,,,,,"0.05 [0.05, 0.08]","0.02 [0.01, 0.03]",,"0.0 [0.0, 0.1]",,,,,,,,,,,"0.05 [0.04, 0.07]","0.03 [0.02, 0.04]",,"0.0 [0.0, 0.1]",,,,,,,,,"0.03 [0.02, 0.06]",,"0.05 [0.04, 0.07]","0.03 [0.02, 0.04]",,"0.0 [0.0, 0.1]",,,,,,,"0.02 [0.01, 0.03]",,"0.06 [0.04, 0.08]",,"0.05 [0.04, 0.08]","0.03 [0.02, 0.04]",,"0.0 [0.0, 0.1]",,,"0.03 [0.02, 0.04]",,,,"0.02 [0.02, 0.03]",,"0.08 [0.06, 0.11]",,"0.05 [0.04, 0.08]","0.03 [0.02, 0.04]","0.03 [0.02, 0.03]","0.0 [0.0, 0.1]",,,"0.03 [0.02, 0.05]",,,"0.03 [0.02, 0.04]","0.02 [0.01, 0.03]","0.02 [0.02, 0.02]","0.08 [0.05, 0.11]","0.05 [0.03, 0.08]","0.05 [0.04, 0.07]","0.03 [0.02, 0.04]","0.02 [0.02, 0.03]","0.0 [0.0, 0.1]",,,"0.03 [0.02, 0.05]",,,"0.03 [0.02, 0.04]","0.02 [0.01, 0.03]","0.02 [0.02, 0.04]","0.10 [0.08, 0.17]","0.10 [0.05, 0.16]","0.04 [0.03, 0.06]","0.03 [0.01, 0.03]","0.03 [0.02, 0.03]","0.0 [0.0, 0.2]","0.02 [0.02, 0.03]",,"0.04 [0.02, 0.05]",,,"0.03 [0.02, 0.04]","0.03 [0.02, 0.04]","0.06 [0.03, 0.10]","0.10 [0.07, 0.12]","0.10 [0.06, 0.20]","0.05 [0.03, 0.06]","0.03 [0.02, 0.04]","0.03 [0.02, 0.04]","0.0 [0.0, 0.2]","0.02 [0.02, 0.03]",,"0.03 [0.02, 0.04]",,,"0.03 [0.02, 0.05]","0.03 [0.02, 0.04]","0.05 [0.02, 0.08]","0.07 [0.05, 0.10]","0.11 [0.06, 0.20]","0.04 [0.03, 0.05]","0.03 [0.02, 0.04]","0.03 [0.02, 0.03]","0.0 [0.0, 0.2]","0.02 [0.02, 0.03]","0.04 [0.03, 0.06]","0.03 [0.02, 0.04]",,,"0.03 [0.02, 0.04]","0.02 [0.02, 0.04]","0.07 [0.03, 0.11]","0.08 [0.06, 0.11]","0.10 [0.05, 0.17]","0.04 [0.02, 0.05]","0.03 [0.02, 0.04]","0.02 [0.02, 0.03]","0.0 [0.0, 0.2]","0.02 [0.01, 0.03]","0.04 [0.03, 0.06]","0.03 [0.02, 0.04]",,"0.03 [0.02, 0.03]","0.03 [0.02, 0.05]","0.03 [0.02, 0.04]","0.05 [0.02, 0.08]","0.09 [0.06, 0.14]","0.10 [0.06, 0.20]","0.04 [0.03, 0.05]","0.03 [0.02, 0.04]","0.03 [0.02, 0.03]","0.0 [0.0, 0.2]","0.02 [0.02, 0.03]","0.04 [0.03, 0.05]","0.03 [0.03, 0.04]",,"0.03 [0.02, 0.03]","0.03 [0.02, 0.04]","0.03 [0.02, 0.04]","0.04 [0.02, 0.07]","0.07 [0.05, 0.10]","0.10 [0.05, 0.17]","0.04 [0.03, 0.05]","0.03 [0.02, 0.04]","0.03 [0.02, 0.04]","0.0 [0.0, 0.2]","0.02 [0.02, 0.03]","0.04 [0.03, 0.05]","0.03 [0.02, 0.04]",,,"0.03 [0.02, 0.04]","0.02 [0.02, 0.04]","0.03 [0.02, 0.06]","0.06 [0.04, 0.07]",,"0.04 [0.03, 0.05]","0.03 [0.02, 0.04]","0.06 [0.04, 0.08]","0.0 [0.0, 0.1]","0.02 [0.02, 0.03]","0.04 [0.03, 0.05]","0.03 [0.02, 0.04]",,,,,"0.02 [0.01, 0.03]",,,"0.04 [0.03, 0.05]","0.03 [0.02, 0.04]",,"0.0 [0.0, 0.1]"
"  Phenylephrine, n (%)","8,039 (53.8%)","8,788 (25.3%)","3,766 (8.6%)","17,295 (64.0%)",25 (0.4%),"26,861 (46.0%)","13,337 (42.9%)","3,846 (25.4%)",520 (3.3%),"10,537 (55.4%)","5,688 (20.9%)","23,517 (41.4%)","26,422 (44.3%)","148,641 (36.2%)",,,,,,,,,,,,287 (34.6%),,287 (34.6%),,,,,,,,,,,362 (46.1%),545 (35.1%),,907 (38.8%),,,,,,,,,,,650 (46.5%),792 (41.3%),,"1,442 (43.5%)",,,,,,,,,,,610 (42.5%),"1,301 (48.0%)",,"1,911 (46.1%)",,,,,,,,,0 (0.0%),,536 (35.0%),"1,589 (48.3%)",,"2,125 (44.0%)",,,,,,,"1,013 (39.2%)",,12 (12.1%),,499 (30.5%),"1,779 (49.2%)",,"3,303 (41.6%)",,,331 (17.3%),,,,973 (38.8%),,57 (4.1%),,533 (31.0%),"1,796 (44.8%)","1,916 (63.2%)","5,606 (38.5%)",,,679 (16.6%),,,"1,972 (45.8%)","1,113 (40.0%)",726 (45.7%),49 (3.3%),648 (39.5%),499 (27.9%),"1,851 (44.0%)","3,731 (56.7%)","11,268 (39.6%)",,,574 (13.1%),,,"2,608 (49.1%)","1,233 (39.6%)",562 (33.6%),71 (4.6%),"1,015 (49.6%)",527 (26.4%),"2,014 (47.3%)","3,820 (57.0%)","12,424 (40.0%)",378 (64.7%),,492 (10.2%),,,"2,518 (42.5%)","1,382 (44.0%)",499 (27.8%),43 (2.8%),"1,275 (53.6%)",402 (20.6%),"1,812 (40.8%)","3,171 (49.2%)","11,972 (36.3%)","1,654 (64.5%)",,401 (8.0%),,,"3,256 (47.9%)","1,332 (40.3%)",396 (24.3%),45 (2.5%),"1,733 (58.0%)",305 (12.7%),"1,741 (39.1%)","3,124 (45.8%)","13,987 (37.0%)","1,469 (57.3%)",198 (11.1%),293 (5.9%),,,"3,475 (46.9%)","1,422 (43.8%)",440 (25.0%),50 (2.5%),"1,820 (58.7%)",235 (9.8%),"1,925 (40.9%)","2,790 (39.1%)","14,117 (34.4%)","1,387 (49.9%)",729 (10.1%),303 (5.6%),,14 (0.5%),"4,252 (47.3%)","1,295 (40.5%)",390 (22.0%),74 (3.5%),"1,968 (59.6%)",165 (6.6%),"2,106 (40.5%)","2,743 (36.3%)","15,426 (29.2%)","1,461 (49.4%)",698 (8.9%),305 (5.6%),,11 (0.4%),"4,285 (45.1%)","1,197 (33.7%)",358 (17.8%),66 (2.8%),"2,078 (58.5%)",167 (6.6%),"2,004 (37.7%)","2,729 (34.2%)","15,359 (27.5%)","1,460 (48.7%)","5,498 (38.9%)",291 (5.4%),,,"4,495 (44.5%)","2,377 (65.0%)",385 (15.7%),53 (3.1%),,174 (6.2%),"1,739 (31.3%)","2,398 (32.3%)","18,870 (33.5%)",230 (46.7%),"1,665 (44.4%)",97 (3.9%),,,,,90 (18.6%),,,24 (7.1%),236 (29.7%),,"2,342 (28.0%)"
"    Phenylephrine dose (mcg/kg/min), median [Q1, Q3]","0.58 [0.32, 0.89]","0.50 [0.30, 0.57]","0.50 [0.28, 0.70]","0.50 [0.25, 0.80]","0.88 [0.58, 1.11]","0.41 [0.23, 0.59]","0.07 [0.04, 0.09]","0.42 [0.31, 0.56]","0.92 [0.57, 1.11]","0.50 [0.30, 0.70]","0.47 [0.31, 0.64]","0.30 [0.20, 0.45]","0.46 [0.26, 0.69]","0.4 [0.0, 1.1]",,,,,,,,,,,,"0.50 [0.30, 0.60]",,"0.5 [0.3, 0.6]",,,,,,,,,,,"0.57 [0.37, 0.77]","0.46 [0.27, 0.60]",,"0.5 [0.3, 0.8]",,,,,,,,,,,"0.48 [0.34, 0.65]","0.40 [0.20, 0.52]",,"0.4 [0.2, 0.7]",,,,,,,,,,,"0.44 [0.31, 0.62]","0.31 [0.20, 0.47]",,"0.4 [0.2, 0.6]",,,,,,,,,,,"0.44 [0.31, 0.59]","0.30 [0.20, 0.44]",,"0.3 [0.2, 0.6]",,,,,,,"0.07 [0.04, 0.10]",,"1.13 [0.90, 1.67]",,"0.40 [0.29, 0.53]","0.30 [0.18, 0.40]",,"0.3 [0.0, 1.7]",,,"0.40 [0.25, 0.60]",,,,"0.07 [0.04, 0.10]",,"0.79 [0.55, 1.03]",,"0.46 [0.30, 0.63]","0.30 [0.19, 0.40]","0.44 [0.25, 0.65]","0.4 [0.0, 1.0]",,,"0.50 [0.28, 0.70]",,,"0.42 [0.24, 0.58]","0.07 [0.04, 0.10]","0.36 [0.32, 0.40]","0.96 [0.69, 1.03]","0.70 [0.50, 1.00]","0.46 [0.32, 0.67]","0.30 [0.18, 0.40]","0.49 [0.26, 0.70]","0.4 [0.0, 1.0]",,,"0.50 [0.28, 0.66]",,,"0.41 [0.25, 0.58]","0.07 [0.04, 0.10]","0.36 [0.30, 0.42]","0.69 [0.35, 0.92]","0.50 [0.36, 0.71]","0.47 [0.31, 0.67]","0.30 [0.17, 0.40]","0.43 [0.24, 0.65]","0.4 [0.0, 0.9]","0.56 [0.29, 0.90]",,"0.50 [0.25, 0.65]",,,"0.42 [0.24, 0.60]","0.06 [0.03, 0.09]","0.58 [0.38, 0.84]","0.62 [0.28, 0.97]","0.50 [0.36, 0.75]","0.44 [0.30, 0.58]","0.30 [0.20, 0.47]","0.40 [0.23, 0.63]","0.4 [0.0, 1.0]","0.54 [0.30, 0.83]",,"0.50 [0.30, 0.80]",,,"0.41 [0.23, 0.59]","0.07 [0.04, 0.10]","0.47 [0.32, 0.66]","1.10 [1.10, 1.40]","0.50 [0.30, 0.70]","0.42 [0.30, 0.60]","0.30 [0.20, 0.50]","0.40 [0.23, 0.61]","0.4 [0.0, 1.4]","0.58 [0.33, 0.89]","0.40 [0.25, 0.50]","0.50 [0.30, 0.70]",,,"0.41 [0.23, 0.58]","0.06 [0.03, 0.09]","0.50 [0.32, 0.75]","1.89 [1.61, 1.89]","0.50 [0.30, 0.69]","0.50 [0.31, 0.69]","0.30 [0.20, 0.45]","0.40 [0.24, 0.63]","0.5 [0.0, 1.9]","0.58 [0.31, 0.88]","0.50 [0.30, 0.57]","0.50 [0.30, 0.78]",,"1.27 [0.51, 1.64]","0.39 [0.22, 0.57]","0.06 [0.03, 0.09]","0.41 [0.29, 0.58]","0.91 [0.68, 1.04]","0.50 [0.30, 0.70]","0.56 [0.38, 0.75]","0.30 [0.20, 0.50]","0.54 [0.32, 0.80]","0.5 [0.0, 1.6]","0.63 [0.35, 0.97]","0.50 [0.30, 0.52]","0.50 [0.30, 0.70]",,"0.72 [0.58, 1.05]","0.42 [0.24, 0.60]","0.07 [0.04, 0.10]","0.42 [0.28, 0.64]","0.87 [0.58, 0.92]","0.50 [0.30, 0.65]","0.48 [0.32, 0.66]","0.30 [0.20, 0.47]","0.57 [0.32, 0.83]","0.5 [0.0, 1.1]","0.56 [0.32, 0.88]","0.50 [0.30, 0.60]","0.50 [0.25, 0.74]",,,"0.40 [0.23, 0.58]","0.06 [0.03, 0.09]","0.44 [0.27, 0.67]","0.63 [0.15, 0.73]",,"0.57 [0.36, 0.76]","0.35 [0.20, 0.50]","0.58 [0.33, 0.87]","0.5 [0.0, 0.9]","0.61 [0.33, 1.16]","0.50 [0.30, 0.50]","0.55 [0.25, 0.90]",,,,,"0.56 [0.27, 0.86]",,,"0.56 [0.39, 0.79]","0.30 [0.20, 0.50]",,"0.5 [0.2, 1.2]"
"  Vasopressin, n (%)","5,154 (34.5%)","12,302 (35.4%)","11,324 (25.7%)","5,478 (20.3%)",325 (5.3%),"16,505 (28.3%)","7,348 (23.6%)","4,864 (32.1%)","4,095 (25.8%)","6,590 (34.7%)","6,106 (22.4%)","15,215 (26.8%)","17,630 (29.5%)","112,936 (27.5%)",,,,,,,,,,,,291 (35.1%),,291 (35.1%),,,,,,,,,,,130 (16.6%),435 (28.0%),,565 (24.2%),,,,,,,,,,,263 (18.8%),509 (26.6%),,772 (23.3%),,,,,,,,,,,267 (18.6%),562 (20.7%),,829 (20.0%),,,,,,,,,<10,,289 (18.9%),648 (19.7%),,937 (19.4%),,,,,,,502 (19.4%),,37 (37.4%),,290 (17.7%),805 (22.2%),,"1,634 (20.6%)",,,419 (22.0%),,,,553 (22.0%),,425 (30.4%),,366 (21.3%),"1,021 (25.5%)",880 (29.0%),"3,664 (25.1%)",,,"1,012 (24.7%)",,,"1,079 (25.0%)",568 (20.4%),374 (23.5%),473 (32.2%),591 (36.1%),421 (23.5%),"1,069 (25.4%)","1,903 (28.9%)","7,490 (26.3%)",,,"1,113 (25.4%)",,,"1,307 (24.6%)",687 (22.0%),441 (26.4%),447 (29.0%),766 (37.4%),468 (23.4%),"1,041 (24.4%)","2,001 (29.9%)","8,271 (26.7%)",235 (40.2%),,"1,294 (26.9%)",,,"1,795 (30.3%)",775 (24.7%),668 (37.2%),403 (26.7%),900 (37.9%),157 (8.1%),"1,211 (27.3%)","1,992 (30.9%)","9,430 (28.6%)","1,021 (39.8%)",,"1,279 (25.4%)",,,"2,073 (30.5%)",903 (27.3%),557 (34.2%),398 (22.3%),"1,064 (35.6%)",199 (8.3%),"1,363 (30.6%)","2,043 (29.9%)","10,900 (28.8%)",852 (33.2%),786 (44.2%),"1,205 (24.3%)",,,"2,234 (30.2%)",867 (26.7%),611 (34.7%),463 (23.2%),"1,063 (34.3%)",566 (23.6%),"1,296 (27.6%)","2,048 (28.7%)","11,991 (29.2%)",941 (33.9%),"3,143 (43.4%)","1,307 (24.3%)",,324 (10.5%),"2,496 (27.8%)",946 (29.6%),597 (33.7%),506 (24.2%),"1,068 (32.3%)",805 (32.0%),"1,535 (29.5%)","2,180 (28.9%)","15,848 (29.8%)",945 (32.0%),"3,404 (43.5%)","1,470 (26.8%)",,<10,"2,670 (28.1%)","1,049 (29.5%)",680 (33.9%),537 (23.1%),"1,138 (32.0%)",869 (34.2%),"1,516 (28.5%)","2,331 (29.3%)","16,609 (31.3%)",983 (32.8%),"4,075 (28.8%)","1,542 (28.4%)",,,"2,851 (28.2%)",498 (13.6%),779 (31.8%),404 (23.9%),,909 (32.6%),"1,677 (30.2%)","2,252 (30.3%)","15,970 (28.4%)",177 (36.0%),894 (23.8%),683 (27.4%),,,,,157 (32.5%),,,107 (31.5%),236 (29.7%),,"2,254 (27.0%)"
"  Dopamine, n (%)","1,873 (12.5%)",547 (1.6%),"2,772 (6.3%)","2,101 (7.8%)",362 (5.9%),"3,552 (6.1%)",939 (3.0%),314 (2.1%),434 (2.7%),"3,248 (17.1%)","1,804 (6.6%)","5,697 (10.0%)","1,345 (2.3%)","24,988 (6.1%)",,,,,,,,,,,,273 (32.9%),,273 (32.9%),,,,,,,,,,,145 (18.5%),413 (26.6%),,558 (23.9%),,,,,,,,,,,196 (14.0%),396 (20.7%),,592 (17.9%),,,,,,,,,,,193 (13.4%),504 (18.6%),,697 (16.8%),,,,,,,,,<10,,225 (14.7%),609 (18.5%),,834 (17.3%),,,,,,,172 (6.7%),,<10,,197 (12.0%),565 (15.6%),,934 (11.9%),,,281 (14.7%),,,,136 (5.4%),,89 (6.4%),,197 (11.5%),587 (14.7%),107 (3.5%),"1,397 (9.6%)",,,597 (14.6%),,,332 (7.7%),133 (4.8%),42 (2.6%),87 (5.9%),549 (33.5%),167 (9.3%),484 (11.5%),239 (3.6%),"2,630 (9.2%)",,,451 (10.3%),,,397 (7.5%),133 (4.3%),50 (3.0%),76 (4.9%),551 (26.9%),96 (4.8%),411 (9.6%),201 (3.0%),"2,366 (7.6%)",82 (14.0%),,268 (5.6%),,,422 (7.1%),121 (3.8%),54 (3.0%),45 (3.0%),463 (19.5%),75 (3.9%),365 (8.2%),153 (2.4%),"2,048 (6.2%)",368 (14.4%),,284 (5.6%),,,548 (8.1%),82 (2.5%),37 (2.3%),29 (1.6%),536 (17.9%),65 (2.7%),310 (7.0%),169 (2.5%),"2,428 (6.4%)",323 (12.6%),27 (1.5%),204 (4.1%),,,526 (7.1%),60 (1.8%),53 (3.0%),39 (2.0%),473 (15.3%),68 (2.8%),246 (5.2%),137 (1.9%),"2,156 (5.3%)",349 (12.6%),149 (2.1%),177 (3.3%),,205 (6.6%),497 (5.5%),43 (1.3%),30 (1.7%),29 (1.4%),351 (10.6%),49 (1.9%),201 (3.9%),118 (1.6%),"2,198 (4.1%)",357 (12.1%),157 (2.0%),191 (3.5%),,157 (5.1%),438 (4.6%),38 (1.1%),21 (1.0%),24 (1.0%),325 (9.1%),53 (2.1%),175 (3.3%),121 (1.5%),"2,057 (3.7%)",338 (11.3%),179 (1.3%),200 (3.7%),,,392 (3.9%),21 (0.6%),24 (1.0%),<10,,71 (2.5%),147 (2.6%),100 (1.3%),"1,472 (2.7%)",56 (11.4%),35 (0.9%),119 (4.8%),,,,,<10,,,<10,11 (1.4%),,221 (2.9%)
"    Dopamine dose (mcg/kg/min), median [Q1, Q3]","2.00 [2.00, 2.00]","5.00 [3.00, 5.00]","3.75 [2.50, 5.00]","4.50 [2.00, 6.00]","4.00 [3.00, 5.00]","3.00 [2.00, 5.00]","2.75 [2.00, 3.75]","5.00 [2.50, 5.00]","4.00 [3.00, 5.00]","4.00 [2.50, 5.00]","3.00 [3.00, 4.00]","4.00 [2.50, 5.00]","4.00 [2.50, 5.00]","3.8 [2, 6]",,,,,,,,,,,,"4.99 [2.50, 5.00]",,"5.0 [2.5, 5]",,,,,,,,,,,"3.50 [3.00, 4.38]","4.50 [2.75, 5.00]",,"4.2 [2.8, 5]",,,,,,,,,,,"3.00 [3.00, 4.12]","4.50 [2.50, 5.00]",,"3.9 [2.5, 5]",,,,,,,,,,,"3.00 [2.50, 4.00]","4.00 [2.50, 5.00]",,"3.7 [2.5, 5]",,,,,,,,,"0.98 [0.70, 1.25]",,"3.50 [3.00, 4.25]","3.50 [2.50, 5.00]",,"3.5 [0.7, 5]",,,,,,,"2.50 [2.00, 3.25]",,"5.00 [4.50, 5.00]",,"3.00 [2.75, 4.00]","4.00 [2.50, 5.00]",,"3.3 [2, 5]",,,"3.50 [2.25, 5.00]",,,,"3.00 [1.88, 4.38]",,"3.75 [2.50, 5.00]",,"3.00 [3.00, 4.00]","3.75 [2.50, 5.00]","4.00 [3.00, 5.00]","3.6 [1.9, 5]",,,"4.00 [2.50, 5.00]",,,"3.51 [2.00, 5.00]","3.00 [2.00, 4.00]","5.00 [2.50, 5.00]","3.75 [3.00, 4.75]","5.00 [2.77, 5.00]","3.00 [3.00, 4.00]","3.50 [2.50, 5.00]","4.00 [2.75, 5.00]","3.8 [2, 5]",,,"4.00 [2.50, 5.00]",,,"4.00 [2.50, 5.00]","2.50 [1.72, 3.75]","4.50 [2.88, 5.00]","4.00 [2.50, 5.00]","5.00 [3.00, 5.00]","3.00 [3.00, 3.38]","4.00 [2.25, 5.00]","3.25 [2.00, 4.50]","3.7 [1.7, 5]","2.00 [2.00, 2.00]",,"4.00 [2.50, 5.00]",,,"4.00 [2.01, 5.00]","2.49 [1.31, 3.00]","5.00 [3.75, 5.00]","4.00 [3.00, 5.00]","4.00 [2.50, 5.00]","3.00 [3.00, 4.00]","4.00 [2.50, 5.00]","4.00 [2.50, 5.00]","3.8 [1.3, 5]","2.00 [2.00, 2.00]",,"3.25 [2.50, 5.00]",,,"2.50 [2.00, 3.75]","2.50 [2.00, 3.00]","4.00 [2.50, 5.00]","8.00 [4.00, 10.00]","4.99 [2.50, 5.00]","4.00 [3.00, 5.00]","3.00 [2.12, 4.75]","5.00 [2.50, 5.00]","3.7 [2, 10]","2.00 [2.00, 2.00]","5.00 [3.75, 5.00]","2.50 [2.00, 3.75]",,,"2.00 [1.25, 3.50]","3.75 [2.50, 5.00]","4.75 [2.50, 5.00]","5.00 [5.00, 5.00]","3.00 [2.50, 5.00]","3.25 [3.00, 4.25]","3.00 [2.00, 4.00]","5.00 [2.50, 5.00]","3.4 [1.2, 5]","2.00 [2.00, 2.00]","5.00 [2.50, 5.00]","3.00 [2.00, 4.00]",,"5.00 [3.00, 5.00]","3.00 [2.00, 4.00]","3.00 [2.50, 5.00]","3.38 [2.50, 5.00]","5.00 [4.50, 6.25]","3.00 [2.50, 5.00]","4.00 [3.00, 5.00]","3.00 [2.25, 4.00]","4.25 [2.50, 5.00]","3.7 [2, 6.2]","2.00 [2.00, 2.00]","5.00 [3.00, 5.00]","3.62 [2.50, 5.00]",,"3.00 [2.75, 5.00]","3.00 [2.00, 5.00]","3.00 [2.00, 3.50]","2.50 [1.25, 4.06]","2.50 [2.00, 2.50]","3.00 [2.50, 4.00]","3.00 [3.00, 4.75]","3.50 [2.50, 5.00]","4.50 [2.50, 5.00]","3.5 [1.2, 5]","2.00 [2.00, 2.00]","5.00 [3.00, 5.00]","4.00 [2.50, 5.00]",,,"3.00 [2.00, 4.25]","2.00 [1.00, 3.00]","5.00 [2.50, 5.50]","2.50 [1.50, 2.50]",,"3.00 [2.75, 3.00]","4.00 [2.00, 5.00]","5.00 [2.50, 5.00]","3.9 [1, 5.5]","2.00 [2.00, 2.00]","3.00 [2.25, 3.00]","4.00 [2.25, 5.00]",,,,,"5.00 [5.00, 5.00]",,,"2.00 [1.25, 2.75]","5.00 [3.00, 6.50]",,"3.5 [1.2, 6.5]"
"Sedatives and analgesics, n (%)",,,,,,,,,,,,,,,,,,,,,,,,,,,,,,,,,,,,,,,,,,,,,,,,,,,,,,,,,,,,,,,,,,,,,,,,,,,,,,,,,,,,,,,,,,,,,,,,,,,,,,,,,,,,,,,,,,,,,,,,,,,,,,,,,,,,,,,,,,,,,,,,,,,,,,,,,,,,,,,,,,,,,,,,,,,,,,,,,,,,,,,,,,,,,,,,,,,,,,,,,,,,,,,,,,,,,,,,,,,,,,,,,,,,,,,,,,,,,,
  Propofol,"9,302 (62.3%)","7,476 (21.5%)","19,781 (45.0%)","18,355 (67.9%)","4,698 (76.3%)","36,890 (63.2%)","22,267 (71.6%)","6,578 (43.4%)","7,985 (50.2%)","12,682 (66.7%)","16,060 (59.0%)","28,096 (49.4%)","32,921 (55.2%)","223,091 (54.4%)",,,,,,,,,,,,440 (53.1%),,440 (53.1%),,,,,,,,,,,537 (68.4%),783 (50.4%),,"1,320 (56.5%)",,,,,,,,,,,879 (62.9%),879 (45.9%),,"1,758 (53.0%)",,,,,,,,,,,945 (65.8%),"1,153 (42.5%)",,"2,098 (50.6%)",,,,,,,,,<10,,985 (64.3%),"1,394 (42.4%)",,"2,379 (49.3%)",,,,,,,"1,736 (67.2%)",,43 (43.4%),,995 (60.8%),"1,622 (44.8%)",,"4,396 (55.4%)",,,827 (43.3%),,,,"1,649 (65.7%)",,558 (40.0%),,"1,062 (61.7%)","1,834 (45.8%)","1,659 (54.7%)","7,589 (52.1%)",,,"1,469 (35.8%)",,,"2,768 (64.2%)","1,953 (70.2%)",589 (37.0%),675 (46.0%),"1,042 (63.6%)","1,090 (60.9%)","1,918 (45.6%)","3,543 (53.9%)","15,047 (52.9%)",,,"1,433 (32.7%)",,,"3,497 (65.8%)","2,311 (74.2%)",707 (42.3%),670 (43.5%),"1,201 (58.7%)","1,111 (55.6%)","2,014 (47.3%)","3,461 (51.7%)","16,405 (52.9%)",415 (71.1%),,"1,949 (40.5%)",,,"3,904 (66.0%)","2,292 (72.9%)",978 (54.5%),806 (53.3%),"1,491 (62.7%)","1,176 (60.4%)","2,298 (51.8%)","3,662 (56.9%)","18,971 (57.5%)","1,806 (70.4%)",,"2,145 (42.6%)",,,"4,359 (64.1%)","2,451 (74.2%)",728 (44.7%),999 (56.1%),"2,003 (67.0%)","1,441 (60.1%)","2,502 (56.2%)","3,858 (56.5%)","22,292 (59.0%)","1,679 (65.5%)",436 (24.5%),"2,346 (47.3%)",,,"4,669 (63.0%)","2,312 (71.2%)",805 (45.7%),"1,022 (51.3%)","2,131 (68.8%)","1,360 (56.8%)","2,396 (50.9%)","4,009 (56.2%)","23,165 (56.4%)","1,839 (66.2%)","1,816 (25.1%)","2,648 (49.3%)",,"2,378 (76.8%)","5,407 (60.1%)","2,360 (73.8%)",763 (43.1%),"1,080 (51.7%)","2,295 (69.5%)","1,420 (56.4%)","2,703 (52.0%)","4,187 (55.4%)","28,896 (54.4%)","1,625 (55.0%)","2,013 (25.7%)","2,817 (51.4%)",,"2,320 (75.8%)","5,966 (62.8%)","2,565 (72.1%)",871 (43.4%),"1,251 (53.7%)","2,519 (70.9%)","1,422 (55.9%)","2,802 (52.7%)","4,373 (54.9%)","30,544 (54.5%)","1,653 (55.2%)","2,646 (18.7%)","2,833 (52.1%)",,,"6,320 (62.6%)","2,638 (72.2%)",954 (38.9%),879 (51.9%),,"1,481 (53.1%)","2,965 (53.3%)","4,169 (56.1%)","26,538 (47.2%)",285 (57.9%),565 (15.1%),"1,314 (52.7%)",,,,,183 (37.9%),,,156 (45.9%),393 (49.4%),,"2,896 (34.7%)"
  Midazolam,"1,080 (7.2%)","2,201 (6.3%)","6,442 (14.6%)","5,456 (20.2%)",332 (5.4%),"2,466 (4.2%)","1,275 (4.1%)",715 (4.7%),"3,666 (23.1%)",819 (4.3%),"3,220 (11.8%)","10,403 (18.3%)","6,333 (10.6%)","44,408 (10.8%)",,,,,,,,,,,,291 (35.1%),,291 (35.1%),,,,,,,,,,,117 (14.9%),404 (26.0%),,521 (22.3%),,,,,,,,,,,188 (13.5%),531 (27.7%),,719 (21.7%),,,,,,,,,,,186 (13.0%),594 (21.9%),,780 (18.8%),,,,,,,,,<10,,208 (13.6%),605 (18.4%),,813 (16.9%),,,,,,,107 (4.1%),,36 (36.4%),,193 (11.8%),679 (18.8%),,"1,015 (12.8%)",,,253 (13.3%),,,,91 (3.6%),,379 (27.1%),,200 (11.6%),714 (17.8%),183 (6.0%),"1,820 (12.5%)",,,524 (12.8%),,,64 (1.5%),108 (3.9%),71 (4.5%),407 (27.7%),103 (6.3%),223 (12.5%),596 (14.2%),448 (6.8%),"2,544 (8.9%)",,,571 (13.0%),,,76 (1.4%),115 (3.7%),61 (3.6%),397 (25.7%),101 (4.9%),216 (10.8%),582 (13.7%),679 (10.1%),"2,798 (9.0%)",47 (8.0%),,"1,069 (22.2%)",,,573 (9.7%),118 (3.8%),211 (11.8%),407 (26.9%),152 (6.4%),292 (15.0%),980 (22.1%),823 (12.8%),"4,672 (14.2%)",234 (9.1%),,"1,013 (20.1%)",,,447 (6.6%),248 (7.5%),90 (5.5%),412 (23.1%),159 (5.3%),286 (11.9%),"1,168 (26.2%)",990 (14.5%),"5,047 (13.4%)",202 (7.9%),159 (8.9%),765 (15.4%),,,371 (5.0%),196 (6.0%),80 (4.5%),429 (21.5%),147 (4.7%),265 (11.1%),857 (18.2%),896 (12.6%),"4,367 (10.6%)",190 (6.8%),561 (7.7%),695 (12.9%),,180 (5.8%),315 (3.5%),120 (3.8%),70 (4.0%),455 (21.8%),65 (2.0%),237 (9.4%),846 (16.3%),798 (10.6%),"4,532 (8.5%)",189 (6.4%),566 (7.2%),668 (12.2%),,152 (5.0%),317 (3.3%),115 (3.2%),54 (2.7%),474 (20.4%),92 (2.6%),273 (10.7%),772 (14.5%),798 (10.0%),"4,470 (8.0%)",187 (6.2%),775 (5.5%),657 (12.1%),,,303 (3.0%),57 (1.6%),62 (2.5%),269 (15.9%),,307 (11.0%),703 (12.6%),718 (9.7%),"4,038 (7.2%)",31 (6.3%),140 (3.7%),227 (9.1%),,,,,16 (3.3%),,,29 (8.5%),81 (10.2%),,524 (6.3%)
  Lorazepam,"3,511 (23.5%)",47 (0.1%),294 (0.7%),22 (0.1%),,433 (0.7%),114 (0.4%),65 (0.4%),10 (0.1%),18 (0.1%),33 (0.1%),"2,717 (4.8%)",597 (1.0%),"7,861 (1.9%)",,,,,,,,,,,,99 (11.9%),,99 (11.9%),,,,,,,,,,,<10,127 (8.2%),,127 (8.2%),,,,,,,,,,,<10,141 (7.4%),,141 (7.4%),,,,,,,,,,,<10,207 (7.6%),,207 (7.6%),,,,,,,,,0 (0.0%),,<10,206 (6.3%),,206 (6.3%),,,,,,,<10,,0 (0.0%),,<10,204 (5.6%),,204 (5.5%),,,19 (1.0%),,,,<10,,<10,,<10,228 (5.7%),126 (4.2%),373 (4.2%),,,43 (1.0%),,,98 (2.3%),16 (0.6%),13 (0.8%),0 (0.0%),<10,<10,209 (5.0%),268 (4.1%),647 (2.6%),,,41 (0.9%),,,101 (1.9%),20 (0.6%),11 (0.7%),<10,<10,<10,207 (4.9%),104 (1.6%),484 (1.9%),183 (31.3%),,62 (1.3%),,,105 (1.8%),<10,37 (2.1%),<10,<10,0 (0.0%),200 (4.5%),48 (0.7%),635 (2.4%),828 (32.3%),,44 (0.9%),,,70 (1.0%),<10,<10,<10,<10,<10,196 (4.4%),15 (0.2%),"1,153 (4.4%)",652 (25.4%),<10,29 (0.6%),,,26 (0.4%),<10,<10,0 (0.0%),<10,<10,189 (4.0%),11 (0.2%),907 (3.5%),695 (25.0%),26 (0.4%),31 (0.6%),,,20 (0.2%),<10,<10,<10,<10,0 (0.0%),155 (3.0%),11 (0.1%),938 (2.2%),645 (21.8%),<10,15 (0.3%),,,<10,22 (0.6%),0 (0.0%),<10,0 (0.0%),<10,168 (3.2%),<10,850 (3.8%),407 (13.6%),<10,<10,,,<10,23 (0.6%),0 (0.0%),0 (0.0%),,<10,165 (3.0%),<10,595 (3.6%),101 (20.5%),<10,<10,,,,,0 (0.0%),,,0 (0.0%),16 (2.0%),,117 (5.5%)
  Dexmedetomidine,"6,193 (41.5%)","14,015 (40.3%)","16,176 (36.8%)","5,950 (22.0%)","1,631 (26.5%)","21,246 (36.4%)","9,755 (31.4%)","5,719 (37.7%)","2,649 (16.7%)","6,058 (31.9%)","9,415 (34.6%)","21,234 (37.3%)","11,926 (20.0%)","131,967 (32.2%)",,,,,,,,,,,,124 (15.0%),,124 (15.0%),,,,,,,,,,,183 (23.3%),445 (28.7%),,628 (26.9%),,,,,,,,,,,335 (24.0%),613 (32.0%),,948 (28.6%),,,,,,,,,,,347 (24.2%),744 (27.5%),,"1,091 (26.3%)",,,,,,,,,<10,,399 (26.0%),"1,180 (35.9%)",,"1,579 (32.7%)",,,,,,,422 (16.3%),,<10,,486 (29.7%),"1,306 (36.1%)",,"2,214 (28.2%)",,,233 (12.2%),,,,545 (21.7%),,34 (2.4%),,530 (30.8%),"1,520 (38.0%)",314 (10.4%),"3,176 (21.8%)",,,"1,072 (26.1%)",,,"1,035 (24.0%)",911 (32.7%),372 (23.4%),57 (3.9%),601 (36.7%),603 (33.7%),"1,655 (39.3%)",790 (12.0%),"7,096 (24.9%)",,,"1,451 (33.1%)",,,"1,370 (25.8%)","1,119 (35.9%)",564 (33.7%),80 (5.2%),787 (38.5%),749 (37.5%),"1,795 (42.1%)",801 (12.0%),"8,716 (28.1%)",248 (42.5%),,"1,809 (37.6%)",,,"1,999 (33.8%)","1,180 (37.5%)",878 (48.9%),149 (9.9%),969 (40.8%),731 (37.5%),"1,791 (40.3%)","1,076 (16.7%)","10,830 (32.9%)","1,115 (43.5%)",,"1,949 (38.7%)",,,"2,604 (38.3%)","1,349 (40.8%)",695 (42.6%),302 (16.9%),878 (29.4%),915 (38.1%),"1,898 (42.6%)","1,306 (19.1%)","13,011 (34.4%)","1,028 (40.1%)",829 (46.6%),"1,983 (40.0%)",,,"2,945 (39.8%)","1,251 (38.5%)",756 (42.9%),437 (21.9%),897 (28.9%),886 (37.0%),"1,840 (39.1%)","1,593 (22.3%)","14,445 (35.2%)","1,087 (39.1%)","3,451 (47.7%)","2,127 (39.6%)",,802 (25.9%),"3,552 (39.5%)","1,196 (37.4%)",734 (41.5%),507 (24.3%),903 (27.3%),994 (39.5%),"1,945 (37.4%)","1,780 (23.6%)","19,078 (35.9%)","1,166 (39.4%)","3,779 (48.3%)","2,226 (40.6%)",,829 (27.1%),"3,823 (40.2%)","1,192 (33.5%)",770 (38.3%),609 (26.2%),"1,023 (28.8%)","1,032 (40.6%)","2,090 (39.3%)","2,089 (26.2%)","20,628 (36.8%)","1,331 (44.4%)","4,899 (34.6%)","2,285 (42.0%)",,,"3,918 (38.8%)",590 (16.1%),803 (32.7%),470 (27.8%),,"1,105 (39.6%)","2,044 (36.8%)","2,177 (29.3%)","19,622 (34.9%)",218 (44.3%),"1,057 (28.2%)","1,041 (41.8%)",,,,,147 (30.4%),,,120 (35.3%),244 (30.7%),,"2,827 (33.9%)"
  Fentanyl,"5,182 (34.7%)","10,222 (29.4%)","14,628 (33.3%)","9,897 (36.6%)","2,511 (40.8%)","17,180 (29.4%)","3,255 (10.5%)","6,366 (42.0%)","5,739 (36.1%)","8,432 (44.4%)","8,303 (30.5%)","18,059 (31.8%)","22,008 (36.9%)","131,782 (32.1%)",,,,,,,,,,,,322 (38.8%),,322 (38.8%),,,,,,,,,,,294 (37.5%),533 (34.3%),,827 (35.4%),,,,,,,,,,,482 (34.5%),689 (35.9%),,"1,171 (35.3%)",,,,,,,,,,,552 (38.4%),776 (28.6%),,"1,328 (32.0%)",,,,,,,,,<10,,544 (35.5%),910 (27.7%),,"1,454 (30.1%)",,,,,,,532 (20.6%),,53 (53.5%),,541 (33.0%),"1,037 (28.7%)",,"2,163 (27.3%)",,,636 (33.3%),,,,456 (18.2%),,559 (40.0%),,546 (31.7%),"1,204 (30.1%)","1,128 (37.2%)","4,529 (31.1%)",,,"1,217 (29.7%)",,,"1,046 (24.3%)",488 (17.5%),652 (41.0%),577 (39.3%),564 (34.4%),609 (34.0%),"1,141 (27.1%)","2,216 (33.7%)","8,510 (29.9%)",,,"1,410 (32.2%)",,,"1,540 (29.0%)",464 (14.9%),733 (43.8%),575 (37.3%),912 (44.6%),601 (30.1%),"1,234 (29.0%)","2,422 (36.1%)","9,891 (31.9%)",220 (37.7%),,"1,856 (38.6%)",,,"2,169 (36.7%)",400 (12.7%),949 (52.9%),575 (38.1%),"1,081 (45.5%)",650 (33.4%),"1,563 (35.2%)","2,636 (40.9%)","12,099 (36.7%)","1,001 (39.0%)",,"1,845 (36.6%)",,,"2,216 (32.6%)",310 (9.4%),711 (43.6%),639 (35.9%),"1,334 (44.6%)",704 (29.3%),"1,797 (40.4%)","2,667 (39.1%)","13,224 (35.0%)",910 (35.5%),681 (38.3%),"1,620 (32.7%)",,,"2,221 (30.0%)",218 (6.7%),819 (46.5%),640 (32.1%),"1,440 (46.5%)",662 (27.6%),"1,635 (34.8%)","2,699 (37.8%)","13,545 (33.0%)",998 (35.9%),"2,720 (37.6%)","1,754 (32.6%)",,"1,287 (41.6%)","2,444 (27.2%)",189 (5.9%),699 (39.5%),750 (35.9%),"1,497 (45.3%)",632 (25.1%),"1,682 (32.3%)","2,704 (35.8%)","17,356 (32.7%)",935 (31.6%),"2,791 (35.7%)","1,785 (32.6%)",,"1,224 (40.0%)","2,690 (28.3%)",144 (4.0%),777 (38.7%),871 (37.4%),"1,604 (45.1%)",702 (27.6%),"1,697 (31.9%)","2,852 (35.8%)","18,072 (32.2%)",947 (31.6%),"3,336 (23.6%)","1,749 (32.2%)",,,"2,854 (28.3%)",54 (1.5%),861 (35.1%),497 (29.4%),,703 (25.2%),"1,653 (29.7%)","2,684 (36.1%)","15,338 (27.3%)",171 (34.8%),694 (18.5%),756 (30.3%),,,,,165 (34.2%),,,81 (23.8%),186 (23.4%),,"2,053 (24.6%)"
"Neuromuscular blocking agents, n (%)",,,,,,,,,,,,,,,,,,,,,,,,,,,,,,,,,,,,,,,,,,,,,,,,,,,,,,,,,,,,,,,,,,,,,,,,,,,,,,,,,,,,,,,,,,,,,,,,,,,,,,,,,,,,,,,,,,,,,,,,,,,,,,,,,,,,,,,,,,,,,,,,,,,,,,,,,,,,,,,,,,,,,,,,,,,,,,,,,,,,,,,,,,,,,,,,,,,,,,,,,,,,,,,,,,,,,,,,,,,,,,,,,,,,,,,,,,,,,,
  Cisatracurium,,550 (1.6%),582 (1.3%),"1,589 (5.9%)",193 (3.1%),"1,331 (2.3%)",649 (2.1%),629 (4.1%),,564 (3.0%),"1,386 (5.1%)","1,669 (2.9%)","3,513 (5.9%)","12,655 (3.3%)",,,,,,,,,,,,16 (1.9%),,16 (1.9%),,,,,,,,,,,31 (3.9%),35 (2.3%),,66 (2.8%),,,,,,,,,,,62 (4.4%),89 (4.6%),,151 (4.6%),,,,,,,,,,,83 (5.8%),132 (4.9%),,215 (5.2%),,,,,,,,,,,91 (5.9%),148 (4.5%),,239 (5.0%),,,,,,,55 (2.1%),,,,90 (5.5%),174 (4.8%),,319 (4.1%),,,16 (0.8%),,,,69 (2.7%),,,,89 (5.2%),134 (3.3%),212 (7.0%),520 (3.9%),,,42 (1.0%),,,93 (2.2%),66 (2.4%),73 (4.6%),,67 (4.1%),115 (6.4%),117 (2.8%),495 (7.5%),"1,068 (4.0%)",,,45 (1.0%),,,114 (2.1%),66 (2.1%),58 (3.5%),,60 (2.9%),111 (5.6%),129 (3.0%),430 (6.4%),"1,013 (3.4%)",,,143 (3.0%),,,366 (6.2%),66 (2.1%),227 (12.6%),,98 (4.1%),149 (7.6%),191 (4.3%),551 (8.6%),"1,791 (5.8%)",,,104 (2.1%),,,268 (3.9%),136 (4.1%),89 (5.5%),,122 (4.1%),149 (6.2%),200 (4.5%),535 (7.8%),"1,603 (4.8%)",,41 (2.3%),48 (1.0%),,,156 (2.1%),79 (2.4%),58 (3.3%),,93 (3.0%),98 (4.1%),95 (2.0%),399 (5.6%),"1,067 (2.9%)",,159 (2.2%),42 (0.8%),,100 (3.2%),117 (1.3%),55 (1.7%),38 (2.1%),,53 (1.6%),96 (3.8%),87 (1.7%),325 (4.3%),"1,072 (2.2%)",,155 (2.0%),49 (0.9%),,93 (3.0%),122 (1.3%),44 (1.2%),38 (1.9%),,71 (2.0%),102 (4.0%),59 (1.1%),291 (3.7%),"1,024 (2.0%)",,161 (1.1%),53 (1.0%),,,95 (0.9%),13 (0.4%),39 (1.6%),,,112 (4.0%),58 (1.0%),275 (3.7%),806 (1.6%),,34 (0.9%),40 (1.6%),,,,,<10,,,<10,<10,,
  Rocuronium,"3,069 (20.6%)",,21 (0.0%),284 (1.1%),,117 (0.2%),517 (1.7%),<10,"1,135 (7.1%)",29 (0.2%),10 (0.0%),209 (0.4%),72 (0.1%),"5,463 (1.5%)",,,,,,,,,,,,16 (1.9%),,16 (1.9%),,,,,,,,,,,0 (0.0%),<10,,0 (0.0%),,,,,,,,,,,<10,0 (0.0%),,0 (0.0%),,,,,,,,,,,0 (0.0%),18 (0.7%),,18 (0.4%),,,,,,,,,0 (0.0%),,0 (0.0%),<10,,0 (0.0%),,,,,,,<10,,<10,,0 (0.0%),<10,,,,,<10,,,,14 (0.6%),,99 (7.1%),,0 (0.0%),<10,0 (0.0%),113 (1.3%),,,0 (0.0%),,,<10,66 (2.4%),<10,132 (9.0%),<10,0 (0.0%),11 (0.3%),0 (0.0%),209 (1.0%),,,<10,,,<10,92 (3.0%),<10,95 (6.2%),0 (0.0%),0 (0.0%),25 (0.6%),0 (0.0%),212 (1.1%),156 (26.7%),,<10,,,16 (0.3%),88 (2.8%),<10,119 (7.9%),23 (1.0%),0 (0.0%),31 (0.7%),19 (0.3%),452 (1.8%),644 (25.1%),,<10,,,37 (0.5%),82 (2.5%),0 (0.0%),163 (9.1%),0 (0.0%),<10,<10,21 (0.3%),947 (3.6%),531 (20.7%),,<10,,,10 (0.1%),84 (2.6%),0 (0.0%),157 (7.9%),<10,<10,22 (0.5%),<10,804 (3.4%),550 (19.8%),,<10,,,15 (0.2%),55 (1.7%),0 (0.0%),134 (6.4%),0 (0.0%),<10,24 (0.5%),<10,778 (3.1%),520 (17.6%),,<10,,,16 (0.2%),26 (0.7%),0 (0.0%),139 (6.0%),<10,<10,15 (0.3%),<10,716 (3.0%),565 (18.9%),,<10,,,12 (0.1%),<10,<10,89 (5.3%),,<10,18 (0.3%),10 (0.1%),694 (2.1%),103 (20.9%),,<10,,,,,0 (0.0%),,,0 (0.0%),<10,,103 (7.8%)
"Medications during IMV (N=252,237)",,,,,,,,,,,,,,,,,,,,,,,,,,,,,,,,,,,,,,,,,,,,,,,,,,,,,,,,,,,,,,,,,,,,,,,,,,,,,,,,,,,,,,,,,,,,,,,,,,,,,,,,,,,,,,,,,,,,,,,,,,,,,,,,,,,,,,,,,,,,,,,,,,,,,,,,,,,,,,,,,,,,,,,,,,,,,,,,,,,,,,,,,,,,,,,,,,,,,,,,,,,,,,,,,,,,,,,,,,,,,,,,,,,,,,,,,,,,,,
"  Vasopressors, n (%)","9,958 (100.0%)","17,505 (100.0%)","28,377 (100.0%)","21,228 (100.0%)","4,801 (100.0%)","31,393 (100.0%)","16,615 (100.0%)","9,168 (100.0%)","11,530 (100.0%)","12,544 (100.0%)","17,896 (100.0%)","33,147 (100.0%)","38,072 (100.0%)","252,234 (100.0%)",,,,,,,,,,,,657 (100.0%),,657 (100.0%),,,,,,,,,,,566 (100.0%),"1,217 (100.0%)",,"1,783 (100.0%)",,,,,,,,,,,989 (100.0%),"1,429 (100.0%)",,"2,418 (100.0%)",,,,,,,,,,,"1,040 (100.0%)","1,674 (100.0%)",,"2,714 (100.0%)",,,,,,,,,<10,,"1,084 (100.0%)","1,930 (100.0%)",,"3,014 (100.0%)",,,,,,,"1,640 (100.0%)",,75 (100.0%),,"1,097 (100.0%)","2,181 (100.0%)",,"4,993 (100.0%)",,,"1,291 (100.0%)",,,,"1,586 (100.0%)",,"1,013 (100.0%)",,"1,166 (100.0%)","2,348 (100.0%)","2,047 (100.0%)","9,451 (100.0%)",,,"2,681 (100.0%)",,,"2,430 (100.0%)","1,794 (100.0%)",941 (100.0%),"1,096 (100.0%)","1,151 (100.0%)","1,222 (100.0%)","2,383 (100.0%)","4,312 (100.0%)","18,010 (100.0%)",,,"2,723 (100.0%)",,,"2,848 (100.0%)","1,890 (100.0%)","1,081 (100.0%)","1,116 (100.0%)","1,320 (99.9%)","1,291 (100.0%)","2,413 (100.0%)","4,253 (100.0%)","18,935 (100.0%)",433 (100.0%),,"3,265 (100.0%)",,,"3,483 (100.0%)","1,886 (100.0%)","1,281 (100.0%)","1,161 (100.0%)","1,580 (100.0%)","1,329 (100.0%)","2,609 (100.0%)","4,285 (100.0%)","21,312 (100.0%)","1,874 (100.0%)",,"3,354 (100.0%)",,,"3,785 (100.0%)","1,946 (100.0%)","1,026 (100.0%)","1,323 (100.0%)","1,954 (100.0%)","1,584 (100.0%)","2,749 (100.0%)","4,382 (100.0%)","23,977 (100.0%)","1,712 (100.0%)","1,110 (100.0%)","3,201 (100.0%)",,,"3,965 (100.0%)","1,877 (100.0%)","1,080 (100.0%)","1,413 (100.0%)","2,070 (100.0%)","1,507 (100.0%)","2,654 (100.0%)","4,607 (100.0%)","25,196 (100.0%)","1,872 (100.0%)","4,526 (100.0%)","3,381 (100.0%)",,"2,433 (100.0%)","4,610 (100.0%)","1,838 (100.0%)","1,043 (100.0%)","1,476 (100.0%)","2,159 (100.0%)","1,598 (100.0%)","2,772 (100.0%)","4,744 (100.0%)","32,452 (100.0%)","1,836 (100.0%)","4,861 (100.0%)","3,497 (100.0%)",,"2,368 (100.0%)","5,065 (100.0%)","1,996 (100.0%)","1,165 (100.0%)","1,678 (100.0%)","2,310 (100.0%)","1,572 (100.0%)","2,871 (100.0%)","4,874 (100.0%)","34,093 (100.0%)","1,910 (99.9%)","5,775 (100.0%)","3,429 (100.0%)",,,"5,207 (100.0%)",162 (100.0%),"1,293 (100.0%)","1,175 (100.0%)",,"1,661 (100.0%)","2,893 (100.0%)","4,568 (100.0%)","28,073 (100.0%)",321 (100.0%),"1,233 (100.0%)","1,555 (100.0%)",,,,,258 (100.0%),,,190 (100.0%),367 (100.0%),,"3,924 (100.0%)"
"    Norepinephrine, n (%)","9,242 (92.8%)","16,873 (96.4%)","25,801 (90.9%)","11,381 (53.6%)","4,648 (96.8%)","28,404 (90.5%)","13,518 (81.4%)","8,640 (94.2%)","11,410 (99.0%)","9,828 (78.3%)","15,431 (86.2%)","24,312 (73.3%)","29,721 (78.1%)","209,209 (82.9%)",,,,,,,,,,,,345 (52.5%),,345 (52.5%),,,,,,,,,,,381 (67.3%),627 (51.5%),,"1,008 (56.5%)",,,,,,,,,,,671 (67.8%),762 (53.3%),,"1,433 (59.2%)",,,,,,,,,,,737 (70.9%),971 (58.0%),,"1,708 (62.9%)",,,,,,,,,<10,,803 (74.1%),"1,171 (60.7%)",,"1,974 (65.5%)",,,,,,,"1,238 (75.5%)",,74 (98.7%),,871 (79.4%),"1,394 (63.9%)",,"3,577 (71.6%)",,,979 (75.8%),,,,"1,228 (77.4%)",,997 (98.4%),,960 (82.3%),"1,694 (72.1%)",967 (47.2%),"6,825 (72.2%)",,,"2,202 (82.1%)",,,"2,140 (88.1%)","1,362 (75.9%)",804 (85.4%),"1,081 (98.6%)",851 (73.9%),"1,030 (84.3%)","1,713 (71.9%)","2,229 (51.7%)","13,412 (74.5%)",,,"2,354 (86.4%)",,,"2,455 (86.2%)","1,472 (77.9%)",993 (91.9%),"1,087 (97.4%)","1,074 (81.3%)","1,137 (88.1%)","1,639 (67.9%)","2,368 (55.7%)","14,579 (77.0%)",382 (88.2%),,"2,997 (91.8%)",,,"3,172 (91.1%)","1,511 (80.1%)","1,216 (94.9%)","1,149 (99.0%)","1,290 (81.6%)","1,208 (90.9%)","2,021 (77.5%)","3,163 (73.8%)","18,109 (85.0%)","1,716 (91.6%)",,"3,054 (91.1%)",,,"3,417 (90.3%)","1,642 (84.4%)",972 (94.7%),"1,313 (99.2%)","1,516 (77.6%)","1,468 (92.7%)","2,196 (79.9%)","3,724 (85.0%)","21,018 (87.7%)","1,552 (90.7%)","1,074 (96.8%)","2,983 (93.2%)",,,"3,578 (90.2%)","1,578 (84.1%)","1,022 (94.6%)","1,404 (99.4%)","1,620 (78.3%)","1,422 (94.4%)","2,064 (77.8%)","4,089 (88.8%)","22,386 (88.9%)","1,754 (93.7%)","4,365 (96.4%)","3,150 (93.2%)",,"2,352 (96.7%)","4,189 (90.9%)","1,576 (85.7%)",992 (95.1%),"1,470 (99.6%)","1,660 (76.9%)","1,500 (93.9%)","2,282 (82.3%)","4,336 (91.4%)","29,626 (91.3%)","1,723 (93.8%)","4,654 (95.7%)","3,328 (95.2%)",,"2,296 (97.0%)","4,651 (91.8%)","1,780 (89.2%)","1,124 (96.5%)","1,664 (99.2%)","1,817 (78.7%)","1,481 (94.2%)","2,416 (84.2%)","4,533 (93.0%)","31,467 (92.3%)","1,805 (94.5%)","5,595 (96.9%)","3,260 (95.1%)",,,"4,802 (92.2%)",131 (80.9%),"1,266 (97.9%)","1,167 (99.3%)",,"1,581 (95.2%)","2,678 (92.6%)","4,312 (94.4%)","26,597 (94.7%)",310 (96.6%),"1,185 (96.1%)","1,494 (96.1%)",,,,,251 (97.3%),,,181 (95.3%),339 (92.4%),,"3,760 (95.8%)"
"      Norepinephrine dose (mcg/kg/min), median [Q1, Q3]","0.05 [0.03, 0.08]","0.05 [0.03, 0.07]","0.06 [0.03, 0.10]","0.07 [0.03, 0.12]","0.04 [0.02, 0.06]","0.05 [0.02, 0.08]","0.02 [0.02, 0.04]","0.06 [0.04, 0.10]","0.06 [0.03, 0.09]","0.08 [0.05, 0.13]","0.05 [0.03, 0.08]","0.05 [0.03, 0.07]","0.05 [0.03, 0.07]","0.1 [0.0, 0.1]",,,,,,,,,,,,"0.07 [0.04, 0.10]",,"0.1 [0.0, 0.1]",,,,,,,,,,,"0.06 [0.04, 0.08]","0.06 [0.03, 0.10]",,"0.1 [0.0, 0.1]",,,,,,,,,,,"0.06 [0.04, 0.09]","0.06 [0.04, 0.10]",,"0.1 [0.0, 0.1]",,,,,,,,,,,"0.06 [0.04, 0.08]","0.06 [0.04, 0.10]",,"0.1 [0.0, 0.1]",,,,,,,,,"0.04 [0.02, 0.09]",,"0.06 [0.03, 0.08]","0.05 [0.03, 0.08]",,"0.1 [0.0, 0.1]",,,,,,,"0.02 [0.01, 0.04]",,"0.06 [0.04, 0.14]",,"0.05 [0.03, 0.08]","0.05 [0.03, 0.08]",,"0.0 [0.0, 0.1]",,,"0.08 [0.04, 0.12]",,,,"0.02 [0.01, 0.04]",,"0.06 [0.03, 0.09]",,"0.06 [0.03, 0.08]","0.05 [0.03, 0.07]","0.06 [0.03, 0.09]","0.1 [0.0, 0.1]",,,"0.07 [0.04, 0.12]",,,"0.05 [0.03, 0.08]","0.02 [0.01, 0.04]","0.08 [0.05, 0.12]","0.06 [0.03, 0.08]","0.09 [0.05, 0.15]","0.06 [0.03, 0.08]","0.05 [0.03, 0.07]","0.06 [0.03, 0.09]","0.1 [0.0, 0.1]",,,"0.08 [0.04, 0.12]",,,"0.05 [0.03, 0.08]","0.02 [0.01, 0.04]","0.06 [0.04, 0.09]","0.06 [0.03, 0.09]","0.08 [0.05, 0.14]","0.05 [0.03, 0.08]","0.05 [0.03, 0.08]","0.06 [0.03, 0.09]","0.1 [0.0, 0.1]","0.06 [0.03, 0.09]",,"0.07 [0.04, 0.11]",,,"0.05 [0.02, 0.08]","0.02 [0.02, 0.04]","0.07 [0.04, 0.12]","0.05 [0.03, 0.08]","0.08 [0.04, 0.13]","0.05 [0.03, 0.08]","0.05 [0.03, 0.08]","0.05 [0.03, 0.08]","0.1 [0.0, 0.1]","0.05 [0.03, 0.09]",,"0.06 [0.03, 0.10]",,,"0.05 [0.03, 0.08]","0.03 [0.02, 0.05]","0.06 [0.04, 0.10]","0.06 [0.03, 0.09]","0.08 [0.05, 0.15]","0.05 [0.03, 0.07]","0.05 [0.03, 0.07]","0.04 [0.03, 0.07]","0.1 [0.0, 0.1]","0.05 [0.03, 0.08]","0.05 [0.03, 0.07]","0.06 [0.03, 0.09]",,,"0.05 [0.03, 0.08]","0.03 [0.02, 0.05]","0.07 [0.04, 0.11]","0.05 [0.03, 0.09]","0.08 [0.05, 0.13]","0.05 [0.03, 0.08]","0.04 [0.03, 0.07]","0.04 [0.02, 0.06]","0.0 [0.0, 0.1]","0.05 [0.03, 0.08]","0.05 [0.03, 0.07]","0.06 [0.03, 0.09]",,"0.04 [0.02, 0.06]","0.05 [0.02, 0.07]","0.03 [0.02, 0.05]","0.07 [0.04, 0.10]","0.06 [0.03, 0.09]","0.08 [0.05, 0.13]","0.05 [0.03, 0.07]","0.04 [0.03, 0.07]","0.04 [0.03, 0.07]","0.0 [0.0, 0.1]","0.05 [0.03, 0.07]","0.05 [0.03, 0.07]","0.05 [0.03, 0.08]",,"0.04 [0.02, 0.06]","0.04 [0.02, 0.07]","0.03 [0.02, 0.06]","0.06 [0.03, 0.08]","0.05 [0.03, 0.09]","0.08 [0.04, 0.12]","0.05 [0.03, 0.07]","0.04 [0.02, 0.06]","0.04 [0.03, 0.07]","0.0 [0.0, 0.1]","0.05 [0.03, 0.08]","0.05 [0.03, 0.07]","0.05 [0.03, 0.08]",,,"0.04 [0.02, 0.07]","0.02 [0.02, 0.06]","0.05 [0.03, 0.08]","0.05 [0.03, 0.08]",,"0.05 [0.03, 0.08]","0.04 [0.02, 0.06]","0.04 [0.03, 0.07]","0.0 [0.0, 0.1]","0.05 [0.03, 0.07]","0.05 [0.03, 0.08]","0.04 [0.02, 0.08]",,,,,"0.06 [0.03, 0.09]",,,"0.04 [0.03, 0.06]","0.04 [0.02, 0.05]",,"0.0 [0.0, 0.1]"
"    Epinephrine, n (%)","3,364 (33.8%)","8,302 (47.4%)","9,549 (33.7%)","3,661 (17.2%)","1,486 (31.0%)","9,317 (29.7%)","4,678 (28.2%)","2,548 (27.8%)","1,591 (13.8%)","4,038 (32.2%)","5,257 (29.4%)","15,372 (46.4%)","20,017 (52.6%)","89,180 (35.4%)",,,,,,,,,,,,238 (36.2%),,238 (36.2%),,,,,,,,,,,130 (23.0%),424 (34.8%),,554 (31.1%),,,,,,,,,,,248 (25.1%),537 (37.6%),,785 (32.5%),,,,,,,,,,,224 (21.5%),619 (37.0%),,843 (31.1%),,,,,,,,,<10,,254 (23.4%),690 (35.8%),,944 (31.3%),,,,,,,475 (29.0%),,12 (16.0%),,272 (24.8%),834 (38.2%),,"1,593 (31.9%)",,,462 (35.8%),,,,452 (28.5%),,171 (16.9%),,322 (27.6%),"1,022 (43.5%)","1,322 (64.6%)","3,751 (39.7%)",,,988 (36.9%),,,756 (31.1%),468 (26.1%),355 (37.7%),188 (17.2%),526 (45.7%),370 (30.3%),"1,232 (51.7%)","2,694 (62.5%)","7,577 (42.1%)",,,879 (32.3%),,,808 (28.4%),448 (23.7%),372 (34.4%),182 (16.3%),512 (38.8%),407 (31.5%),"1,207 (50.0%)","2,649 (62.3%)","7,464 (39.4%)",162 (37.4%),,846 (25.9%),,,842 (24.2%),556 (29.5%),448 (35.0%),160 (13.8%),522 (33.0%),412 (31.0%),"1,125 (43.1%)","2,497 (58.3%)","7,570 (35.5%)",645 (34.4%),,"1,040 (31.0%)",,,"1,000 (26.4%)",547 (28.1%),303 (29.5%),166 (12.5%),658 (33.7%),511 (32.3%),"1,218 (44.3%)","2,750 (62.8%)","8,838 (36.9%)",553 (32.3%),494 (44.5%),"1,039 (32.5%)",,,"1,137 (28.7%)",527 (28.1%),318 (29.4%),164 (11.6%),658 (31.8%),513 (34.0%),"1,391 (52.4%)","2,839 (61.6%)","9,633 (38.2%)",641 (34.2%),"2,136 (47.2%)","1,210 (35.8%)",,766 (31.5%),"1,375 (29.8%)",538 (29.3%),225 (21.6%),188 (12.7%),579 (26.8%),506 (31.7%),"1,511 (54.5%)","2,848 (60.0%)","12,523 (38.6%)",629 (34.3%),"2,286 (47.0%)","1,293 (37.0%)",,720 (30.4%),"1,667 (32.9%)",621 (31.1%),268 (23.0%),210 (12.5%),583 (25.2%),524 (33.3%),"1,511 (52.6%)","2,376 (48.7%)","12,688 (37.2%)",624 (32.7%),"2,796 (48.4%)","1,280 (37.3%)",,,"1,732 (33.3%)",46 (28.4%),219 (16.9%),148 (12.6%),,500 (30.1%),"1,591 (55.0%)",42 (0.9%),"8,978 (31.9%)",110 (34.3%),590 (47.9%),512 (32.9%),,,,,40 (15.5%),,,64 (33.7%),222 (60.5%),,"1,538 (39.2%)"
"      Epinephrine dose (mcg/kg/min), median [Q1, Q3]","0.02 [0.02, 0.03]","0.04 [0.03, 0.05]","0.03 [0.02, 0.05]","0.02 [0.01, 0.03]","0.03 [0.02, 0.03]","0.03 [0.02, 0.04]","0.02 [0.02, 0.03]","0.05 [0.02, 0.08]","0.08 [0.05, 0.11]","0.10 [0.05, 0.17]","0.04 [0.03, 0.05]","0.03 [0.02, 0.04]","0.03 [0.02, 0.04]","0.0 [0.0, 0.2]",,,,,,,,,,,,"0.03 [0.02, 0.04]",,"0.0 [0.0, 0.0]",,,,,,,,,,,"0.05 [0.04, 0.06]","0.02 [0.01, 0.03]",,"0.0 [0.0, 0.1]",,,,,,,,,,,"0.05 [0.04, 0.07]","0.02 [0.01, 0.03]",,"0.0 [0.0, 0.1]",,,,,,,,,,,"0.05 [0.04, 0.07]","0.03 [0.02, 0.04]",,"0.0 [0.0, 0.1]",,,,,,,,,"0.03 [0.02, 0.06]",,"0.05 [0.04, 0.08]","0.03 [0.02, 0.04]",,"0.0 [0.0, 0.1]",,,,,,,"0.02 [0.01, 0.03]",,"0.06 [0.04, 0.08]",,"0.05 [0.03, 0.08]","0.03 [0.02, 0.04]",,"0.0 [0.0, 0.1]",,,"0.03 [0.02, 0.04]",,,,"0.02 [0.02, 0.03]",,"0.08 [0.06, 0.11]",,"0.05 [0.04, 0.08]","0.03 [0.02, 0.04]","0.03 [0.02, 0.03]","0.0 [0.0, 0.1]",,,"0.04 [0.02, 0.05]",,,"0.03 [0.02, 0.04]","0.02 [0.01, 0.03]","0.02 [0.02, 0.04]","0.08 [0.05, 0.11]","0.05 [0.03, 0.07]","0.05 [0.04, 0.08]","0.03 [0.02, 0.04]","0.03 [0.02, 0.03]","0.0 [0.0, 0.1]",,,"0.04 [0.02, 0.05]",,,"0.03 [0.02, 0.04]","0.02 [0.01, 0.03]","0.04 [0.02, 0.06]","0.10 [0.08, 0.17]","0.10 [0.05, 0.18]","0.04 [0.03, 0.06]","0.03 [0.01, 0.03]","0.03 [0.02, 0.04]","0.0 [0.0, 0.2]","0.02 [0.02, 0.03]",,"0.04 [0.02, 0.05]",,,"0.03 [0.02, 0.04]","0.02 [0.02, 0.04]","0.06 [0.03, 0.10]","0.08 [0.06, 0.12]","0.10 [0.06, 0.20]","0.04 [0.03, 0.06]","0.03 [0.02, 0.04]","0.03 [0.02, 0.04]","0.0 [0.0, 0.2]","0.02 [0.02, 0.03]",,"0.03 [0.02, 0.05]",,,"0.03 [0.02, 0.05]","0.03 [0.02, 0.04]","0.06 [0.03, 0.09]","0.07 [0.05, 0.08]","0.12 [0.06, 0.20]","0.04 [0.03, 0.05]","0.03 [0.02, 0.04]","0.03 [0.02, 0.04]","0.0 [0.0, 0.2]","0.02 [0.02, 0.03]","0.05 [0.03, 0.06]","0.03 [0.02, 0.05]",,,"0.03 [0.02, 0.04]","0.02 [0.01, 0.04]","0.06 [0.03, 0.10]","0.08 [0.06, 0.11]","0.10 [0.05, 0.18]","0.03 [0.02, 0.04]","0.03 [0.02, 0.04]","0.03 [0.02, 0.03]","0.0 [0.0, 0.2]","0.02 [0.01, 0.03]","0.04 [0.03, 0.06]","0.03 [0.02, 0.04]",,"0.03 [0.02, 0.03]","0.03 [0.02, 0.04]","0.03 [0.02, 0.04]","0.07 [0.02, 0.11]","0.08 [0.05, 0.13]","0.11 [0.06, 0.20]","0.03 [0.02, 0.05]","0.03 [0.02, 0.04]","0.03 [0.02, 0.03]","0.0 [0.0, 0.2]","0.02 [0.02, 0.03]","0.04 [0.03, 0.05]","0.03 [0.02, 0.04]",,"0.02 [0.02, 0.03]","0.03 [0.02, 0.04]","0.03 [0.02, 0.04]","0.04 [0.02, 0.08]","0.07 [0.06, 0.10]","0.10 [0.05, 0.18]","0.04 [0.03, 0.05]","0.03 [0.02, 0.04]","0.03 [0.02, 0.04]","0.0 [0.0, 0.2]","0.02 [0.02, 0.03]","0.04 [0.03, 0.05]","0.03 [0.02, 0.04]",,,"0.03 [0.02, 0.04]","0.03 [0.02, 0.04]","0.03 [0.02, 0.06]","0.06 [0.03, 0.07]",,"0.04 [0.03, 0.05]","0.03 [0.02, 0.04]","0.07 [0.06, 0.15]","0.0 [0.0, 0.1]","0.02 [0.02, 0.03]","0.04 [0.03, 0.05]","0.03 [0.02, 0.04]",,,,,"0.02 [0.01, 0.02]",,,"0.04 [0.02, 0.05]","0.03 [0.02, 0.03]",,"0.0 [0.0, 0.1]"
"    Phenylephrine, n (%)","5,247 (52.7%)","2,276 (13.0%)","2,415 (8.5%)","15,106 (71.2%)",22 (0.5%),"11,286 (36.0%)","5,994 (36.1%)","2,277 (24.8%)",437 (3.8%),"6,775 (54.0%)","3,506 (19.6%)","12,809 (38.6%)","18,251 (47.9%)","86,401 (34.3%)",,,,,,,,,,,,264 (40.2%),,264 (40.2%),,,,,,,,,,,270 (47.7%),510 (41.9%),,780 (43.7%),,,,,,,,,,,447 (45.2%),658 (46.0%),,"1,105 (45.7%)",,,,,,,,,,,414 (39.8%),752 (44.9%),,"1,166 (42.9%)",,,,,,,,,,,346 (31.9%),882 (45.7%),,"1,228 (40.7%)",,,,,,,567 (34.6%),,10 (13.3%),,295 (26.9%),"1,055 (48.4%)",,"1,927 (38.6%)",,,205 (15.9%),,,,528 (33.3%),,45 (4.4%),,299 (25.6%),900 (38.3%),"1,446 (70.6%)","3,423 (36.2%)",,,431 (16.1%),,,764 (31.4%),639 (35.6%),388 (41.2%),40 (3.6%),464 (40.3%),288 (23.6%),920 (38.6%),"2,707 (62.8%)","6,641 (36.8%)",,,367 (13.5%),,,"1,026 (36.0%)",686 (36.3%),290 (26.8%),58 (5.2%),645 (48.8%),287 (22.2%),"1,094 (45.3%)","2,780 (65.4%)","7,233 (38.2%)",270 (62.4%),,319 (9.8%),,,"1,173 (33.7%)",737 (39.1%),330 (25.8%),35 (3.0%),801 (50.7%),232 (17.5%),984 (37.7%),"2,308 (53.9%)","7,189 (33.8%)","1,156 (61.7%)",,254 (7.6%),,,"1,407 (37.2%)",692 (35.6%),221 (21.5%),39 (2.9%),"1,102 (56.4%)",176 (11.1%),"1,049 (38.2%)","2,147 (49.0%)","8,243 (34.4%)",933 (54.5%),103 (9.3%),180 (5.6%),,,"1,459 (36.8%)",773 (41.2%),281 (26.0%),45 (3.2%),"1,193 (57.6%)",134 (8.9%),"1,033 (38.9%)","1,851 (40.2%)","7,985 (31.7%)",916 (48.9%),380 (8.4%),173 (5.1%),,12 (0.5%),"1,733 (37.6%)",690 (37.5%),232 (22.2%),66 (4.5%),"1,271 (58.8%)",96 (6.0%),984 (35.5%),"1,764 (37.2%)","8,317 (25.6%)",891 (48.5%),350 (7.2%),215 (6.1%),,10 (0.4%),"1,848 (36.5%)",617 (30.9%),244 (20.9%),56 (3.3%),"1,299 (56.2%)",103 (6.6%),910 (31.7%),"1,705 (35.0%)","8,248 (24.1%)",927 (48.5%),"1,182 (20.5%)",205 (6.0%),,,"1,876 (36.0%)",65 (40.1%),229 (17.7%),43 (3.7%),,107 (6.4%),730 (25.2%),"1,543 (33.8%)","6,907 (24.6%)",154 (48.0%),261 (21.2%),66 (4.2%),,,,,62 (24.0%),,,12 (6.3%),84 (22.9%),,639 (16.2%)
"      Phenylephrine dose (mcg/kg/min), median [Q1, Q3]","0.67 [0.35, 1.08]","0.55 [0.45, 0.80]","0.55 [0.32, 0.80]","0.50 [0.25, 0.80]","0.72 [0.53, 1.05]","0.59 [0.32, 0.90]","0.07 [0.04, 0.10]","0.59 [0.35, 0.93]","0.92 [0.57, 1.15]","0.56 [0.44, 1.00]","0.50 [0.33, 0.69]","0.35 [0.20, 0.50]","0.50 [0.27, 0.75]","0.5 [0.0, 1.1]",,,,,,,,,,,,"0.50 [0.30, 0.60]",,"0.5 [0.3, 0.6]",,,,,,,,,,,"0.59 [0.38, 0.79]","0.46 [0.26, 0.60]",,"0.5 [0.3, 0.8]",,,,,,,,,,,"0.55 [0.37, 0.75]","0.40 [0.22, 0.57]",,"0.5 [0.2, 0.8]",,,,,,,,,,,"0.47 [0.33, 0.66]","0.40 [0.23, 0.50]",,"0.4 [0.2, 0.7]",,,,,,,,,,,"0.47 [0.32, 0.65]","0.35 [0.20, 0.50]",,"0.4 [0.2, 0.7]",,,,,,,"0.08 [0.05, 0.11]",,"2.05 [1.47, 3.01]",,"0.46 [0.31, 0.59]","0.30 [0.20, 0.50]",,"0.3 [0.1, 3.0]",,,"0.50 [0.28, 0.69]",,,,"0.08 [0.04, 0.11]",,"0.84 [0.60, 1.14]",,"0.49 [0.31, 0.67]","0.35 [0.20, 0.50]","0.45 [0.24, 0.68]","0.4 [0.0, 1.1]",,,"0.55 [0.32, 0.79]",,,"0.62 [0.34, 0.96]","0.07 [0.04, 0.10]","0.60 [0.39, 0.95]","0.86 [0.63, 1.01]","1.00 [0.50, 1.75]","0.48 [0.32, 0.67]","0.30 [0.20, 0.50]","0.51 [0.27, 0.76]","0.5 [0.0, 1.8]",,,"0.50 [0.30, 0.73]",,,"0.59 [0.34, 0.90]","0.08 [0.04, 0.11]","0.53 [0.35, 0.81]","0.69 [0.35, 0.92]","0.70 [0.50, 1.00]","0.52 [0.33, 0.72]","0.30 [0.20, 0.45]","0.46 [0.25, 0.68]","0.5 [0.0, 1]","0.68 [0.33, 1.00]",,"0.50 [0.30, 0.73]",,,"0.63 [0.35, 0.94]","0.07 [0.03, 0.10]","0.77 [0.42, 1.20]","0.76 [0.31, 1.00]","0.72 [0.50, 1.00]","0.45 [0.29, 0.62]","0.38 [0.20, 0.50]","0.43 [0.23, 0.68]","0.5 [0.0, 1.2]","0.60 [0.31, 0.92]",,"0.58 [0.38, 0.90]",,,"0.60 [0.34, 0.95]","0.07 [0.04, 0.10]","0.61 [0.36, 1.00]","1.10 [1.10, 1.40]","0.60 [0.47, 1.00]","0.46 [0.32, 0.71]","0.33 [0.20, 0.50]","0.42 [0.24, 0.66]","0.5 [0.0, 1.4]","0.71 [0.39, 1.08]","0.53 [0.50, 0.70]","0.60 [0.38, 0.85]",,,"0.62 [0.33, 0.96]","0.06 [0.03, 0.09]","0.65 [0.37, 1.10]","1.89 [1.61, 1.89]","0.50 [0.40, 0.87]","0.55 [0.40, 0.78]","0.30 [0.20, 0.50]","0.45 [0.25, 0.68]","0.6 [0.0, 1.9]","0.70 [0.36, 1.15]","0.55 [0.50, 0.80]","0.67 [0.42, 0.93]",,"1.23 [0.39, 1.43]","0.55 [0.30, 0.87]","0.06 [0.03, 0.09]","0.53 [0.32, 0.80]","0.66 [0.40, 0.93]","0.50 [0.35, 0.80]","0.56 [0.39, 0.77]","0.30 [0.20, 0.50]","0.62 [0.35, 0.92]","0.6 [0.0, 1.4]","0.75 [0.38, 1.22]","0.60 [0.50, 0.80]","0.50 [0.30, 0.78]",,"0.65 [0.55, 0.95]","0.60 [0.33, 0.91]","0.08 [0.04, 0.11]","0.48 [0.29, 0.83]","0.87 [0.58, 0.92]","0.50 [0.38, 0.80]","0.62 [0.41, 0.83]","0.30 [0.20, 0.50]","0.65 [0.35, 0.97]","0.5 [0.0, 1.2]","0.64 [0.34, 1.09]","0.50 [0.40, 0.80]","0.60 [0.30, 0.86]",,,"0.56 [0.30, 0.81]","0.08 [0.04, 0.11]","0.48 [0.29, 0.81]","1.02 [0.09, 1.04]",,"0.66 [0.42, 0.95]","0.40 [0.20, 0.50]","0.66 [0.36, 0.98]","0.5 [0.0, 1.1]","0.81 [0.40, 1.43]","0.70 [0.50, 0.95]","0.75 [0.38, 1.00]",,,,,"0.66 [0.34, 1.03]",,,"0.76 [0.46, 1.08]","0.40 [0.20, 0.50]",,"0.7 [0.2, 1.4]"
"    Vasopressin, n (%)","4,457 (44.8%)","9,680 (55.3%)","9,646 (34.0%)","4,955 (23.3%)",299 (6.2%),"13,598 (43.3%)","5,509 (33.2%)","3,898 (42.5%)","3,627 (31.5%)","5,783 (46.1%)","4,996 (27.9%)","12,722 (38.4%)","15,066 (39.6%)","94,236 (37.4%)",,,,,,,,,,,,267 (40.6%),,267 (40.6%),,,,,,,,,,,118 (20.8%),385 (31.6%),,503 (28.2%),,,,,,,,,,,227 (23.0%),452 (31.6%),,679 (28.1%),,,,,,,,,,,243 (23.4%),493 (29.5%),,736 (27.2%),,,,,,,,,<10,,253 (23.3%),543 (28.1%),,796 (26.4%),,,,,,,407 (24.8%),,35 (46.7%),,256 (23.3%),693 (31.8%),,"1,391 (27.9%)",,,364 (28.2%),,,,457 (28.8%),,387 (38.2%),,323 (27.7%),885 (37.7%),780 (38.1%),"3,196 (33.8%)",,,883 (32.9%),,,924 (38.0%),478 (26.6%),316 (33.6%),423 (38.6%),514 (44.7%),358 (29.3%),907 (38.1%),"1,666 (38.6%)","6,469 (35.9%)",,,933 (34.3%),,,"1,093 (38.4%)",529 (28.0%),398 (36.8%),401 (35.9%),651 (49.3%),385 (29.8%),877 (36.3%),"1,701 (40.0%)","6,968 (36.8%)",209 (48.3%),,"1,119 (34.3%)",,,"1,545 (44.4%)",631 (33.5%),590 (46.1%),356 (30.7%),793 (50.2%),138 (10.4%),"1,018 (39.0%)","1,750 (40.8%)","8,149 (38.3%)",904 (48.2%),,"1,122 (33.5%)",,,"1,764 (46.6%)",729 (37.5%),456 (44.4%),354 (26.8%),922 (47.2%),172 (10.9%),"1,133 (41.2%)","1,756 (40.1%)","9,312 (38.9%)",731 (42.7%),616 (55.5%),"1,028 (32.1%)",,,"1,809 (45.6%)",677 (36.1%),497 (46.0%),414 (29.3%),944 (45.6%),452 (30.0%),"1,066 (40.2%)","1,777 (38.6%)","10,011 (39.7%)",814 (43.5%),"2,463 (54.4%)","1,119 (33.1%)",,299 (12.3%),"2,030 (44.0%)",735 (40.0%),480 (46.0%),449 (30.4%),954 (44.2%),631 (39.5%),"1,253 (45.2%)","1,824 (38.4%)","13,051 (40.2%)",789 (43.0%),"2,702 (55.6%)","1,228 (35.1%)",,,"2,151 (42.5%)",808 (40.5%),497 (42.7%),460 (27.4%),"1,005 (43.5%)",676 (43.0%),"1,235 (43.0%)","1,954 (40.1%)","13,505 (42.6%)",854 (44.7%),"3,206 (55.5%)","1,285 (37.5%)",,,"2,282 (43.8%)",58 (35.8%),554 (42.8%),346 (29.4%),,692 (41.7%),"1,346 (46.5%)","1,858 (40.7%)","12,481 (44.5%)",156 (48.6%),693 (56.2%),565 (36.3%),,,,,110 (42.6%),,,72 (37.9%),169 (46.0%),,"1,765 (45.0%)"
"    Dopamine, n (%)","1,477 (14.8%)",331 (1.9%),"1,569 (5.5%)","1,299 (6.1%)",322 (6.7%),"2,249 (7.2%)",436 (2.6%),147 (1.6%),259 (2.2%),"2,409 (19.2%)","1,215 (6.8%)","3,550 (10.7%)",657 (1.7%),"15,920 (6.3%)",,,,,,,,,,,,181 (27.5%),,181 (27.5%),,,,,,,,,,,102 (18.0%),281 (23.1%),,383 (21.5%),,,,,,,,,,,145 (14.7%),264 (18.5%),,409 (16.9%),,,,,,,,,,,155 (14.9%),335 (20.0%),,490 (18.0%),,,,,,,,,<10,,170 (15.7%),389 (20.2%),,559 (18.6%),,,,,,,102 (6.2%),,<10,,140 (12.8%),376 (17.2%),,618 (12.5%),,,164 (12.7%),,,,75 (4.7%),,58 (5.7%),,135 (11.6%),397 (16.9%),65 (3.2%),894 (9.5%),,,346 (12.9%),,,188 (7.7%),66 (3.7%),23 (2.4%),58 (5.3%),388 (33.7%),115 (9.4%),285 (12.0%),132 (3.1%),"1,601 (8.9%)",,,252 (9.3%),,,223 (7.8%),54 (2.9%),28 (2.6%),53 (4.7%),383 (29.0%),51 (4.0%),247 (10.2%),101 (2.4%),"1,392 (7.4%)",70 (16.2%),,148 (4.5%),,,278 (8.0%),47 (2.5%),30 (2.3%),23 (2.0%),348 (22.0%),40 (3.0%),237 (9.1%),73 (1.7%),"1,294 (6.1%)",307 (16.4%),,162 (4.8%),,,400 (10.6%),36 (1.8%),14 (1.4%),14 (1.1%),397 (20.3%),34 (2.1%),185 (6.7%),85 (1.9%),"1,634 (6.8%)",253 (14.8%),15 (1.4%),111 (3.5%),,,373 (9.4%),21 (1.1%),14 (1.3%),20 (1.4%),355 (17.1%),35 (2.3%),133 (5.0%),62 (1.3%),"1,392 (5.5%)",276 (14.7%),101 (2.2%),93 (2.8%),,188 (7.7%),297 (6.4%),18 (1.0%),15 (1.4%),13 (0.9%),273 (12.6%),27 (1.7%),91 (3.3%),45 (0.9%),"1,437 (4.4%)",271 (14.8%),73 (1.5%),100 (2.9%),,134 (5.7%),264 (5.2%),17 (0.9%),<10,<10,265 (11.5%),30 (1.9%),86 (3.0%),50 (1.0%),"1,290 (4.1%)",251 (13.1%),119 (2.1%),115 (3.4%),,,226 (4.3%),,12 (0.9%),<10,,32 (1.9%),60 (2.1%),44 (1.0%),859 (3.2%),49 (15.3%),23 (1.9%),78 (5.0%),,,,,<10,,,<10,<10,,150 (4.9%)
"      Dopamine dose (mcg/kg/min), median [Q1, Q3]","2.00 [2.00, 2.00]","5.00 [3.00, 5.00]","4.00 [2.50, 5.00]","5.00 [2.00, 7.50]","4.00 [3.00, 5.00]","3.00 [2.00, 4.00]","3.00 [2.00, 4.00]","5.00 [2.75, 5.00]","3.00 [2.50, 5.00]","4.00 [2.50, 5.00]","3.00 [3.00, 4.25]","4.00 [2.50, 5.00]","5.00 [3.00, 5.00]","3.9 [2, 7.5]",,,,,,,,,,,,"4.99 [2.50, 5.00]",,"5.0 [2.5, 5]",,,,,,,,,,,"4.00 [3.00, 5.00]","5.00 [3.00, 5.88]",,"4.7 [3, 5.9]",,,,,,,,,,,"3.00 [3.00, 4.50]","4.75 [2.63, 5.00]",,"4.0 [2.6, 5]",,,,,,,,,,,"3.00 [2.50, 4.00]","5.00 [2.93, 5.75]",,"4.3 [2.5, 5.8]",,,,,,,,,"0.98 [0.70, 1.25]",,"3.50 [3.00, 4.25]","4.00 [2.50, 5.00]",,"3.8 [0.7, 5]",,,,,,,"2.50 [1.29, 3.00]",,"7.00 [3.50, 7.50]",,"3.00 [2.75, 4.00]","4.00 [2.50, 5.00]",,"3.3 [1.3, 7.5]",,,"4.00 [2.62, 5.00]",,,,"3.00 [1.62, 4.50]",,"3.00 [2.00, 5.00]",,"3.00 [2.75, 4.00]","3.50 [2.47, 5.00]","4.00 [2.75, 5.00]","3.5 [1.6, 5]",,,"4.50 [2.62, 5.00]",,,"4.00 [2.50, 5.00]","3.00 [2.38, 4.69]","3.75 [2.25, 4.50]","2.00 [2.00, 3.00]","5.00 [3.00, 5.00]","3.00 [3.00, 4.75]","3.00 [2.50, 5.00]","5.00 [3.75, 6.25]","3.9 [2, 6.2]",,,"4.00 [2.50, 5.00]",,,"5.00 [2.98, 5.00]","2.50 [1.00, 3.00]","5.00 [2.50, 5.00]","3.50 [2.25, 5.00]","5.00 [4.00, 7.47]","4.00 [3.00, 5.00]","3.50 [2.12, 5.00]","3.38 [2.00, 4.50]","3.9 [1, 7.5]","2.00 [2.00, 2.00]",,"4.00 [2.50, 5.00]",,,"4.00 [2.13, 5.00]","2.00 [1.44, 2.88]","5.00 [3.75, 5.00]","3.50 [2.50, 4.38]","4.00 [2.50, 5.00]","3.00 [3.00, 3.00]","4.00 [2.50, 5.00]","5.00 [3.00, 5.00]","3.9 [1.4, 5]","2.00 [2.00, 2.00]",,"4.00 [2.50, 5.00]",,,"2.26 [1.50, 3.00]","3.00 [2.00, 4.00]","5.00 [3.38, 5.12]","9.00 [5.00, 11.00]","4.99 [2.50, 5.00]","4.00 [3.00, 5.00]","4.00 [2.12, 5.00]","5.00 [3.69, 5.50]","4.0 [1.5, 11]","2.00 [2.00, 2.00]","5.00 [3.75, 5.00]","3.00 [2.00, 3.75]",,,"2.00 [0.50, 2.00]","5.00 [3.00, 5.00]","5.00 [3.75, 5.00]","5.00 [4.00, 5.00]","3.00 [2.50, 5.00]","3.50 [3.00, 4.38]","3.00 [2.00, 4.25]","5.00 [3.19, 5.00]","3.6 [0.5, 5]","2.00 [2.00, 2.00]","5.00 [3.75, 5.00]","3.00 [2.00, 4.00]",,"5.00 [3.00, 5.00]","2.00 [1.50, 3.00]","4.50 [4.00, 5.00]","5.00 [3.75, 5.00]","5.00 [2.50, 5.00]","3.00 [2.50, 5.00]","3.00 [3.00, 3.25]","3.00 [2.25, 4.75]","4.50 [2.62, 6.00]","3.6 [1.5, 6]","2.00 [2.00, 2.00]","5.00 [5.00, 5.00]","3.75 [2.50, 5.00]",,"3.00 [3.00, 5.00]","3.00 [2.00, 4.00]","3.25 [2.25, 3.62]","2.50 [1.25, 3.75]","2.50 [2.00, 2.50]","3.00 [2.50, 3.00]","4.00 [3.00, 5.00]","4.00 [2.50, 5.00]","5.00 [3.00, 5.00]","3.7 [1.2, 5]","2.00 [2.00, 2.00]","5.00 [3.00, 5.00]","4.50 [2.50, 5.00]",,,"2.75 [2.00, 3.75]",,"5.00 [1.25, 5.00]","2.50 [1.50, 2.50]",,"3.00 [3.00, 3.00]","5.00 [3.00, 5.75]","4.50 [2.50, 5.00]","4.1 [1.2, 5.8]","2.00 [2.00, 2.00]","3.00 [2.25, 3.00]","4.00 [2.50, 5.00]",,,,,"5.00 [5.00, 5.00]",,,"2.25 [1.50, 3.00]","6.00 [3.00, 7.50]",,"3.6 [1.5, 7.5]"
"  Sedatives and analgesics, n (%)",,,,,,,,,,,,,,,,,,,,,,,,,,,,,,,,,,,,,,,,,,,,,,,,,,,,,,,,,,,,,,,,,,,,,,,,,,,,,,,,,,,,,,,,,,,,,,,,,,,,,,,,,,,,,,,,,,,,,,,,,,,,,,,,,,,,,,,,,,,,,,,,,,,,,,,,,,,,,,,,,,,,,,,,,,,,,,,,,,,,,,,,,,,,,,,,,,,,,,,,,,,,,,,,,,,,,,,,,,,,,,,,,,,,,,,,,,,,,,
    Propofol,"9,048 (90.9%)","7,466 (42.7%)","19,738 (69.6%)","18,271 (86.1%)","4,661 (97.1%)","27,776 (88.5%)","14,790 (89.0%)","6,424 (70.1%)","7,977 (69.2%)","11,036 (88.0%)","15,946 (89.1%)","24,393 (73.6%)","32,396 (85.1%)","199,922 (79.3%)",,,,,,,,,,,,439 (66.8%),,439 (66.8%),,,,,,,,,,,509 (89.9%),782 (64.3%),,"1,291 (72.4%)",,,,,,,,,,,875 (88.5%),859 (60.1%),,"1,734 (71.7%)",,,,,,,,,,,936 (90.0%),"1,092 (65.2%)",,"2,028 (74.7%)",,,,,,,,,<10,,975 (89.9%),"1,297 (67.2%)",,"2,272 (75.4%)",,,,,,,"1,369 (83.5%)",,43 (57.3%),,986 (89.9%),"1,511 (69.3%)",,"3,909 (78.3%)",,,824 (63.8%),,,,"1,299 (81.9%)",,558 (55.1%),,"1,058 (90.7%)","1,657 (70.6%)","1,651 (80.7%)","7,047 (74.6%)",,,"1,466 (54.7%)",,,"2,102 (86.5%)","1,544 (86.1%)",558 (59.3%),674 (61.5%),945 (82.1%),"1,083 (88.6%)","1,704 (71.5%)","3,474 (80.6%)","13,550 (75.2%)",,,"1,430 (52.5%)",,,"2,525 (88.7%)","1,702 (90.1%)",686 (63.5%),670 (60.0%),"1,059 (80.2%)","1,106 (85.7%)","1,732 (71.8%)","3,427 (80.6%)","14,337 (75.7%)",400 (92.4%),,"1,946 (59.6%)",,,"3,060 (87.9%)","1,695 (89.9%)",961 (75.0%),806 (69.4%),"1,321 (83.6%)","1,173 (88.3%)","2,016 (77.3%)","3,612 (84.3%)","16,990 (79.7%)","1,779 (94.9%)",,"2,145 (64.0%)",,,"3,265 (86.3%)","1,765 (90.7%)",714 (69.6%),997 (75.4%),"1,719 (88.0%)","1,440 (90.9%)","2,214 (80.5%)","3,776 (86.2%)","19,814 (82.7%)","1,624 (94.9%)",434 (39.1%),"2,341 (73.1%)",,,"3,457 (87.2%)","1,703 (90.7%)",787 (72.9%),"1,019 (72.1%)","1,853 (89.5%)","1,351 (89.6%)","2,036 (76.7%)","3,924 (85.2%)","20,529 (81.5%)","1,781 (95.1%)","1,812 (40.0%)","2,639 (78.1%)",,"2,355 (96.8%)","4,038 (87.6%)","1,698 (92.4%)",754 (72.3%),"1,079 (73.1%)","1,974 (91.4%)","1,413 (88.4%)","2,166 (78.1%)","4,134 (87.1%)","25,843 (79.6%)","1,579 (86.0%)","2,011 (41.4%)","2,810 (80.4%)",,"2,306 (97.4%)","4,595 (90.7%)","1,864 (93.4%)",848 (72.8%),"1,250 (74.5%)","2,165 (93.7%)","1,416 (90.1%)","2,248 (78.3%)","4,296 (88.1%)","27,388 (80.3%)","1,609 (84.2%)","2,645 (45.8%)","2,826 (82.4%)",,,"4,734 (90.9%)",151 (93.2%),938 (72.5%),879 (74.8%),,"1,470 (88.5%)","2,341 (80.9%)","4,102 (89.8%)","21,695 (77.3%)",276 (86.0%),564 (45.7%),"1,311 (84.3%)",,,,,178 (69.0%),,,155 (81.6%),299 (81.5%),,"2,783 (70.9%)"
    Midazolam,"1,069 (10.7%)","2,116 (12.1%)","6,405 (22.6%)","5,448 (25.7%)",330 (6.9%),"2,460 (7.8%)","1,137 (6.8%)",711 (7.8%),"3,601 (31.2%)",815 (6.5%),"3,060 (17.1%)","10,257 (30.9%)","6,291 (16.5%)","43,700 (17.3%)",,,,,,,,,,,,285 (43.4%),,285 (43.4%),,,,,,,,,,,113 (20.0%),401 (32.9%),,514 (28.8%),,,,,,,,,,,180 (18.2%),529 (37.0%),,709 (29.3%),,,,,,,,,,,181 (17.4%),586 (35.0%),,767 (28.3%),,,,,,,,,<10,,194 (17.9%),597 (30.9%),,791 (26.2%),,,,,,,100 (6.1%),,36 (48.0%),,188 (17.1%),673 (30.9%),,997 (20.0%),,,251 (19.4%),,,,85 (5.4%),,374 (36.9%),,190 (16.3%),709 (30.2%),183 (8.9%),"1,792 (19.0%)",,,524 (19.5%),,,63 (2.6%),104 (5.8%),70 (7.4%),402 (36.7%),102 (8.9%),214 (17.5%),588 (24.7%),447 (10.4%),"2,514 (14.0%)",,,569 (20.9%),,,76 (2.7%),104 (5.5%),61 (5.6%),394 (35.3%),101 (7.6%),210 (16.3%),579 (24.0%),676 (15.9%),"2,770 (14.6%)",47 (10.9%),,"1,066 (32.6%)",,,573 (16.5%),117 (6.2%),211 (16.5%),403 (34.7%),152 (9.6%),280 (21.1%),968 (37.1%),822 (19.2%),"4,639 (21.8%)",232 (12.4%),,"1,009 (30.1%)",,,447 (11.8%),238 (12.2%),89 (8.7%),407 (30.8%),158 (8.1%),276 (17.4%),"1,150 (41.8%)",989 (22.6%),"4,995 (20.8%)",201 (11.7%),151 (13.6%),758 (23.7%),,,370 (9.3%),167 (8.9%),80 (7.4%),421 (29.8%),146 (7.1%),253 (16.8%),839 (31.6%),889 (19.3%),"4,275 (17.0%)",189 (10.1%),554 (12.2%),692 (20.5%),,178 (7.3%),315 (6.8%),111 (6.0%),69 (6.6%),438 (29.7%),64 (3.0%),221 (13.8%),821 (29.6%),791 (16.7%),"4,443 (13.7%)",187 (10.2%),557 (11.5%),661 (18.9%),,152 (6.4%),316 (6.2%),104 (5.2%),53 (4.5%),463 (27.6%),92 (4.0%),252 (16.0%),763 (26.6%),787 (16.1%),"4,387 (12.9%)",183 (9.6%),724 (12.5%),651 (19.0%),,,300 (5.8%),<10,62 (4.8%),262 (22.3%),,283 (17.0%),692 (23.9%),707 (15.5%),"3,864 (13.9%)",30 (9.3%),130 (10.5%),224 (14.4%),,,,,16 (6.2%),,,25 (13.2%),77 (21.0%),,502 (12.8%)
    Lorazepam,"2,577 (25.9%)",45 (0.3%),281 (1.0%),22 (0.1%),,413 (1.3%),82 (0.5%),64 (0.7%),<10,17 (0.1%),26 (0.1%),"2,014 (6.1%)",566 (1.5%),"6,107 (2.5%)",,,,,,,,,,,,89 (13.5%),,89 (13.5%),,,,,,,,,,,<10,115 (9.4%),,115 (9.4%),,,,,,,,,,,<10,116 (8.1%),,116 (8.1%),,,,,,,,,,,<10,156 (9.3%),,156 (9.3%),,,,,,,,,,,<10,156 (8.1%),,156 (8.1%),,,,,,,<10,,,,<10,158 (7.2%),,,,,17 (1.3%),,,,<10,,<10,,<10,173 (7.4%),123 (6.0%),313 (5.5%),,,42 (1.6%),,,94 (3.9%),16 (0.9%),13 (1.4%),,<10,<10,151 (6.3%),263 (6.1%),579 (4.0%),,,36 (1.3%),,,100 (3.5%),20 (1.1%),11 (1.0%),<10,<10,<10,147 (6.1%),95 (2.2%),409 (2.7%),143 (33.0%),,58 (1.8%),,,101 (2.9%),<10,36 (2.8%),<10,<10,,137 (5.3%),47 (1.1%),522 (3.4%),662 (35.3%),,44 (1.3%),,,67 (1.8%),<10,<10,<10,<10,<10,142 (5.2%),12 (0.3%),927 (5.9%),468 (27.3%),<10,29 (0.9%),,,23 (0.6%),<10,<10,,<10,,124 (4.7%),<10,,495 (26.4%),26 (0.6%),31 (0.9%),,,16 (0.3%),<10,<10,<10,<10,,92 (3.3%),<10,660 (3.7%),437 (23.8%),<10,14 (0.4%),,,<10,14 (0.7%),,<10,,<10,132 (4.6%),<10,,296 (15.5%),<10,<10,,,<10,<10,,,,,113 (3.9%),<10,,76 (23.7%),<10,<10,,,,,,,,,13 (3.5%),,89 (12.9%)
    Dexmedetomidine,"5,992 (60.2%)","12,553 (71.7%)","15,261 (53.8%)","5,794 (27.3%)","1,558 (32.5%)","18,720 (59.6%)","7,085 (42.6%)","5,249 (57.3%)","2,532 (22.0%)","5,615 (44.8%)","8,654 (48.4%)","18,220 (55.0%)","11,030 (29.0%)","118,263 (46.9%)",,,,,,,,,,,,123 (18.7%),,123 (18.7%),,,,,,,,,,,174 (30.7%),437 (35.9%),,611 (34.2%),,,,,,,,,,,324 (32.8%),585 (40.9%),,909 (37.6%),,,,,,,,,,,334 (32.1%),668 (39.9%),,"1,002 (36.9%)",,,,,,,,,<10,,384 (35.4%),976 (50.6%),,"1,360 (45.1%)",,,,,,,325 (19.8%),,<10,,462 (42.1%),"1,083 (49.7%)",,"1,870 (38.0%)",,,222 (17.2%),,,,391 (24.7%),,34 (3.4%),,508 (43.6%),"1,251 (53.3%)",303 (14.8%),"2,709 (28.7%)",,,"1,000 (37.3%)",,,946 (38.9%),658 (36.7%),322 (34.2%),57 (5.2%),569 (49.4%),570 (46.6%),"1,355 (56.9%)",758 (17.6%),"6,235 (34.6%)",,,"1,301 (47.8%)",,,"1,310 (46.0%)",820 (43.4%),528 (48.8%),77 (6.9%),736 (55.7%),691 (53.5%),"1,495 (62.0%)",762 (17.9%),"7,720 (40.8%)",242 (55.9%),,"1,735 (53.1%)",,,"1,936 (55.6%)",910 (48.3%),821 (64.1%),145 (12.5%),891 (56.4%),696 (52.4%),"1,489 (57.1%)","1,024 (23.9%)","9,889 (46.4%)","1,098 (58.6%)",,"1,861 (55.5%)",,,"2,247 (59.4%)","1,017 (52.3%)",649 (63.3%),293 (22.1%),830 (42.5%),844 (53.3%),"1,669 (60.7%)","1,213 (27.7%)","11,721 (48.9%)",985 (57.5%),755 (68.0%),"1,888 (59.0%)",,,"2,519 (63.5%)",966 (51.5%),689 (63.8%),416 (29.4%),821 (39.7%),796 (52.8%),"1,598 (60.2%)","1,485 (32.2%)","12,918 (51.3%)","1,058 (56.5%)","3,217 (71.1%)","2,021 (59.8%)",,766 (31.5%),"3,010 (65.3%)",954 (51.9%),683 (65.5%),492 (33.3%),839 (38.8%),883 (55.3%),"1,621 (58.5%)","1,643 (34.6%)","17,187 (53.0%)","1,129 (61.5%)","3,462 (71.2%)","2,113 (60.4%)",,792 (33.4%),"3,352 (66.2%)",986 (49.4%),704 (60.4%),572 (34.1%),929 (40.2%),914 (58.1%),"1,839 (64.1%)","1,886 (38.7%)","18,678 (54.8%)","1,271 (66.5%)","4,223 (73.1%)","2,132 (62.2%)",,,"3,400 (65.3%)",58 (35.8%),723 (55.9%),442 (37.6%),,969 (58.3%),"1,815 (62.7%)","1,956 (42.8%)","16,989 (60.5%)",209 (65.1%),896 (72.7%),988 (63.5%),,,,,130 (50.4%),,,105 (55.3%),216 (58.9%),,"2,544 (64.8%)"
    Fentanyl,"4,911 (49.3%)","10,125 (57.8%)","14,232 (50.2%)","9,868 (46.5%)","2,472 (51.5%)","16,954 (54.0%)","3,080 (18.5%)","6,120 (66.8%)","5,713 (49.5%)","8,128 (64.8%)","7,271 (40.6%)","17,377 (52.4%)","21,683 (57.0%)","127,934 (50.7%)",,,,,,,,,,,,312 (47.5%),,312 (47.5%),,,,,,,,,,,267 (47.2%),516 (42.4%),,783 (43.9%),,,,,,,,,,,411 (41.6%),675 (47.2%),,"1,086 (44.9%)",,,,,,,,,,,482 (46.3%),732 (43.7%),,"1,214 (44.7%)",,,,,,,,,<10,,464 (42.8%),845 (43.8%),,"1,309 (43.4%)",,,,,,,502 (30.6%),,53 (70.7%),,475 (43.3%),987 (45.3%),,"2,017 (40.4%)",,,620 (48.0%),,,,446 (28.1%),,555 (54.8%),,474 (40.7%),"1,151 (49.0%)","1,123 (54.9%)","4,369 (46.2%)",,,"1,190 (44.4%)",,,"1,017 (41.9%)",474 (26.4%),627 (66.6%),574 (52.4%),534 (46.4%),529 (43.3%),"1,108 (46.5%)","2,199 (51.0%)","8,252 (45.8%)",,,"1,368 (50.2%)",,,"1,516 (53.2%)",446 (23.6%),707 (65.4%),572 (51.3%),868 (65.7%),514 (39.8%),"1,180 (48.9%)","2,399 (56.4%)","9,570 (50.5%)",209 (48.3%),,"1,818 (55.7%)",,,"2,143 (61.5%)",389 (20.6%),923 (72.1%),574 (49.4%),"1,043 (66.0%)",589 (44.3%),"1,529 (58.6%)","2,609 (60.9%)","11,826 (55.5%)",954 (50.9%),,"1,791 (53.4%)",,,"2,197 (58.0%)",298 (15.3%),691 (67.3%),637 (48.1%),"1,301 (66.6%)",631 (39.8%),"1,750 (63.7%)","2,634 (60.1%)","12,884 (53.7%)",861 (50.3%),665 (59.9%),"1,578 (49.3%)",,,"2,195 (55.4%)",205 (10.9%),787 (72.9%),636 (45.0%),"1,384 (66.9%)",584 (38.8%),"1,576 (59.4%)","2,653 (57.6%)","13,124 (52.1%)",949 (50.7%),"2,703 (59.7%)","1,693 (50.1%)",,"1,265 (52.0%)","2,415 (52.4%)",173 (9.4%),679 (65.1%),749 (50.7%),"1,447 (67.0%)",564 (35.3%),"1,624 (58.6%)","2,658 (56.0%)","16,919 (52.1%)",875 (47.7%),"2,777 (57.1%)","1,746 (49.9%)",,"1,207 (51.0%)","2,645 (52.2%)",135 (6.8%),736 (63.2%),866 (51.6%),"1,551 (67.1%)",613 (39.0%),"1,634 (56.9%)","2,792 (57.3%)","17,577 (51.6%)",900 (47.1%),"3,297 (57.1%)","1,694 (49.4%)",,,"2,826 (54.3%)",12 (7.4%),810 (62.6%),494 (42.0%),,602 (36.2%),"1,580 (54.6%)","2,616 (57.3%)","14,831 (52.8%)",163 (50.8%),683 (55.4%),734 (47.2%),,,,,160 (62.0%),,,72 (37.9%),178 (48.5%),,"1,990 (50.7%)"
"  Neuromuscular blocking agents, n (%)",,,,,,,,,,,,,,,,,,,,,,,,,,,,,,,,,,,,,,,,,,,,,,,,,,,,,,,,,,,,,,,,,,,,,,,,,,,,,,,,,,,,,,,,,,,,,,,,,,,,,,,,,,,,,,,,,,,,,,,,,,,,,,,,,,,,,,,,,,,,,,,,,,,,,,,,,,,,,,,,,,,,,,,,,,,,,,,,,,,,,,,,,,,,,,,,,,,,,,,,,,,,,,,,,,,,,,,,,,,,,,,,,,,,,,,,,,,,,,
    Cisatracurium,,549 (3.1%),582 (2.1%),"1,588 (7.5%)",193 (4.0%),"1,330 (4.2%)",627 (3.8%),628 (6.8%),,563 (4.5%),"1,385 (7.7%)","1,626 (4.9%)","3,511 (9.2%)","12,582 (5.5%)",,,,,,,,,,,,16 (2.4%),,16 (2.4%),,,,,,,,,,,30 (5.3%),35 (2.9%),,65 (3.7%),,,,,,,,,,,62 (6.3%),88 (6.2%),,150 (6.2%),,,,,,,,,,,83 (8.0%),128 (7.6%),,211 (7.8%),,,,,,,,,,,91 (8.4%),133 (6.9%),,224 (7.4%),,,,,,,53 (3.2%),,,,90 (8.2%),162 (7.4%),,305 (6.2%),,,16 (1.2%),,,,68 (4.3%),,,,89 (7.6%),128 (5.5%),212 (10.4%),513 (6.1%),,,42 (1.6%),,,93 (3.8%),65 (3.6%),73 (7.8%),,67 (5.8%),115 (9.4%),117 (4.9%),495 (11.5%),"1,067 (6.3%)",,,45 (1.7%),,,114 (4.0%),63 (3.3%),58 (5.4%),,60 (4.5%),111 (8.6%),126 (5.2%),430 (10.1%),"1,007 (5.7%)",,,143 (4.4%),,,366 (10.5%),64 (3.4%),227 (17.7%),,98 (6.2%),149 (11.2%),191 (7.3%),551 (12.9%),"1,789 (9.1%)",,,104 (3.1%),,,268 (7.1%),136 (7.0%),88 (8.6%),,121 (6.2%),149 (9.4%),200 (7.3%),535 (12.2%),"1,601 (7.7%)",,41 (3.7%),48 (1.5%),,,155 (3.9%),79 (4.2%),58 (5.4%),,93 (4.5%),98 (6.5%),94 (3.5%),398 (8.6%),"1,064 (4.8%)",,159 (3.5%),42 (1.2%),,100 (4.1%),117 (2.5%),54 (2.9%),38 (3.6%),,53 (2.5%),96 (6.0%),87 (3.1%),324 (6.8%),"1,070 (3.6%)",,155 (3.2%),49 (1.4%),,93 (3.9%),122 (2.4%),43 (2.2%),38 (3.3%),,71 (3.1%),102 (6.5%),58 (2.0%),291 (6.0%),"1,022 (3.3%)",,160 (2.8%),53 (1.5%),,,95 (1.8%),<10,39 (3.0%),,,112 (6.7%),58 (2.0%),275 (6.0%),792 (3.2%),,34 (2.8%),40 (2.6%),,,,,<10,,,<10,<10,,
    Rocuronium,"2,974 (29.9%)",,20 (0.1%),284 (1.3%),,106 (0.3%),458 (2.8%),<10,"1,135 (9.8%)",27 (0.2%),10 (0.1%),132 (0.4%),72 (0.2%),"5,218 (2.5%)",,,,,,,,,,,,16 (2.4%),,16 (2.4%),,,,,,,,,,,,<10,,,,,,,,,,,,,<10,,,,,,,,,,,,,,,18 (1.1%),,18 (1.1%),,,,,,,,,,,,<10,,,,,,,,,<10,,<10,,,<10,,,,,<10,,,,13 (0.8%),,99 (9.8%),,,<10,,112 (4.3%),,,,,,<10,54 (3.0%),<10,132 (12.0%),<10,,<10,,,,,<10,,,<10,80 (4.2%),,95 (8.5%),,,13 (0.5%),,188 (3.3%),151 (34.9%),,<10,,,14 (0.4%),77 (4.1%),<10,119 (10.2%),23 (1.5%),,22 (0.8%),19 (0.4%),425 (2.7%),632 (33.7%),,<10,,,35 (0.9%),76 (3.9%),,163 (12.3%),,<10,<10,21 (0.5%),927 (7.0%),514 (30.0%),,<10,,,<10,76 (4.0%),,157 (11.1%),<10,<10,<10,<10,,529 (28.3%),,<10,,,15 (0.3%),51 (2.8%),,134 (9.1%),,<10,<10,<10,729 (7.2%),508 (27.7%),,<10,,,15 (0.3%),23 (1.2%),,139 (8.3%),,<10,<10,<10,685 (6.6%),538 (28.2%),,<10,,,<10,,<10,89 (7.6%),,<10,<10,10 (0.2%),,102 (31.8%),,<10,,,,,,,,,<10,,
