data_type,category,reference_unit,emory__total_number_of_stays,jhu__total_number_of_stays,mimic__total_number_of_stays,nu__total_number_of_stays,ohsu__total_number_of_stays,rush__total_number_of_stays,sunnybrook__total_number_of_stays,ucmc__total_number_of_stays,umn__total_number_of_stays,upenn__total_number_of_stays,all__total_number_of_stays,emory__total_observations,jhu__total_observations,mimic__total_observations,nu__total_observations,ohsu__total_observations,rush__total_observations,sunnybrook__total_observations,ucmc__total_observations,umn__total_observations,upenn__total_observations,all__total_observations,emory__total_distinct_observations,jhu__total_distinct_observations,mimic__total_distinct_observations,nu__total_distinct_observations,ohsu__total_distinct_observations,rush__total_distinct_observations,sunnybrook__total_distinct_observations,ucmc__total_distinct_observations,umn__total_distinct_observations,upenn__total_distinct_observations,all__total_distinct_observations,emory__mean_icu_los_days,jhu__mean_icu_los_days,mimic__mean_icu_los_days,nu__mean_icu_los_days,ohsu__mean_icu_los_days,rush__mean_icu_los_days,sunnybrook__mean_icu_los_days,ucmc__mean_icu_los_days,umn__mean_icu_los_days,upenn__mean_icu_los_days,all__mean_icu_los_days,emory__mean_icu_los_hours,jhu__mean_icu_los_hours,mimic__mean_icu_los_hours,nu__mean_icu_los_hours,ohsu__mean_icu_los_hours,rush__mean_icu_los_hours,sunnybrook__mean_icu_los_hours,ucmc__mean_icu_los_hours,umn__mean_icu_los_hours,upenn__mean_icu_los_hours,all__mean_icu_los_hours,emory__whole_stay_mean,jhu__whole_stay_mean,mimic__whole_stay_mean,nu__whole_stay_mean,ohsu__whole_stay_mean,rush__whole_stay_mean,sunnybrook__whole_stay_mean,ucmc__whole_stay_mean,umn__whole_stay_mean,upenn__whole_stay_mean,all__whole_stay_mean,emory__whole_stay_median,jhu__whole_stay_median,mimic__whole_stay_median,nu__whole_stay_median,ohsu__whole_stay_median,rush__whole_stay_median,sunnybrook__whole_stay_median,ucmc__whole_stay_median,umn__whole_stay_median,upenn__whole_stay_median,all__whole_stay_median,emory__whole_stay_iqr,jhu__whole_stay_iqr,mimic__whole_stay_iqr,nu__whole_stay_iqr,ohsu__whole_stay_iqr,rush__whole_stay_iqr,sunnybrook__whole_stay_iqr,ucmc__whole_stay_iqr,umn__whole_stay_iqr,upenn__whole_stay_iqr,all__whole_stay_iqr,emory__first_24hr_mean,jhu__first_24hr_mean,mimic__first_24hr_mean,nu__first_24hr_mean,ohsu__first_24hr_mean,rush__first_24hr_mean,sunnybrook__first_24hr_mean,ucmc__first_24hr_mean,umn__first_24hr_mean,upenn__first_24hr_mean,all__first_24hr_mean,emory__first_24hr_median,jhu__first_24hr_median,mimic__first_24hr_median,nu__first_24hr_median,ohsu__first_24hr_median,rush__first_24hr_median,sunnybrook__first_24hr_median,ucmc__first_24hr_median,umn__first_24hr_median,upenn__first_24hr_median,all__first_24hr_median,emory__first_24hr_iqr,jhu__first_24hr_iqr,mimic__first_24hr_iqr,nu__first_24hr_iqr,ohsu__first_24hr_iqr,rush__first_24hr_iqr,sunnybrook__first_24hr_iqr,ucmc__first_24hr_iqr,umn__first_24hr_iqr,upenn__first_24hr_iqr,all__first_24hr_iqr,emory__first_48hr_mean,jhu__first_48hr_mean,mimic__first_48hr_mean,nu__first_48hr_mean,ohsu__first_48hr_mean,rush__first_48hr_mean,sunnybrook__first_48hr_mean,ucmc__first_48hr_mean,umn__first_48hr_mean,upenn__first_48hr_mean,all__first_48hr_mean,emory__first_48hr_median,jhu__first_48hr_median,mimic__first_48hr_median,nu__first_48hr_median,ohsu__first_48hr_median,rush__first_48hr_median,sunnybrook__first_48hr_median,ucmc__first_48hr_median,umn__first_48hr_median,upenn__first_48hr_median,all__first_48hr_median,emory__first_48hr_iqr,jhu__first_48hr_iqr,mimic__first_48hr_iqr,nu__first_48hr_iqr,ohsu__first_48hr_iqr,rush__first_48hr_iqr,sunnybrook__first_48hr_iqr,ucmc__first_48hr_iqr,umn__first_48hr_iqr,upenn__first_48hr_iqr,all__first_48hr_iqr,emory__first_72hr_mean,jhu__first_72hr_mean,mimic__first_72hr_mean,nu__first_72hr_mean,ohsu__first_72hr_mean,rush__first_72hr_mean,sunnybrook__first_72hr_mean,ucmc__first_72hr_mean,umn__first_72hr_mean,upenn__first_72hr_mean,all__first_72hr_mean,emory__first_72hr_median,jhu__first_72hr_median,mimic__first_72hr_median,nu__first_72hr_median,ohsu__first_72hr_median,rush__first_72hr_median,sunnybrook__first_72hr_median,ucmc__first_72hr_median,umn__first_72hr_median,upenn__first_72hr_median,all__first_72hr_median,emory__first_72hr_iqr,jhu__first_72hr_iqr,mimic__first_72hr_iqr,nu__first_72hr_iqr,ohsu__first_72hr_iqr,rush__first_72hr_iqr,sunnybrook__first_72hr_iqr,ucmc__first_72hr_iqr,umn__first_72hr_iqr,upenn__first_72hr_iqr,all__first_72hr_iqr
labs,wbc,10^3/µl,45608.0,,,56742.0,25429.0,23078.0,,,,,150857,523871.0,,,836586.0,335441.0,280613.0,,,,,1976511,523871.0,,,836586.0,335441.0,280613.0,,,,,1976511,10.94,,,11.55,12.23,9.86,,,,,11.221669,262.55,,,277.08,293.5,236.65,,,,,269.270063,11.49,,,14.74,13.19,12.16,,,,,13.10148,6.0,,,9.0,8.0,8.0,,,,,7.771479,10.0,,,11.0,12.0,11.0,,,,,12,1.66,,,2.01,2.17,1.86,,,,,1.908209,1.0,,,2.0,2.0,1.0,,,,,1.544695,1.0,,,2.0,2.0,1.0,,,,,2.0,2.73,,,3.26,3.46,3.05,,,,,3.101354,2.0,,,3.0,3.0,3.0,,,,,2.697674,1.0,,,2.0,2.0,1.0,,,,,2,3.63,,,4.34,4.51,4.04,,,,,4.108111,3.0,,,4.0,4.0,3.0,,,,,3.544695,2.0,,,2.0,2.0,2.0,,,,,2
labs,monocytes_absolute,10^3/µl,18222.0,,11033.0,39416.0,13313.0,16665.0,,,,,98649,59567.0,,36368.0,330339.0,83265.0,122209.0,,,,,631748,59567.0,,36368.0,330339.0,83265.0,122209.0,,,,,631748,14.5,,16.85,13.33,15.13,11.46,,,,,13.86681,348.02,,404.33,319.84,363.01,275.09,,,,,332.760938,3.27,,3.3,8.38,6.25,7.33,,,,,6.403122,1.0,,2.0,4.0,2.0,5.0,,,,,3.121197,1.0,,2.0,8.0,6.0,7.0,,,,,8,0.78,,0.65,1.05,1.01,1.19,,,,,0.973643,1.0,,1.0,1.0,1.0,1.0,,,,,1.0,1.0,,1.0,0.0,1.0,1.0,,,,,1.0,0.98,,0.85,1.68,1.58,1.87,,,,,1.476473,1.0,,1.0,2.0,1.0,2.0,,,,,1.56849,0.0,,1.0,1.0,1.0,2.0,,,,,2,1.15,,1.02,2.25,2.03,2.45,,,,,1.913345,1.0,,1.0,2.0,1.0,2.0,,,,,1.56849,0.0,,1.0,2.0,2.0,3.0,,,,,3
labs,ast,u/l,36090.0,67273.0,24459.0,44974.0,15642.0,18689.0,3740.0,20701.0,67855.0,58985.0,358408,277707.0,736408.0,163718.0,389414.0,91663.0,172196.0,13016.0,157489.0,376951.0,535634.0,2914196,277707.0,736408.0,163718.0,389414.0,91663.0,172196.0,13016.0,157489.0,376951.0,535634.0,2914196,12.45,12.56,14.07,12.86,14.85,11.05,34.92,13.02,10.54,14.25,12.866415,298.87,301.34,337.68,308.76,356.29,265.19,838.2,312.5,252.93,342.07,308.800223,7.69,10.95,6.69,8.66,5.86,9.21,3.48,7.61,5.56,9.08,8.131716,4.0,5.0,3.0,3.0,2.0,6.0,2.0,3.0,2.0,5.0,3.718276,8.0,10.0,6.0,9.0,6.0,9.0,3.0,8.0,4.0,8.0,10,1.32,1.57,1.09,1.37,1.17,1.53,0.61,1.41,1.2,1.36,1.34356,1.0,1.0,1.0,1.0,1.0,1.0,0.0,1.0,1.0,1.0,0.989565,1.0,1.0,2.0,1.0,0.0,1.0,1.0,1.0,1.0,1.0,2.0,1.99,2.52,1.7,2.02,1.73,2.38,0.91,2.08,1.73,2.09,2.043606,2.0,2.0,1.0,2.0,1.0,2.0,1.0,2.0,1.0,2.0,1.688355,2.0,2.0,1.0,2.0,1.0,2.0,1.0,2.0,1.0,2.0,2,2.55,3.31,2.19,2.57,2.16,3.1,1.13,2.62,2.15,2.7,2.620435,2.0,3.0,2.0,2.0,1.0,3.0,1.0,2.0,1.0,3.0,2.161018,3.0,3.0,2.0,2.0,2.0,3.0,2.0,3.0,2.0,3.0,3
labs,glucose_fingerstick,mg/dl,2494.0,,,1.0,22951.0,19074.0,10290.0,25288.0,42593.0,71939.0,194630,9066.0,,,1.0,1020367.0,822288.0,485673.0,916919.0,1758460.0,2830824.0,7843598,9066.0,,,1.0,1020367.0,822288.0,485673.0,916919.0,1758460.0,2830824.0,7843598,12.8,,,16.55,12.8,10.92,19.69,11.85,9.09,12.81,12.048412,307.18,,,397.28,307.25,262.12,472.62,284.51,218.26,307.4,289.19602,3.64,,,1.0,44.46,43.11,47.2,36.26,41.29,39.35,40.301373,3.0,,,1.0,22.0,20.0,22.0,19.0,20.0,20.0,19.993716,5.0,,,0.0,46.0,43.0,37.0,37.0,38.0,38.0,46,2.86,,,0.0,5.99,5.16,5.63,4.08,6.57,4.31,5.107291,2.0,,,0.0,4.0,4.0,4.0,3.0,5.0,3.0,3.693644,4.0,,,0.0,9.0,4.0,9.0,4.0,5.0,4.0,9.0,3.05,,,0.0,11.4,9.39,9.05,7.15,11.19,8.15,9.172302,2.0,,,0.0,7.0,7.0,8.0,6.0,9.0,7.0,7.296516,4.0,,,0.0,15.0,7.0,13.0,6.0,9.0,8.0,15,3.13,,,0.0,15.58,12.82,11.82,9.79,14.88,11.29,12.45997,2.0,,,0.0,11.0,10.0,11.0,8.0,13.0,10.0,10.464892,4.0,,,0.0,20.0,11.0,16.0,9.0,13.0,11.0,20
labs,lymphocytes_percent,%,18478.0,,19193.0,38705.0,13968.0,16740.0,18811.0,15673.0,59966.0,68995.0,270529,60411.0,,60806.0,321184.0,87693.0,124490.0,299613.0,62872.0,240071.0,589780.0,1846920,60411.0,,60806.0,321184.0,87693.0,124490.0,299613.0,62872.0,240071.0,589780.0,1846920,14.59,,15.45,13.43,15.23,11.44,18.71,13.63,10.37,12.65,13.123854,350.04,,370.76,322.36,365.41,274.6,449.0,327.04,248.8,303.68,314.959246,3.27,,3.17,8.3,6.28,7.44,15.93,4.01,4.0,8.55,6.827587,1.0,,2.0,4.0,3.0,5.0,10.0,1.0,2.0,4.0,3.463521,1.0,,2.0,8.0,6.0,7.0,13.0,3.0,3.0,7.0,13,0.78,,0.65,1.02,1.04,1.21,2.5,1.01,0.89,1.13,1.091716,1.0,,1.0,1.0,1.0,1.0,2.0,1.0,1.0,1.0,1.069534,1.0,,1.0,0.0,1.0,1.0,2.0,0.0,1.0,1.0,2.0,0.98,,0.87,1.65,1.61,1.89,3.87,1.33,1.29,1.86,1.671271,1.0,,1.0,2.0,1.0,2.0,4.0,1.0,1.0,2.0,1.66859,0.0,,1.0,1.0,1.0,2.0,3.0,1.0,1.0,1.0,3,1.16,,1.05,2.21,2.06,2.48,4.99,1.59,1.6,2.49,2.158529,1.0,,1.0,2.0,1.0,2.0,5.0,1.0,1.0,2.0,1.738124,0.0,,1.0,2.0,2.0,3.0,3.0,1.0,1.0,2.0,3
labs,bilirubin_total,mg/dl,36133.0,68137.0,24300.0,45070.0,15674.0,18692.0,12982.0,20779.0,68080.0,69893.0,379740,280103.0,764874.0,163052.0,390184.0,92286.0,173241.0,80095.0,159128.0,386022.0,572069.0,3061054,280103.0,764874.0,163052.0,390184.0,92286.0,173241.0,80095.0,159128.0,386022.0,572069.0,3061054,12.45,12.45,14.1,12.85,14.83,11.05,23.2,12.99,10.52,13.3,12.839872,298.72,298.69,338.29,308.4,355.85,265.19,556.69,311.85,252.47,319.08,308.096451,7.75,11.23,6.71,8.66,5.89,9.27,6.17,7.66,5.67,8.18,8.06122,4.0,5.0,3.0,3.0,2.0,6.0,3.0,3.0,2.0,4.0,3.565181,8.0,10.0,7.0,9.0,6.0,9.0,6.0,8.0,4.0,7.0,10,1.33,1.66,1.09,1.38,1.18,1.54,1.12,1.43,1.24,1.3,1.36057,1.0,1.0,1.0,1.0,1.0,1.0,1.0,1.0,1.0,1.0,1.0,1.0,1.0,2.0,1.0,0.0,1.0,2.0,1.0,1.0,1.0,2.0,2.01,2.64,1.71,2.02,1.74,2.39,1.64,2.1,1.78,1.98,2.058111,2.0,2.0,1.0,2.0,1.0,2.0,1.0,2.0,1.0,2.0,1.681266,2.0,2.0,1.0,2.0,1.0,2.0,1.0,2.0,1.0,2.0,2,2.57,3.45,2.2,2.57,2.17,3.12,2.04,2.65,2.21,2.54,2.630981,2.0,3.0,2.0,2.0,1.0,3.0,2.0,2.0,2.0,2.0,2.187378,3.0,3.0,2.0,2.0,2.0,3.0,2.0,3.0,2.0,3.0,3
labs,total_protein,g/dl,36209.0,68116.0,1907.0,45277.0,15994.0,18694.0,806.0,20873.0,68372.0,67321.0,343569,279505.0,763729.0,2618.0,392601.0,94344.0,172243.0,1290.0,159520.0,380125.0,512743.0,2758718,279505.0,763729.0,2618.0,392601.0,94344.0,172243.0,1290.0,159520.0,380125.0,512743.0,2758718,12.44,12.45,24.84,12.84,14.9,11.05,45.26,12.97,10.51,13.53,12.541106,298.61,298.69,596.1,308.06,357.53,265.25,1086.17,311.25,252.19,324.73,300.945977,7.72,11.21,1.37,8.67,5.9,9.21,1.6,7.64,5.56,7.62,8.02956,4.0,5.0,1.0,3.0,2.0,6.0,1.0,3.0,2.0,4.0,3.59974,8.0,10.0,0.0,9.0,6.0,9.0,1.0,8.0,4.0,6.0,10,1.32,1.66,0.25,1.38,1.17,1.53,0.18,1.43,1.22,1.22,1.358333,1.0,1.0,0.0,1.0,1.0,1.0,0.0,1.0,1.0,1.0,0.992103,1.0,1.0,0.0,1.0,0.0,1.0,0.0,1.0,1.0,1.0,1.0,2.0,2.64,0.38,2.02,1.73,2.38,0.36,2.09,1.75,1.86,2.053074,2.0,2.0,0.0,2.0,1.0,2.0,0.0,2.0,1.0,2.0,1.738649,2.0,2.0,1.0,2.0,1.0,2.0,0.0,2.0,1.0,2.0,2,2.57,3.45,0.48,2.58,2.16,3.1,0.53,2.64,2.17,2.39,2.628532,2.0,3.0,0.0,2.0,1.0,3.0,0.0,2.0,2.0,2.0,2.190326,3.0,3.0,1.0,2.0,2.0,3.0,1.0,3.0,2.0,2.0,3
labs,crp,mg/l,4279.0,886.0,3030.0,8550.0,2880.0,2381.0,3220.0,5259.0,21993.0,10062.0,62540,7424.0,2012.0,7852.0,38797.0,7124.0,7683.0,14467.0,18211.0,74159.0,20050.0,197779,7424.0,2012.0,7852.0,38797.0,7124.0,7683.0,14467.0,18211.0,74159.0,20050.0,197779,20.52,15.89,23.82,20.15,24.51,19.12,43.37,20.36,15.33,24.43,20.661117,492.58,381.25,571.65,483.7,588.14,458.92,1040.93,488.67,368.02,586.38,495.931134,1.73,2.27,2.59,4.54,2.47,3.23,4.49,3.46,3.37,1.99,3.160802,1.0,1.0,1.0,1.0,1.0,1.0,2.0,1.0,2.0,1.0,1.40315,1.0,1.75,1.0,3.0,1.0,1.0,4.0,2.0,3.0,1.0,4,0.43,0.64,0.37,0.66,0.34,0.54,0.25,0.47,0.61,0.29,0.496426,0.0,1.0,0.0,1.0,0.0,0.0,0.0,0.0,1.0,0.0,0.502542,1.0,1.0,1.0,1.0,1.0,1.0,0.0,1.0,1.0,1.0,1.0,0.6,0.92,0.56,0.98,0.48,0.84,0.44,0.67,0.96,0.41,0.751835,1.0,1.0,0.0,1.0,0.0,1.0,0.0,1.0,1.0,0.0,0.693124,1.0,1.0,1.0,1.0,1.0,1.0,1.0,1.0,1.0,1.0,1,0.74,1.13,0.73,1.27,0.6,1.07,0.62,0.85,1.26,0.52,0.974155,1.0,1.0,1.0,1.0,0.0,1.0,0.0,1.0,1.0,0.0,0.741573,1.0,2.0,1.0,2.0,1.0,1.0,1.0,1.0,2.0,1.0,2
labs,bilirubin_conjugated,mg/dl,9112.0,13100.0,4289.0,23897.0,8170.0,3715.0,702.0,16999.0,27378.0,59769.0,167131,30134.0,37983.0,11310.0,165288.0,31430.0,7190.0,1360.0,104454.0,101151.0,496033.0,986333,30134.0,37983.0,11310.0,165288.0,31430.0,7190.0,1360.0,104454.0,101151.0,496033.0,986333,20.23,22.75,21.24,16.56,19.75,19.2,39.25,14.02,15.4,14.32,16.425868,485.56,545.9,509.72,397.43,474.12,460.76,941.99,336.36,369.51,343.79,394.230036,3.31,2.9,2.64,6.92,3.85,1.94,1.94,6.14,3.69,8.3,5.901633,1.0,1.0,1.0,2.0,2.0,1.0,1.0,2.0,1.0,4.0,2.366431,2.0,1.0,2.0,6.0,3.0,1.0,1.0,6.0,2.0,7.0,7,0.47,0.36,0.66,0.79,0.5,0.34,0.12,1.08,0.58,1.27,0.875272,0.0,0.0,0.0,1.0,0.0,0.0,0.0,1.0,0.0,1.0,0.602312,1.0,1.0,1.0,1.0,1.0,1.0,0.0,1.0,1.0,1.0,1.0,0.78,0.61,0.96,1.23,0.86,0.54,0.28,1.6,0.95,1.95,1.361776,1.0,0.0,0.0,1.0,1.0,0.0,0.0,1.0,1.0,2.0,1.227145,1.0,1.0,1.0,1.0,1.0,1.0,0.0,1.0,1.0,2.0,2,1.03,0.83,1.18,1.61,1.14,0.69,0.46,2.04,1.23,2.51,1.761293,1.0,1.0,1.0,1.0,1.0,1.0,0.0,1.0,1.0,2.0,1.353417,1.0,1.0,1.0,1.0,1.0,1.0,1.0,2.0,1.0,3.0,3
labs,lactate,mmol/l,26973.0,53248.0,29750.0,40281.0,17710.0,13990.0,18348.0,22575.0,61093.0,69126.0,353094,226310.0,407442.0,237669.0,407625.0,136847.0,122757.0,194984.0,192660.0,408191.0,1683814.0,4018299,226310.0,407442.0,237669.0,407625.0,136847.0,122757.0,194984.0,192660.0,408191.0,1683814.0,4018299,13.42,13.95,12.6,13.22,14.28,12.44,18.86,12.39,10.77,13.22,13.131493,322.04,334.82,302.43,317.31,342.7,298.46,452.66,297.47,258.42,317.17,315.13293,8.39,7.65,7.99,10.12,7.73,8.77,10.63,8.53,6.68,24.36,11.379978,3.0,4.0,4.0,4.0,5.0,4.0,6.0,4.0,3.0,8.0,4.68776,7.0,6.0,6.0,7.0,8.0,8.0,9.0,7.0,5.0,17.0,17,3.13,3.12,2.74,3.28,4.55,2.81,3.31,3.26,2.39,6.17,3.656064,2.0,2.0,2.0,2.0,3.0,2.0,3.0,3.0,1.0,4.0,2.384577,3.0,4.0,3.0,4.0,6.0,3.0,2.0,4.0,2.0,7.0,7.0,3.98,4.07,3.74,4.31,5.29,3.84,4.65,4.28,3.16,8.4,4.848587,2.0,3.0,2.0,3.0,3.0,2.0,4.0,3.0,2.0,5.0,3.070219,4.0,5.0,4.0,5.0,7.0,5.0,4.0,4.0,3.0,10.0,10,4.52,4.58,4.37,4.98,5.67,4.49,5.49,4.9,3.66,9.98,5.620196,2.0,3.0,3.0,3.0,4.0,2.0,5.0,3.0,2.0,6.0,3.452367,5.0,5.0,5.0,5.0,8.0,5.0,4.0,4.0,3.0,12.0,12
labs,phosphate,mg/dl,36381.0,63006.0,38038.0,39401.0,22048.0,18424.0,19036.0,28078.0,,74832.0,339244,388729.0,756067.0,525347.0,645618.0,316594.0,186196.0,331581.0,448101.0,,978660.0,4576893,388729.0,756067.0,525347.0,645618.0,316594.0,186196.0,331581.0,448101.0,,978660.0,4576893,12.76,13.2,11.35,13.57,13.27,11.33,18.51,11.19,,12.77,12.928094,306.31,316.77,272.46,325.69,318.59,271.89,444.28,268.61,,306.41,310.280543,10.68,12.0,13.81,16.39,14.36,10.11,17.42,15.96,,13.08,13.492114,6.0,6.0,8.0,8.0,8.0,7.0,10.0,9.0,,6.0,7.113582,10.0,12.0,14.0,15.0,13.0,9.0,13.0,15.0,,10.0,15,1.36,1.28,1.9,1.69,1.72,1.35,2.71,2.08,,1.73,1.683832,1.0,1.0,2.0,1.0,2.0,1.0,3.0,2.0,,2.0,1.592694,1.0,1.0,2.0,1.0,1.0,1.0,1.0,2.0,,1.0,2.0,2.39,2.31,3.24,2.96,3.08,2.25,4.26,3.62,,2.83,2.877683,2.0,2.0,3.0,2.0,3.0,2.0,4.0,3.0,,2.0,2.37211,2.0,2.0,2.0,3.0,2.0,2.0,2.0,3.0,,2.0,3,3.29,3.2,4.35,4.08,4.26,3.05,5.54,4.9,,3.73,3.890465,3.0,3.0,4.0,3.0,4.0,3.0,5.0,4.0,,3.0,3.37211,2.0,2.0,3.0,4.0,3.0,2.0,3.0,3.0,,3.0,4
labs,pco2_arterial,mmhg,24529.0,,35501.0,43131.0,16964.0,15253.0,16016.0,18465.0,,40338.0,210197,228581.0,,447843.0,531369.0,168949.0,161719.0,215138.0,596679.0,,790562.0,3140840,228581.0,,447843.0,531369.0,168949.0,161719.0,215138.0,596679.0,,790562.0,3140840,13.42,,11.65,12.71,14.59,12.42,19.57,13.69,,13.89,13.579745,322.15,,279.55,304.93,350.07,298.11,469.73,328.47,,333.39,325.887606,9.32,,12.61,12.32,9.96,10.6,13.43,32.31,,19.6,14.941312,4.0,,5.0,5.0,6.0,4.0,7.0,14.0,,6.0,6.026356,6.0,,10.0,9.0,9.0,8.0,11.0,28.0,,16.0,28,3.38,,3.93,3.78,4.46,3.01,3.89,7.37,,5.66,4.442192,2.0,,3.0,3.0,3.0,2.0,4.0,6.0,,3.0,3.150473,3.0,,3.0,5.0,6.0,4.0,2.0,7.0,,8.0,8.0,4.25,,5.35,4.98,5.41,4.17,5.59,11.09,,7.62,6.023079,3.0,,4.0,3.0,4.0,2.0,5.0,9.0,,4.0,4.048407,5.0,,5.0,6.0,7.0,5.0,4.0,12.0,,10.0,12,4.83,,6.35,5.81,6.08,4.92,6.72,13.7,,9.02,7.12251,3.0,,4.0,4.0,4.0,3.0,6.0,10.0,,4.0,4.490207,5.0,,7.0,6.0,7.0,6.0,5.0,16.0,,12.0,16
labs,po2_arterial,mmhg,24265.0,,35502.0,44163.0,16936.0,15253.0,16016.0,20567.0,,58348.0,231050,228667.0,,447715.0,539520.0,168574.0,160795.0,215066.0,605747.0,,1673691.0,4039775,228667.0,,447715.0,539520.0,168574.0,160795.0,215066.0,605747.0,,1673691.0,4039775,13.53,,11.65,12.65,14.59,12.42,19.57,12.88,,14.28,13.627569,324.79,,279.55,303.57,350.26,298.11,469.73,309.06,,342.77,327.075643,9.42,,12.61,12.22,9.95,10.54,13.43,29.45,,28.68,17.482891,4.0,,5.0,5.0,6.0,4.0,7.0,12.0,,10.0,6.926678,6.0,,10.0,9.0,9.0,8.0,11.0,26.0,,22.0,26,3.38,,3.93,3.75,4.46,3.0,3.89,7.0,,7.23,4.919155,2.0,,3.0,3.0,3.0,2.0,4.0,6.0,,5.0,3.670396,4.0,,3.0,5.0,6.0,4.0,2.0,8.0,,10.0,10.0,4.28,,5.35,4.94,5.41,4.15,5.59,10.34,,9.9,6.694292,3.0,,4.0,3.0,4.0,2.0,5.0,8.0,,6.0,4.502255,5.0,,5.0,6.0,7.0,5.0,4.0,12.0,,13.0,13,4.86,,6.35,5.77,6.07,4.9,6.72,12.69,,11.82,7.937777,3.0,,4.0,4.0,4.0,3.0,6.0,9.0,,7.0,5.170279,5.0,,7.0,6.0,7.0,6.0,5.0,14.0,,15.0,15
labs,bun,mg/dl,46405.0,78772.0,39406.0,57063.0,25937.0,23275.0,7551.0,28651.0,107088.0,91042.0,505190,574697.0,1225496.0,599633.0,1001063.0,411210.0,306697.0,60489.0,515647.0,1087466.0,1411769.0,7194167,574697.0,1225496.0,599633.0,1001063.0,411210.0,306697.0,60489.0,515647.0,1087466.0,1411769.0,7194167,10.78,11.4,11.12,11.49,12.05,9.79,27.05,11.04,8.31,11.32,10.83465,258.71,273.56,266.85,275.75,289.26,234.98,649.31,264.89,199.54,271.57,260.024019,12.38,15.56,15.22,17.54,15.85,13.18,8.01,18.0,10.15,15.51,14.239994,7.0,8.0,9.0,10.0,9.0,8.0,3.0,11.0,5.0,8.0,7.722873,12.0,14.0,13.0,14.0,14.0,12.0,7.0,17.0,9.0,12.0,17,1.83,2.15,2.27,2.27,2.27,1.96,0.93,2.62,1.77,2.09,2.057984,2.0,2.0,2.0,2.0,2.0,2.0,1.0,2.0,1.0,2.0,1.773077,1.0,2.0,1.0,2.0,2.0,1.0,2.0,1.0,1.0,2.0,2.0,3.04,3.59,3.77,3.79,3.81,3.29,1.48,4.35,2.82,3.43,3.393092,3.0,3.0,3.0,3.0,3.0,3.0,1.0,4.0,2.0,3.0,2.814844,2.0,3.0,1.0,3.0,3.0,2.0,2.0,2.0,1.0,2.0,3,4.05,4.79,5.04,5.11,5.1,4.4,1.95,5.79,3.7,4.56,4.517381,4.0,4.0,5.0,4.0,4.0,4.0,1.0,5.0,3.0,4.0,3.877899,2.0,3.0,2.0,3.0,3.0,3.0,3.0,4.0,2.0,2.0,4
labs,troponin_i,ng/l,19150.0,,,24040.0,9145.0,8108.0,2.0,,30970.0,5872.0,97287,49112.0,,,70990.0,25711.0,20570.0,5.0,,88764.0,13561.0,268713,49112.0,,,70990.0,25711.0,20570.0,5.0,,88764.0,13561.0,268713,12.22,,,14.29,15.6,12.75,87.6,,9.52,6.41,11.884761,293.18,,,343.05,374.36,305.98,2102.47,,228.45,153.8,285.219424,2.56,,,2.95,2.81,2.54,2.5,,2.87,2.31,2.761797,2.0,,,2.0,2.0,2.0,2.5,,2.0,2.0,2.00001,2.0,,,3.0,3.0,2.0,1.5,,2.0,2.0,3,1.62,,,1.66,1.38,1.48,0.0,,1.65,1.85,1.619055,1.0,,,1.0,1.0,1.0,0.0,,1.0,2.0,1.060337,1.0,,,1.0,2.0,1.0,0.0,,1.0,2.0,2.0,1.94,,,1.95,1.71,1.7,0.0,,1.98,2.05,1.920182,1.0,,,1.0,1.0,1.0,0.0,,1.0,2.0,1.060337,1.0,,,2.0,1.0,1.0,0.0,,2.0,2.0,2,2.08,,,2.09,1.88,1.82,0.0,,2.18,2.12,2.076208,2.0,,,2.0,1.0,1.0,0.0,,2.0,2.0,1.822618,2.0,,,2.0,2.0,1.0,0.0,,2.0,2.0,2
labs,inr,(no units),25057.0,50711.0,37267.0,41545.0,16372.0,14676.0,18228.0,21118.0,,71130.0,296104,132949.0,303047.0,325518.0,333294.0,89088.0,83703.0,168848.0,189456.0,,765322.0,2391225,132949.0,303047.0,325518.0,333294.0,89088.0,83703.0,168848.0,189456.0,,765322.0,2391225,14.22,14.31,11.47,13.17,14.48,12.52,18.95,12.95,,13.1,13.603656,341.28,343.5,275.22,316.06,347.53,300.44,454.85,310.92,,314.39,326.49546,5.31,5.98,8.73,8.02,5.44,5.7,9.26,8.97,,10.76,8.07531,2.0,2.0,5.0,4.0,2.0,3.0,5.0,4.0,,5.0,3.755724,3.0,5.0,8.0,8.0,5.0,6.0,7.0,9.0,,9.0,9,1.27,1.35,1.76,1.61,1.58,1.28,2.12,1.68,,1.6,1.57155,1.0,1.0,2.0,1.0,1.0,1.0,2.0,1.0,,1.0,1.187417,1.0,1.0,1.0,1.0,1.0,1.0,2.0,1.0,,1.0,2.0,1.73,1.85,2.62,2.27,2.09,1.78,3.05,2.48,,2.47,2.273223,1.0,1.0,2.0,2.0,2.0,1.0,3.0,2.0,,2.0,1.756113,1.0,1.0,2.0,2.0,2.0,1.0,2.0,2.0,,2.0,2,2.08,2.22,3.29,2.82,2.47,2.18,3.72,3.12,,3.22,2.835591,1.0,1.0,3.0,2.0,2.0,1.0,3.0,3.0,,3.0,2.19351,2.0,2.0,2.0,3.0,2.0,2.0,3.0,3.0,,3.0,3
labs,neutrophils_absolute,10^3/µl,18222.0,,11033.0,39457.0,13312.0,16846.0,,,,,98870,89103.0,,36382.0,333371.0,84084.0,229080.0,,,,,772020,89103.0,,36382.0,333371.0,84084.0,229080.0,,,,,772020,14.5,,16.85,13.32,15.13,11.39,,,,,13.846251,348.02,,404.33,319.61,363.03,273.39,,,,,332.270946,4.89,,3.3,8.45,6.32,13.6,,,,,7.809887,2.0,,2.0,4.0,3.0,8.0,,,,,3.955113,3.0,,2.0,8.0,6.0,14.0,,,,,14,1.14,,0.65,1.06,1.06,2.2,,,,,1.223231,1.0,,1.0,1.0,1.0,2.0,,,,,1.170385,2.0,,1.0,0.0,1.0,2.0,,,,,2.0,1.45,,0.85,1.7,1.64,3.44,,,,,1.847464,1.0,,1.0,2.0,1.0,3.0,,,,,1.73985,1.0,,1.0,1.0,1.0,2.0,,,,,2,1.71,,1.02,2.27,2.09,4.51,,,,,2.38473,1.0,,1.0,2.0,1.0,4.0,,,,,1.910236,1.0,,1.0,2.0,2.0,4.0,,,,,4
labs,alt,u/l,35927.0,68010.0,24481.0,45023.0,15637.0,18689.0,13321.0,20761.0,68050.0,59005.0,368904,273653.0,757351.0,163811.0,389750.0,91668.0,172268.0,81690.0,158358.0,382556.0,536238.0,3007343,273653.0,757351.0,163811.0,389750.0,91668.0,172268.0,81690.0,158358.0,382556.0,536238.0,3007343,12.47,12.46,14.06,12.86,14.85,11.05,22.84,13.0,10.52,14.25,12.979495,299.31,299.09,337.45,308.54,356.29,265.19,548.21,312.0,252.51,342.01,311.512255,7.62,11.14,6.69,8.66,5.86,9.22,6.13,7.63,5.62,9.09,8.153553,4.0,5.0,3.0,3.0,2.0,6.0,3.0,3.0,2.0,5.0,3.711125,7.0,10.0,6.0,9.0,6.0,9.0,6.0,8.0,4.0,8.0,10,1.31,1.63,1.09,1.37,1.17,1.53,1.24,1.42,1.22,1.36,1.361987,1.0,1.0,1.0,1.0,1.0,1.0,1.0,1.0,1.0,1.0,1.0,1.0,1.0,2.0,1.0,0.0,1.0,1.0,1.0,1.0,1.0,2.0,1.99,2.61,1.7,2.02,1.74,2.38,1.74,2.09,1.76,2.09,2.068047,2.0,2.0,1.0,2.0,1.0,2.0,1.0,2.0,1.0,2.0,1.670676,2.0,2.0,1.0,2.0,1.0,2.0,1.0,2.0,1.0,2.0,2,2.54,3.41,2.19,2.57,2.16,3.1,2.13,2.64,2.18,2.71,2.644694,2.0,3.0,2.0,2.0,1.0,3.0,2.0,2.0,2.0,3.0,2.352577,2.0,3.0,2.0,2.0,2.0,3.0,2.0,3.0,2.0,3.0,3
labs,alkaline_phosphatase,u/l,36093.0,68071.0,24125.0,45035.0,15636.0,18688.0,12965.0,20731.0,67963.0,59013.0,368320,277734.0,760843.0,160631.0,389705.0,91708.0,172149.0,79680.0,158074.0,379725.0,536521.0,3006770,277734.0,760843.0,160631.0,389705.0,91708.0,172149.0,79680.0,158074.0,379725.0,536521.0,3006770,12.45,12.45,14.14,12.85,14.84,11.05,23.2,13.01,10.53,14.25,12.984073,298.87,298.88,339.43,308.48,356.14,265.19,556.89,312.29,252.64,341.98,311.640415,7.69,11.18,6.66,8.65,5.87,9.21,6.15,7.63,5.59,9.09,8.164009,4.0,5.0,3.0,3.0,2.0,6.0,3.0,3.0,2.0,5.0,3.713309,8.0,10.0,6.0,9.0,6.0,9.0,6.0,8.0,4.0,8.0,10,1.32,1.64,1.08,1.37,1.17,1.53,1.13,1.42,1.22,1.36,1.360719,1.0,1.0,1.0,1.0,1.0,1.0,1.0,1.0,1.0,1.0,1.0,1.0,1.0,1.0,1.0,0.0,1.0,2.0,1.0,1.0,1.0,2.0,1.99,2.62,1.69,2.02,1.74,2.38,1.65,2.08,1.75,2.09,2.064461,2.0,2.0,1.0,2.0,1.0,2.0,1.0,2.0,1.0,2.0,1.672326,2.0,2.0,1.0,2.0,1.0,2.0,1.0,2.0,1.0,2.0,2,2.56,3.43,2.16,2.57,2.16,3.1,2.05,2.63,2.17,2.71,2.644287,2.0,3.0,2.0,2.0,1.0,3.0,2.0,2.0,2.0,3.0,2.353323,3.0,3.0,2.0,2.0,2.0,3.0,2.0,3.0,2.0,3.0,3
labs,chloride,mmol/l,46502.0,68769.0,39447.0,57063.0,25963.0,23275.0,19113.0,28697.0,107104.0,91359.0,507292,625875.0,1145180.0,636483.0,1001232.0,486641.0,306697.0,397471.0,573731.0,1092112.0,2584841.0,8850263,625875.0,1145180.0,636483.0,1001232.0,486641.0,306697.0,397471.0,573731.0,1092112.0,2584841.0,8850263,10.76,11.97,11.11,11.49,12.04,9.79,18.45,11.02,8.31,11.28,10.935187,258.21,287.3,266.58,275.75,289.01,234.98,442.77,264.5,199.53,270.66,262.450329,13.46,16.65,16.14,17.55,18.74,13.18,20.8,19.99,10.2,28.29,17.446702,7.0,9.0,10.0,10.0,12.0,8.0,11.0,12.0,5.0,11.0,8.875297,13.0,15.0,13.0,14.0,18.0,12.0,18.0,18.0,9.0,20.0,20,2.22,2.28,2.53,2.27,4.24,1.96,2.45,3.49,1.78,4.96,2.83038,2.0,2.0,2.0,2.0,3.0,2.0,2.0,3.0,1.0,2.0,1.89662,2.0,2.0,1.0,2.0,5.0,1.0,2.0,3.0,1.0,5.0,5.0,3.5,3.78,4.13,3.79,5.95,3.29,4.07,5.4,2.84,7.45,4.436295,3.0,3.0,4.0,3.0,4.0,3.0,4.0,5.0,2.0,4.0,3.248717,2.0,3.0,2.0,3.0,6.0,2.0,3.0,4.0,1.0,8.0,8,4.57,5.03,5.48,5.12,7.34,4.4,5.46,6.96,3.72,9.4,5.758069,4.0,4.0,5.0,4.0,5.0,4.0,5.0,6.0,3.0,5.0,4.248717,2.0,3.0,3.0,3.0,7.0,3.0,4.0,5.0,2.0,9.0,9
labs,potassium,mmol/l,46672.0,68923.0,39469.0,57244.0,25867.0,23279.0,19106.0,28679.0,108078.0,91497.0,508814,792730.0,1554183.0,757589.0,1074939.0,496369.0,309894.0,396755.0,561363.0,1390074.0,2978627.0,10312523,792730.0,1554183.0,757589.0,1074939.0,496369.0,309894.0,396755.0,561363.0,1390074.0,2978627.0,10312523,10.72,11.96,11.1,11.46,12.08,9.79,18.46,11.03,8.25,11.26,10.907848,257.36,286.99,266.45,274.94,289.93,234.94,442.92,264.64,198.08,270.27,261.794507,16.99,22.55,19.19,18.78,19.19,13.31,20.77,19.57,12.86,32.55,20.266826,9.0,11.0,11.0,11.0,13.0,8.0,11.0,11.0,6.0,13.0,10.078557,15.0,20.0,15.0,15.0,19.0,12.0,18.0,18.0,11.0,25.0,25,3.29,3.5,3.49,2.81,4.37,2.0,2.45,3.14,2.28,6.2,3.544599,2.0,2.0,3.0,2.0,3.0,2.0,2.0,3.0,2.0,4.0,2.544421,3.0,4.0,3.0,3.0,5.0,1.0,2.0,2.0,2.0,8.0,8.0,4.93,5.59,5.41,4.44,6.16,3.34,4.06,5.04,3.64,9.1,5.440681,3.0,4.0,5.0,4.0,4.0,3.0,4.0,4.0,3.0,5.0,3.907505,4.0,5.0,4.0,4.0,7.0,2.0,3.0,3.0,2.0,11.0,11,6.25,7.3,6.99,5.87,7.61,4.46,5.44,6.59,4.77,11.35,6.985608,4.0,5.0,6.0,5.0,6.0,4.0,5.0,6.0,4.0,7.0,5.194531,4.0,6.0,5.0,4.0,8.0,3.0,4.0,4.0,4.0,12.0,12
labs,ph_venous,(no units),9070.0,,16553.0,20358.0,10931.0,6119.0,9965.0,16684.0,,54253.0,143933,40597.0,,59161.0,101980.0,43330.0,29029.0,51769.0,124908.0,,581754.0,1032528,40597.0,,59161.0,101980.0,43330.0,29029.0,51769.0,124908.0,,581754.0,1032528,15.41,,14.02,16.18,15.47,14.56,25.35,12.98,,14.32,15.323126,369.73,,336.5,388.27,371.36,349.39,608.29,311.45,,343.69,367.735301,4.48,,3.57,5.01,3.96,4.74,5.2,7.49,,10.72,7.172681,2.0,,2.0,2.0,2.0,2.0,3.0,3.0,,5.0,3.315946,3.0,,3.0,3.0,2.0,2.0,5.0,6.0,,9.0,9,1.36,,1.14,1.42,1.23,0.99,1.2,2.44,,3.06,2.072479,1.0,,1.0,1.0,1.0,1.0,1.0,2.0,,2.0,1.492847,2.0,,2.0,2.0,2.0,1.0,2.0,2.0,,3.0,3.0,1.77,,1.64,1.77,1.56,1.29,1.67,3.29,,4.09,2.762445,1.0,,1.0,1.0,1.0,1.0,1.0,2.0,,3.0,1.86978,1.0,,1.0,1.0,1.0,2.0,2.0,3.0,,5.0,5,2.05,,1.93,2.01,1.79,1.5,1.98,3.87,,4.8,3.230097,1.0,,1.0,1.0,1.0,1.0,1.0,2.0,,3.0,1.86978,1.0,,1.0,1.0,1.0,1.0,3.0,4.0,,6.0,6
labs,lymphocytes_absolute,10^3/µl,18176.0,,11169.0,39448.0,13312.0,16665.0,,,,,98770,59070.0,,36647.0,330782.0,83245.0,122209.0,,,,,631953,59070.0,,36647.0,330782.0,83245.0,122209.0,,,,,631953,14.5,,16.9,13.32,15.13,11.46,,,,,13.872096,348.03,,405.55,319.67,363.03,275.09,,,,,332.922483,3.25,,3.28,8.39,6.25,7.33,,,,,6.399003,1.0,,2.0,4.0,2.0,5.0,,,,,3.120938,1.0,,2.0,8.0,6.0,7.0,,,,,8,0.78,,0.64,1.05,1.01,1.19,,,,,0.972181,1.0,,1.0,1.0,1.0,1.0,,,,,1.0,1.0,,1.0,0.0,1.0,1.0,,,,,1.0,0.98,,0.85,1.69,1.58,1.87,,,,,1.4799,1.0,,1.0,2.0,1.0,2.0,,,,,1.568118,0.0,,1.0,1.0,1.0,2.0,,,,,2,1.15,,1.02,2.26,2.03,2.45,,,,,1.916573,1.0,,1.0,2.0,1.0,2.0,,,,,1.568118,0.0,,1.0,2.0,2.0,3.0,,,,,3
labs,pco2_venous,mmhg,8472.0,22630.0,11825.0,18089.0,10932.0,6072.0,10266.0,16683.0,,53843.0,158812,37094.0,220725.0,47267.0,98157.0,43298.0,30024.0,55835.0,181194.0,,580717.0,1294311,37094.0,220725.0,47267.0,98157.0,43298.0,30024.0,55835.0,181194.0,,580717.0,1294311,15.2,14.58,15.67,16.75,15.47,14.56,24.98,12.98,,14.4,15.445079,364.8,349.95,376.05,402.06,371.35,349.54,599.52,311.45,,345.55,370.675107,4.38,9.75,4.0,5.43,3.96,4.94,5.44,10.86,,10.79,8.151462,1.0,5.0,2.0,2.0,2.0,2.0,3.0,5.0,,5.0,3.771037,2.0,8.0,3.0,4.0,2.0,2.0,5.0,10.0,,9.0,10,1.19,3.28,1.36,1.51,1.23,1.08,1.24,3.36,,3.08,2.407436,1.0,2.0,1.0,1.0,1.0,1.0,1.0,2.0,,2.0,1.58658,2.0,4.0,2.0,1.0,2.0,2.0,2.0,4.0,,3.0,4.0,1.59,4.37,1.85,1.88,1.56,1.38,1.74,4.64,,4.11,3.2129,1.0,3.0,1.0,1.0,1.0,1.0,1.0,3.0,,3.0,2.173161,1.0,5.0,1.0,1.0,1.0,2.0,3.0,4.0,,5.0,5,1.88,5.07,2.13,2.13,1.79,1.6,2.07,5.51,,4.83,3.758516,1.0,3.0,1.0,1.0,1.0,1.0,1.0,4.0,,3.0,2.278209,1.0,6.0,2.0,1.0,1.0,2.0,3.0,6.0,,6.0,6
labs,eosinophils_percent,%,18399.0,58888.0,19166.0,39192.0,13939.0,16707.0,18720.0,15558.0,60169.0,68186.0,328924,60230.0,569236.0,60527.0,331627.0,87251.0,123704.0,296677.0,62258.0,240867.0,579900.0,2412277,60230.0,569236.0,60527.0,331627.0,87251.0,123704.0,296677.0,62258.0,240867.0,579900.0,2412277,14.59,13.44,15.46,13.41,15.23,11.45,18.78,13.67,10.36,12.77,13.205722,350.05,322.66,371.0,321.88,365.56,274.86,450.71,328.15,248.75,306.41,316.964605,3.27,9.67,3.16,8.46,6.26,7.4,15.85,4.0,4.0,8.5,7.332489,1.0,5.0,2.0,4.0,3.0,5.0,10.0,1.0,2.0,4.0,3.736824,1.0,9.0,2.0,8.0,6.0,7.0,13.0,3.0,3.0,7.0,13,0.78,1.14,0.65,1.02,1.03,1.2,2.48,1.0,0.88,1.1,1.089187,1.0,1.0,1.0,1.0,1.0,1.0,2.0,1.0,1.0,1.0,1.056913,1.0,2.0,1.0,0.0,1.0,1.0,2.0,0.0,1.0,1.0,2.0,0.98,1.9,0.86,1.64,1.6,1.88,3.85,1.32,1.28,1.82,1.696777,1.0,2.0,1.0,2.0,1.0,2.0,4.0,1.0,1.0,2.0,1.727016,0.0,2.0,1.0,1.0,1.0,2.0,3.0,1.0,1.0,1.0,3,1.16,2.56,1.04,2.21,2.05,2.47,4.97,1.59,1.6,2.44,2.216026,1.0,2.0,1.0,2.0,1.0,2.0,5.0,1.0,1.0,2.0,1.783929,0.0,3.0,1.0,2.0,2.0,3.0,3.0,1.0,1.0,2.0,3
labs,eosinophils_absolute,10^3/µl,18221.0,,11067.0,39167.0,13309.0,13882.0,,,,,95646,59558.0,,36412.0,330988.0,83207.0,102187.0,,,,,612352,59558.0,,36412.0,330988.0,83207.0,102187.0,,,,,612352,14.5,,16.86,13.41,15.13,11.59,,,,,13.992024,347.98,,404.56,321.93,363.06,278.26,,,,,335.838532,3.27,,3.29,8.45,6.25,7.36,,,,,6.401805,1.0,,2.0,4.0,2.0,5.0,,,,,3.063913,1.0,,2.0,8.0,6.0,7.0,,,,,8,0.78,,0.65,1.02,1.01,1.18,,,,,0.953298,1.0,,1.0,1.0,1.0,1.0,,,,,1.0,1.0,,1.0,0.0,1.0,1.0,,,,,1.0,0.98,,0.85,1.64,1.58,1.85,,,,,1.444988,1.0,,1.0,2.0,1.0,2.0,,,,,1.554639,0.0,,1.0,1.0,1.0,2.0,,,,,2,1.15,,1.02,2.21,2.03,2.42,,,,,1.875805,1.0,,1.0,2.0,1.0,2.0,,,,,1.554639,0.0,,1.0,2.0,2.0,3.0,,,,,3
labs,albumin,g/dl,37475.0,68336.0,19722.0,45780.0,23849.0,18726.0,19063.0,20936.0,70769.0,67256.0,391912,318913.0,782697.0,79617.0,415889.0,362318.0,172449.0,335100.0,173744.0,429722.0,524719.0,3595168,318913.0,782697.0,79617.0,415889.0,362318.0,172449.0,335100.0,173744.0,429722.0,524719.0,3595168,12.24,12.43,15.61,12.8,12.72,11.05,18.49,12.98,10.37,13.66,12.730032,293.71,298.3,374.54,307.09,305.36,265.14,443.7,311.4,248.98,327.8,305.498472,8.51,11.45,4.04,9.08,15.19,9.21,17.58,8.3,6.07,7.8,9.171734,4.0,5.0,2.0,4.0,8.0,6.0,10.0,3.0,2.0,4.0,4.289973,8.0,11.0,3.0,9.0,14.0,9.0,13.0,8.0,5.0,6.0,14,1.35,1.67,0.73,1.4,2.06,1.53,2.75,1.45,1.25,1.21,1.463601,1.0,1.0,1.0,1.0,2.0,1.0,3.0,1.0,1.0,1.0,1.158135,1.0,1.0,1.0,1.0,2.0,1.0,1.0,1.0,1.0,1.0,2.0,2.09,2.68,1.07,2.08,3.5,2.38,4.32,2.15,1.82,1.85,2.261771,2.0,2.0,1.0,2.0,3.0,2.0,4.0,2.0,1.0,2.0,1.927239,2.0,3.0,1.0,2.0,2.0,2.0,2.0,2.0,1.0,2.0,3,2.72,3.5,1.35,2.66,4.71,3.09,5.61,2.73,2.29,2.39,2.92566,2.0,3.0,1.0,2.0,4.0,3.0,5.0,2.0,2.0,2.0,2.439453,3.0,3.0,1.0,2.0,3.0,3.0,3.0,3.0,2.0,2.0,3
labs,calcium_ionized,mg/dl,11440.0,,28271.0,25842.0,14575.0,5926.0,1366.0,9972.0,31848.0,3.0,129243,84107.0,,237060.0,288595.0,109190.0,38821.0,32686.0,40687.0,274730.0,5.0,1105881,84107.0,,237060.0,288595.0,109190.0,38821.0,32686.0,40687.0,274730.0,5.0,1105881,16.24,,12.37,13.65,15.05,15.3,33.44,14.97,14.07,11.87,14.247267,389.88,,296.95,327.5,361.21,367.22,802.47,359.19,337.63,284.94,341.922184,7.35,,8.39,11.17,7.49,6.55,23.93,4.08,8.63,1.67,8.558624,2.0,,4.0,4.0,5.0,1.0,10.0,2.0,3.0,2.0,3.460822,5.0,,6.0,7.0,8.0,2.0,25.0,3.0,7.0,0.5,25,2.2,,2.54,3.15,4.23,1.1,1.4,1.6,1.93,1.33,2.521512,1.0,,2.0,2.0,2.0,1.0,1.0,1.0,1.0,2.0,1.531487,2.0,,3.0,4.0,6.0,1.0,3.0,1.0,2.0,1.0,6.0,2.66,,3.53,4.09,4.74,1.51,2.88,1.91,2.83,1.67,3.304396,1.0,,3.0,2.0,3.0,1.0,1.0,1.0,2.0,2.0,2.109422,2.0,,4.0,5.0,7.0,2.0,5.0,1.0,3.0,0.5,7,3.02,,4.21,4.77,5.09,1.8,4.34,2.14,3.55,1.67,3.884338,1.0,,3.0,3.0,3.0,1.0,2.0,1.0,2.0,2.0,2.31994,3.0,,5.0,5.0,7.0,1.0,8.0,2.0,4.0,0.5,8
labs,esr,mm/hour,1926.0,,,3990.0,1079.0,1231.0,,1948.0,,,10174,2536.0,,,6712.0,1508.0,1771.0,,4579.0,,,17106,2536.0,,,6712.0,1508.0,1771.0,,4579.0,,,17106,20.97,,,21.45,24.78,19.09,,19.18,,,20.992114,503.35,,,514.78,594.64,458.09,,460.23,,,503.781963,1.32,,,1.68,1.4,1.44,,2.35,,,1.6814,1.0,,,1.0,1.0,1.0,,1.0,,,1.0,0.0,,,0.0,0.0,0.0,,1.0,,,1,0.44,,,0.46,0.36,0.46,,0.58,,,0.468585,0.0,,,0.0,0.0,0.0,,1.0,,,0.191468,1.0,,,1.0,1.0,1.0,,1.0,,,1.0,0.59,,,0.6,0.46,0.58,,0.77,,,0.613389,1.0,,,1.0,0.0,1.0,,1.0,,,0.893945,1.0,,,1.0,1.0,1.0,,1.0,,,1,0.68,,,0.7,0.54,0.67,,0.93,,,0.719653,1.0,,,1.0,0.0,1.0,,1.0,,,0.893945,1.0,,,1.0,1.0,1.0,,1.0,,,1
labs,sodium,mmol/l,46587.0,68933.0,39457.0,57244.0,25978.0,23281.0,19112.0,28697.0,107281.0,91792.0,508362,760592.0,1405762.0,665804.0,1075101.0,511936.0,314664.0,397464.0,574229.0,1193255.0,3012217.0,9911024,760592.0,1405762.0,665804.0,1075101.0,511936.0,314664.0,397464.0,574229.0,1193255.0,3012217.0,9911024,10.74,11.96,11.11,11.46,12.04,9.79,18.45,11.02,8.3,11.23,10.917371,257.76,286.95,266.53,274.94,288.87,234.92,442.79,264.5,199.24,269.43,261.971411,16.33,20.39,16.87,18.78,19.71,13.52,20.8,20.01,11.12,32.82,19.49617,8.0,11.0,10.0,11.0,13.0,9.0,11.0,12.0,5.0,14.0,9.990017,14.0,18.0,14.0,15.0,19.0,13.0,18.0,18.0,10.0,24.0,24,3.18,3.2,2.73,2.78,4.5,2.03,2.45,3.49,2.01,6.44,3.449317,2.0,2.0,2.0,2.0,3.0,2.0,2.0,3.0,1.0,4.0,2.257647,3.0,3.0,1.0,3.0,5.0,1.0,2.0,3.0,1.0,8.0,8.0,4.75,5.07,4.41,4.42,6.32,3.41,4.07,5.41,3.17,9.35,5.257561,3.0,4.0,4.0,4.0,5.0,3.0,4.0,5.0,2.0,6.0,3.909177,3.0,4.0,2.0,4.0,7.0,2.0,3.0,4.0,2.0,11.0,11,6.02,6.6,5.82,5.83,7.8,4.56,5.46,6.96,4.13,11.6,6.726533,4.0,5.0,5.0,5.0,6.0,4.0,5.0,6.0,3.0,7.0,4.909177,4.0,5.0,3.0,4.0,8.0,3.0,4.0,5.0,3.0,13.0,13
labs,so2_arterial,%,22914.0,,21332.0,32392.0,16666.0,15251.0,16017.0,18543.0,21775.0,49254.0,214144,361306.0,,166796.0,344724.0,166560.0,160776.0,214995.0,390894.0,159939.0,1330424.0,3296414,361306.0,,166796.0,344724.0,166560.0,160776.0,214995.0,390894.0,159939.0,1330424.0,3296414,13.89,,12.57,12.36,14.7,12.42,19.57,13.67,9.93,15.05,13.755349,333.3,,301.79,296.52,352.9,298.13,469.72,328.01,238.43,361.25,330.145714,15.77,,7.82,10.64,9.99,10.54,13.42,21.08,7.35,27.01,15.392872,6.0,,3.0,4.0,6.0,4.0,7.0,8.0,2.0,10.0,6.017451,11.0,,6.0,7.0,9.0,8.0,11.0,18.0,5.0,21.0,21,5.02,,2.77,3.38,4.47,3.0,3.88,4.82,2.47,6.46,4.330456,4.0,,2.0,2.0,3.0,2.0,4.0,4.0,2.0,5.0,3.304617,4.0,,3.0,4.0,6.0,4.0,2.0,5.0,2.0,9.0,9.0,6.62,,3.69,4.43,5.42,4.15,5.59,7.26,3.27,8.93,5.896609,4.0,,2.0,3.0,4.0,2.0,5.0,5.0,2.0,7.0,4.155101,6.0,,4.0,5.0,7.0,5.0,4.0,8.0,3.0,12.0,12,7.69,,4.32,5.15,6.09,4.9,6.72,8.96,3.85,10.7,6.986134,4.0,,2.0,3.0,4.0,3.0,6.0,6.0,2.0,8.0,4.617711,7.0,,4.0,6.0,7.0,6.0,5.0,9.0,3.0,14.0,14
labs,platelet_count,10^3/µl,45677.0,,,56757.0,25417.0,23079.0,,,,,150930,540865.0,,,844177.0,333398.0,281784.0,,,,,2000224,540865.0,,,844177.0,333398.0,281784.0,,,,,2000224,10.92,,,11.54,12.23,9.86,,,,,11.211671,262.19,,,277.03,293.62,236.64,,,,,269.156552,11.84,,,14.87,13.12,12.21,,,,,13.25156,7.0,,,9.0,8.0,8.0,,,,,8.073412,11.0,,,11.0,12.0,11.0,,,,,12,1.77,,,2.05,2.16,1.87,,,,,1.956262,1.0,,,2.0,2.0,1.0,,,,,1.544451,1.0,,,2.0,2.0,1.0,,,,,2.0,2.87,,,3.31,3.45,3.07,,,,,3.163717,2.0,,,3.0,3.0,3.0,,,,,2.697363,1.0,,,2.0,2.0,2.0,,,,,2,3.79,,,4.41,4.49,4.06,,,,,4.182318,3.0,,,4.0,4.0,3.0,,,,,3.544451,3.0,,,2.0,3.0,2.0,,,,,3
labs,basophils_absolute,10^3/µl,18218.0,,11033.0,38373.0,13307.0,16665.0,,,,,97596,59550.0,,36368.0,314578.0,83207.0,122209.0,,,,,615912,59550.0,,36368.0,314578.0,83207.0,122209.0,,,,,615912,14.5,,16.85,13.53,15.13,11.46,,,,,13.951079,348.08,,404.33,324.61,363.02,275.09,,,,,334.78458,3.27,,3.3,8.2,6.25,7.33,,,,,6.311361,1.0,,2.0,4.0,2.0,5.0,,,,,3.111962,1.0,,2.0,8.0,6.0,7.0,,,,,8,0.78,,0.65,1.0,1.01,1.19,,,,,0.953173,1.0,,1.0,1.0,1.0,1.0,,,,,1.0,1.0,,1.0,1.0,1.0,1.0,,,,,1.0,0.98,,0.85,1.61,1.58,1.87,,,,,1.446789,1.0,,1.0,2.0,1.0,2.0,,,,,1.563937,0.0,,1.0,1.0,1.0,2.0,,,,,2,1.15,,1.02,2.16,2.03,2.45,,,,,1.874385,1.0,,1.0,2.0,1.0,2.0,,,,,1.563937,0.0,,1.0,2.0,2.0,3.0,,,,,3
labs,so2_mixed_venous,%,5532.0,5039.0,7439.0,,169.0,2591.0,2253.0,5135.0,7624.0,53590.0,89372,77268.0,58851.0,251028.0,,210.0,23043.0,9144.0,29633.0,42323.0,525214.0,1016714,77268.0,58851.0,251028.0,,210.0,23043.0,9144.0,29633.0,42323.0,525214.0,1016714,18.27,20.75,13.13,,22.38,12.2,21.5,16.89,13.09,14.29,14.987516,438.55,498.08,315.16,,537.05,292.83,516.09,405.33,314.06,342.9,359.669334,13.97,11.68,33.74,,1.24,8.89,4.06,5.77,5.55,9.8,11.375423,4.0,5.0,13.0,,1.0,6.0,3.0,2.0,2.0,4.0,4.547084,10.0,13.0,31.0,,0.0,7.0,3.0,5.0,3.0,8.0,31,2.43,2.81,12.36,,0.43,3.96,2.05,1.23,1.5,2.62,3.274604,2.0,2.0,4.0,,0.0,4.0,2.0,1.0,1.0,2.0,2.07791,4.0,5.0,23.0,,1.0,3.0,2.0,2.0,2.0,3.0,23.0,3.94,4.32,17.22,,0.57,5.27,2.7,1.97,2.12,3.57,4.577421,2.0,3.0,7.0,,0.0,5.0,2.0,1.0,1.0,2.0,2.412993,5.0,6.0,26.0,,1.0,4.0,3.0,3.0,1.0,4.0,26,5.09,5.51,20.29,,0.69,6.13,3.05,2.54,2.54,4.24,5.475547,2.0,4.0,8.0,,1.0,5.0,2.0,1.0,1.0,3.0,3.154131,5.0,7.0,27.0,,1.0,5.0,3.0,3.0,1.0,5.0,27
labs,hemoglobin,g/dl,45829.0,77956.0,39381.0,56961.0,25476.0,23079.0,19110.0,28590.0,103846.0,91112.0,511340,741119.0,1445044.0,569338.0,1035779.0,429518.0,281210.0,373516.0,750920.0,1076830.0,2826752.0,9530026,741119.0,1445044.0,569338.0,1035779.0,429518.0,281210.0,373516.0,750920.0,1076830.0,2826752.0,9530026,10.89,11.5,11.13,11.5,12.21,9.86,18.45,11.05,8.51,11.3,10.9699,261.4,275.96,267.02,276.09,293.04,236.64,442.78,265.24,204.2,271.11,263.254746,16.17,18.54,14.46,18.18,16.86,12.18,19.55,26.27,10.37,31.03,18.638744,8.0,9.0,9.0,10.0,11.0,8.0,12.0,13.0,5.0,13.0,9.312432,15.0,16.0,12.0,14.0,16.0,11.0,15.0,23.0,9.0,24.0,24,3.21,3.05,2.49,3.23,4.49,1.86,2.89,5.12,1.99,6.27,3.527532,2.0,2.0,2.0,2.0,2.0,1.0,3.0,4.0,1.0,4.0,2.257341,3.0,3.0,2.0,3.0,5.0,1.0,2.0,5.0,1.0,8.0,8.0,4.72,4.78,3.97,4.8,6.07,3.06,4.49,7.81,3.09,9.04,5.275526,3.0,3.0,3.0,3.0,4.0,3.0,4.0,6.0,2.0,5.0,3.40821,3.0,4.0,3.0,4.0,6.0,1.0,3.0,8.0,2.0,11.0,11,5.93,6.16,5.19,6.1,7.29,4.04,5.82,9.86,3.97,11.17,6.660717,4.0,4.0,4.0,4.0,5.0,3.0,5.0,7.0,3.0,7.0,4.541258,4.0,5.0,3.0,4.0,7.0,2.0,3.0,9.0,3.0,12.0,12
labs,magnesium,mg/dl,42463.0,69107.0,39358.0,53249.0,23280.0,21165.0,19061.0,28198.0,75894.0,86637.0,458412,481621.0,849520.0,581778.0,821521.0,285755.0,227575.0,337975.0,443590.0,736618.0,1218723.0,5984676,481621.0,849520.0,581778.0,821521.0,285755.0,227575.0,337975.0,443590.0,736618.0,1218723.0,5984676,11.51,12.45,11.13,12.01,12.94,10.48,18.49,11.16,10.32,11.74,11.817384,276.33,298.82,267.14,288.32,310.51,251.56,443.76,267.88,247.75,281.86,283.67184,11.34,12.29,14.78,15.43,12.27,10.75,17.73,15.73,9.71,14.07,13.055477,7.0,6.0,9.0,8.0,7.0,7.0,10.0,9.0,5.0,7.0,7.05377,10.0,11.0,13.0,13.0,11.0,10.0,14.0,15.0,9.0,12.0,15,1.55,1.39,2.02,1.86,1.57,1.48,2.77,2.09,1.41,1.8,1.708041,1.0,1.0,2.0,2.0,1.0,1.0,3.0,2.0,1.0,2.0,1.535684,1.0,1.0,2.0,2.0,1.0,1.0,1.0,2.0,1.0,1.0,2.0,2.66,2.46,3.55,3.13,2.73,2.49,4.37,3.61,2.33,3.0,2.895726,2.0,2.0,3.0,3.0,2.0,2.0,4.0,3.0,2.0,3.0,2.535684,1.0,2.0,2.0,2.0,1.0,1.0,2.0,3.0,2.0,2.0,3,3.61,3.4,4.82,4.29,3.72,3.38,5.67,4.88,3.14,4.01,3.917746,3.0,3.0,4.0,4.0,3.0,3.0,5.0,4.0,3.0,4.0,3.535684,3.0,2.0,3.0,4.0,2.0,2.0,3.0,3.0,3.0,3.0,4
labs,pt,sec,25154.0,,37267.0,41542.0,5072.0,12523.0,,21116.0,,8155.0,150829,133797.0,,325518.0,333276.0,27816.0,70542.0,,189482.0,,24741.0,1105172,133797.0,,325518.0,333276.0,27816.0,70542.0,,189482.0,,24741.0,1105172,14.19,,11.47,13.17,15.99,12.56,,12.96,,8.72,12.69425,340.65,,275.22,316.09,383.8,301.37,,310.95,,209.37,304.652734,5.32,,8.73,8.02,5.48,5.63,,8.97,,3.03,7.324495,2.0,,5.0,4.0,2.0,2.0,,4.0,,2.0,3.572092,4.0,,8.0,8.0,4.0,5.0,,9.0,,2.0,9,1.28,,1.76,1.61,1.4,1.25,,1.68,,1.11,1.537842,1.0,,2.0,1.0,1.0,1.0,,1.0,,1.0,1.247081,1.0,,1.0,1.0,1.0,1.0,,1.0,,0.0,1.0,1.74,,2.62,2.27,1.88,1.74,,2.48,,1.47,2.197116,1.0,,2.0,2.0,1.0,1.0,,2.0,,1.0,1.662505,1.0,,2.0,2.0,1.0,1.0,,2.0,,1.0,2,2.09,,3.29,2.82,2.25,2.13,,3.13,,1.73,2.722394,1.0,,3.0,2.0,1.0,1.0,,3.0,,1.0,2.049586,2.0,,2.0,3.0,2.0,2.0,,3.0,,1.0,3
labs,glucose_serum,mg/dl,47224.0,78772.0,39449.0,57066.0,25963.0,23299.0,17866.0,28679.0,108887.0,91317.0,518522,2420708.0,1225854.0,722130.0,1001945.0,474642.0,322324.0,193848.0,534376.0,3338928.0,2487764.0,12722519,2420708.0,1225854.0,722130.0,1001945.0,474642.0,322324.0,193848.0,534376.0,3338928.0,2487764.0,12722519,10.61,11.4,11.11,11.49,12.04,9.78,19.28,11.03,8.2,11.28,10.833075,254.75,273.56,266.57,275.74,289.0,234.78,462.79,264.65,196.79,270.78,260.00193,51.26,15.56,18.31,17.56,18.28,13.83,10.85,18.63,30.66,27.24,24.534542,25.0,8.0,11.0,10.0,12.0,9.0,5.0,11.0,8.0,11.0,10.832721,50.0,14.0,15.0,14.0,17.0,13.0,10.0,18.0,26.0,20.0,50,5.77,2.15,3.45,2.28,4.17,2.18,1.91,2.8,4.62,4.82,3.711975,5.0,2.0,3.0,2.0,3.0,2.0,2.0,2.0,2.0,2.0,2.399374,5.0,2.0,3.0,2.0,5.0,2.0,2.0,2.0,5.0,5.0,5.0,10.42,3.59,5.25,3.8,5.83,3.56,2.96,4.6,7.91,7.21,6.051105,10.0,3.0,4.0,3.0,4.0,3.0,3.0,4.0,3.0,4.0,3.99509,10.0,3.0,4.0,3.0,6.0,2.0,2.0,3.0,9.0,8.0,10,14.35,4.79,6.73,5.12,7.18,4.71,3.77,6.08,10.55,9.1,7.965468,14.0,4.0,6.0,4.0,5.0,4.0,3.0,5.0,4.0,5.0,5.309937,15.0,3.0,4.0,3.0,7.0,3.0,3.0,4.0,12.0,9.0,15
labs,ptt,sec,16752.0,1.0,37112.0,30782.0,14457.0,12824.0,16523.0,18246.0,,7906.0,154603,111833.0,1.0,353744.0,179996.0,79723.0,85843.0,122282.0,219273.0,,33806.0,1186501,111833.0,1.0,353744.0,179996.0,79723.0,85843.0,122282.0,219273.0,,33806.0,1186501,15.71,37.44,11.49,14.07,15.0,13.21,19.76,13.67,,8.5,13.92023,377.09,898.5,275.81,337.8,359.97,317.05,474.28,328.03,,204.06,334.126299,6.68,1.0,9.53,5.85,5.51,6.69,7.4,12.02,,4.28,7.674701,1.0,1.0,4.0,2.0,2.0,2.0,4.0,5.0,,2.0,2.939535,2.0,0.0,9.0,4.0,4.0,6.0,5.0,12.0,,3.0,12,1.22,0.0,1.82,1.42,1.67,1.36,1.82,1.75,,1.29,1.587787,1.0,0.0,2.0,1.0,1.0,1.0,2.0,2.0,,1.0,1.464933,0.0,0.0,1.0,1.0,1.0,1.0,1.0,1.0,,1.0,1.0,1.66,0.0,2.72,1.89,2.2,1.94,2.57,2.75,,1.81,2.26752,1.0,0.0,2.0,1.0,2.0,1.0,2.0,2.0,,1.0,1.558443,1.0,0.0,2.0,1.0,2.0,2.0,2.0,3.0,,1.0,3,2.02,0.0,3.44,2.25,2.56,2.41,3.11,3.6,,2.22,2.802682,1.0,0.0,3.0,1.0,2.0,1.0,3.0,3.0,,1.0,2.023382,1.0,0.0,2.0,2.0,2.0,2.0,3.0,4.0,,2.0,4
labs,ph_arterial,(no units),24524.0,44997.0,35769.0,43129.0,16967.0,15255.0,16017.0,20928.0,,52555.0,270141,227707.0,618188.0,479709.0,530335.0,168990.0,160843.0,215195.0,659777.0,,1657957.0,4718701,227707.0,618188.0,479709.0,530335.0,168990.0,160843.0,215195.0,659777.0,,1657957.0,4718701,13.41,14.93,11.62,12.71,14.59,12.42,19.57,13.04,,14.82,13.943503,321.93,358.27,278.92,304.96,350.05,298.08,469.72,312.87,,355.61,334.61132,9.29,13.74,13.41,12.3,9.96,10.54,13.44,31.53,,31.55,17.469593,4.0,5.0,6.0,5.0,6.0,4.0,7.0,13.0,,11.0,6.953591,6.0,11.0,11.0,9.0,9.0,8.0,11.0,27.0,,24.0,27,3.34,3.35,4.17,3.76,4.46,3.0,3.89,7.26,,7.88,4.789301,2.0,2.0,4.0,3.0,3.0,2.0,4.0,6.0,,6.0,3.69393,3.0,4.0,4.0,5.0,6.0,4.0,2.0,8.0,,10.0,10.0,4.21,4.78,5.74,4.96,5.41,4.15,5.59,10.9,,10.82,6.585304,2.0,3.0,5.0,3.0,4.0,2.0,5.0,8.0,,8.0,4.659041,4.0,6.0,6.0,6.0,7.0,5.0,4.0,12.0,,14.0,14,4.78,5.82,6.82,5.79,6.08,4.9,6.73,13.45,,12.92,7.843919,3.0,3.0,5.0,4.0,4.0,3.0,6.0,10.0,,9.0,5.374727,5.0,7.0,6.0,6.0,7.0,6.0,5.0,15.0,,17.0,17
labs,ldh,u/l,4446.0,11298.0,19121.0,11911.0,4679.0,4026.0,2093.0,5747.0,11257.0,13365.0,87943,18929.0,44070.0,84527.0,86384.0,31523.0,24470.0,6132.0,24136.0,38260.0,92104.0,450535,18929.0,44070.0,84527.0,86384.0,31523.0,24470.0,6132.0,24136.0,38260.0,92104.0,450535,22.71,23.35,15.33,20.66,19.15,18.07,38.51,19.05,18.35,25.16,20.45924,545.13,560.28,368.01,495.74,459.49,433.6,924.25,457.32,440.48,603.75,491.012047,4.26,3.9,4.42,7.25,6.74,6.08,2.93,4.2,3.4,6.89,5.122805,1.0,1.0,2.0,2.0,2.0,2.0,1.0,1.0,1.0,2.0,1.603823,1.0,1.0,4.0,7.0,7.0,4.0,1.0,3.0,2.0,5.0,7,0.49,0.53,0.76,0.93,1.04,0.65,0.26,0.55,0.65,0.69,0.699347,0.0,0.0,1.0,1.0,1.0,1.0,0.0,0.0,0.0,1.0,0.603823,1.0,1.0,1.0,1.0,1.0,1.0,0.0,1.0,1.0,1.0,1.0,0.76,0.84,1.2,1.44,1.69,1.08,0.51,0.87,1.04,1.16,1.120043,1.0,1.0,1.0,1.0,1.0,1.0,0.0,1.0,1.0,1.0,0.9762,1.0,1.0,2.0,2.0,2.0,2.0,1.0,1.0,1.0,2.0,2,1.0,1.09,1.54,1.88,2.18,1.43,0.75,1.15,1.36,1.55,1.464145,1.0,1.0,1.0,1.0,1.0,1.0,0.0,1.0,1.0,1.0,0.9762,1.0,1.0,1.0,3.0,3.0,2.0,1.0,1.0,2.0,2.0,3
labs,bilirubin_unconjugated,mg/dl,7788.0,92.0,3877.0,,,3388.0,644.0,16356.0,26661.0,55369.0,114175,26615.0,125.0,10040.0,,,6168.0,1220.0,99021.0,92004.0,485753.0,720946,26615.0,125.0,10040.0,,,6168.0,1220.0,99021.0,92004.0,485753.0,720946,20.71,17.69,21.42,,,19.25,39.13,14.2,15.51,14.6,15.68238,497.08,424.56,514.07,,,462.04,939.23,340.7,372.22,350.34,376.333222,3.42,1.36,2.59,,,1.82,1.89,6.05,3.45,8.77,6.312286,1.0,1.0,1.0,,,1.0,1.0,2.0,1.0,4.0,2.598099,2.0,0.0,2.0,,,1.0,1.0,6.0,2.0,8.0,8,0.45,0.21,0.68,,,0.32,0.12,1.06,0.54,1.33,0.987053,0.0,0.0,0.0,,,0.0,0.0,1.0,0.0,1.0,0.628202,1.0,0.0,1.0,,,1.0,0.0,1.0,1.0,1.0,1.0,0.75,0.29,0.98,,,0.51,0.29,1.57,0.87,2.04,1.518796,1.0,0.0,0.0,,,0.0,0.0,1.0,1.0,2.0,1.414872,1.0,1.0,1.0,,,1.0,0.0,1.0,1.0,2.0,2,1.0,0.39,1.18,,,0.65,0.47,2.0,1.14,2.63,1.958657,1.0,0.0,1.0,,,0.0,0.0,1.0,1.0,3.0,1.933777,1.0,1.0,1.0,,,1.0,1.0,2.0,1.0,3.0,3
labs,ferritin,ng/ml,7095.0,15524.0,5855.0,10936.0,3189.0,4486.0,1700.0,6095.0,8264.0,13830.0,76974,8634.0,23455.0,9819.0,29096.0,5025.0,8674.0,2425.0,10847.0,10888.0,26081.0,134944,8634.0,23455.0,9819.0,29096.0,5025.0,8674.0,2425.0,10847.0,10888.0,26081.0,134944,21.2,20.26,21.65,21.38,23.2,16.21,44.03,16.89,19.05,22.32,20.995607,508.83,486.27,519.54,513.03,556.69,388.96,1056.75,405.34,457.28,535.71,503.88988,1.22,1.51,1.68,2.66,1.58,1.93,1.43,1.78,1.32,1.89,1.754452,1.0,1.0,1.0,1.0,1.0,1.0,1.0,1.0,1.0,1.0,1.0,0.0,0.0,0.0,1.0,0.0,0.0,0.0,0.0,0.0,0.0,1,0.3,0.45,0.3,0.44,0.26,0.47,0.11,0.49,0.3,0.37,0.381818,0.0,0.0,0.0,0.0,0.0,0.0,0.0,0.0,0.0,0.0,0.0,1.0,1.0,1.0,1.0,1.0,1.0,0.0,1.0,1.0,1.0,1.0,0.46,0.63,0.44,0.66,0.41,0.68,0.18,0.66,0.46,0.55,0.557752,0.0,1.0,0.0,1.0,0.0,1.0,0.0,1.0,0.0,0.0,0.481214,1.0,1.0,1.0,1.0,1.0,1.0,0.0,1.0,1.0,1.0,1,0.57,0.73,0.55,0.84,0.52,0.84,0.25,0.79,0.57,0.68,0.682888,1.0,1.0,0.0,1.0,0.0,1.0,0.0,1.0,1.0,1.0,0.86042,1.0,1.0,1.0,1.0,1.0,1.0,0.0,1.0,1.0,1.0,1
labs,monocytes_percent,%,17835.0,61584.0,19166.0,38708.0,13969.0,16730.0,18802.0,15673.0,59963.0,68976.0,331406,56146.0,641467.0,60527.0,320351.0,87713.0,124428.0,299280.0,62833.0,240029.0,589525.0,2482299,56146.0,641467.0,60527.0,320351.0,87713.0,124428.0,299280.0,62833.0,240029.0,589525.0,2482299,14.7,13.11,15.46,13.44,15.22,11.44,18.72,13.62,10.37,12.66,13.127626,352.81,314.7,371.0,322.45,365.39,274.68,449.17,326.9,248.81,303.76,315.035645,3.15,10.42,3.16,8.28,6.28,7.44,15.92,4.01,4.0,8.55,7.492086,1.0,5.0,2.0,4.0,3.0,5.0,10.0,1.0,2.0,4.0,3.753701,1.0,10.0,2.0,9.0,6.0,7.0,13.0,3.0,3.0,7.0,13,0.76,1.29,0.65,1.02,1.04,1.21,2.49,1.01,0.88,1.12,1.123626,1.0,1.0,1.0,1.0,1.0,1.0,2.0,1.0,1.0,1.0,1.056734,1.0,1.0,1.0,0.0,1.0,1.0,2.0,0.0,1.0,1.0,2.0,0.95,2.12,0.86,1.64,1.61,1.89,3.87,1.33,1.29,1.86,1.752628,1.0,2.0,1.0,2.0,1.0,2.0,4.0,1.0,1.0,2.0,1.731441,0.0,2.0,1.0,1.0,1.0,2.0,3.0,1.0,1.0,1.0,3,1.12,2.84,1.04,2.2,2.06,2.48,4.99,1.59,1.6,2.49,2.283192,1.0,2.0,1.0,2.0,1.0,2.0,5.0,1.0,1.0,2.0,1.788175,0.0,3.0,1.0,2.0,2.0,3.0,3.0,1.0,1.0,2.0,3
labs,procalcitonin,ng/ml,11619.0,8609.0,,21234.0,1416.0,826.0,,,33572.0,18117.0,95393,20933.0,14202.0,,54434.0,2299.0,1060.0,,,61511.0,45560.0,199999,20933.0,14202.0,,54434.0,2299.0,1060.0,,,61511.0,45560.0,199999,17.09,13.17,,16.88,15.38,24.16,,,12.87,18.16,15.443374,410.18,316.05,,405.08,369.01,579.75,,,308.83,435.78,370.600393,1.8,1.65,,2.56,1.62,1.28,,,1.83,2.51,2.093861,1.0,1.0,,1.0,1.0,1.0,,,1.0,2.0,1.18992,1.0,1.0,,2.0,1.0,0.0,,,1.0,1.0,2,0.66,0.79,,0.73,0.65,0.39,,,0.66,0.73,0.698122,1.0,1.0,,1.0,1.0,0.0,,,1.0,1.0,0.991341,1.0,1.0,,1.0,1.0,1.0,,,1.0,1.0,1.0,0.81,0.97,,0.92,0.8,0.49,,,0.84,1.0,0.892649,1.0,1.0,,1.0,1.0,0.0,,,1.0,1.0,0.991341,1.0,0.0,,1.0,1.0,1.0,,,1.0,1.0,1,0.92,1.07,,1.08,0.92,0.57,,,0.97,1.16,1.029299,1.0,1.0,,1.0,1.0,1.0,,,1.0,1.0,1.0,1.0,0.0,,0.0,0.0,1.0,,,0.0,1.0,1
labs,basophils_percent,%,13519.0,58889.0,19166.0,38590.0,13419.0,16700.0,18699.0,15643.0,59795.0,67853.0,322273,38525.0,569231.0,60527.0,316992.0,72967.0,123512.0,295525.0,64420.0,238833.0,576333.0,2356865,38525.0,569231.0,60527.0,316992.0,72967.0,123512.0,295525.0,64420.0,238833.0,576333.0,2356865,15.37,13.44,15.46,13.52,15.46,11.45,18.79,13.68,10.38,12.81,13.25333,368.99,322.66,371.0,324.37,370.95,274.85,451.03,328.39,249.14,307.36,318.080438,2.85,9.67,3.16,8.21,5.44,7.4,15.8,4.12,3.99,8.49,7.312127,1.0,5.0,2.0,4.0,2.0,5.0,10.0,2.0,2.0,4.0,3.786454,1.0,9.0,2.0,8.0,5.0,7.0,12.0,3.0,3.0,7.0,12,0.7,1.14,0.65,1.0,0.92,1.2,2.48,1.01,0.88,1.09,1.082258,1.0,1.0,1.0,1.0,1.0,1.0,2.0,1.0,1.0,1.0,1.058022,1.0,2.0,1.0,1.0,1.0,1.0,2.0,0.0,1.0,1.0,2.0,0.86,1.9,0.86,1.62,1.43,1.88,3.85,1.34,1.28,1.81,1.692365,1.0,2.0,1.0,2.0,1.0,2.0,4.0,1.0,1.0,2.0,1.738905,1.0,2.0,1.0,1.0,2.0,2.0,3.0,1.0,1.0,1.0,3,1.0,2.56,1.04,2.17,1.83,2.46,4.97,1.62,1.6,2.44,2.212706,1.0,2.0,1.0,2.0,1.0,2.0,5.0,1.0,1.0,2.0,1.796927,0.0,3.0,1.0,2.0,2.0,3.0,3.0,1.0,1.0,2.0,3
labs,creatinine,mg/dl,46421.0,78896.0,39417.0,57073.0,25950.0,23275.0,19080.0,28653.0,107754.0,91050.0,517569,574543.0,1240883.0,603542.0,1003349.0,416583.0,306935.0,331268.0,519418.0,1090254.0,1413642.0,7500417,574543.0,1240883.0,603542.0,1003349.0,416583.0,306935.0,331268.0,519418.0,1090254.0,1413642.0,7500417,10.77,11.38,11.12,11.49,12.05,9.79,18.48,11.04,8.28,11.31,10.864913,258.54,273.19,266.79,275.71,289.14,234.98,443.46,264.87,198.72,271.55,260.771653,12.38,15.73,15.31,17.58,16.05,13.19,17.36,18.13,10.12,15.53,14.493185,7.0,8.0,9.0,10.0,9.0,8.0,11.0,11.0,5.0,8.0,7.909247,12.0,14.0,13.0,14.0,14.0,12.0,13.0,17.0,9.0,12.0,17,1.84,2.26,2.3,2.27,2.35,1.97,2.48,2.7,1.76,2.1,2.118176,2.0,2.0,2.0,2.0,2.0,2.0,2.0,2.0,1.0,2.0,1.791807,1.0,2.0,1.0,2.0,2.0,1.0,1.0,1.0,1.0,2.0,2.0,3.04,3.71,3.81,3.8,3.91,3.3,3.9,4.44,2.8,3.44,3.469502,3.0,3.0,3.0,3.0,3.0,3.0,4.0,4.0,2.0,3.0,2.884033,2.0,3.0,2.0,3.0,3.0,2.0,2.0,3.0,1.0,2.0,3,4.06,4.91,5.09,5.12,5.21,4.41,5.06,5.88,3.68,4.58,4.608285,4.0,4.0,5.0,4.0,4.0,4.0,5.0,5.0,3.0,4.0,3.960191,2.0,3.0,2.0,3.0,3.0,3.0,2.0,4.0,2.0,2.0,4
labs,calcium_total,mg/dl,46413.0,78779.0,37788.0,57063.0,25929.0,23275.0,19058.0,28669.0,107050.0,91041.0,515065,575374.0,1227974.0,519023.0,1001581.0,409111.0,417859.0,334463.0,525278.0,1064919.0,1412522.0,7488104,575374.0,1227974.0,519023.0,1001581.0,409111.0,417859.0,334463.0,525278.0,1064919.0,1412522.0,7488104,10.78,11.4,11.4,11.49,12.06,9.79,18.49,11.03,8.32,11.32,10.902036,258.68,273.54,273.48,275.75,289.35,234.98,443.81,264.72,199.61,271.58,261.592181,12.4,15.59,13.74,17.55,15.78,17.95,17.55,18.32,9.95,15.52,14.540072,7.0,8.0,8.0,10.0,9.0,11.0,10.0,11.0,5.0,8.0,7.934843,12.0,14.0,14.0,14.0,14.0,17.0,13.0,17.0,8.0,12.0,17,1.83,2.15,1.89,2.27,2.22,2.76,2.74,2.68,1.72,2.09,2.097828,2.0,2.0,2.0,2.0,2.0,2.0,3.0,2.0,1.0,2.0,1.829163,1.0,2.0,2.0,2.0,2.0,3.0,1.0,1.0,1.0,2.0,3.0,3.04,3.6,3.22,3.79,3.76,4.54,4.32,4.45,2.74,3.43,3.458404,3.0,3.0,3.0,3.0,3.0,4.0,4.0,4.0,2.0,3.0,2.930013,2.0,3.0,2.0,3.0,3.0,4.0,2.0,3.0,1.0,2.0,4,4.05,4.8,4.32,5.11,5.05,6.02,5.6,5.91,3.6,4.57,4.600586,4.0,4.0,4.0,4.0,4.0,5.0,5.0,5.0,3.0,4.0,3.930013,2.0,3.0,3.0,3.0,3.0,5.0,3.0,4.0,2.0,2.0,5
labs,neutrophils_percent,%,18517.0,58891.0,19166.0,37656.0,13968.0,14485.0,18807.0,15676.0,59968.0,69022.0,326156,90328.0,569238.0,60526.0,312650.0,87677.0,104427.0,299627.0,62864.0,240092.0,589230.0,2416659,90328.0,569238.0,60526.0,312650.0,87677.0,104427.0,299627.0,62864.0,240092.0,589230.0,2416659,14.59,13.44,15.46,13.5,15.23,11.84,18.71,13.63,10.37,12.65,13.217892,350.06,322.65,371.0,323.98,365.45,284.19,449.06,327.02,248.8,303.59,317.213177,4.88,9.67,3.16,8.3,6.28,7.21,15.93,4.01,4.0,8.54,7.410197,2.0,5.0,2.0,4.0,3.0,4.0,10.0,1.0,2.0,4.0,3.740722,3.0,9.0,2.0,8.0,6.0,7.0,13.0,3.0,3.0,7.0,13,1.13,1.14,0.65,1.02,1.04,1.15,2.5,1.01,0.89,1.12,1.11492,1.0,1.0,1.0,1.0,1.0,1.0,2.0,1.0,1.0,1.0,1.057663,2.0,2.0,1.0,0.0,1.0,1.0,2.0,0.0,1.0,1.0,2.0,1.44,1.9,0.86,1.64,1.61,1.8,3.87,1.33,1.29,1.86,1.73147,1.0,2.0,1.0,2.0,1.0,2.0,4.0,1.0,1.0,2.0,1.725036,1.0,2.0,1.0,1.0,1.0,2.0,3.0,1.0,1.0,1.0,3,1.7,2.56,1.04,2.2,2.06,2.36,4.99,1.59,1.6,2.49,2.252173,1.0,2.0,1.0,2.0,1.0,2.0,5.0,1.0,1.0,2.0,1.782699,1.0,3.0,1.0,2.0,2.0,2.0,3.0,1.0,1.0,2.0,3
labs,bicarbonate,mmol/l,46581.0,68255.0,39405.0,57063.0,25940.0,23275.0,18429.0,28646.0,107112.0,91113.0,505819,749521.0,1134470.0,597279.0,1001232.0,419886.0,563020.0,257927.0,510518.0,1094875.0,1436201.0,7764929,749521.0,1134470.0,597279.0,1001232.0,419886.0,563020.0,257927.0,510518.0,1094875.0,1436201.0,7764929,10.74,11.99,11.12,11.49,12.05,9.79,18.83,11.04,8.31,11.31,10.946194,257.77,287.73,266.86,275.75,289.24,234.98,451.82,264.92,199.5,271.37,262.699996,16.09,16.62,15.16,17.55,16.19,24.19,14.0,17.82,10.22,15.76,15.350977,8.0,9.0,9.0,10.0,9.0,15.0,7.0,10.0,5.0,8.0,8.253407,14.0,15.0,13.0,14.0,14.0,24.0,12.0,17.0,9.0,13.0,24,2.97,2.2,2.26,2.27,2.29,3.59,3.78,2.51,1.79,2.22,2.343959,2.0,2.0,2.0,2.0,2.0,3.0,4.0,2.0,1.0,2.0,1.907123,3.0,2.0,1.0,2.0,2.0,2.0,3.0,1.0,1.0,2.0,3.0,4.53,3.69,3.75,3.79,3.87,6.02,5.43,4.23,2.85,3.6,3.799643,3.0,3.0,3.0,3.0,3.0,6.0,5.0,4.0,2.0,3.0,3.055785,3.0,3.0,1.0,3.0,3.0,4.0,4.0,2.0,1.0,2.0,4,5.79,4.95,5.0,5.12,5.19,8.05,6.55,5.66,3.73,4.75,5.009513,4.0,4.0,4.0,4.0,4.0,7.0,6.0,5.0,3.0,4.0,4.055785,4.0,3.0,2.0,3.0,3.0,5.0,6.0,4.0,2.0,3.0,6
vitals,dbp,nan,49491.0,81746.0,40128.0,57658.0,26531.0,24106.0,19309.0,28978.0,117049.0,93741.0,538737,10173457.0,19598436.0,6137227.0,9496749.0,5345377.0,3317574.0,4367462.0,6874298.0,22297615.0,26512880.0,114121075,10173457.0,19598436.0,6137227.0,9496749.0,5345377.0,3317574.0,4367462.0,6874298.0,22297615.0,26512880.0,114121075,10.2,11.02,10.95,11.36,11.73,9.59,18.26,10.93,7.7,11.01,10.478412,244.7,264.6,262.8,272.69,281.43,230.11,438.23,262.38,184.72,264.32,251.489005,205.56,239.75,152.94,164.71,201.48,137.62,226.19,237.22,190.5,282.83,211.831001,93.0,100.0,79.0,95.0,114.0,79.0,109.0,121.0,67.0,134.0,97.205852,196.0,209.0,135.0,139.0,194.5,139.0,197.0,225.0,171.0,237.0,237,31.35,39.8,30.86,24.11,36.04,20.18,26.92,38.84,39.04,39.37,34.862344,25.0,28.0,28.0,23.0,30.0,21.0,26.0,34.0,26.0,33.0,27.661085,32.0,45.0,11.0,19.0,37.0,21.0,6.0,31.0,55.0,37.0,55.0,54.03,64.11,50.64,40.2,61.55,34.32,47.08,63.58,62.03,65.58,57.32768,47.0,49.0,49.0,39.0,52.0,33.0,50.0,56.0,38.0,57.0,46.592293,58.0,71.0,22.0,33.0,64.0,37.0,12.0,60.0,81.0,60.0,81,71.65,82.78,64.96,53.57,79.87,46.07,63.5,82.89,78.94,87.07,74.745186,61.0,63.0,70.0,49.0,68.0,42.0,72.0,74.0,46.0,76.0,60.628657,78.0,91.0,44.0,46.0,84.0,53.0,32.0,83.0,98.0,79.0,98
vitals,heart_rate,nan,49307.0,81807.0,40142.0,58119.0,26575.0,24180.0,19306.0,29001.0,117109.0,93912.0,539458,10026670.0,19164496.0,5890902.0,13677667.0,5161850.0,5395509.0,4462403.0,7061238.0,24278290.0,40689976.0,135809001,10026670.0,19164496.0,5890902.0,13677667.0,5161850.0,5395509.0,4462403.0,7061238.0,24278290.0,40689976.0,135809001,10.24,11.02,10.95,11.3,11.72,9.56,18.26,10.92,7.69,11.0,10.470055,245.68,264.44,262.74,271.11,281.17,229.54,438.27,262.18,184.63,263.94,251.264044,203.35,234.26,146.75,235.34,194.24,223.14,231.14,243.48,207.31,433.28,251.74956,95.0,101.0,76.0,133.0,111.0,122.0,109.0,129.0,79.0,200.0,117.722918,191.0,203.0,130.0,191.0,184.0,213.0,201.0,221.0,191.0,358.0,358,30.01,37.76,28.45,37.67,30.61,34.0,26.08,37.99,41.96,57.58,39.784921,26.0,29.0,26.0,32.0,26.0,34.0,26.0,34.0,31.0,52.0,33.501678,28.0,40.0,6.0,17.0,25.0,24.0,4.0,20.0,59.0,50.0,59.0,50.54,60.97,46.85,62.0,53.48,56.84,45.96,61.3,66.84,96.23,65.415999,47.0,51.0,49.0,56.0,49.0,60.0,49.0,61.0,46.0,89.0,57.324982,49.0,62.0,19.0,28.0,46.0,46.0,10.0,40.0,89.0,87.0,89,66.98,79.09,60.45,81.41,70.96,75.5,62.35,80.1,85.34,128.18,85.642503,60.0,66.0,70.0,78.0,65.0,78.0,72.0,81.0,55.0,117.0,75.042229,69.0,81.0,41.0,44.0,65.0,69.0,29.0,63.0,108.0,121.0,121
vitals,height_cm,nan,38573.0,41813.0,2316.0,30944.0,7877.0,10750.0,13160.0,16206.0,36125.0,60432.0,258196,454086.0,60215.0,2395.0,101641.0,9576.0,15165.0,24059.0,54419.0,48541.0,253348.0,1023445,454086.0,60215.0,2395.0,101641.0,9576.0,15165.0,24059.0,54419.0,48541.0,253348.0,1023445,11.93,13.75,21.88,14.29,14.1,11.94,20.17,14.65,9.81,14.21,13.491182,286.27,330.11,525.06,342.95,338.3,286.47,483.97,351.62,235.45,341.16,323.815314,11.77,1.44,1.03,3.28,1.22,1.41,1.83,3.36,1.34,4.19,3.962171,4.0,1.0,1.0,1.0,1.0,1.0,1.0,1.0,1.0,2.0,1.682238,7.0,1.0,0.0,1.0,0.0,1.0,0.0,1.0,0.0,3.0,7,2.51,0.81,0.76,0.98,0.74,0.9,1.11,0.71,0.84,1.19,1.18766,2.0,1.0,1.0,1.0,1.0,1.0,1.0,1.0,1.0,1.0,1.149394,3.0,1.0,0.0,1.0,1.0,0.0,0.0,1.0,0.0,2.0,3.0,3.66,0.96,0.76,1.22,0.84,0.99,1.18,1.07,0.96,1.63,1.565253,2.0,1.0,1.0,1.0,1.0,1.0,1.0,1.0,1.0,1.0,1.149394,4.0,0.0,0.0,0.0,0.0,0.0,0.0,1.0,0.0,1.0,4,4.5,1.05,0.76,1.41,0.9,1.05,1.23,1.31,1.04,1.95,1.836121,3.0,1.0,1.0,1.0,1.0,1.0,1.0,1.0,1.0,2.0,1.532843,5.0,0.0,0.0,0.0,0.0,0.0,0.0,0.0,0.0,2.0,5
vitals,map,nan,48775.0,81549.0,40130.0,57717.0,26442.0,24087.0,19309.0,19340.0,117049.0,82505.0,516903,8924431.0,19937674.0,6147419.0,17839934.0,4830597.0,3220020.0,4341620.0,3714594.0,22297590.0,15243680.0,106497559,8924431.0,19937674.0,6147419.0,17839934.0,4830597.0,3220020.0,4341620.0,3714594.0,22297590.0,15243680.0,106497559,10.33,11.05,10.95,11.36,11.76,9.59,18.26,13.32,7.7,11.59,10.659068,248.0,265.21,262.79,272.64,282.13,230.23,438.23,319.72,184.72,278.09,255.795462,182.97,244.49,153.19,309.09,182.69,133.68,224.85,192.07,190.5,184.76,206.030723,82.0,98.0,79.0,178.0,102.0,77.0,109.0,83.0,67.0,92.0,95.046218,174.0,212.0,135.0,261.0,173.0,135.0,195.0,172.0,171.0,167.0,261,27.97,41.32,30.96,45.8,29.52,19.64,26.81,32.48,39.04,18.23,33.067786,23.0,28.0,28.0,44.0,25.0,21.0,26.0,30.0,26.0,15.0,26.307344,30.0,47.0,11.0,38.0,27.0,21.0,6.0,27.0,55.0,23.0,55.0,48.59,66.59,50.77,76.64,51.58,33.47,46.86,54.15,62.03,33.25,54.917746,41.0,49.0,49.0,74.0,47.0,32.0,49.0,52.0,38.0,29.0,44.571206,54.0,74.0,22.0,65.0,48.0,37.5,11.0,50.0,81.0,40.0,81,64.58,85.8,65.11,102.02,68.0,44.95,63.2,70.59,78.94,46.95,72.020689,53.0,63.0,70.0,93.0,61.0,41.0,72.0,64.0,46.0,42.0,57.994332,72.0,95.0,44.0,92.0,66.0,53.0,31.0,74.0,98.0,57.0,98
vitals,respiratory_rate,nan,49276.0,81624.0,40123.0,58031.0,26555.0,24165.0,19010.0,28999.0,116352.0,93910.0,538045,9567006.0,16707856.0,5836498.0,11786141.0,5054928.0,5019100.0,2736984.0,7001012.0,17376954.0,26609399.0,107695878,9567006.0,16707856.0,5836498.0,11786141.0,5054928.0,5019100.0,2736984.0,7001012.0,17376954.0,26609399.0,107695878,10.24,11.04,10.95,11.31,11.72,9.56,18.5,10.92,7.74,11.0,10.492734,245.83,265.03,262.77,271.52,281.37,229.42,443.93,262.19,185.81,263.94,251.856384,194.15,204.69,145.47,203.1,190.36,207.7,143.98,241.42,149.35,283.35,200.161677,90.0,85.0,75.0,113.0,100.0,124.0,74.0,128.0,57.0,130.0,93.95226,182.0,175.0,129.0,170.0,176.0,203.0,126.0,220.0,135.0,226.0,226,28.45,32.33,28.16,32.41,30.68,29.72,15.31,37.33,29.47,36.87,31.315739,25.0,25.0,26.0,27.0,26.0,29.0,15.0,34.0,18.0,35.0,25.88269,28.0,36.0,6.0,18.0,28.0,21.0,25.0,20.0,34.0,31.0,36.0,48.15,52.35,46.4,53.71,53.62,50.95,27.22,60.42,47.31,61.35,51.696154,45.0,43.0,49.0,49.0,47.0,52.0,25.0,60.0,29.0,59.0,44.924776,48.0,57.0,18.0,31.0,52.0,40.0,43.0,39.0,52.0,51.0,57,63.77,67.94,59.88,70.54,70.86,68.46,37.18,79.05,60.67,81.63,67.734246,57.0,53.0,69.0,65.0,62.0,71.0,33.0,80.0,36.0,76.0,58.193112,67.0,74.0,41.0,46.0,70.0,58.0,55.0,60.0,67.0,71.0,74
vitals,sbp,nan,49491.0,81746.0,40129.0,57658.0,26584.0,24106.0,19309.0,28978.0,117049.0,93741.0,538791,10174234.0,19599052.0,6145783.0,9496811.0,5882325.0,3317574.0,4368561.0,6874298.0,22312264.0,26512610.0,114683512,10174234.0,19599052.0,6145783.0,9496811.0,5882325.0,3317574.0,4368561.0,6874298.0,22312264.0,26512610.0,114683512,10.2,11.02,10.95,11.36,11.7,9.59,18.26,10.93,7.7,11.01,10.477056,244.7,264.6,262.8,272.69,280.89,230.11,438.23,262.38,184.72,264.32,251.465327,205.58,239.76,153.15,164.71,221.27,137.62,226.24,237.22,190.62,282.83,212.85317,93.0,100.0,80.0,95.0,126.0,79.0,109.0,121.0,67.0,134.0,97.874031,196.0,209.0,135.0,139.0,211.0,139.0,197.0,225.0,172.0,237.0,237,31.36,39.81,30.96,24.11,40.47,20.18,26.92,38.84,39.08,39.37,35.099602,25.0,28.0,28.0,23.0,35.0,21.0,26.0,34.0,26.0,33.0,27.908016,32.0,45.0,11.0,19.0,36.0,21.0,6.0,31.0,55.0,37.0,55.0,54.04,64.12,50.77,40.2,67.88,34.32,47.09,63.58,62.08,65.57,57.662005,47.0,49.0,49.0,39.0,59.0,33.0,50.0,56.0,38.0,57.0,46.93821,58.0,71.0,22.0,33.0,64.0,37.0,12.0,60.0,81.0,60.0,81,71.66,82.78,65.11,53.57,87.63,46.07,63.52,82.89,79.01,87.07,75.156565,61.0,63.0,70.0,49.0,77.0,42.0,72.0,74.0,46.0,76.0,61.073461,78.0,91.0,44.0,46.0,86.0,53.0,32.0,83.0,98.0,79.0,98
vitals,spo2,nan,49247.0,81741.0,40082.0,58080.0,26563.0,24138.0,19334.0,28956.0,117208.0,93836.0,539185,9562050.0,19031669.0,5802452.0,13495666.0,4855620.0,5212747.0,5318917.0,6729440.0,23532202.0,25305823.0,118846586,9562050.0,19031669.0,5802452.0,13495666.0,4855620.0,5212747.0,5318917.0,6729440.0,23532202.0,25305823.0,118846586,10.25,11.03,10.96,11.3,11.72,9.58,18.25,10.94,7.69,11.01,10.476249,245.97,264.64,263.09,271.29,281.29,229.89,437.95,262.57,184.49,264.15,251.395525,194.17,232.83,144.76,232.36,182.8,215.96,275.11,232.4,200.77,269.68,220.418296,90.0,100.0,74.0,130.0,104.0,118.0,122.0,123.0,79.0,133.0,104.590428,184.0,200.0,128.0,189.0,173.0,209.0,234.0,211.0,183.0,221.0,234,28.86,37.16,27.86,36.56,28.75,32.7,31.13,35.6,40.3,35.32,35.094305,26.0,29.0,26.0,32.0,25.0,34.0,31.0,33.0,30.0,34.0,30.226983,28.0,37.0,7.0,16.0,24.0,23.0,6.0,19.0,54.0,27.0,54.0,48.73,60.18,46.02,60.42,50.38,54.88,53.82,57.88,64.33,59.49,57.817832,46.0,50.0,49.0,56.0,47.0,60.0,58.0,58.0,46.0,59.0,51.919773,48.0,60.0,18.0,28.0,43.0,47.0,16.0,39.0,81.0,46.0,81,64.5,78.15,59.46,79.43,66.86,73.02,72.56,75.93,82.32,79.67,75.717241,58.0,65.0,68.0,77.0,62.0,78.0,81.0,76.0,55.0,77.0,67.389521,68.0,80.0,41.0,46.0,61.0,70.0,40.0,60.0,100.0,65.0,100
vitals,temp_c,nan,48675.0,81166.0,39602.0,57681.0,26483.0,23959.0,19158.0,28871.0,113210.0,92863.0,531668,4213534.0,10380176.0,1688622.0,6168379.0,2710664.0,1350921.0,2049229.0,2575195.0,9231516.0,11460800.0,51829036,4213534.0,10380176.0,1688622.0,6168379.0,2710664.0,1350921.0,2049229.0,2575195.0,9231516.0,11460800.0,51829036,10.37,11.1,11.07,11.38,11.75,9.64,18.4,10.97,7.95,11.12,10.616634,248.81,266.49,265.64,273.13,282.1,231.45,441.58,263.32,190.8,266.86,254.811641,86.56,127.89,42.64,106.94,102.35,56.38,106.96,89.2,81.54,123.42,97.483268,40.0,48.0,21.0,56.0,53.0,33.0,47.0,47.0,30.0,68.0,45.267609,75.0,101.0,36.0,83.0,95.0,55.0,85.0,80.0,62.0,100.0,101,11.32,19.26,8.89,14.56,14.65,6.08,13.73,10.77,14.6,13.06,13.6917,6.0,7.0,7.0,8.0,6.0,6.0,8.0,6.0,6.0,11.0,7.389516,4.0,14.0,3.0,13.0,14.0,3.0,17.0,5.0,5.0,6.0,17.0,19.67,32.07,14.05,24.62,26.26,10.89,22.87,19.09,24.6,23.25,23.372902,12.0,13.0,12.0,15.0,12.0,11.0,14.0,12.0,12.0,20.0,13.902447,7.0,24.0,8.0,18.0,25.0,7.0,21.0,8.0,10.0,11.0,25,26.49,42.23,17.9,32.97,35.23,15.21,30.19,26.11,32.22,32.34,31.237707,17.0,19.0,17.0,21.0,18.0,16.0,20.0,18.0,17.0,30.0,20.177065,9.0,30.0,13.0,21.0,30.0,10.0,23.0,9.0,14.0,16.0,30
vitals,weight_kg,nan,41682.0,66942.0,35079.0,52431.0,22411.0,18467.0,3151.0,24889.0,96619.0,80820.0,442491,434905.0,566117.0,324312.0,390649.0,134155.0,101508.0,7171.0,196093.0,681277.0,917007.0,3753194,434905.0,566117.0,324312.0,390649.0,134155.0,101508.0,7171.0,196093.0,681277.0,917007.0,3753194,11.65,12.59,11.76,12.08,13.18,11.22,28.45,12.17,8.98,12.27,11.590546,279.72,302.08,282.27,289.83,316.24,269.2,682.85,292.01,215.6,294.59,278.190614,10.43,8.46,9.25,7.45,5.99,5.5,2.28,7.88,7.05,11.35,8.483235,5.0,5.0,3.0,5.0,4.0,3.0,1.0,4.0,5.0,7.0,4.987896,9.0,8.0,4.0,6.0,5.0,6.0,2.0,6.0,6.0,10.0,10,1.57,1.11,1.48,1.05,0.8,0.91,0.66,0.95,1.07,1.67,1.232851,1.0,1.0,1.0,1.0,1.0,1.0,0.0,1.0,1.0,1.0,0.992879,1.0,0.0,1.0,0.0,1.0,1.0,1.0,1.0,0.0,1.0,1.0,2.4,1.77,2.31,1.68,1.27,1.36,0.84,1.65,1.79,2.68,1.97626,2.0,2.0,2.0,2.0,1.0,1.0,1.0,2.0,2.0,2.0,1.900497,2.0,1.0,2.0,1.0,1.0,1.0,1.0,1.0,1.0,3.0,3,3.09,2.36,3.02,2.26,1.72,1.78,1.0,2.24,2.42,3.56,2.628462,3.0,2.0,2.0,2.0,2.0,2.0,1.0,2.0,2.0,3.0,2.269725,3.0,2.0,2.0,2.0,1.0,2.0,1.0,2.0,1.0,3.0,3
respiratory_support,fio2_set,nan,42357.0,76167.0,37876.0,55484.0,20324.0,21298.0,19182.0,28134.0,107557.0,82451.0,490830,2288692.0,6883491.0,1076313.0,5570438.0,2665225.0,959704.0,3863490.0,3043220.0,7452112.0,12009396.0,45812081,2288692.0,6883491.0,1076313.0,5570438.0,2665225.0,959704.0,3863490.0,3043220.0,7452112.0,12009396.0,45812081,11.19,11.49,11.2,11.62,13.55,10.47,18.33,11.13,8.18,11.96,11.097767,268.57,275.82,268.7,278.91,325.3,251.26,439.82,267.05,196.39,287.08,266.369664,54.03,90.37,28.42,100.4,131.14,45.06,201.41,108.17,69.29,145.65,93.335944,13.0,19.0,10.0,28.0,61.0,13.0,53.0,23.0,30.0,28.0,25.764175,41.0,63.0,25.0,81.0,140.0,38.0,177.0,78.0,62.0,101.0,177,8.62,14.09,6.37,15.98,19.98,8.59,24.57,16.49,13.02,21.72,14.835477,6.0,11.0,7.0,14.0,16.0,7.0,28.0,12.0,11.0,17.0,12.36203,9.0,15.0,4.0,15.0,15.0,8.0,20.0,22.0,10.0,29.0,29.0,13.67,22.03,9.37,25.13,32.57,12.95,39.91,26.62,21.11,33.4,23.394708,9.0,14.0,9.0,19.0,26.0,10.0,39.0,17.0,19.0,21.0,17.491728,16.0,27.0,10.0,28.0,31.0,15.0,49.0,36.0,19.0,50.0,50,17.56,28.17,11.65,32.3,42.31,16.41,52.34,34.45,27.52,42.52,30.094326,10.0,15.0,9.0,22.0,34.0,10.0,44.0,19.0,24.0,24.0,20.313243,22.0,35.0,14.0,39.0,44.0,20.0,76.0,46.0,28.0,64.0,76
respiratory_support,lpm_set,nan,38039.0,64817.0,33379.0,50210.0,20505.0,18893.0,16147.0,23756.0,74053.0,77160.0,416959,1547941.0,3508743.0,484757.0,2853524.0,2878301.0,1379005.0,1266321.0,1047532.0,2438933.0,5027624.0,22432681,1547941.0,3508743.0,484757.0,2853524.0,2878301.0,1379005.0,1266321.0,1047532.0,2438933.0,5027624.0,22432681,12.18,12.95,12.03,12.42,13.56,11.3,20.4,12.18,9.81,12.6,12.319711,292.27,310.86,288.64,298.08,325.41,271.14,489.58,292.44,235.49,302.48,295.696971,40.69,54.13,14.52,56.83,140.37,72.99,78.42,44.1,32.93,65.16,53.798895,22.0,26.0,8.0,30.0,74.0,38.0,40.0,24.0,19.0,34.0,28.24548,41.0,52.0,13.0,54.0,134.0,76.0,70.0,45.0,34.0,60.0,134,4.85,6.94,2.93,7.45,15.91,8.86,9.43,4.58,4.83,8.2,6.838244,3.0,5.0,2.0,5.0,12.0,6.0,7.0,3.0,4.0,6.0,4.937888,7.0,9.0,5.0,12.0,15.0,15.0,18.0,7.0,6.0,12.0,18.0,9.23,12.78,5.15,14.12,29.1,17.45,17.88,9.39,9.02,15.43,12.847836,6.0,9.0,4.0,11.0,23.0,12.0,14.0,7.0,7.0,13.0,9.855993,12.0,17.0,7.0,20.0,25.0,27.0,32.0,13.0,12.0,21.0,32,12.93,17.62,6.69,19.42,40.02,24.53,24.37,13.64,12.54,21.26,17.754598,9.0,13.0,5.0,15.0,33.0,18.0,18.0,10.0,10.0,17.0,13.675714,16.0,22.0,9.0,25.0,36.0,36.0,39.0,18.0,16.0,27.0,39
respiratory_support,tidal_volume_set,nan,18353.0,37652.0,32489.0,36665.0,13054.0,13077.0,16271.0,17630.0,48114.0,49108.0,282413,329945.0,748256.0,412646.0,628510.0,1973952.0,387542.0,2723271.0,1710521.0,1158668.0,6070794.0,16144105,329945.0,748256.0,412646.0,628510.0,1973952.0,387542.0,2723271.0,1710521.0,1158668.0,6070794.0,16144105,15.69,15.15,11.66,12.9,16.4,12.79,19.26,13.62,11.82,14.78,13.949609,376.56,363.59,279.75,309.71,393.58,307.03,462.25,326.98,283.65,354.64,334.783315,17.98,19.87,12.7,17.14,151.21,29.64,167.37,97.02,24.08,123.62,57.163566,7.0,7.0,4.0,6.0,78.0,11.0,39.0,26.0,8.0,34.0,17.887183,16.0,19.0,11.0,17.0,160.0,28.0,162.0,81.0,24.0,104.0,162,3.48,4.04,3.82,3.62,20.03,8.81,21.62,17.05,4.39,23.7,10.187025,3.0,4.0,3.0,3.0,14.0,6.0,25.0,12.0,4.0,20.0,8.736489,4.0,4.0,4.0,5.0,18.0,10.0,22.0,19.0,4.0,27.0,27.0,5.33,5.96,5.32,5.44,33.7,12.4,34.83,27.23,6.87,35.04,15.561155,4.0,5.0,4.0,4.0,24.0,7.0,30.0,17.0,6.0,23.0,11.1508,8.0,8.0,6.0,8.0,34.0,15.0,49.0,33.0,9.0,47.0,49,6.69,7.4,6.4,6.82,44.34,14.98,45.58,34.8,8.8,43.61,19.667148,5.0,5.0,4.0,5.0,33.0,8.0,32.0,20.0,6.0,25.0,12.458208,9.0,10.0,7.0,10.0,47.0,17.0,76.0,43.0,13.0,59.0,76
respiratory_support,resp_rate_set,nan,22106.0,52701.0,33028.0,37468.0,18509.0,13718.0,17623.0,23308.0,53593.0,69343.0,341397,490177.0,970569.0,437994.0,786060.0,2433449.0,702159.0,2790595.0,1916134.0,1483661.0,7623991.0,19634789,490177.0,970569.0,437994.0,786060.0,2433449.0,702159.0,2790595.0,1916134.0,1483661.0,7623991.0,19634789,14.82,13.06,11.63,13.12,14.17,12.73,18.82,11.99,11.13,12.67,12.931215,355.56,313.42,279.01,314.8,340.04,305.46,451.74,287.79,267.11,304.19,310.340228,22.17,18.42,13.26,20.98,131.47,51.19,158.35,82.21,27.68,109.95,57.513525,8.0,6.0,5.0,7.0,60.0,17.0,31.0,17.0,8.0,24.0,15.523689,20.0,16.0,11.0,20.0,142.0,46.0,148.0,59.0,23.0,78.0,148,4.24,4.12,3.99,3.84,19.91,10.59,20.32,14.2,5.18,19.97,10.110717,4.0,4.0,3.0,4.0,15.0,8.0,23.0,8.0,5.0,15.0,8.30548,4.0,4.0,4.0,5.0,15.0,12.0,23.0,18.0,5.0,29.0,29.0,6.45,5.88,5.54,5.79,32.33,15.79,32.71,22.55,8.06,29.88,15.446403,5.0,4.0,4.0,5.0,25.0,11.0,26.0,12.0,6.0,17.0,10.230588,9.0,7.0,6.0,7.0,30.0,18.0,51.0,29.0,10.0,44.0,51,8.07,7.18,6.65,7.28,41.93,19.66,42.8,28.77,10.3,37.36,19.515309,6.0,5.0,4.0,5.0,33.0,13.0,27.0,13.0,6.0,19.0,11.489919,11.0,9.0,8.0,10.0,44.0,23.0,77.0,34.0,13.0,51.0,77
respiratory_support,pressure_control_set,nan,2514.0,3546.0,2228.0,4989.0,3404.0,6708.0,16176.0,3782.0,5115.0,2686.0,51148,49341.0,78633.0,12042.0,143669.0,569546.0,145332.0,2614917.0,159966.0,44388.0,46135.0,3863969,49341.0,78633.0,12042.0,143669.0,569546.0,145332.0,2614917.0,159966.0,44388.0,46135.0,3863969,25.56,31.55,23.61,27.86,21.1,16.22,19.31,21.4,23.0,30.37,22.305292,613.5,757.17,566.6,668.69,506.46,389.35,463.55,513.48,551.91,728.82,535.357961,19.63,22.18,5.4,28.8,167.32,21.67,161.65,42.3,8.68,17.18,75.545609,7.0,5.0,1.0,9.0,72.0,9.0,39.0,3.0,2.0,4.0,20.550188,19.0,17.0,2.0,26.0,190.0,21.0,156.0,16.0,5.0,9.0,190,1.99,1.55,0.6,1.35,23.19,2.62,21.23,2.53,0.85,1.32,9.305604,0.0,0.0,0.0,0.0,16.0,2.0,24.0,0.0,0.0,0.0,8.917338,4.0,2.0,1.0,2.0,19.0,5.0,21.0,1.0,1.0,2.0,21.0,3.39,2.57,0.95,2.39,37.99,4.42,34.25,4.72,1.37,2.12,15.156491,1.0,0.0,0.0,1.0,27.0,3.0,29.5,1.0,0.0,1.0,11.79313,6.0,3.0,1.0,4.0,37.0,7.0,49.0,2.0,1.0,3.0,49,4.54,3.44,1.22,3.34,49.02,5.83,44.76,6.53,1.84,2.81,19.837695,1.0,1.0,1.0,1.0,36.0,4.0,32.0,1.0,1.0,1.0,13.526785,7.0,4.0,1.0,5.0,54.0,8.0,74.0,3.0,2.0,3.0,74
respiratory_support,pressure_support_set,nan,24326.0,50936.0,30508.0,26488.0,13782.0,9877.0,16242.0,16278.0,65328.0,66666.0,320431,168680.0,579574.0,407688.0,211921.0,1364291.0,226835.0,2762414.0,448370.0,664030.0,7169663.0,14003466,168680.0,579574.0,407688.0,211921.0,1364291.0,226835.0,2762414.0,448370.0,664030.0,7169663.0,14003466,14.66,13.54,12.5,15.57,16.01,14.9,19.3,14.58,10.7,13.14,13.524542,351.79,324.93,299.98,373.68,384.35,357.56,463.32,349.98,256.81,315.45,324.611934,6.93,11.38,13.36,8.0,98.99,22.97,170.08,27.54,10.16,107.55,43.701367,3.0,4.0,4.0,2.0,30.0,5.0,40.0,5.0,3.0,22.0,10.324472,5.0,8.0,12.0,5.0,95.0,19.0,166.0,15.0,7.0,66.0,166,1.25,2.36,2.15,1.13,19.44,2.18,21.29,2.86,2.03,16.72,6.788396,1.0,2.0,1.0,1.0,15.0,1.0,24.0,1.0,1.0,11.0,5.007446,2.0,3.0,2.0,2.0,16.0,3.0,22.0,3.0,2.0,25.0,25.0,1.8,3.3,3.43,1.64,29.83,3.95,34.51,4.84,2.9,25.16,10.349043,1.0,2.0,2.0,1.0,20.0,2.0,30.0,2.0,2.0,14.0,6.53149,1.0,4.0,4.0,2.0,31.0,5.0,49.0,4.0,3.0,35.0,49,2.26,4.03,4.48,2.07,37.23,5.54,45.34,6.56,3.58,31.79,13.157153,2.0,3.0,3.0,1.0,23.0,2.0,32.0,3.0,2.0,15.0,7.350837,2.0,4.0,5.0,2.0,44.0,6.0,75.0,5.0,4.0,40.0,75
respiratory_support,flow_rate_set,nan,2834.0,171.0,17176.0,,53.0,2958.0,16188.0,17126.0,6264.0,77160.0,139930,31717.0,422.0,357245.0,,11677.0,19231.0,2649064.0,784897.0,90102.0,5027624.0,8971979,31717.0,422.0,357245.0,,11677.0,19231.0,2649064.0,784897.0,90102.0,5027624.0,8971979,24.52,8.42,13.22,,18.17,14.96,19.31,13.84,10.35,12.6,13.791706,588.4,202.0,317.34,,436.06,359.05,463.37,332.08,248.5,302.48,331.037497,11.19,2.47,20.8,,220.32,6.5,163.64,45.83,14.38,65.16,64.117848,4.0,2.0,6.0,,144.0,2.0,38.0,10.0,6.0,34.0,25.553562,8.0,2.0,18.0,,232.0,4.0,160.0,31.75,14.0,60.0,232,1.71,1.74,4.05,,31.51,1.07,20.94,6.8,4.01,8.2,8.524303,1.0,1.0,4.0,,29.0,1.0,24.0,4.0,3.0,6.0,7.253427,3.0,1.0,4.0,,24.0,1.0,21.0,4.0,6.0,12.0,24.0,2.47,1.9,6.14,,54.7,1.74,33.9,11.14,5.98,15.43,14.92479,2.0,1.0,5.0,,52.0,1.0,29.0,6.0,4.0,13.0,12.133045,4.0,1.0,9.0,,46.0,2.0,48.0,9.0,9.0,21.0,48,3.08,2.07,7.76,,71.68,2.29,44.45,14.51,7.41,21.26,20.06599,2.0,1.0,5.0,,58.0,1.0,31.0,7.0,5.0,17.0,14.73952,3.0,1.0,11.0,,67.0,2.0,73.0,13.0,11.0,27.0,73
respiratory_support,peak_inspiratory_pressure_set,nan,18087.0,29492.0,3032.0,5627.0,4035.0,6762.0,2520.0,8625.0,50023.0,7282.0,135485,104579.0,256359.0,13323.0,117313.0,339612.0,151630.0,9909.0,71409.0,350154.0,418324.0,1832612,104579.0,256359.0,13323.0,117313.0,339612.0,151630.0,9909.0,71409.0,350154.0,418324.0,1832612,10.31,12.24,13.8,27.4,14.06,16.19,24.84,11.08,9.65,20.5,12.546437,247.34,293.79,331.22,657.53,337.46,388.5,596.19,265.84,231.72,491.93,301.13883,5.78,8.69,4.39,20.85,84.17,22.42,3.93,8.28,7.0,57.45,13.525647,3.0,4.0,3.0,7.0,35.0,9.0,2.0,4.0,3.0,4.0,4.735092,6.0,6.0,4.0,18.0,83.0,22.0,3.0,8.0,6.0,16.0,83,1.93,2.34,1.59,1.02,10.43,2.72,1.34,2.71,2.17,4.85,2.550655,1.0,2.0,1.0,0.0,8.0,2.0,1.0,2.0,2.0,1.0,1.867402,2.0,2.0,2.0,2.0,12.5,5.0,2.0,3.0,2.0,3.0,12.5,2.57,3.14,2.16,1.78,17.77,4.57,1.82,3.67,2.98,7.82,3.694223,2.0,2.0,1.0,0.0,14.0,3.0,1.0,2.0,2.0,1.0,2.229501,3.0,3.0,2.0,3.0,23.0,8.0,2.0,4.0,3.0,5.0,23,3.04,3.72,2.55,2.5,23.95,6.02,2.15,4.37,3.57,10.21,4.575266,2.0,2.0,2.0,1.0,18.0,4.0,1.0,2.0,2.0,1.0,2.46245,3.0,4.0,2.0,3.0,32.0,9.0,2.0,5.0,4.0,6.0,32
respiratory_support,inspiratory_time_set,nan,20604.0,20282.0,32921.0,28254.0,9304.0,16212.0,5046.0,14008.0,70075.0,26930.0,243636,411652.0,151429.0,405584.0,545861.0,1048335.0,326230.0,51565.0,108384.0,1239322.0,812476.0,5100838,411652.0,151429.0,405584.0,545861.0,1048335.0,326230.0,51565.0,108384.0,1239322.0,812476.0,5100838,14.84,11.32,11.62,14.95,16.23,11.86,32.0,12.72,10.0,17.53,13.118176,356.28,271.61,278.79,358.69,389.48,284.55,768.01,305.22,240.07,420.81,314.834939,19.98,7.47,12.32,19.32,112.68,20.12,10.22,7.74,17.69,30.17,20.938143,7.0,3.0,4.0,6.0,47.0,7.0,4.0,3.0,5.0,7.0,6.805837,19.0,6.0,11.0,17.0,115.0,18.0,7.0,7.0,15.0,21.0,115,3.57,2.51,3.64,2.9,19.05,4.69,1.12,1.92,3.51,4.34,4.00144,3.0,2.0,3.0,3.0,14.0,4.0,0.0,1.0,3.0,4.0,3.336773,5.0,3.0,5.0,4.0,15.0,5.0,2.0,2.0,5.0,6.0,15.0,5.6,3.32,5.1,4.52,30.59,6.73,1.76,2.74,5.31,6.42,6.010161,4.0,2.0,3.0,3.0,22.0,5.0,1.0,2.0,4.0,5.0,4.269751,7.0,4.0,6.0,6.0,30.0,9.0,2.0,3.0,7.0,9.0,30,7.11,3.91,6.13,5.8,39.08,8.21,2.28,3.41,6.7,8.08,7.529864,5.0,3.0,4.0,4.0,28.0,6.0,1.0,2.0,4.0,5.0,4.984329,10.0,4.0,7.0,8.0,42.0,10.0,3.0,3.0,9.0,11.0,42
respiratory_support,peep_set,nan,22528.0,39281.0,37145.0,37830.0,20304.0,18200.0,17812.0,18087.0,90055.0,78994.0,380236,695845.0,1147632.0,852393.0,961577.0,2524588.0,985410.0,2873306.0,2291068.0,2973129.0,9460601.0,24765549,695845.0,1147632.0,852393.0,961577.0,2524588.0,985410.0,2873306.0,2291068.0,2973129.0,9460601.0,24765549,14.78,15.05,11.23,13.09,13.57,11.13,18.73,13.5,8.88,11.89,12.180034,354.68,361.12,269.62,314.08,325.62,267.23,449.59,323.99,213.1,285.24,292.287197,30.89,29.22,22.95,25.42,124.34,54.14,161.31,126.67,33.01,119.76,65.130907,11.0,10.0,7.0,8.0,53.0,14.0,31.0,33.0,7.0,23.0,16.122816,27.0,25.0,21.0,23.0,133.0,46.0,148.0,99.0,22.0,78.0,148,4.93,4.9,5.16,4.23,19.4,10.0,20.35,19.22,6.22,19.33,10.594286,5.0,5.0,5.0,4.0,15.0,7.0,23.0,15.0,4.0,14.0,8.482014,4.0,4.0,4.0,4.0,15.0,12.0,23.0,20.0,8.0,30.0,30.0,7.74,7.42,7.63,6.48,31.13,15.18,32.78,31.25,9.55,29.34,16.383329,8.0,7.0,6.0,6.0,24.0,10.0,26.0,22.0,5.0,16.0,10.91307,9.0,8.0,10.0,8.0,30.0,19.0,51.0,37.0,12.0,45.0,51,9.9,9.36,9.51,8.23,40.16,19.23,42.95,40.43,12.14,37.04,20.871696,8.0,8.0,7.0,6.0,30.0,11.0,27.0,25.0,6.0,18.0,12.324209,13.0,12.0,14.0,10.0,43.0,25.0,77.0,50.0,15.0,52.0,77
respiratory_support,tidal_volume_obs,nan,22285.0,59937.0,35752.0,49891.0,21454.0,17252.0,17636.0,25177.0,88301.0,77270.0,414955,589856.0,1279184.0,871396.0,1119565.0,2565558.0,716643.0,2857361.0,988770.0,2481207.0,9080081.0,22549621,589856.0,1279184.0,871396.0,1119565.0,2565558.0,716643.0,2857361.0,988770.0,2481207.0,9080081.0,22549621,14.87,12.23,11.35,11.95,13.14,11.57,18.81,11.59,8.98,12.05,11.797622,356.77,293.42,272.33,286.89,315.3,277.76,451.5,278.18,215.46,289.26,283.129767,26.47,21.34,24.37,22.44,119.58,41.54,162.02,39.27,28.1,117.51,54.341383,9.0,6.0,7.0,7.0,49.0,12.0,32.0,8.0,7.0,21.0,13.072509,24.0,16.0,22.0,19.0,128.0,35.0,150.0,25.0,20.0,72.0,150,4.23,4.11,5.24,3.94,18.67,7.58,20.31,6.48,5.46,18.74,8.934297,4.0,4.0,6.0,4.0,14.0,6.0,23.0,5.0,4.0,13.0,7.316598,4.0,4.0,4.0,4.0,15.0,6.0,22.0,5.0,7.0,29.0,29.0,6.69,6.01,7.81,6.0,30.02,11.49,32.79,10.2,8.33,28.24,13.695205,6.0,5.0,7.0,5.0,23.0,8.0,26.0,6.0,5.0,15.0,9.096709,9.0,7.0,10.0,7.0,30.0,12.0,51.0,10.0,11.0,43.0,51,8.57,7.47,9.82,7.61,38.78,14.51,43.01,13.07,10.55,35.61,17.405568,7.0,5.0,7.0,5.0,29.0,9.0,27.0,6.0,6.0,16.0,9.943712,11.0,10.0,14.0,10.0,43.0,17.0,77.0,14.0,13.0,49.0,77
respiratory_support,resp_rate_obs,nan,22265.0,59747.0,35320.0,47306.0,21213.0,13167.0,17742.0,26549.0,95692.0,93743.0,432744,586914.0,1132370.0,767606.0,2064803.0,2589885.0,651778.0,2871600.0,946961.0,3309313.0,14788674.0,29709904,586914.0,1132370.0,767606.0,2064803.0,2589885.0,651778.0,2871600.0,946961.0,3309313.0,14788674.0,29709904,14.86,12.21,11.41,12.36,13.24,12.93,18.76,11.29,8.67,11.02,11.541367,356.73,292.98,273.8,296.68,317.8,310.22,450.28,270.9,208.17,264.4,276.989704,26.36,18.95,21.73,43.65,122.09,49.5,161.85,35.67,34.58,157.76,68.654109,9.0,6.0,7.0,10.0,52.0,17.0,31.0,7.0,11.0,65.0,24.235654,24.0,15.0,19.0,29.0,131.0,48.0,149.0,21.0,29.0,122.0,149,4.26,3.82,4.82,6.93,18.79,9.03,20.37,5.93,6.02,21.36,10.250638,4.0,3.0,5.0,5.0,15.0,7.0,23.0,4.0,5.0,20.0,9.149467,4.0,4.0,5.0,6.0,15.0,9.0,23.0,4.0,7.0,22.0,23.0,6.73,5.56,7.14,10.95,30.34,13.81,32.83,9.32,9.56,35.08,16.432088,6.0,4.0,6.0,6.0,23.0,11.0,26.0,5.0,7.0,30.0,12.888084,9.0,7.0,9.0,11.0,30.0,16.0,51.0,9.0,11.0,36.0,51,8.6,6.88,8.91,14.1,39.28,17.51,43.03,11.97,12.41,46.26,21.38302,7.0,5.0,6.0,7.0,29.0,13.0,27.0,6.0,8.0,38.0,15.598363,11.0,9.0,12.0,15.0,44.0,21.0,77.0,13.0,15.0,49.0,77
respiratory_support,plateau_pressure_obs,nan,15424.0,32418.0,29304.0,34305.0,13752.0,10713.0,13014.0,15546.0,29648.0,42677.0,236801,174992.0,508869.0,281129.0,561037.0,1484108.0,90851.0,118316.0,467111.0,394997.0,1219359.0,5300769,174992.0,508869.0,281129.0,561037.0,1484108.0,90851.0,118316.0,467111.0,394997.0,1219359.0,5300769,16.61,16.4,12.14,13.78,15.56,13.96,21.06,14.54,14.11,16.01,15.124774,398.64,393.64,291.41,330.65,373.44,334.96,505.44,348.9,338.7,384.17,362.983439,11.35,15.7,9.59,16.35,107.92,8.48,9.09,30.05,13.32,28.57,22.383972,4.0,6.0,3.0,5.0,41.0,4.0,3.0,7.0,5.0,6.0,7.0713,9.0,15.0,9.0,14.0,109.0,8.0,9.0,20.0,13.0,19.0,109,1.94,2.99,2.94,2.71,20.82,2.27,2.77,4.29,2.24,4.91,4.203126,1.0,3.0,2.0,2.0,16.0,2.0,2.0,3.0,1.0,3.0,3.005473,2.0,4.0,3.0,3.0,16.0,2.0,3.0,4.0,4.0,4.0,16.0,3.15,4.55,4.15,4.23,32.52,3.22,3.9,7.11,3.71,7.53,6.491352,2.0,4.0,3.0,3.0,24.0,2.0,2.0,4.0,2.0,4.0,4.311793,4.0,6.0,5.0,6.0,33.0,4.0,5.0,6.0,5.0,7.0,33,4.05,5.72,5.0,5.4,40.86,3.91,4.69,9.2,4.88,9.5,8.182534,3.0,4.0,3.0,4.0,29.0,3.0,2.0,5.0,3.0,4.0,5.04826,5.0,8.0,6.0,8.0,46.0,4.0,6.0,8.0,6.0,8.0,46
respiratory_support,peak_inspiratory_pressure_obs,nan,22410.0,39146.0,35443.0,49177.0,17550.0,17004.0,15939.0,24607.0,87125.0,50684.0,359085,654150.0,1072563.0,770088.0,1074132.0,1769437.0,646785.0,364264.0,2223671.0,2098016.0,8574943.0,19248049,654150.0,1072563.0,770088.0,1074132.0,1769437.0,646785.0,364264.0,2223671.0,2098016.0,8574943.0,19248049,14.83,15.07,11.37,12.04,14.29,11.64,19.68,11.75,9.03,14.69,12.532306,356.02,361.73,272.98,288.93,342.99,279.42,472.35,281.88,216.79,352.66,300.821309,29.19,27.4,21.73,21.84,100.82,38.04,22.85,90.37,24.08,169.18,53.60236,10.0,9.0,7.0,7.0,34.0,11.0,5.0,17.0,6.0,40.0,13.926012,26.0,24.0,20.0,18.0,99.0,31.0,16.0,62.0,17.0,131.0,131,4.51,4.46,4.8,3.82,19.25,6.97,4.27,13.81,4.58,25.99,8.951056,5.0,5.0,5.0,4.0,15.0,6.0,3.0,7.0,4.0,24.0,7.886598,3.0,4.0,5.0,4.0,15.0,6.0,5.0,18.0,5.0,26.0,26.0,7.16,6.8,7.12,5.8,29.68,10.51,6.27,22.42,7.0,39.28,13.690893,7.0,6.0,6.0,5.0,21.0,7.0,3.0,11.0,4.0,29.0,9.676531,8.0,7.0,9.0,7.0,30.0,11.0,8.0,30.0,9.0,50.0,50,9.21,8.62,8.89,7.35,37.24,13.24,7.8,29.0,8.88,49.64,17.340239,8.0,7.0,6.0,5.0,25.0,8.0,4.0,12.0,5.0,31.0,10.728646,12.0,11.0,13.0,10.0,42.0,16.0,10.0,36.0,11.0,70.0,70
respiratory_support,peep_obs,nan,1801.0,4.0,27048.0,31753.0,14606.0,2777.0,,17902.0,11304.0,25955.0,133150,6102.0,35.0,250409.0,600237.0,1537507.0,8728.0,,867320.0,124451.0,727808.0,4122597,6102.0,35.0,250409.0,600237.0,1537507.0,8728.0,,867320.0,124451.0,727808.0,4122597,28.59,30.39,12.57,14.25,15.27,17.65,,13.56,11.12,18.54,14.763731,686.13,729.3,301.63,342.08,366.58,423.65,,325.41,266.83,444.95,354.339833,3.39,8.75,9.26,18.9,105.27,3.14,,48.45,11.01,28.04,30.962201,2.0,9.5,4.0,6.0,36.0,2.0,,11.0,5.0,6.0,9.334525,3.0,5.75,8.0,17.0,104.0,3.0,,34.0,11.0,18.0,104,0.54,0.25,2.78,2.92,20.35,0.86,,7.41,2.15,4.66,5.605811,0.0,0.0,2.0,3.0,15.0,0.0,,5.0,2.0,2.0,3.999046,1.0,0.25,3.0,3.0,16.0,1.0,,4.0,2.0,5.0,16.0,0.86,3.0,3.94,4.53,31.38,1.24,,11.95,3.55,7.17,8.666213,0.0,0.0,3.0,4.0,22.0,1.0,,8.0,2.0,3.0,5.827668,1.0,3.0,5.0,5.0,32.0,2.0,,9.0,5.0,6.0,32,1.11,4.5,4.75,5.79,39.28,1.5,,15.49,4.61,9.1,10.94884,1.0,1.5,3.0,4.0,26.0,1.0,,9.0,3.0,3.0,6.499369,2.0,4.5,6.0,7.0,45.0,2.0,,15.0,6.0,7.0,45
respiratory_support,minute_vent_obs,nan,22364.0,39075.0,35652.0,38059.0,20842.0,17232.0,17655.0,17884.0,87336.0,76711.0,372810,657049.0,1074129.0,793399.0,926604.0,1995289.0,458518.0,2863619.0,865406.0,1609383.0,8179793.0,19423189,657049.0,1074129.0,793399.0,926604.0,1995289.0,458518.0,2863619.0,865406.0,1609383.0,8179793.0,19423189,14.85,15.08,11.36,13.04,13.14,11.58,18.81,13.57,9.02,12.11,12.305411,356.52,361.95,272.53,313.02,315.41,277.89,451.48,325.74,216.47,290.71,295.354055,29.38,27.49,22.25,24.35,95.73,26.61,162.2,48.39,18.43,106.63,52.099761,10.0,9.0,7.0,7.0,32.0,9.0,32.0,11.0,5.0,19.0,12.256101,26.0,24.0,20.0,22.0,93.0,23.0,150.0,34.0,14.0,64.0,150,4.54,4.5,4.89,4.0,17.89,5.41,20.41,7.4,3.83,16.65,8.514922,5.0,5.0,5.0,4.0,14.0,5.0,23.0,5.0,3.0,11.0,7.019535,3.0,4.0,5.0,4.0,15.0,6.0,23.0,4.0,4.0,25.0,25.0,7.2,6.85,7.26,6.15,27.88,8.0,32.91,11.93,5.73,25.18,13.054672,7.0,6.0,6.0,5.0,20.0,6.0,26.0,8.0,4.0,13.0,8.755468,8.0,7.0,9.0,8.0,29.0,10.0,51.0,9.0,7.0,37.0,51,9.26,8.68,9.07,7.82,35.23,9.98,43.13,15.48,7.21,31.82,16.583318,8.0,7.0,6.0,6.0,23.0,7.0,27.0,9.0,5.0,14.0,9.771648,12.0,11.0,13.0,11.0,41.0,14.0,77.0,15.0,9.0,42.0,77
respiratory_support,mean_airway_pressure_obs,nan,22249.0,38709.0,35342.0,38137.0,16116.0,13562.0,16326.0,17870.0,47833.0,49701.0,295845,634506.0,1032075.0,781312.0,923925.0,1636224.0,663107.0,2838934.0,864931.0,1229206.0,8281725.0,18885945,634506.0,1032075.0,781312.0,923925.0,1636224.0,663107.0,2838934.0,864931.0,1229206.0,8281725.0,18885945,14.9,15.17,11.38,13.03,14.72,12.82,19.24,13.58,11.95,14.84,13.841333,357.6,363.98,273.17,312.78,353.29,307.77,461.84,325.82,286.83,356.24,332.213945,28.52,26.66,22.11,24.23,101.53,48.89,173.89,48.4,25.7,166.63,63.837888,10.0,9.0,7.0,7.0,33.0,16.0,41.0,11.0,9.0,39.0,17.13335,25.0,24.0,20.0,21.0,99.0,44.0,168.0,34.0,25.0,127.0,168,4.34,4.3,4.82,3.96,19.77,8.3,21.78,7.33,4.3,25.52,10.05992,5.0,4.0,5.0,4.0,15.0,7.0,25.0,5.0,5.0,23.0,9.504305,4.0,4.0,5.0,4.0,16.0,7.0,21.0,4.0,4.0,26.0,26.0,6.94,6.57,7.18,6.09,30.35,12.84,35.19,11.86,6.82,38.58,15.508555,7.0,6.0,6.0,5.0,21.0,10.0,31.0,8.0,6.0,28.0,12.143122,8.0,8.0,9.0,8.0,32.0,12.0,49.0,9.0,9.0,50.0,50,8.94,8.33,8.98,7.75,37.89,16.37,46.17,15.41,8.82,48.76,19.744752,7.0,7.0,6.0,6.0,25.0,12.0,33.0,9.0,7.0,30.0,13.380902,12.0,10.0,13.0,11.0,44.0,18.0,76.0,14.0,13.0,70.0,76
labs,neutrophils_absolute,k/cu mm,,64000.0,,,,,,,,,64000,,721265.0,,,,,,,,,721265,,721265.0,,,,,,,,,721265,,12.83,,,,,,,,,12.83,,307.85,,,,,,,,,307.85,,11.27,,,,,,,,,11.27,,5.0,,,,,,,,,5.0,,10.0,,,,,,,,,10,,1.43,,,,,,,,,1.43,,1.0,,,,,,,,,1.0,,1.0,,,,,,,,,1.0,,2.34,,,,,,,,,2.34,,2.0,,,,,,,,,2.0,,2.0,,,,,,,,,2,,3.13,,,,,,,,,3.13,,3.0,,,,,,,,,3.0,,3.0,,,,,,,,,3
labs,ptt,seconds,,43592.0,,,,,,,,,43592,,406519.0,,,,,,,,,406519,,406519.0,,,,,,,,,406519,,15.2,,,,,,,,,15.2,,364.89,,,,,,,,,364.89,,9.33,,,,,,,,,9.33,,2.0,,,,,,,,,2.0,,8.0,,,,,,,,,8,,1.53,,,,,,,,,1.53,,1.0,,,,,,,,,1.0,,1.0,,,,,,,,,1.0,,2.27,,,,,,,,,2.27,,1.0,,,,,,,,,1.0,,2.0,,,,,,,,,2,,2.85,,,,,,,,,2.85,,1.0,,,,,,,,,1.0,,3.0,,,,,,,,,3
labs,esr,mm/hr,,3690.0,571.0,,,,,,3704.0,808.0,8773,,4647.0,740.0,,,,,,7908.0,941.0,14236,,4647.0,740.0,,,,,,7908.0,941.0,14236,,24.73,18.73,,,,,,16.08,11.87,19.502999,,593.52,449.62,,,,,,385.97,284.97,468.107883,,1.26,1.3,,,,,,2.13,1.16,1.620711,,1.0,1.0,,,,,,1.0,1.0,1.0,,0.0,0.0,,,,,,1.0,0.0,1,,0.46,0.26,,,,,,0.55,0.43,0.482218,,0.0,0.0,,,,,,0.0,0.0,0.0,,1.0,0.5,,,,,,1.0,1.0,1.0,,0.58,0.41,,,,,,0.8,0.59,0.662741,,1.0,0.0,,,,,,1.0,1.0,0.934914,,1.0,1.0,,,,,,1.0,1.0,1,,0.65,0.52,,,,,,0.98,0.71,0.786392,,1.0,0.0,,,,,,1.0,1.0,0.934914,,1.0,1.0,,,,,,1.0,1.0,1
labs,eosinophils_absolute,10^3/ul,,4.0,,,,,18732.0,15482.0,,,34218,,4.0,,,,,297144.0,61665.0,,,358813,,4.0,,,,,297144.0,61665.0,,,358813,,13.86,,,,,18.77,13.66,,,16.457397,,332.74,,,,,450.48,327.86,,,394.986581,,1.0,,,,,15.86,3.98,,,10.483134,,1.0,,,,,10.0,1.0,,,5.926881,,0.0,,,,,13.0,2.0,,,13,,0.0,,,,,2.48,1.0,,,1.810081,,0.0,,,,,2.0,1.0,,,1.547314,,0.0,,,,,2.0,0.0,,,2.0,,0.0,,,,,3.85,1.32,,,2.704847,,0.0,,,,,4.0,1.0,,,2.642177,,0.0,,,,,3.0,1.0,,,3,,0.0,,,,,4.97,1.58,,,3.435607,,0.0,,,,,5.0,1.0,,,3.189608,,0.0,,,,,3.0,1.0,,,3
labs,platelet_count,k/cu mm,,77811.0,,,,,,,,,77811,,1104966.0,,,,,,,,,1104966,,1104966.0,,,,,,,,,1104966,,11.52,,,,,,,,,11.52,,276.44,,,,,,,,,276.44,,14.2,,,,,,,,,14.2,,7.0,,,,,,,,,7.0,,12.0,,,,,,,,,12,,1.96,,,,,,,,,1.96,,2.0,,,,,,,,,2.0,,1.0,,,,,,,,,1.0,,3.23,,,,,,,,,3.23,,3.0,,,,,,,,,3.0,,2.0,,,,,,,,,2,,4.29,,,,,,,,,4.29,,4.0,,,,,,,,,4.0,,2.0,,,,,,,,,2
labs,lymphocytes_absolute,10^3/ul,,2.0,,,,,18835.0,15593.0,,,34430,,2.0,,,,,300519.0,62345.0,,,362866,,2.0,,,,,300519.0,62345.0,,,362866,,3.5,,,,,18.68,13.63,,,16.392024,,84.05,,,,,448.43,327.13,,,393.473286,,1.0,,,,,15.96,4.0,,,10.542568,,1.0,,,,,10.0,1.0,,,5.923468,,0.0,,,,,13.0,2.0,,,13,,0.5,,,,,2.5,1.0,,,1.820549,,0.5,,,,,2.0,1.0,,,1.547023,,0.5,,,,,1.0,0.0,,,1.0,,0.5,,,,,3.87,1.32,,,2.714935,,0.5,,,,,4.0,1.0,,,2.641127,,0.5,,,,,3.0,1.0,,,3,,0.5,,,,,4.99,1.59,,,3.449913,,0.5,,,,,5.0,1.0,,,3.188179,,0.5,,,,,3.0,1.0,,,3
labs,lymphocytes_absolute,k/cu mm,,64000.0,,,,,,,,,64000,,721250.0,,,,,,,,,721250,,721250.0,,,,,,,,,721250,,12.83,,,,,,,,,12.83,,307.85,,,,,,,,,307.85,,11.27,,,,,,,,,11.27,,5.0,,,,,,,,,5.0,,10.0,,,,,,,,,10,,1.43,,,,,,,,,1.43,,1.0,,,,,,,,,1.0,,1.0,,,,,,,,,1.0,,2.34,,,,,,,,,2.34,,2.0,,,,,,,,,2.0,,2.0,,,,,,,,,2,,3.13,,,,,,,,,3.13,,3.0,,,,,,,,,3.0,,3.0,,,,,,,,,3
labs,pt,seconds,,50711.0,,,,,,,,,50711,,303037.0,,,,,,,,,303037,,303037.0,,,,,,,,,303037,,14.31,,,,,,,,,14.31,,343.51,,,,,,,,,343.51,,5.98,,,,,,,,,5.98,,2.0,,,,,,,,,2.0,,5.0,,,,,,,,,5,,1.35,,,,,,,,,1.35,,1.0,,,,,,,,,1.0,,1.0,,,,,,,,,1.0,,1.85,,,,,,,,,1.85,,1.0,,,,,,,,,1.0,,1.0,,,,,,,,,1,,2.22,,,,,,,,,2.22,,1.0,,,,,,,,,1.0,,2.0,,,,,,,,,2
labs,esr,mm/h,,3528.0,,,,,,,,5069.0,8597,,4925.0,,,,,,,,6777.0,11702,,4925.0,,,,,,,,6777.0,11702,,22.5,,,,,,,,24.65,23.767692,,540.07,,,,,,,,591.67,570.494613,,1.4,,,,,,,,1.34,1.364623,,1.0,,,,,,,,1.0,1.0,,0.0,,,,,,,,0.0,0,,0.49,,,,,,,,0.47,0.478208,,0.0,,,,,,,,0.0,0.0,,1.0,,,,,,,,1.0,1.0,,0.6,,,,,,,,0.6,0.6,,1.0,,,,,,,,1.0,1.0,,1.0,,,,,,,,1.0,1,,0.68,,,,,,,,0.68,0.68,,1.0,,,,,,,,1.0,1.0,,1.0,,,,,,,,1.0,1
labs,wbc,k/cu mm,,77814.0,,,,,,,,,77814,,1092521.0,,,,,,,,,1092521,,1092521.0,,,,,,,,,1092521,,11.52,,,,,,,,,11.52,,276.43,,,,,,,,,276.43,,14.04,,,,,,,,,14.04,,7.0,,,,,,,,,7.0,,12.0,,,,,,,,,12,,1.93,,,,,,,,,1.93,,2.0,,,,,,,,,2.0,,1.0,,,,,,,,,1.0,,3.19,,,,,,,,,3.19,,3.0,,,,,,,,,3.0,,2.0,,,,,,,,,2,,4.24,,,,,,,,,4.24,,4.0,,,,,,,,,4.0,,2.0,,,,,,,,,2
labs,pco2_venous,mm hg,,18574.0,,,,,,,,,18574,,160278.0,,,,,,,,,160278,,160278.0,,,,,,,,,160278,,13.76,,,,,,,,,13.76,,330.2,,,,,,,,,330.2,,8.63,,,,,,,,,8.63,,4.0,,,,,,,,,4.0,,7.0,,,,,,,,,7,,2.98,,,,,,,,,2.98,,2.0,,,,,,,,,2.0,,4.0,,,,,,,,,4.0,,3.99,,,,,,,,,3.99,,3.0,,,,,,,,,3.0,,5.0,,,,,,,,,5,,4.63,,,,,,,,,4.63,,3.0,,,,,,,,,3.0,,5.0,,,,,,,,,5
labs,eosinophils_absolute,k/cu mm,,58897.0,,,,,,,,,58897,,569263.0,,,,,,,,,569263,,569263.0,,,,,,,,,569263,,13.44,,,,,,,,,13.44,,322.66,,,,,,,,,322.66,,9.67,,,,,,,,,9.67,,5.0,,,,,,,,,5.0,,9.0,,,,,,,,,9,,1.14,,,,,,,,,1.14,,1.0,,,,,,,,,1.0,,2.0,,,,,,,,,2.0,,1.9,,,,,,,,,1.9,,2.0,,,,,,,,,2.0,,2.0,,,,,,,,,2,,2.56,,,,,,,,,2.56,,2.0,,,,,,,,,2.0,,3.0,,,,,,,,,3
labs,platelet_count,10*3/ul,,8.0,39359.0,,,,,,104210.0,17814.0,161391,,8.0,541500.0,,,,,,978257.0,232098.0,1751863,,8.0,541500.0,,,,,,978257.0,232098.0,1751863,,17.43,11.13,,,,,,8.5,11.13,9.432124,,418.26,267.17,,,,,,204.0,267.04,226.374337,,1.0,13.76,,,,,,9.39,13.03,10.857087,,1.0,8.0,,,,,,5.0,7.0,5.952178,,0.0,11.0,,,,,,8.0,10.0,11,,0.0,2.24,,,,,,1.65,1.87,1.818087,,0.0,2.0,,,,,,1.0,2.0,1.354202,,0.0,2.0,,,,,,1.0,1.0,2.0,,0.0,3.62,,,,,,2.61,3.02,2.901438,,0.0,3.0,,,,,,2.0,3.0,2.354152,,0.0,2.0,,,,,,2.0,2.0,2,,0.12,4.77,,,,,,3.42,4.0,3.813085,,0.0,4.0,,,,,,3.0,4.0,3.354103,,0.0,2.0,,,,,,2.0,2.0,2
labs,neutrophils_absolute,10^3/ul,,6.0,,,,,18826.0,15700.0,,,34532,,6.0,,,,,300431.0,62840.0,,,363277,,6.0,,,,,300431.0,62840.0,,,363277,,10.41,,,,,18.69,13.66,,,16.401668,,249.84,,,,,448.66,327.95,,,393.744562,,1.0,,,,,15.96,4.0,,,10.519778,,1.0,,,,,10.0,1.0,,,5.906579,,0.0,,,,,13.0,2.0,,,13,,0.17,,,,,2.5,1.0,,,1.817619,,0.0,,,,,2.0,1.0,,,1.545002,,0.0,,,,,2.0,0.0,,,2.0,,0.17,,,,,3.87,1.32,,,2.709998,,0.0,,,,,4.0,1.0,,,2.635353,,0.0,,,,,3.0,1.0,,,3,,0.17,,,,,4.99,1.59,,,3.44335,,0.0,,,,,5.0,1.0,,,3.180528,,0.0,,,,,3.0,1.0,,,3
labs,wbc,10*3/ul,,,39363.0,,,,,,102770.0,17814.0,159947,,,533235.0,,,,,,931031.0,232221.0,1696487,,,533235.0,,,,,,931031.0,232221.0,1696487,,,11.13,,,,,,8.58,11.13,9.49156,,,267.14,,,,,,205.83,267.04,227.735634,,,13.55,,,,,,9.06,13.04,10.60826,,,8.0,,,,,,4.0,7.0,5.318524,,,11.0,,,,,,8.0,10.0,11,,,2.18,,,,,,1.61,1.87,1.779234,,,2.0,,,,,,1.0,2.0,1.357475,,,2.0,,,,,,1.0,1.0,2.0,,,3.54,,,,,,2.54,3.02,2.83956,,,3.0,,,,,,2.0,3.0,2.357475,,,2.0,,,,,,2.0,2.0,2,,,4.67,,,,,,3.31,4.0,3.721545,,,4.0,,,,,,3.0,4.0,3.357475,,,2.0,,,,,,2.0,2.0,2
labs,so2_central_venous,%,,,2710.0,5659.0,3388.0,3021.0,1391.0,2738.0,141.0,,19048,,,6636.0,28117.0,17991.0,9162.0,4209.0,14416.0,284.0,,80815,,,6636.0,28117.0,17991.0,9162.0,4209.0,14416.0,284.0,,80815,,,19.06,8.83,16.72,11.83,36.55,14.1,19.09,,15.022359,,,457.52,211.92,401.34,283.98,877.14,338.3,458.05,,360.548623,,,2.45,4.97,5.31,3.03,3.03,5.27,2.01,,4.243807,,,1.0,4.0,2.0,1.0,1.0,3.0,2.0,,2.364028,,,1.0,4.0,4.0,1.0,2.0,5.0,2.0,,5,,,0.69,2.37,1.19,1.24,0.6,1.54,0.54,,1.479775,,,0.0,2.0,1.0,1.0,0.0,1.0,0.0,,1.074391,,,1.0,2.0,2.0,1.0,1.0,2.0,1.0,,2.0,,,1.1,2.84,2.03,1.53,0.91,2.23,0.94,,1.997922,,,1.0,2.0,1.0,1.0,0.0,1.0,1.0,,1.224066,,,1.0,3.0,2.0,1.0,1.0,3.0,1.0,,3,,,1.38,3.18,2.62,1.74,1.15,2.64,1.11,,2.354735,,,1.0,3.0,2.0,1.0,1.0,1.0,1.0,,1.77205,,,1.0,3.0,2.0,1.0,1.0,3.0,2.0,,3
labs,troponin_t,ng/l,,,14332.0,1305.0,,,16629.0,14967.0,12362.0,10125.0,69720,,,41055.0,2600.0,,,93638.0,50669.0,42773.0,28567.0,259302,,,41055.0,2600.0,,,93638.0,50669.0,42773.0,28567.0,259302,,,14.83,9.95,,,19.42,12.75,10.35,16.71,14.865579,,,355.81,238.75,,,466.05,306.03,248.46,400.95,356.747209,,,2.86,1.99,,,5.63,3.39,3.46,2.82,3.718745,,,2.0,1.0,,,4.0,2.0,2.0,2.0,2.458305,,,3.0,1.0,,,5.0,3.0,2.0,2.0,5,,,1.35,1.33,,,2.18,1.93,1.71,1.67,1.782403,,,1.0,1.0,,,2.0,2.0,1.0,1.0,1.453184,,,2.0,1.0,,,2.0,2.0,1.0,1.0,2.0,,,1.7,1.49,,,2.92,2.32,2.05,1.93,2.21561,,,1.0,1.0,,,3.0,2.0,2.0,2.0,2.014228,,,1.0,1.0,,,3.0,2.0,1.0,2.0,3,,,1.88,1.6,,,3.38,2.49,2.28,2.06,2.46054,,,1.0,1.0,,,3.0,2.0,2.0,2.0,2.014228,,,2.0,1.0,,,3.0,2.0,1.0,2.0,3
labs,wbc,10^3/ul,,,,,,,19104.0,28451.0,,,47555,,,,,,,372518.0,418929.0,,,791447,,,,,,,372518.0,418929.0,,,791447,,,,,,,18.45,11.1,,,14.052674,,,,,,,442.92,266.29,,,337.246567,,,,,,,19.5,14.72,,,16.640242,,,,,,,12.0,9.0,,,10.205173,,,,,,,15.0,14.0,,,15,,,,,,,2.88,2.17,,,2.455224,,,,,,,3.0,2.0,,,2.401724,,,,,,,2.0,2.0,,,2.0,,,,,,,4.49,3.56,,,3.933604,,,,,,,4.0,3.0,,,3.401724,,,,,,,3.0,2.0,,,3,,,,,,,5.81,4.72,,,5.15788,,,,,,,5.0,4.0,,,4.401724,,,,,,,3.0,3.0,,,3
labs,monocytes_absolute,10^3/ul,,,,,,,18833.0,15585.0,,,34418,,,,,,,300275.0,62294.0,,,362569,,,,,,,300275.0,62294.0,,,362569,,,,,,,18.69,13.63,,,16.398754,,,,,,,448.56,327.13,,,393.574628,,,,,,,15.94,4.0,,,10.533384,,,,,,,10.0,1.0,,,5.924662,,,,,,,13.0,2.0,,,13,,,,,,,2.5,1.0,,,1.820777,,,,,,,2.0,1.0,,,1.547185,,,,,,,2.0,0.0,,,2.0,,,,,,,3.87,1.32,,,2.715321,,,,,,,4.0,1.0,,,2.641554,,,,,,,3.0,1.0,,,3,,,,,,,4.99,1.59,,,3.450428,,,,,,,5.0,1.0,,,3.188738,,,,,,,3.0,1.0,,,3
labs,basophils_absolute,10^3/ul,,,,,,,18705.0,15445.0,,,34150,,,,,,,295774.0,63194.0,,,358968,,,,,,,295774.0,63194.0,,,358968,,,,,,,18.79,13.67,,,16.474381,,,,,,,450.91,328.07,,,395.353227,,,,,,,15.81,4.09,,,10.509403,,,,,,,10.0,1.0,,,5.929575,,,,,,,13.0,3.0,,,13,,,,,,,2.48,1.01,,,1.815164,,,,,,,2.0,1.0,,,1.547731,,,,,,,2.0,0.0,,,2.0,,,,,,,3.85,1.33,,,2.710281,,,,,,,4.0,1.0,,,2.643192,,,,,,,3.0,1.0,,,3,,,,,,,4.97,1.6,,,3.445852,,,,,,,5.0,1.0,,,3.190922,,,,,,,3.0,1.0,,,3
labs,platelet_count,10^3/ul,,,,,,,19102.0,28475.0,,,47577,,,,,,,372378.0,459534.0,,,831912,,,,,,,372378.0,459534.0,,,831912,,,,,,,18.46,11.09,,,14.049029,,,,,,,442.93,266.08,,,337.08466,,,,,,,19.49,16.14,,,17.485013,,,,,,,12.0,9.0,,,10.20449,,,,,,,15.0,15.0,,,15,,,,,,,2.88,2.51,,,2.658554,,,,,,,3.0,2.0,,,2.401497,,,,,,,2.0,2.0,,,2.0,,,,,,,4.49,4.02,,,4.208703,,,,,,,4.0,3.0,,,3.401497,,,,,,,3.0,3.0,,,3,,,,,,,5.81,5.26,,,5.480823,,,,,,,5.0,4.0,,,4.401497,,,,,,,3.0,4.0,,,4
labs,eosinophils_absolute,10*3/ul,,,,,,,,,61018.0,13055.0,74073,,,,,,,,,246761.0,112369.0,359130,,,,,,,,,246761.0,112369.0,359130,,,,,,,,,10.37,12.44,10.734827,,,,,,,,,248.97,298.67,257.729379,,,,,,,,,4.04,8.61,4.84544,,,,,,,,,2.0,4.0,2.35249,,,,,,,,,3.0,7.0,7,,,,,,,,,0.89,1.16,0.937586,,,,,,,,,1.0,1.0,1.0,,,,,,,,,1.0,1.0,1.0,,,,,,,,,1.29,1.9,1.397509,,,,,,,,,1.0,2.0,1.176245,,,,,,,,,1.0,1.0,1,,,,,,,,,1.61,2.54,1.773908,,,,,,,,,1.0,2.0,1.176245,,,,,,,,,1.0,2.0,2
labs,pt,s,,,,,,,,,3382.0,,3382,,,,,,,,,20448.0,,20448,,,,,,,,,20448.0,,20448,,,,,,,,,12.8,,12.8,,,,,,,,,307.22,,307.22,,,,,,,,,6.05,,6.05,,,,,,,,,2.0,,2.0,,,,,,,,,5.0,,5,,,,,,,,,1.36,,1.36,,,,,,,,,1.0,,1.0,,,,,,,,,1.0,,1.0,,,,,,,,,1.95,,1.95,,,,,,,,,1.0,,1.0,,,,,,,,,1.0,,1,,,,,,,,,2.43,,2.43,,,,,,,,,1.0,,1.0,,,,,,,,,2.0,,2
labs,lymphocytes_absolute,10*3/ul,,,,,,,,,60693.0,13270.0,73963,,,,,,,,,244737.0,114443.0,359180,,,,,,,,,244737.0,114443.0,359180,,,,,,,,,10.38,12.3,10.724475,,,,,,,,,249.17,295.12,257.414075,,,,,,,,,4.03,8.62,4.85351,,,,,,,,,2.0,4.0,2.358828,,,,,,,,,3.0,7.0,7,,,,,,,,,0.89,1.19,0.943824,,,,,,,,,1.0,1.0,1.0,,,,,,,,,1.0,1.0,1.0,,,,,,,,,1.29,1.95,1.408413,,,,,,,,,1.0,2.0,1.179414,,,,,,,,,1.0,2.0,2,,,,,,,,,1.61,2.59,1.785826,,,,,,,,,1.0,2.0,1.179414,,,,,,,,,1.0,2.0,2
labs,ptt,s,,,,,,,,,33491.0,,33491,,,,,,,,,162697.0,,162697,,,,,,,,,162697.0,,162697,,,,,,,,,13.2,,13.2,,,,,,,,,316.91,,316.91,,,,,,,,,4.86,,4.86,,,,,,,,,1.0,,1.0,,,,,,,,,2.0,,2,,,,,,,,,1.35,,1.35,,,,,,,,,1.0,,1.0,,,,,,,,,1.0,,1.0,,,,,,,,,1.82,,1.82,,,,,,,,,1.0,,1.0,,,,,,,,,1.0,,1,,,,,,,,,2.17,,2.17,,,,,,,,,1.0,,1.0,,,,,,,,,1.0,,1
labs,basophils_absolute,10*3/ul,,,,,,,,,60497.0,12556.0,73053,,,,,,,,,243326.0,102505.0,345831,,,,,,,,,243326.0,102505.0,345831,,,,,,,,,10.4,12.69,10.793594,,,,,,,,,249.57,304.45,259.002512,,,,,,,,,4.02,8.16,4.731563,,,,,,,,,2.0,4.0,2.34375,,,,,,,,,3.0,7.0,7,,,,,,,,,0.89,1.08,0.922656,,,,,,,,,1.0,1.0,1.0,,,,,,,,,1.0,1.0,1.0,,,,,,,,,1.29,1.77,1.3725,,,,,,,,,1.0,2.0,1.171875,,,,,,,,,1.0,1.0,1,,,,,,,,,1.61,2.37,1.740625,,,,,,,,,1.0,2.0,1.171875,,,,,,,,,1.0,2.0,2
labs,monocytes_absolute,10*3/ul,,,,,,,,,60686.0,13266.0,73952,,,,,,,,,244684.0,114405.0,359089,,,,,,,,,244684.0,114405.0,359089,,,,,,,,,10.38,12.3,10.724422,,,,,,,,,249.19,295.2,257.443579,,,,,,,,,4.03,8.62,4.853385,,,,,,,,,2.0,4.0,2.358773,,,,,,,,,3.0,7.0,7,,,,,,,,,0.89,1.19,0.943816,,,,,,,,,1.0,1.0,1.0,,,,,,,,,1.0,1.0,1.0,,,,,,,,,1.29,1.94,1.406601,,,,,,,,,1.0,2.0,1.179387,,,,,,,,,1.0,2.0,2,,,,,,,,,1.61,2.59,1.785799,,,,,,,,,1.0,2.0,1.179387,,,,,,,,,1.0,2.0,2
labs,inr,ratio,,,,,,,,,58803.0,,58803,,,,,,,,,367033.0,,367033,,,,,,,,,367033.0,,367033,,,,,,,,,10.95,,10.95,,,,,,,,,262.7,,262.7,,,,,,,,,6.24,,6.24,,,,,,,,,3.0,,3.0,,,,,,,,,6.0,,6,,,,,,,,,1.36,,1.36,,,,,,,,,1.0,,1.0,,,,,,,,,1.0,,1.0,,,,,,,,,1.99,,1.99,,,,,,,,,1.0,,1.0,,,,,,,,,1.0,,1,,,,,,,,,2.48,,2.48,,,,,,,,,2.0,,2.0,,,,,,,,,2.0,,2
labs,neutrophils_absolute,10*3/ul,,,,,,,,,60694.0,13280.0,73974,,,,,,,,,244753.0,114626.0,359379,,,,,,,,,244753.0,114626.0,359379,,,,,,,,,10.38,12.29,10.722888,,,,,,,,,249.16,294.92,257.374951,,,,,,,,,4.03,8.63,4.855804,,,,,,,,,2.0,4.0,2.359045,,,,,,,,,3.0,7.0,7,,,,,,,,,0.89,1.19,0.943857,,,,,,,,,1.0,1.0,1.0,,,,,,,,,1.0,1.0,1.0,,,,,,,,,1.29,1.95,1.408485,,,,,,,,,1.0,2.0,1.179523,,,,,,,,,1.0,2.0,2,,,,,,,,,1.61,2.6,1.787727,,,,,,,,,1.0,2.0,1.179523,,,,,,,,,1.0,2.0,2
labs,platelet_count,k/cumm,,,,,,,,,,4948.0,4948,,,,,,,,,,37619.0,37619,,,,,,,,,,37619.0,37619,,,,,,,,,,8.66,8.66,,,,,,,,,,207.79,207.79,,,,,,,,,,7.6,7.6,,,,,,,,,,5.0,5.0,,,,,,,,,,7.0,7,,,,,,,,,,1.29,1.29,,,,,,,,,,1.0,1.0,,,,,,,,,,1.0,1.0,,,,,,,,,,2.14,2.14,,,,,,,,,,2.0,2.0,,,,,,,,,,2.0,2,,,,,,,,,,2.83,2.83,,,,,,,,,,3.0,3.0,,,,,,,,,,1.0,1
labs,basophils_absolute,k/cumm,,,,,,,,,,4004.0,4004,,,,,,,,,,16740.0,16740,,,,,,,,,,16740.0,16740,,,,,,,,,,9.68,9.68,,,,,,,,,,232.39,232.39,,,,,,,,,,4.18,4.18,,,,,,,,,,3.0,3.0,,,,,,,,,,4.0,4,,,,,,,,,,0.74,0.74,,,,,,,,,,1.0,1.0,,,,,,,,,,1.0,1.0,,,,,,,,,,1.23,1.23,,,,,,,,,,1.0,1.0,,,,,,,,,,1.0,1,,,,,,,,,,1.64,1.64,,,,,,,,,,1.0,1.0,,,,,,,,,,1.0,1
labs,ast,iu/l,,,,,,,,,,10863.0,10863,,,,,,,,,,34984.0,34984,,,,,,,,,,34984.0,34984,,,,,,,,,,8.12,8.12,,,,,,,,,,194.9,194.9,,,,,,,,,,3.22,3.22,,,,,,,,,,2.0,2.0,,,,,,,,,,3.0,3,,,,,,,,,,0.96,0.96,,,,,,,,,,1.0,1.0,,,,,,,,,,0.0,0.0,,,,,,,,,,1.36,1.36,,,,,,,,,,1.0,1.0,,,,,,,,,,1.0,1,,,,,,,,,,1.66,1.66,,,,,,,,,,1.0,1.0,,,,,,,,,,1.0,1
labs,eosinophils_absolute,k/ul,,,,,,,,,,6759.0,6759,,,,,,,,,,29336.0,29336,,,,,,,,,,29336.0,29336,,,,,,,,,,6.61,6.61,,,,,,,,,,158.67,158.67,,,,,,,,,,4.34,4.34,,,,,,,,,,3.0,3.0,,,,,,,,,,3.0,3,,,,,,,,,,0.89,0.89,,,,,,,,,,1.0,1.0,,,,,,,,,,1.0,1.0,,,,,,,,,,1.45,1.45,,,,,,,,,,1.0,1.0,,,,,,,,,,1.0,1,,,,,,,,,,1.99,1.99,,,,,,,,,,2.0,2.0,,,,,,,,,,2.0,2
labs,ptt,second(s),,,,,,,,,,62247.0,62247,,,,,,,,,,852599.0,852599,,,,,,,,,,852599.0,852599,,,,,,,,,,13.8,13.8,,,,,,,,,,331.22,331.22,,,,,,,,,,13.7,13.7,,,,,,,,,,6.0,6.0,,,,,,,,,,11.0,11,,,,,,,,,,1.76,1.76,,,,,,,,,,2.0,2.0,,,,,,,,,,1.0,1.0,,,,,,,,,,2.83,2.83,,,,,,,,,,3.0,3.0,,,,,,,,,,2.0,2,,,,,,,,,,3.75,3.75,,,,,,,,,,3.0,3.0,,,,,,,,,,2.0,2
labs,albumin,gm/dl,,,,,,,,,,1.0,1,,,,,,,,,,1.0,1,,,,,,,,,,1.0,1,,,,,,,,,,16.52,16.52,,,,,,,,,,396.38,396.38,,,,,,,,,,1.0,1.0,,,,,,,,,,1.0,1.0,,,,,,,,,,0.0,0,,,,,,,,,,0.0,0.0,,,,,,,,,,0.0,0.0,,,,,,,,,,0.0,0.0,,,,,,,,,,0.0,0.0,,,,,,,,,,0.0,0.0,,,,,,,,,,0.0,0,,,,,,,,,,0.0,0.0,,,,,,,,,,0.0,0.0,,,,,,,,,,0.0,0
labs,eosinophils_absolute,k/cumm,,,,,,,,,,4098.0,4098,,,,,,,,,,17643.0,17643,,,,,,,,,,17643.0,17643,,,,,,,,,,9.58,9.58,,,,,,,,,,230.0,230.0,,,,,,,,,,4.31,4.31,,,,,,,,,,3.0,3.0,,,,,,,,,,5.0,5,,,,,,,,,,0.76,0.76,,,,,,,,,,1.0,1.0,,,,,,,,,,1.0,1.0,,,,,,,,,,1.25,1.25,,,,,,,,,,1.0,1.0,,,,,,,,,,1.0,1,,,,,,,,,,1.66,1.66,,,,,,,,,,1.0,1.0,,,,,,,,,,1.0,1
labs,lymphocytes_absolute,k/cumm,,,,,,,,,,4332.0,4332,,,,,,,,,,20422.0,20422,,,,,,,,,,20422.0,20422,,,,,,,,,,9.29,9.29,,,,,,,,,,222.97,222.97,,,,,,,,,,4.71,4.71,,,,,,,,,,3.0,3.0,,,,,,,,,,5.0,5,,,,,,,,,,0.89,0.89,,,,,,,,,,1.0,1.0,,,,,,,,,,1.0,1.0,,,,,,,,,,1.42,1.42,,,,,,,,,,1.0,1.0,,,,,,,,,,1.0,1,,,,,,,,,,1.85,1.85,,,,,,,,,,2.0,2.0,,,,,,,,,,2.0,2
labs,pt,second(s),,,,,,,,,,63011.0,63011,,,,,,,,,,740507.0,740507,,,,,,,,,,740507.0,740507,,,,,,,,,,13.68,13.68,,,,,,,,,,328.3,328.3,,,,,,,,,,11.75,11.75,,,,,,,,,,6.0,6.0,,,,,,,,,,9.0,9,,,,,,,,,,1.66,1.66,,,,,,,,,,2.0,2.0,,,,,,,,,,1.0,1.0,,,,,,,,,,2.6,2.6,,,,,,,,,,2.0,2.0,,,,,,,,,,2.0,2,,,,,,,,,,3.41,3.41,,,,,,,,,,3.0,3.0,,,,,,,,,,2.0,2
labs,ldh,iu/l,,,,,,,,,,3621.0,3621,,,,,,,,,,5620.0,5620,,,,,,,,,,5620.0,5620,,,,,,,,,,8.64,8.64,,,,,,,,,,207.26,207.26,,,,,,,,,,1.55,1.55,,,,,,,,,,1.0,1.0,,,,,,,,,,0.0,0,,,,,,,,,,0.83,0.83,,,,,,,,,,1.0,1.0,,,,,,,,,,0.0,0.0,,,,,,,,,,0.94,0.94,,,,,,,,,,1.0,1.0,,,,,,,,,,0.0,0,,,,,,,,,,1.02,1.02,,,,,,,,,,1.0,1.0,,,,,,,,,,0.0,0
labs,lymphocytes_absolute,k/ul,,,,,,,,,,7110.0,7110,,,,,,,,,,34226.0,34226,,,,,,,,,,34226.0,34226,,,,,,,,,,6.4,6.4,,,,,,,,,,153.59,153.59,,,,,,,,,,4.81,4.81,,,,,,,,,,3.0,3.0,,,,,,,,,,4.0,4,,,,,,,,,,1.06,1.06,,,,,,,,,,1.0,1.0,,,,,,,,,,0.0,0.0,,,,,,,,,,1.7,1.7,,,,,,,,,,2.0,2.0,,,,,,,,,,1.0,1,,,,,,,,,,2.28,2.28,,,,,,,,,,2.0,2.0,,,,,,,,,,2.0,2
labs,alt,iu/l,,,,,,,,,,10863.0,10863,,,,,,,,,,34984.0,34984,,,,,,,,,,34984.0,34984,,,,,,,,,,8.12,8.12,,,,,,,,,,194.9,194.9,,,,,,,,,,3.22,3.22,,,,,,,,,,2.0,2.0,,,,,,,,,,3.0,3,,,,,,,,,,0.96,0.96,,,,,,,,,,1.0,1.0,,,,,,,,,,0.0,0.0,,,,,,,,,,1.36,1.36,,,,,,,,,,1.0,1.0,,,,,,,,,,1.0,1,,,,,,,,,,1.66,1.66,,,,,,,,,,1.0,1.0,,,,,,,,,,1.0,1
labs,basophils_absolute,k/ul,,,,,,,,,,6594.0,6594,,,,,,,,,,27256.0,27256,,,,,,,,,,27256.0,27256,,,,,,,,,,6.67,6.67,,,,,,,,,,160.16,160.16,,,,,,,,,,4.13,4.13,,,,,,,,,,3.0,3.0,,,,,,,,,,3.0,3,,,,,,,,,,0.86,0.86,,,,,,,,,,1.0,1.0,,,,,,,,,,1.0,1.0,,,,,,,,,,1.41,1.41,,,,,,,,,,1.0,1.0,,,,,,,,,,1.0,1,,,,,,,,,,1.93,1.93,,,,,,,,,,2.0,2.0,,,,,,,,,,2.0,2
labs,platelet_count,k/ul,,,,,,,,,,7574.0,7574,,,,,,,,,,46012.0,46012,,,,,,,,,,46012.0,46012,,,,,,,,,,6.24,6.24,,,,,,,,,,149.66,149.66,,,,,,,,,,6.07,6.07,,,,,,,,,,4.0,4.0,,,,,,,,,,6.0,6,,,,,,,,,,1.49,1.49,,,,,,,,,,1.0,1.0,,,,,,,,,,1.0,1.0,,,,,,,,,,2.35,2.35,,,,,,,,,,2.0,2.0,,,,,,,,,,2.0,2,,,,,,,,,,3.04,3.04,,,,,,,,,,3.0,3.0,,,,,,,,,,2.0,2
labs,alkaline_phosphatase,iu/l,,,,,,,,,,10863.0,10863,,,,,,,,,,34982.0,34982,,,,,,,,,,34982.0,34982,,,,,,,,,,8.12,8.12,,,,,,,,,,194.9,194.9,,,,,,,,,,3.22,3.22,,,,,,,,,,2.0,2.0,,,,,,,,,,3.0,3,,,,,,,,,,0.96,0.96,,,,,,,,,,1.0,1.0,,,,,,,,,,0.0,0.0,,,,,,,,,,1.36,1.36,,,,,,,,,,1.0,1.0,,,,,,,,,,1.0,1,,,,,,,,,,1.66,1.66,,,,,,,,,,1.0,1.0,,,,,,,,,,1.0,1
labs,wbc,k/cumm,,,,,,,,,,4950.0,4950,,,,,,,,,,37681.0,37681,,,,,,,,,,37681.0,37681,,,,,,,,,,8.66,8.66,,,,,,,,,,207.72,207.72,,,,,,,,,,7.61,7.61,,,,,,,,,,5.0,5.0,,,,,,,,,,7.0,7,,,,,,,,,,1.3,1.3,,,,,,,,,,1.0,1.0,,,,,,,,,,1.0,1.0,,,,,,,,,,2.15,2.15,,,,,,,,,,2.0,2.0,,,,,,,,,,2.0,2,,,,,,,,,,2.84,2.84,,,,,,,,,,3.0,3.0,,,,,,,,,,1.0,1
labs,neutrophils_absolute,k/ul,,,,,,,,,,7113.0,7113,,,,,,,,,,34388.0,34388,,,,,,,,,,34388.0,34388,,,,,,,,,,6.4,6.4,,,,,,,,,,153.54,153.54,,,,,,,,,,4.83,4.83,,,,,,,,,,3.0,3.0,,,,,,,,,,4.0,4,,,,,,,,,,1.06,1.06,,,,,,,,,,1.0,1.0,,,,,,,,,,0.0,0.0,,,,,,,,,,1.71,1.71,,,,,,,,,,2.0,2.0,,,,,,,,,,1.0,1,,,,,,,,,,2.29,2.29,,,,,,,,,,2.0,2.0,,,,,,,,,,2.0,2
labs,monocytes_absolute,k/cumm,,,,,,,,,,4335.0,4335,,,,,,,,,,20411.0,20411,,,,,,,,,,20411.0,20411,,,,,,,,,,9.29,9.29,,,,,,,,,,222.94,222.94,,,,,,,,,,4.71,4.71,,,,,,,,,,3.0,3.0,,,,,,,,,,5.0,5,,,,,,,,,,0.89,0.89,,,,,,,,,,1.0,1.0,,,,,,,,,,1.0,1.0,,,,,,,,,,1.42,1.42,,,,,,,,,,1.0,1.0,,,,,,,,,,1.0,1,,,,,,,,,,1.84,1.84,,,,,,,,,,2.0,2.0,,,,,,,,,,2.0,2
labs,total_protein,gm/dl,,,,,,,,,,1.0,1,,,,,,,,,,1.0,1,,,,,,,,,,1.0,1,,,,,,,,,,16.52,16.52,,,,,,,,,,396.38,396.38,,,,,,,,,,1.0,1.0,,,,,,,,,,1.0,1.0,,,,,,,,,,0.0,0,,,,,,,,,,0.0,0.0,,,,,,,,,,0.0,0.0,,,,,,,,,,0.0,0.0,,,,,,,,,,0.0,0.0,,,,,,,,,,0.0,0.0,,,,,,,,,,0.0,0,,,,,,,,,,0.0,0.0,,,,,,,,,,0.0,0.0,,,,,,,,,,0.0,0
labs,wbc,k/ul,,,,,,,,,,7566.0,7566,,,,,,,,,,45991.0,45991,,,,,,,,,,45991.0,45991,,,,,,,,,,6.18,6.18,,,,,,,,,,148.21,148.21,,,,,,,,,,6.08,6.08,,,,,,,,,,4.5,4.5,,,,,,,,,,6.0,6,,,,,,,,,,1.49,1.49,,,,,,,,,,1.0,1.0,,,,,,,,,,1.0,1.0,,,,,,,,,,2.35,2.35,,,,,,,,,,2.0,2.0,,,,,,,,,,2.0,2,,,,,,,,,,3.04,3.04,,,,,,,,,,3.0,3.0,,,,,,,,,,2.0,2
labs,monocytes_absolute,k/ul,,,,,,,,,,7091.0,7091,,,,,,,,,,34033.0,34033,,,,,,,,,,34033.0,34033,,,,,,,,,,6.41,6.41,,,,,,,,,,153.82,153.82,,,,,,,,,,4.8,4.8,,,,,,,,,,3.0,3.0,,,,,,,,,,4.0,4,,,,,,,,,,1.05,1.05,,,,,,,,,,1.0,1.0,,,,,,,,,,0.0,0.0,,,,,,,,,,1.69,1.69,,,,,,,,,,2.0,2.0,,,,,,,,,,1.0,1,,,,,,,,,,2.26,2.26,,,,,,,,,,2.0,2.0,,,,,,,,,,2.0,2
labs,neutrophils_absolute,k/cumm,,,,,,,,,,4225.0,4225,,,,,,,,,,19625.0,19625,,,,,,,,,,19625.0,19625,,,,,,,,,,9.4,9.4,,,,,,,,,,225.68,225.68,,,,,,,,,,4.64,4.64,,,,,,,,,,3.0,3.0,,,,,,,,,,5.0,5,,,,,,,,,,0.86,0.86,,,,,,,,,,1.0,1.0,,,,,,,,,,1.0,1.0,,,,,,,,,,1.39,1.39,,,,,,,,,,1.0,1.0,,,,,,,,,,1.0,1,,,,,,,,,,1.81,1.81,,,,,,,,,,2.0,2.0,,,,,,,,,,2.0,2
