hour,norepinephrine_n__Cornell,norepinephrine_n__Emory,norepinephrine_n__JHU,norepinephrine_n__MIMIC,norepinephrine_n__Michigan,norepinephrine_n__NU,norepinephrine_n__OHSU,norepinephrine_n__RUSH,norepinephrine_n__Sunnybrook,norepinephrine_n__UCMC,norepinephrine_n__UCSF,norepinephrine_n__UMN,norepinephrine_n__UPenn,norepinephrine_n__ALL,epinephrine_n__Cornell,epinephrine_n__Emory,epinephrine_n__JHU,epinephrine_n__MIMIC,epinephrine_n__Michigan,epinephrine_n__NU,epinephrine_n__OHSU,epinephrine_n__RUSH,epinephrine_n__Sunnybrook,epinephrine_n__UCMC,epinephrine_n__UCSF,epinephrine_n__UMN,epinephrine_n__UPenn,epinephrine_n__ALL,phenylephrine_n__Cornell,phenylephrine_n__Emory,phenylephrine_n__JHU,phenylephrine_n__MIMIC,phenylephrine_n__Michigan,phenylephrine_n__NU,phenylephrine_n__OHSU,phenylephrine_n__RUSH,phenylephrine_n__Sunnybrook,phenylephrine_n__UCMC,phenylephrine_n__UCSF,phenylephrine_n__UMN,phenylephrine_n__UPenn,phenylephrine_n__ALL,vasopressin_n__Cornell,vasopressin_n__Emory,vasopressin_n__JHU,vasopressin_n__MIMIC,vasopressin_n__Michigan,vasopressin_n__NU,vasopressin_n__OHSU,vasopressin_n__RUSH,vasopressin_n__Sunnybrook,vasopressin_n__UCMC,vasopressin_n__UCSF,vasopressin_n__UMN,vasopressin_n__UPenn,vasopressin_n__ALL,dopamine_n__Cornell,dopamine_n__Emory,dopamine_n__JHU,dopamine_n__MIMIC,dopamine_n__Michigan,dopamine_n__NU,dopamine_n__OHSU,dopamine_n__RUSH,dopamine_n__Sunnybrook,dopamine_n__UCMC,dopamine_n__UCSF,dopamine_n__UMN,dopamine_n__UPenn,dopamine_n__ALL,propofol_n__Cornell,propofol_n__Emory,propofol_n__JHU,propofol_n__MIMIC,propofol_n__Michigan,propofol_n__NU,propofol_n__OHSU,propofol_n__RUSH,propofol_n__Sunnybrook,propofol_n__UCMC,propofol_n__UCSF,propofol_n__UMN,propofol_n__UPenn,propofol_n__ALL,midazolam_n__Cornell,midazolam_n__Emory,midazolam_n__JHU,midazolam_n__MIMIC,midazolam_n__Michigan,midazolam_n__NU,midazolam_n__OHSU,midazolam_n__RUSH,midazolam_n__Sunnybrook,midazolam_n__UCMC,midazolam_n__UCSF,midazolam_n__UMN,midazolam_n__UPenn,midazolam_n__ALL,lorazepam_n__Cornell,lorazepam_n__Emory,lorazepam_n__JHU,lorazepam_n__MIMIC,lorazepam_n__Michigan,lorazepam_n__NU,lorazepam_n__OHSU,lorazepam_n__RUSH,lorazepam_n__Sunnybrook,lorazepam_n__UCMC,lorazepam_n__UCSF,lorazepam_n__UMN,lorazepam_n__UPenn,lorazepam_n__ALL,dexmedetomidine_n__Cornell,dexmedetomidine_n__Emory,dexmedetomidine_n__JHU,dexmedetomidine_n__MIMIC,dexmedetomidine_n__Michigan,dexmedetomidine_n__NU,dexmedetomidine_n__OHSU,dexmedetomidine_n__RUSH,dexmedetomidine_n__Sunnybrook,dexmedetomidine_n__UCMC,dexmedetomidine_n__UCSF,dexmedetomidine_n__UMN,dexmedetomidine_n__UPenn,dexmedetomidine_n__ALL,fentanyl_n__Cornell,fentanyl_n__Emory,fentanyl_n__JHU,fentanyl_n__MIMIC,fentanyl_n__Michigan,fentanyl_n__NU,fentanyl_n__OHSU,fentanyl_n__RUSH,fentanyl_n__Sunnybrook,fentanyl_n__UCMC,fentanyl_n__UCSF,fentanyl_n__UMN,fentanyl_n__UPenn,fentanyl_n__ALL,vecuronium_n__Cornell,vecuronium_n__Emory,vecuronium_n__JHU,vecuronium_n__MIMIC,vecuronium_n__Michigan,vecuronium_n__NU,vecuronium_n__OHSU,vecuronium_n__RUSH,vecuronium_n__Sunnybrook,vecuronium_n__UCMC,vecuronium_n__UCSF,vecuronium_n__UMN,vecuronium_n__UPenn,vecuronium_n__ALL,rocuronium_n__Cornell,rocuronium_n__Emory,rocuronium_n__JHU,rocuronium_n__MIMIC,rocuronium_n__Michigan,rocuronium_n__NU,rocuronium_n__OHSU,rocuronium_n__RUSH,rocuronium_n__Sunnybrook,rocuronium_n__UCMC,rocuronium_n__UCSF,rocuronium_n__UMN,rocuronium_n__UPenn,rocuronium_n__ALL,cisatracurium_n__Cornell,cisatracurium_n__Emory,cisatracurium_n__JHU,cisatracurium_n__MIMIC,cisatracurium_n__Michigan,cisatracurium_n__NU,cisatracurium_n__OHSU,cisatracurium_n__RUSH,cisatracurium_n__Sunnybrook,cisatracurium_n__UCMC,cisatracurium_n__UCSF,cisatracurium_n__UMN,cisatracurium_n__UPenn,cisatracurium_n__ALL,pancuronium_n__Cornell,pancuronium_n__Emory,pancuronium_n__JHU,pancuronium_n__MIMIC,pancuronium_n__Michigan,pancuronium_n__NU,pancuronium_n__OHSU,pancuronium_n__RUSH,pancuronium_n__Sunnybrook,pancuronium_n__UCMC,pancuronium_n__UCSF,pancuronium_n__UMN,pancuronium_n__UPenn,pancuronium_n__ALL,norepinephrine_pct__Cornell,norepinephrine_pct__Emory,norepinephrine_pct__JHU,norepinephrine_pct__MIMIC,norepinephrine_pct__Michigan,norepinephrine_pct__NU,norepinephrine_pct__OHSU,norepinephrine_pct__RUSH,norepinephrine_pct__Sunnybrook,norepinephrine_pct__UCMC,norepinephrine_pct__UCSF,norepinephrine_pct__UMN,norepinephrine_pct__UPenn,norepinephrine_pct__ALL,epinephrine_pct__Cornell,epinephrine_pct__Emory,epinephrine_pct__JHU,epinephrine_pct__MIMIC,epinephrine_pct__Michigan,epinephrine_pct__NU,epinephrine_pct__OHSU,epinephrine_pct__RUSH,epinephrine_pct__Sunnybrook,epinephrine_pct__UCMC,epinephrine_pct__UCSF,epinephrine_pct__UMN,epinephrine_pct__UPenn,epinephrine_pct__ALL,phenylephrine_pct__Cornell,phenylephrine_pct__Emory,phenylephrine_pct__JHU,phenylephrine_pct__MIMIC,phenylephrine_pct__Michigan,phenylephrine_pct__NU,phenylephrine_pct__OHSU,phenylephrine_pct__RUSH,phenylephrine_pct__Sunnybrook,phenylephrine_pct__UCMC,phenylephrine_pct__UCSF,phenylephrine_pct__UMN,phenylephrine_pct__UPenn,phenylephrine_pct__ALL,vasopressin_pct__Cornell,vasopressin_pct__Emory,vasopressin_pct__JHU,vasopressin_pct__MIMIC,vasopressin_pct__Michigan,vasopressin_pct__NU,vasopressin_pct__OHSU,vasopressin_pct__RUSH,vasopressin_pct__Sunnybrook,vasopressin_pct__UCMC,vasopressin_pct__UCSF,vasopressin_pct__UMN,vasopressin_pct__UPenn,vasopressin_pct__ALL,dopamine_pct__Cornell,dopamine_pct__Emory,dopamine_pct__JHU,dopamine_pct__MIMIC,dopamine_pct__Michigan,dopamine_pct__NU,dopamine_pct__OHSU,dopamine_pct__RUSH,dopamine_pct__Sunnybrook,dopamine_pct__UCMC,dopamine_pct__UCSF,dopamine_pct__UMN,dopamine_pct__UPenn,dopamine_pct__ALL,propofol_pct__Cornell,propofol_pct__Emory,propofol_pct__JHU,propofol_pct__MIMIC,propofol_pct__Michigan,propofol_pct__NU,propofol_pct__OHSU,propofol_pct__RUSH,propofol_pct__Sunnybrook,propofol_pct__UCMC,propofol_pct__UCSF,propofol_pct__UMN,propofol_pct__UPenn,propofol_pct__ALL,midazolam_pct__Cornell,midazolam_pct__Emory,midazolam_pct__JHU,midazolam_pct__MIMIC,midazolam_pct__Michigan,midazolam_pct__NU,midazolam_pct__OHSU,midazolam_pct__RUSH,midazolam_pct__Sunnybrook,midazolam_pct__UCMC,midazolam_pct__UCSF,midazolam_pct__UMN,midazolam_pct__UPenn,midazolam_pct__ALL,lorazepam_pct__Cornell,lorazepam_pct__Emory,lorazepam_pct__JHU,lorazepam_pct__MIMIC,lorazepam_pct__Michigan,lorazepam_pct__NU,lorazepam_pct__OHSU,lorazepam_pct__RUSH,lorazepam_pct__Sunnybrook,lorazepam_pct__UCMC,lorazepam_pct__UCSF,lorazepam_pct__UMN,lorazepam_pct__UPenn,lorazepam_pct__ALL,dexmedetomidine_pct__Cornell,dexmedetomidine_pct__Emory,dexmedetomidine_pct__JHU,dexmedetomidine_pct__MIMIC,dexmedetomidine_pct__Michigan,dexmedetomidine_pct__NU,dexmedetomidine_pct__OHSU,dexmedetomidine_pct__RUSH,dexmedetomidine_pct__Sunnybrook,dexmedetomidine_pct__UCMC,dexmedetomidine_pct__UCSF,dexmedetomidine_pct__UMN,dexmedetomidine_pct__UPenn,dexmedetomidine_pct__ALL,fentanyl_pct__Cornell,fentanyl_pct__Emory,fentanyl_pct__JHU,fentanyl_pct__MIMIC,fentanyl_pct__Michigan,fentanyl_pct__NU,fentanyl_pct__OHSU,fentanyl_pct__RUSH,fentanyl_pct__Sunnybrook,fentanyl_pct__UCMC,fentanyl_pct__UCSF,fentanyl_pct__UMN,fentanyl_pct__UPenn,fentanyl_pct__ALL,vecuronium_pct__Cornell,vecuronium_pct__Emory,vecuronium_pct__JHU,vecuronium_pct__MIMIC,vecuronium_pct__Michigan,vecuronium_pct__NU,vecuronium_pct__OHSU,vecuronium_pct__RUSH,vecuronium_pct__Sunnybrook,vecuronium_pct__UCMC,vecuronium_pct__UCSF,vecuronium_pct__UMN,vecuronium_pct__UPenn,vecuronium_pct__ALL,rocuronium_pct__Cornell,rocuronium_pct__Emory,rocuronium_pct__JHU,rocuronium_pct__MIMIC,rocuronium_pct__Michigan,rocuronium_pct__NU,rocuronium_pct__OHSU,rocuronium_pct__RUSH,rocuronium_pct__Sunnybrook,rocuronium_pct__UCMC,rocuronium_pct__UCSF,rocuronium_pct__UMN,rocuronium_pct__UPenn,rocuronium_pct__ALL,cisatracurium_pct__Cornell,cisatracurium_pct__Emory,cisatracurium_pct__JHU,cisatracurium_pct__MIMIC,cisatracurium_pct__Michigan,cisatracurium_pct__NU,cisatracurium_pct__OHSU,cisatracurium_pct__RUSH,cisatracurium_pct__Sunnybrook,cisatracurium_pct__UCMC,cisatracurium_pct__UCSF,cisatracurium_pct__UMN,cisatracurium_pct__UPenn,cisatracurium_pct__ALL,pancuronium_pct__Cornell,pancuronium_pct__Emory,pancuronium_pct__JHU,pancuronium_pct__MIMIC,pancuronium_pct__Michigan,pancuronium_pct__NU,pancuronium_pct__OHSU,pancuronium_pct__RUSH,pancuronium_pct__Sunnybrook,pancuronium_pct__UCMC,pancuronium_pct__UCSF,pancuronium_pct__UMN,pancuronium_pct__UPenn,pancuronium_pct__ALL
0,4820,7472,11263,3197,2824,13810,5741,3209,4793,3089,5175,9361,11383,86137,1549,3449,4650,439,795,3379,1915,308,354,693,1507,6115,9214,34367,1187,248,468,2067,6,2103,909,350,40,840,600,3304,5431,17553,994,1991,1456,541,102,3132,1295,534,693,992,802,2543,2644,17719,572,55,305,393,89,755,145,38,48,547,485,877,181,4490,5192,2699,12967,7411,4172,16706,9556,3766,5599,7595,7915,13906,18642,116126,165,601,2326,2591,61,490,127,140,874,101,343,1991,1154,10964,192,2,78,1,0,16,3,3,1,1,4,74,16,391,1205,4468,5193,79,108,4888,575,716,274,981,879,5163,1639,26168,1734,3661,6590,4669,1411,5439,1133,2594,3524,4254,1182,3129,8695,48015,1,4,22,4,0,0,0,0,0,0,9,27,85,152,234,0,1,18,0,2,11,1,69,0,0,4,5,345,3,16,21,77,23,62,40,45,0,17,109,82,264,759,0,0,0,0,0,0,0,0,0,0,0,0,0,0,36.534526,22.411518,20.275428,7.858319,35.1725,24.511457,22.593467,15.294791,24.683284,13.288308,15.506083,13.511056,15.788014,18.29013,11.741075,10.344931,8.370837,1.079075,9.901607,5.997409,7.536403,1.467995,1.823051,2.981158,4.515491,8.825992,12.77965,7.297409,8.997195,0.743851,0.842484,5.080746,0.074729,3.732628,3.577332,1.668176,0.205994,3.613525,1.797807,4.768778,7.532698,3.727163,7.534298,5.971806,2.621062,1.329794,1.270395,5.559007,5.096419,2.54516,3.568854,4.267401,2.403068,3.6704,3.66718,3.762411,4.335633,0.164967,0.549055,0.966005,1.108482,1.340054,0.570641,0.181116,0.247193,2.353093,1.453227,1.265805,0.251044,0.953396,39.354203,8.095381,23.342934,18.216454,51.961639,29.651586,37.607241,17.949573,28.834071,32.672288,23.716066,20.071012,25.856115,24.657924,1.250663,1.802639,4.187219,6.368754,0.759746,0.869704,0.499803,0.66727,4.500978,0.434483,1.027746,2.873679,1.600577,2.32807,1.455317,0.005999,0.140414,0.002458,0,0.028399,0.011806,0.014299,0.00515,0.004302,0.011985,0.106807,0.022192,0.084464,9.133631,13.40132,9.348335,0.194184,1.345124,8.675742,2.262889,3.412611,1.411062,4.220081,2.633787,7.451937,2.273263,5.556452,13.143334,10.980804,11.863186,11.476538,17.573795,9.653716,4.458874,12.363567,18.14811,18.299923,3.541679,4.516194,12.059807,10.195393,0.00758,0.011998,0.039604,0.009832,0,0.0,0.0,0,0,0,0.026967,0.03897,0.117893,0.047871,1.773668,0,0.0018,0.044245,0,0.00355,0.04329,0.004766,0.35534,0.0,0.0,0.005773,0.006935,0.092503,0.022739,0.04799,0.037804,0.189268,0.286462,0.110044,0.157418,0.21448,0,0.073131,0.326602,0.118353,0.366163,0.168095,0,0,0,0,0,0,0,0,0,0,0,0,0,0
1,5137,7037,10365,2679,2170,12179,5022,2333,5541,3438,5126,10128,12569,83724,1690,3157,2856,497,768,2964,1756,257,394,781,1057,5534,7674,29385,1316,274,446,2790,4,1842,692,290,52,956,686,2875,5307,17530,1217,2207,1274,333,100,2801,1247,322,861,1224,572,2921,3050,18129,612,74,242,278,88,538,140,23,52,591,299,852,151,3940,5529,2785,11083,6384,3839,14685,9070,2719,5945,8242,8020,14724,19581,112606,172,514,1680,1543,65,442,166,136,1076,125,238,2699,1200,10056,99,3,74,3,0,18,3,1,3,1,4,34,27,270,1774,4576,4343,137,162,4991,621,589,335,1320,1023,5418,1884,27173,2130,3817,5230,2751,1267,6196,1581,2039,3845,4771,1153,5741,9584,50105,1,1,53,5,0,1,0,0,0,0,8,81,116,266,204,0,2,18,0,5,2,2,106,1,0,3,2,345,10,30,25,109,31,86,52,38,0,40,143,145,434,1143,0,0,0,0,0,0,0,0,0,0,0,0,0,0,38.937315,21.106779,18.658866,6.58506,27.027027,21.616585,19.763872,11.119584,28.53538,14.789641,15.359262,14.618094,17.432974,17.777759,12.809823,9.469106,5.141314,1.22164,9.565326,5.260822,6.910665,1.224918,2.029045,3.359718,3.167136,7.987414,10.643698,6.239542,9.974987,0.821836,0.80288,6.857901,0.049819,3.269378,2.723337,1.382203,0.267793,4.112535,2.055492,4.149587,7.360712,3.722279,9.224589,6.619676,2.293429,0.818524,1.245485,4.971513,4.907517,1.534722,4.43403,5.265422,1.713909,4.215981,4.230294,3.84947,4.638824,0.221956,0.435644,0.683332,1.096027,0.9549,0.550964,0.109623,0.267793,2.542373,0.895907,1.229721,0.209434,0.83661,41.908588,8.353329,19.951395,15.692058,47.814174,26.0645,35.694608,12.959344,30.615923,35.455562,24.030683,21.25166,27.15849,23.910495,1.303722,1.541692,3.024302,3.792739,0.809565,0.784509,0.653286,0.648206,5.54125,0.537727,0.71313,3.89556,1.664378,2.135268,0.750398,0.008998,0.133213,0.007374,0,0.031948,0.011806,0.004766,0.01545,0.004302,0.011985,0.049073,0.037449,0.058326,13.446525,13.725255,7.818182,0.33675,2.017686,8.858558,2.44392,2.807302,1.725203,5.678396,3.06526,7.819987,2.613074,5.769851,16.144925,11.44871,9.414941,6.762038,15.780296,10.99732,6.22196,9.718317,19.801215,20.523961,3.454785,8.286184,13.292833,10.639179,0.00758,0.002999,0.09541,0.01229,0,0.001775,0.0,0,0,0,0.023971,0.11691,0.16089,0.071149,1.546275,0,0.0036,0.044245,0,0.008875,0.007871,0.009532,0.545885,0.004302,0.0,0.00433,0.002774,0.087076,0.075798,0.089982,0.045005,0.267925,0.3861,0.152642,0.204644,0.181116,0,0.172073,0.428477,0.209284,0.60195,0.253139,0,0,0,0,0,0,0,0,0,0,0,0,0,0
2,5280,6825,9818,2821,1987,11824,5005,2123,5827,3589,4824,9977,11820,81720,1765,3137,2497,687,761,2855,1796,225,416,826,875,5077,6948,27865,1326,255,448,3856,2,1918,634,274,57,1030,667,2765,4658,17890,1351,2335,1105,368,87,2752,1365,251,968,1340,485,2895,3036,18338,613,66,221,279,86,502,129,23,65,614,210,791,122,3721,5183,2700,10135,7422,3168,13479,8802,2560,5823,7718,6941,13654,18653,106238,155,496,1410,1293,64,416,177,104,1214,137,186,2900,1171,9723,86,3,73,2,0,20,5,1,2,0,6,51,21,270,2034,4268,4209,213,228,5138,740,689,320,1456,1072,5044,1961,27372,2280,3927,4585,2420,1274,6287,1690,1688,4020,4906,821,6256,9534,49688,1,3,61,8,0,1,0,0,0,0,8,101,139,322,162,0,2,20,0,6,4,2,140,0,1,6,6,349,10,38,29,109,30,98,69,31,0,48,122,182,433,1199,0,0,0,0,0,0,0,0,0,0,0,0,0,0,40.021223,20.470906,17.674167,6.9341,24.747789,20.986493,19.69697,10.118679,30.00824,15.439215,14.454366,14.40015,16.394125,17.352234,13.378307,9.409118,4.49505,1.688666,9.478142,5.067358,7.068083,1.072399,2.142342,3.553299,2.621801,7.32781,9.636749,5.916789,10.050785,0.764847,0.806481,9.47816,0.02491,3.40427,2.495081,1.305943,0.293542,4.43087,1.998562,3.99082,6.460561,3.798721,10.240279,7.003599,1.989199,0.904555,1.083572,4.884542,5.371901,1.19632,4.985065,5.764433,1.453227,4.178454,4.210877,3.893848,4.646403,0.19796,0.39784,0.68579,1.071117,0.891003,0.507674,0.109623,0.334741,2.641315,0.629232,1.141678,0.169212,0.790108,39.285985,8.09838,18.244824,18.243492,39.456968,23.923963,34.639906,12.201516,29.98764,33.201411,20.797627,19.707292,25.871371,22.558329,1.174865,1.487702,2.538254,3.178232,0.79711,0.738361,0.696576,0.495687,6.251931,0.589349,0.55732,4.185671,1.624156,2.064559,0.651861,0.008998,0.131413,0.004916,0,0.035498,0.019677,0.004766,0.0103,0.0,0.017978,0.07361,0.029127,0.061409,15.417267,12.80144,7.576958,0.52356,2.839706,9.119469,2.912239,3.283924,1.647956,6.263443,3.212081,7.28018,2.719871,5.812107,17.281892,11.778644,8.253825,5.948431,15.86748,11.158836,6.650925,8.045374,20.702441,21.104706,2.459999,9.029502,13.223484,10.550634,0.00758,0.008998,0.109811,0.019664,0,0.001775,0.0,0,0,0,0.023971,0.145777,0.19279,0.086128,1.227924,0,0.0036,0.049161,0,0.010649,0.015742,0.009532,0.720981,0.0,0.002996,0.00866,0.008322,0.08589,0.075798,0.113977,0.052205,0.267925,0.373646,0.173941,0.271547,0.147753,0,0.206487,0.365554,0.262687,0.600563,0.265542,0,0,0,0,0,0,0,0,0,0,0,0,0,0
3,5399,6772,9581,3082,1965,11608,5004,2069,6068,3536,4601,10056,11430,81171,1792,3042,2449,748,747,2854,1757,209,425,796,838,4930,6783,27370,1279,260,442,4473,1,1904,601,263,63,1016,676,2704,4396,18078,1474,2429,1088,397,90,2694,1453,236,1044,1282,452,2919,3195,18753,618,65,196,251,86,473,129,18,67,641,180,770,122,3616,4794,2686,8807,8237,2733,12290,8215,2474,5698,7104,6240,12481,16572,98331,178,482,1306,1102,73,406,194,90,1274,133,171,2912,1272,9593,83,3,63,3,0,23,5,1,2,1,1,46,23,254,2031,3656,3779,316,254,4829,784,764,287,1484,1043,4474,1980,25681,2362,3952,4565,2134,1347,6303,1745,1554,4065,4851,655,6424,9584,49541,1,3,75,5,0,1,0,0,0,0,3,105,154,347,118,0,2,28,0,10,3,0,163,1,0,5,10,340,10,53,28,122,40,108,75,28,0,58,112,219,478,1331,0,0,0,0,0,0,0,0,0,0,0,0,0,0,40.923217,20.311938,17.247525,7.575646,24.473783,20.603113,19.693034,9.861303,31.249356,15.211219,13.786181,14.514174,15.853202,17.235661,13.582961,9.124175,4.408641,1.838606,9.303774,5.065583,6.914601,0.996139,2.188691,3.424245,2.510937,7.11564,9.407897,5.811682,9.694535,0.779844,0.79568,10.994764,0.012455,3.379422,2.365211,1.253515,0.324441,4.370644,2.025529,3.902777,6.097172,3.83864,11.172592,7.285543,1.958596,0.975838,1.120937,4.781598,5.718221,1.124827,5.376455,5.514927,1.354348,4.213094,4.431407,3.981968,4.684302,0.194961,0.352835,0.616965,1.071117,0.839531,0.507674,0.085792,0.345041,2.757464,0.539342,1.111368,0.169212,0.767813,36.337452,8.056389,15.854185,20.246786,34.039108,21.813599,32.329791,11.791621,29.343908,30.560096,18.697189,18.01426,22.985062,20.879375,1.3492,1.445711,2.351035,2.708748,0.909204,0.720612,0.763479,0.42896,6.560923,0.572141,0.512375,4.202991,1.764241,2.036955,0.629122,0.008998,0.113411,0.007374,0,0.040823,0.019677,0.004766,0.0103,0.004302,0.002996,0.066393,0.031901,0.054869,15.394527,10.965807,6.80288,0.776737,3.163532,8.571023,3.085399,3.64139,1.47801,6.383894,3.125187,6.457479,2.746224,5.453044,17.903434,11.853629,8.217822,5.245434,16.776685,11.187235,6.867375,7.406701,20.934185,20.868106,1.962606,9.271982,13.292833,10.51942,0.00758,0.008998,0.135014,0.01229,0,0.001775,0.0,0,0,0,0.008989,0.15155,0.213595,0.092814,0.894414,0,0.0036,0.068825,0,0.017749,0.011806,0.0,0.839427,0.004302,0.0,0.007217,0.01387,0.090613,0.075798,0.158968,0.050405,0.29988,0.498194,0.19169,0.295159,0.133454,0,0.249505,0.335591,0.31609,0.662977,0.294776,0,0,0,0,0,0,0,0,0,0,0,0,0,0
4,5470,6792,9397,3109,1908,11389,4979,2096,6187,3597,4534,9986,11143,80587,1787,3051,2367,765,735,2750,1781,212,402,793,764,4704,6529,26640,1261,271,453,4636,1,1857,581,239,69,1013,627,2681,4088,17777,1555,2520,1160,376,90,2686,1518,247,1088,1322,460,2941,3260,19223,632,64,180,221,84,446,123,14,65,644,175,734,133,3515,4499,2717,8051,8431,2463,11461,7934,2262,5550,6807,5473,11896,14809,92353,183,479,1186,894,67,395,199,88,1330,136,144,3008,1262,9371,69,5,63,2,0,28,3,0,2,3,3,44,24,246,1829,3281,3118,447,231,4470,876,830,282,1528,965,3956,1917,23730,2435,4108,4475,1948,1373,6398,1810,1474,4143,4894,617,6643,9680,49998,1,3,77,7,0,0,0,0,0,0,4,129,148,369,133,0,1,28,0,9,3,1,178,2,0,7,9,371,14,71,43,135,42,112,91,31,0,66,87,252,520,1464,0,0,0,0,0,0,0,0,0,0,0,0,0,0,41.461381,20.371926,16.916292,7.642013,23.763856,20.214409,19.594648,9.989991,31.86219,15.47363,13.585426,14.41314,15.455138,17.111656,13.545062,9.15117,4.261026,1.880392,9.154316,4.880993,7.009052,1.010438,2.070244,3.41134,2.289207,6.789446,9.055604,5.656675,9.558099,0.812837,0.815482,11.395423,0.012455,3.296001,2.286501,1.139126,0.35534,4.357739,1.878708,3.86958,5.669982,3.774727,11.786553,7.558488,2.088209,0.924219,1.120937,4.767399,5.974026,1.177256,5.603049,5.687,1.378318,4.244847,4.521561,4.081767,4.790419,0.191962,0.324032,0.543224,1.046207,0.791608,0.484061,0.066727,0.334741,2.770369,0.52436,1.059408,0.184469,0.746367,34.101417,8.14937,14.493249,20.723644,30.676298,20.342202,31.223928,10.781183,28.581728,29.282457,16.398993,17.169909,20.539813,19.610021,1.387099,1.436713,2.135014,2.197478,0.834475,0.701088,0.783156,0.419427,6.849315,0.585047,0.431474,4.341551,1.750371,1.989816,0.523005,0.014997,0.113411,0.004916,0,0.049697,0.011806,0.0,0.0103,0.012905,0.008989,0.063507,0.033288,0.055664,13.863412,9.841032,5.612961,1.098739,2.877071,7.933831,3.447462,3.95596,1.452261,6.573174,2.891472,5.709832,2.658844,5.038773,18.456757,12.321536,8.055806,4.788241,17.100511,11.355851,7.12318,7.025404,21.335874,21.053084,1.848745,9.588072,13.425984,10.616459,0.00758,0.008998,0.138614,0.017206,0,0.0,0.0,0,0,0,0.011985,0.18619,0.205273,0.116212,1.00811,0,0.0018,0.068825,0,0.015974,0.011806,0.004766,0.916675,0.008604,0.0,0.010103,0.012483,0.093638,0.106117,0.212957,0.077408,0.331834,0.523104,0.19879,0.358127,0.147753,0,0.28392,0.260682,0.36372,0.721231,0.324231,0,0,0,0,0,0,0,0,0,0,0,0,0,0
5,5457,6733,9319,3151,1884,11277,4942,2066,6292,3613,4435,9929,10797,79895,1780,2968,2393,726,727,2781,1825,238,391,815,762,4574,6354,26334,1199,272,454,4611,0,1887,540,238,70,1050,622,2726,4029,17698,1590,2581,1170,360,98,2699,1562,239,1122,1353,468,2987,3272,19501,639,74,173,226,86,455,128,12,59,660,154,700,130,3496,4269,2707,7522,8172,2229,10838,7593,2024,5402,6618,5147,11346,13500,87367,171,454,1138,865,67,389,218,94,1367,136,115,3023,1261,9298,73,6,55,0,0,23,3,1,2,1,2,38,24,228,1676,3061,2759,577,211,4135,925,846,276,1558,918,3594,1829,22365,2470,4116,4413,1751,1379,6415,1849,1545,4184,4940,532,6812,9774,50180,1,4,88,3,0,2,0,0,0,0,7,125,170,400,124,0,1,22,0,15,3,1,202,1,2,6,9,386,13,69,45,139,40,109,108,32,0,69,100,277,526,1527,0,0,0,0,0,0,0,0,0,0,0,0,0,0,41.362844,20.194961,16.775878,7.74525,23.46494,20.015619,19.449036,9.847004,32.402925,15.542459,13.288788,14.33087,14.975242,16.964718,13.492003,8.90222,4.307831,1.784529,9.054677,4.936015,7.182212,1.13436,2.013596,3.50598,2.283214,6.601813,8.812882,5.5917,9.088153,0.815837,0.817282,11.333972,0.0,3.349248,2.125148,1.13436,0.36049,4.516906,1.863726,3.93453,5.58815,3.823131,12.051846,7.741452,2.106211,0.88489,1.220575,4.790472,6.147186,1.139126,5.778144,5.820356,1.402289,4.311241,4.538204,4.140797,4.843478,0.221956,0.311431,0.555515,1.071117,0.807582,0.503739,0.057195,0.303842,2.839198,0.461437,1.010334,0.180308,0.742332,32.358069,8.119376,13.540954,20.087014,27.761863,19.236435,29.881936,9.646823,27.819549,28.469414,15.422185,16.376075,18.724254,18.551305,1.296142,1.361728,2.048605,2.126195,0.834475,0.690439,0.85793,0.448024,7.03986,0.585047,0.34458,4.363201,1.748984,1.974316,0.553324,0.017996,0.09901,0.0,0,0.040823,0.011806,0.004766,0.0103,0.004302,0.005993,0.054847,0.033288,0.053998,12.703707,9.181164,4.966697,1.418283,2.627974,7.339238,3.640299,4.03222,1.421362,6.702228,2.750644,5.187345,2.53679,4.748932,18.72205,12.345531,7.944194,4.304009,17.17524,11.386024,7.276663,7.363805,21.547018,21.250968,1.594055,9.831996,13.55636,10.655104,0.00758,0.011998,0.158416,0.007374,0,0.00355,0.0,0,0,0,0.020974,0.180417,0.235787,0.106991,0.939892,0,0.0018,0.054077,0,0.026624,0.011806,0.004766,1.040272,0.004302,0.005993,0.00866,0.012483,0.089855,0.098537,0.206959,0.081008,0.341666,0.498194,0.193465,0.42503,0.152519,0,0.296825,0.299634,0.399804,0.729552,0.338184,0,0,0,0,0,0,0,0,0,0,0,0,0,0
6,5405,6791,8965,3109,1858,11201,4993,2043,6423,3669,4356,9900,10537,79250,1790,2965,2360,752,723,2772,1832,244,397,800,762,4600,6174,26171,1180,283,435,4306,0,1846,525,253,72,1063,610,2733,3815,17121,1603,2651,1239,370,96,2794,1623,253,1143,1384,465,2995,3337,19953,660,67,163,221,88,462,122,10,55,666,151,680,125,3470,4111,2682,7203,7456,2103,10531,7405,1846,5421,6358,4932,11065,12534,83647,187,490,1097,739,65,328,223,79,1410,139,130,3113,1311,9311,67,4,49,1,0,18,1,2,2,1,3,40,23,211,1563,2990,2492,721,215,4083,969,826,354,1575,908,3395,1752,21843,2543,4173,4385,1674,1394,6528,1870,1445,4133,4915,545,6884,9877,50366,1,3,100,3,0,1,0,0,0,0,4,146,169,427,132,0,1,29,0,9,7,0,229,1,0,4,13,425,15,79,46,141,45,112,110,31,0,77,105,290,561,1612,0,0,0,0,0,0,0,0,0,0,0,0,0,0,40.968696,20.368926,16.138614,7.642013,23.141113,19.880726,19.649744,9.737381,33.077557,15.783361,13.052076,14.289013,14.614627,16.82776,13.567801,8.893221,4.248425,1.848438,9.004857,4.92004,7.20976,1.162957,2.044495,3.441452,2.283214,6.63934,8.563226,5.557089,8.944137,0.84883,0.783078,10.584274,0.0,3.276477,2.066116,1.205853,0.37079,4.57283,1.82777,3.944634,5.291336,3.698487,12.150383,7.95141,2.230423,0.909471,1.195666,4.959088,6.387249,1.205853,5.886291,5.953712,1.3933,4.322787,4.628358,4.236773,5.002653,0.20096,0.293429,0.543224,1.096027,0.820007,0.480126,0.047662,0.283242,2.865009,0.452448,0.981468,0.173373,0.736812,31.160464,8.044391,12.966697,18.327065,26.192552,18.691539,29.14207,8.798437,27.917396,27.350942,14.777971,15.970498,17.38443,17.761409,1.417418,1.469706,1.974797,1.816484,0.809565,0.582169,0.877607,0.376531,7.261304,0.597952,0.389525,4.493101,1.818333,1.977076,0.507845,0.011998,0.088209,0.002458,0,0.031948,0.003935,0.009532,0.0103,0.004302,0.008989,0.057733,0.031901,0.04558,11.847192,8.968206,4.486049,1.772239,2.677793,7.246943,3.813459,3.936895,1.823051,6.775359,2.720681,4.900121,2.429992,4.638092,19.275373,12.516497,7.893789,4.114741,17.362063,11.586589,7.359307,6.887184,21.284375,21.143423,1.633008,9.935916,13.699219,10.694599,0.00758,0.008998,0.180018,0.007374,0,0.001775,0.0,0,0,0,0.011985,0.210727,0.2344,0.114213,1.000531,0,0.0018,0.071283,0,0.015974,0.027548,0.0,1.179318,0.004302,0.0,0.005773,0.018031,0.113266,0.113697,0.236953,0.082808,0.346582,0.560468,0.19879,0.4329,0.147753,0,0.33124,0.314616,0.418567,0.778097,0.357008,0,0,0,0,0,0,0,0,0,0,0,0,0,0
7,5322,6636,8819,3082,1786,11048,4962,1975,6622,3663,4307,9898,10390,78510,1799,2925,2324,667,731,2753,1834,215,407,807,787,4394,5877,25520,1172,251,425,3927,0,1786,501,231,77,1046,655,2615,3678,16364,1641,2687,1265,314,97,2834,1661,235,1195,1394,511,3081,3343,20258,680,77,151,197,89,445,121,11,62,671,180,671,121,3476,3962,2726,6842,6892,2005,10227,7240,1683,5427,6285,5129,10753,12039,81210,198,495,1047,683,65,367,236,88,1432,139,152,3152,1343,9397,56,7,60,3,0,26,4,2,2,1,4,38,18,221,1447,2963,2346,836,199,3964,1000,799,416,1595,968,3327,1645,21505,2524,4233,4286,1632,1393,6524,1876,1397,4152,4873,567,6994,9814,50265,1,5,98,4,0,3,0,0,0,0,9,156,169,445,116,0,0,35,0,12,5,0,241,2,1,7,9,428,19,87,38,166,40,121,112,35,0,82,114,284,554,1652,0,0,0,0,0,0,0,0,0,0,0,0,0,0,40.339574,19.904019,15.875788,7.575646,22.244364,19.609166,19.527745,9.413279,34.102379,15.75755,12.905256,14.286127,14.410741,16.67063,13.636019,8.773245,4.183618,1.639505,9.104496,4.886317,7.217631,1.024737,2.095993,3.471565,2.358123,6.342013,8.151292,5.418857,8.883499,0.752849,0.765077,9.65268,0.0,3.169983,1.971665,1.100996,0.396539,4.499699,1.962606,3.77432,5.101319,3.53496,12.438414,8.059388,2.277228,0.771821,1.208121,5.030085,6.536797,1.120061,6.154084,5.996731,1.531132,4.446914,4.63668,4.301536,5.154248,0.230954,0.271827,0.484232,1.108482,0.789833,0.47619,0.052428,0.319291,2.886518,0.539342,0.968478,0.167825,0.738086,30.031077,8.176365,12.316832,16.940737,24.971977,18.151967,28.492719,8.021543,27.948295,27.03691,15.368251,15.520178,16.697874,17.243942,1.500796,1.484703,1.884788,1.678834,0.809565,0.651391,0.928768,0.419427,7.374601,0.597952,0.455444,4.549391,1.862717,1.995337,0.424468,0.020996,0.108011,0.007374,0,0.046148,0.015742,0.009532,0.0103,0.004302,0.011985,0.054847,0.024966,0.047741,10.967938,8.887223,4.223222,2.054912,2.478515,7.035729,3.935458,3.808207,2.142342,6.861396,2.900461,4.801974,2.281585,4.566322,19.131358,12.696461,7.715572,4.011504,17.349608,11.579489,7.38292,6.658405,21.382223,20.962746,1.698927,10.094683,13.611839,10.673153,0.00758,0.014997,0.176418,0.009832,0,0.005325,0.0,0,0,0,0.026967,0.22516,0.2344,0.119027,0.879254,0,0.0,0.086031,0,0.021299,0.019677,0.0,1.241116,0.008604,0.002996,0.010103,0.012483,0.12123,0.144016,0.260948,0.068407,0.408033,0.498194,0.214764,0.440771,0.166818,0,0.352749,0.341583,0.409907,0.768388,0.365867,0,0,0,0,0,0,0,0,0,0,0,0,0,0
8,5248,6669,8595,3093,1769,10761,4886,1969,6712,3723,4299,9766,10014,77504,1775,2921,2209,615,714,2693,1827,224,421,797,823,4311,5666,24996,1124,265,427,3559,0,1730,476,222,82,1054,650,2594,3480,15663,1651,2765,1246,343,102,2753,1682,272,1255,1417,520,3113,3404,20523,692,67,156,192,88,401,121,12,60,686,202,666,111,3454,3854,2621,6634,6181,1937,9864,7001,1614,5394,6133,5037,10496,11634,78400,196,458,1020,639,72,383,242,85,1450,138,163,3200,1335,9381,60,8,56,2,0,24,4,1,2,1,4,40,28,230,1320,2931,2378,806,211,3800,995,730,485,1631,978,3222,1642,21129,2574,4281,4253,1581,1421,6491,1887,1432,4149,4816,618,7120,9817,50440,1,5,114,6,0,1,0,0,0,0,4,170,162,463,137,0,1,28,0,9,3,3,253,1,2,9,10,456,17,86,44,147,44,121,115,31,0,81,114,297,586,1683,0,0,0,0,0,0,0,0,0,0,0,0,0,0,39.778671,20.002999,15.472547,7.602684,22.032632,19.099767,19.22865,9.384681,34.565867,16.015659,12.881285,14.095606,13.889236,16.457019,13.454104,8.761248,3.976598,1.511688,8.892764,4.779823,7.190083,1.067633,2.168091,3.428547,2.465991,6.222216,7.858639,5.307592,8.51967,0.794841,0.768677,8.748126,0.0,3.070588,1.873278,1.0581,0.422289,4.534113,1.947624,3.74401,4.826697,3.383529,12.514212,8.293341,2.243024,0.843104,1.270395,4.886317,6.619441,1.296411,6.463075,6.095672,1.558099,4.493101,4.721286,4.357806,5.245206,0.20096,0.280828,0.471942,1.096027,0.711737,0.47619,0.057195,0.308992,2.951045,0.605262,0.961261,0.153955,0.733414,29.212461,7.861428,11.942394,15.193078,24.125047,17.507676,27.552145,7.692674,27.77835,26.383034,15.092587,15.149241,16.136146,16.647273,1.485636,1.373725,1.836184,1.570681,0.896749,0.679789,0.952381,0.405128,7.467298,0.593651,0.488404,4.618671,1.851621,1.99194,0.454787,0.023995,0.10081,0.004916,0,0.042598,0.015742,0.004766,0.0103,0.004302,0.011985,0.057733,0.038835,0.049685,10.005306,8.791242,4.280828,1.981171,2.627974,6.744644,3.915781,3.479338,2.497683,7.016261,2.930425,4.650424,2.277424,4.486483,19.510346,12.840432,7.656166,3.886144,17.698344,11.520917,7.42621,6.825223,21.366773,20.717543,1.851741,10.276543,13.616,10.710312,0.00758,0.014997,0.205221,0.014748,0,0.001775,0.0,0,0,0,0.011985,0.245367,0.224691,0.123842,1.038429,0,0.0018,0.068825,0,0.015974,0.011806,0.014299,1.302915,0.004302,0.005993,0.01299,0.01387,0.10615,0.128856,0.257948,0.079208,0.36133,0.548013,0.214764,0.452578,0.147753,0,0.348447,0.341583,0.42867,0.812771,0.372733,0,0,0,0,0,0,0,0,0,0,0,0,0,0
9,5167,6657,8296,2901,1725,10619,4792,1908,6778,3670,4083,9573,9841,76010,1754,2895,2075,569,693,2642,1816,211,432,781,755,4178,5300,24101,1131,252,415,3223,0,1707,452,247,85,1038,607,2433,3389,14979,1663,2762,1212,302,102,2808,1752,287,1306,1412,482,3080,3398,20566,699,64,158,185,85,414,118,12,62,690,162,631,115,3395,3722,2597,6495,5707,1876,9673,6802,1518,5282,5935,4827,10155,11213,75802,184,485,1050,620,71,387,250,81,1463,135,145,3216,1354,9441,55,9,53,1,0,27,5,2,2,1,6,43,14,218,1218,2856,2341,795,199,3683,984,748,511,1632,957,3117,1636,20677,2564,4247,4227,1488,1402,6408,1884,1399,4091,4687,544,7108,9817,49866,1,4,111,5,0,3,0,0,0,0,5,168,171,468,125,0,1,30,0,14,8,1,260,1,0,9,11,460,22,87,48,154,51,122,123,33,0,87,112,306,590,1735,0,0,0,0,0,0,0,0,0,0,0,0,0,0,39.164709,19.967007,14.934293,7.130743,21.484618,18.847731,18.858717,9.093942,34.905758,15.787662,12.234074,13.817043,13.649288,16.139786,13.294929,8.683263,3.735374,1.398619,8.631212,4.689303,7.146793,1.005672,2.22474,3.359718,2.26224,6.030252,7.351003,5.11755,8.572728,0.755849,0.747075,7.922228,0.0,3.029765,1.778827,1.177256,0.437738,4.465284,1.818781,3.511633,4.700481,3.235771,12.605169,8.284343,2.181818,0.742325,1.270395,4.983937,6.894923,1.367904,6.725718,6.074163,1.444238,4.445471,4.712964,4.366936,5.298264,0.191962,0.284428,0.454735,1.058662,0.734811,0.464384,0.057195,0.319291,2.968253,0.485408,0.910744,0.159503,0.720886,28.211931,7.789442,11.692169,14.027972,23.365301,17.168669,26.768989,7.235117,27.201566,25.531274,14.463355,14.657064,15.552227,16.09562,1.394679,1.454709,1.890189,1.523978,0.884294,0.686889,0.983865,0.386064,7.534247,0.580745,0.43447,4.641764,1.877973,2.00468,0.416888,0.026995,0.09541,0.002458,0,0.047922,0.019677,0.009532,0.0103,0.004302,0.017978,0.062063,0.019418,0.047092,9.232169,8.566287,4.214221,1.954133,2.478515,6.53698,3.872491,3.56513,2.631579,7.020563,2.867502,4.498874,2.269102,4.390506,19.434549,12.738452,7.609361,3.657547,17.461701,11.3736,7.414404,6.667938,21.068081,20.162609,1.630011,10.259223,13.616,10.58843,0.00758,0.011998,0.19982,0.01229,0,0.005325,0.0,0,0,0,0.014982,0.24248,0.237174,0.125179,0.947472,0,0.0018,0.073741,0,0.024849,0.031484,0.004766,1.338964,0.004302,0.0,0.01299,0.015257,0.116102,0.166755,0.260948,0.086409,0.378536,0.635197,0.216539,0.484061,0.157285,0,0.374258,0.335591,0.44166,0.818319,0.384249,0,0,0,0,0,0,0,0,0,0,0,0,0,0
10,5120,6553,8288,2877,1696,10504,4671,1927,6770,3642,4037,9549,9630,75264,1739,2938,1999,535,683,2628,1804,179,429,753,755,4119,5131,23692,1109,251,397,2971,0,1668,425,227,89,1002,588,2512,3279,14518,1686,2787,1256,258,97,2805,1798,294,1312,1396,484,3111,3429,20713,711,64,167,183,82,403,105,8,60,681,167,637,119,3387,3588,2546,6224,5148,1794,9363,6597,1473,5126,5778,4852,10022,10964,73475,192,452,981,594,71,352,256,86,1480,138,144,3219,1331,9296,74,8,57,1,0,24,5,2,2,2,2,43,17,237,1151,2839,2280,775,200,3639,966,682,504,1588,1027,3133,1620,20404,2534,4254,4152,1441,1372,6406,1832,1448,3997,4605,534,7091,9679,49345,1,6,120,5,0,1,0,0,0,0,8,172,169,482,116,0,0,36,0,11,6,0,267,1,0,7,12,456,18,104,52,156,52,122,118,39,0,89,115,322,604,1791,0,0,0,0,0,0,0,0,0,0,0,0,0,0,38.808459,19.655069,14.919892,7.07175,21.123428,18.643617,18.382527,9.1845,34.864559,15.667212,12.096243,13.782403,13.356635,15.981382,13.181232,8.812238,3.59856,1.315046,8.506663,4.664454,7.099567,0.853153,2.20929,3.239267,2.26224,5.945096,7.116604,5.030704,8.405973,0.752849,0.714671,7.302805,0.0,2.960544,1.67257,1.081931,0.458338,4.310419,1.761851,3.625657,4.547913,3.136186,12.779504,8.359328,2.261026,0.634172,1.208121,4.978612,7.075954,1.401268,6.756618,6.005334,1.450231,4.490214,4.755961,4.39815,5.389222,0.191962,0.30063,0.449819,1.021298,0.715287,0.413223,0.03813,0.308992,2.929536,0.50039,0.919404,0.165051,0.719188,27.19624,7.636473,11.20432,12.653934,22.344003,16.618448,25.96222,7.020638,26.398187,24.855889,14.538263,14.4651,15.206868,15.60151,1.455317,1.355729,1.765977,1.460069,0.884294,0.624767,1.007477,0.409895,7.621794,0.593651,0.431474,4.646094,1.846073,1.973891,0.560904,0.023995,0.10261,0.002458,0,0.042598,0.019677,0.009532,0.0103,0.008604,0.005993,0.062063,0.023579,0.051197,8.724324,8.515297,4.10441,1.904973,2.49097,6.458884,3.801653,3.25056,2.59553,6.831283,3.077246,4.521968,2.24691,4.332538,19.207155,12.759448,7.474347,3.54202,17.088056,11.37005,7.20976,6.901482,20.583994,19.80986,1.600048,10.234686,13.424597,10.477802,0.00758,0.017996,0.216022,0.01229,0,0.001775,0.0,0,0,0,0.023971,0.248254,0.2344,0.128924,0.879254,0,0.0,0.088489,0,0.019524,0.023613,0.0,1.375013,0.004302,0.0,0.010103,0.016644,0.142645,0.136436,0.311938,0.093609,0.383453,0.647652,0.216539,0.464384,0.185882,0,0.382862,0.34458,0.464754,0.837737,0.396651,0,0,0,0,0,0,0,0,0,0,0,0,0,0
11,5085,6544,7963,2805,1666,10184,4625,1845,6697,3624,3903,9357,9362,73660,1704,2864,1927,513,665,2572,1766,215,428,749,718,4016,4902,23039,1110,241,372,2828,0,1618,416,227,92,990,613,2360,3225,14092,1682,2799,1233,293,98,2782,1809,247,1336,1405,483,3079,3431,20677,724,66,152,183,85,382,108,10,62,684,159,620,116,3351,3437,2507,6014,4858,1768,9139,6395,1421,4903,5574,4629,9772,10598,71015,191,468,964,551,65,351,236,82,1490,129,155,3134,1378,9194,55,6,62,2,0,24,8,1,1,1,2,52,17,231,1107,2817,2217,742,216,3650,1004,751,453,1610,1051,3093,1607,20318,2515,4121,4100,1389,1369,6245,1779,1353,3985,4483,538,7223,9618,48718,1,6,136,2,0,1,0,0,0,0,5,174,165,490,118,0,0,33,0,12,6,1,273,1,1,9,9,463,24,96,52,170,48,120,126,28,0,85,124,315,610,1798,0,0,0,0,0,0,0,0,0,0,0,0,0,0,38.543167,19.628074,14.334833,6.894772,20.749782,18.075647,18.201495,8.79367,34.488619,15.589779,11.694732,13.505283,12.984924,15.640793,12.91594,8.590282,3.468947,1.260969,8.282476,4.565059,6.95002,1.024737,2.20414,3.22206,2.151375,5.796432,6.798985,4.892048,8.413553,0.722855,0.669667,6.951306,0.0,2.871799,1.637151,1.081931,0.473787,4.258797,1.836759,3.40627,4.473016,3.044161,12.749185,8.395321,2.219622,0.720203,1.220575,4.93779,7.119244,1.177256,6.880214,6.044051,1.447234,4.444027,4.758735,4.390506,5.487759,0.19796,0.273627,0.449819,1.058662,0.678014,0.42503,0.047662,0.319291,2.942442,0.476419,0.894868,0.16089,0.711544,26.051694,7.519496,10.826283,11.941106,22.020177,16.220869,25.167257,6.772794,25.249768,23.978319,13.870079,14.104266,14.699233,15.079159,1.447737,1.403719,1.735374,1.354374,0.809565,0.622992,0.928768,0.39083,7.673293,0.554934,0.464433,4.523411,1.911261,1.952233,0.416888,0.017996,0.111611,0.004916,0,0.042598,0.031484,0.004766,0.00515,0.004302,0.005993,0.075053,0.023579,0.049901,8.390813,8.44931,3.990999,1.823858,2.690248,6.478408,3.9512,3.579429,2.332887,6.925923,3.149158,4.464234,2.22888,4.314277,19.06314,12.360528,7.380738,3.414202,17.050691,11.08429,7.001181,6.448692,20.522196,19.285038,1.612033,10.425206,13.339991,10.344667,0.00758,0.017996,0.244824,0.004916,0,0.001775,0.0,0,0,0,0.014982,0.25114,0.228852,0.131064,0.894414,0,0.0,0.081115,0,0.021299,0.023613,0.004766,1.405912,0.004302,0.002996,0.01299,0.012483,0.123787,0.181915,0.287942,0.093609,0.417865,0.597833,0.212989,0.495868,0.133454,0,0.365654,0.371547,0.45465,0.846059,0.398202,0,0,0,0,0,0,0,0,0,0,0,0,0,0
12,5014,6394,7870,2794,1623,9986,4490,1843,6621,3592,3948,9178,9091,72444,1665,2800,1823,485,646,2489,1742,202,420,736,726,3889,4737,22360,1090,237,391,2581,0,1559,394,218,92,978,567,2260,3180,13547,1696,2762,1225,253,92,2695,1780,279,1354,1383,444,2982,3415,20360,740,70,145,183,88,383,115,13,61,659,160,607,103,3327,3350,2399,5773,4688,1739,8768,6186,1394,4659,5308,4522,9481,10120,68387,192,467,888,522,68,351,252,90,1487,129,145,3159,1348,9098,57,8,50,2,0,26,5,2,1,2,1,40,17,211,1056,2796,2220,736,198,3618,1011,698,443,1602,1053,3046,1587,20064,2494,4072,3870,1411,1327,6234,1721,1377,3922,4328,521,7099,9350,47726,1,3,126,6,0,2,0,0,0,0,4,190,185,517,125,0,1,33,0,11,5,0,285,1,0,7,9,477,19,95,55,146,43,124,121,30,0,84,110,336,603,1766,0,0,0,0,0,0,0,0,0,0,0,0,0,0,38.005003,19.178164,14.167417,6.867733,20.214223,17.724215,17.670209,8.784138,34.097229,15.452121,11.829568,13.246926,12.609051,15.38259,12.620329,8.39832,3.281728,1.192144,8.045834,4.417742,6.855569,0.962776,2.162942,3.166136,2.175346,5.613129,6.570133,4.74787,8.261957,0.710858,0.70387,6.344173,0.0,2.767079,1.550571,1.039035,0.473787,4.207175,1.698927,3.261936,4.410602,2.92643,12.855302,8.284343,2.205221,0.621881,1.145846,4.783373,7.005116,1.329775,6.972912,5.949411,1.330377,4.304024,4.736543,4.323195,5.609035,0.209958,0.261026,0.449819,1.096027,0.679789,0.452578,0.061961,0.314142,2.834896,0.479415,0.876104,0.142859,0.706447,25.392253,7.195561,10.392439,11.523241,21.658986,15.562379,24.344746,6.644107,23.993202,22.834036,13.54947,13.684256,14.036256,14.521136,1.455317,1.40072,1.59856,1.283091,0.84693,0.622992,0.991736,0.42896,7.657843,0.554934,0.43447,4.559494,1.869651,1.931848,0.432047,0.023995,0.090009,0.004916,0,0.046148,0.019677,0.009532,0.00515,0.008604,0.002996,0.057733,0.023579,0.04558,8.004245,8.386323,3.9964,1.809109,2.466061,6.421611,3.978749,3.32682,2.281388,6.891508,3.155151,4.396397,2.20114,4.260343,18.903964,12.213557,6.966697,3.468279,16.527587,11.064766,6.772924,6.563081,20.197755,18.618257,1.561095,10.246233,12.96828,10.134028,0.00758,0.008998,0.226823,0.014748,0,0.00355,0.0,0,0,0,0.011985,0.274234,0.256592,0.138286,0.947472,0,0.0018,0.081115,0,0.019524,0.019677,0.0,1.46771,0.004302,0.0,0.010103,0.012483,0.127124,0.144016,0.284943,0.09901,0.358872,0.535559,0.220088,0.47619,0.142987,0,0.361352,0.329598,0.48496,0.83635,0.391115,0,0,0,0,0,0,0,0,0,0,0,0,0,0
13,4923,6268,7713,2751,1609,9821,4377,1761,6555,3537,3898,9025,8840,71078,1633,2790,1746,449,642,2505,1691,189,413,703,674,3761,4545,21741,1034,232,378,2615,0,1582,383,214,95,960,535,2126,3100,13254,1672,2723,1223,278,94,2745,1756,237,1353,1440,453,2977,3370,20321,736,77,147,142,88,395,95,9,62,655,134,622,105,3267,3231,2355,5627,4268,1616,8547,5928,1324,4480,5099,4235,9209,9802,65721,191,457,885,508,67,344,247,74,1485,117,147,3075,1324,8921,51,9,47,2,0,18,7,2,1,2,1,50,22,212,1014,2732,2159,654,216,3524,999,717,425,1639,1035,3036,1633,19783,2445,4021,3930,1346,1288,6101,1664,1373,3882,4212,560,7079,9250,47151,1,1,130,5,0,1,0,0,0,0,4,194,171,507,134,0,1,29,0,15,5,1,288,1,1,7,10,492,21,104,54,152,41,119,114,36,0,87,110,353,582,1773,0,0,0,0,0,0,0,0,0,0,0,0,0,0,37.315243,18.80024,13.884788,6.762038,20.039856,17.431355,17.225502,8.393308,33.757339,15.215521,11.679751,13.026095,12.260919,15.092537,12.377776,8.368326,3.143114,1.103655,7.996014,4.44614,6.65486,0.900815,2.126893,3.024176,2.019536,5.428382,6.303832,4.616433,7.83749,0.695861,0.680468,6.427746,0.0,2.807902,1.507281,1.01997,0.489237,4.129743,1.603044,3.06853,4.299644,2.863136,12.673387,8.167367,2.20162,0.683332,1.170756,4.872118,6.910665,1.129593,6.967762,6.194614,1.357344,4.296807,4.674129,4.314914,5.578716,0.230954,0.264626,0.34904,1.096027,0.701088,0.373869,0.042896,0.319291,2.817689,0.40151,0.897754,0.145633,0.693707,24.49026,7.063587,10.129613,10.490868,20.127039,15.170125,23.329398,6.310471,23.071377,21.934957,12.689519,13.291669,13.595195,13.955044,1.447737,1.370726,1.593159,1.248679,0.834475,0.610568,0.972058,0.3527,7.647544,0.503312,0.440463,4.438254,1.836364,1.894264,0.386569,0.026995,0.084608,0.004916,0,0.031948,0.027548,0.009532,0.00515,0.008604,0.002996,0.072167,0.030514,0.045796,7.685894,8.194361,3.886589,1.607551,2.690248,6.25477,3.931523,3.417378,2.188691,7.050675,3.101217,4.381964,2.264941,4.200676,18.532555,12.060588,7.074707,3.308507,16.041848,10.828704,6.548603,6.544016,19.99176,18.119246,1.677953,10.217366,12.829582,10.011933,0.00758,0.002999,0.234023,0.01229,0,0.001775,0.0,0,0,0,0.011985,0.280007,0.237174,0.135611,1.01569,0,0.0018,0.071283,0,0.026624,0.019677,0.004766,1.48316,0.004302,0.002996,0.010103,0.01387,0.114531,0.159175,0.311938,0.09721,0.37362,0.510649,0.211214,0.448642,0.171584,0,0.374258,0.329598,0.509497,0.807223,0.392665,0,0,0,0,0,0,0,0,0,0,0,0,0,0
14,4812,6167,7475,2683,1537,9542,4295,1828,6519,3437,3795,8955,8620,69665,1591,2657,1728,435,635,2489,1661,200,412,705,708,3679,4310,21210,1012,224,364,2526,2,1514,376,206,93,929,535,2165,3006,12952,1639,2701,1188,280,92,2659,1734,265,1349,1390,414,2941,3336,19988,743,66,166,156,86,405,97,10,58,653,122,605,98,3265,3073,2280,5318,4010,1552,8103,5709,1272,4301,4908,4066,8946,9417,62955,196,457,911,526,68,343,245,66,1480,117,154,3140,1356,9059,48,8,41,2,0,17,9,1,1,3,4,47,14,195,955,2697,2069,650,220,3496,1019,688,409,1610,1092,3017,1620,19542,2427,3943,3834,1334,1247,5976,1612,1273,3809,4116,540,7026,9045,46182,1,3,134,7,0,1,0,0,0,0,1,203,183,533,124,0,0,29,0,13,4,1,294,1,0,7,12,485,18,96,45,162,43,116,118,27,0,74,118,336,609,1762,0,0,0,0,0,0,0,0,0,0,0,0,0,0,36.473888,18.497301,13.456346,6.594892,19.143106,16.936157,16.902794,8.712645,33.571944,14.785339,11.371127,12.925062,11.955783,14.792504,12.059425,7.969406,3.110711,1.069243,7.90883,4.417742,6.536797,0.953243,2.121743,3.03278,2.121412,5.310028,5.977892,4.503682,7.670734,0.671866,0.655266,6.208982,0.02491,2.687208,1.479732,0.981841,0.478937,3.996386,1.603044,3.12482,4.169267,2.750197,12.423255,8.10138,2.138614,0.688248,1.145846,4.719476,6.824085,1.263048,6.947162,5.979523,1.240487,4.244847,4.626971,4.244205,5.631774,0.19796,0.29883,0.383453,1.071117,0.718837,0.381739,0.047662,0.298692,2.809085,0.365554,0.873217,0.135924,0.693282,23.292655,6.838632,9.573357,9.856697,19.329929,14.382066,22.467532,6.062628,22.149552,21.11331,12.183137,12.912072,13.061208,13.367718,1.485636,1.370726,1.639964,1.292923,0.84693,0.608793,0.964187,0.31457,7.621794,0.503312,0.461437,4.532071,1.880747,1.923567,0.363829,0.023995,0.073807,0.004916,0,0.030173,0.035419,0.004766,0.00515,0.012905,0.011985,0.067837,0.019418,0.042124,7.238687,8.089382,3.724572,1.597719,2.740067,6.205073,4.010232,3.279157,2.106293,6.925923,3.272008,4.354541,2.24691,4.149503,18.396119,11.826635,6.90189,3.279011,15.531199,10.60684,6.343959,6.067394,19.61582,17.706272,1.618026,10.140869,12.54525,9.806178,0.00758,0.008998,0.241224,0.017206,0,0.001775,0.0,0,0,0,0.002996,0.292997,0.253818,0.142565,0.939892,0,0.0,0.071283,0,0.023074,0.015742,0.004766,1.514059,0.004302,0.0,0.010103,0.016644,0.142373,0.136436,0.287942,0.081008,0.398201,0.535559,0.205889,0.464384,0.128688,0,0.318334,0.353569,0.48496,0.844672,0.390229,0,0,0,0,0,0,0,0,0,0,0,0,0,0
15,4756,6120,7435,2689,1538,9398,4193,1810,6433,3430,3651,8700,8466,68619,1574,2635,1644,414,618,2394,1610,172,395,689,675,3674,4148,20642,988,221,325,2304,1,1461,357,204,91,911,510,2100,2883,12356,1661,2692,1186,256,94,2629,1745,241,1360,1373,453,2950,3324,19964,749,72,149,163,92,380,107,4,57,655,142,594,109,3273,3008,2203,5184,3884,1541,7957,5461,1261,4149,4696,3796,8638,9008,60786,198,452,856,509,72,325,243,81,1484,115,141,3076,1330,8882,54,8,49,2,0,26,10,2,1,1,2,48,23,226,922,2650,2128,619,223,3485,1043,670,389,1604,1057,3020,1610,19420,2419,3877,3747,1295,1241,5750,1541,1265,3754,4010,531,6979,8779,45188,1,1,135,4,0,1,0,0,0,0,3,198,181,524,125,0,0,38,0,7,6,1,307,1,0,8,12,505,21,96,44,161,41,134,115,25,0,88,116,331,598,1770,0,0,0,0,0,0,0,0,0,0,0,0,0,0,36.04942,18.356329,13.384338,6.60964,19.155561,16.68057,16.501377,8.626853,33.129056,14.755227,10.939654,12.557012,11.742188,14.570398,11.930569,7.903419,2.959496,1.017624,7.697098,4.249126,6.336088,0.819789,2.034195,2.963951,2.022533,5.302812,5.7532,4.383074,7.48882,0.662867,0.585059,5.663299,0.012455,2.593138,1.404959,0.972308,0.468637,3.918954,1.528136,3.031003,3.998668,2.623644,12.59001,8.074385,2.135014,0.629255,1.170756,4.666229,6.867375,1.148658,7.003811,5.906392,1.357344,4.257837,4.610327,4.239109,5.677253,0.215957,0.268227,0.400659,1.145846,0.674464,0.421094,0.019065,0.293542,2.817689,0.425481,0.857341,0.151181,0.694981,22.79997,6.607678,9.332133,9.546985,19.192926,14.12293,21.491539,6.0102,21.366773,20.201325,11.374124,12.467525,12.493932,12.907157,1.500796,1.355729,1.540954,1.251137,0.896749,0.576845,0.956316,0.386064,7.642394,0.494709,0.422485,4.439697,1.844686,1.885983,0.409308,0.023995,0.088209,0.004916,0,0.046148,0.039355,0.009532,0.00515,0.004302,0.005993,0.06928,0.031901,0.048821,6.988555,7.94841,3.830783,1.52152,2.777432,6.185549,4.104683,3.193365,2.003296,6.900112,3.167136,4.358871,2.233041,4.123598,18.335481,11.628674,6.745275,3.183148,15.45647,10.205712,6.064542,6.029265,19.332578,17.25028,1.591059,10.073033,12.176313,9.595115,0.00758,0.002999,0.243024,0.009832,0,0.001775,0.0,0,0,0,0.008989,0.28578,0.251044,0.140158,0.947472,0,0.0,0.093405,0,0.012424,0.023613,0.004766,1.581007,0.004302,0.0,0.011547,0.016644,0.148244,0.159175,0.287942,0.079208,0.395743,0.510649,0.237837,0.452578,0.119155,0,0.37856,0.347576,0.477744,0.829415,0.392001,0,0,0,0,0,0,0,0,0,0,0,0,0,0
16,4659,5933,7223,2611,1515,9163,4122,1808,6218,3376,3575,8521,8127,66851,1514,2523,1556,408,594,2306,1553,199,387,691,684,3449,3963,19827,977,211,329,2322,1,1355,327,208,92,880,468,2044,2767,11981,1655,2617,1172,322,100,2573,1748,271,1352,1359,428,2844,3263,19704,750,75,133,156,91,383,104,10,58,635,132,584,107,3218,2870,2154,4915,3825,1452,7545,5257,1147,4021,4461,3556,8294,8634,58131,196,438,839,454,59,344,248,86,1453,127,150,3056,1299,8749,69,6,42,1,0,30,8,1,1,1,2,59,25,245,842,2579,2093,605,217,3434,1027,676,372,1592,1033,3053,1555,19078,2362,3776,3574,1299,1206,5624,1492,1217,3648,3870,520,6852,8575,44015,1,3,137,6,0,1,0,0,0,0,4,203,170,525,124,0,1,41,0,13,4,0,305,1,0,10,13,512,23,105,47,166,42,112,115,35,0,88,123,340,577,1773,0,0,0,0,0,0,0,0,0,0,0,0,0,0,35.314182,17.795441,13.0027,6.417914,18.8691,16.263467,16.22196,8.61732,32.021835,14.522929,10.711931,12.298655,11.272001,14.194985,11.475783,7.567487,2.80108,1.002876,7.398182,4.092934,6.111767,0.948477,1.992996,2.972554,2.0495,4.978061,5.496609,4.210019,7.405442,0.632873,0.592259,5.707544,0.012455,2.404998,1.286895,0.991373,0.473787,3.785598,1.402289,2.950176,3.837779,2.544018,12.544531,7.84943,2.109811,0.791485,1.245485,4.566834,6.879181,1.291645,6.962612,5.846167,1.282435,4.104844,4.525722,4.183901,5.684833,0.224955,0.239424,0.383453,1.133391,0.679789,0.409288,0.047662,0.298692,2.731653,0.395517,0.842907,0.148407,0.683303,21.75396,6.460708,8.847885,9.401962,18.084444,13.391669,20.688705,5.466851,20.707591,19.190398,10.655001,11.971018,11.975201,12.343401,1.485636,1.313737,1.510351,1.115945,0.734836,0.610568,0.975994,0.409895,7.482748,0.546331,0.449452,4.410831,1.801689,1.857742,0.523005,0.017996,0.075608,0.002458,0,0.053247,0.031484,0.004766,0.00515,0.004302,0.005993,0.085157,0.034675,0.052925,6.382172,7.735453,3.767777,1.487108,2.702703,6.095028,4.041716,3.221963,1.915748,6.84849,3.095224,4.406501,2.156757,4.050978,17.903434,11.325735,6.433843,3.19298,15.020551,9.982073,5.871704,5.800486,18.786693,16.648025,1.558099,9.889729,11.893369,9.346042,0.00758,0.008998,0.246625,0.014748,0,0.001775,0.0,0,0,0,0.011985,0.292997,0.235787,0.140425,0.939892,0,0.0018,0.100779,0,0.023074,0.015742,0.0,1.570708,0.004302,0.0,0.014433,0.018031,0.136452,0.174335,0.314937,0.084608,0.408033,0.523104,0.19879,0.452578,0.166818,0,0.37856,0.36855,0.490734,0.800288,0.392665,0,0,0,0,0,0,0,0,0,0,0,0,0,0
17,4606,5784,7033,2558,1470,8776,4020,1719,6164,3268,3480,8316,7884,65078,1458,2461,1502,396,576,2218,1508,188,375,685,624,3418,3822,19231,951,210,328,2165,0,1293,295,216,97,831,506,1928,2654,11474,1635,2579,1185,346,96,2498,1709,280,1345,1316,449,2885,3201,19524,771,72,115,152,96,379,102,8,58,653,129,585,114,3234,2794,2099,4803,3619,1413,7146,5034,1074,3895,4190,3533,7985,8236,55821,191,437,843,398,67,329,251,76,1442,120,151,2990,1311,8606,59,7,48,1,0,30,9,3,1,1,4,50,18,231,806,2514,2090,610,216,3209,996,670,379,1561,1061,2969,1641,18722,2348,3717,3475,1169,1152,5397,1406,1173,3614,3746,544,6686,8362,42789,1,3,148,3,0,1,0,0,0,0,3,210,169,538,136,0,1,32,0,8,5,2,308,1,1,10,14,518,23,100,47,149,37,125,119,30,0,89,103,338,588,1748,0,0,0,0,0,0,0,0,0,0,0,0,0,0,34.912454,17.34853,12.660666,6.287639,18.308631,15.576578,15.820543,8.193127,31.743743,14.058333,10.427279,12.002771,10.934964,13.818511,11.051315,7.381524,2.70387,0.97338,7.173994,3.936742,5.934671,0.896049,1.931198,2.946744,1.869719,4.933318,5.301044,4.083466,7.208368,0.629874,0.590459,5.321633,0.0,2.294954,1.16096,1.029503,0.499537,3.574809,1.51615,2.782749,3.68105,2.478619,12.392936,7.735453,2.133213,0.850478,1.195666,4.433716,6.725699,1.334541,6.926563,5.661189,1.345359,4.164021,4.439729,4.145681,5.844008,0.215957,0.207021,0.37362,1.195666,0.67269,0.401417,0.03813,0.298692,2.809085,0.386528,0.844351,0.158116,0.6867,21.177897,6.295741,8.646265,8.895608,17.598705,12.683481,19.811098,5.118917,20.058708,18.024606,10.586085,11.525027,11.423182,11.852901,1.447737,1.310738,1.517552,0.978296,0.834475,0.583944,0.9878,0.362232,7.426099,0.516218,0.452448,4.315571,1.818333,1.827378,0.447207,0.020996,0.086409,0.002458,0,0.053247,0.035419,0.014299,0.00515,0.004302,0.011985,0.072167,0.024966,0.049901,6.1093,7.540492,3.762376,1.499398,2.690248,5.695675,3.919717,3.193365,1.951797,6.715134,3.179121,4.285261,2.276037,3.975386,17.797317,11.14877,6.255626,2.873436,14.347989,9.57917,5.533255,5.590773,18.611597,16.1146,1.630011,9.650136,11.597942,9.085716,0.00758,0.008998,0.266427,0.007374,0,0.001775,0.0,0,0,0,0.008989,0.3031,0.2344,0.143903,1.03085,0,0.0018,0.078657,0,0.014199,0.019677,0.009532,1.586157,0.004302,0.002996,0.014433,0.019418,0.120583,0.174335,0.29994,0.084608,0.366246,0.460829,0.221863,0.46832,0.142987,0,0.382862,0.308623,0.487847,0.815545,0.387128,0,0,0,0,0,0,0,0,0,0,0,0,0,0
18,4532,5633,7016,2504,1416,8479,3887,1764,6058,3264,3440,8223,7741,63957,1366,2334,1447,380,570,2193,1438,168,366,649,616,3343,3651,18521,930,191,308,2142,1,1278,297,206,94,823,461,1864,2545,11140,1599,2543,1159,327,91,2437,1672,248,1340,1328,416,2787,3179,19126,785,64,135,145,92,369,94,11,56,655,138,580,107,3231,2709,2012,4593,3525,1374,6808,4835,1006,3790,4059,3316,7782,8006,53815,191,420,808,445,64,343,249,79,1437,119,118,3052,1297,8622,58,5,55,1,0,25,10,4,1,1,3,38,23,224,773,2435,2056,624,234,3117,1009,663,392,1548,1032,2986,1609,18478,2267,3629,3393,1206,1135,5174,1336,1193,3556,3665,528,6567,8161,41810,1,1,139,8,0,1,0,0,0,0,4,201,170,525,134,0,1,32,0,12,5,1,319,1,0,7,12,524,23,97,41,164,41,121,104,29,0,89,108,342,565,1724,0,0,0,0,0,0,0,0,0,0,0,0,0,0,34.35155,16.895621,12.630063,6.154905,17.636069,15.049431,15.297127,8.407607,31.197858,14.041125,10.307425,11.868541,10.736626,13.58048,10.353976,7.0006,2.60486,0.934051,7.099265,3.89237,5.659189,0.800724,1.884849,2.791878,1.845748,4.825068,5.063871,3.932706,7.049193,0.572885,0.554455,5.265098,0.012455,2.26833,1.168831,0.981841,0.484087,3.540394,1.381315,2.690376,3.529869,2.365442,12.120064,7.627475,2.086409,0.803776,1.133391,4.325447,6.580087,1.182022,6.900814,5.712811,1.246479,4.022574,4.409215,4.06117,5.950125,0.191962,0.243024,0.356414,1.145846,0.65494,0.369933,0.052428,0.288392,2.817689,0.413496,0.837134,0.148407,0.686063,20.533616,6.034793,8.268227,8.664553,17.112966,12.083563,19.027942,4.794814,19.517973,17.461069,9.935878,11.23203,11.104176,11.426952,1.447737,1.259748,1.454545,1.093823,0.79711,0.608793,0.979929,0.376531,7.40035,0.511916,0.353569,4.405057,1.798915,1.830775,0.439627,0.014997,0.09901,0.002458,0,0.044373,0.039355,0.019065,0.00515,0.004302,0.008989,0.054847,0.031901,0.048389,5.859168,7.303539,3.70117,1.53381,2.914435,5.532383,3.970878,3.160002,2.018745,6.65921,3.092227,4.309797,2.231654,3.923575,17.183355,10.884823,6.108011,2.964383,14.136256,9.183366,5.257773,5.686097,18.312906,15.766153,1.58207,9.478379,11.319158,8.877838,0.00758,0.002999,0.250225,0.019664,0,0.001775,0.0,0,0,0,0.011985,0.29011,0.235787,0.140425,1.01569,0,0.0018,0.078657,0,0.021299,0.019677,0.004766,1.642806,0.004302,0.0,0.010103,0.016644,0.132255,0.174335,0.290942,0.073807,0.403117,0.510649,0.214764,0.409288,0.13822,0,0.382862,0.323605,0.49362,0.783645,0.381813,0,0,0,0,0,0,0,0,0,0,0,0,0,0
19,4476,5525,6666,2468,1396,8230,3801,1704,5951,3203,3328,8048,7464,62260,1269,2233,1385,386,561,2126,1402,149,359,633,609,3115,3477,17704,910,190,340,2094,1,1286,283,195,91,769,425,1789,2449,10822,1573,2474,1084,315,90,2485,1665,277,1333,1276,421,2786,3101,18880,781,72,133,117,91,362,96,11,60,638,132,580,97,3170,2611,1955,4408,3442,1312,6615,4731,978,3665,3891,3229,7553,7660,52050,194,402,774,447,64,370,252,70,1415,124,125,2941,1280,8458,56,5,44,1,0,23,9,1,1,2,0,45,27,214,747,2462,2075,610,230,3038,975,637,375,1529,1026,2896,1553,18153,2226,3476,3363,1152,1093,5074,1307,1121,3489,3532,528,6484,8074,40919,1,0,136,2,0,0,0,0,0,0,2,212,164,517,150,0,1,27,0,12,4,1,312,1,0,12,12,532,20,100,42,156,41,130,108,30,0,92,109,327,554,1709,0,0,0,0,0,0,0,0,0,0,0,0,0,0,33.927083,16.571686,12.0,6.066416,17.386972,14.607479,14.958678,8.121634,30.646823,13.778715,9.971834,11.615958,10.352432,13.220143,9.618737,6.69766,2.493249,0.948799,6.987172,3.773451,5.517513,0.710166,1.8488,2.723049,1.824774,4.495988,4.822536,3.759226,6.897597,0.569886,0.612061,5.147113,0.012455,2.28253,1.113735,0.929412,0.468637,3.308096,1.273446,2.582126,3.396718,2.297918,11.922989,7.420516,1.951395,0.774279,1.120937,4.410642,6.552538,1.320242,6.864765,5.489116,1.261461,4.02113,4.301031,4.008935,5.919806,0.215957,0.239424,0.287589,1.133391,0.642516,0.377804,0.052428,0.308992,2.744558,0.395517,0.837134,0.134537,0.67311,19.790798,5.863827,7.935194,8.460536,16.340765,11.741006,18.618654,4.66136,18.87424,16.738364,9.675196,10.901507,10.624281,11.052176,1.470477,1.205759,1.393339,1.098739,0.79711,0.656715,0.991736,0.333635,7.287053,0.533425,0.374543,4.244847,1.775337,1.795952,0.424468,0.014997,0.079208,0.002458,0,0.040823,0.035419,0.004766,0.00515,0.008604,0.0,0.06495,0.037449,0.04982,5.662094,7.384523,3.735374,1.499398,2.864616,5.392166,3.837072,3.03608,1.931198,6.577476,3.074249,4.179897,2.153983,3.854566,16.872584,10.425915,6.054005,2.83165,13.613152,9.005875,5.143644,5.342929,17.967865,15.194012,1.58207,9.358582,11.198491,8.688645,0.00758,0.0,0.244824,0.004916,0,0.0,0.0,0,0,0,0.005993,0.305987,0.227465,0.181925,1.136967,0,0.0018,0.066367,0,0.021299,0.015742,0.004766,1.606757,0.004302,0.0,0.01732,0.016644,0.134274,0.151596,0.29994,0.075608,0.383453,0.510649,0.230738,0.42503,0.142987,0,0.395767,0.326602,0.47197,0.768388,0.378491,0,0,0,0,0,0,0,0,0,0,0,0,0,0
20,4414,5390,6585,2444,1392,7982,3724,1668,5868,3163,3222,7757,7276,60885,1201,2114,1328,357,544,2036,1355,162,351,613,565,3024,3341,16991,888,188,299,2045,0,1217,259,207,91,756,444,1664,2306,10364,1540,2469,1088,274,87,2438,1635,284,1318,1280,385,2710,3038,18546,787,75,113,114,96,338,97,10,59,613,128,569,97,3096,2547,1952,4302,3270,1281,6359,4585,913,3574,3783,3117,7254,7316,50253,200,407,719,442,60,316,241,66,1409,125,126,2985,1302,8398,49,6,39,0,0,27,8,1,1,1,2,44,21,199,718,2407,2006,608,228,2859,970,605,372,1496,1045,2820,1570,17704,2214,3478,3285,1171,1079,4860,1264,1054,3385,3470,524,6330,7838,39952,1,0,138,5,0,0,0,0,0,0,3,211,171,529,136,0,1,33,0,16,2,1,313,0,0,13,13,528,22,107,37,153,36,128,112,32,0,82,128,334,543,1714,0,0,0,0,0,0,0,0,0,0,0,0,0,0,33.457136,16.166767,11.854185,6.007423,17.337153,14.167303,14.655647,7.95005,30.219384,13.606642,9.654222,11.195947,10.091679,12.928179,9.103312,6.340732,2.390639,0.877516,6.775439,3.613709,5.332546,0.772127,1.807601,2.637013,1.692935,4.364644,4.633906,3.607829,6.730842,0.563887,0.538254,5.02667,0.0,2.160061,1.019284,0.986607,0.468637,3.252172,1.330377,2.401709,3.19838,2.238837,11.672857,7.405519,1.958596,0.6735,1.083572,4.327222,6.434475,1.353606,6.787517,5.506324,1.153593,3.911437,4.213651,3.938014,5.965285,0.224955,0.20342,0.280215,1.195666,0.599918,0.381739,0.047662,0.303842,2.637013,0.383532,0.821257,0.134537,0.657397,19.305692,5.854829,7.744374,8.037755,15.954664,11.28663,18.044077,4.351556,18.405603,16.273768,9.339606,10.46995,10.147159,10.670605,1.515955,1.220756,1.294329,1.086449,0.747291,0.56087,0.948445,0.31457,7.256154,0.537727,0.377539,4.308354,1.80585,1.783212,0.371409,0.017996,0.070207,0.0,0,0.047922,0.031484,0.004766,0.00515,0.004302,0.005993,0.063507,0.029127,0.04713,5.44228,7.219556,3.611161,1.494482,2.839706,5.074457,3.817395,2.883561,1.915748,6.435516,3.13118,4.070204,2.177561,3.759226,16.781627,10.431914,5.913591,2.878352,13.438784,8.626045,4.97442,5.023593,17.432279,14.927299,1.570084,9.136309,10.871163,8.483315,0.00758,0.0,0.248425,0.01229,0,0.0,0.0,0,0,0,0.008989,0.304544,0.237174,0.186148,1.03085,0,0.0018,0.081115,0,0.028399,0.007871,0.004766,1.611906,0.0,0.0,0.018763,0.018031,0.141571,0.166755,0.320936,0.066607,0.376078,0.448375,0.227188,0.440771,0.152519,0,0.352749,0.383532,0.482074,0.753131,0.379598,0,0,0,0,0,0,0,0,0,0,0,0,0,0
21,4338,5289,6488,2373,1353,7787,3616,1560,5756,3097,3194,7599,7037,59487,1180,1977,1219,352,531,1987,1309,155,340,602,564,2887,3196,16299,848,174,292,1985,0,1177,264,188,100,729,449,1595,2212,10013,1529,2398,1105,282,84,2458,1634,235,1336,1241,412,2689,2971,18374,790,66,133,128,93,325,93,6,60,628,127,574,91,3114,2492,1868,4162,3052,1243,6156,4398,894,3464,3740,3130,7132,7110,48841,202,395,715,431,67,343,234,74,1391,128,125,2969,1310,8384,51,6,42,0,0,26,9,1,1,1,3,47,26,213,691,2345,1983,605,222,2815,956,559,380,1470,1035,2845,1559,17465,2210,3430,3222,1108,1063,4842,1274,958,3328,3422,557,6346,7611,39371,1,1,135,0,0,0,0,0,0,0,0,216,170,523,139,0,1,33,0,11,2,1,313,1,0,11,12,524,24,99,51,161,39,128,123,27,0,88,109,350,545,1744,0,0,0,0,0,0,0,0,0,0,0,0,0,0,32.881073,15.863827,11.679568,5.832903,16.851414,13.821196,14.230618,7.435299,29.6426,13.322722,9.570324,10.9679,9.760191,12.631331,8.944137,5.929814,2.194419,0.865226,6.613526,3.526739,5.151515,0.738764,1.750953,2.589693,1.689938,4.166907,4.432794,3.460892,6.427651,0.521896,0.525653,4.879188,0.0,2.089065,1.038961,0.896049,0.514986,3.136023,1.345359,2.302119,3.068004,2.163013,11.589479,7.192561,1.989199,0.693164,1.046207,4.36272,6.430539,1.120061,6.880214,5.338553,1.234494,3.881127,4.120723,3.901492,5.988024,0.19796,0.239424,0.314628,1.158301,0.576845,0.365998,0.028597,0.308992,2.70154,0.380536,0.828474,0.126215,0.661219,18.888805,5.602879,7.492349,7.501905,15.48138,10.926324,17.308146,4.260998,17.839118,16.088789,9.378558,10.293863,9.861441,10.370784,1.531115,1.184763,1.287129,1.059411,0.834475,0.608793,0.920897,0.3527,7.163457,0.550632,0.374543,4.285261,1.816946,1.780239,0.386569,0.017996,0.075608,0.0,0,0.046148,0.035419,0.004766,0.00515,0.004302,0.008989,0.067837,0.036062,0.050446,5.237626,7.033593,3.569757,1.487108,2.764977,4.996361,3.762298,2.664315,1.956947,6.323669,3.101217,4.106287,2.162305,3.708477,16.751308,10.287942,5.80018,2.723496,13.239507,8.594097,5.013774,4.566036,17.138737,14.720812,1.668964,9.159402,10.556318,8.359946,0.00758,0.002999,0.243024,0.0,0,0.0,0.0,0,0,0,0.0,0.31176,0.235787,0.214814,1.053589,0,0.0018,0.081115,0,0.019524,0.007871,0.004766,1.611906,0.004302,0.0,0.015877,0.016644,0.132255,0.181915,0.296941,0.091809,0.395743,0.485739,0.227188,0.484061,0.128688,0,0.37856,0.326602,0.505167,0.755905,0.386242,0,0,0,0,0,0,0,0,0,0,0,0,0,0
22,4292,5194,6376,2330,1325,7461,3547,1546,5674,3106,3123,7536,6919,58429,1136,1892,1175,349,519,1930,1282,150,342,585,520,2758,2995,15633,818,184,273,1891,1,1136,258,188,91,705,442,1523,2111,9621,1528,2348,1045,314,80,2358,1609,221,1331,1242,432,2648,2960,18116,783,57,116,125,98,317,90,5,62,623,108,550,85,3019,2454,1827,4055,2942,1208,6023,4362,855,3400,3670,3067,6954,6987,47804,208,398,710,416,63,306,232,53,1363,132,132,2919,1306,8238,59,5,35,2,0,26,10,2,1,2,4,49,17,212,660,2364,1921,588,225,2700,963,613,399,1443,1009,2797,1547,17229,2175,3334,3181,1056,1047,4754,1242,966,3287,3401,568,6209,7488,38708,1,0,121,3,0,0,0,0,0,0,3,221,179,528,135,0,1,38,0,9,1,1,315,1,1,13,14,529,20,97,43,153,44,121,124,25,0,96,97,333,543,1696,0,0,0,0,0,0,0,0,0,0,0,0,0,0,32.532404,15.578884,11.477948,5.727208,16.502678,13.242576,13.959071,7.368572,29.220311,13.361439,9.357584,10.87697,9.596527,12.406678,8.610627,5.674865,2.115212,0.857852,6.464068,3.425569,5.045258,0.714933,1.761252,2.516562,1.558099,3.980717,4.15401,3.319475,6.200258,0.55189,0.491449,4.648133,0.012455,2.016294,1.015348,0.896049,0.468637,3.03278,1.324384,2.198199,2.927919,2.042901,11.581899,7.042591,1.881188,0.771821,0.996388,4.185229,6.332153,1.053334,6.854465,5.342855,1.294421,3.82195,4.105466,3.846709,5.934966,0.170966,0.208821,0.307254,1.220575,0.562645,0.354191,0.023831,0.319291,2.680031,0.323605,0.793834,0.117893,0.641047,18.600773,5.479904,7.29973,7.231522,15.04546,10.690261,17.16647,4.075116,17.509527,15.787662,9.189788,10.036949,9.690842,10.15059,1.576594,1.193761,1.278128,1.02254,0.784656,0.543121,0.913026,0.25261,7.01926,0.56784,0.395517,4.213094,1.811398,1.749238,0.447207,0.014997,0.063006,0.004916,0,0.046148,0.039355,0.009532,0.00515,0.008604,0.011985,0.070723,0.023579,0.045796,5.002653,7.090582,3.458146,1.445321,2.802342,4.792247,3.789847,2.921691,2.054795,6.20752,3.023312,4.037007,2.145661,3.658366,16.486015,10.0,5.726373,2.595679,13.040229,8.437905,4.887839,4.604166,16.927593,14.630474,1.701924,8.961665,10.38572,8.219166,0.00758,0.0,0.217822,0.007374,0,0.0,0.0,0,0,0,0.008989,0.318977,0.24827,0.185796,1.02327,0,0.0018,0.093405,0,0.015974,0.003935,0.004766,1.622206,0.004302,0.002996,0.018763,0.019418,0.123144,0.151596,0.290942,0.077408,0.376078,0.548013,0.214764,0.487997,0.119155,0,0.412974,0.290645,0.48063,0.753131,0.375612,0,0,0,0,0,0,0,0,0,0,0,0,0,0
23,4263,5168,6227,2281,1284,7283,3402,1572,5561,3065,3046,7284,6805,57241,1116,1856,1191,325,530,1894,1236,150,334,565,535,2664,2974,15370,822,169,280,1899,0,1124,254,195,95,674,401,1438,2034,9385,1513,2351,1030,280,73,2338,1540,250,1302,1248,404,2641,2887,17857,800,67,115,104,101,315,83,8,60,603,111,531,103,3001,2423,1803,4065,2862,1206,5890,4218,842,3312,3664,2957,6788,6844,46874,203,400,694,396,67,324,231,57,1358,132,141,2926,1278,8207,58,5,48,1,0,21,11,1,1,2,1,38,21,208,674,2384,1944,606,218,2696,904,557,385,1455,1014,2841,1558,17236,2160,3345,3173,1055,1021,4616,1187,895,3227,3325,541,6223,7416,38184,1,1,117,4,0,0,0,0,0,0,3,230,174,530,131,0,1,37,0,10,2,1,316,1,0,12,12,523,20,87,39,151,41,113,108,22,0,98,92,325,546,1642,0,0,0,0,0,0,0,0,0,0,0,0,0,0,32.31259,15.5009,11.209721,5.606764,15.992029,12.926643,13.38843,7.492493,28.638377,13.185064,9.126865,10.51325,9.438411,12.15442,8.459031,5.566887,2.144014,0.798859,6.601071,3.361673,4.864227,0.714933,1.720054,2.430526,1.603044,3.845044,4.124884,3.26363,6.230577,0.506899,0.50405,4.667797,0.0,1.994995,0.999606,0.929412,0.489237,2.899424,1.201534,2.075515,2.821121,2.027353,11.468203,7.05159,1.854185,0.688248,0.909204,4.149731,6.060606,1.191554,6.705119,5.368666,1.210523,3.811847,4.004216,3.791714,6.063822,0.20096,0.207021,0.255635,1.25794,0.559096,0.326643,0.03813,0.308992,2.593995,0.332594,0.766411,0.142859,0.637225,18.3658,5.407918,7.317732,7.034879,15.020551,10.454199,16.599764,4.013155,17.056339,15.761852,8.860191,9.797356,9.492503,9.953116,1.538695,1.19976,1.249325,0.97338,0.834475,0.57507,0.909091,0.271674,6.993511,0.56784,0.422485,4.223197,1.772563,1.742655,0.439627,0.014997,0.086409,0.002458,0,0.037273,0.04329,0.004766,0.00515,0.008604,0.002996,0.054847,0.029127,0.044932,5.10877,7.15057,3.49955,1.489566,2.715158,4.785148,3.557654,2.654783,1.982696,6.259141,3.038293,4.100514,2.160918,3.659852,16.372319,10.032993,5.711971,2.593221,12.716403,8.192968,4.671389,4.265764,16.618601,14.303536,1.621022,8.981872,10.285857,8.107902,0.00758,0.002999,0.210621,0.009832,0,0.0,0.0,0,0,0,0.008989,0.331967,0.241335,0.166917,0.992951,0,0.0018,0.090947,0,0.017749,0.007871,0.004766,1.627356,0.004302,0.0,0.01732,0.016644,0.132002,0.151596,0.260948,0.070207,0.371162,0.510649,0.200564,0.42503,0.104857,0,0.421578,0.275664,0.469084,0.757292,0.363652,0,0,0,0,0,0,0,0,0,0,0,0,0,0
24,4218,4984,6044,2236,1278,7083,3333,1531,5506,3015,2897,7175,6674,55974,1077,1855,1111,295,521,1862,1220,145,327,562,547,2630,2891,15043,781,162,263,1785,0,1059,255,157,94,680,370,1335,1964,8905,1480,2319,1010,271,74,2214,1528,232,1298,1245,424,2595,2878,17568,797,52,125,105,105,293,77,9,56,621,114,514,86,2954,2388,1802,3873,2684,1171,5721,4081,830,3260,3618,2824,6798,6650,45700,208,391,648,356,65,317,228,67,1361,132,124,2925,1285,8107,59,6,28,3,0,28,9,2,1,2,3,46,22,209,679,2377,1898,590,228,2623,919,570,395,1425,1026,2759,1554,17043,2133,3326,3010,962,1016,4500,1161,919,3174,3328,524,6181,7309,37543,1,0,115,3,0,0,0,0,0,0,3,223,178,523,130,0,1,30,0,10,1,1,317,2,1,9,11,513,23,103,34,168,42,122,112,27,0,88,101,315,544,1679,0,0,0,0,0,0,0,0,0,0,0,0,0,0,31.9715,14.94901,10.880288,5.496153,15.9173,12.571662,13.116883,7.297078,28.355134,12.969973,8.68041,10.355926,9.256716,11.885389,8.16342,5.563887,2.0,0.725119,6.488977,3.304876,4.801259,0.691101,1.684005,2.41762,1.639,3.79597,4.009764,3.194196,5.919806,0.485903,0.473447,4.387582,0.0,1.879626,1.003542,0.748296,0.484087,2.925234,1.108647,1.926852,2.724032,1.923663,11.21807,6.955609,1.818182,0.666126,0.921659,3.929643,6.013381,1.105762,6.68452,5.35576,1.27045,3.745453,3.991734,3.730348,6.041082,0.155969,0.225023,0.258093,1.307759,0.520048,0.30303,0.042896,0.288392,2.671427,0.341583,0.741874,0.11928,0.627245,18.100508,5.404919,6.972097,6.59735,14.584631,10.154239,16.060606,3.95596,16.788547,15.563968,8.461677,9.811789,9.223429,9.703831,1.576594,1.172765,1.166517,0.875058,0.809565,0.562645,0.897285,0.319337,7.008961,0.56784,0.371547,4.221754,1.782272,1.721421,0.447207,0.017996,0.050405,0.007374,0,0.049697,0.035419,0.009532,0.00515,0.008604,0.008989,0.066393,0.030514,0.045148,5.146669,7.129574,3.416742,1.450237,2.839706,4.655579,3.616686,2.716744,2.034195,6.130087,3.074249,3.98216,2.15537,3.618871,16.167665,9.976005,5.418542,2.364624,12.654129,7.987079,4.569067,4.380153,16.345659,14.316442,1.570084,8.921252,10.13745,7.971793,0.00758,0.0,0.207021,0.007374,0,0.0,0.0,0,0,0,0.008989,0.321864,0.246883,0.184036,0.985371,0,0.0018,0.073741,0,0.017749,0.003935,0.004766,1.632506,0.008604,0.002996,0.01299,0.015257,0.119419,0.174335,0.308938,0.061206,0.412949,0.523104,0.216539,0.440771,0.128688,0,0.37856,0.302631,0.45465,0.754518,0.371847,0,0,0,0,0,0,0,0,0,0,0,0,0,0
25,4176,4898,5938,2213,1244,6866,3323,1473,5395,3027,2931,7061,6642,55187,1048,1795,1073,264,512,1838,1203,139,316,551,489,2571,2794,14593,801,164,271,1682,0,1033,227,154,94,674,358,1304,1943,8705,1483,2327,1041,277,71,2205,1496,218,1276,1245,381,2591,2781,17392,802,64,117,129,101,294,77,3,56,601,105,508,99,2956,2381,1772,3753,2479,1165,5661,4038,786,3180,3548,2778,6701,6602,44844,195,386,676,375,62,320,236,53,1354,131,95,2924,1285,8092,51,5,41,4,0,23,8,0,1,2,2,42,21,200,679,2338,1912,575,234,2583,902,538,379,1443,997,2811,1607,16998,2121,3279,3031,1061,1001,4475,1157,868,3131,3298,479,6210,7240,37351,1,0,118,4,0,0,0,0,0,0,2,222,168,515,132,0,0,33,0,8,3,0,313,2,0,13,12,516,18,98,47,152,43,105,110,29,0,88,87,311,523,1611,0,0,0,0,0,0,0,0,0,0,0,0,0,0,31.653149,14.691062,10.689469,5.439619,15.493835,12.186507,13.077529,7.020638,27.7835,13.021595,8.782286,10.191386,9.212333,11.718279,7.943606,5.383923,1.931593,0.64892,6.376884,3.262278,4.734357,0.662504,1.627356,2.3703,1.465212,3.710813,3.875227,3.098644,6.071402,0.491902,0.487849,4.134405,0.0,1.833478,0.893349,0.733997,0.484087,2.899424,1.072691,1.882108,2.694906,1.880459,11.24081,6.979604,1.873987,0.680874,0.884294,3.913669,5.887446,1.039035,6.571223,5.35576,1.141607,3.73968,3.857196,3.692977,6.078981,0.191962,0.210621,0.317086,1.25794,0.521822,0.30303,0.014299,0.288392,2.585391,0.314616,0.733214,0.137311,0.62767,18.047449,5.314937,6.756076,6.093454,14.509902,10.047745,15.891381,3.746247,16.376558,15.262841,8.323845,9.671786,9.156854,9.52207,1.478057,1.157768,1.216922,0.921761,0.772201,0.56797,0.928768,0.25261,6.972912,0.563538,0.284653,4.220311,1.782272,1.718236,0.386569,0.014997,0.073807,0.009832,0,0.040823,0.031484,0.0,0.00515,0.008604,0.005993,0.06062,0.029127,0.045255,5.146669,7.012597,3.441944,1.413367,2.914435,4.584583,3.549784,2.564225,1.951797,6.20752,2.987355,4.057214,2.22888,3.609316,16.076707,9.835033,5.456346,2.607969,12.467306,7.942706,4.553325,4.137076,16.124215,14.187387,1.435249,8.963108,10.041748,7.931024,0.00758,0.0,0.212421,0.009832,0,0.0,0.0,0,0,0,0.005993,0.32042,0.233013,0.181221,1.000531,0,0.0,0.081115,0,0.014199,0.011806,0.0,1.611906,0.008604,0.0,0.018763,0.016644,0.161414,0.136436,0.293941,0.084608,0.37362,0.535559,0.186365,0.4329,0.13822,0,0.37856,0.260682,0.448877,0.725391,0.356787,0,0,0,0,0,0,0,0,0,0,0,0,0,0
26,4133,4822,5728,2125,1223,6674,3285,1497,5358,2969,2905,6925,6461,54105,1037,1796,1055,242,500,1758,1186,136,312,512,455,2531,2823,14343,789,154,250,1583,0,1021,217,160,94,648,388,1244,1940,8488,1468,2221,998,230,73,2140,1480,201,1271,1224,381,2565,2812,17064,812,58,115,110,99,303,78,8,54,585,105,483,82,2892,2361,1734,3802,2481,1164,5498,3976,825,3145,3529,2779,6568,6572,44434,200,371,684,330,69,299,230,51,1343,132,104,2890,1263,7966,48,5,41,0,0,20,6,0,1,3,1,36,22,183,681,2331,1896,510,234,2612,876,531,385,1439,1013,2697,1617,16822,2105,3270,3012,993,1002,4519,1149,843,3123,3245,486,6157,7216,37120,1,0,114,3,0,0,0,0,0,0,4,220,182,524,130,0,0,35,0,11,3,0,307,2,0,9,12,509,26,95,44,161,40,113,114,27,0,87,88,320,555,1670,0,0,0,0,0,0,0,0,0,0,0,0,0,0,31.327219,14.463107,10.311431,5.223312,15.232283,11.845725,12.927981,7.135027,27.592955,12.77209,8.704381,9.995093,8.961289,11.48853,7.860229,5.386923,1.89919,0.594843,6.227426,3.120285,4.667454,0.648206,1.606757,2.202529,1.363337,3.65308,3.91545,3.045559,5.980444,0.461908,0.450045,3.89106,0.0,1.812179,0.853994,0.762595,0.484087,2.787576,1.162582,1.795508,2.690745,1.833582,11.127113,6.661668,1.79658,0.565347,0.909204,3.7983,5.824479,0.95801,6.545473,5.265422,1.141607,3.702153,3.900193,3.62333,6.154779,0.173965,0.207021,0.270383,1.23303,0.537797,0.306966,0.03813,0.278092,2.516562,0.314616,0.697131,0.113733,0.614081,17.895854,5.20096,6.844284,6.09837,14.497447,9.758435,15.647383,3.932129,16.196313,15.181106,8.326841,9.479822,9.115244,9.435012,1.515955,1.112777,1.231323,0.81115,0.859385,0.530697,0.905155,0.243077,6.916263,0.56784,0.31162,4.171237,1.751758,1.691482,0.363829,0.014997,0.073807,0.0,0,0.035498,0.023613,0.0,0.00515,0.012905,0.002996,0.05196,0.030514,0.045607,5.161828,6.991602,3.413141,1.253595,2.914435,4.636055,3.447462,2.530861,1.982696,6.190312,3.035297,3.892674,2.24275,3.571944,15.955431,9.808038,5.422142,2.440823,12.479761,8.020802,4.521842,4.017921,16.083016,13.959391,1.456223,8.886612,10.008461,7.881974,0.00758,0.0,0.205221,0.007374,0,0.0,0.0,0,0,0,0.011985,0.317534,0.252431,0.184388,0.985371,0,0.0,0.086031,0,0.019524,0.011806,0.0,1.581007,0.008604,0.0,0.01299,0.016644,0.159225,0.197074,0.284943,0.079208,0.395743,0.498194,0.200564,0.448642,0.128688,0,0.374258,0.263678,0.461867,0.769775,0.369854,0,0,0,0,0,0,0,0,0,0,0,0,0,0
27,4107,4758,5626,2070,1183,6523,3213,1485,5271,2951,2863,6840,6389,53279,1014,1756,1071,197,484,1730,1144,133,307,512,462,2453,2727,13990,798,159,255,1511,0,968,196,154,90,638,361,1186,1826,8142,1454,2219,992,242,67,2120,1452,202,1250,1210,359,2507,2749,16823,806,52,84,113,102,290,76,6,50,616,95,491,91,2872,2344,1709,3721,2382,1140,5432,3838,717,3100,3468,2595,6443,6447,43336,197,358,650,362,67,317,226,69,1338,134,95,2835,1282,7930,45,7,38,1,0,27,7,2,1,4,0,40,19,191,664,2375,1901,478,254,2639,905,581,393,1456,929,2682,1578,16835,2104,3303,3016,943,989,4436,1126,824,3068,3236,426,6124,7110,36705,1,0,119,2,0,0,0,0,0,0,3,207,173,505,128,0,0,38,0,12,2,0,302,2,0,16,11,511,24,95,41,157,39,120,111,36,0,85,105,310,537,1660,0,0,0,0,0,0,0,0,0,0,0,0,0,0,31.130145,14.271146,10.127813,5.08812,14.734089,11.577714,12.644628,7.077832,27.144917,12.694657,8.578534,9.872409,8.861427,11.313139,7.685894,5.266947,1.927993,0.484232,6.028148,3.070588,4.502165,0.633907,1.581007,2.202529,1.384311,3.5405,3.782299,2.970604,6.048662,0.476905,0.459046,3.714082,0.0,1.718109,0.77135,0.733997,0.463487,2.744558,1.08168,1.711795,2.532629,1.758839,11.020996,6.655669,1.785779,0.594843,0.834475,3.762802,5.714286,0.962776,6.437326,5.205197,1.075688,3.61844,3.812813,3.572157,6.1093,0.155969,0.151215,0.277757,1.270395,0.514723,0.299095,0.028597,0.257493,2.649918,0.284653,0.708677,0.126215,0.609834,17.766998,5.125975,6.69847,5.855025,14.19853,9.641291,15.10429,3.417378,15.964569,14.918696,7.775514,9.299405,8.941872,9.201865,1.493216,1.073785,1.170117,0.889807,0.834475,0.562645,0.889414,0.328869,6.890514,0.576443,0.284653,4.091854,1.778111,1.683838,0.34109,0.020996,0.068407,0.002458,0,0.047922,0.027548,0.009532,0.00515,0.017207,0.0,0.057733,0.026353,0.044466,5.032972,7.123575,3.422142,1.174938,3.163532,4.683978,3.56159,2.769172,2.023895,6.263443,2.783604,3.871024,2.188657,3.574705,15.947851,9.907019,5.429343,2.317921,12.317848,7.873485,4.431326,3.927363,15.799773,13.920675,1.276443,8.838982,9.861441,7.793854,0.00758,0.0,0.214221,0.004916,0,0.0,0.0,0,0,0,0.008989,0.29877,0.239948,0.177702,0.970211,0,0.0,0.093405,0,0.021299,0.007871,0.0,1.555258,0.008604,0.0,0.023093,0.015257,0.15985,0.181915,0.284943,0.073807,0.385911,0.485739,0.212989,0.436836,0.171584,0,0.365654,0.314616,0.447434,0.744809,0.367639,0,0,0,0,0,0,0,0,0,0,0,0,0,0
28,4056,4672,5511,2082,1179,6359,3133,1423,5218,2899,2737,6682,6275,52226,995,1744,1002,196,478,1670,1093,125,306,507,422,2435,2636,13609,775,147,260,1377,0,973,209,153,93,634,343,1170,1803,7937,1444,2200,983,229,67,2040,1412,202,1240,1182,368,2460,2703,16530,816,56,118,102,101,290,81,5,49,608,74,485,81,2866,2353,1707,3631,2336,1120,5270,3811,720,3045,3411,2550,6422,6330,42706,188,383,653,372,60,291,232,56,1332,138,104,2781,1285,7875,49,5,23,0,0,21,7,1,1,3,2,37,19,168,671,2370,1831,521,267,2620,942,566,388,1442,943,2684,1591,16836,2085,3268,2935,952,985,4383,1079,809,2999,3169,452,6171,7066,36353,1,0,110,2,0,1,0,0,0,0,0,215,174,503,136,0,0,24,0,8,2,0,299,2,0,11,11,493,18,99,41,111,39,112,111,24,0,84,93,322,539,1593,0,0,0,0,0,0,0,0,0,0,0,0,0,0,30.743576,14.013197,9.920792,5.117617,14.68427,11.28663,12.329791,6.782327,26.871974,12.470963,8.200995,9.644362,8.703311,11.089547,7.541878,5.230954,1.80378,0.481774,5.953419,2.964094,4.301456,0.595777,1.575857,2.18102,1.264457,3.51452,3.656084,2.889703,5.874327,0.440912,0.468047,3.384706,0.0,1.726984,0.822511,0.729231,0.478937,2.727351,1.027746,1.688702,2.500728,1.714555,10.945198,6.59868,1.769577,0.562889,0.834475,3.620809,5.556867,0.962776,6.385828,5.084746,1.102655,3.550603,3.749012,3.509942,6.185098,0.167966,0.212421,0.250719,1.25794,0.514723,0.318772,0.023831,0.252343,2.615504,0.221729,0.700017,0.112346,0.60856,17.835216,5.119976,6.536454,5.741956,13.949433,9.353757,14.998032,3.431676,15.681327,14.673492,7.640678,9.269095,8.779595,9.068092,1.424998,1.14877,1.175518,0.914387,0.747291,0.516498,0.913026,0.266908,6.859615,0.593651,0.31162,4.013914,1.782272,1.672159,0.371409,0.014997,0.041404,0.0,0,0.037273,0.027548,0.004766,0.00515,0.012905,0.005993,0.053403,0.026353,0.039788,5.08603,7.108578,3.29613,1.280633,3.325445,4.650255,3.707202,2.697679,1.998146,6.203218,2.825553,3.87391,2.206688,3.574917,15.803835,9.80204,5.283528,2.340044,12.268028,7.779415,4.24636,3.85587,15.444433,13.632453,1.354348,8.906818,9.800413,7.719111,0.00758,0.0,0.19802,0.004916,0,0.001775,0.0,0,0,0,0.0,0.310317,0.241335,0.163764,1.03085,0,0.0,0.058993,0,0.014199,0.007871,0.0,1.539808,0.008604,0.0,0.015877,0.015257,0.15422,0.136436,0.296941,0.073807,0.272841,0.485739,0.19879,0.436836,0.114389,0,0.361352,0.27866,0.464754,0.747583,0.3528,0,0,0,0,0,0,0,0,0,0,0,0,0,0
29,4090,4599,5485,2052,1144,6218,3045,1375,5195,2890,2682,6566,6186,51527,998,1735,1011,191,482,1643,1097,117,301,509,454,2355,2661,13554,768,153,248,1345,0,943,200,150,93,629,331,1118,1806,7784,1466,2177,980,233,67,2062,1405,206,1220,1179,374,2432,2682,16483,814,53,96,100,103,289,74,4,47,610,78,484,83,2835,2324,1719,3541,2304,1134,5216,3715,710,3016,3326,2555,6353,6196,42109,193,378,665,329,64,309,229,40,1318,136,95,2798,1288,7842,52,5,34,0,0,27,7,1,1,3,1,37,20,188,674,2343,1809,499,247,2587,943,556,383,1423,947,2745,1633,16789,2070,3226,2926,946,967,4363,1048,809,3016,3119,453,6176,7069,36188,1,0,113,0,0,0,0,0,0,0,8,208,183,513,134,0,1,32,0,12,1,0,294,2,0,13,10,499,17,96,44,154,42,117,105,26,0,85,79,310,540,1615,0,0,0,0,0,0,0,0,0,0,0,0,0,0,31.001289,13.794241,9.873987,5.043876,14.24835,11.036368,11.983471,6.553548,26.753528,12.432246,8.036196,9.476936,8.579869,10.941123,7.564618,5.203959,1.819982,0.469484,6.003238,2.916171,4.317198,0.557647,1.550108,2.189624,1.36034,3.399053,3.690759,2.878025,5.821269,0.458908,0.446445,3.306049,0.0,1.673737,0.787092,0.714933,0.478937,2.705842,0.99179,1.613648,2.504889,1.681504,11.111953,6.529694,1.764176,0.572721,0.834475,3.659857,5.529319,0.981841,6.28283,5.07184,1.120633,3.51019,3.719885,3.499962,6.169939,0.158968,0.172817,0.245803,1.28285,0.512948,0.291224,0.019065,0.242043,2.624107,0.233715,0.698574,0.115119,0.601977,17.615402,5.155969,6.374437,5.663299,14.123801,9.257912,14.620228,3.384014,15.531981,14.307838,7.65566,9.169505,8.593739,8.941327,1.462897,1.133773,1.19712,0.808692,0.79711,0.548446,0.90122,0.190649,6.787517,0.585047,0.284653,4.03845,1.786433,1.665152,0.394148,0.014997,0.061206,0.0,0,0.047922,0.027548,0.004766,0.00515,0.012905,0.002996,0.053403,0.02774,0.044525,5.10877,7.027594,3.256526,1.226557,3.076348,4.591683,3.711137,2.650017,1.972397,6.121483,2.837538,3.961954,2.264941,3.564937,15.690139,9.676065,5.267327,2.325296,12.043841,7.743917,4.12436,3.85587,15.531981,13.417362,1.357344,8.914035,9.804574,7.684076,0.00758,0.0,0.20342,0.0,0,0.0,0.0,0,0,0,0.023971,0.300214,0.253818,0.210678,1.01569,0,0.0018,0.078657,0,0.021299,0.003935,0.0,1.514059,0.008604,0.0,0.018763,0.01387,0.132987,0.128856,0.287942,0.079208,0.378536,0.523104,0.207664,0.413223,0.123922,0,0.365654,0.236711,0.447434,0.74897,0.357673,0,0,0,0,0,0,0,0,0,0,0,0,0,0
30,4051,4552,5353,2019,1133,6087,2996,1411,5078,2831,2607,6511,6141,50770,980,1710,984,187,481,1617,1083,115,293,502,420,2330,2666,13368,726,159,236,1310,0,891,218,139,93,608,349,1111,1771,7611,1439,2167,971,226,64,2005,1398,215,1199,1165,359,2426,2661,16295,825,57,101,98,104,271,73,3,49,614,79,491,90,2855,2314,1672,3513,2312,1097,5203,3689,734,2943,3282,2480,6317,6113,41669,187,380,674,348,67,288,242,57,1308,137,106,2770,1286,7850,53,6,34,0,0,30,9,1,1,3,0,38,19,194,687,2402,1929,517,251,2598,945,551,406,1398,965,2762,1581,16992,2072,3263,2948,963,971,4376,1051,769,2976,3076,431,6108,6928,35932,1,1,111,4,0,0,0,0,0,0,2,206,174,499,140,0,0,32,0,4,2,0,290,2,1,10,10,491,19,95,42,137,39,121,109,33,0,81,86,307,535,1604,0,0,0,0,0,0,0,0,0,0,0,0,0,0,30.705677,13.653269,9.636364,4.962761,14.111346,10.803855,11.790634,6.725132,26.150994,12.178439,7.81147,9.397552,8.517455,10.780383,7.428182,5.128974,1.771377,0.459651,5.990783,2.870024,4.262102,0.548115,1.508909,2.159511,1.258465,3.36297,3.697693,2.83853,5.502918,0.476905,0.424842,3.220018,0.0,1.581442,0.85793,0.662504,0.478937,2.615504,1.045724,1.603545,2.456345,1.644132,10.907299,6.4997,1.747975,0.555515,0.79711,3.558687,5.501771,1.024737,6.174683,5.011615,1.075688,3.50153,3.690759,3.460042,6.253316,0.170966,0.181818,0.240887,1.295305,0.481,0.287288,0.014299,0.252343,2.641315,0.236711,0.708677,0.124828,0.606224,17.539604,5.014997,6.324032,5.682963,13.662972,9.234838,14.517906,3.498403,15.156041,14.118558,7.430934,9.117545,8.47862,8.847898,1.417418,1.139772,1.213321,0.855394,0.834475,0.511173,0.952381,0.271674,6.736018,0.589349,0.317613,3.998037,1.783659,1.666851,0.401728,0.017996,0.061206,0.0,0,0.053247,0.035419,0.004766,0.00515,0.012905,0.0,0.054847,0.026353,0.049889,5.207307,7.204559,3.472547,1.270801,3.126168,4.611207,3.719008,2.626186,2.090844,6.013938,2.891472,3.98649,2.192818,3.608042,15.705298,9.787043,5.306931,2.367082,12.09366,7.76699,4.136167,3.665221,15.325986,13.232384,1.291424,8.815888,9.60901,7.629717,0.00758,0.002999,0.19982,0.009832,0,0.0,0.0,0,0,0,0.005993,0.297327,0.241335,0.157154,1.061169,0,0.0,0.078657,0,0.0071,0.007871,0.0,1.49346,0.008604,0.002996,0.014433,0.01387,0.139075,0.144016,0.284943,0.075608,0.33675,0.485739,0.214764,0.428965,0.157285,0,0.348447,0.257686,0.443104,0.742035,0.355237,0,0,0,0,0,0,0,0,0,0,0,0,0,0
31,4066,4490,5195,1931,1111,5994,2939,1344,4965,2810,2637,6453,6073,50008,976,1698,944,158,470,1594,1064,116,290,491,406,2311,2583,13101,726,150,248,1245,0,881,200,139,87,598,308,1085,1744,7411,1431,2161,930,213,64,1979,1389,202,1180,1137,332,2390,2617,16025,820,49,103,89,106,261,73,5,49,609,78,461,71,2774,2266,1629,3521,2204,1071,5092,3603,669,2877,3212,2367,6230,6092,40833,189,378,693,334,66,286,245,44,1296,131,98,2752,1260,7772,46,6,37,0,0,27,8,0,1,3,2,37,18,185,676,2406,1886,535,259,2627,930,562,409,1381,946,2715,1595,16927,2055,3182,2864,901,942,4349,1047,794,2901,3001,406,6088,6848,35378,1,1,100,4,0,0,0,0,0,0,4,208,166,484,132,0,0,26,0,9,2,0,292,2,1,12,13,489,20,91,42,158,38,112,123,32,0,85,90,268,528,1587,0,0,0,0,0,0,0,0,0,0,0,0,0,0,30.819374,13.467307,9.351935,4.746454,13.83734,10.638789,11.566312,6.405796,25.56906,12.088101,7.90136,9.313839,8.42314,10.618582,7.397863,5.092981,1.69937,0.388369,5.85378,2.829201,4.187328,0.552881,1.49346,2.112191,1.216516,3.335546,3.582574,2.781836,5.502918,0.44991,0.446445,3.060246,0.0,1.563693,0.787092,0.662504,0.448038,2.572486,0.922874,1.566018,2.418896,1.600928,10.846661,6.481704,1.674167,0.52356,0.79711,3.51254,5.466352,0.962776,6.076836,4.891164,0.994786,3.44957,3.629731,3.402711,6.215417,0.146971,0.185419,0.218765,1.320214,0.463251,0.287288,0.023831,0.252343,2.619806,0.233715,0.665377,0.098476,0.589025,17.175775,4.886023,6.338434,5.417496,13.339146,9.037823,14.179457,3.188599,14.81615,13.817431,7.092347,8.991975,8.449493,8.670384,1.432578,1.133773,1.247525,0.820982,0.82202,0.507623,0.964187,0.209714,6.67422,0.563538,0.293642,3.972057,1.747597,1.650288,0.34867,0.017996,0.066607,0.0,0,0.047922,0.031484,0.0,0.00515,0.012905,0.005993,0.053403,0.024966,0.046105,5.123929,7.216557,3.39514,1.315046,3.225806,4.662679,3.659976,2.678614,2.106293,5.940807,2.834542,3.918654,2.212236,3.59424,15.576442,9.544091,5.155716,2.214684,11.73247,7.719068,4.120425,3.784376,14.939747,12.909748,1.216516,8.787022,9.498051,7.512082,0.00758,0.002999,0.180018,0.009832,0,0.0,0.0,0,0,0,0.011985,0.300214,0.230239,0.15243,1.000531,0,0.0,0.063909,0,0.015974,0.007871,0.0,1.503759,0.008604,0.002996,0.01732,0.018031,0.138508,0.151596,0.272945,0.075608,0.388369,0.473284,0.19879,0.484061,0.152519,0,0.365654,0.269671,0.386814,0.732326,0.351472,0,0,0,0,0,0,0,0,0,0,0,0,0,0
32,4060,4415,5102,1950,1083,5808,2909,1297,4901,2758,2516,6268,6072,49139,960,1680,922,152,476,1554,1048,122,288,479,367,2269,2560,12877,731,162,225,1185,0,899,207,143,87,589,339,1021,1701,7289,1416,2135,916,201,69,1957,1356,218,1174,1129,354,2319,2659,15903,820,50,96,91,108,257,69,8,47,591,85,442,74,2738,2243,1587,3429,2146,1055,5005,3518,686,2803,3111,2320,6080,6131,40114,191,393,628,363,66,284,236,44,1268,130,99,2754,1277,7733,53,4,30,0,0,21,8,1,1,2,1,38,17,176,681,2347,1857,518,264,2648,935,564,415,1387,926,2686,1627,16855,2047,3122,2821,982,947,4231,1016,818,2876,2963,435,5976,6919,35153,1,1,101,3,0,0,0,0,0,0,2,207,169,484,136,0,1,20,0,11,3,1,286,2,1,15,12,488,19,90,35,136,37,110,115,25,0,87,107,262,540,1563,0,0,0,0,0,0,0,0,0,0,0,0,0,0,30.773895,13.242352,9.184518,4.793157,13.488604,10.308656,11.448249,6.181784,25.239469,11.864407,7.538803,9.046822,8.421753,10.434061,7.276586,5.038992,1.659766,0.37362,5.928509,2.758205,4.12436,0.581478,1.48316,2.06057,1.099658,3.274926,3.550673,2.734272,5.540817,0.485903,0.405041,2.912765,0.0,1.595641,0.81464,0.681569,0.448038,2.533769,1.015761,1.473645,2.359256,1.574574,10.732964,6.403719,1.648965,0.494064,0.859385,3.473492,5.336482,1.039035,6.045937,4.85675,1.060706,3.347093,3.687985,3.376806,6.215417,0.14997,0.172817,0.223681,1.345124,0.456151,0.271547,0.03813,0.242043,2.542373,0.254689,0.637954,0.102637,0.581381,17.00144,4.760048,6.172817,5.274931,13.139868,8.883406,13.844943,3.269625,14.43506,13.382948,6.951519,8.775475,8.503585,8.517713,1.447737,1.178764,1.130513,0.892265,0.82202,0.504073,0.928768,0.209714,6.530024,0.559236,0.296638,3.974944,1.771176,1.642007,0.401728,0.011998,0.054005,0.0,0,0.037273,0.031484,0.004766,0.00515,0.008604,0.002996,0.054847,0.023579,0.041683,5.161828,7.039592,3.342934,1.273259,3.288081,4.699952,3.679654,2.688146,2.137192,5.966618,2.774615,3.876797,2.256619,3.578951,15.515804,9.364127,5.078308,2.413785,11.794744,7.509629,3.998426,3.898766,14.811,12.746279,1.30341,8.625368,9.596527,7.464306,0.00758,0.002999,0.181818,0.007374,0,0.0,0.0,0,0,0,0.005993,0.29877,0.2344,0.15243,1.03085,0,0.0018,0.049161,0,0.019524,0.011806,0.004766,1.47286,0.008604,0.002996,0.02165,0.016644,0.1136,0.144016,0.269946,0.063006,0.334292,0.460829,0.19524,0.452578,0.119155,0,0.374258,0.320609,0.378154,0.74897,0.346156,0,0,0,0,0,0,0,0,0,0,0,0,0,0
33,4011,4358,5065,1889,1067,5792,2857,1320,4818,2736,2489,6085,5882,48369,965,1642,914,158,467,1533,1020,115,278,467,382,2236,2523,12700,714,158,213,1152,0,864,178,137,90,596,309,1010,1719,7140,1397,2076,935,271,66,1981,1329,202,1159,1115,333,2262,2552,15678,834,54,90,101,104,267,65,6,49,598,80,446,75,2769,2226,1574,3394,2148,1042,5013,3467,660,2731,3089,2234,6011,5879,39468,191,361,642,350,64,278,243,52,1254,129,86,2741,1259,7650,57,5,38,1,0,29,6,1,1,3,1,35,17,194,668,2348,1866,485,266,2664,952,570,437,1393,897,2765,1679,16990,2040,3063,2844,956,927,4287,1008,821,2805,2919,382,5948,6762,34762,1,0,109,5,0,0,0,0,0,0,3,197,158,473,134,0,0,17,0,7,3,0,270,2,0,12,11,456,20,78,36,142,35,122,115,22,0,85,95,255,513,1518,0,0,0,0,0,0,0,0,0,0,0,0,0,0,30.402486,13.071386,9.117912,4.643217,13.289326,10.280258,11.243605,6.291407,24.81203,11.769767,7.457901,8.782692,8.158227,10.270561,7.314485,4.925015,1.645365,0.388369,5.816415,2.720931,4.014168,0.548115,1.431661,2.008948,1.144604,3.227296,3.499355,2.696688,5.411961,0.473905,0.383438,2.83165,0.0,1.533519,0.700512,0.652972,0.463487,2.563882,0.92587,1.457768,2.384222,1.542386,10.588949,6.226755,1.683168,0.666126,0.82202,3.51609,5.230224,0.962776,5.968689,4.796524,0.997783,3.264823,3.539578,3.32903,6.321534,0.161968,0.162016,0.248261,1.295305,0.4739,0.255805,0.028597,0.252343,2.572486,0.239708,0.643727,0.104024,0.587963,16.872584,4.721056,6.109811,5.279847,12.977955,8.897606,13.644235,3.145703,14.06427,13.288308,6.693834,8.675885,8.154066,8.380543,1.447737,1.082783,1.155716,0.86031,0.79711,0.493424,0.956316,0.247843,6.457926,0.554934,0.257686,3.95618,1.74621,1.624383,0.432047,0.014997,0.068407,0.002458,0,0.051472,0.023613,0.004766,0.00515,0.012905,0.002996,0.050517,0.023579,0.041908,5.063291,7.042591,3.359136,1.192144,3.31299,4.728351,3.746556,2.716744,2.250489,5.992429,2.687721,3.99082,2.328742,3.607617,15.462745,9.187163,5.119712,2.349876,11.545647,7.609024,3.966942,3.913064,14.44536,12.556999,1.144604,8.584955,9.378771,7.381282,0.00758,0.0,0.19622,0.01229,0,0.0,0.0,0,0,0,0.008989,0.284337,0.219143,0.166442,1.01569,0,0.0,0.041786,0,0.012424,0.011806,0.0,1.390462,0.008604,0.0,0.01732,0.015257,0.142645,0.151596,0.233953,0.064806,0.34904,0.43592,0.216539,0.452578,0.104857,0,0.365654,0.284653,0.36805,0.711522,0.33619,0,0,0,0,0,0,0,0,0,0,0,0,0,0
34,4045,4258,5026,1876,1032,5662,2795,1365,4739,2686,2466,6018,5673,47641,955,1596,872,163,461,1526,985,115,268,457,382,2169,2518,12467,711,144,226,1113,0,824,180,150,89,578,321,1018,1671,7025,1377,2043,910,237,70,1912,1279,221,1148,1086,340,2291,2528,15442,834,56,110,87,113,253,69,5,43,587,65,421,78,2721,2196,1573,3320,2125,1053,4839,3402,637,2667,3013,2212,5946,5749,38732,191,374,638,350,63,287,246,52,1255,122,100,2724,1258,7660,56,6,41,1,0,22,7,2,1,3,1,40,19,199,690,2339,1902,507,274,2622,951,576,443,1364,965,2761,1642,17036,2033,3069,2800,953,922,4153,986,813,2732,2836,419,5915,6731,34362,1,0,117,0,0,2,0,0,0,0,1,201,163,485,136,0,0,19,0,8,3,0,276,2,1,15,10,470,19,93,46,133,35,125,114,25,0,78,87,228,486,1469,0,0,0,0,0,0,0,0,0,0,0,0,0,0,30.660199,12.771446,9.047705,4.611263,12.853406,10.04952,10.999606,6.505886,24.405191,11.554676,7.388985,8.685988,7.868348,10.115979,7.238687,4.787043,1.569757,0.400659,5.741686,2.708507,3.876427,0.548115,1.380163,1.96593,1.144604,3.130593,3.49242,2.647214,5.389222,0.431914,0.406841,2.735786,0.0,1.462523,0.708383,0.714933,0.458338,2.486449,0.961827,1.469315,2.317647,1.517544,10.437353,6.127774,1.638164,0.582553,0.87184,3.393621,5.033451,1.053334,5.91204,4.671771,1.018757,3.30668,3.50629,3.278918,6.321534,0.167966,0.19802,0.213849,1.407398,0.449051,0.271547,0.023831,0.221444,2.525166,0.194762,0.607644,0.108185,0.577771,16.645191,4.718056,5.976598,5.223312,13.114958,8.588772,13.38843,3.03608,13.734679,12.96137,6.627914,8.582068,7.973758,8.224263,1.447737,1.121776,1.148515,0.86031,0.784656,0.509398,0.968123,0.247843,6.463075,0.524821,0.299634,3.931644,1.744823,1.626507,0.424468,0.017996,0.073807,0.002458,0,0.039048,0.027548,0.009532,0.00515,0.012905,0.002996,0.057733,0.026353,0.042988,5.230046,7.015597,3.423942,1.246221,3.412629,4.653805,3.742621,2.745341,2.281388,5.867676,2.891472,3.985047,2.277424,3.617385,15.409687,9.205159,5.040504,2.342502,11.483373,7.371186,3.880362,3.874934,14.06942,12.199948,1.255468,8.537325,9.335774,7.296347,0.00758,0.0,0.210621,0.0,0,0.00355,0.0,0,0,0,0.002996,0.29011,0.226078,0.161752,1.03085,0,0.0,0.046703,0,0.014199,0.011806,0.0,1.421362,0.008604,0.002996,0.02165,0.01387,0.133126,0.144016,0.278944,0.082808,0.326918,0.43592,0.221863,0.448642,0.119155,0,0.335542,0.260682,0.32908,0.674073,0.325338,0,0,0,0,0,0,0,0,0,0,0,0,0,0
35,4014,4123,4897,1783,1024,5526,2713,1300,4646,2614,2336,5954,5675,46605,953,1607,872,145,462,1492,953,112,265,441,343,2136,2499,12280,690,149,212,1104,0,834,168,154,90,551,302,971,1665,6890,1365,2030,848,197,68,1859,1241,195,1126,1049,327,2254,2463,15022,831,49,88,100,110,261,67,8,43,599,60,424,58,2698,2187,1507,3289,2029,1036,4759,3338,655,2581,2957,2142,5973,5728,38181,188,353,612,326,66,271,237,55,1240,134,92,2662,1226,7462,49,5,39,1,0,27,5,4,1,3,0,31,21,186,701,2333,1857,518,261,2645,914,508,449,1361,915,2738,1661,16861,2004,3021,2751,927,907,4150,915,766,2682,2787,461,5831,6654,33856,1,1,94,2,0,0,0,0,0,0,2,200,160,460,136,0,0,20,0,9,4,0,275,2,0,15,10,471,24,90,46,131,34,108,115,33,0,80,105,222,494,1482,0,0,0,0,0,0,0,0,0,0,0,0,0,0,30.425225,12.366527,8.815482,4.382666,12.753768,9.808133,10.676899,6.196082,23.926254,11.244945,6.999461,8.593615,7.871122,9.895997,7.223528,4.820036,1.569757,0.356414,5.754141,2.64816,3.750492,0.533816,1.364713,1.897101,1.027746,3.082963,3.466067,2.607507,5.230046,0.446911,0.381638,2.713664,0.0,1.480272,0.661157,0.733997,0.463487,2.3703,0.904896,1.401478,2.309325,1.488381,10.346396,6.088782,1.526553,0.484232,0.84693,3.299551,4.883904,0.929412,5.798743,4.512604,0.979805,3.253276,3.416136,3.189736,6.298795,0.146971,0.158416,0.245803,1.370034,0.463251,0.263676,0.03813,0.221444,2.576787,0.179781,0.611974,0.080445,0.572887,16.576973,4.520096,5.920792,4.987341,12.903226,8.446779,13.13656,3.121872,13.291791,12.720468,6.41817,8.621038,7.944632,8.107264,1.424998,1.058788,1.10171,0.801318,0.82202,0.481,0.932704,0.262142,6.385828,0.576443,0.275664,3.842157,1.70044,1.584464,0.371409,0.014997,0.070207,0.002458,0,0.047922,0.019677,0.019065,0.00515,0.012905,0.0,0.044743,0.029127,0.043302,5.313424,6.9976,3.342934,1.273259,3.250716,4.694627,3.597009,2.421238,2.312288,5.854771,2.741655,3.95185,2.303777,3.580225,15.189873,9.061188,4.952295,2.278593,11.29655,7.365861,3.600945,3.650922,13.811927,11.989159,1.381315,8.416085,9.228977,7.188904,0.00758,0.002999,0.169217,0.004916,0,0.0,0.0,0,0,0,0.005993,0.288667,0.221917,0.144871,1.03085,0,0.0,0.049161,0,0.015974,0.015742,0.0,1.416212,0.008604,0.0,0.02165,0.01387,0.147338,0.181915,0.269946,0.082808,0.322002,0.423465,0.19169,0.452578,0.157285,0,0.344145,0.314616,0.32042,0.685169,0.328217,0,0,0,0,0,0,0,0,0,0,0,0,0,0
36,3953,4040,4788,1823,998,5246,2672,1289,4554,2538,2306,5712,5591,45510,924,1573,837,118,456,1434,934,109,250,446,339,2067,2447,11934,668,151,224,1111,0,803,159,150,84,552,271,963,1622,6758,1364,1983,821,225,64,1780,1234,219,1096,1051,309,2154,2462,14762,833,58,91,93,108,246,67,3,44,583,55,419,73,2673,2132,1461,3144,2054,984,4686,3267,669,2511,2872,2107,5727,5594,37208,181,337,601,375,62,284,245,54,1218,136,109,2616,1233,7451,57,4,34,1,0,27,6,1,1,3,3,41,25,203,704,2325,1840,495,260,2633,946,567,449,1361,923,2716,1686,16905,1960,2910,2692,876,886,4029,930,825,2617,2702,435,5753,6551,33166,1,0,102,2,0,0,0,0,0,0,4,203,148,460,131,0,0,25,0,11,6,0,276,2,0,10,11,472,19,89,38,133,35,111,118,31,0,83,78,219,478,1432,0,0,0,0,0,0,0,0,0,0,0,0,0,0,29.962859,12.117576,8.619262,4.480987,12.429941,9.311159,10.515545,6.143654,23.452467,10.918007,6.90957,8.244328,7.754615,9.663487,7.003714,4.718056,1.506751,0.290047,5.679412,2.545216,3.675718,0.519518,1.287465,1.91861,1.015761,2.983373,3.393944,2.534038,5.063291,0.452909,0.40324,2.73087,0.0,1.42525,0.625738,0.714933,0.432588,2.374602,0.812009,1.389931,2.249684,1.459867,10.338816,5.94781,1.477948,0.553057,0.79711,3.159333,4.856356,1.043802,5.644248,4.521208,0.92587,3.108943,3.414749,3.134529,6.313954,0.173965,0.163816,0.228597,1.345124,0.436627,0.263676,0.014299,0.226594,2.507958,0.164799,0.604757,0.10125,0.567579,16.160085,4.382124,5.659766,5.048792,12.255574,8.317211,12.857143,3.188599,12.931301,12.354814,6.313298,8.265978,7.758776,7.90066,1.37194,1.010798,1.081908,0.921761,0.772201,0.504073,0.964187,0.257376,6.272531,0.585047,0.326602,3.775764,1.710149,1.582128,0.432047,0.011998,0.061206,0.002458,0,0.047922,0.023613,0.004766,0.00515,0.012905,0.008989,0.059177,0.034675,0.043852,5.336163,6.973605,3.312331,1.216724,3.238261,4.673328,3.722944,2.702445,2.312288,5.854771,2.765626,3.920097,2.338451,3.589568,14.856363,8.728254,4.846085,2.153234,11.034998,7.151098,3.659976,3.932129,13.477186,11.623505,1.30341,8.303504,9.086118,7.042391,0.00758,0.0,0.183618,0.004916,0,0.0,0.0,0,0,0,0.011985,0.292997,0.205273,0.161868,0.992951,0,0.0,0.061451,0,0.019524,0.023613,0.0,1.421362,0.008604,0.0,0.014433,0.015257,0.14765,0.144016,0.266947,0.068407,0.326918,0.43592,0.197015,0.464384,0.147753,0,0.357051,0.233715,0.31609,0.662977,0.317144,0,0,0,0,0,0,0,0,0,0,0,0,0,0
37,3871,3961,4687,1745,964,5276,2628,1242,4500,2513,2284,5617,5442,44730,899,1552,830,150,451,1426,936,114,245,442,346,2047,2378,11816,674,130,211,1032,0,795,161,151,86,544,272,915,1551,6522,1346,1893,835,217,63,1790,1189,200,1077,1047,314,2130,2425,14526,827,55,97,76,102,250,62,5,44,569,64,415,67,2633,2099,1463,3046,2005,983,4621,3170,631,2447,2831,2101,5674,5485,36556,184,362,602,323,60,302,230,47,1194,132,104,2551,1246,7337,46,4,36,1,0,23,8,0,1,3,1,38,18,179,709,2262,1858,519,284,2687,906,556,467,1314,1002,2691,1695,16950,1950,2874,2627,972,892,3948,902,753,2573,2636,423,5686,6422,32658,1,0,106,1,0,0,0,0,0,0,3,194,148,453,136,0,0,22,0,11,4,0,272,2,1,10,9,467,19,93,38,127,30,109,117,17,0,78,88,216,445,1377,0,0,0,0,0,0,0,0,0,0,0,0,0,0,29.341317,11.880624,8.437444,4.289261,12.006477,9.364406,10.342385,5.919642,23.174374,10.810462,6.843651,8.107211,7.547955,9.497864,6.81422,4.655069,1.494149,0.368704,5.617138,2.531016,3.683589,0.543349,1.261716,1.901402,1.036735,2.954506,3.298243,2.508982,5.10877,0.389922,0.379838,2.536686,0.0,1.411051,0.633609,0.719699,0.442888,2.340188,0.815006,1.320651,2.151209,1.408886,10.20238,5.677864,1.50315,0.533392,0.784656,3.177082,4.67926,0.953243,5.5464,4.504001,0.940852,3.074303,3.363431,3.084417,6.268476,0.164967,0.174617,0.18681,1.270395,0.443727,0.243998,0.023831,0.226594,2.447733,0.191766,0.598984,0.092928,0.559085,15.909952,4.388122,5.483348,4.928348,12.243119,8.201842,12.475403,3.007483,12.60171,12.178439,6.29532,8.189481,7.607595,7.762216,1.394679,1.085783,1.083708,0.793943,0.747291,0.536022,0.905155,0.224012,6.148934,0.56784,0.31162,3.681947,1.728179,1.557921,0.34867,0.011998,0.064806,0.002458,0,0.040823,0.031484,0.0,0.00515,0.012905,0.002996,0.054847,0.024966,0.040503,5.374062,6.784643,3.344734,1.275717,3.537178,4.769173,3.565525,2.650017,2.404985,5.652585,3.002337,3.884014,2.350934,3.599123,14.780565,8.620276,4.729073,2.389204,11.109727,7.00733,3.549784,3.588961,13.250592,11.339585,1.267454,8.206801,8.907197,6.934524,0.00758,0.0,0.190819,0.002458,0,0.0,0.0,0,0,0,0.008989,0.280007,0.205273,0.159404,1.03085,0,0.0,0.054077,0,0.019524,0.015742,0.0,1.400762,0.008604,0.002996,0.014433,0.012483,0.132277,0.144016,0.278944,0.068407,0.31217,0.373646,0.193465,0.460449,0.081026,0,0.335542,0.263678,0.31176,0.617207,0.304963,0,0,0,0,0,0,0,0,0,0,0,0,0,0
38,3829,3827,4674,1724,956,5159,2538,1256,4457,2470,2160,5508,5379,43937,857,1506,815,115,455,1416,908,92,240,413,309,1958,2367,11451,625,140,201,1008,0,752,151,130,84,553,259,915,1512,6330,1324,1874,839,213,61,1781,1185,206,1074,1020,319,2114,2396,14406,826,54,102,92,104,258,64,9,40,558,59,420,69,2655,2061,1396,2968,1951,958,4500,3078,631,2400,2754,2035,5521,5285,35538,182,347,610,312,55,286,233,63,1176,135,94,2555,1248,7296,50,7,35,1,0,21,6,1,1,3,1,38,18,182,706,2222,1829,528,290,2640,911,566,463,1311,938,2687,1684,16775,1922,2802,2625,912,880,3923,876,790,2533,2633,377,5585,6325,32183,1,0,102,1,0,0,0,0,0,0,2,206,145,457,123,0,0,16,0,7,4,1,278,2,1,9,9,450,20,84,35,135,32,97,109,34,0,77,87,206,436,1352,0,0,0,0,0,0,0,0,0,0,0,0,0,0,29.022967,11.478704,8.414041,4.237642,11.906838,9.156742,9.988194,5.986369,22.95293,10.625484,6.472104,7.949887,7.460575,9.32948,6.495869,4.517097,1.467147,0.282673,5.666957,2.513267,3.573396,0.438492,1.235967,1.77665,0.92587,2.826049,3.282986,2.431479,4.737361,0.419916,0.361836,2.477693,0.0,1.33473,0.594254,0.619608,0.432588,2.378904,0.776053,1.320651,2.097116,1.36741,10.035625,5.620876,1.510351,0.52356,0.759746,3.161108,4.663518,0.981841,5.530951,4.387852,0.955834,3.05121,3.323208,3.058936,6.260896,0.161968,0.183618,0.226139,1.295305,0.457926,0.251869,0.042896,0.205994,2.400413,0.176784,0.606201,0.095702,0.563757,15.621921,4.187163,5.342934,4.795615,11.931747,7.987079,12.113341,3.007483,12.359666,11.8472,6.097561,7.968651,7.330199,7.546056,1.379519,1.040792,1.09811,0.766905,0.685017,0.507623,0.916962,0.300272,6.056236,0.580745,0.281656,3.68772,1.730953,1.549216,0.378989,0.020996,0.063006,0.002458,0,0.037273,0.023613,0.004766,0.00515,0.012905,0.002996,0.054847,0.024966,0.039316,5.351323,6.664667,3.292529,1.297839,3.611907,4.685753,3.585203,2.697679,2.384386,5.63968,2.810571,3.87824,2.335677,3.561964,14.568332,8.404319,4.725473,2.241723,10.960269,6.962958,3.447462,3.765311,13.044598,11.32668,1.129622,8.061024,8.77266,6.833663,0.00758,0.0,0.183618,0.002458,0,0.0,0.0,0,0,0,0.005993,0.297327,0.201112,0.160812,0.932313,0,0.0,0.039328,0,0.012424,0.015742,0.004766,1.431661,0.008604,0.002996,0.01299,0.012483,0.120312,0.151596,0.25195,0.063006,0.331834,0.398555,0.172166,0.428965,0.162051,0,0.33124,0.260682,0.297327,0.604724,0.299426,0,0,0,0,0,0,0,0,0,0,0,0,0,0
39,3730,3794,4477,1687,954,5071,2467,1212,4377,2415,2160,5396,5277,43017,807,1481,791,140,449,1398,877,111,240,413,322,1945,2311,11285,615,145,190,1021,0,779,164,139,81,541,252,892,1523,6342,1307,1830,780,197,59,1729,1125,168,1055,1010,330,2059,2307,13956,821,57,94,83,110,255,54,1,38,558,67,429,66,2633,2031,1390,2900,1917,949,4385,2996,637,2346,2662,1962,5423,5203,34801,179,354,585,346,62,274,234,66,1167,136,100,2536,1195,7234,47,6,40,1,0,24,6,1,1,3,1,46,14,190,713,2172,1863,498,293,2604,887,574,478,1290,948,2630,1670,16620,1927,2740,2503,876,865,3844,837,751,2513,2515,387,5518,6239,31515,1,0,89,1,0,0,0,0,0,0,4,192,140,427,135,0,0,9,0,11,5,0,273,2,1,6,9,451,20,87,37,103,30,103,108,31,0,78,80,197,411,1285,0,0,0,0,0,0,0,0,0,0,0,0,0,0,28.272569,11.379724,8.059406,4.146695,11.881928,9.00055,9.708776,5.776655,22.540941,10.388884,6.472104,7.788234,7.319103,9.134129,6.11688,4.442112,1.423942,0.344124,5.592228,2.481319,3.451397,0.52905,1.235967,1.77665,0.964823,2.807286,3.205315,2.396231,4.661563,0.434913,0.342034,2.509648,0.0,1.382652,0.645415,0.662504,0.417139,2.327282,0.755079,1.287455,2.112373,1.370002,9.906769,5.488902,1.40414,0.484232,0.734836,3.068813,4.427391,0.800724,5.433103,4.344834,0.988794,2.971826,3.199767,2.963384,6.222997,0.170966,0.169217,0.204016,1.370034,0.452601,0.212515,0.004766,0.195695,2.400413,0.200755,0.619191,0.091541,0.559085,15.394527,4.169166,5.220522,4.712042,11.819654,7.782964,11.790634,3.03608,12.081574,11.451433,5.878828,7.827204,7.216466,7.389563,1.35678,1.061788,1.053105,0.850478,0.772201,0.486324,0.920897,0.31457,6.009888,0.585047,0.299634,3.660297,1.657443,1.536051,0.35625,0.017996,0.072007,0.002458,0,0.042598,0.023613,0.004766,0.00515,0.012905,0.002996,0.066393,0.019418,0.041044,5.404381,6.514697,3.353735,1.224099,3.649271,4.621856,3.490752,2.735809,2.461634,5.549342,2.840535,3.79597,2.31626,3.529052,14.606231,8.218356,4.505851,2.153234,10.773446,6.82274,3.293979,3.579429,12.941601,10.819066,1.159585,7.964321,8.653379,6.691822,0.00758,0.0,0.160216,0.002458,0,0.0,0.0,0,0,0,0.011985,0.27712,0.194177,0.150255,1.02327,0,0.0,0.022122,0,0.019524,0.019677,0.0,1.405912,0.008604,0.002996,0.00866,0.012483,0.127745,0.151596,0.260948,0.066607,0.253177,0.373646,0.182815,0.42503,0.147753,0,0.335542,0.239708,0.284337,0.57005,0.284588,0,0,0,0,0,0,0,0,0,0,0,0,0,0
40,3668,3712,4338,1685,916,4808,2406,1169,4292,2378,2145,5253,5074,41844,773,1448,782,136,448,1343,865,107,227,401,289,1860,2263,10942,636,138,190,967,0,755,159,143,80,506,270,857,1428,6129,1291,1821,742,193,56,1671,1128,184,1036,985,312,2031,2306,13756,833,53,92,83,103,258,61,1,42,541,60,393,64,2584,2021,1377,2850,1846,923,4285,2987,656,2284,2572,1964,5286,5082,34133,174,332,571,364,57,280,233,60,1157,139,107,2471,1171,7116,48,6,35,0,0,27,8,2,1,3,3,37,15,185,711,2160,1835,505,286,2545,917,563,482,1287,959,2658,1677,16585,1898,2677,2526,901,851,3774,810,736,2470,2493,440,5421,6057,31054,1,0,108,1,0,1,0,0,0,0,3,184,136,434,134,0,0,15,0,7,4,0,267,3,3,5,11,449,24,75,29,117,32,105,100,25,0,77,81,193,403,1261,0,0,0,0,0,0,0,0,0,0,0,0,0,0,27.802623,11.133773,7.809181,4.141779,11.408644,8.53375,9.468713,5.571708,22.103203,10.229717,6.427159,7.581837,7.037546,8.885057,5.859168,4.343131,1.407741,0.334292,5.579773,2.383699,3.404172,0.509985,1.169018,1.725028,0.865944,2.684603,3.13874,2.323399,4.820738,0.413917,0.342034,2.376914,0.0,1.340054,0.625738,0.681569,0.411989,2.176719,0.809013,1.236938,1.98061,1.32399,9.785492,5.461908,1.335734,0.4744,0.697472,2.965869,4.439197,0.876984,5.335256,4.237288,0.934859,2.931413,3.19838,2.920917,6.313954,0.158968,0.165617,0.204016,1.28285,0.457926,0.240063,0.004766,0.216294,2.327282,0.179781,0.567231,0.088767,0.548681,15.31873,4.130174,5.130513,4.537522,11.495828,7.605474,11.755214,3.126638,11.762282,11.064269,5.884821,7.629467,7.048641,7.247722,1.318881,0.995801,1.027903,0.894723,0.709927,0.496974,0.916962,0.285973,5.958389,0.597952,0.320609,3.56648,1.624156,1.510995,0.363829,0.017996,0.063006,0.0,0,0.047922,0.031484,0.009532,0.00515,0.012905,0.008989,0.053403,0.020805,0.043814,5.389222,6.478704,3.30333,1.241305,3.562087,4.517137,3.608815,2.68338,2.482233,5.536436,2.873494,3.836384,2.325968,3.52162,14.386417,8.029394,4.547255,2.214684,10.599078,6.698497,3.187721,3.507936,12.720157,10.724426,1.318392,7.824317,8.400949,6.593934,0.00758,0.0,0.194419,0.002458,0,0.001775,0.0,0,0,0,0.008989,0.265574,0.18863,0.127451,1.01569,0,0.0,0.03687,0,0.012424,0.015742,0.0,1.375013,0.012905,0.008989,0.007217,0.015257,0.127178,0.181915,0.224955,0.052205,0.287589,0.398555,0.186365,0.393546,0.119155,0,0.33124,0.242704,0.278564,0.558954,0.279273,0,0,0,0,0,0,0,0,0,0,0,0,0,0
41,3627,3641,4224,1629,892,4759,2365,1225,4185,2355,2188,5232,4979,41301,741,1392,759,131,440,1341,860,119,224,383,303,1770,2273,10736,631,134,184,972,0,755,149,136,83,499,254,836,1417,6050,1265,1795,748,216,53,1689,1099,203,1005,970,320,1965,2256,13584,834,54,85,74,102,241,58,3,42,527,65,419,60,2564,1983,1317,2790,1840,907,4211,2931,611,2248,2552,1955,5136,4913,33394,172,328,560,331,60,261,232,55,1158,134,98,2439,1217,7045,43,6,40,1,0,25,8,0,1,2,2,37,23,188,706,2102,1858,478,292,2569,921,539,478,1270,904,2654,1686,16457,1875,2665,2486,874,841,3684,811,759,2405,2456,396,5319,5988,30559,1,0,108,1,0,1,0,0,0,0,3,187,143,444,132,0,2,21,0,8,3,0,270,3,1,9,10,459,22,87,35,112,29,97,107,26,0,76,79,200,397,1267,0,0,0,0,0,0,0,0,0,0,0,0,0,0,27.491852,10.920816,7.60396,4.004129,11.109727,8.446779,9.307359,5.838616,21.552168,10.130775,6.556002,7.551527,6.905782,8.769758,5.616615,4.175165,1.366337,0.322002,5.480135,2.380149,3.384494,0.56718,1.153569,1.647595,0.907892,2.554702,3.15261,2.279657,4.782839,0.40192,0.331233,2.389204,0.0,1.340054,0.586383,0.648206,0.427438,2.146606,0.761071,1.206628,1.965353,1.306924,9.588418,5.383923,1.346535,0.530934,0.660107,2.997817,4.325069,0.967542,5.17561,4.172761,0.95883,2.836153,3.129031,2.884395,6.321534,0.161968,0.153015,0.181894,1.270395,0.427752,0.228257,0.014299,0.216294,2.267057,0.194762,0.604757,0.083219,0.544434,15.030698,3.95021,5.022502,4.522774,11.29655,7.474131,11.534829,2.912159,11.576887,10.978233,5.857853,7.412967,6.814242,7.090804,1.303722,0.983803,1.008101,0.813608,0.747291,0.463251,0.913026,0.262142,5.963539,0.576443,0.293642,3.520293,1.687957,1.495919,0.32593,0.017996,0.072007,0.002458,0,0.044373,0.031484,0.0,0.00515,0.008604,0.005993,0.053403,0.031901,0.04254,5.351323,6.304739,3.344734,1.174938,3.636817,4.559734,3.624557,2.568991,2.461634,5.463306,2.708695,3.83061,2.338451,3.494441,14.212082,7.993401,4.475248,2.148317,10.47453,6.538755,3.191657,3.617559,12.385416,10.565259,1.186552,7.677097,8.305247,6.488827,0.00758,0.0,0.194419,0.002458,0,0.001775,0.0,0,0,0,0.008989,0.269904,0.198338,0.130387,1.000531,0,0.0036,0.051619,0,0.014199,0.011806,0.0,1.390462,0.012905,0.002996,0.01299,0.01387,0.112335,0.166755,0.260948,0.063006,0.275299,0.361191,0.172166,0.421094,0.123922,0,0.326938,0.236711,0.288667,0.550632,0.280602,0,0,0,0,0,0,0,0,0,0,0,0,0,0
42,3536,3591,4202,1600,869,4646,2327,1171,4136,2302,2119,5039,4974,40512,700,1385,775,124,421,1305,829,103,215,370,300,1741,2164,10432,613,132,178,940,0,739,145,159,78,474,248,838,1362,5906,1247,1758,747,203,57,1614,1091,195,996,953,315,1950,2277,13403,831,49,94,70,102,226,54,7,44,541,69,401,64,2552,1969,1299,2784,1851,856,4041,2864,575,2208,2505,1898,4988,4887,32725,174,337,562,330,56,288,232,53,1141,132,100,2427,1201,7033,47,5,34,1,0,28,5,0,2,2,1,41,24,190,702,2101,1851,524,281,2583,882,513,496,1262,985,2658,1683,16521,1863,2585,2428,851,805,3659,781,679,2339,2392,464,5294,5940,30080,1,0,98,1,0,0,0,0,0,0,3,181,136,420,124,0,0,20,0,7,4,0,275,3,1,7,10,451,22,79,32,114,28,105,119,27,0,73,78,194,378,1249,0,0,0,0,0,0,0,0,0,0,0,0,0,0,26.802092,10.770846,7.564356,3.932847,10.823266,8.246215,9.157812,5.58124,21.299825,9.902779,6.349254,7.272963,6.898847,8.602224,5.305844,4.154169,1.39514,0.304796,5.243492,2.316253,3.262495,0.49092,1.10722,1.591672,0.898903,2.512846,3.001429,2.215107,4.646403,0.395921,0.320432,2.310547,0.0,1.311656,0.570641,0.757829,0.401689,2.03906,0.743093,1.209514,1.889069,1.275817,9.451982,5.272945,1.344734,0.49898,0.709927,2.864699,4.293585,0.929412,5.129262,4.09963,0.943849,2.814503,3.158158,2.845962,6.298795,0.146971,0.169217,0.172062,1.270395,0.401129,0.212515,0.033364,0.226594,2.327282,0.206748,0.578777,0.088767,0.541886,14.924581,3.896221,5.011701,4.549812,10.661353,7.172397,11.271153,2.740575,11.370893,10.776047,5.687062,7.199353,6.77818,6.94875,1.318881,1.010798,1.011701,0.81115,0.697472,0.511173,0.913026,0.25261,5.875991,0.56784,0.299634,3.502973,1.665765,1.493371,0.35625,0.014997,0.061206,0.002458,0,0.049697,0.019677,0.0,0.0103,0.008604,0.002996,0.059177,0.033288,0.042992,5.321004,6.30174,3.332133,1.288007,3.499813,4.584583,3.471074,2.445069,2.554331,5.428891,2.951399,3.836384,2.33429,3.508031,14.121125,7.753449,4.370837,2.091783,10.026155,6.494382,3.073593,3.236261,12.045525,10.289942,1.390304,7.641014,8.238672,6.387117,0.00758,0.0,0.176418,0.002458,0,0.0,0.0,0,0,0,0.008989,0.261244,0.18863,0.147792,0.939892,0,0.0,0.049161,0,0.012424,0.015742,0.0,1.416212,0.012905,0.002996,0.010103,0.01387,0.127745,0.166755,0.236953,0.057606,0.280215,0.348736,0.186365,0.46832,0.128688,0,0.314033,0.233715,0.280007,0.524279,0.276615,0,0,0,0,0,0,0,0,0,0,0,0,0,0
43,3535,3494,4092,1626,873,4584,2253,1190,4055,2269,2053,4999,4898,39921,670,1333,721,124,426,1308,811,96,206,378,286,1651,2175,10185,622,113,164,923,0,720,141,132,78,462,248,772,1348,5723,1228,1726,744,191,53,1573,1045,184,983,939,300,1906,2215,13087,830,42,85,75,102,241,49,7,43,537,60,380,59,2510,1901,1276,2672,1836,847,4013,2789,556,2171,2471,1889,4931,4868,32220,186,321,538,338,51,277,227,57,1131,130,96,2359,1170,6881,54,6,30,1,0,24,6,1,2,1,0,47,19,191,688,2104,1814,505,287,2501,866,536,495,1269,882,2579,1691,16217,1834,2548,2430,809,791,3559,770,704,2292,2395,399,5155,5886,29572,1,0,84,1,0,0,0,0,0,0,3,189,123,401,128,0,1,13,0,10,3,0,274,1,2,5,10,447,21,75,39,123,29,107,110,27,0,71,74,180,370,1226,0,0,0,0,0,0,0,0,0,0,0,0,0,0,26.794512,10.479904,7.366337,3.996755,10.873085,8.136171,8.866588,5.671798,20.882686,9.760819,6.151495,7.21523,6.793437,8.476732,5.078451,3.9982,1.29793,0.304796,5.305767,2.321578,3.191657,0.457557,1.060871,1.626086,0.856955,2.382946,3.016685,2.162659,4.714621,0.338932,0.29523,2.268761,0.0,1.277933,0.5549,0.629141,0.401689,1.987439,0.743093,1.114254,1.869651,1.236285,9.307966,5.176965,1.339334,0.469484,0.660107,2.791928,4.112554,0.876984,5.062313,4.039405,0.898903,2.750996,3.072165,2.778863,6.291215,0.125975,0.153015,0.184352,1.270395,0.427752,0.192837,0.033364,0.221444,2.310075,0.179781,0.548467,0.081832,0.532968,14.409156,3.827235,4.810081,4.512942,10.549259,7.122699,10.975994,2.650017,11.180348,10.629786,5.660095,7.117083,6.751827,6.84152,1.409839,0.962807,0.968497,0.830814,0.635197,0.491649,0.893349,0.271674,5.824493,0.559236,0.287649,3.404827,1.622769,1.461095,0.409308,0.017996,0.054005,0.002458,0,0.042598,0.023613,0.004766,0.0103,0.004302,0.0,0.067837,0.026353,0.044466,5.214887,6.310738,3.265527,1.241305,3.574542,4.439041,3.408107,2.554692,2.549181,5.459004,2.642776,3.72236,2.345386,3.44348,13.901311,7.642472,4.374437,1.988546,9.851787,6.316892,3.030303,3.355417,11.803481,10.302848,1.195541,7.44039,8.163775,6.27925,0.00758,0.0,0.151215,0.002458,0,0.0,0.0,0,0,0,0.008989,0.27279,0.170599,0.141106,0.970211,0,0.0018,0.031954,0,0.017749,0.011806,0.0,1.411062,0.004302,0.005993,0.007217,0.01387,0.109398,0.159175,0.224955,0.070207,0.302338,0.361191,0.189915,0.4329,0.128688,0,0.305429,0.221729,0.2598,0.513183,0.271521,0,0,0,0,0,0,0,0,0,0,0,0,0,0
44,3500,3493,4069,1617,841,4370,2203,1109,4021,2243,2065,4869,4797,39197,629,1333,682,129,422,1261,795,106,202,364,304,1648,2060,9935,625,112,156,942,0,696,143,147,77,470,253,750,1320,5691,1211,1731,731,195,57,1555,1036,184,974,944,295,1850,2195,12958,830,46,79,63,103,233,52,3,44,525,42,375,64,2459,1865,1247,2635,1767,846,3866,2757,582,2139,2447,1827,4843,4742,31563,176,329,521,313,48,261,242,51,1120,132,91,2320,1180,6784,52,6,35,0,0,22,8,1,2,1,2,42,21,192,669,2088,1797,520,296,2496,828,510,500,1277,972,2587,1679,16219,1814,2545,2346,767,792,3523,729,699,2288,2376,407,5072,5766,29124,1,1,85,2,0,0,0,0,0,0,3,177,119,388,127,0,0,12,0,12,4,0,276,1,1,4,13,450,21,75,34,100,27,107,111,30,0,73,82,175,354,1189,0,0,0,0,0,0,0,0,0,0,0,0,0,0,26.52922,10.476905,7.324932,3.974633,10.47453,7.756341,8.669815,5.285735,20.707591,9.648972,6.187451,7.027597,6.653352,8.323,4.76768,3.9982,1.227723,0.317086,5.255947,2.238157,3.128689,0.505219,1.040272,1.565861,0.910889,2.378616,2.857182,2.109575,4.737361,0.335933,0.280828,2.315463,0.0,1.235335,0.562771,0.700634,0.396539,2.021853,0.758075,1.082501,1.830816,1.229373,9.17911,5.191962,1.315932,0.479316,0.709927,2.759979,4.077135,0.876984,5.015965,4.060914,0.883922,2.670169,3.044425,2.751472,6.291215,0.137972,0.142214,0.154856,1.28285,0.413553,0.204644,0.014299,0.226594,2.258453,0.125846,0.541251,0.088767,0.522138,14.136284,3.740252,4.743474,4.343338,10.536804,6.861788,10.850059,2.773938,11.015553,10.526542,5.474321,6.99007,6.577068,6.702014,1.334041,0.986803,0.937894,0.769363,0.597833,0.463251,0.952381,0.243077,5.767844,0.56784,0.272667,3.348536,1.636639,1.440499,0.394148,0.017996,0.063006,0.0,0,0.039048,0.031484,0.004766,0.0103,0.004302,0.005993,0.06062,0.029127,0.045472,5.070871,6.262747,3.234923,1.278175,3.686636,4.430166,3.25856,2.430771,2.57493,5.493418,2.912447,3.733907,2.328742,3.443905,13.749716,7.633473,4.223222,1.885308,9.864242,6.252995,2.868949,3.331586,11.782882,10.221113,1.219512,7.320593,7.997337,6.184122,0.00758,0.002999,0.153015,0.004916,0,0.0,0.0,0,0,0,0.008989,0.25547,0.165051,0.122196,0.962632,0,0.0,0.029496,0,0.021299,0.015742,0.0,1.421362,0.004302,0.002996,0.005773,0.018031,0.127461,0.159175,0.224955,0.061206,0.245803,0.336281,0.189915,0.436836,0.142987,0,0.314033,0.2457,0.252584,0.490992,0.263327,0,0,0,0,0,0,0,0,0,0,0,0,0,0
45,3495,3384,3887,1531,841,4404,2138,1206,3942,2227,2067,4781,4720,38623,601,1294,659,125,414,1255,796,100,199,365,313,1603,2044,9768,617,119,150,921,0,701,144,130,78,470,229,725,1262,5546,1216,1694,729,187,52,1520,1027,190,969,932,287,1792,2121,12716,822,48,71,72,108,230,51,5,42,523,63,375,50,2460,1848,1202,2583,1722,844,3831,2715,583,2127,2400,1769,4729,4624,30977,177,320,525,324,58,284,227,61,1116,134,104,2317,1172,6819,49,5,32,0,0,26,8,1,1,1,0,38,22,183,675,2062,1802,533,300,2513,846,548,487,1279,918,2567,1671,16201,1805,2489,2237,793,779,3430,738,667,2247,2358,420,5030,5711,28704,1,0,89,2,0,0,0,0,0,0,0,182,129,403,125,0,0,20,0,8,4,0,270,2,0,6,11,446,22,75,35,117,26,100,109,19,0,69,82,178,347,1179,0,0,0,0,0,0,0,0,0,0,0,0,0,0,26.491321,10.14997,6.9973,3.763243,10.47453,7.816688,8.41401,5.748058,20.300752,9.580143,6.193444,6.900583,6.546554,8.201118,4.555446,3.881224,1.186319,0.307254,5.156308,2.227507,3.132625,0.476622,1.024822,1.570163,0.937856,2.313665,2.834991,2.074114,4.676723,0.356929,0.270027,2.263845,0.0,1.244209,0.566706,0.619608,0.401689,2.021853,0.686163,1.046418,1.750371,1.19805,9.217009,5.080984,1.312331,0.459651,0.647652,2.697858,4.041716,0.905581,4.990215,4.009292,0.859951,2.586456,2.941788,2.700086,6.230577,0.143971,0.127813,0.176978,1.345124,0.408228,0.200708,0.023831,0.216294,2.249849,0.18877,0.541251,0.069349,0.522351,14.007428,3.605279,4.649865,4.232726,10.511894,6.799666,10.68477,2.778705,10.953754,10.324357,5.300533,6.82553,6.413404,6.577584,1.341621,0.959808,0.945095,0.796401,0.722381,0.504073,0.893349,0.290739,5.747245,0.576443,0.31162,3.344206,1.625543,1.447931,0.371409,0.014997,0.057606,0.0,0,0.046148,0.031484,0.004766,0.00515,0.004302,0.0,0.054847,0.030514,0.04706,5.11635,6.184763,3.243924,1.31013,3.736455,4.46034,3.329398,2.611887,2.507982,5.502022,2.750644,3.70504,2.317647,3.440083,13.681498,7.465507,4.027003,1.949217,9.702329,6.087929,2.904368,3.179067,11.571738,10.143681,1.258465,7.259973,7.921053,6.09494,0.00758,0.0,0.160216,0.004916,0,0.0,0.0,0,0,0,0.0,0.262687,0.178921,0.16068,0.947472,0,0.0,0.049161,0,0.014199,0.015742,0.0,1.390462,0.008604,0.0,0.00866,0.015257,0.139517,0.166755,0.224955,0.063006,0.287589,0.323826,0.177491,0.428965,0.090558,0,0.296825,0.2457,0.256914,0.481283,0.261112,0,0,0,0,0,0,0,0,0,0,0,0,0,0
46,3446,3340,3857,1475,792,4316,2129,1130,3877,2197,1956,4698,4641,37854,573,1264,645,111,401,1210,756,95,190,361,264,1561,1958,9389,609,112,147,928,0,660,158,117,79,451,217,757,1265,5500,1195,1675,682,198,54,1535,1011,194,944,925,290,1790,2079,12572,815,47,87,64,106,240,49,5,47,537,56,364,54,2471,1819,1184,2514,1722,851,3710,2630,619,2099,2366,1756,4652,4530,30452,172,331,512,321,57,270,229,54,1089,140,89,2306,1154,6724,59,4,28,2,0,29,8,2,1,1,1,32,10,177,669,2067,1818,527,268,2459,823,535,482,1279,924,2601,1705,16157,1800,2430,2347,788,783,3403,744,689,2222,2309,371,5023,5544,28453,1,1,91,1,0,0,0,0,0,0,0,178,132,404,139,0,1,13,0,11,5,0,264,2,0,8,11,454,23,72,36,103,28,98,104,24,0,72,84,176,329,1149,0,0,0,0,0,0,0,0,0,0,0,0,0,0,26.119912,10.017996,6.943294,3.625593,9.864242,7.660496,8.378591,5.385825,19.966011,9.451088,5.86085,6.780786,6.436982,8.03783,4.343212,3.791242,1.161116,0.272841,4.994395,2.147637,2.975207,0.452791,0.978474,1.552955,0.791035,2.253045,2.71571,1.993638,4.616084,0.335933,0.264626,2.281051,0.0,1.171438,0.621802,0.557647,0.406839,1.940119,0.650207,1.092604,1.754532,1.188113,9.057834,5.023995,1.227723,0.48669,0.672562,2.724481,3.978749,0.924646,4.861469,3.979179,0.86894,2.583569,2.883535,2.669509,6.177518,0.140972,0.156616,0.157314,1.320214,0.425978,0.192837,0.023831,0.242043,2.310075,0.167795,0.525374,0.074897,0.524686,13.787615,3.55129,4.525653,4.232726,10.599078,6.584903,10.350256,2.950288,10.809558,10.178095,5.261581,6.714393,6.283028,6.466107,1.303722,0.992801,0.921692,0.789027,0.709927,0.479225,0.90122,0.257376,5.608199,0.602254,0.266675,3.32833,1.600577,1.427758,0.447207,0.011998,0.050405,0.004916,0,0.051472,0.031484,0.009532,0.00515,0.004302,0.002996,0.046187,0.01387,0.038236,5.070871,6.19976,3.272727,1.295381,3.3379,4.364495,3.238882,2.549926,2.482233,5.502022,2.768622,3.754114,2.364804,3.43074,13.643599,7.288542,4.225023,1.936927,9.752148,6.040006,2.927981,3.283924,11.442991,9.932892,1.111644,7.24987,7.689427,6.041644,0.00758,0.002999,0.163816,0.002458,0,0.0,0.0,0,0,0,0.0,0.256914,0.183082,0.142179,1.053589,0,0.0018,0.031954,0,0.019524,0.019677,0.0,1.359563,0.008604,0.0,0.011547,0.015257,0.120994,0.174335,0.215957,0.064806,0.253177,0.348736,0.173941,0.409288,0.114389,0,0.309731,0.251693,0.254027,0.456317,0.254468,0,0,0,0,0,0,0,0,0,0,0,0,0,0
47,3409,3279,3875,1445,794,4271,2071,1039,3826,2167,1946,4632,4606,37360,565,1250,643,110,399,1196,753,115,196,357,287,1490,1943,9304,586,114,150,915,0,684,149,96,75,451,219,696,1252,5387,1168,1598,686,185,50,1451,1003,157,942,891,270,1764,2106,12271,819,49,77,69,105,218,47,3,43,534,50,378,51,2443,1830,1167,2494,1661,841,3707,2611,553,2064,2329,1727,4566,4512,30062,177,297,509,285,56,280,231,46,1089,137,83,2241,1139,6570,46,4,28,3,0,24,6,1,1,2,0,34,20,169,675,2086,1770,511,284,2428,812,482,484,1265,884,2524,1694,15899,1795,2396,2270,719,764,3325,713,638,2186,2277,418,4929,5594,28024,1,1,103,2,0,0,0,0,0,0,4,176,118,405,128,0,2,13,0,8,3,0,266,2,1,5,10,438,22,72,30,98,28,96,110,23,0,68,73,184,323,1127,0,0,0,0,0,0,0,0,0,0,0,0,0,0,25.83946,9.835033,6.975698,3.551852,9.889152,7.580625,8.150335,4.9521,19.703368,9.322034,5.830886,6.685526,6.388438,7.932935,4.282574,3.74925,1.157516,0.270383,4.969486,2.122788,2.9634,0.548115,1.009373,1.535748,0.859951,2.150569,2.694906,1.97559,4.441749,0.341932,0.270027,2.249097,0.0,1.214036,0.586383,0.457557,0.38624,1.940119,0.656199,1.004561,1.736501,1.163703,8.85318,4.793041,1.234923,0.454735,0.622743,2.575389,3.947265,0.748296,4.851169,3.832917,0.809013,2.546042,2.920984,2.605596,6.207837,0.146971,0.138614,0.169604,1.307759,0.38693,0.184967,0.014299,0.221444,2.297169,0.149817,0.545581,0.070736,0.518741,13.870992,3.5003,4.489649,4.082786,10.47453,6.579578,10.275482,2.635718,10.629313,10.018928,5.174687,6.590266,6.258062,6.383295,1.341621,0.890822,0.916292,0.700538,0.697472,0.496974,0.909091,0.219246,5.608199,0.589349,0.248697,3.234513,1.579772,1.395058,0.34867,0.011998,0.050405,0.007374,0,0.042598,0.023613,0.004766,0.00515,0.008604,0.0,0.049073,0.02774,0.039344,5.11635,6.256749,3.186319,1.256053,3.537178,4.309473,3.195592,2.297317,2.492533,5.441796,2.648769,3.642977,2.349547,3.375957,13.6057,7.186563,4.086409,1.767323,9.515506,5.901564,2.805982,3.040846,11.257596,9.795234,1.252472,7.114197,7.758776,5.950551,0.00758,0.002999,0.185419,0.004916,0,0.0,0.0,0,0,0,0.011985,0.254027,0.163664,0.12755,0.970211,0,0.0036,0.031954,0,0.014199,0.011806,0.0,1.369863,0.008604,0.002996,0.007217,0.01387,0.107196,0.166755,0.215957,0.054005,0.240887,0.348736,0.170391,0.4329,0.109623,0,0.292523,0.218733,0.265574,0.447995,0.249596,0,0,0,0,0,0,0,0,0,0,0,0,0,0
48,3387,3261,3757,1406,780,4028,2071,1036,3803,2126,1933,4521,4477,36586,560,1257,631,128,389,1147,736,99,193,361,283,1495,1938,9217,565,110,140,839,0,645,139,103,73,423,221,720,1207,5185,1156,1584,639,197,50,1427,964,169,930,858,278,1710,2074,12036,805,48,75,66,104,214,47,4,44,515,56,373,53,2404,1790,1173,2407,1621,813,3655,2626,518,2050,2332,1605,4448,4432,29470,173,324,495,267,59,249,241,58,1077,134,91,2219,1138,6525,51,5,29,1,0,26,7,3,1,2,2,37,15,179,669,2069,1790,525,280,2367,818,501,487,1244,865,2509,1705,15829,1757,2389,2274,747,769,3248,709,638,2128,2217,410,4905,5446,27637,1,2,92,0,0,1,0,0,0,0,2,171,122,391,130,0,1,10,0,10,4,0,264,2,0,6,11,438,22,79,38,105,26,86,114,34,0,70,79,181,348,1182,0,0,0,0,0,0,0,0,0,0,0,0,0,0,25.672705,9.781044,6.763276,3.455989,9.714784,7.149323,8.150335,4.937801,19.584921,9.145659,5.791934,6.525316,6.209517,7.768586,4.244675,3.770246,1.135914,0.314628,4.844937,2.035818,2.896497,0.471855,0.993923,1.552955,0.847965,2.157785,2.687971,1.957116,4.282574,0.329934,0.252025,2.062286,0.0,1.144815,0.547029,0.49092,0.37594,1.819668,0.662192,1.039201,1.674087,1.120066,8.762222,4.75105,1.150315,0.484232,0.622743,2.532791,3.793782,0.805491,4.789371,3.690958,0.832984,2.468102,2.8766,2.555696,6.101721,0.143971,0.135014,0.16223,1.295305,0.37983,0.184967,0.019065,0.226594,2.215435,0.167795,0.538364,0.07351,0.51046,13.567801,3.518296,4.333033,3.984465,10.125794,6.487283,10.334514,2.4689,10.557215,10.031833,4.809133,6.419953,6.147103,6.257591,1.311301,0.971806,0.891089,0.656294,0.734836,0.441952,0.948445,0.276441,5.5464,0.576443,0.272667,3.20276,1.578385,1.385503,0.386569,0.014997,0.052205,0.002458,0,0.046148,0.027548,0.014299,0.00515,0.008604,0.005993,0.053403,0.020805,0.038668,5.070871,6.205759,3.222322,1.290465,3.487358,4.201203,3.219205,2.387875,2.507982,5.351458,2.591838,3.621327,2.364804,3.361093,13.317668,7.165567,4.093609,1.836148,9.577781,5.764896,2.79024,3.040846,10.958904,9.537125,1.228501,7.079557,7.553503,5.868376,0.00758,0.005999,0.165617,0.0,0,0.001775,0.0,0,0,0,0.005993,0.24681,0.169212,0.117354,0.985371,0,0.0018,0.02458,0,0.017749,0.015742,0.0,1.359563,0.008604,0.0,0.00866,0.015257,0.11673,0.166755,0.236953,0.068407,0.258093,0.323826,0.152642,0.448642,0.162051,0,0.301127,0.236711,0.261244,0.48267,0.261777,0,0,0,0,0,0,0,0,0,0,0,0,0,0
49,3364,3220,3749,1461,796,4049,2042,1094,3739,2129,1853,4446,4460,36402,548,1235,613,118,393,1155,734,100,193,363,238,1455,1919,9064,577,115,141,827,0,642,131,110,74,437,220,655,1222,5151,1156,1607,697,179,51,1429,962,142,906,863,278,1754,2070,12094,806,50,88,60,99,209,41,6,43,518,60,372,51,2403,1808,1144,2433,1518,797,3610,2577,535,2018,2315,1696,4470,4379,29300,167,326,486,271,58,264,230,50,1081,144,97,2219,1174,6567,52,6,38,2,0,24,7,3,2,2,1,31,21,189,689,2012,1839,521,289,2347,842,491,498,1208,854,2522,1692,15804,1758,2363,2237,691,764,3285,707,592,2104,2249,398,4891,5487,27526,1,2,101,0,0,1,0,0,0,0,1,164,125,395,135,0,2,14,0,8,6,0,265,2,2,7,11,452,21,74,30,99,28,104,118,16,0,76,75,186,330,1157,0,0,0,0,0,0,0,0,0,0,0,0,0,0,25.49837,9.658068,6.748875,3.591181,9.914062,7.186596,8.036206,5.214241,19.25533,9.158565,5.552226,6.417066,6.185939,7.729516,4.153718,3.704259,1.10351,0.290047,4.894757,2.050017,2.888627,0.476622,0.993923,1.561559,0.71313,2.100052,2.661618,1.924629,4.373531,0.344931,0.253825,2.03279,0.0,1.13949,0.515545,0.524284,0.38109,1.879893,0.659196,0.945384,1.694892,1.112722,8.762222,4.820036,1.254725,0.439987,0.635197,2.536341,3.785911,0.676803,4.665774,3.712467,0.832984,2.531609,2.871052,2.568012,6.1093,0.14997,0.158416,0.147482,1.23303,0.370955,0.161354,0.028597,0.221444,2.22834,0.179781,0.536921,0.070736,0.510247,13.704237,3.431314,4.379838,3.731288,9.926516,6.407412,10.141677,2.549926,10.392419,9.958703,5.0818,6.451706,6.073593,6.221494,1.265823,0.977804,0.874887,0.666126,0.722381,0.468575,0.905155,0.238311,5.567,0.619461,0.290645,3.20276,1.628317,1.394421,0.394148,0.017996,0.068407,0.004916,0,0.042598,0.027548,0.014299,0.0103,0.008604,0.002996,0.044743,0.029127,0.040828,5.222466,6.034793,3.310531,1.280633,3.599452,4.165705,3.313656,2.340213,2.564631,5.196593,2.558878,3.64009,2.346773,3.355785,13.325248,7.087582,4.027003,1.698498,9.515506,5.830567,2.782369,2.8216,10.835307,9.674783,1.192545,7.05935,7.610369,5.844807,0.00758,0.005999,0.181818,0.0,0,0.001775,0.0,0,0,0,0.002996,0.236707,0.173373,0.118554,1.02327,0,0.0036,0.034412,0,0.014199,0.023613,0.0,1.364713,0.008604,0.005993,0.010103,0.015257,0.110622,0.159175,0.221956,0.054005,0.243345,0.348736,0.18459,0.464384,0.076259,0,0.326938,0.224726,0.26846,0.457704,0.25624,0,0,0,0,0,0,0,0,0,0,0,0,0,0
50,3286,3174,3757,1403,776,3992,1964,997,3648,2100,1813,4384,4410,35704,547,1227,615,108,384,1131,702,96,187,346,258,1457,1843,8901,558,98,128,792,0,599,129,106,73,425,223,658,1162,4951,1121,1578,684,211,48,1405,914,153,905,834,282,1655,2042,11832,811,42,81,62,104,206,42,7,42,512,52,364,41,2366,1789,1145,2349,1477,811,3499,2555,515,1994,2282,1606,4329,4358,28709,164,334,520,270,55,248,243,54,1073,138,74,2209,1138,6520,46,7,29,3,0,21,6,3,1,2,0,38,15,171,685,2074,1758,477,291,2346,812,483,509,1222,908,2561,1694,15820,1752,2344,2196,738,744,3261,686,612,2096,2199,337,4898,5395,27258,1,1,102,1,0,0,0,0,0,0,5,163,114,387,124,0,3,15,0,10,4,0,264,2,0,5,11,438,19,78,35,93,30,90,107,19,0,69,69,173,311,1093,0,0,0,0,0,0,0,0,0,0,0,0,0,0,24.907148,9.520096,6.763276,3.448615,9.664965,7.085426,7.72924,4.751918,18.786693,9.033812,5.432373,6.327579,6.11659,7.581304,4.146138,3.680264,1.107111,0.265467,4.782663,2.007419,2.762692,0.457557,0.963024,1.488428,0.773057,2.102939,2.556207,1.890018,4.229516,0.293941,0.230423,1.946759,0.0,1.063169,0.507674,0.505219,0.37594,1.828272,0.668185,0.949714,1.611673,1.069518,8.49693,4.733053,1.231323,0.518644,0.597833,2.493743,3.597009,0.729231,4.660624,3.587714,0.844969,2.388719,2.832217,2.512379,6.147199,0.125975,0.145815,0.152398,1.295305,0.365631,0.165289,0.033364,0.216294,2.202529,0.15581,0.525374,0.056866,0.502391,13.560221,3.434313,4.228623,3.630509,10.100884,6.210397,10.055096,2.454602,10.268823,9.816743,4.812129,6.248196,6.044467,6.096002,1.243083,1.0018,0.936094,0.663668,0.685017,0.440177,0.956316,0.257376,5.525801,0.593651,0.221729,3.188326,1.578385,1.384442,0.34867,0.020996,0.052205,0.007374,0,0.037273,0.023613,0.014299,0.00515,0.008604,0.0,0.054847,0.020805,0.03981,5.192147,6.220756,3.164716,1.17248,3.624362,4.16393,3.195592,2.302083,2.621279,5.256818,2.720681,3.69638,2.349547,3.359182,13.27977,7.030594,3.953195,1.814026,9.266409,5.78797,2.699725,2.916925,10.794109,9.459692,1.009768,7.069453,7.482767,5.7879,0.00758,0.002999,0.183618,0.002458,0,0.0,0.0,0,0,0,0.014982,0.235264,0.158116,0.121881,0.939892,0,0.005401,0.03687,0,0.017749,0.015742,0.0,1.359563,0.008604,0.0,0.007217,0.015257,0.11673,0.144016,0.233953,0.063006,0.228597,0.373646,0.159742,0.421094,0.090558,0,0.296825,0.206748,0.249697,0.431351,0.242066,0,0,0,0,0,0,0,0,0,0,0,0,0,0
51,3254,3111,3595,1375,754,3972,1926,1078,3608,2054,1778,4315,4325,35145,540,1230,600,104,391,1104,700,97,175,349,244,1444,1870,8848,561,99,136,770,0,593,127,120,73,440,210,617,1149,4895,1099,1543,657,214,44,1395,891,155,890,823,230,1655,1940,11536,793,46,77,51,100,201,45,3,38,530,53,350,53,2340,1749,1151,2306,1525,783,3511,2523,540,1979,2253,1581,4274,4312,28487,174,308,476,250,53,250,232,53,1072,139,82,2176,1145,6410,44,6,28,3,0,16,8,1,2,2,2,38,15,165,678,2046,1741,506,288,2284,838,471,517,1209,864,2480,1673,15595,1725,2327,2133,678,743,3284,680,604,2083,2180,357,4752,5383,26929,1,1,97,0,0,0,0,0,0,0,1,164,122,386,127,0,2,14,0,10,3,0,262,2,1,7,11,439,21,77,31,94,29,94,104,27,0,76,79,177,333,1142,0,0,0,0,0,0,0,0,0,0,0,0,0,0,24.664595,9.331134,6.471647,3.37979,9.390958,7.049928,7.579693,5.137982,18.580698,8.835929,5.3275,6.227989,5.998696,7.462607,4.09308,3.689262,1.080108,0.255635,4.869847,1.959497,2.754821,0.462323,0.901226,1.501334,0.731108,2.084175,2.593656,1.878764,4.252255,0.296941,0.244824,1.892682,0.0,1.052519,0.499803,0.571946,0.37594,1.892799,0.629232,0.890537,1.593642,1.05742,8.330175,4.628074,1.182718,0.526018,0.548013,2.475994,3.506494,0.738764,4.583376,3.540394,0.689159,2.388719,2.690745,2.449527,6.010763,0.137972,0.138614,0.125359,1.245485,0.356756,0.177096,0.014299,0.195695,2.279962,0.158806,0.505167,0.07351,0.49687,13.25703,3.45231,4.151215,3.748494,9.752148,6.231696,9.929162,2.573757,10.191575,9.69199,4.737221,6.168812,5.980665,6.048863,1.318881,0.923815,0.856886,0.614507,0.660107,0.443727,0.913026,0.25261,5.520651,0.597952,0.2457,3.140696,1.588094,1.361084,0.33351,0.017996,0.050405,0.007374,0,0.028399,0.031484,0.004766,0.0103,0.008604,0.005993,0.054847,0.020805,0.035643,5.139089,6.136773,3.134113,1.243763,3.586997,4.053886,3.297914,2.244888,2.662478,5.200895,2.588842,3.57947,2.320421,3.311406,13.075116,6.979604,3.839784,1.666544,9.253954,5.828793,2.676112,2.878795,10.72716,9.377957,1.069695,6.858726,7.466123,5.718041,0.00758,0.002999,0.174617,0.0,0,0.0,0.0,0,0,0,0.002996,0.236707,0.169212,0.139431,0.962632,0,0.0036,0.034412,0,0.017749,0.011806,0.0,1.349264,0.008604,0.002996,0.010103,0.015257,0.107441,0.159175,0.230954,0.055806,0.231055,0.361191,0.166841,0.409288,0.128688,0,0.326938,0.236711,0.25547,0.461865,0.252918,0,0,0,0,0,0,0,0,0,0,0,0,0,0
52,3265,3107,3536,1345,760,3849,1886,1058,3587,2075,1725,4222,4310,34725,534,1191,609,83,379,1100,689,94,177,344,236,1398,1830,8664,540,110,134,737,0,593,124,101,72,439,199,617,1118,4784,1092,1513,645,164,46,1363,878,161,868,858,274,1609,1903,11374,795,47,79,55,105,199,44,2,35,523,47,357,46,2334,1729,1114,2226,1486,805,3461,2504,536,1955,2210,1601,4279,4253,28159,177,325,476,264,50,234,229,51,1056,144,68,2160,1125,6359,45,6,32,1,0,32,8,2,2,2,0,38,17,185,689,2098,1786,489,291,2294,801,508,504,1221,830,2464,1671,15646,1700,2353,2099,679,749,3140,674,643,2068,2148,315,4806,5399,26773,1,2,93,0,0,0,0,0,0,0,4,162,125,387,131,0,1,8,0,7,2,0,257,1,0,5,12,424,18,70,32,105,29,78,105,23,0,70,67,173,320,1090,0,0,0,0,0,0,0,0,0,0,0,0,0,0,24.747972,9.319136,6.365437,3.306049,9.465687,6.831615,7.422275,5.042658,18.472551,8.926267,5.168694,6.093759,5.977892,7.373426,4.047601,3.572286,1.09631,0.204016,4.720389,1.952397,2.711531,0.448024,0.911525,1.479824,0.707137,2.017782,2.538177,1.839694,4.09308,0.329934,0.241224,1.811567,0.0,1.052519,0.487997,0.481388,0.37079,1.888497,0.596273,0.890537,1.550646,1.033442,8.277117,4.538092,1.161116,0.403117,0.572923,2.419197,3.455333,0.767361,4.470079,3.690958,0.820998,2.322326,2.639426,2.415129,6.025923,0.140972,0.142214,0.135192,1.307759,0.353206,0.17316,0.009532,0.180245,2.249849,0.140828,0.51527,0.063801,0.495596,13.105435,3.341332,4.007201,3.652631,10.026155,6.142951,9.854388,2.554692,10.067978,9.507012,4.797147,6.176029,5.898834,5.979216,1.341621,0.974805,0.856886,0.64892,0.622743,0.415328,0.90122,0.243077,5.438253,0.619461,0.203751,3.117603,1.560355,1.350255,0.34109,0.017996,0.057606,0.002458,0,0.056797,0.031484,0.009532,0.0103,0.008604,0.0,0.054847,0.023579,0.043069,5.222466,6.292741,3.215122,1.201976,3.624362,4.071635,3.152302,2.421238,2.59553,5.252517,2.486966,3.556377,2.317647,3.322235,12.885621,7.057588,3.778578,1.669002,9.328684,5.573206,2.652499,3.064678,10.649912,9.240299,0.943849,6.936666,7.488315,5.684916,0.00758,0.005999,0.167417,0.0,0,0.0,0.0,0,0,0,0.011985,0.23382,0.173373,0.139792,0.992951,0,0.0018,0.019664,0,0.012424,0.007871,0.0,1.323514,0.004302,0.0,0.007217,0.016644,0.112999,0.136436,0.209958,0.057606,0.258093,0.361191,0.138443,0.413223,0.109623,0,0.301127,0.200755,0.249697,0.443834,0.241401,0,0,0,0,0,0,0,0,0,0,0,0,0,0
53,3227,3054,3547,1331,732,3907,1889,979,3516,2061,1736,4192,4245,34416,528,1204,582,102,380,1099,686,104,170,346,230,1379,1799,8609,541,103,135,735,0,550,117,108,72,429,223,589,1171,4773,1072,1524,651,190,46,1396,857,152,861,829,229,1612,1927,11346,803,43,84,50,103,187,42,5,38,537,59,356,43,2350,1728,1096,2316,1486,776,3416,2462,473,1946,2182,1578,4220,4185,27864,185,317,511,222,53,262,227,51,1051,139,93,2138,1142,6391,48,7,37,1,0,26,8,2,2,2,0,36,23,192,693,2081,1737,475,295,2306,828,460,510,1226,857,2509,1657,15634,1696,2335,2148,631,745,3192,676,595,2036,2170,336,4701,5339,26600,1,1,101,0,0,0,0,0,0,0,3,162,118,386,126,0,2,10,0,8,2,0,260,2,0,9,12,431,21,79,44,96,31,110,107,28,0,68,86,171,320,1161,0,0,0,0,0,0,0,0,0,0,0,0,0,0,24.459941,9.160168,6.385239,3.271637,9.116951,6.934559,7.434081,4.666126,18.106911,8.866041,5.201654,6.050459,5.887738,7.307813,4.002122,3.611278,1.047705,0.250719,4.732843,1.950622,2.699725,0.495687,0.875476,1.488428,0.689159,1.990359,2.49518,1.828015,4.100659,0.308938,0.243024,1.806651,0.0,0.976199,0.460449,0.514751,0.37079,1.845479,0.668185,0.850124,1.624156,1.031066,8.125521,4.571086,1.171917,0.467026,0.572923,2.477769,3.372688,0.724465,4.43403,3.566205,0.686163,2.326656,2.672714,2.409183,6.086561,0.128974,0.151215,0.122901,1.28285,0.331907,0.165289,0.023831,0.195695,2.310075,0.176784,0.513827,0.05964,0.498994,13.097855,3.287343,4.169217,3.652631,9.664965,6.06308,9.689099,2.254421,10.021629,9.386561,4.728232,6.090872,5.804519,5.916577,1.402259,0.95081,0.919892,0.545682,0.660107,0.465025,0.893349,0.243077,5.412504,0.597952,0.27866,3.08585,1.583933,1.35705,0.363829,0.020996,0.066607,0.002458,0,0.046148,0.031484,0.009532,0.0103,0.008604,0.0,0.05196,0.031901,0.044698,5.252786,6.241752,3.126913,1.167564,3.674181,4.092934,3.25856,2.19246,2.626429,5.274026,2.567867,3.621327,2.298229,3.319687,12.855302,7.003599,3.866787,1.551016,9.278864,5.665501,2.66037,2.835899,10.485117,9.334939,1.006772,6.785116,7.405096,5.648182,0.00758,0.002999,0.181818,0.0,0,0.0,0.0,0,0,0,0.008989,0.23382,0.163664,0.139431,0.955052,0,0.0036,0.02458,0,0.014199,0.007871,0.0,1.338964,0.008604,0.0,0.01299,0.016644,0.114865,0.159175,0.236953,0.079208,0.235971,0.3861,0.19524,0.421094,0.133454,0,0.292523,0.257686,0.24681,0.443834,0.257126,0,0,0,0,0,0,0,0,0,0,0,0,0,0
54,3189,3021,3462,1290,717,3737,1862,979,3450,2025,1739,4170,4112,33753,530,1193,594,96,383,1090,675,97,166,340,216,1379,1814,8573,519,111,138,695,0,552,120,110,72,424,193,606,1135,4675,1049,1507,647,187,49,1340,861,158,846,813,250,1585,1897,11189,802,38,76,53,104,179,44,5,37,537,55,353,39,2322,1723,1077,2223,1424,778,3388,2455,489,1899,2183,1536,4197,4214,27586,183,317,509,280,51,235,232,54,1045,138,85,2114,1120,6363,54,5,25,1,0,24,8,0,2,2,0,31,18,170,688,2105,1823,447,292,2299,792,497,529,1204,881,2461,1661,15679,1658,2275,2069,670,725,3108,644,620,1979,2100,342,4744,5319,26253,1,2,98,0,0,1,0,0,0,0,3,159,117,381,123,0,1,20,0,5,2,0,264,2,1,5,13,436,17,76,50,84,31,97,105,24,0,73,72,175,310,1114,0,0,0,0,0,0,0,0,0,0,0,0,0,0,24.171909,9.061188,6.232223,3.170858,8.930128,6.632825,7.327824,4.666126,17.76702,8.711176,5.210643,6.018706,5.703269,7.167033,4.017282,3.578284,1.069307,0.235971,4.770208,1.934648,2.656434,0.462323,0.854877,1.462617,0.64721,1.990359,2.515985,1.820371,3.933904,0.332933,0.248425,1.70833,0.0,0.979748,0.472255,0.524284,0.37079,1.82397,0.578294,0.874661,1.574224,1.009896,7.951186,4.520096,1.164716,0.459651,0.610288,2.378375,3.38843,0.753062,4.356782,3.497376,0.749086,2.287685,2.631104,2.375846,6.078981,0.113977,0.136814,0.130276,1.295305,0.317708,0.17316,0.023831,0.190545,2.310075,0.164799,0.509497,0.054092,0.493048,13.059956,3.230354,4.0018,3.500234,9.689874,6.013383,9.661551,2.33068,9.779586,9.390863,4.602385,6.057676,5.844741,5.857547,1.387099,0.95081,0.916292,0.688248,0.635197,0.417103,0.913026,0.257376,5.381605,0.593651,0.254689,3.05121,1.55342,1.351105,0.409308,0.014997,0.045005,0.002458,0,0.042598,0.031484,0.0,0.0103,0.008604,0.0,0.044743,0.024966,0.041609,5.214887,6.313737,3.281728,1.098739,3.636817,4.08051,3.116883,2.36881,2.724276,5.179386,2.639779,3.552047,2.303777,3.329242,12.567271,6.823635,3.724572,1.64688,9.029767,5.516409,2.534435,2.955055,10.191575,9.033812,1.02475,6.84718,7.377356,5.574501,0.00758,0.005999,0.176418,0.0,0,0.001775,0.0,0,0,0,0.008989,0.22949,0.162277,0.114352,0.932313,0,0.0018,0.049161,0,0.008875,0.007871,0.0,1.359563,0.008604,0.002996,0.007217,0.018031,0.106706,0.128856,0.227954,0.090009,0.206474,0.3861,0.172166,0.413223,0.114389,0,0.314033,0.215737,0.252584,0.429964,0.246717,0,0,0,0,0,0,0,0,0,0,0,0,0,0
55,3174,2983,3415,1302,706,3728,1834,980,3407,1976,1661,4081,4112,33359,520,1171,588,88,373,1083,663,85,165,337,229,1353,1794,8449,529,97,141,656,0,561,125,102,71,414,176,595,1097,4564,1056,1446,643,153,46,1355,835,144,844,801,243,1572,1908,11046,801,44,62,46,103,193,50,1,37,536,36,343,41,2293,1709,1111,2206,1457,754,3372,2381,512,1873,2158,1524,4126,4159,27342,179,303,471,264,59,245,233,45,1040,134,69,2100,1136,6278,52,2,27,1,0,20,7,0,2,2,1,33,20,167,699,2103,1723,463,300,2326,834,481,528,1228,849,2501,1671,15706,1645,2278,2132,678,708,3160,646,596,1980,2097,368,4686,5169,26143,1,1,88,0,0,1,0,0,0,0,2,162,102,357,126,0,1,13,0,6,4,0,252,2,2,5,12,423,19,78,38,76,32,91,101,22,0,67,66,171,308,1069,0,0,0,0,0,0,0,0,0,0,0,0,0,0,24.058213,8.947211,6.147615,3.200354,8.793125,6.616851,7.217631,4.670893,17.545576,8.500387,4.976928,5.890249,5.703269,7.083372,3.941484,3.512298,1.058506,0.216307,4.645659,1.922224,2.609209,0.405128,0.849727,1.449712,0.686163,1.952832,2.488245,1.794041,4.009702,0.290942,0.253825,1.612467,0.0,0.995722,0.491932,0.486154,0.36564,1.780952,0.527357,0.858784,1.521519,0.985918,8.004245,4.337133,1.157516,0.376078,0.572923,2.404998,3.286108,0.686335,4.346483,3.445754,0.728112,2.268922,2.646361,2.345482,6.071402,0.131974,0.111611,0.113069,1.28285,0.342557,0.196773,0.004766,0.190545,2.305773,0.107868,0.495064,0.056866,0.48689,12.953839,3.332334,3.971197,3.581348,9.390958,5.984984,9.370327,2.440303,9.64569,9.283318,4.566429,5.955199,5.768457,5.805737,1.35678,0.908818,0.847885,0.64892,0.734836,0.434852,0.916962,0.21448,5.355855,0.576443,0.206748,3.031003,1.575611,1.333056,0.394148,0.005999,0.048605,0.002458,0,0.035498,0.027548,0.0,0.0103,0.008604,0.002996,0.04763,0.02774,0.037788,5.298264,6.307738,3.10171,1.138067,3.736455,4.128432,3.282172,2.29255,2.719127,5.282629,2.543896,3.60978,2.317647,3.334975,12.468733,6.832633,3.837984,1.666544,8.818035,5.608704,2.542306,2.840665,10.196725,9.020907,1.102655,6.763466,7.169309,5.551144,0.00758,0.002999,0.158416,0.0,0,0.001775,0.0,0,0,0,0.005993,0.23382,0.141472,0.107149,0.955052,0,0.0018,0.031954,0,0.010649,0.015742,0.0,1.297765,0.008604,0.005993,0.007217,0.016644,0.103525,0.144016,0.233953,0.068407,0.18681,0.398555,0.161516,0.397481,0.104857,0,0.288222,0.197759,0.24681,0.42719,0.236751,0,0,0,0,0,0,0,0,0,0,0,0,0,0
56,3163,2931,3361,1273,684,3686,1770,990,3358,1962,1676,3999,4050,32903,523,1154,576,89,359,1065,657,89,161,326,212,1331,1764,8306,513,97,121,696,0,538,120,115,73,404,188,569,1102,4536,1031,1457,640,160,40,1295,823,147,830,784,232,1541,1904,10884,795,52,87,46,103,191,49,3,36,526,46,350,45,2329,1685,1068,2145,1431,748,3278,2378,497,1833,2127,1454,4104,4060,26808,174,297,476,227,57,239,238,46,1039,128,76,2099,1096,6192,49,3,22,0,0,20,8,0,2,3,1,38,13,159,699,2065,1771,487,286,2352,805,465,529,1201,839,2496,1715,15710,1605,2237,2070,638,701,3102,643,575,1957,2056,334,4716,5189,25823,1,1,91,0,0,1,0,0,0,0,1,158,108,361,117,0,1,16,0,4,3,0,248,2,0,5,15,411,21,75,36,104,29,81,104,28,0,61,59,181,319,1098,0,0,0,0,0,0,0,0,0,0,0,0,0,0,23.974835,8.791242,6.050405,3.129071,8.519118,6.542305,6.965762,4.718555,17.293233,8.440162,5.021873,5.771895,5.617276,6.986546,3.964223,3.461308,1.036904,0.218765,4.471292,1.890275,2.585596,0.424193,0.829128,1.402392,0.635225,1.921078,2.446636,1.763677,3.888426,0.290942,0.217822,1.710788,0.0,0.9549,0.472255,0.548115,0.37594,1.737933,0.563313,0.821257,1.528454,0.979869,7.81475,4.370126,1.152115,0.393285,0.498194,2.298504,3.238882,0.700634,4.274385,3.372623,0.695152,2.224179,2.640813,2.311083,6.025923,0.155969,0.156616,0.113069,1.28285,0.339007,0.192837,0.014299,0.185395,2.262755,0.137832,0.505167,0.062414,0.494534,12.771925,3.203359,3.861386,3.51744,9.316229,5.818143,9.35852,2.36881,9.439695,9.149961,4.356685,5.923446,5.631146,5.692348,1.318881,0.890822,0.856886,0.557973,0.709927,0.424203,0.936639,0.219246,5.350706,0.550632,0.227722,3.029559,1.520132,1.314795,0.371409,0.008998,0.039604,0.0,0,0.035498,0.031484,0.0,0.0103,0.012905,0.002996,0.054847,0.018031,0.039626,5.298264,6.193761,3.188119,1.19706,3.562087,4.17458,3.168044,2.216291,2.724276,5.16648,2.513933,3.602563,2.378674,3.335825,12.165542,6.709658,3.726373,1.568223,8.730851,5.50576,2.5305,2.740575,10.078278,8.844532,1.000779,6.806766,7.197049,5.483196,0.00758,0.002999,0.163816,0.0,0,0.001775,0.0,0,0,0,0.002996,0.228047,0.149794,0.10835,0.886834,0,0.0018,0.039328,0,0.0071,0.011806,0.0,1.277166,0.008604,0.0,0.007217,0.020805,0.109535,0.159175,0.224955,0.064806,0.255635,0.361191,0.143767,0.409288,0.133454,0,0.262411,0.176784,0.261244,0.442447,0.243173,0,0,0,0,0,0,0,0,0,0,0,0,0,0
57,3143,2885,3369,1242,687,3592,1736,945,3261,1929,1586,3912,4024,32311,519,1155,568,84,364,1051,638,88,160,319,206,1308,1759,8219,500,106,126,631,0,544,112,97,73,395,198,584,1077,4443,1024,1457,599,137,47,1294,801,138,811,768,238,1488,1879,10681,789,47,93,54,93,185,46,5,34,521,42,304,49,2262,1677,1075,2217,1411,726,3254,2387,510,1793,2082,1417,4036,4037,26622,179,324,514,233,57,236,220,45,1028,129,78,2070,1181,6294,50,4,28,0,0,21,7,0,1,2,1,37,20,171,695,2059,1754,457,292,2379,834,503,542,1180,816,2440,1707,15658,1619,2235,2125,614,690,3102,619,569,1928,2023,311,4619,5171,25625,1,1,99,0,0,0,0,0,0,0,2,148,107,358,130,0,1,17,0,4,2,0,239,2,0,5,11,411,20,78,38,72,34,88,105,15,0,60,76,169,310,1065,0,0,0,0,0,0,0,0,0,0,0,0,0,0,23.82324,8.653269,6.064806,3.052872,8.556483,6.375464,6.831956,4.504075,16.793697,8.298202,4.752202,5.646325,5.581215,6.860842,3.933904,3.464307,1.022502,0.206474,4.533566,1.865427,2.510823,0.419427,0.823978,1.372279,0.617247,1.887882,2.439701,1.745203,3.789889,0.317936,0.226823,1.551016,0.0,0.965549,0.440771,0.462323,0.37594,1.699217,0.593276,0.842907,1.493779,0.959779,7.761692,4.370126,1.078308,0.33675,0.585378,2.296729,3.152302,0.657738,4.176537,3.303794,0.71313,2.147682,2.606139,2.267979,5.980444,0.140972,0.167417,0.132734,1.158301,0.328358,0.181031,0.023831,0.175095,2.241246,0.125846,0.438774,0.067962,0.480308,12.711286,3.224355,3.990999,3.468279,9.042222,5.775545,9.393939,2.430771,9.233701,8.95638,4.24582,5.825299,5.599245,5.652853,1.35678,0.971806,0.925293,0.572721,0.709927,0.418878,0.865801,0.21448,5.294057,0.554934,0.233715,2.987703,1.638025,1.336453,0.378989,0.011998,0.050405,0.0,0,0.037273,0.027548,0.0,0.00515,0.008604,0.002996,0.053403,0.02774,0.042616,5.267945,6.175765,3.157516,1.123319,3.636817,4.222502,3.282172,2.397407,2.791225,5.076142,2.445017,3.521737,2.367578,3.324783,12.271659,6.703659,3.825383,1.50923,8.593847,5.50576,2.436049,2.711978,9.928932,8.702572,0.931863,6.666763,7.172083,5.441153,0.00758,0.002999,0.178218,0.0,0,0.0,0.0,0,0,0,0.005993,0.213614,0.148407,0.129317,0.985371,0,0.0018,0.041786,0,0.0071,0.007871,0.0,1.230817,0.008604,0.0,0.007217,0.015257,0.109535,0.151596,0.233953,0.068407,0.176978,0.423465,0.156192,0.413223,0.071493,0,0.258109,0.227722,0.243924,0.429964,0.235865,0,0,0,0,0,0,0,0,0,0,0,0,0,0
58,3139,2787,3258,1226,669,3583,1721,978,3224,1878,1584,3841,3967,31855,518,1135,544,73,349,1041,628,84,161,316,175,1286,1722,8032,506,107,133,649,0,573,124,95,72,403,188,567,1062,4479,1004,1398,590,154,43,1290,784,140,820,741,222,1456,1831,10473,786,45,85,45,102,183,49,3,34,509,31,319,49,2240,1637,1053,2184,1398,712,3244,2337,527,1760,2039,1405,4016,4033,26345,186,290,479,240,58,244,232,42,1031,133,62,2061,1147,6205,40,4,23,2,0,27,7,2,1,3,1,37,24,171,698,2051,1739,467,276,2283,825,516,555,1184,805,2439,1668,15506,1590,2151,2034,633,679,3048,617,612,1909,1962,346,4610,5092,25283,1,1,104,0,0,2,0,0,0,0,2,148,97,355,118,0,1,20,0,5,4,0,240,2,1,5,11,407,22,83,38,95,29,86,98,25,0,62,70,174,330,1112,0,0,0,0,0,0,0,0,0,0,0,0,0,0,23.79292,8.359328,5.864986,3.013544,8.332295,6.35949,6.772924,4.66136,16.603152,8.078809,4.74621,5.543849,5.502157,6.764016,3.926325,3.404319,0.979298,0.179436,4.346743,1.847678,2.471468,0.400362,0.829128,1.359374,0.52436,1.856128,2.388383,1.705496,3.835367,0.320936,0.239424,1.595261,0.0,1.017021,0.487997,0.452791,0.37079,1.733632,0.563313,0.818371,1.472975,0.967556,7.610096,4.193161,1.062106,0.378536,0.535559,2.289629,3.085399,0.66727,4.222886,3.187645,0.665188,2.101495,2.539564,2.223812,5.957705,0.134973,0.153015,0.110611,1.270395,0.324808,0.192837,0.014299,0.175095,2.189624,0.092887,0.460424,0.067962,0.475636,12.408095,3.158368,3.931593,3.436325,8.867854,5.757796,9.197166,2.511796,9.063755,8.771402,4.209864,5.796432,5.593698,5.594036,1.409839,0.869826,0.862286,0.589927,0.722381,0.433077,0.913026,0.200181,5.309507,0.572141,0.185773,2.974713,1.590868,1.317555,0.303191,0.011998,0.041404,0.004916,0,0.047922,0.027548,0.009532,0.00515,0.012905,0.002996,0.053403,0.033288,0.03694,5.290684,6.15177,3.130513,1.1479,3.437539,4.052111,3.246753,2.459368,2.858173,5.093349,2.412057,3.520293,2.313486,3.292508,12.051846,6.45171,3.661566,1.555932,8.456844,5.409915,2.428178,2.916925,9.831085,8.440162,1.036735,6.653773,7.062511,5.368533,0.00758,0.002999,0.187219,0.0,0,0.00355,0.0,0,0,0,0.005993,0.213614,0.134537,0.106549,0.894414,0,0.0018,0.049161,0,0.008875,0.015742,0.0,1.235967,0.008604,0.002996,0.007217,0.015257,0.099609,0.166755,0.24895,0.068407,0.233513,0.361191,0.152642,0.385675,0.119155,0,0.266713,0.209744,0.25114,0.457704,0.246274,0,0,0,0,0,0,0,0,0,0,0,0,0,0
59,3085,2754,3228,1275,645,3516,1693,936,3182,1857,1604,3794,3851,31420,504,1116,551,82,354,1052,627,81,159,300,208,1259,1691,7984,493,103,139,629,0,546,123,97,70,382,182,533,1072,4369,986,1376,606,138,43,1240,776,120,809,720,221,1449,1781,10265,786,44,73,46,97,191,46,3,34,511,35,326,50,2242,1625,1062,2160,1445,687,3199,2285,477,1726,1987,1425,3998,3926,26002,192,290,442,254,62,245,230,46,1034,140,88,2012,1145,6180,34,4,28,0,0,24,7,2,0,2,2,34,14,151,685,2002,1703,480,292,2294,820,468,550,1165,822,2425,1711,15417,1587,2188,2038,613,666,3027,590,557,1895,1949,341,4569,5031,25051,1,0,99,0,0,0,0,0,0,0,1,145,95,341,114,0,3,11,0,4,4,0,242,2,0,5,11,396,18,65,38,90,35,95,84,23,0,63,64,153,318,1046,0,0,0,0,0,0,0,0,0,0,0,0,0,0,23.383613,8.260348,5.810981,3.133987,8.033379,6.240571,6.662731,4.461179,16.386858,7.988471,4.806137,5.476012,5.341267,6.67165,3.820208,3.347331,0.991899,0.201558,4.409017,1.867202,2.467532,0.386064,0.818828,1.290545,0.62324,1.817158,2.345386,1.695304,3.73683,0.308938,0.250225,1.5461,0.0,0.969099,0.484061,0.462323,0.36049,1.643293,0.545335,0.769297,1.486844,0.943794,7.47366,4.127175,1.090909,0.339208,0.535559,2.200884,3.053916,0.571946,4.166238,3.097307,0.662192,2.091392,2.470215,2.179646,5.957705,0.131974,0.131413,0.113069,1.208121,0.339007,0.181031,0.014299,0.175095,2.198228,0.104872,0.470527,0.069349,0.476061,12.317138,3.185363,3.888389,3.551852,8.556483,5.677925,8.992523,2.273486,8.88866,8.547707,4.269791,5.770452,5.445291,5.521204,1.455317,0.869826,0.79568,0.624339,0.772201,0.434852,0.905155,0.219246,5.324956,0.602254,0.263678,2.903989,1.588094,1.312247,0.257712,0.011998,0.050405,0.0,0,0.042598,0.027548,0.009532,0.0,0.008604,0.005993,0.049073,0.019418,0.037486,5.192147,6.004799,3.065707,1.179854,3.636817,4.071635,3.227076,2.23059,2.832424,5.011615,2.462995,3.500087,2.373126,3.27361,12.029106,6.562687,3.668767,1.506772,8.294931,5.372642,2.321921,2.654783,9.758987,8.384238,1.021753,6.594596,6.977905,5.319271,0.00758,0.0,0.178218,0.0,0,0.0,0.0,0,0,0,0.002996,0.209284,0.131763,0.140041,0.864095,0,0.005401,0.027038,0,0.0071,0.015742,0.0,1.246266,0.008604,0.0,0.007217,0.015257,0.105537,0.136436,0.194961,0.068407,0.221223,0.43592,0.168616,0.330579,0.109623,0,0.271014,0.191766,0.22083,0.44106,0.231657,0,0,0,0,0,0,0,0,0,0,0,0,0,0
60,3042,2681,3149,1230,645,3453,1642,962,3154,1834,1538,3701,3796,30827,486,1100,522,102,347,1030,619,73,161,294,187,1255,1681,7857,493,108,120,637,1,536,118,91,70,361,177,539,1022,4273,986,1363,587,120,45,1224,750,136,787,723,231,1430,1749,10131,774,47,80,61,100,190,46,2,35,487,36,306,43,2207,1608,1014,2004,1401,688,3163,2254,485,1681,1963,1396,3979,3903,25539,185,291,434,267,61,255,221,51,1022,142,95,2026,1096,6146,53,2,20,3,0,20,6,1,1,2,0,34,21,163,690,2027,1704,487,277,2331,809,477,545,1163,858,2465,1709,15542,1556,2104,1916,652,670,2991,590,584,1870,1915,338,4574,4970,24730,1,0,84,0,0,1,0,0,0,0,2,147,104,339,116,0,1,12,0,4,3,0,239,2,1,10,11,399,18,70,36,84,35,80,81,21,0,63,64,167,293,1012,0,0,0,0,0,0,0,0,0,0,0,0,0,0,23.057682,8.041392,5.668767,3.023376,8.033379,6.128752,6.462023,4.585101,16.242661,7.889529,4.608378,5.341782,5.264983,6.545733,3.683772,3.29934,0.939694,0.250719,4.321833,1.828154,2.436049,0.347934,0.829128,1.264734,0.560316,1.811385,2.331516,1.668337,3.73683,0.323935,0.216022,1.565765,0.012455,0.95135,0.464384,0.433726,0.36049,1.552955,0.530353,0.777957,1.417495,0.907319,7.47366,4.088182,1.056706,0.294963,0.560468,2.172485,2.951594,0.648206,4.052941,3.110213,0.692156,2.063969,2.425831,2.151193,5.866748,0.140972,0.144014,0.14994,1.245485,0.337232,0.181031,0.009532,0.180245,2.094984,0.107868,0.44166,0.05964,0.468629,12.188282,3.041392,3.607561,3.443699,8.568938,5.614029,8.870523,2.311615,8.656916,8.444464,4.182897,5.743029,5.41339,5.422892,1.402259,0.872825,0.781278,0.656294,0.759746,0.452601,0.869736,0.243077,5.263158,0.610858,0.284653,2.924196,1.520132,1.305027,0.401728,0.005999,0.036004,0.007374,0,0.035498,0.023613,0.004766,0.00515,0.008604,0.0,0.049073,0.029127,0.037947,5.230046,6.079784,3.067507,1.19706,3.449994,4.137307,3.183786,2.273486,2.806674,5.003011,2.570864,3.55782,2.370352,3.300152,11.794133,6.310738,3.449145,1.602635,8.34475,5.308745,2.321921,2.783471,9.63024,8.237976,1.012764,6.601813,6.893299,5.251111,0.00758,0.0,0.151215,0.0,0,0.001775,0.0,0,0,0,0.005993,0.21217,0.144246,0.11306,0.879254,0,0.0018,0.029496,0,0.0071,0.011806,0.0,1.230817,0.008604,0.002996,0.014433,0.015257,0.097651,0.136436,0.209958,0.064806,0.206474,0.43592,0.141993,0.318772,0.100091,0,0.271014,0.191766,0.241037,0.406386,0.224127,0,0,0,0,0,0,0,0,0,0,0,0,0,0
61,2998,2666,3127,1192,635,3456,1621,908,3134,1851,1554,3655,3743,30540,470,1115,526,74,345,1006,612,75,153,284,218,1243,1669,7790,484,94,123,632,0,547,112,111,64,369,155,514,985,4190,964,1312,605,161,41,1211,732,129,776,717,237,1397,1670,9952,764,38,68,45,96,177,46,1,34,493,38,287,41,2128,1593,1022,2073,1368,671,3139,2202,484,1657,1957,1342,3879,3790,25177,180,297,461,231,62,239,212,62,1004,147,82,2054,1138,6169,44,0,29,0,0,19,7,2,1,2,0,36,17,157,694,2000,1678,484,282,2347,825,513,554,1145,821,2406,1716,15465,1559,2059,1930,646,668,2953,588,628,1810,1901,318,4449,4893,24402,1,0,83,1,0,2,0,0,0,0,3,149,98,337,125,0,2,17,0,5,5,0,235,2,2,4,12,409,17,71,35,90,28,78,90,19,0,61,76,167,314,1046,0,0,0,0,0,0,0,0,0,0,0,0,0,0,22.724172,7.996401,5.629163,2.929971,7.90883,6.134076,6.379378,4.327725,16.139664,7.96266,4.656319,5.275388,5.191473,6.484792,3.562495,3.344331,0.946895,0.181894,4.296924,1.785556,2.408501,0.357466,0.787929,1.221716,0.653203,1.794065,2.314873,1.65411,3.668612,0.281944,0.221422,1.553474,0.0,0.970874,0.440771,0.52905,0.329591,1.58737,0.464433,0.741874,1.366177,0.905126,7.306905,3.935213,1.089109,0.395743,0.510649,2.149412,2.880756,0.614842,3.996292,3.084402,0.710134,2.016339,2.31626,2.113184,5.79095,0.113977,0.122412,0.110611,1.195666,0.314158,0.181031,0.004766,0.175095,2.120795,0.113861,0.414237,0.056866,0.451855,12.074585,3.065387,3.731773,3.362584,8.357205,5.571431,8.66588,2.306849,8.53332,8.418653,4.021094,5.598695,5.256661,5.346025,1.36436,0.890822,0.829883,0.567805,0.772201,0.424203,0.834317,0.295505,5.17046,0.632367,0.2457,2.964609,1.578385,1.309911,0.33351,0.0,0.052205,0.0,0,0.033723,0.027548,0.009532,0.00515,0.008604,0.0,0.05196,0.023579,0.04416,5.260365,5.9988,3.020702,1.189686,3.512268,4.165705,3.246753,2.445069,2.853023,4.925579,2.459999,3.472663,2.380061,3.283802,11.816873,6.175765,3.474347,1.587887,8.319841,5.241299,2.31405,2.993184,9.321248,8.177751,0.952838,6.421396,6.786502,5.181464,0.00758,0.0,0.149415,0.002458,0,0.00355,0.0,0,0,0,0.008989,0.215057,0.135924,0.098965,0.947472,0,0.0036,0.041786,0,0.008875,0.019677,0.0,1.210217,0.008604,0.005993,0.005773,0.016644,0.100098,0.128856,0.212957,0.063006,0.221223,0.348736,0.138443,0.354191,0.090558,0,0.262411,0.227722,0.241037,0.435512,0.231657,0,0,0,0,0,0,0,0,0,0,0,0,0,0
62,2922,2642,3064,1261,618,3291,1585,894,3064,1781,1515,3554,3717,29908,459,1076,500,77,340,1010,604,80,153,276,172,1207,1675,7629,462,93,119,663,0,529,105,96,62,379,156,516,1001,4181,953,1268,557,121,41,1212,708,119,756,717,213,1363,1744,9772,745,45,78,45,96,174,41,5,35,483,34,300,41,2122,1586,972,1948,1298,677,3136,2183,476,1590,1897,1297,3798,3709,24567,191,286,482,247,56,238,221,56,1002,138,85,1981,1118,6101,34,4,27,1,0,24,5,1,1,2,0,35,18,152,679,1945,1681,520,270,2325,815,482,556,1095,833,2437,1675,15313,1553,2032,1905,684,665,2922,585,585,1794,1875,354,4443,4843,24240,1,1,82,0,0,0,0,0,0,0,1,148,100,333,118,0,2,16,0,6,3,0,238,2,0,7,11,403,23,67,37,91,31,74,90,19,0,59,64,170,307,1032,0,0,0,0,0,0,0,0,0,0,0,0,0,0,22.148109,7.924415,5.515752,3.099575,7.697098,5.841217,6.237702,4.260998,15.779174,7.661533,4.539462,5.129611,5.155411,6.350595,3.479118,3.227355,0.90009,0.189268,4.234649,1.792655,2.377017,0.381297,0.787929,1.187301,0.515371,1.742105,2.323194,1.619924,3.501857,0.278944,0.214221,1.629673,0.0,0.938925,0.413223,0.457557,0.319291,1.630388,0.46743,0.744761,1.388369,0.903182,7.223528,3.803239,1.0027,0.297422,0.510649,2.151187,2.786305,0.56718,3.893295,3.084402,0.638221,1.967265,2.418896,2.074964,5.646934,0.134973,0.140414,0.110611,1.195666,0.308834,0.161354,0.023831,0.180245,2.077777,0.101876,0.433,0.056866,0.450581,12.021527,2.915417,3.506751,3.190522,8.431934,5.566106,8.591106,2.268719,8.188279,8.160544,3.886259,5.481785,5.144315,5.216499,1.447737,0.857828,0.867687,0.607133,0.697472,0.422428,0.869736,0.266908,5.160161,0.593651,0.254689,2.859246,1.550646,1.295472,0.257712,0.011998,0.048605,0.002458,0,0.042598,0.019677,0.004766,0.00515,0.008604,0.0,0.050517,0.024966,0.035386,5.146669,5.833833,3.026103,1.278175,3.36281,4.126657,3.207399,2.297317,2.863323,4.710488,2.495955,3.517407,2.323194,3.251527,11.771394,6.094781,3.429343,1.681292,8.282476,5.186276,2.302243,2.788237,9.238851,8.065904,1.060706,6.412736,6.717153,5.147065,0.00758,0.002999,0.147615,0.0,0,0.0,0.0,0,0,0,0.002996,0.213614,0.138698,0.120286,0.894414,0,0.0036,0.039328,0,0.010649,0.011806,0.0,1.225667,0.008604,0.0,0.010103,0.015257,0.107403,0.174335,0.20096,0.066607,0.223681,0.3861,0.131343,0.354191,0.090558,0,0.253807,0.191766,0.245367,0.425803,0.228556,0,0,0,0,0,0,0,0,0,0,0,0,0,0
63,2889,2572,3035,1144,600,3267,1557,904,3000,1775,1517,3485,3657,29402,439,1067,508,97,348,999,599,74,149,285,219,1176,1629,7589,463,92,110,622,0,536,116,98,67,374,168,507,980,4133,944,1256,539,141,43,1197,695,133,739,703,206,1355,1673,9624,731,40,59,54,96,164,48,2,31,475,40,290,46,2076,1559,994,1947,1360,666,3051,2172,449,1555,1870,1320,3811,3728,24482,179,308,464,264,54,215,219,55,994,140,76,1942,1096,6006,42,2,31,1,0,24,6,0,1,2,2,36,15,162,671,1892,1664,480,282,2297,797,486,543,1122,767,2421,1756,15178,1540,2004,1969,618,632,2926,548,596,1763,1827,366,4370,4790,23949,1,1,75,0,0,1,0,0,0,0,0,156,96,330,115,0,1,16,0,3,5,0,236,2,1,7,11,397,19,62,47,90,30,92,82,20,0,53,64,158,297,1014,0,0,0,0,0,0,0,0,0,0,0,0,0,0,21.897976,7.714457,5.463546,2.811985,7.472911,5.798619,6.127509,4.30866,15.449583,7.635722,4.545455,5.030021,5.072192,6.243152,3.327522,3.20036,0.914491,0.238429,4.334288,1.773131,2.35734,0.3527,0.767329,1.226017,0.656199,1.697362,2.259393,1.611431,3.509437,0.275945,0.19802,1.528894,0.0,0.95135,0.456513,0.467089,0.345041,1.608879,0.503386,0.731771,1.359242,0.892813,7.15531,3.767247,0.970297,0.346582,0.535559,2.124563,2.735144,0.633907,3.805747,3.024176,0.617247,1.955718,2.320421,2.043538,5.540817,0.119976,0.106211,0.132734,1.195666,0.291085,0.188902,0.009532,0.159646,2.043362,0.119854,0.418567,0.063801,0.440813,11.816873,2.981404,3.50495,3.34292,8.294931,5.415239,8.547816,2.140031,8.008034,8.044395,3.955175,5.500548,5.170668,5.198451,1.35678,0.923815,0.835284,0.64892,0.672562,0.381605,0.861865,0.262142,5.118962,0.602254,0.227722,2.802956,1.520132,1.2753,0.318351,0.005999,0.055806,0.002458,0,0.042598,0.023613,0.0,0.00515,0.008604,0.005993,0.05196,0.020805,0.036657,5.08603,5.674865,2.9955,1.179854,3.512268,4.07696,3.13656,2.316381,2.796374,4.826637,2.298196,3.494313,2.43554,3.222861,11.672857,6.010798,3.544554,1.519062,7.871466,5.193376,2.156631,2.840665,9.079205,7.859417,1.096662,6.307373,6.643643,5.085275,0.00758,0.002999,0.135014,0.0,0,0.001775,0.0,0,0,0,0.0,0.22516,0.13315,0.110071,0.871674,0,0.0018,0.039328,0,0.005325,0.019677,0.0,1.215367,0.008604,0.002996,0.010103,0.015257,0.097162,0.144016,0.185963,0.084608,0.221223,0.373646,0.163291,0.322708,0.095324,0,0.227996,0.191766,0.228047,0.411934,0.22457,0,0,0,0,0,0,0,0,0,0,0,0,0,0
64,2803,2561,2904,1145,593,3264,1568,932,2948,1733,1468,3474,3569,28962,417,1049,498,77,336,972,592,88,142,278,175,1146,1613,7383,445,94,104,579,0,535,127,91,68,385,153,545,953,4079,934,1252,504,149,40,1159,675,150,725,695,215,1316,1631,9445,711,37,71,36,100,160,46,2,29,486,42,310,42,2072,1539,939,1915,1319,638,3061,2122,460,1545,1853,1308,3684,3665,24048,184,291,438,228,50,266,220,62,993,144,78,1961,1106,6021,48,1,31,0,0,21,8,4,1,2,0,34,16,166,655,1887,1651,473,274,2331,789,486,545,1088,810,2404,1711,15104,1530,1956,1847,637,628,2889,539,570,1733,1808,326,4302,4744,23509,1,1,83,0,0,0,0,0,0,0,3,145,94,327,113,0,1,12,0,2,4,0,233,2,1,7,10,385,19,56,37,71,31,94,91,22,0,61,78,160,312,1032,0,0,0,0,0,0,0,0,0,0,0,0,0,0,21.246115,7.681464,5.227723,2.814443,7.385727,5.793294,6.170799,4.442114,15.18179,7.455046,4.398634,5.014145,4.950138,6.149724,3.160767,3.146371,0.89649,0.189268,4.18483,1.725209,2.329791,0.419427,0.73128,1.195905,0.52436,1.654062,2.237202,1.567689,3.373001,0.281944,0.187219,1.423199,0.0,0.949575,0.499803,0.433726,0.350191,1.656199,0.458441,0.786617,1.321794,0.881148,7.079512,3.755249,0.907291,0.366246,0.498194,2.057116,2.656434,0.714933,3.733649,2.989762,0.644214,1.899428,2.262167,2.005529,5.389222,0.110978,0.127813,0.088489,1.245485,0.283985,0.181031,0.009532,0.149346,2.090682,0.125846,0.447434,0.058253,0.439964,11.665277,2.816437,3.447345,3.24214,7.946195,5.432988,8.351043,2.19246,7.956535,7.971264,3.919219,5.317245,5.083288,5.106296,1.394679,0.872825,0.788479,0.560431,0.622743,0.472125,0.865801,0.295505,5.113812,0.619461,0.233715,2.830379,1.534002,1.278485,0.363829,0.002999,0.055806,0.0,0,0.037273,0.031484,0.019065,0.00515,0.008604,0.0,0.049073,0.022192,0.042689,4.964754,5.659868,2.972097,1.162648,3.412629,4.137307,3.105077,2.316381,2.806674,4.680375,2.427039,3.469777,2.373126,3.207148,11.597059,5.866827,3.324932,1.565765,7.821647,5.127705,2.121212,2.716744,8.924709,7.777682,0.976808,6.209226,6.579842,4.991846,0.00758,0.002999,0.149415,0.0,0,0.0,0.0,0,0,0,0.008989,0.209284,0.130376,0.118119,0.856515,0,0.0018,0.029496,0,0.00355,0.015742,0.0,1.199918,0.008604,0.002996,0.010103,0.01387,0.094225,0.144016,0.167966,0.066607,0.17452,0.3861,0.166841,0.358127,0.104857,0,0.262411,0.233715,0.230934,0.432738,0.228556,0,0,0,0,0,0,0,0,0,0,0,0,0,0
65,2723,2478,2895,1130,585,3169,1521,882,2929,1686,1454,3373,3519,28344,406,1037,465,73,347,949,586,79,137,286,170,1127,1578,7240,459,82,93,602,0,510,127,83,67,359,159,528,930,3999,910,1225,510,146,36,1165,670,138,722,675,212,1269,1591,9269,692,36,86,46,100,167,43,4,29,469,44,304,39,2059,1510,936,1926,1291,635,3002,2073,438,1516,1773,1326,3604,3575,23605,189,300,455,256,55,243,214,57,979,151,92,1941,1090,6022,39,1,33,1,0,17,7,4,1,2,1,31,17,154,629,1903,1658,478,279,2216,786,477,540,1105,854,2258,1737,14920,1523,1902,1911,662,621,2791,531,577,1696,1816,337,4250,4708,23325,1,0,89,2,0,0,0,0,0,0,5,159,101,357,117,0,1,10,0,1,4,0,230,2,0,7,7,379,20,63,27,84,32,101,87,22,0,55,61,147,314,1013,0,0,0,0,0,0,0,0,0,0,0,0,0,0,20.639733,7.432513,5.211521,2.777573,7.286088,5.624678,5.985832,4.203803,15.083943,7.252861,4.356685,4.868368,4.880789,6.018499,3.07739,3.110378,0.837084,0.179436,4.321833,1.684386,2.306179,0.376531,0.705531,1.230319,0.509379,1.626638,2.188657,1.537325,3.479118,0.245951,0.167417,1.479734,0.0,0.905202,0.499803,0.395596,0.345041,1.544352,0.476419,0.762081,1.289893,0.863866,6.897597,3.674265,0.918092,0.358872,0.448375,2.067766,2.636757,0.657738,3.7182,2.903725,0.635225,1.831592,2.206688,1.968158,5.245206,0.107978,0.154815,0.113069,1.245485,0.296409,0.169225,0.019065,0.149346,2.017551,0.131839,0.438774,0.054092,0.437203,11.445464,2.807439,3.467147,3.173316,7.90883,5.328269,8.158205,2.087603,7.807189,7.627119,3.973153,5.201778,4.95846,5.012231,1.432578,0.89982,0.819082,0.629255,0.685017,0.431302,0.842188,0.271674,5.041714,0.649574,0.275664,2.801513,1.51181,1.278697,0.295611,0.002999,0.059406,0.002458,0,0.030173,0.027548,0.019065,0.00515,0.008604,0.002996,0.044743,0.023579,0.033267,4.76768,5.707858,2.984698,1.174938,3.474903,3.933193,3.09327,2.273486,2.780925,4.753506,2.558878,3.25905,2.409187,3.168078,11.544001,5.704859,3.440144,1.627215,7.734463,4.953764,2.089728,2.750107,8.734164,7.812097,1.009768,6.134172,6.52991,4.952776,0.00758,0.0,0.160216,0.004916,0,0.0,0.0,0,0,0,0.014982,0.22949,0.140085,0.125623,0.886834,0,0.0018,0.02458,0,0.001775,0.015742,0.0,1.184468,0.008604,0.0,0.010103,0.009709,0.101006,0.151596,0.188962,0.048605,0.206474,0.398555,0.179266,0.342385,0.104857,0,0.2366,0.182777,0.21217,0.435512,0.224348,0,0,0,0,0,0,0,0,0,0,0,0,0,0
66,2703,2445,2878,1100,577,3153,1491,869,2856,1642,1463,3405,3425,28007,389,1015,471,77,345,931,569,74,133,278,193,1103,1522,7100,454,95,109,616,0,482,112,86,63,360,146,520,867,3910,911,1155,520,155,36,1159,655,119,721,660,228,1262,1532,9113,681,41,75,39,96,162,42,6,31,459,43,299,42,2016,1516,950,1872,1342,634,2984,2058,483,1493,1745,1282,3567,3531,23457,190,312,498,252,51,262,211,57,959,152,81,1876,1077,5978,49,2,30,0,0,22,7,1,1,2,0,29,19,162,618,1876,1649,503,252,2213,787,463,543,1077,823,2347,1715,14866,1524,1880,1859,634,604,2793,509,562,1668,1763,341,4173,4602,22912,1,1,91,3,0,0,0,0,0,0,0,158,91,345,114,0,2,11,0,5,3,0,227,2,2,8,9,383,21,60,31,75,31,80,82,18,0,53,56,164,314,985,0,0,0,0,0,0,0,0,0,0,0,0,0,0,20.488138,7.333533,5.180918,2.703832,7.186449,5.59628,5.867769,4.141843,14.708003,7.063581,4.383652,4.914555,4.750413,5.946941,2.948533,3.044391,0.847885,0.189268,4.296924,1.652438,2.239276,0.3527,0.684932,1.195905,0.578294,1.591998,2.110986,1.507597,3.441219,0.284943,0.19622,1.514146,0.0,0.855505,0.440771,0.409895,0.324441,1.548654,0.437466,0.750534,1.202513,0.84464,6.905177,3.464307,0.936094,0.380995,0.448375,2.057116,2.577725,0.56718,3.71305,2.839198,0.683167,1.821488,2.124856,1.935033,5.161828,0.122975,0.135014,0.095863,1.195666,0.287535,0.165289,0.028597,0.159646,1.974533,0.128843,0.431557,0.058253,0.428073,11.490942,2.84943,3.369937,3.298675,7.896376,5.296321,8.099174,2.302083,7.688742,7.506668,3.841314,5.148375,4.897433,4.980805,1.440158,0.935813,0.89649,0.619423,0.635197,0.465025,0.830382,0.271674,4.938717,0.653876,0.242704,2.707696,1.493779,1.269355,0.371409,0.005999,0.054005,0.0,0,0.039048,0.027548,0.004766,0.00515,0.008604,0.0,0.041857,0.026353,0.04166,4.684302,5.626875,2.968497,1.236389,3.138622,3.927868,3.097206,2.206758,2.796374,4.633055,2.465991,3.387506,2.378674,3.156612,11.55158,5.638872,3.346535,1.55839,7.52273,4.957314,2.003148,2.678614,8.589968,7.5841,1.021753,6.023036,6.38289,4.865081,0.00758,0.002999,0.163816,0.007374,0,0.0,0.0,0,0,0,0.0,0.228047,0.126215,0.121415,0.864095,0,0.0036,0.027038,0,0.008875,0.011806,0.0,1.169018,0.008604,0.005993,0.011547,0.012483,0.093735,0.159175,0.179964,0.055806,0.184352,0.3861,0.141993,0.322708,0.085792,0,0.227996,0.167795,0.236707,0.435512,0.218147,0,0,0,0,0,0,0,0,0,0,0,0,0,0
67,2654,2430,2827,1150,594,3075,1444,836,2832,1646,1430,3321,3435,27674,375,1029,461,83,338,928,565,73,127,266,179,1094,1519,7037,437,86,114,587,0,478,103,97,64,349,167,492,915,3889,902,1171,520,137,37,1137,652,119,710,647,211,1222,1521,8986,667,43,67,41,93,156,41,5,32,445,45,283,37,1955,1484,915,1809,1285,622,2898,1960,488,1459,1742,1344,3472,3411,22889,185,280,451,246,52,241,207,41,946,152,84,1888,1062,5835,54,2,24,0,0,17,8,1,1,2,2,28,11,150,629,1858,1619,507,273,2222,760,476,533,1069,784,2335,1700,14765,1492,1849,1854,628,609,2749,499,539,1625,1745,353,4130,4551,22623,1,1,78,2,0,2,0,0,0,0,3,157,111,355,120,0,0,13,0,7,4,0,225,2,0,9,9,389,21,55,36,68,30,93,84,22,0,57,58,138,292,954,0,0,0,0,0,0,0,0,0,0,0,0,0,0,20.116729,7.288542,5.089109,2.826734,7.398182,5.457837,5.682802,3.984557,14.584406,7.080788,4.284773,4.793314,4.764282,5.876233,2.842416,3.086383,0.829883,0.204016,4.20974,1.647113,2.223534,0.347934,0.654032,1.144283,0.536346,1.579008,2.106825,1.49422,3.312363,0.257948,0.205221,1.442863,0.0,0.848405,0.405352,0.462323,0.329591,1.501334,0.50039,0.710121,1.269088,0.840104,6.836959,3.512298,0.936094,0.33675,0.460829,2.018069,2.565919,0.56718,3.656401,2.783275,0.632229,1.763755,2.109599,1.908066,5.055711,0.128974,0.120612,0.100779,1.158301,0.276885,0.161354,0.023831,0.164796,1.914308,0.134836,0.408464,0.051318,0.41512,11.248389,2.744451,3.256526,3.158567,7.746917,5.143679,7.713499,2.325914,7.513647,7.493762,4.027087,5.011258,4.730995,4.860197,1.402259,0.839832,0.811881,0.604675,0.647652,0.427752,0.81464,0.195415,4.871768,0.653876,0.251693,2.725016,1.472975,1.23899,0.409308,0.005999,0.043204,0.0,0,0.030173,0.031484,0.004766,0.00515,0.008604,0.005993,0.040413,0.015257,0.035525,4.76768,5.572885,2.914491,1.246221,3.400174,3.943842,2.990948,2.268719,2.744876,4.598641,2.349134,3.370186,2.357869,3.135166,11.309028,5.545891,3.337534,1.543642,7.585004,4.879218,1.963794,2.568991,8.368524,7.506668,1.05771,5.960972,6.312154,4.803715,0.00758,0.002999,0.140414,0.004916,0,0.00355,0.0,0,0,0,0.008989,0.226604,0.153955,0.094954,0.909573,0,0.0,0.031954,0,0.012424,0.015742,0.0,1.158719,0.008604,0.0,0.01299,0.012483,0.121686,0.159175,0.164967,0.064806,0.167146,0.373646,0.165066,0.330579,0.104857,0,0.245203,0.173788,0.19918,0.404999,0.211282,0,0,0,0,0,0,0,0,0,0,0,0,0,0
68,2628,2447,2755,1107,587,3014,1460,794,2785,1624,1477,3260,3326,27264,378,973,450,84,335,901,555,74,136,259,211,1060,1487,6903,436,91,98,593,0,472,106,104,60,346,155,494,888,3843,882,1165,482,168,34,1123,649,125,697,669,222,1247,1519,8982,641,34,65,49,98,145,37,3,30,440,44,277,33,1896,1451,928,1746,1203,611,2845,1981,439,1461,1733,1226,3465,3413,22502,182,274,427,242,53,243,204,48,935,152,90,1881,1062,5793,51,2,25,2,0,19,7,3,1,2,0,34,16,162,626,1841,1578,470,265,2202,776,456,524,1070,787,2330,1669,14594,1483,1907,1774,609,611,2670,496,549,1624,1747,362,4112,4498,22442,1,1,82,1,0,0,0,0,0,0,5,153,104,347,107,0,1,14,0,5,4,0,218,2,0,8,10,369,20,55,38,70,31,85,82,20,0,51,61,149,299,961,0,0,0,0,0,0,0,0,0,0,0,0,0,0,19.919654,7.339532,4.959496,2.721038,7.310998,5.349568,5.745769,3.784376,14.342363,6.986148,4.425601,4.705271,4.613101,5.789174,2.865156,2.918416,0.810081,0.206474,4.172375,1.599191,2.184179,0.3527,0.700381,1.11417,0.632229,1.529935,2.062442,1.465767,3.304783,0.272945,0.176418,1.457611,0.0,0.837756,0.417159,0.495687,0.308992,1.488428,0.464433,0.713007,1.23164,0.830167,6.685363,3.494301,0.867687,0.412949,0.423465,1.99322,2.554113,0.595777,3.589453,2.877914,0.665188,1.799838,2.106825,1.907217,4.858637,0.10198,0.117012,0.120443,1.220575,0.257361,0.145612,0.014299,0.154496,1.892799,0.131839,0.399804,0.04577,0.402592,10.998257,2.783443,3.143114,2.957009,7.609914,5.049609,7.796143,2.092369,7.523947,7.455046,3.673518,5.001155,4.733769,4.778022,1.379519,0.821836,0.768677,0.594843,0.660107,0.431302,0.802834,0.228778,4.81512,0.653876,0.269671,2.714913,1.472975,1.230072,0.386569,0.005999,0.045005,0.004916,0,0.033723,0.027548,0.014299,0.00515,0.008604,0.0,0.049073,0.022192,0.037714,4.74494,5.521896,2.840684,1.155274,3.300536,3.908344,3.053916,2.173395,2.698527,4.602942,2.358123,3.36297,2.314873,3.098856,11.24081,5.719856,3.193519,1.49694,7.609914,4.739,1.951987,2.616653,8.363374,7.515271,1.084677,5.934992,6.238644,4.765282,0.00758,0.002999,0.147615,0.002458,0,0.0,0.0,0,0,0,0.014982,0.22083,0.144246,0.109283,0.811036,0,0.0018,0.034412,0,0.008875,0.015742,0.0,1.12267,0.008604,0.0,0.011547,0.01387,0.098341,0.151596,0.164967,0.068407,0.172062,0.3861,0.150867,0.322708,0.095324,0,0.219393,0.182777,0.215057,0.414708,0.212832,0,0,0,0,0,0,0,0,0,0,0,0,0,0
69,2622,2409,2712,1074,589,3019,1417,790,2740,1584,1400,3201,3366,26923,367,976,443,98,328,875,553,72,131,267,172,1007,1461,6750,425,91,98,562,0,478,100,77,66,349,166,477,848,3737,876,1157,468,146,35,1138,638,119,689,656,198,1203,1504,8827,645,39,61,44,97,145,34,5,26,438,36,287,36,1893,1440,921,1794,1207,609,2883,1952,430,1443,1688,1255,3428,3307,22357,190,260,433,216,54,236,202,45,929,143,77,1865,1072,5722,38,3,30,1,0,26,8,3,1,1,1,37,22,171,610,1846,1625,471,267,2126,733,460,534,1044,792,2264,1677,14449,1484,1821,1722,587,589,2683,496,558,1561,1722,310,4073,4523,22129,1,0,75,0,0,0,0,0,0,0,2,164,107,349,112,0,1,10,0,2,3,0,218,2,0,10,9,367,20,54,29,71,31,85,76,17,0,58,71,154,294,960,0,0,0,0,0,0,0,0,0,0,0,0,0,0,19.874176,7.225555,4.882088,2.639923,7.335907,5.358442,5.576545,3.765311,14.110619,6.814076,4.194882,4.620114,4.668581,5.716767,2.781778,2.927415,0.79748,0.240887,4.085191,1.553043,2.176309,0.343168,0.674632,1.148585,0.515371,1.453438,2.02638,1.433279,3.221405,0.272945,0.176418,1.381412,0.0,0.848405,0.393546,0.366999,0.339891,1.501334,0.497393,0.688471,1.176161,0.807269,6.639885,3.470306,0.842484,0.358872,0.43592,2.019843,2.510823,0.56718,3.548254,2.821991,0.593276,1.736332,2.086021,1.874305,4.888956,0.116977,0.109811,0.108153,1.208121,0.257361,0.133806,0.023831,0.133896,1.884195,0.107868,0.414237,0.049931,0.401955,10.914879,2.762448,3.229523,2.966841,7.585004,5.117055,7.682015,2.049473,7.431249,7.261464,3.760412,4.947751,4.586749,4.747233,1.440158,0.779844,0.779478,0.530934,0.672562,0.418878,0.794963,0.21448,4.784221,0.61516,0.230719,2.691819,1.486844,1.214996,0.288032,0.008998,0.054005,0.002458,0,0.046148,0.031484,0.014299,0.00515,0.004302,0.002996,0.053403,0.030514,0.03694,4.623664,5.536893,2.925293,1.157732,3.325445,3.773451,2.884691,2.19246,2.750026,4.491095,2.373105,3.26771,2.325968,3.068067,11.248389,5.461908,3.09991,1.442863,7.335907,4.762074,1.951987,2.659549,8.038933,7.407726,0.928867,5.878702,6.273319,4.69882,0.00758,0.0,0.135014,0.0,0,0.0,0.0,0,0,0,0.005993,0.236707,0.148407,0.143326,0.848935,0,0.0018,0.02458,0,0.00355,0.011806,0.0,1.12267,0.008604,0.0,0.014433,0.012483,0.097808,0.151596,0.161968,0.052205,0.17452,0.3861,0.150867,0.299095,0.081026,0,0.249505,0.21274,0.222274,0.407773,0.21261,0,0,0,0,0,0,0,0,0,0,0,0,0,0
70,2533,2367,2664,1089,578,2920,1384,818,2698,1614,1383,3183,3272,26503,358,977,463,103,317,866,536,78,130,262,205,998,1433,6726,445,73,94,585,0,469,104,85,67,349,162,457,895,3785,852,1133,490,139,37,1141,620,130,676,644,214,1169,1460,8705,630,38,72,45,93,151,28,2,27,445,36,261,35,1863,1435,897,1735,1191,580,2777,1956,434,1420,1729,1221,3358,3276,22009,181,256,419,252,56,228,204,49,918,155,70,1865,1059,5712,65,2,27,1,0,21,7,2,1,1,0,32,20,179,617,1820,1596,507,261,2109,741,479,534,1063,770,2293,1693,14483,1463,1855,1776,577,584,2662,473,536,1584,1739,354,4082,4504,22189,1,1,86,1,0,0,0,0,0,0,1,152,99,341,115,0,0,12,0,3,2,0,218,2,1,6,10,369,16,54,39,71,26,85,79,19,0,60,74,164,301,988,0,0,0,0,0,0,0,0,0,0,0,0,0,0,19.199576,7.09958,4.79568,2.676794,7.198904,5.182727,5.446675,3.898766,13.894325,6.94313,4.143944,4.594134,4.538204,5.627585,2.71356,2.930414,0.833483,0.253177,3.948188,1.537069,2.109406,0.371765,0.669482,1.127076,0.614251,1.440448,1.987545,1.428183,3.373001,0.218956,0.169217,1.437947,0.0,0.832431,0.409288,0.405128,0.345041,1.501334,0.485408,0.659604,1.241349,0.817638,6.45797,3.39832,0.882088,0.341666,0.460829,2.025168,2.439984,0.619608,3.481306,2.770369,0.641218,1.687258,2.024993,1.848399,4.77526,0.113977,0.129613,0.110611,1.158301,0.268011,0.110193,0.009532,0.139046,1.914308,0.107868,0.37671,0.048544,0.395585,10.87698,2.690462,3.123312,2.927513,7.223814,4.928915,7.697757,2.068538,7.312803,7.437839,3.658537,4.846718,4.543752,4.67334,1.37194,0.767846,0.754275,0.619423,0.697472,0.404679,0.802834,0.233545,4.727572,0.666781,0.209744,2.691819,1.468814,1.212873,0.492686,0.005999,0.048605,0.002458,0,0.037273,0.027548,0.009532,0.00515,0.004302,0.0,0.046187,0.02774,0.041672,4.676723,5.458908,2.873087,1.246221,3.250716,3.743278,2.916175,2.283018,2.750026,4.57283,2.307185,3.309566,2.34816,3.075286,11.089214,5.563887,3.19712,1.418283,7.273633,4.724801,1.861472,2.554692,8.15738,7.480857,1.060706,5.891692,6.246966,4.711561,0.00758,0.002999,0.154815,0.002458,0,0.0,0.0,0,0,0,0.002996,0.219387,0.137311,0.107394,0.871674,0,0.0,0.029496,0,0.005325,0.007871,0.0,1.12267,0.008604,0.002996,0.00866,0.01387,0.104518,0.121276,0.161968,0.070207,0.17452,0.323826,0.150867,0.310901,0.090558,0,0.258109,0.221729,0.236707,0.417482,0.218812,0,0,0,0,0,0,0,0,0,0,0,0,0,0
71,2515,2366,2631,1070,562,2901,1382,817,2671,1590,1403,3182,3245,26335,359,982,447,89,312,860,536,54,129,267,187,977,1453,6652,443,84,87,545,0,474,96,90,66,331,160,456,864,3696,847,1129,481,147,35,1097,601,112,655,625,198,1197,1455,8579,620,41,66,41,90,157,32,2,27,437,35,247,40,1835,1425,884,1772,1218,578,2764,1943,438,1430,1698,1198,3310,3251,21909,189,271,426,204,52,240,207,41,916,165,80,1869,1062,5722,49,2,26,0,0,20,7,1,0,2,1,30,22,160,620,1776,1582,438,253,2112,738,434,543,1075,773,2236,1659,14239,1441,1819,1771,574,571,2619,468,497,1555,1727,337,4054,4364,21797,1,1,79,1,0,2,0,0,0,0,2,152,103,341,112,0,1,8,0,4,5,0,221,2,0,8,10,371,17,58,30,73,30,79,77,15,0,58,68,149,289,943,0,0,0,0,0,0,0,0,0,0,0,0,0,0,19.06314,7.096581,4.736274,2.630091,6.999626,5.149003,5.438804,3.893999,13.755279,6.839886,4.203871,4.592691,4.500756,5.591912,2.72114,2.945411,0.80468,0.218765,3.885914,1.526419,2.109406,0.257376,0.664332,1.148585,0.560316,1.410138,2.015285,1.41247,3.357841,0.25195,0.156616,1.339626,0.0,0.841306,0.377804,0.42896,0.339891,1.423901,0.479415,0.658161,1.198352,0.798412,6.420071,3.386323,0.865887,0.36133,0.43592,1.947072,2.365211,0.533816,3.373159,2.688635,0.593276,1.727672,2.018059,1.821645,4.699462,0.122975,0.118812,0.100779,1.120937,0.27866,0.125935,0.009532,0.139046,1.879893,0.104872,0.356504,0.055479,0.38964,10.801182,2.65147,3.189919,2.99388,7.198904,4.905841,7.646596,2.087603,7.364301,7.304482,3.589621,4.777438,4.509078,4.652106,1.432578,0.812837,0.766877,0.501438,0.647652,0.425978,0.81464,0.195415,4.717273,0.7098,0.239708,2.697593,1.472975,1.214996,0.371409,0.005999,0.046805,0.0,0,0.035498,0.027548,0.004766,0.0,0.008604,0.002996,0.0433,0.030514,0.03972,4.699462,5.326935,2.847885,1.076617,3.151077,3.748602,2.904368,2.068538,2.796374,4.624452,2.316174,3.227296,2.301003,3.023476,10.922459,5.455909,3.188119,1.410909,7.11172,4.64848,1.841795,2.36881,8.008034,7.429235,1.009768,5.851279,6.052789,4.628324,0.00758,0.002999,0.142214,0.002458,0,0.00355,0.0,0,0,0,0.005993,0.219387,0.142859,0.09121,0.848935,0,0.0018,0.019664,0,0.0071,0.019677,0.0,1.138119,0.008604,0.0,0.011547,0.01387,0.098874,0.128856,0.173965,0.054005,0.179436,0.373646,0.140218,0.30303,0.071493,0,0.249505,0.203751,0.215057,0.400838,0.208845,0,0,0,0,0,0,0,0,0,0,0,0,0,0
72,2516,2300,2620,1019,548,2873,1378,778,2623,1551,1339,3099,3186,25830,360,946,457,82,311,852,534,61,124,275,170,972,1452,6596,414,82,89,499,0,449,88,75,63,337,163,437,828,3524,828,1123,450,137,33,1094,609,135,639,621,207,1183,1443,8502,610,40,59,42,88,134,32,3,28,446,40,249,39,1810,1421,894,1692,1137,588,2754,1946,431,1405,1677,1223,3348,3229,21745,183,280,407,198,51,225,204,44,923,156,64,1862,1032,5629,47,3,29,1,0,22,8,2,1,3,1,32,21,170,615,1844,1556,464,260,2061,727,463,548,1064,790,2286,1654,14332,1430,1793,1703,550,578,2660,458,513,1496,1698,315,4031,4310,21535,1,1,81,0,0,1,0,0,0,0,2,150,112,348,103,0,1,9,0,3,3,0,213,2,1,6,10,351,18,67,40,66,27,75,81,21,0,53,59,166,276,949,0,0,0,0,0,0,0,0,0,0,0,0,0,0,19.070719,6.89862,4.716472,2.504732,6.825258,5.099306,5.423062,3.708117,13.508085,6.672116,4.012105,4.472894,4.418924,5.484682,2.72872,2.837433,0.822682,0.201558,3.873459,1.51222,2.101535,0.290739,0.638583,1.182999,0.509379,1.402921,2.013898,1.400579,3.138028,0.245951,0.160216,1.226557,0.0,0.796933,0.34632,0.357466,0.324441,1.449712,0.488404,0.630737,1.148421,0.761256,6.276055,3.368326,0.810081,0.33675,0.41101,1.941748,2.396694,0.643439,3.290761,2.671427,0.620243,1.707465,2.001415,1.805295,4.623664,0.119976,0.106211,0.103237,1.096027,0.237837,0.125935,0.014299,0.144196,1.91861,0.119854,0.35939,0.054092,0.384331,10.770863,2.681464,3.045905,2.794779,7.323452,4.888092,7.658402,2.05424,7.235555,7.214144,3.664529,4.832285,4.478564,4.617283,1.387099,0.839832,0.732673,0.48669,0.635197,0.399354,0.802834,0.209714,4.753322,0.671083,0.191766,2.687489,1.431365,1.195249,0.35625,0.008998,0.052205,0.002458,0,0.039048,0.031484,0.009532,0.00515,0.012905,0.002996,0.046187,0.029127,0.036723,4.661563,5.530894,2.80108,1.140526,3.238261,3.658082,2.861078,2.206758,2.822124,4.577132,2.367112,3.299463,2.294068,3.043223,10.839081,5.377924,3.065707,1.351916,7.198904,4.721251,1.80244,2.445069,7.704192,7.304482,0.943849,5.818082,5.977892,4.572692,0.00758,0.002999,0.145815,0.0,0,0.001775,0.0,0,0,0,0.005993,0.2165,0.155342,0.104448,0.780717,0,0.0018,0.022122,0,0.005325,0.011806,0.0,1.09692,0.008604,0.002996,0.00866,0.01387,0.085904,0.136436,0.20096,0.072007,0.16223,0.336281,0.133118,0.318772,0.100091,0,0.227996,0.176784,0.239594,0.382807,0.210174,0,0,0,0,0,0,0,0,0,0,0,0,0,0
73,2480,2260,2627,985,555,2894,1364,773,2605,1542,1366,3044,3116,25611,355,921,427,80,310,843,538,64,125,251,176,946,1415,6451,430,92,90,490,0,464,82,81,59,339,160,438,827,3552,806,1069,465,128,37,1135,596,121,632,633,192,1174,1405,8393,601,46,63,42,89,133,30,2,29,438,30,261,37,1801,1395,887,1741,1162,566,2717,1931,435,1383,1674,1122,3312,3275,21600,187,262,445,218,53,226,195,50,932,144,99,1814,1062,5687,50,3,32,1,0,22,7,0,1,3,1,25,18,163,613,1835,1637,482,262,2051,734,459,546,1052,772,2231,1678,14352,1410,1783,1720,547,575,2648,459,499,1528,1682,337,3963,4395,21546,1,0,98,0,0,0,0,0,0,0,0,150,108,357,106,0,1,6,0,4,5,0,217,2,1,6,9,357,21,68,26,60,29,80,77,23,0,50,67,149,271,921,0,0,0,0,0,0,0,0,0,0,0,0,0,0,18.797847,6.778644,4.729073,2.421159,6.912442,5.136579,5.367965,3.684286,13.415388,6.633399,4.093007,4.393511,4.321835,5.43818,2.690821,2.762448,0.768677,0.196642,3.861004,1.496246,2.117277,0.305038,0.643733,1.079756,0.527357,1.365395,1.962579,1.36979,3.259304,0.275945,0.162016,1.204434,0.0,0.823557,0.322708,0.386064,0.303842,1.458315,0.479415,0.632181,1.147034,0.767305,6.1093,3.206359,0.837084,0.314628,0.460829,2.014519,2.345533,0.576712,3.254712,2.723049,0.575298,1.694475,1.948709,1.78215,4.555446,0.137972,0.113411,0.103237,1.108482,0.236063,0.118064,0.009532,0.149346,1.884195,0.08989,0.37671,0.051318,0.38242,10.573789,2.660468,3.134113,2.85623,7.049446,4.822421,7.59937,2.073304,7.122258,7.201239,3.361898,4.780324,4.542365,4.586494,1.417418,0.785843,0.80108,0.53585,0.660107,0.401129,0.767414,0.238311,4.79967,0.619461,0.296638,2.618209,1.472975,1.207564,0.378989,0.008998,0.057606,0.002458,0,0.039048,0.027548,0.0,0.00515,0.012905,0.002996,0.036083,0.024966,0.036883,4.646403,5.503899,2.946895,1.18477,3.263171,3.640333,2.888627,2.187694,2.811824,4.52551,2.313178,3.22008,2.327355,3.04747,10.687486,5.34793,3.09631,1.344542,7.161539,4.699952,1.806375,2.378342,7.868988,7.235653,1.009768,5.719935,6.095785,4.575027,0.00758,0.0,0.176418,0.0,0,0.0,0.0,0,0,0,0.0,0.2165,0.149794,0.169898,0.803456,0,0.0018,0.014748,0,0.0071,0.019677,0.0,1.11752,0.008604,0.002996,0.00866,0.012483,0.087372,0.159175,0.203959,0.046805,0.147482,0.361191,0.141993,0.30303,0.109623,0,0.215091,0.200755,0.215057,0.375872,0.203973,0,0,0,0,0,0,0,0,0,0,0,0,0,0
74,2417,2177,2593,988,552,2873,1324,713,2552,1521,1369,3022,3113,25214,350,947,437,79,308,832,521,56,123,248,180,936,1389,6406,421,84,90,494,0,452,87,75,59,343,160,427,813,3505,789,1054,485,117,34,1069,603,104,634,639,197,1128,1410,8263,598,42,68,38,86,136,29,2,29,434,33,251,33,1779,1392,889,1723,1135,571,2690,1906,430,1380,1676,1161,3262,3183,21398,181,259,449,195,50,208,196,44,912,155,75,1832,1058,5614,52,3,30,0,0,31,9,2,1,3,0,28,17,176,625,1775,1639,432,255,2083,716,444,538,1063,750,2254,1639,14213,1412,1788,1735,516,555,2541,459,484,1501,1695,306,4026,4389,21407,1,1,87,0,0,1,0,0,0,0,0,145,105,340,109,0,1,9,0,3,4,0,213,2,0,7,9,357,23,55,31,67,27,75,83,17,0,52,69,159,273,931,0,0,0,0,0,0,0,0,0,0,0,0,0,0,18.320321,6.529694,4.667867,2.428533,6.875078,5.099306,5.210547,3.398313,13.142445,6.543061,4.101996,4.361757,4.317674,5.353882,2.652922,2.840432,0.786679,0.194184,3.836094,1.476722,2.050374,0.266908,0.633433,1.06685,0.539342,1.350961,1.926518,1.360235,3.191086,0.25195,0.162016,1.214266,0.0,0.802258,0.342385,0.357466,0.303842,1.475523,0.479415,0.616304,1.127616,0.757152,5.980444,3.161368,0.873087,0.287589,0.423465,1.897375,2.373081,0.495687,3.265012,2.74886,0.59028,1.628082,1.955644,1.754546,4.532707,0.125975,0.122412,0.093405,1.071117,0.241387,0.114128,0.009532,0.149346,1.866988,0.098879,0.362277,0.04577,0.377749,10.55105,2.666467,3.10171,2.789863,7.11172,4.774498,7.500984,2.049473,7.106808,7.209843,3.478756,4.708158,4.414763,4.543601,1.37194,0.776845,0.808281,0.479316,0.622743,0.369181,0.77135,0.209714,4.696673,0.666781,0.224726,2.644189,1.467427,1.192064,0.394148,0.008998,0.054005,0.0,0,0.055022,0.035419,0.009532,0.00515,0.012905,0.0,0.040413,0.023579,0.04526,4.737361,5.323935,2.950495,1.061869,3.175987,3.69713,2.817788,2.1162,2.770625,4.57283,2.247258,3.253276,2.273263,3.017955,10.702645,5.362927,3.123312,1.268343,6.912442,4.510037,1.806375,2.306849,7.729941,7.291577,0.916881,5.810865,6.087463,4.545512,0.00758,0.002999,0.156616,0.0,0,0.001775,0.0,0,0,0,0.0,0.209284,0.145633,0.113406,0.826196,0,0.0018,0.022122,0,0.005325,0.015742,0.0,1.09692,0.008604,0.0,0.010103,0.012483,0.095143,0.174335,0.164967,0.055806,0.164688,0.336281,0.133118,0.326643,0.081026,0,0.223694,0.206748,0.22949,0.378646,0.206188,0,0,0,0,0,0,0,0,0,0,0,0,0,0
75,2403,2213,2577,977,552,2822,1301,724,2509,1517,1371,2968,3092,25026,358,930,437,65,306,810,523,58,119,229,159,942,1356,6292,423,83,98,516,0,439,89,77,59,328,167,408,844,3531,794,1057,461,123,33,1040,582,113,630,610,185,1143,1389,8160,598,39,66,51,86,141,30,3,30,428,28,250,22,1772,1410,882,1691,1109,580,2718,1918,390,1373,1652,1214,3256,3203,21396,182,249,448,201,48,222,200,38,915,158,72,1797,1008,5538,39,2,21,1,0,23,9,0,1,2,1,30,21,150,638,1840,1615,441,245,2118,727,429,555,1062,772,2227,1672,14341,1405,1778,1732,544,560,2626,446,476,1482,1672,320,3953,4256,21250,1,0,85,0,0,1,0,0,0,0,1,145,114,347,115,0,1,5,0,4,6,0,219,2,0,7,10,369,16,52,34,88,29,81,71,17,0,52,60,153,284,937,0,0,0,0,0,0,0,0,0,0,0,0,0,0,18.214205,6.637672,4.639064,2.401494,6.875078,5.008786,5.120031,3.450741,12.921001,6.525854,4.107988,4.283817,4.288548,5.313962,2.71356,2.789442,0.786679,0.159772,3.811184,1.437674,2.058245,0.276441,0.612833,0.985116,0.476419,1.359621,1.880747,1.336029,3.206246,0.24895,0.176418,1.268343,0.0,0.779184,0.350256,0.366999,0.303842,1.410995,0.50039,0.588881,1.170613,0.762768,6.018343,3.170366,0.829883,0.302338,0.41101,1.845903,2.290437,0.538583,3.244412,2.624107,0.554324,1.649732,1.926518,1.732675,4.532707,0.116977,0.118812,0.125359,1.071117,0.250262,0.118064,0.014299,0.154496,1.841177,0.083898,0.360834,0.030514,0.376262,10.687486,2.645471,3.044104,2.725954,7.223814,4.824196,7.548209,1.858825,7.070759,7.106599,3.637562,4.699498,4.442503,4.543177,1.379519,0.746851,0.806481,0.494064,0.597833,0.394029,0.787092,0.181116,4.712123,0.679687,0.215737,2.593672,1.398078,1.175926,0.295611,0.005999,0.037804,0.002458,0,0.040823,0.035419,0.0,0.00515,0.008604,0.002996,0.0433,0.029127,0.033941,4.835898,5.518896,2.907291,1.083991,3.051439,3.759252,2.861078,2.044707,2.858173,4.568528,2.313178,3.214306,2.319034,3.045134,10.649587,5.332933,3.117912,1.337168,6.974717,4.660904,1.755214,2.268719,7.632094,7.192635,0.95883,5.705502,5.902994,4.512175,0.00758,0.0,0.153015,0.0,0,0.001775,0.0,0,0,0,0.002996,0.209284,0.158116,0.115728,0.871674,0,0.0018,0.01229,0,0.0071,0.023613,0.0,1.12782,0.008604,0.0,0.010103,0.01387,0.098341,0.121276,0.155969,0.061206,0.216307,0.361191,0.143767,0.279418,0.081026,0,0.223694,0.179781,0.22083,0.393903,0.207517,0,0,0,0,0,0,0,0,0,0,0,0,0,0
76,2347,2182,2499,975,548,2742,1294,719,2509,1482,1301,2979,3031,24608,350,932,440,66,308,792,507,61,117,247,159,922,1357,6258,407,87,88,470,0,442,74,67,65,331,152,397,815,3395,784,1031,450,122,31,1017,569,117,629,602,204,1095,1351,8002,587,38,60,30,88,132,31,1,28,421,40,245,29,1730,1400,882,1653,1142,571,2648,1843,411,1370,1599,1096,3254,3112,20981,172,265,416,192,58,221,189,50,911,156,65,1811,1054,5560,53,1,24,0,0,23,11,2,1,1,0,31,18,165,654,1827,1572,405,254,2072,705,448,553,1060,782,2197,1673,14202,1389,1829,1674,520,553,2530,436,471,1472,1635,322,3973,4215,21019,1,0,90,0,0,2,0,0,0,0,3,156,109,361,109,0,1,14,0,3,5,0,217,2,0,7,11,369,17,56,40,85,24,72,74,14,0,51,61,154,294,942,0,0,0,0,0,0,0,0,0,0,0,0,0,0,17.789737,6.544691,4.49865,2.396578,6.825258,4.866793,5.092483,3.42691,12.921001,6.37529,3.898244,4.299694,4.203942,5.225205,2.652922,2.795441,0.792079,0.16223,3.836094,1.405726,1.995277,0.290739,0.602534,1.062548,0.476419,1.330755,1.882134,1.328809,3.084969,0.260948,0.158416,1.155274,0.0,0.784509,0.291224,0.319337,0.334741,1.423901,0.455444,0.573004,1.13039,0.73339,5.942545,3.092382,0.810081,0.29988,0.3861,1.80508,2.239276,0.557647,3.239263,2.589693,0.611254,1.580451,1.873812,1.699126,4.449329,0.113977,0.108011,0.073741,1.096027,0.234288,0.121999,0.004766,0.144196,1.811064,0.119854,0.353617,0.040222,0.367344,10.611688,2.645471,2.975698,2.807069,7.11172,4.699952,7.25305,1.958915,7.05531,6.878603,3.283994,4.696611,4.316287,4.455057,1.303722,0.794841,0.748875,0.471942,0.722381,0.392254,0.743802,0.238311,4.691523,0.671083,0.194762,2.613879,1.461879,1.180597,0.401728,0.002999,0.043204,0.0,0,0.040823,0.04329,0.009532,0.00515,0.004302,0.0,0.044743,0.024966,0.042432,4.957174,5.479904,2.829883,0.995502,3.163532,3.677606,2.774498,2.135265,2.847873,4.559924,2.343141,3.171006,2.320421,3.01562,10.52831,5.485903,3.013501,1.278175,6.887533,4.490513,1.71586,2.244888,7.580595,7.033468,0.964823,5.734369,5.846128,4.463125,0.00758,0.0,0.162016,0.0,0,0.00355,0.0,0,0,0,0.008989,0.22516,0.151181,0.120397,0.826196,0,0.0018,0.034412,0,0.005325,0.019677,0.0,1.11752,0.008604,0.0,0.010103,0.015257,0.098341,0.128856,0.167966,0.072007,0.208932,0.298916,0.127793,0.291224,0.066727,0,0.219393,0.182777,0.222274,0.407773,0.208624,0,0,0,0,0,0,0,0,0,0,0,0,0,0
77,2334,2157,2559,953,530,2788,1241,725,2475,1471,1341,2947,3052,24573,354,923,431,70,298,794,522,69,115,241,152,921,1349,6239,402,85,88,468,0,425,89,82,63,345,132,412,768,3359,776,1037,464,122,33,1030,573,121,610,611,191,1107,1385,8060,596,36,67,41,91,130,32,1,30,411,31,238,33,1737,1399,859,1723,1083,572,2693,1892,418,1351,1584,1115,3166,3139,20994,176,251,419,178,54,220,187,43,920,158,68,1792,1020,5486,38,2,28,0,0,20,12,3,1,1,0,31,24,160,630,1806,1625,433,248,2044,721,439,538,1052,739,2242,1631,14148,1371,1759,1688,508,561,2565,424,480,1476,1613,301,3927,4279,20952,1,0,90,0,0,0,0,0,0,0,4,155,99,349,115,0,0,6,0,5,4,0,216,2,2,6,9,365,18,51,35,61,23,78,80,20,0,48,67,148,299,928,0,0,0,0,0,0,0,0,0,0,0,0,0,0,17.6912,6.469706,4.606661,2.342502,6.601071,4.948439,4.883904,3.455507,12.745906,6.32797,4.018098,4.253507,4.233068,5.217774,2.683241,2.768446,0.775878,0.172062,3.711546,1.409276,2.054309,0.328869,0.592234,1.036738,0.455444,1.329311,1.871038,1.324775,3.04707,0.254949,0.158416,1.150358,0.0,0.754335,0.350256,0.39083,0.324441,1.484126,0.395517,0.594654,1.065202,0.725613,5.881907,3.110378,0.835284,0.29988,0.41101,1.828154,2.255018,0.576712,3.141415,2.628409,0.572302,1.597771,1.92097,1.711442,4.517547,0.107978,0.120612,0.100779,1.133391,0.230738,0.125935,0.004766,0.154496,1.768046,0.092887,0.343514,0.04577,0.368831,10.604108,2.576485,3.10171,2.662046,7.124175,4.779823,7.445887,1.992279,6.957462,6.814076,3.340924,4.569598,4.353736,4.457817,1.334041,0.752849,0.754275,0.437529,0.672562,0.390479,0.735931,0.204947,4.737872,0.679687,0.203751,2.586456,1.414721,1.164884,0.288032,0.005999,0.050405,0.0,0,0.035498,0.047226,0.014299,0.00515,0.004302,0.0,0.044743,0.033288,0.041146,4.77526,5.416917,2.925293,1.064327,3.088803,3.627909,2.837466,2.092369,2.770625,4.52551,2.214299,3.235956,2.262167,3.004153,10.391874,5.275945,3.038704,1.248679,6.987172,4.552635,1.668634,2.287784,7.601195,6.938828,0.9019,5.667975,5.934895,4.448899,0.00758,0.0,0.162016,0.0,0,0.0,0.0,0,0,0,0.011985,0.223717,0.137311,0.143326,0.871674,0,0.0,0.014748,0,0.008875,0.015742,0.0,1.11237,0.008604,0.005993,0.00866,0.012483,0.103385,0.136436,0.152969,0.063006,0.14994,0.286462,0.138443,0.314837,0.095324,0,0.206487,0.200755,0.213614,0.414708,0.205523,0,0,0,0,0,0,0,0,0,0,0,0,0,0
78,2315,2167,2469,943,504,2739,1237,747,2486,1456,1295,2890,2954,24202,354,916,425,63,304,795,508,48,114,233,174,912,1278,6124,402,84,87,445,0,409,87,68,60,324,150,393,764,3273,770,1005,492,115,27,1021,559,120,592,600,194,1106,1336,7937,590,36,68,31,90,125,33,2,28,409,38,250,26,1726,1379,855,1661,1122,559,2623,1842,371,1349,1594,1112,3275,3102,20844,179,243,429,199,50,211,200,39,907,163,68,1824,1044,5556,51,0,26,0,0,24,10,0,1,2,1,27,20,162,656,1855,1634,429,257,2025,735,430,547,1049,757,2197,1646,14217,1373,1742,1660,497,545,2574,426,483,1456,1621,257,3956,4220,20810,1,0,86,0,0,1,0,0,0,0,2,149,103,342,103,0,1,11,0,5,4,0,221,2,0,13,12,372,17,61,36,66,25,74,81,22,0,52,61,153,287,935,0,0,0,0,0,0,0,0,0,0,0,0,0,0,17.547184,6.4997,4.444644,2.317921,6.277245,4.861469,4.868162,3.560364,12.802554,6.263443,3.880266,4.171237,4.097144,5.138996,2.683241,2.747451,0.765077,0.154856,3.786275,1.411051,1.999213,0.228778,0.587084,1.002323,0.521364,1.316321,1.772563,1.300356,3.04707,0.25195,0.156616,1.093823,0.0,0.725937,0.342385,0.324103,0.308992,1.393788,0.449452,0.567231,1.059654,0.707035,5.836428,3.014397,0.885689,0.282673,0.336281,1.812179,2.199921,0.571946,3.048718,2.581089,0.581291,1.596328,1.853008,1.685324,4.472069,0.107978,0.122412,0.076199,1.120937,0.221863,0.12987,0.009532,0.144196,1.759442,0.113861,0.360834,0.036062,0.366495,10.452513,2.564487,2.990099,2.757909,6.962262,4.655579,7.249115,1.768267,6.947162,6.857094,3.331935,4.726921,4.302418,4.425966,1.35678,0.728854,0.772277,0.489148,0.622743,0.374505,0.787092,0.185882,4.670924,0.701196,0.203751,2.632642,1.448009,1.179748,0.386569,0.0,0.046805,0.0,0,0.042598,0.039355,0.0,0.00515,0.008604,0.002996,0.03897,0.02774,0.044032,4.972334,5.563887,2.941494,1.054495,3.200897,3.594185,2.892562,2.049473,2.816974,4.512604,2.268233,3.171006,2.282972,3.018805,10.407034,5.224955,2.988299,1.22164,6.787894,4.568609,1.676505,2.302083,7.498198,6.973243,0.770061,5.709832,5.853063,4.418747,0.00758,0.0,0.154815,0.0,0,0.001775,0.0,0,0,0,0.005993,0.215057,0.142859,0.11406,0.780717,0,0.0018,0.027038,0,0.008875,0.015742,0.0,1.138119,0.008604,0.0,0.018763,0.016644,0.099141,0.128856,0.182963,0.064806,0.16223,0.311371,0.131343,0.318772,0.104857,0,0.223694,0.182777,0.22083,0.398064,0.207074,0,0,0,0,0,0,0,0,0,0,0,0,0,0
79,2314,2140,2473,876,503,2731,1234,694,2472,1455,1270,2812,2944,23918,348,898,401,51,291,787,504,60,111,229,159,897,1338,6074,405,81,83,457,0,428,81,82,58,316,143,388,775,3297,744,1022,460,120,26,1005,555,104,598,602,161,1116,1321,7834,587,43,62,28,90,128,32,0,30,400,30,237,32,1699,1358,840,1691,1058,563,2616,1838,398,1323,1572,1094,3181,3138,20670,183,236,402,190,56,232,199,41,911,154,76,1781,1043,5504,41,3,23,1,0,22,11,4,1,2,1,29,17,155,669,1823,1636,453,267,2071,710,435,535,1018,690,2290,1651,14248,1361,1743,1643,508,536,2568,424,488,1430,1595,276,3899,4251,20722,1,0,73,1,0,1,0,0,0,0,2,139,105,322,106,0,1,7,0,2,5,0,222,2,0,9,10,364,17,59,37,65,25,94,72,17,0,47,73,142,277,925,0,0,0,0,0,0,0,0,0,0,0,0,0,0,17.539604,6.418716,4.451845,2.153234,6.26479,4.847269,4.856356,3.307755,12.730456,6.259141,3.805357,4.058657,4.083274,5.078692,2.637762,2.693461,0.721872,0.125359,3.624362,1.396851,1.983471,0.285973,0.571635,0.985116,0.476419,1.294671,1.855782,1.289739,3.06981,0.242951,0.149415,1.123319,0.0,0.75966,0.318772,0.39083,0.298692,1.359374,0.428477,0.560014,1.074911,0.71222,5.639354,3.065387,0.828083,0.294963,0.323826,1.783781,2.184179,0.495687,3.079617,2.589693,0.482411,1.610762,1.832203,1.663453,4.449329,0.128974,0.111611,0.068825,1.120937,0.227188,0.125935,0.0,0.154496,1.720726,0.08989,0.34207,0.044383,0.377583,10.293337,2.519496,3.044104,2.600595,7.012081,4.643155,7.233373,1.896954,6.813266,6.762454,3.278001,4.591248,4.352349,4.38902,1.387099,0.707858,0.723672,0.467026,0.697472,0.411778,0.783156,0.195415,4.691523,0.66248,0.227722,2.570579,1.446622,1.168707,0.310771,0.008998,0.041404,0.002458,0,0.039048,0.04329,0.019065,0.00515,0.008604,0.002996,0.041857,0.023579,0.033483,5.070871,5.467906,2.945095,1.113487,3.325445,3.675831,2.794176,2.073304,2.755176,4.379248,2.067478,3.305236,2.289907,3.025387,10.316077,5.227954,2.957696,1.248679,6.6758,4.55796,1.668634,2.325914,7.364301,6.861396,0.826991,5.627562,5.89606,4.400061,0.00758,0.0,0.131413,0.002458,0,0.001775,0.0,0,0,0,0.005993,0.200624,0.145633,0.09456,0.803456,0,0.0018,0.017206,0,0.00355,0.019677,0.0,1.143269,0.008604,0.0,0.01299,0.01387,0.097009,0.128856,0.176965,0.066607,0.159772,0.311371,0.166841,0.283353,0.081026,0,0.202185,0.218733,0.204954,0.384194,0.204859,0,0,0,0,0,0,0,0,0,0,0,0,0,0
80,2307,2096,2437,889,504,2712,1191,732,2448,1420,1219,2808,2966,23729,351,910,417,61,294,800,498,65,104,231,144,861,1333,6069,403,79,87,438,0,427,76,72,59,321,144,397,749,3252,753,1010,426,110,25,1011,526,113,587,567,174,1061,1306,7669,582,48,59,25,86,117,32,2,29,396,31,229,34,1670,1354,821,1617,1079,540,2572,1787,402,1312,1564,1125,3153,3044,20370,185,251,382,187,48,240,200,38,908,158,74,1801,1031,5503,43,3,21,1,0,24,8,2,1,2,0,29,15,149,660,1805,1597,458,251,2002,718,410,535,1028,732,2233,1674,14103,1347,1717,1550,541,532,2529,426,490,1423,1601,256,3864,4181,20457,1,1,65,0,0,1,0,0,0,0,1,139,110,318,111,0,1,10,0,2,4,0,225,2,0,8,10,373,19,46,36,69,26,87,70,15,0,49,68,146,289,920,0,0,0,0,0,0,0,0,0,0,0,0,0,0,17.486546,6.286743,4.387039,2.185188,6.277245,4.813546,4.687131,3.488871,12.60686,6.108578,3.652544,4.052884,4.113788,5.038561,2.660502,2.729454,0.750675,0.14994,3.661726,1.419925,1.959858,0.309804,0.535586,0.993719,0.431474,1.242711,1.848847,1.288677,3.05465,0.236953,0.156616,1.076617,0.0,0.757885,0.299095,0.343168,0.303842,1.380883,0.431474,0.573004,1.038849,0.702499,5.707572,3.029394,0.766877,0.270383,0.311371,1.79443,2.070051,0.538583,3.022968,2.439129,0.521364,1.531378,1.811398,1.628418,4.41143,0.143971,0.106211,0.061451,1.071117,0.207664,0.125935,0.009532,0.149346,1.703519,0.092887,0.330524,0.047157,0.354604,10.263018,2.462507,2.910891,2.652213,6.72562,4.565059,7.032664,1.916019,6.756618,6.728039,3.370888,4.550834,4.221973,4.325318,1.402259,0.752849,0.687669,0.459651,0.597833,0.425978,0.787092,0.181116,4.676074,0.679687,0.221729,2.599446,1.429978,1.168494,0.32593,0.008998,0.037804,0.002458,0,0.042598,0.031484,0.009532,0.00515,0.008604,0.0,0.041857,0.020805,0.034688,5.002653,5.413917,2.874887,1.125777,3.126168,3.553363,2.825659,1.954149,2.755176,4.422266,2.193324,3.222966,2.321808,2.994598,10.20996,5.14997,2.790279,1.329794,6.625981,4.488738,1.676505,2.335446,7.328252,6.887206,0.767064,5.577045,5.798971,4.343792,0.00758,0.002999,0.117012,0.0,0,0.001775,0.0,0,0,0,0.002996,0.200624,0.152568,0.095444,0.841355,0,0.0018,0.02458,0,0.00355,0.015742,0.0,1.158719,0.008604,0.0,0.011547,0.01387,0.099407,0.144016,0.137972,0.064806,0.169604,0.323826,0.154417,0.275482,0.071493,0,0.210789,0.203751,0.210727,0.400838,0.203752,0,0,0,0,0,0,0,0,0,0,0,0,0,0
81,2271,2065,2453,888,513,2646,1185,703,2400,1423,1234,2760,2906,23447,349,881,412,48,286,779,499,65,102,226,143,875,1317,5982,401,72,90,435,0,442,73,66,58,314,136,371,724,3182,754,973,417,118,27,958,541,119,570,568,164,1076,1279,7564,576,43,52,24,89,109,29,3,29,399,26,249,35,1663,1351,828,1632,1068,543,2576,1783,396,1303,1548,1056,3148,3021,20253,180,254,410,195,55,228,202,30,894,148,68,1785,1042,5491,38,3,27,1,0,19,10,2,1,1,1,31,20,154,673,1735,1596,444,258,2027,712,434,539,998,720,2220,1674,14030,1334,1686,1623,536,541,2467,416,503,1393,1558,258,3809,4177,20301,1,0,81,0,0,0,0,0,0,0,0,150,111,343,105,0,1,13,0,6,3,0,223,2,1,9,6,369,17,59,35,67,25,80,75,10,0,51,63,132,289,903,0,0,0,0,0,0,0,0,0,0,0,0,0,0,17.213674,6.193761,4.415842,2.18273,6.389339,4.696402,4.663518,3.350651,12.359666,6.121483,3.697489,3.983604,4.030569,4.978681,2.645342,2.642472,0.741674,0.117985,3.562087,1.382652,1.963794,0.309804,0.525286,0.97221,0.428477,1.262918,1.826655,1.270204,3.039491,0.215957,0.162016,1.069243,0.0,0.784509,0.287288,0.31457,0.298692,1.35077,0.407503,0.535477,1.004175,0.687377,5.715152,2.918416,0.750675,0.290047,0.336281,1.70036,2.129083,0.56718,2.935421,2.443431,0.4914,1.553028,1.77395,1.606122,4.365952,0.128974,0.093609,0.058993,1.108482,0.193465,0.114128,0.014299,0.149346,1.716424,0.077905,0.35939,0.048544,0.353118,10.240279,2.483503,2.937894,2.625175,6.762984,4.572159,7.016922,1.887422,6.710269,6.65921,3.16414,4.543618,4.190072,4.300475,1.36436,0.761848,0.738074,0.479316,0.685017,0.404679,0.794963,0.142987,4.603976,0.636669,0.203751,2.576352,1.445235,1.165946,0.288032,0.008998,0.048605,0.002458,0,0.033723,0.039355,0.009532,0.00515,0.004302,0.002996,0.044743,0.02774,0.033267,5.10119,5.203959,2.873087,1.091365,3.213352,3.597735,2.802046,2.068538,2.775775,4.293212,2.157368,3.204203,2.321808,2.979097,10.111423,5.056989,2.921692,1.317504,6.738074,4.378694,1.637151,2.397407,7.173756,6.702228,0.773057,5.497662,5.793423,4.310667,0.00758,0.0,0.145815,0.0,0,0.0,0.0,0,0,0,0.0,0.2165,0.153955,0.163235,0.795877,0,0.0018,0.031954,0,0.010649,0.011806,0.0,1.148419,0.008604,0.002996,0.01299,0.008322,0.090309,0.128856,0.176965,0.063006,0.164688,0.311371,0.141993,0.295159,0.047662,0,0.219393,0.18877,0.19052,0.400838,0.199987,0,0,0,0,0,0,0,0,0,0,0,0,0,0
82,2275,2033,2420,915,492,2614,1190,714,2370,1407,1247,2732,2857,23266,348,884,405,45,284,775,481,68,99,217,152,838,1295,5891,389,80,89,445,0,412,84,78,54,307,123,370,751,3182,744,975,453,122,27,968,509,114,560,567,168,1040,1308,7555,569,42,56,16,86,112,31,4,28,409,28,224,32,1637,1348,823,1625,1047,533,2512,1777,383,1260,1521,1077,3176,3008,20090,185,240,398,205,52,222,206,32,887,142,74,1788,1053,5484,43,4,24,1,0,15,8,4,1,2,0,27,16,145,660,1802,1563,415,254,1993,710,428,530,1016,748,2210,1643,13972,1330,1675,1644,564,524,2432,415,498,1381,1534,294,3838,4138,20267,1,0,78,0,0,0,0,0,0,0,0,139,112,330,104,0,1,12,0,5,5,0,225,2,1,11,10,376,17,52,27,57,24,62,78,24,0,46,60,142,291,880,0,0,0,0,0,0,0,0,0,0,0,0,0,0,17.243993,6.09778,4.356436,2.249097,6.127787,4.639605,4.683196,3.403079,12.20517,6.052654,3.736442,3.94319,3.962607,4.940248,2.637762,2.65147,0.729073,0.110611,3.537178,1.375552,1.892956,0.324103,0.509836,0.933494,0.455444,1.209514,1.796141,1.250881,2.948533,0.239952,0.160216,1.093823,0.0,0.731261,0.330579,0.371765,0.278092,1.320657,0.36855,0.534034,1.041623,0.687377,5.639354,2.924415,0.815482,0.29988,0.336281,1.718109,2.003148,0.543349,2.883922,2.439129,0.503386,1.501068,1.814172,1.604211,4.312893,0.125975,0.10081,0.039328,1.071117,0.19879,0.121999,0.019065,0.144196,1.759442,0.083898,0.323307,0.044383,0.347597,10.21754,2.468506,2.925293,2.573557,6.638436,4.458565,6.99331,1.825461,6.488825,6.543061,3.227063,4.584031,4.172041,4.265864,1.402259,0.719856,0.716472,0.503896,0.647652,0.394029,0.810704,0.152519,4.567927,0.610858,0.221729,2.580682,1.460492,1.16446,0.32593,0.011998,0.043204,0.002458,0,0.026624,0.031484,0.019065,0.00515,0.008604,0.0,0.03897,0.022192,0.033757,5.002653,5.404919,2.813681,1.020082,3.163532,3.537388,2.794176,2.039941,2.729426,4.370644,2.241266,3.18977,2.278811,2.966782,10.081104,5.023995,2.959496,1.386328,6.526342,4.316572,1.633215,2.373576,7.111958,6.598985,0.880925,5.539519,5.739331,4.303448,0.00758,0.0,0.140414,0.0,0,0.0,0.0,0,0,0,0.0,0.200624,0.155342,0.157049,0.788297,0,0.0018,0.029496,0,0.008875,0.019677,0.0,1.158719,0.008604,0.002996,0.015877,0.01387,0.092022,0.128856,0.155969,0.048605,0.140108,0.298916,0.110044,0.306966,0.114389,0,0.197884,0.179781,0.204954,0.403612,0.194893,0,0,0,0,0,0,0,0,0,0,0,0,0,0
83,2209,1998,2406,911,483,2601,1188,722,2316,1382,1246,2633,2840,22935,329,871,389,58,284,765,481,63,95,212,170,862,1312,5891,383,81,88,458,0,426,87,61,51,311,133,353,733,3165,724,981,414,129,28,963,515,114,550,560,178,1022,1276,7454,565,38,51,22,92,120,29,5,27,401,23,230,33,1636,1318,809,1635,1122,539,2544,1771,385,1252,1483,1075,3132,2982,20047,184,227,383,196,53,224,196,40,883,149,64,1740,1033,5372,38,3,22,2,0,18,7,1,1,1,1,28,15,137,668,1719,1545,446,251,2039,736,438,535,1017,715,2203,1656,13968,1326,1636,1593,532,534,2489,408,498,1356,1541,280,3802,4099,20094,1,1,66,0,0,0,0,0,0,0,1,133,108,310,103,0,1,17,0,2,5,0,224,2,0,8,8,370,14,57,29,51,26,90,80,20,0,48,66,135,248,864,0,0,0,0,0,0,0,0,0,0,0,0,0,0,16.743728,5.992801,4.331233,2.239265,6.015693,4.616531,4.675325,3.441209,11.927078,5.945109,3.733445,3.8003,3.939028,4.869964,2.493747,2.612478,0.70027,0.142566,3.537178,1.357803,1.892956,0.300272,0.489237,0.911985,0.509379,1.244154,1.81972,1.250881,2.903055,0.242951,0.158416,1.125777,0.0,0.75611,0.342385,0.290739,0.262643,1.337865,0.398514,0.509497,1.016658,0.683705,5.487759,2.942412,0.745275,0.317086,0.348736,1.709235,2.026761,0.543349,2.832424,2.409017,0.533349,1.475088,1.769789,1.582765,4.282574,0.113977,0.091809,0.054077,1.145846,0.212989,0.114128,0.023831,0.139046,1.725028,0.068916,0.331967,0.04577,0.347384,9.990146,2.426515,2.943294,2.757909,6.713165,4.515362,6.969697,1.834994,6.447626,6.379592,3.22107,4.520524,4.13598,4.256733,1.394679,0.680864,0.689469,0.481774,0.660107,0.397579,0.77135,0.190649,4.547327,0.64097,0.191766,2.511402,1.432752,1.140678,0.288032,0.008998,0.039604,0.004916,0,0.031948,0.027548,0.004766,0.00515,0.004302,0.002996,0.040413,0.020805,0.029595,5.063291,5.155969,2.781278,1.096281,3.126168,3.619034,2.896497,2.087603,2.755176,4.374946,2.142386,3.179666,2.296842,2.965933,10.050785,4.907019,2.867687,1.307672,6.650891,4.417742,1.605667,2.373576,6.983211,6.629097,0.838976,5.487558,5.685238,4.266713,0.00758,0.002999,0.118812,0.0,0,0.0,0.0,0,0,0,0.002996,0.191964,0.149794,0.111978,0.780717,0,0.0018,0.041786,0,0.00355,0.019677,0.0,1.153569,0.008604,0.0,0.011547,0.011096,0.098608,0.106117,0.170966,0.052205,0.125359,0.323826,0.159742,0.314837,0.095324,0,0.206487,0.197759,0.19485,0.343971,0.191349,0,0,0,0,0,0,0,0,0,0,0,0,0,0
84,2199,1966,2356,917,491,2576,1154,706,2278,1379,1233,2642,2807,22704,323,863,385,66,279,748,469,60,95,218,145,850,1260,5761,375,78,92,440,0,423,80,70,51,309,138,379,719,3154,702,935,408,137,25,950,507,121,540,579,172,1019,1273,7368,554,42,40,28,79,121,28,1,26,396,30,229,35,1609,1279,772,1605,1058,521,2514,1725,387,1232,1453,1070,3127,2901,19644,178,236,360,209,48,233,192,41,877,145,76,1712,1040,5347,49,1,18,1,0,19,7,2,1,0,1,29,17,145,656,1742,1518,457,252,2013,699,416,535,979,759,2232,1623,13881,1289,1657,1521,564,528,2470,402,525,1354,1512,297,3800,4095,20014,1,0,64,0,0,3,0,0,0,0,1,143,102,314,108,0,2,8,0,2,5,0,221,2,0,7,9,364,16,52,31,80,24,76,74,29,0,46,72,124,280,904,0,0,0,0,0,0,0,0,0,0,0,0,0,0,16.66793,5.896821,4.241224,2.254013,6.115332,4.572159,4.541519,3.364949,11.731383,5.932203,3.694493,3.81329,3.893258,4.820914,2.448268,2.588482,0.693069,0.16223,3.474903,1.32763,1.84573,0.285973,0.489237,0.937796,0.43447,1.226834,1.747597,1.223277,2.842416,0.233953,0.165617,1.081533,0.0,0.750785,0.314837,0.333635,0.262643,1.329261,0.413496,0.547024,0.99724,0.681329,5.321004,2.804439,0.734473,0.33675,0.311371,1.686161,1.995277,0.576712,2.780925,2.490751,0.515371,1.470758,1.765628,1.564504,4.199197,0.125975,0.072007,0.068825,0.983933,0.214764,0.110193,0.004766,0.133896,1.703519,0.08989,0.330524,0.048544,0.341651,9.694535,2.315537,2.889289,2.600595,6.488977,4.462115,6.788666,1.844526,6.344629,6.250538,3.206089,4.513308,4.023634,4.171161,1.3492,0.707858,0.648065,0.513728,0.597833,0.413553,0.755608,0.195415,4.516428,0.623763,0.227722,2.470989,1.442461,1.13537,0.371409,0.002999,0.032403,0.002458,0,0.033723,0.027548,0.009532,0.00515,0.0,0.002996,0.041857,0.023579,0.032979,4.972334,5.224955,2.732673,1.123319,3.138622,3.572887,2.750885,1.982746,2.755176,4.211477,2.274225,3.221523,2.251071,2.947459,9.770333,4.970006,2.738074,1.386328,6.576161,4.384019,1.582054,2.502264,6.972912,6.504345,0.889914,5.484672,5.67969,4.249726,0.00758,0.0,0.115212,0.0,0,0.005325,0.0,0,0,0,0.002996,0.206397,0.141472,0.104722,0.818616,0,0.0036,0.019664,0,0.00355,0.019677,0.0,1.138119,0.008604,0.0,0.010103,0.012483,0.097009,0.121276,0.155969,0.055806,0.196642,0.298916,0.134893,0.291224,0.13822,0,0.197884,0.215737,0.178974,0.388355,0.200208,0,0,0,0,0,0,0,0,0,0,0,0,0,0
85,2185,1935,2315,864,478,2604,1140,698,2232,1345,1225,2572,2755,22348,308,872,388,45,274,750,458,52,92,217,143,825,1267,5691,392,76,79,437,0,402,79,62,49,309,133,379,688,3085,694,970,412,103,27,924,501,106,531,556,198,988,1258,7268,535,40,62,35,86,113,28,2,28,402,33,226,31,1621,1303,773,1532,1066,530,2524,1713,368,1203,1449,1035,3022,2904,19422,183,217,388,182,48,233,206,35,862,153,68,1685,1020,5280,43,3,26,0,0,19,7,1,1,0,1,29,27,157,655,1670,1501,472,243,1983,715,424,524,976,721,2198,1596,13678,1277,1619,1543,551,504,2422,400,472,1314,1489,280,3709,4029,19609,1,0,62,0,0,1,0,0,0,0,0,143,108,315,102,0,1,6,0,3,4,0,220,1,0,11,9,357,15,55,29,64,25,85,79,18,0,48,61,121,273,873,0,0,0,0,0,0,0,0,0,0,0,0,0,0,16.561813,5.803839,4.167417,2.123737,5.953419,4.621856,4.486423,3.32682,11.49449,5.785942,3.670522,3.712257,3.821135,4.745322,2.334571,2.615477,0.69847,0.110611,3.412629,1.33118,1.80244,0.247843,0.473787,0.933494,0.428477,1.190751,1.757306,1.208414,2.971273,0.227954,0.142214,1.074159,0.0,0.713512,0.310901,0.295505,0.252343,1.329261,0.398514,0.547024,0.954243,0.666423,5.260365,2.909418,0.741674,0.253177,0.336281,1.640013,1.971665,0.505219,2.734576,2.391809,0.593276,1.426015,1.744823,1.54327,4.055181,0.119976,0.111611,0.086031,1.071117,0.200564,0.110193,0.009532,0.144196,1.72933,0.098879,0.326194,0.042996,0.344199,9.87645,2.318536,2.757876,2.620259,6.601071,4.479864,6.74144,1.753968,6.195283,6.23333,3.101217,4.361757,4.027795,4.124022,1.387099,0.65087,0.69847,0.447361,0.597833,0.413553,0.810704,0.166818,4.43918,0.658178,0.203751,2.432019,1.414721,1.121143,0.32593,0.008998,0.046805,0.0,0,0.033723,0.027548,0.004766,0.00515,0.0,0.002996,0.041857,0.037449,0.039349,4.964754,5.008998,2.70207,1.16019,3.026529,3.519639,2.813853,2.020876,2.698527,4.198572,2.160364,3.17245,2.213623,2.904355,9.679375,4.856029,2.777678,1.354374,6.277245,4.298823,1.574183,2.249654,6.766917,6.405403,0.838976,5.353328,5.58815,4.163729,0.00758,0.0,0.111611,0.0,0,0.001775,0.0,0,0,0,0.0,0.206397,0.149794,0.118214,0.773137,0,0.0018,0.014748,0,0.005325,0.015742,0.0,1.132969,0.004302,0.0,0.015877,0.012483,0.095143,0.113697,0.164967,0.052205,0.157314,0.311371,0.150867,0.310901,0.085792,0,0.206487,0.182777,0.174643,0.378646,0.193343,0,0,0,0,0,0,0,0,0,0,0,0,0,0
86,2181,1890,2264,900,465,2469,1145,714,2210,1336,1250,2559,2784,22167,308,860,392,57,270,748,444,44,94,213,162,820,1231,5643,381,81,83,425,0,409,80,58,50,312,141,366,720,3106,698,947,439,112,26,923,496,102,524,553,173,991,1259,7243,527,35,63,35,85,122,26,2,28,393,33,216,33,1598,1289,767,1579,1035,507,2477,1695,356,1170,1435,1044,3032,2872,19258,180,209,397,220,51,233,198,32,850,154,65,1726,1056,5371,37,2,25,2,0,23,8,2,1,0,2,25,22,149,654,1646,1504,433,240,1956,727,432,522,941,686,2193,1607,13541,1291,1585,1522,521,504,2370,377,473,1302,1473,276,3740,4016,19450,1,0,73,0,0,0,0,0,0,0,2,145,110,331,111,0,1,15,0,4,5,0,214,2,0,10,9,371,16,53,32,63,23,85,85,13,0,45,74,123,280,892,0,0,0,0,0,0,0,0,0,0,0,0,0,0,16.531494,5.668866,4.075608,2.212226,5.791506,4.382244,4.5061,3.403079,11.381193,5.747225,3.745431,3.693493,3.861357,4.706889,2.334571,2.579484,0.705671,0.140108,3.36281,1.32763,1.747344,0.209714,0.484087,0.916287,0.485408,1.183534,1.707375,1.198221,2.887895,0.242951,0.149415,1.044662,0.0,0.725937,0.314837,0.276441,0.257493,1.342166,0.422485,0.52826,0.998627,0.67096,5.290684,2.840432,0.790279,0.275299,0.323826,1.638239,1.951987,0.486154,2.698527,2.378904,0.518368,1.430345,1.74621,1.537962,3.994543,0.104979,0.113411,0.086031,1.058662,0.216539,0.102322,0.009532,0.144196,1.690613,0.098879,0.31176,0.04577,0.339316,9.770333,2.30054,2.842484,2.54406,6.31461,4.396443,6.670602,1.696773,6.025337,6.173105,3.128184,4.376191,3.983412,4.089199,1.36436,0.626875,0.714671,0.540766,0.635197,0.413553,0.779221,0.152519,4.377382,0.66248,0.194762,2.491196,1.464653,1.140466,0.280452,0.005999,0.045005,0.004916,0,0.040823,0.031484,0.009532,0.00515,0.0,0.005993,0.036083,0.030514,0.033889,4.957174,4.937013,2.707471,1.064327,2.989164,3.471717,2.861078,2.059006,2.688227,4.048008,2.055492,3.165233,2.22888,2.875264,9.785492,4.754049,2.739874,1.280633,6.277245,4.206528,1.483668,2.254421,6.705119,6.336574,0.826991,5.398072,5.570119,4.129968,0.00758,0.0,0.131413,0.0,0,0.0,0.0,0,0,0,0.005993,0.209284,0.152568,0.135934,0.841355,0,0.0018,0.03687,0,0.0071,0.019677,0.0,1.10207,0.008604,0.0,0.014433,0.012483,0.098874,0.121276,0.158968,0.057606,0.154856,0.286462,0.150867,0.334514,0.061961,0,0.193582,0.221729,0.17753,0.388355,0.197551,0,0,0,0,0,0,0,0,0,0,0,0,0,0
87,2109,1917,2237,879,451,2454,1122,677,2192,1304,1261,2500,2668,21771,306,823,366,75,260,720,444,47,95,212,132,806,1234,5520,386,79,71,398,0,407,75,64,51,283,143,365,669,2991,682,940,412,142,27,924,484,114,514,537,191,943,1234,7144,518,44,55,25,87,128,30,0,29,384,24,181,25,1530,1269,758,1485,1039,519,2435,1673,357,1151,1415,995,2983,2818,18897,176,224,361,205,50,214,206,34,846,150,73,1697,1028,5264,48,3,22,2,0,20,4,1,1,0,2,28,20,151,646,1661,1566,433,243,1957,740,408,511,941,698,2099,1628,13531,1262,1577,1552,564,506,2372,365,448,1277,1426,297,3676,3960,19282,1,0,71,1,0,0,0,0,0,0,1,134,111,319,110,0,0,15,0,5,5,0,215,1,2,9,7,369,16,51,27,64,26,91,76,20,0,47,54,127,268,867,0,0,0,0,0,0,0,0,0,0,0,0,0,0,15.98575,5.74985,4.027003,2.160608,5.617138,4.35562,4.415584,3.226729,11.288495,5.609567,3.77839,3.608337,3.700467,4.622803,2.319412,2.468506,0.658866,0.184352,3.238261,1.277933,1.747344,0.224012,0.489237,0.911985,0.395517,1.163328,1.711536,1.172104,2.925794,0.236953,0.127813,0.978296,0.0,0.722387,0.295159,0.305038,0.262643,1.217414,0.428477,0.526817,0.927891,0.646117,5.169408,2.819436,0.741674,0.34904,0.336281,1.640013,1.904762,0.543349,2.647029,2.310075,0.572302,1.361065,1.711536,1.51694,3.926325,0.131974,0.09901,0.061451,1.083572,0.227188,0.118064,0.0,0.149346,1.651897,0.071912,0.261244,0.034675,0.340025,9.618737,2.273545,2.673267,2.553892,6.464068,4.321897,6.584022,1.701539,5.92749,6.087069,2.981363,4.305467,3.908515,4.012545,1.334041,0.671866,0.649865,0.503896,0.622743,0.37983,0.810704,0.162051,4.356782,0.645272,0.218733,2.449339,1.425817,1.117745,0.363829,0.008998,0.039604,0.004916,0,0.035498,0.015742,0.004766,0.00515,0.0,0.005993,0.040413,0.02774,0.034344,4.896536,4.982004,2.819082,1.064327,3.026529,3.473492,2.912239,1.944617,2.631579,4.048008,2.091448,3.029559,2.258006,2.873141,9.565679,4.730054,2.793879,1.386328,6.302155,4.210078,1.436442,2.135265,6.576372,6.134389,0.889914,5.305698,5.492448,4.094295,0.00758,0.0,0.127813,0.002458,0,0.0,0.0,0,0,0,0.002996,0.193407,0.153955,0.112252,0.833775,0,0.0,0.03687,0,0.008875,0.019677,0.0,1.10722,0.004302,0.005993,0.01299,0.009709,0.104518,0.121276,0.152969,0.048605,0.157314,0.323826,0.161516,0.299095,0.095324,0,0.202185,0.161803,0.183304,0.371711,0.192014,0,0,0,0,0,0,0,0,0,0,0,0,0,0
88,2058,1866,2228,881,449,2452,1096,679,2147,1295,1167,2501,2717,21536,291,838,383,57,262,710,432,60,96,217,165,815,1217,5543,373,77,82,408,0,396,74,68,51,283,143,352,672,2979,683,913,391,133,26,914,481,106,512,543,180,931,1189,7002,506,41,65,23,91,121,28,1,32,388,33,204,27,1560,1257,745,1529,1021,488,2464,1628,360,1156,1414,1039,2944,2779,18824,172,233,371,210,47,233,201,43,843,143,89,1667,1045,5297,46,3,24,1,0,16,7,4,1,0,1,30,21,154,625,1622,1544,454,240,1962,726,405,525,937,706,2139,1634,13519,1275,1581,1550,497,482,2345,373,509,1268,1421,311,3658,3935,19205,1,1,71,0,0,1,0,0,0,0,4,131,106,315,116,0,0,13,0,3,4,0,214,1,0,12,11,374,16,54,38,69,21,78,79,22,0,48,73,123,279,900,0,0,0,0,0,0,0,0,0,0,0,0,0,0,15.599181,5.596881,4.010801,2.165524,5.592228,4.35207,4.313262,3.236261,11.056751,5.570851,3.496734,3.60978,3.76843,4.572904,2.205715,2.513497,0.689469,0.140108,3.263171,1.260184,1.700118,0.285973,0.494387,0.933494,0.494397,1.176318,1.687957,1.176988,2.827257,0.230954,0.147615,1.002876,0.0,0.702863,0.291224,0.324103,0.262643,1.217414,0.428477,0.508054,0.932052,0.643525,5.176988,2.738452,0.70387,0.326918,0.323826,1.622264,1.892956,0.505219,2.636729,2.335886,0.539342,1.343745,1.649121,1.486788,3.835367,0.122975,0.117012,0.056535,1.133391,0.214764,0.110193,0.004766,0.164796,1.669104,0.098879,0.29444,0.037449,0.331247,9.52778,2.234553,2.752475,2.509648,6.077967,4.373369,6.406926,1.715838,5.953239,6.082767,3.113202,4.249177,3.854422,3.997044,1.303722,0.69886,0.667867,0.516186,0.585378,0.413553,0.791027,0.204947,4.341333,0.61516,0.266675,2.406039,1.449396,1.124753,0.34867,0.008998,0.043204,0.002458,0,0.028399,0.027548,0.019065,0.00515,0.0,0.002996,0.0433,0.029127,0.035026,4.737361,4.865027,2.779478,1.115945,2.989164,3.482366,2.857143,1.930318,2.703677,4.030801,2.115419,3.087293,2.266328,2.870593,9.664216,4.742052,2.790279,1.22164,6.003238,4.162155,1.467926,2.426004,6.530024,6.11288,0.931863,5.279718,5.457773,4.077945,0.00758,0.002999,0.127813,0.0,0,0.001775,0.0,0,0,0,0.011985,0.189077,0.14702,0.094543,0.879254,0,0.0,0.031954,0,0.005325,0.015742,0.0,1.10207,0.004302,0.0,0.01732,0.015257,0.116994,0.121276,0.161968,0.068407,0.169604,0.261552,0.138443,0.310901,0.104857,0,0.206487,0.218733,0.17753,0.386968,0.199322,0,0,0,0,0,0,0,0,0,0,0,0,0,0
89,2034,1855,2186,824,437,2481,1084,699,2090,1292,1187,2452,2651,21272,280,834,389,57,250,703,431,44,96,221,150,779,1149,5383,377,76,81,384,0,386,73,65,53,303,151,342,661,2952,672,904,423,129,25,898,454,94,503,548,179,900,1137,6866,494,39,67,29,84,122,30,2,31,377,34,196,27,1532,1243,736,1486,1006,499,2411,1595,363,1143,1386,1024,2910,2758,18560,187,239,366,194,48,218,194,34,833,143,91,1662,1022,5231,45,3,24,3,0,23,5,3,1,1,1,30,20,159,626,1605,1494,420,242,1941,711,384,527,944,739,2051,1617,13301,1270,1554,1528,521,479,2335,372,478,1242,1422,301,3592,3841,18935,1,1,65,0,0,1,0,0,0,0,3,129,102,302,111,0,0,12,0,4,5,0,216,1,1,12,8,370,18,55,29,57,25,78,76,12,0,44,54,120,257,825,0,0,0,0,0,0,0,0,0,0,0,0,0,0,15.417267,5.563887,3.935194,2.025416,5.44277,4.403543,4.266037,3.331586,10.763209,5.557945,3.556661,3.539057,3.676889,4.516847,2.122338,2.5015,0.70027,0.140108,3.113713,1.247759,1.696183,0.209714,0.494387,0.950701,0.449452,1.124358,1.593642,1.143014,2.857576,0.227954,0.145815,0.943883,0.0,0.685114,0.287288,0.309804,0.272943,1.30345,0.452448,0.49362,0.916795,0.637693,5.09361,2.711458,0.761476,0.317086,0.311371,1.593866,1.786698,0.448024,2.59038,2.357395,0.536346,1.299001,1.576998,1.45791,3.74441,0.116977,0.120612,0.071283,1.046207,0.216539,0.118064,0.009532,0.159646,1.621784,0.101876,0.282894,0.037449,0.325301,9.421663,2.207558,2.675068,2.472777,6.214971,4.279299,6.277056,1.730137,5.886291,5.962316,3.068257,4.200104,3.825296,3.940987,1.417418,0.716857,0.658866,0.476858,0.597833,0.38693,0.763479,0.162051,4.289834,0.61516,0.272667,2.398822,1.417495,1.110738,0.34109,0.008998,0.043204,0.007374,0,0.040823,0.019677,0.014299,0.00515,0.004302,0.002996,0.0433,0.02774,0.034347,4.74494,4.814037,2.689469,1.032372,3.014074,3.445093,2.798111,1.830227,2.713977,4.060914,2.214299,2.960279,2.24275,2.824303,9.626317,4.661068,2.750675,1.280633,5.965874,4.144406,1.463991,2.278252,6.396127,6.117181,0.9019,5.184458,5.327397,4.020614,0.00758,0.002999,0.117012,0.0,0,0.001775,0.0,0,0,0,0.008989,0.18619,0.141472,0.090641,0.841355,0,0.0,0.029496,0,0.0071,0.019677,0.0,1.11237,0.004302,0.002996,0.01732,0.011096,0.104802,0.136436,0.164967,0.052205,0.140108,0.311371,0.138443,0.299095,0.057195,0,0.18928,0.161803,0.1732,0.356454,0.182712,0,0,0,0,0,0,0,0,0,0,0,0,0,0
90,1963,1810,2259,847,444,2417,1064,663,2068,1283,1204,2427,2683,21132,279,776,344,63,262,695,424,46,90,218,151,794,1150,5292,358,71,73,392,0,378,73,51,51,302,142,355,674,2920,671,874,391,96,30,875,449,118,495,514,181,903,1203,6800,468,40,61,31,87,121,32,0,28,377,29,206,35,1515,1236,710,1495,1006,498,2367,1593,352,1126,1393,973,2841,2709,18299,176,217,397,173,44,226,195,41,831,136,97,1663,1016,5212,40,6,26,2,0,23,9,2,1,1,3,32,23,168,619,1614,1523,418,230,1900,686,397,522,951,716,2093,1575,13244,1255,1539,1540,513,477,2278,346,477,1224,1430,294,3586,3847,18806,1,1,71,0,0,0,0,0,0,0,4,128,103,308,107,0,0,11,0,3,5,0,213,1,0,12,11,363,16,49,23,48,24,82,69,25,0,45,61,129,284,855,0,0,0,0,0,0,0,0,0,0,0,0,0,0,14.879103,5.428914,4.066607,2.081951,5.529954,4.289949,4.187328,3.160002,10.649912,5.519229,3.607599,3.502973,3.721272,4.48712,2.114758,2.327534,0.619262,0.154856,3.263171,1.23356,1.668634,0.219246,0.463487,0.937796,0.452448,1.146008,1.595029,1.123691,2.71356,0.212957,0.131413,0.963547,0.0,0.670915,0.287288,0.243077,0.262643,1.299148,0.425481,0.512384,0.934826,0.63078,5.08603,2.621476,0.70387,0.235971,0.373646,1.553043,1.767021,0.562414,2.549181,2.211133,0.542338,1.303331,1.668539,1.443896,3.547336,0.119976,0.109811,0.076199,1.083572,0.214764,0.125935,0.0,0.144196,1.621784,0.086894,0.297327,0.048544,0.336691,9.368605,2.129574,2.691269,2.472777,6.202516,4.201203,6.269185,1.677708,5.798743,5.992429,2.915443,4.100514,3.757334,3.885567,1.334041,0.65087,0.714671,0.425239,0.548013,0.401129,0.767414,0.195415,4.279534,0.585047,0.290645,2.400266,1.409173,1.106704,0.303191,0.017996,0.046805,0.004916,0,0.040823,0.035419,0.009532,0.00515,0.004302,0.008989,0.046187,0.031901,0.036291,4.691882,4.841032,2.741674,1.027456,2.864616,3.372322,2.699725,1.892188,2.688227,4.091026,2.145383,3.020899,2.184496,2.8122,9.51262,4.616077,2.772277,1.260969,5.940964,4.043237,1.361669,2.273486,6.30343,6.151596,0.880925,5.175798,5.335719,3.993222,0.00758,0.002999,0.127813,0.0,0,0.0,0.0,0,0,0,0.011985,0.184747,0.142859,0.111256,0.811036,0,0.0,0.027038,0,0.005325,0.019677,0.0,1.09692,0.004302,0.0,0.01732,0.015257,0.113553,0.121276,0.146971,0.041404,0.117985,0.298916,0.145542,0.271547,0.119155,0,0.193582,0.182777,0.18619,0.393903,0.189356,0,0,0,0,0,0,0,0,0,0,0,0,0,0
91,1959,1874,2189,831,440,2396,1055,646,2068,1285,1176,2404,2642,20965,282,805,361,52,248,675,414,43,90,208,136,746,1126,5186,360,74,73,406,0,378,77,71,48,301,143,345,655,2931,659,889,377,100,28,902,440,101,484,514,151,887,1193,6725,452,42,56,25,84,119,27,0,27,373,26,202,28,1461,1218,724,1443,1024,481,2352,1565,338,1107,1357,1025,2860,2709,18203,172,225,336,182,51,223,204,41,837,138,88,1602,979,5078,37,5,26,1,0,15,6,2,1,0,1,33,13,140,601,1557,1478,447,239,1898,706,399,534,927,729,2081,1600,13196,1243,1521,1471,492,471,2316,344,442,1209,1397,281,3541,3752,18480,1,1,70,0,0,0,0,0,0,0,1,133,109,315,113,0,0,12,0,3,5,0,211,0,1,15,8,368,18,54,33,49,26,79,76,20,0,42,52,123,276,848,0,0,0,0,0,0,0,0,0,0,0,0,0,0,14.848783,5.620876,3.940594,2.042622,5.480135,4.252676,4.151909,3.078976,10.649912,5.527833,3.523701,3.469777,3.664406,4.451659,2.137497,2.414517,0.649865,0.127818,3.088803,1.198062,1.62928,0.204947,0.463487,0.894778,0.407503,1.076728,1.561741,1.101183,2.72872,0.221956,0.131413,0.99796,0.0,0.670915,0.30303,0.338401,0.247193,1.294846,0.428477,0.49795,0.908473,0.633156,4.995073,2.666467,0.678668,0.245803,0.348736,1.600966,1.731602,0.481388,2.492533,2.211133,0.452448,1.280238,1.654669,1.427971,3.426059,0.125975,0.10081,0.061451,1.046207,0.211214,0.106257,0.0,0.139046,1.604577,0.077905,0.291554,0.038835,0.32469,9.232169,2.171566,2.59766,2.517022,5.990783,4.17458,6.158993,1.610981,5.700896,5.837563,3.071253,4.127937,3.757334,3.865183,1.303722,0.674865,0.60486,0.447361,0.635197,0.395804,0.802834,0.195415,4.310434,0.593651,0.263678,2.312222,1.357855,1.078251,0.280452,0.014997,0.046805,0.002458,0,0.026624,0.023613,0.009532,0.00515,0.0,0.002996,0.04763,0.018031,0.031842,4.555446,4.670066,2.660666,1.098739,2.976709,3.368772,2.778434,1.901721,2.750026,3.987783,2.184335,3.003579,2.219171,2.802008,9.421663,4.562088,2.648065,1.20935,5.866235,4.110683,1.353798,2.106668,6.226182,6.009636,0.841973,5.110848,5.203956,3.924,0.00758,0.002999,0.126013,0.0,0,0.0,0.0,0,0,0,0.002996,0.191964,0.151181,0.113784,0.856515,0,0.0,0.029496,0,0.005325,0.019677,0.0,1.086621,0.0,0.002996,0.02165,0.011096,0.111582,0.136436,0.161968,0.059406,0.120443,0.323826,0.140218,0.299095,0.095324,0,0.180676,0.15581,0.17753,0.382807,0.187806,0,0,0,0,0,0,0,0,0,0,0,0,0,0
92,1918,1850,2161,803,426,2299,1040,651,2047,1272,1150,2396,2639,20652,268,773,342,58,250,681,410,43,89,217,132,748,1181,5192,360,83,82,413,0,374,71,66,47,292,148,347,671,2954,652,881,390,105,26,863,438,92,487,512,162,905,1200,6713,418,40,53,27,85,113,31,2,26,372,30,191,29,1417,1184,694,1380,1016,487,2313,1558,342,1100,1350,944,2752,2683,17803,174,234,374,171,51,222,177,36,829,140,60,1623,1014,5105,48,6,22,1,0,13,6,3,1,0,0,34,24,158,600,1583,1454,447,237,1917,707,415,534,914,709,2064,1587,13168,1211,1534,1465,473,488,2273,359,464,1194,1369,285,3501,3784,18400,1,2,74,0,0,0,0,0,0,0,0,135,102,314,107,0,0,10,0,1,3,0,212,0,1,10,9,353,17,51,28,57,25,77,71,23,0,41,65,127,297,879,0,0,0,0,0,0,0,0,0,0,0,0,0,0,14.538013,5.54889,3.890189,1.973797,5.305767,4.08051,4.092877,3.102807,10.541765,5.471909,3.445796,3.45823,3.660245,4.385198,2.03138,2.318536,0.615662,0.142566,3.113713,1.208711,1.613538,0.204947,0.458338,0.933494,0.395517,1.079614,1.638025,1.102457,2.72872,0.24895,0.147615,1.015166,0.0,0.663815,0.279418,0.31457,0.242043,1.25613,0.443459,0.500837,0.930665,0.638125,4.942015,2.642472,0.70207,0.258093,0.323826,1.531744,1.723731,0.438492,2.507982,2.202529,0.485408,1.306218,1.664378,1.425423,3.168347,0.119976,0.09541,0.066367,1.058662,0.200564,0.121999,0.009532,0.133896,1.600275,0.08989,0.275677,0.040222,0.300882,8.974456,2.081584,2.484248,2.497358,6.065513,4.105358,6.131444,1.630046,5.664847,5.807451,2.828549,3.972057,3.721272,3.780248,1.318881,0.70186,0.673267,0.420323,0.635197,0.394029,0.696576,0.171584,4.269235,0.602254,0.179781,2.342532,1.4064,1.083984,0.363829,0.017996,0.039604,0.002458,0,0.023074,0.023613,0.014299,0.00515,0.0,0.0,0.049073,0.033288,0.038888,4.547866,4.74805,2.617462,1.098739,2.9518,3.402496,2.782369,1.97798,2.750026,3.931859,2.124408,2.979043,2.20114,2.796062,9.17911,4.60108,2.637264,1.162648,6.077967,4.034362,1.41283,2.211525,6.148934,5.889185,0.853958,5.053115,5.248339,3.907013,0.00758,0.005999,0.133213,0.0,0,0.0,0.0,0,0,0,0.0,0.19485,0.141472,0.128971,0.811036,0,0.0,0.02458,0,0.001775,0.011806,0.0,1.091771,0.0,0.002996,0.014433,0.012483,0.107034,0.128856,0.152969,0.050405,0.140108,0.311371,0.136668,0.279418,0.109623,0,0.176374,0.194762,0.183304,0.411934,0.194671,0,0,0,0,0,0,0,0,0,0,0,0,0,0
93,1897,1819,2159,775,437,2286,1045,700,2006,1259,1197,2396,2593,20569,270,766,337,51,240,674,400,37,80,204,142,740,1129,5070,345,72,80,385,0,362,67,49,44,283,150,339,662,2838,646,868,389,111,26,887,423,99,481,519,163,901,1118,6631,404,39,60,30,81,110,31,3,26,373,23,199,25,1404,1169,679,1367,1016,494,2302,1561,342,1103,1348,970,2774,2646,17771,179,215,363,170,49,208,192,31,819,147,75,1581,974,5003,52,5,20,0,0,20,5,2,1,1,2,33,18,159,605,1588,1436,413,238,1914,709,413,522,924,689,2067,1557,13075,1212,1498,1487,437,486,2255,345,453,1181,1417,305,3509,3708,18293,1,2,60,0,0,2,0,0,0,0,2,130,99,296,101,0,0,11,0,3,4,0,211,1,0,9,7,347,14,49,32,49,25,66,71,20,0,47,67,134,257,831,0,0,0,0,0,0,0,0,0,0,0,0,0,0,14.378837,5.455909,3.886589,1.904973,5.44277,4.057436,4.112554,3.336352,10.330621,5.415986,3.586624,3.45823,3.596444,4.367573,2.04654,2.29754,0.606661,0.125359,2.989164,1.196287,1.574183,0.17635,0.411989,0.87757,0.425481,1.068068,1.565902,1.076552,2.615023,0.215957,0.144014,0.946341,0.0,0.642516,0.263676,0.233545,0.226594,1.217414,0.449452,0.48929,0.918182,0.613066,4.896536,2.603479,0.70027,0.272841,0.323826,1.574342,1.664699,0.471855,2.477083,2.232642,0.488404,1.300445,1.550646,1.408011,3.06223,0.116977,0.108011,0.073741,1.008843,0.19524,0.121999,0.014299,0.133896,1.604577,0.068916,0.287224,0.034675,0.298122,8.860759,2.036593,2.460846,2.497358,6.152696,4.085834,6.143251,1.630046,5.680297,5.798847,2.906454,4.00381,3.669954,3.773453,1.35678,0.644871,0.653465,0.417865,0.610288,0.369181,0.755608,0.147753,4.217736,0.632367,0.224726,2.281912,1.35092,1.062325,0.394148,0.014997,0.036004,0.0,0,0.035498,0.019677,0.009532,0.00515,0.004302,0.005993,0.04763,0.024966,0.037657,4.585765,4.763047,2.585059,1.015166,2.964255,3.397171,2.79024,1.968448,2.688227,3.974877,2.064481,2.983373,2.159531,2.776315,9.18669,4.493101,2.676868,1.074159,6.053058,4.002414,1.357733,2.159096,6.081986,6.095672,0.913885,5.064661,5.142928,3.884293,0.00758,0.005999,0.108011,0.0,0,0.00355,0.0,0,0,0,0.005993,0.187634,0.137311,0.088841,0.765557,0,0.0,0.027038,0,0.005325,0.015742,0.0,1.086621,0.004302,0.0,0.01299,0.009709,0.108548,0.106117,0.146971,0.057606,0.120443,0.311371,0.117144,0.279418,0.095324,0,0.202185,0.200755,0.193407,0.356454,0.184041,0,0,0,0,0,0,0,0,0,0,0,0,0,0
94,1856,1828,2107,820,431,2296,1030,687,1977,1251,1232,2309,2589,20413,272,763,348,67,241,674,393,40,85,206,147,727,1129,5092,343,81,77,381,0,358,65,78,49,290,142,328,632,2824,647,847,371,104,26,841,420,113,476,515,177,854,1093,6484,408,41,62,27,81,108,26,2,26,369,21,206,25,1402,1162,682,1383,978,484,2259,1547,333,1096,1371,959,2715,2639,17608,169,233,368,183,46,232,180,30,826,140,74,1568,993,5042,44,7,28,1,0,24,7,6,1,1,0,29,26,174,599,1560,1430,443,230,1897,686,389,510,946,677,2065,1587,13019,1205,1457,1462,462,467,2239,335,423,1176,1395,281,3467,3722,18091,1,1,69,0,0,1,0,0,0,0,2,141,103,318,100,0,0,5,0,1,6,0,213,1,0,15,8,349,12,50,30,71,26,64,71,17,0,45,64,135,266,851,0,0,0,0,0,0,0,0,0,0,0,0,0,0,14.068066,5.482903,3.792979,2.015584,5.368041,4.075185,4.053522,3.274391,10.181275,5.381571,3.691496,3.33266,3.590896,4.334449,2.061699,2.288542,0.626463,0.164688,3.001619,1.196287,1.546635,0.190649,0.437738,0.886174,0.440463,1.049304,1.565902,1.081223,2.599864,0.242951,0.138614,0.936509,0.0,0.635416,0.255805,0.371765,0.252343,1.247526,0.425481,0.473414,0.876572,0.610042,4.904116,2.540492,0.667867,0.255635,0.323826,1.492696,1.652893,0.538583,2.451334,2.215435,0.530353,1.232608,1.515971,1.376797,3.092549,0.122975,0.111611,0.066367,1.008843,0.19169,0.102322,0.009532,0.133896,1.58737,0.062923,0.297327,0.034675,0.297697,8.807701,2.045591,2.489649,2.403953,6.028148,4.009513,6.088154,1.58715,5.644248,5.897789,2.873494,3.918654,3.660245,3.738842,1.280982,0.69886,0.662466,0.449819,0.572923,0.411778,0.708383,0.142987,4.253785,0.602254,0.221729,2.263149,1.377273,1.070607,0.33351,0.020996,0.050405,0.002458,0,0.042598,0.027548,0.028597,0.00515,0.004302,0.0,0.041857,0.036062,0.040508,4.540287,4.679064,2.574257,1.088907,2.864616,3.366997,2.699725,1.854058,2.626429,4.069517,2.028525,2.980486,2.20114,2.764424,9.133631,4.370126,2.631863,1.135609,5.816415,3.974015,1.318379,2.01611,6.056236,6.001032,0.841973,5.004041,5.162346,3.841401,0.00758,0.002999,0.124212,0.0,0,0.001775,0.0,0,0,0,0.005993,0.20351,0.142859,0.095444,0.757978,0,0.0,0.01229,0,0.001775,0.023613,0.0,1.09692,0.004302,0.0,0.02165,0.011096,0.109174,0.090957,0.14997,0.054005,0.17452,0.323826,0.113594,0.279418,0.081026,0,0.193582,0.191766,0.19485,0.368937,0.18847,0,0,0,0,0,0,0,0,0,0,0,0,0,0
95,1870,1798,2099,754,403,2253,1027,679,1997,1230,1143,2351,2580,20184,268,769,322,61,239,639,383,48,83,209,144,745,1125,5035,334,80,68,374,0,357,61,61,49,287,140,317,607,2735,640,852,376,86,27,846,418,97,482,512,152,865,1153,6506,392,43,45,29,79,107,24,0,27,366,25,187,28,1352,1162,684,1382,916,477,2272,1501,344,1099,1346,980,2759,2590,17512,166,223,372,179,48,204,187,34,833,146,71,1567,961,4991,44,6,26,2,0,22,7,0,1,0,0,29,20,157,611,1593,1440,444,230,1834,698,351,514,939,709,1998,1579,12940,1197,1489,1470,453,456,2255,344,406,1163,1387,286,3403,3682,17991,1,1,70,0,0,0,0,0,0,0,2,125,107,306,104,0,0,9,0,1,7,0,217,1,1,10,8,358,14,49,33,48,27,68,63,10,0,45,60,122,268,807,0,0,0,0,0,0,0,0,0,0,0,0,0,0,14.174183,5.392921,3.778578,1.853354,5.019305,3.998864,4.041716,3.236261,10.284272,5.291233,3.424822,3.39328,3.578413,4.285823,2.03138,2.306539,0.579658,0.14994,2.976709,1.134165,1.507281,0.228778,0.427438,0.899079,0.431474,1.075284,1.560355,1.06912,2.531646,0.239952,0.122412,0.919303,0.0,0.633642,0.240063,0.290739,0.252343,1.234621,0.419488,0.457537,0.841898,0.590816,4.851057,2.555489,0.676868,0.211391,0.336281,1.501571,1.645022,0.462323,2.482233,2.202529,0.455444,1.248484,1.59919,1.381469,2.971273,0.128974,0.081008,0.071283,0.983933,0.189915,0.094451,0.0,0.139046,1.574464,0.074909,0.269904,0.038835,0.300466,8.807701,2.05159,2.487849,2.251555,5.940964,4.032587,5.907123,1.639579,5.659697,5.790243,2.936418,3.98216,3.592283,3.718457,1.258243,0.668866,0.669667,0.439987,0.597833,0.362081,0.735931,0.162051,4.289834,0.628065,0.21274,2.261705,1.332889,1.059777,0.33351,0.017996,0.046805,0.004916,0,0.039048,0.027548,0.0,0.00515,0.0,0.0,0.041857,0.02774,0.040746,4.631244,4.778044,2.592259,1.091365,2.864616,3.255178,2.74695,1.672942,2.647029,4.039405,2.124408,2.883783,2.190044,2.747649,9.072993,4.466107,2.646265,1.113487,5.679412,4.002414,1.353798,1.935084,5.989288,5.966618,0.856955,4.911668,5.106867,3.820167,0.00758,0.002999,0.126013,0.0,0,0.0,0.0,0,0,0,0.005993,0.180417,0.148407,0.110533,0.788297,0,0.0,0.022122,0,0.001775,0.027548,0.0,1.11752,0.004302,0.002996,0.014433,0.011096,0.101403,0.106117,0.146971,0.059406,0.117985,0.336281,0.120694,0.247934,0.047662,0,0.193582,0.179781,0.176087,0.371711,0.178726,0,0,0,0,0,0,0,0,0,0,0,0,0,0
96,1844,1748,2055,799,418,2210,983,698,1994,1247,1187,2308,2518,20009,267,751,325,51,231,634,367,43,84,212,140,717,1097,4919,347,83,73,400,0,375,61,72,47,287,126,311,656,2838,624,803,381,85,28,818,406,104,478,516,178,859,1102,6382,396,41,50,23,80,103,22,0,28,368,22,188,19,1340,1161,674,1318,927,473,2235,1472,344,1093,1345,983,2687,2596,17308,167,221,371,182,47,223,188,33,839,136,75,1597,960,5039,48,4,23,1,0,13,8,2,1,3,0,26,25,154,610,1570,1434,429,237,1879,667,391,506,950,682,1968,1600,12923,1192,1458,1433,419,459,2213,338,434,1151,1393,282,3475,3671,17918,1,2,72,0,0,0,0,0,0,0,1,131,101,308,102,0,0,10,0,3,4,0,219,1,0,15,9,363,13,48,28,52,27,74,70,14,0,47,60,126,253,812,0,0,0,0,0,0,0,0,0,0,0,0,0,0,13.977109,5.242951,3.69937,1.963965,5.206128,3.922543,3.868556,3.32682,10.268823,5.364364,3.556661,3.331216,3.49242,4.248664,2.023801,2.252549,0.585059,0.125359,2.877071,1.125291,1.444313,0.204947,0.432588,0.911985,0.419488,1.034871,1.521519,1.044489,2.630183,0.24895,0.131413,0.983212,0.0,0.66559,0.240063,0.343168,0.242043,1.234621,0.377539,0.448877,0.90986,0.613066,4.729781,2.408518,0.685869,0.208932,0.348736,1.451873,1.597796,0.495687,2.461634,2.219737,0.533349,1.239824,1.528454,1.355139,3.001592,0.122975,0.090009,0.056535,0.996388,0.182815,0.08658,0.0,0.144196,1.583068,0.06592,0.271347,0.026353,0.2978,8.800121,2.021596,2.372637,2.278593,5.891145,3.966916,5.792995,1.639579,5.628798,5.785942,2.945407,3.87824,3.600605,3.67514,1.265823,0.662867,0.667867,0.447361,0.585378,0.395804,0.739866,0.157285,4.320733,0.585047,0.224726,2.305005,1.331503,1.06997,0.363829,0.011998,0.041404,0.002458,0,0.023074,0.031484,0.009532,0.00515,0.012905,0.0,0.037527,0.034675,0.035852,4.623664,4.709058,2.581458,1.054495,2.9518,3.335049,2.624951,1.863591,2.60583,4.086725,2.043507,2.840483,2.219171,2.74404,9.035094,4.373125,2.579658,1.029914,5.716777,3.927868,1.330185,2.068538,5.92749,5.992429,0.844969,5.015588,5.09161,3.804666,0.00758,0.005999,0.129613,0.0,0,0.0,0.0,0,0,0,0.002996,0.189077,0.140085,0.111256,0.773137,0,0.0,0.02458,0,0.005325,0.015742,0.0,1.12782,0.004302,0.0,0.02165,0.012483,0.113553,0.098537,0.143971,0.050405,0.127818,0.336281,0.131343,0.275482,0.066727,0,0.202185,0.179781,0.18186,0.350906,0.179833,0,0,0,0,0,0,0,0,0,0,0,0,0,0
97,1804,1789,2082,775,414,2240,985,640,1995,1245,1081,2305,2518,19873,269,722,336,50,232,637,379,44,81,213,131,691,1045,4830,336,79,72,363,0,355,63,51,46,283,132,320,649,2749,636,822,366,104,25,819,414,106,465,517,175,857,1088,6394,400,40,61,25,80,106,23,3,28,369,33,190,24,1382,1146,703,1337,907,474,2209,1507,326,1097,1339,920,2725,2585,17275,173,201,359,191,46,203,189,33,852,137,73,1560,954,4971,43,5,23,1,0,16,6,3,1,1,1,32,20,152,603,1552,1421,427,236,1861,664,391,504,939,674,1950,1618,12840,1195,1447,1436,465,468,2168,328,408,1163,1407,285,3384,3622,17776,1,1,70,0,0,1,0,0,0,0,1,130,100,304,98,0,0,7,0,0,5,0,226,1,1,12,8,358,12,44,33,55,25,72,68,15,0,43,65,123,255,810,0,0,0,0,0,0,0,0,0,0,0,0,0,0,13.673918,5.365927,3.747975,1.904973,5.156308,3.97579,3.876427,3.050379,10.273973,5.35576,3.239048,3.326886,3.49242,4.219786,2.03896,2.165567,0.60486,0.122901,2.889525,1.130615,1.491539,0.209714,0.417139,0.916287,0.392521,0.997344,1.449396,1.025591,2.546805,0.236953,0.129613,0.892265,0.0,0.630092,0.247934,0.243077,0.236894,1.217414,0.395517,0.461867,0.900151,0.59384,4.820738,2.465507,0.658866,0.255635,0.311371,1.453648,1.62928,0.505219,2.394685,2.224039,0.52436,1.236938,1.509036,1.357687,3.031911,0.119976,0.109811,0.061451,0.996388,0.18814,0.090516,0.014299,0.144196,1.58737,0.098879,0.274234,0.033288,0.293451,8.686425,2.108578,2.406841,2.229432,5.903599,3.920768,5.930736,1.553787,5.649397,5.760131,2.756637,3.933087,3.585348,3.668133,1.311301,0.602879,0.646265,0.469484,0.572923,0.360306,0.743802,0.157285,4.387682,0.589349,0.218733,2.251602,1.323181,1.055531,0.32593,0.014997,0.041404,0.002458,0,0.028399,0.023613,0.014299,0.00515,0.004302,0.002996,0.046187,0.02774,0.032835,4.570606,4.655069,2.558056,1.049578,2.939345,3.303101,2.613144,1.863591,2.59553,4.039405,2.019536,2.814503,2.244137,2.726416,9.057834,4.340132,2.585059,1.142984,5.82887,3.847997,1.29083,1.944617,5.989288,6.052654,0.853958,4.884245,5.023648,3.774514,0.00758,0.002999,0.126013,0.0,0,0.001775,0.0,0,0,0,0.002996,0.187634,0.138698,0.091242,0.742818,0,0.0,0.017206,0,0.0,0.019677,0.0,1.163869,0.004302,0.002996,0.01732,0.011096,0.120658,0.090957,0.131974,0.059406,0.135192,0.311371,0.127793,0.267611,0.071493,0,0.184978,0.194762,0.17753,0.35368,0.17939,0,0,0,0,0,0,0,0,0,0,0,0,0,0
98,1781,1742,2155,772,412,2152,995,657,1964,1182,1091,2288,2518,19709,268,737,329,54,234,638,376,40,84,205,141,716,1077,4899,327,75,73,353,0,354,58,57,45,277,130,324,623,2696,630,795,357,95,30,851,398,100,458,518,159,872,1120,6383,399,37,64,11,80,102,21,1,27,364,29,185,19,1339,1136,674,1366,892,461,2158,1495,325,1078,1345,912,2640,2523,17005,168,211,358,149,49,216,203,34,848,132,68,1580,924,4940,41,5,20,1,0,19,9,1,1,3,0,32,17,149,607,1592,1466,397,234,1854,670,381,508,936,658,2005,1593,12901,1172,1453,1442,394,463,2163,309,389,1156,1413,275,3461,3578,17668,1,1,79,0,0,1,0,0,0,0,2,133,99,316,104,0,0,8,0,5,5,0,229,1,0,11,7,370,14,44,24,39,22,72,64,13,0,44,60,138,266,800,0,0,0,0,0,0,0,0,0,0,0,0,0,0,13.499583,5.224955,3.879388,1.897599,5.131399,3.819599,3.915781,3.131405,10.114327,5.084746,3.269012,3.30235,3.49242,4.184963,2.03138,2.210558,0.592259,0.132734,2.914435,1.13239,1.479732,0.190649,0.432588,0.881872,0.422485,1.033428,1.493779,1.040242,2.478587,0.224955,0.131413,0.867684,0.0,0.628317,0.228257,0.271674,0.231744,1.191603,0.389525,0.46764,0.86409,0.582391,4.77526,2.384523,0.642664,0.233513,0.373646,1.510445,1.566312,0.476622,2.358636,2.22834,0.476419,1.258588,1.55342,1.355351,3.024331,0.110978,0.115212,0.027038,0.996388,0.18104,0.082645,0.004766,0.139046,1.565861,0.086894,0.267017,0.026353,0.28432,8.610627,2.021596,2.459046,2.192562,5.741686,3.830248,5.88351,1.549021,5.55155,5.785942,2.732666,3.810404,3.499355,3.610802,1.273403,0.632873,0.644464,0.366246,0.610288,0.38338,0.798898,0.162051,4.367082,0.56784,0.203751,2.280469,1.281571,1.048948,0.310771,0.014997,0.036004,0.002458,0,0.033723,0.035419,0.004766,0.00515,0.012905,0.0,0.046187,0.023579,0.034688,4.600925,4.775045,2.639064,0.975838,2.914435,3.290676,2.636757,1.815929,2.616129,4.026499,1.971595,2.893886,2.209462,2.739368,8.883499,4.358128,2.59586,0.968463,5.766596,3.839122,1.216057,1.854058,5.953239,6.078465,0.823995,4.995381,4.962621,3.751582,0.00758,0.002999,0.142214,0.0,0,0.001775,0.0,0,0,0,0.005993,0.191964,0.137311,0.094843,0.788297,0,0.0,0.019664,0,0.008875,0.019677,0.0,1.179318,0.004302,0.0,0.015877,0.009709,0.115743,0.106117,0.131974,0.043204,0.095863,0.274007,0.127793,0.251869,0.061961,0,0.18928,0.179781,0.19918,0.368937,0.177175,0,0,0,0,0,0,0,0,0,0,0,0,0,0
99,1770,1718,2091,766,390,2226,992,607,1973,1171,1044,2273,2471,19492,261,748,320,60,220,633,374,46,80,199,146,714,1075,4876,344,74,71,361,0,358,55,49,44,278,134,308,613,2689,635,823,354,92,28,815,382,92,465,499,149,833,1077,6244,398,42,50,22,77,108,20,2,30,348,21,192,28,1338,1135,680,1361,909,454,2172,1466,326,1066,1342,909,2689,2510,17019,167,215,362,154,44,207,204,29,831,137,61,1553,909,4873,32,7,21,1,0,14,6,0,1,3,0,26,18,129,600,1551,1443,414,237,1770,667,378,487,926,636,2009,1570,12688,1177,1416,1486,405,465,2163,315,422,1135,1381,256,3417,3566,17604,1,2,67,0,0,0,0,0,0,0,1,134,96,301,104,0,0,7,0,3,6,0,228,1,0,12,8,369,14,52,36,44,23,74,68,18,0,43,63,132,266,833,0,0,0,0,0,0,0,0,0,0,0,0,0,0,13.416206,5.152969,3.764176,1.88285,4.857392,3.950942,3.903975,2.893094,10.160676,5.037426,3.128184,3.2807,3.427232,4.138886,1.978322,2.243551,0.576058,0.147482,2.740067,1.123516,1.471861,0.219246,0.411989,0.856061,0.437466,1.030541,1.491005,1.035358,2.607443,0.221956,0.127813,0.887349,0.0,0.635416,0.21645,0.233545,0.226594,1.195905,0.40151,0.444547,0.85022,0.580879,4.813158,2.468506,0.637264,0.226139,0.348736,1.446549,1.503345,0.438492,2.394685,2.146606,0.446455,1.202298,1.493779,1.325836,3.016751,0.125975,0.090009,0.054077,0.959024,0.19169,0.078709,0.009532,0.154496,1.497032,0.062923,0.27712,0.038835,0.284108,8.603047,2.039592,2.450045,2.234348,5.654502,3.855097,5.769382,1.553787,5.489752,5.773036,2.723677,3.881127,3.481324,3.613775,1.265823,0.644871,0.651665,0.378536,0.548013,0.367406,0.802834,0.13822,4.279534,0.589349,0.182777,2.241499,1.260766,1.034721,0.242553,0.020996,0.037804,0.002458,0,0.024849,0.023613,0.0,0.00515,0.012905,0.0,0.037527,0.024966,0.031574,4.547866,4.65207,2.59766,1.017624,2.9518,3.141584,2.624951,1.80163,2.507982,3.983481,1.905675,2.899659,2.177561,2.69414,8.921398,4.247151,2.675068,0.995502,5.791506,3.839122,1.239669,2.011344,5.845092,5.940807,0.767064,4.931875,4.945977,3.737992,0.00758,0.005999,0.120612,0.0,0,0.0,0.0,0,0,0,0.002996,0.193407,0.13315,0.108727,0.788297,0,0.0,0.017206,0,0.005325,0.023613,0.0,1.174168,0.004302,0.0,0.01732,0.011096,0.11543,0.106117,0.155969,0.064806,0.108153,0.286462,0.131343,0.267611,0.085792,0,0.184978,0.18877,0.19052,0.368937,0.184484,0,0,0,0,0,0,0,0,0,0,0,0,0,0
100,1705,1749,2025,734,408,2184,981,607,1958,1191,1052,2242,2514,19350,257,703,335,46,223,632,379,54,79,192,139,690,1079,4808,337,70,72,368,0,367,58,52,43,282,129,311,591,2680,608,800,346,99,28,815,380,91,460,522,162,841,1080,6232,395,42,52,21,81,109,21,2,29,357,26,186,25,1346,1153,678,1315,894,458,2135,1450,321,1060,1329,931,2680,2496,16900,163,215,367,176,50,186,193,41,832,147,65,1579,964,4978,47,4,23,0,0,11,6,3,1,3,2,28,14,142,609,1570,1459,442,230,1791,661,368,499,922,640,1985,1601,12777,1165,1448,1434,462,462,2189,309,377,1132,1372,246,3452,3603,17651,1,2,74,0,0,1,0,0,0,0,1,121,98,298,99,0,0,6,0,2,7,0,230,0,0,12,7,363,13,41,29,56,24,79,61,9,0,45,66,142,282,847,0,0,0,0,0,0,0,0,0,0,0,0,0,0,12.92352,5.245951,3.645365,1.804193,5.081579,3.876396,3.860685,2.893094,10.083428,5.123462,3.152154,3.235956,3.486872,4.108734,1.948003,2.108578,0.60306,0.113069,2.777432,1.121741,1.491539,0.257376,0.406839,0.825949,0.416492,0.995901,1.496553,1.02092,2.554385,0.209958,0.129613,0.904555,0.0,0.651391,0.228257,0.247843,0.221444,1.213112,0.386528,0.448877,0.819706,0.578935,4.608505,2.39952,0.622862,0.243345,0.348736,1.446549,1.495474,0.433726,2.368936,2.245548,0.485408,1.213844,1.49794,1.323288,2.994012,0.125975,0.093609,0.051619,1.008843,0.193465,0.082645,0.009532,0.149346,1.535748,0.077905,0.26846,0.034675,0.285807,8.739483,2.033593,2.367237,2.197478,5.704322,3.789425,5.706415,1.529956,5.458853,5.717113,2.789597,3.868137,3.461907,3.588507,1.235504,0.644871,0.660666,0.432613,0.622743,0.330133,0.759543,0.195415,4.284684,0.632367,0.194762,2.279025,1.33705,1.057017,0.35625,0.011998,0.041404,0.0,0,0.019524,0.023613,0.014299,0.00515,0.012905,0.005993,0.040413,0.019418,0.03363,4.616084,4.709058,2.626463,1.086449,2.864616,3.178857,2.601338,1.753968,2.569781,3.966274,1.91766,2.865019,2.220558,2.713038,8.83044,4.343131,2.581458,1.135609,5.754141,3.88527,1.216057,1.796864,5.829643,5.902091,0.737101,4.982391,4.997295,3.747972,0.00758,0.005999,0.133213,0.0,0,0.001775,0.0,0,0,0,0.002996,0.174643,0.135924,0.089441,0.750398,0,0.0,0.014748,0,0.00355,0.027548,0.0,1.184468,0.0,0.0,0.01732,0.009709,0.122458,0.098537,0.122975,0.052205,0.13765,0.298916,0.140218,0.240063,0.042896,0,0.193582,0.197759,0.204954,0.391129,0.187584,0,0,0,0,0,0,0,0,0,0,0,0,0,0
101,1747,1732,2055,761,409,2134,968,590,1929,1167,1062,2221,2463,19238,255,730,337,48,213,617,375,38,80,197,133,685,1101,4809,343,69,66,318,0,359,59,47,42,271,141,309,600,2624,618,830,381,99,28,810,392,103,454,502,155,823,1070,6265,399,42,47,16,70,98,22,1,28,366,23,181,22,1315,1142,660,1321,930,440,2177,1450,324,1062,1310,922,2614,2482,16834,172,196,355,166,49,192,201,36,831,143,62,1534,935,4872,48,4,19,0,0,13,6,4,1,2,2,27,19,145,585,1589,1417,400,245,1847,657,348,505,943,620,2025,1566,12747,1161,1439,1423,422,458,2202,312,409,1108,1367,258,3413,3568,17540,1,2,71,0,0,0,0,0,0,0,1,116,107,298,102,0,0,14,0,3,6,0,228,1,0,13,8,375,14,47,31,52,24,77,69,17,0,45,60,127,258,821,0,0,0,0,0,0,0,0,0,0,0,0,0,0,13.241871,5.194961,3.69937,1.87056,5.094034,3.78765,3.809524,2.812068,9.934082,5.020219,3.182118,3.205646,3.416136,4.084952,1.932843,2.189562,0.606661,0.117985,2.652883,1.095117,1.475797,0.181116,0.411989,0.847458,0.398514,0.988684,1.527067,1.021132,2.599864,0.206959,0.118812,0.781653,0.0,0.637191,0.232192,0.224012,0.216294,1.165792,0.422485,0.44599,0.832189,0.566838,4.684302,2.489502,0.685869,0.243345,0.348736,1.437674,1.5427,0.49092,2.338037,2.159511,0.464433,1.187864,1.484071,1.330295,3.024331,0.125975,0.084608,0.039328,0.87184,0.173941,0.08658,0.004766,0.144196,1.574464,0.068916,0.261244,0.030514,0.279224,8.656106,1.979604,2.378038,2.285967,5.480135,3.863971,5.706415,1.544254,5.469152,5.635378,2.76263,3.772877,3.442489,3.574492,1.303722,0.587882,0.639064,0.408033,0.610288,0.340782,0.791027,0.171584,4.279534,0.61516,0.185773,2.214075,1.296828,1.034509,0.363829,0.011998,0.034203,0.0,0,0.023074,0.023613,0.019065,0.00515,0.008604,0.005993,0.03897,0.026353,0.034341,4.43417,4.766047,2.550855,0.983212,3.051439,3.278252,2.585596,1.658644,2.60068,4.056612,1.857734,2.922753,2.172013,2.706668,8.800121,4.316137,2.561656,1.037288,5.704322,3.908344,1.227863,1.949383,5.706046,5.880582,0.773057,4.926101,4.948751,3.724403,0.00758,0.005999,0.127813,0.0,0,0.0,0.0,0,0,0,0.002996,0.167427,0.148407,0.107643,0.773137,0,0.0,0.034412,0,0.005325,0.023613,0.0,1.174168,0.004302,0.0,0.018763,0.011096,0.117307,0.106117,0.140972,0.055806,0.127818,0.298916,0.136668,0.271547,0.081026,0,0.193582,0.179781,0.183304,0.357841,0.181826,0,0,0,0,0,0,0,0,0,0,0,0,0,0
102,1698,1663,2005,773,409,2142,993,619,1906,1182,1029,2229,2460,19108,255,747,335,51,216,610,365,52,80,196,136,698,1082,4823,343,73,63,340,0,347,51,59,46,270,138,294,618,2642,605,829,393,100,24,802,368,117,445,501,155,821,1081,6241,388,38,52,22,76,105,20,2,27,365,20,184,17,1316,1162,682,1342,829,447,2108,1475,297,1048,1322,867,2634,2491,16704,175,216,407,164,47,193,199,49,832,148,61,1550,933,4974,37,4,23,0,0,12,8,3,1,3,1,28,19,139,600,1542,1461,390,233,1832,662,372,491,911,643,2023,1590,12750,1175,1394,1477,439,453,2130,320,362,1098,1351,265,3423,3567,17454,1,2,76,1,0,1,0,0,0,0,1,124,99,305,99,0,0,11,0,1,7,0,224,1,2,12,8,365,14,45,27,52,22,62,69,22,0,43,62,132,253,803,0,0,0,0,0,0,0,0,0,0,0,0,0,0,12.870462,4.988002,3.609361,1.900057,5.094034,3.801849,3.90791,2.950288,9.815635,5.084746,3.083238,3.217193,3.411975,4.057348,1.932843,2.240552,0.60306,0.125359,2.690248,1.082693,1.436442,0.247843,0.411989,0.843156,0.407503,1.007448,1.500714,1.024105,2.599864,0.218956,0.113411,0.83573,0.0,0.615893,0.200708,0.281207,0.236894,1.16149,0.413496,0.42434,0.857155,0.570726,4.585765,2.486503,0.707471,0.245803,0.298916,1.423475,1.448249,0.557647,2.291688,2.155209,0.464433,1.184978,1.499327,1.325199,2.940954,0.113977,0.093609,0.054077,0.946569,0.186365,0.078709,0.009532,0.139046,1.570163,0.059927,0.265574,0.023579,0.279436,8.807701,2.045591,2.415842,2.037706,5.567318,3.741503,5.804801,1.415566,5.397054,5.687,2.597831,3.801744,3.454972,3.546888,1.326461,0.64787,0.732673,0.403117,0.585378,0.342557,0.783156,0.233545,4.284684,0.636669,0.182777,2.237169,1.294054,1.056168,0.280452,0.011998,0.041404,0.0,0,0.021299,0.031484,0.014299,0.00515,0.012905,0.002996,0.040413,0.026353,0.03292,4.547866,4.625075,2.630063,0.958631,2.90198,3.251628,2.605274,1.773033,2.528582,3.918954,1.926649,2.919866,2.205301,2.707305,8.906238,4.181164,2.658866,1.079075,5.642048,3.780551,1.259347,1.725371,5.654547,5.811753,0.794031,4.940535,4.947364,3.706142,0.00758,0.005999,0.136814,0.002458,0,0.001775,0.0,0,0,0,0.002996,0.178974,0.137311,0.08158,0.750398,0,0.0,0.027038,0,0.001775,0.027548,0.0,1.153569,0.004302,0.005993,0.01732,0.011096,0.103385,0.106117,0.134973,0.048605,0.127818,0.274007,0.110044,0.271547,0.104857,0,0.184978,0.185773,0.19052,0.350906,0.17784,0,0,0,0,0,0,0,0,0,0,0,0,0,0
103,1697,1673,1969,713,415,2166,956,600,1916,1201,995,2179,2406,18886,252,726,328,26,212,603,369,44,83,199,134,674,1081,4731,348,82,73,334,0,373,56,59,45,247,129,298,620,2664,600,794,376,88,28,785,381,91,440,513,133,812,1072,6113,386,41,48,20,74,105,20,1,25,355,20,191,23,1309,1155,685,1351,883,455,2130,1461,291,1035,1310,928,2626,2503,16813,172,221,361,167,50,216,200,32,828,143,71,1511,928,4900,37,4,16,1,0,13,5,0,1,3,0,21,15,116,605,1519,1387,422,243,1794,655,380,496,901,666,2048,1548,12664,1177,1427,1404,409,454,2137,314,416,1086,1369,234,3371,3547,17345,1,1,60,0,0,0,0,0,0,0,2,131,102,297,103,0,0,9,0,0,7,0,229,1,0,9,7,365,14,49,30,56,25,68,61,20,0,47,61,124,245,800,0,0,0,0,0,0,0,0,0,0,0,0,0,0,12.862882,5.017996,3.544554,1.752575,5.168763,3.844447,3.762298,2.85973,9.867134,5.16648,2.981363,3.145026,3.337078,4.010209,1.910104,2.177564,0.590459,0.063909,2.640428,1.070269,1.452184,0.209714,0.427438,0.856061,0.40151,0.972808,1.499327,1.00457,2.637762,0.245951,0.131413,0.820982,0.0,0.66204,0.220386,0.281207,0.231744,1.062548,0.386528,0.430114,0.859929,0.575479,4.547866,2.381524,0.676868,0.216307,0.348736,1.393302,1.49941,0.433726,2.265939,2.206831,0.398514,1.171988,1.486844,1.29802,2.925794,0.122975,0.086409,0.049161,0.921659,0.186365,0.078709,0.004766,0.128747,1.527144,0.059927,0.275677,0.031901,0.27795,8.754643,2.054589,2.432043,2.17044,5.666957,3.780551,5.749705,1.386969,5.330106,5.635378,2.780608,3.790197,3.471615,3.570033,1.303722,0.662867,0.649865,0.410491,0.622743,0.38338,0.787092,0.152519,4.264085,0.61516,0.21274,2.180879,1.287119,1.040455,0.280452,0.011998,0.028803,0.002458,0,0.023074,0.019677,0.0,0.00515,0.012905,0.0,0.03031,0.020805,0.028392,4.585765,4.556089,2.49685,1.037288,3.026529,3.184182,2.577725,1.811162,2.554331,3.875936,1.995565,2.955949,2.147048,2.689044,8.921398,4.280144,2.527453,1.005334,5.654502,3.792975,1.235734,1.982746,5.592749,5.889185,0.701145,4.865481,4.919624,3.682997,0.00758,0.002999,0.108011,0.0,0,0.0,0.0,0,0,0,0.005993,0.189077,0.141472,0.107282,0.780717,0,0.0,0.022122,0,0.0,0.027548,0.0,1.179318,0.004302,0.0,0.01299,0.009709,0.138608,0.106117,0.146971,0.054005,0.13765,0.311371,0.120694,0.240063,0.095324,0,0.202185,0.182777,0.178974,0.339811,0.177175,0,0,0,0,0,0,0,0,0,0,0,0,0,0
104,1685,1670,1919,741,393,2117,954,603,1903,1189,1039,2169,2418,18800,249,712,328,55,214,602,373,37,81,198,125,663,1059,4696,322,67,71,331,0,332,52,57,43,243,116,279,625,2538,595,802,341,99,25,764,368,98,441,490,155,806,1070,6054,386,42,54,25,74,107,21,0,22,361,23,186,26,1327,1132,657,1331,871,450,2091,1409,319,1026,1285,891,2577,2427,16466,163,206,366,146,47,211,206,26,817,142,71,1525,924,4850,34,4,15,5,0,13,6,1,1,2,2,26,13,122,605,1523,1387,393,241,1847,657,372,497,889,633,2008,1553,12605,1152,1406,1332,391,459,2152,304,401,1083,1323,249,3405,3521,17178,1,2,64,1,0,0,0,0,0,0,2,133,93,296,99,0,1,11,0,0,5,0,231,1,0,10,8,366,16,38,28,52,23,87,66,16,0,47,63,128,264,828,0,0,0,0,0,0,0,0,0,0,0,0,0,0,12.771925,5.008998,3.454545,1.8214,4.894757,3.757477,3.754427,2.874029,9.800185,5.114858,3.113202,3.130593,3.353722,3.991948,1.887365,2.135573,0.590459,0.135192,2.665338,1.068494,1.467926,0.17635,0.417139,0.851759,0.374543,0.956931,1.468814,0.997138,2.440688,0.20096,0.127813,0.813608,0.0,0.589269,0.204644,0.271674,0.221444,1.045341,0.347576,0.40269,0.866864,0.54826,4.509967,2.405519,0.613861,0.243345,0.311371,1.356028,1.448249,0.467089,2.271089,2.10789,0.464433,1.163328,1.484071,1.285492,2.925794,0.125975,0.09721,0.061451,0.921659,0.189915,0.082645,0.0,0.113297,1.552955,0.068916,0.26846,0.036062,0.294911,8.580308,1.970606,2.39604,2.140943,5.604683,3.711329,5.545061,1.520423,5.283757,5.527833,2.669743,3.719473,3.366205,3.496352,1.235504,0.617876,0.658866,0.358872,0.585378,0.374505,0.810704,0.123922,4.207436,0.610858,0.21274,2.201085,1.281571,1.029838,0.257712,0.011998,0.027003,0.01229,0,0.023074,0.023613,0.004766,0.00515,0.008604,0.005993,0.037527,0.018031,0.026355,4.585765,4.568086,2.49685,0.966005,3.001619,3.278252,2.585596,1.773033,2.559481,3.824314,1.896686,2.898216,2.153983,2.676516,8.731903,4.217157,2.39784,0.961089,5.716777,3.819599,1.196379,1.911253,5.577299,5.691302,0.74609,4.914555,4.883563,3.647536,0.00758,0.005999,0.115212,0.002458,0,0.0,0.0,0,0,0,0.005993,0.191964,0.128989,0.093222,0.750398,0,0.0018,0.027038,0,0.0,0.019677,0.0,1.189618,0.004302,0.0,0.014433,0.011096,0.114776,0.121276,0.113977,0.050405,0.127818,0.286462,0.154417,0.25974,0.076259,0,0.202185,0.18877,0.184747,0.366163,0.183377,0,0,0,0,0,0,0,0,0,0,0,0,0,0
105,1700,1669,1911,746,395,2094,956,645,1876,1150,1046,2171,2374,18733,251,716,321,49,211,590,371,45,84,191,127,686,1049,4691,324,68,64,343,0,366,47,46,41,238,138,277,626,2578,582,803,367,99,26,774,381,92,438,500,169,798,1031,6060,373,37,58,16,69,98,20,0,25,359,14,170,20,1259,1113,649,1271,901,446,2080,1418,311,1015,1288,893,2593,2442,16420,163,201,340,154,47,204,209,32,817,145,54,1495,892,4753,42,4,18,0,0,14,5,2,1,3,1,30,18,138,597,1522,1384,372,241,1813,634,374,503,885,649,2007,1568,12549,1139,1394,1312,415,437,2128,300,392,1069,1314,230,3342,3483,16955,1,2,68,0,0,0,0,0,0,0,1,124,100,296,100,0,0,12,0,1,8,0,235,1,0,11,8,376,15,37,35,56,25,67,60,14,0,42,64,123,233,771,0,0,0,0,0,0,0,0,0,0,0,0,0,0,12.885621,5.005999,3.440144,1.83369,4.919666,3.716654,3.762298,3.07421,9.661139,4.947088,3.134176,3.13348,3.292695,3.977722,1.902524,2.14757,0.577858,0.120443,2.627974,1.047195,1.460055,0.21448,0.432588,0.821647,0.380536,0.990128,1.454944,0.996076,2.455848,0.203959,0.115212,0.843104,0.0,0.649616,0.184967,0.219246,0.211144,1.023832,0.413496,0.399804,0.868251,0.556901,4.41143,2.408518,0.660666,0.243345,0.323826,1.373778,1.49941,0.438492,2.255639,2.150908,0.506382,1.151781,1.429978,1.286766,2.827257,0.110978,0.10441,0.039328,0.859385,0.173941,0.078709,0.0,0.128747,1.544352,0.041949,0.245367,0.02774,0.279798,8.436292,1.946611,2.288029,2.214684,5.554864,3.691805,5.58048,1.482294,5.227109,5.540738,2.675736,3.742567,3.38701,3.486585,1.235504,0.602879,0.612061,0.378536,0.585378,0.362081,0.822511,0.152519,4.207436,0.623763,0.161803,2.157785,1.237188,1.009241,0.318351,0.011998,0.032403,0.0,0,0.024849,0.019677,0.009532,0.00515,0.012905,0.002996,0.0433,0.024966,0.032683,4.525127,4.565087,2.491449,0.914387,3.001619,3.217905,2.495081,1.782565,2.59038,3.807107,1.944628,2.896773,2.174787,2.664625,8.633366,4.181164,2.361836,1.020082,5.44277,3.777001,1.180638,1.868357,5.505201,5.652585,0.689159,4.823625,4.830858,3.600185,0.00758,0.005999,0.122412,0.0,0,0.0,0.0,0,0,0,0.002996,0.178974,0.138698,0.106921,0.757978,0,0.0,0.029496,0,0.001775,0.031484,0.0,1.210217,0.004302,0.0,0.015877,0.011096,0.11762,0.113697,0.110978,0.063006,0.13765,0.311371,0.118919,0.236128,0.066727,0,0.180676,0.191766,0.17753,0.323167,0.170753,0,0,0,0,0,0,0,0,0,0,0,0,0,0
106,1670,1637,1931,755,394,2088,936,603,1871,1135,1005,2177,2396,18598,249,717,304,33,209,591,362,42,88,185,114,659,980,4533,313,71,72,321,0,345,53,64,42,235,126,291,586,2519,583,782,334,98,24,772,380,84,438,478,141,810,1047,5971,371,40,55,18,75,103,19,3,22,345,19,185,29,1284,1123,646,1328,893,441,2071,1420,274,1007,1277,890,2613,2359,16342,161,214,362,169,50,200,204,33,804,142,67,1520,915,4841,45,6,17,1,0,12,6,2,1,3,0,28,15,136,595,1497,1378,403,237,1795,631,379,501,863,654,2038,1557,12528,1137,1381,1350,398,441,2045,300,402,1060,1286,252,3370,3474,16896,1,2,65,0,0,1,0,0,0,0,0,131,91,291,101,0,0,6,0,2,8,0,236,2,0,9,7,371,14,41,36,54,22,64,65,13,0,49,74,129,254,815,0,0,0,0,0,0,0,0,0,0,0,0,0,0,12.658228,4.910018,3.476148,1.855812,4.907211,3.706005,3.683589,2.874029,9.63539,4.88256,3.011326,3.14214,3.323208,3.949056,1.887365,2.15057,0.547255,0.081115,2.603064,1.04897,1.424636,0.200181,0.453188,0.795836,0.341583,0.951158,1.359242,0.962527,2.37247,0.212957,0.129613,0.789027,0.0,0.612343,0.208579,0.305038,0.216294,1.010927,0.377539,0.42001,0.812771,0.544156,4.41901,2.345531,0.60126,0.240887,0.298916,1.370228,1.495474,0.400362,2.255639,2.056268,0.422485,1.169101,1.45217,1.267868,2.812097,0.119976,0.09901,0.044245,0.934114,0.182815,0.074774,0.014299,0.113297,1.484126,0.056931,0.267017,0.040222,0.272642,8.51209,1.937612,2.390639,2.19502,5.492589,3.675831,5.588351,1.305943,5.18591,5.493418,2.666747,3.771434,3.27189,3.470022,1.220344,0.641872,0.651665,0.415407,0.622743,0.354981,0.802834,0.157285,4.140488,0.610858,0.200755,2.193869,1.269088,1.027927,0.34109,0.017996,0.030603,0.002458,0,0.021299,0.023613,0.009532,0.00515,0.012905,0.0,0.040413,0.020805,0.031661,4.509967,4.490102,2.480648,0.990586,2.9518,3.185957,2.483274,1.806396,2.58008,3.712467,1.959609,2.941516,2.159531,2.660166,8.618207,4.142172,2.430243,0.978296,5.492589,3.629684,1.180638,1.916019,5.458853,5.532135,0.755079,4.864038,4.818375,3.587657,0.00758,0.005999,0.117012,0.0,0,0.001775,0.0,0,0,0,0.0,0.189077,0.126215,0.097062,0.765557,0,0.0,0.014748,0,0.00355,0.031484,0.0,1.215367,0.008604,0.0,0.01299,0.009709,0.116056,0.106117,0.122975,0.064806,0.132734,0.274007,0.113594,0.255805,0.061961,0,0.210789,0.221729,0.18619,0.352293,0.180497,0,0,0,0,0,0,0,0,0,0,0,0,0,0
107,1643,1620,1934,705,377,2114,912,573,1858,1143,1040,2153,2343,18415,241,715,324,37,206,581,360,42,84,191,122,664,1029,4596,337,72,62,344,0,355,48,64,41,227,122,289,616,2577,578,804,334,85,28,782,366,91,439,484,137,793,1019,5940,362,39,55,18,72,103,20,3,22,345,19,164,26,1248,1110,663,1260,876,435,2035,1394,288,1007,1238,853,2549,2380,16088,168,214,374,167,48,198,206,37,797,144,68,1522,880,4823,42,4,13,2,0,10,5,1,1,1,2,20,17,118,601,1438,1386,382,249,1836,632,401,504,880,600,2032,1551,12492,1131,1344,1341,437,445,2003,299,420,1053,1272,284,3335,3472,16836,1,2,69,0,0,0,0,0,0,0,1,110,96,279,100,0,0,13,0,4,8,0,233,1,2,10,6,377,15,41,33,48,22,68,71,19,0,47,76,134,245,819,0,0,0,0,0,0,0,0,0,0,0,0,0,0,12.453574,4.859028,3.481548,1.732911,4.695479,3.752152,3.589138,2.731042,9.568442,4.916975,3.116198,3.1075,3.249698,3.910198,1.826726,2.144571,0.583258,0.090947,2.565699,1.031221,1.416765,0.200181,0.432588,0.821647,0.365554,0.958374,1.427204,0.975904,2.554385,0.215957,0.111611,0.845562,0.0,0.630092,0.188902,0.305038,0.211144,0.976512,0.365554,0.417124,0.854381,0.556685,4.381111,2.411518,0.60126,0.208932,0.348736,1.387977,1.440378,0.433726,2.260789,2.082079,0.410499,1.144564,1.413334,1.261286,2.743879,0.116977,0.09901,0.044245,0.896749,0.182815,0.078709,0.014299,0.113297,1.484126,0.056931,0.236707,0.036062,0.264997,8.413553,1.988602,2.268227,2.153234,5.41786,3.611934,5.486029,1.372671,5.18591,5.325647,2.555882,3.67906,3.301017,3.416088,1.273403,0.641872,0.673267,0.410491,0.597833,0.351431,0.810704,0.17635,4.104439,0.619461,0.203751,2.196755,1.220544,1.024105,0.318351,0.011998,0.023402,0.004916,0,0.017749,0.019677,0.004766,0.00515,0.004302,0.005993,0.028867,0.023579,0.02549,4.555446,4.313137,2.49505,0.938967,3.101258,3.258728,2.48721,1.911253,2.59553,3.785598,1.797807,2.932856,2.151209,2.652522,8.572728,4.031194,2.414041,1.074159,5.542409,3.555137,1.176702,2.001811,5.422804,5.471909,0.850962,4.813521,4.815601,3.574917,0.00758,0.005999,0.124212,0.0,0,0.0,0.0,0,0,0,0.002996,0.158767,0.13315,0.10078,0.757978,0,0.0,0.031954,0,0.0071,0.031484,0.0,1.199918,0.004302,0.005993,0.014433,0.008322,0.106784,0.113697,0.122975,0.059406,0.117985,0.274007,0.120694,0.279418,0.090558,0,0.202185,0.227722,0.193407,0.339811,0.181383,0,0,0,0,0,0,0,0,0,0,0,0,0,0
108,1600,1630,1897,707,390,2030,925,600,1834,1129,1029,2132,2366,18269,238,718,293,36,201,566,349,43,79,182,119,646,1041,4511,325,71,63,324,0,349,51,66,41,241,129,295,577,2532,557,747,358,88,29,758,367,99,441,475,149,785,1022,5875,355,40,51,18,74,103,19,3,22,345,23,166,27,1246,1094,649,1227,864,438,2071,1370,324,980,1243,852,2567,2334,16013,164,199,366,162,50,187,205,30,787,139,55,1492,934,4770,49,4,14,3,0,11,5,4,1,2,0,20,24,137,583,1472,1351,386,235,1755,630,385,502,854,624,2017,1523,12317,1108,1338,1305,405,438,2041,305,441,1019,1243,244,3304,3447,16638,1,2,57,0,0,0,0,0,0,0,1,122,95,278,103,0,1,7,0,6,5,0,229,2,0,9,7,369,16,42,29,71,22,64,69,14,0,46,76,126,260,835,0,0,0,0,0,0,0,0,0,0,0,0,0,0,12.127643,4.889022,3.414941,1.737827,4.857392,3.60306,3.640299,2.85973,9.444845,4.85675,3.083238,3.07719,3.281599,3.879197,1.803987,2.153569,0.527453,0.088489,2.503425,1.004597,1.373475,0.204947,0.406839,0.78293,0.356565,0.932394,1.443848,0.957855,2.463428,0.212957,0.113411,0.796401,0.0,0.619442,0.200708,0.31457,0.211144,1.036738,0.386528,0.425784,0.800288,0.546964,4.221936,2.240552,0.644464,0.216307,0.361191,1.345379,1.444313,0.471855,2.271089,2.043362,0.446455,1.133018,1.417495,1.247484,2.690821,0.119976,0.091809,0.044245,0.921659,0.182815,0.074774,0.014299,0.113297,1.484126,0.068916,0.239594,0.037449,0.264573,8.292276,1.946611,2.208821,2.123737,5.455225,3.675831,5.391578,1.544254,5.046864,5.347157,2.552885,3.70504,3.237215,3.400163,1.243083,0.596881,0.658866,0.398201,0.622743,0.331907,0.806769,0.142987,4.052941,0.597952,0.164799,2.153455,1.295441,1.012851,0.371409,0.011998,0.025203,0.007374,0,0.019524,0.019677,0.019065,0.00515,0.008604,0.0,0.028867,0.033288,0.031894,4.41901,4.415117,2.432043,0.948799,2.92689,3.114961,2.479339,1.834994,2.58523,3.67375,1.869719,2.911206,2.112373,2.615363,8.398393,4.013197,2.349235,0.995502,5.455225,3.622584,1.200315,2.101902,5.247708,5.347157,0.731108,4.768778,4.780926,3.532874,0.00758,0.005999,0.10261,0.0,0,0.0,0.0,0,0,0,0.002996,0.176087,0.131763,0.100419,0.780717,0,0.0018,0.017206,0,0.010649,0.019677,0.0,1.179318,0.008604,0.0,0.01299,0.009709,0.098341,0.121276,0.125975,0.052205,0.17452,0.274007,0.113594,0.271547,0.066727,0,0.197884,0.227722,0.18186,0.360615,0.184927,0,0,0,0,0,0,0,0,0,0,0,0,0,0
109,1608,1578,1833,696,376,2048,915,592,1821,1121,1051,2060,2347,18046,230,710,291,39,200,574,341,44,80,187,104,634,1024,4458,318,64,74,332,0,344,49,67,44,256,129,289,578,2544,552,768,314,95,28,753,370,79,438,470,150,774,1013,5804,353,32,58,15,78,98,16,3,21,333,22,165,20,1214,1090,645,1257,844,425,2066,1365,304,957,1218,871,2541,2312,15895,154,186,319,162,49,189,208,32,773,138,72,1470,921,4673,41,7,21,2,0,18,4,2,1,2,1,22,16,137,581,1429,1347,400,235,1831,632,397,491,848,644,2005,1550,12390,1098,1311,1291,437,427,2050,297,412,1035,1233,262,3253,3431,16537,1,1,49,1,0,1,0,0,0,0,1,120,101,275,102,0,1,12,0,3,7,0,224,1,1,11,6,368,17,48,31,59,25,63,62,17,0,51,58,130,260,821,0,0,0,0,0,0,0,0,0,0,0,0,0,0,12.188282,4.733053,3.29973,1.710788,4.683024,3.635008,3.600945,2.8216,9.377897,4.822335,3.149158,2.973269,3.255246,3.831846,1.743349,2.129574,0.523852,0.095863,2.49097,1.018796,1.341991,0.209714,0.411989,0.804439,0.31162,0.915074,1.420269,0.946601,2.410369,0.191962,0.133213,0.816066,0.0,0.610568,0.192837,0.319337,0.226594,1.101265,0.386528,0.417124,0.801675,0.549556,4.184037,2.303539,0.565257,0.233513,0.348736,1.336504,1.45612,0.376531,2.255639,2.021853,0.449452,1.117141,1.405013,1.232408,2.675661,0.095981,0.10441,0.03687,0.971478,0.173941,0.062967,0.014299,0.108147,1.432505,0.06592,0.23815,0.02774,0.257778,8.261957,1.934613,2.262826,2.074577,5.293312,3.666957,5.371901,1.44893,4.928417,5.239611,2.609816,3.667513,3.206702,3.375107,1.167286,0.557888,0.574257,0.398201,0.610288,0.335457,0.818575,0.152519,3.980843,0.593651,0.215737,2.121702,1.27741,0.992254,0.310771,0.020996,0.037804,0.004916,0,0.031948,0.015742,0.009532,0.00515,0.008604,0.002996,0.031753,0.022192,0.029595,4.403851,4.286143,2.424842,0.983212,2.92689,3.249854,2.48721,1.892188,2.528582,3.647939,1.929646,2.893886,2.149822,2.630864,8.322595,3.932214,2.324032,1.074159,5.318221,3.638558,1.168831,1.963681,5.330106,5.304138,0.785042,4.695168,4.758735,3.511428,0.00758,0.002999,0.088209,0.002458,0,0.001775,0.0,0,0,0,0.002996,0.1732,0.140085,0.073556,0.773137,0,0.0018,0.029496,0,0.005325,0.027548,0.0,1.153569,0.004302,0.002996,0.015877,0.008322,0.090064,0.128856,0.143971,0.055806,0.145024,0.311371,0.111819,0.243998,0.081026,0,0.219393,0.173788,0.187634,0.360615,0.181826,0,0,0,0,0,0,0,0,0,0,0,0,0,0
110,1599,1604,1843,698,358,2011,889,594,1805,1096,1019,2061,2265,17842,226,686,298,36,196,561,342,44,78,167,128,618,1018,4398,319,62,61,336,0,345,43,55,41,252,144,294,580,2532,542,762,302,99,28,733,361,81,441,466,176,763,964,5718,344,34,53,14,66,96,18,3,23,328,21,166,21,1187,1091,598,1282,904,423,1975,1344,299,945,1183,855,2520,2216,15635,154,192,346,148,52,190,205,37,778,137,68,1492,909,4708,45,7,22,2,0,13,6,1,1,1,1,26,23,148,574,1401,1370,413,232,1703,636,385,476,858,624,1954,1526,12152,1080,1282,1309,423,427,2006,286,396,1014,1218,258,3224,3307,16230,1,3,60,0,0,1,0,0,0,0,2,125,101,293,96,0,0,9,0,2,6,0,221,2,0,8,6,350,13,47,26,45,20,62,67,19,0,49,53,125,269,795,0,0,0,0,0,0,0,0,0,0,0,0,0,0,12.120064,4.811038,3.317732,1.715704,4.458837,3.569337,3.498623,2.831133,9.295499,4.71479,3.053275,2.974713,3.141514,3.788529,1.71303,2.057588,0.536454,0.088489,2.441151,0.995722,1.345927,0.209714,0.401689,0.718403,0.383532,0.891981,1.411947,0.933861,2.417949,0.185963,0.109811,0.825898,0.0,0.612343,0.169225,0.262142,0.211144,1.084057,0.431474,0.42434,0.804449,0.546964,4.108239,2.285543,0.543654,0.243345,0.348736,1.301006,1.420701,0.386064,2.271089,2.004646,0.527357,1.101264,1.33705,1.214147,2.607443,0.10198,0.09541,0.034412,0.82202,0.170391,0.070838,0.014299,0.118447,1.410995,0.062923,0.239594,0.029127,0.252045,8.269537,1.793641,2.307831,2.222058,5.268402,3.50544,5.289256,1.425099,4.866619,5.089048,2.561875,3.637203,3.073552,3.319899,1.167286,0.575885,0.622862,0.363788,0.647652,0.337232,0.806769,0.17635,4.006592,0.589349,0.203751,2.153455,1.260766,0.999686,0.34109,0.020996,0.039604,0.004916,0,0.023074,0.023613,0.004766,0.00515,0.004302,0.002996,0.037527,0.031901,0.031971,4.350792,4.20216,2.466247,1.015166,2.889525,3.022666,2.502952,1.834994,2.451334,3.690958,1.869719,2.820276,2.116534,2.580327,8.186159,3.845231,2.356436,1.039746,5.318221,3.560462,1.125541,1.887422,5.221959,5.239611,0.773057,4.653311,4.586749,3.44624,0.00758,0.008998,0.108011,0.0,0,0.001775,0.0,0,0,0,0.005993,0.180417,0.140085,0.08794,0.727659,0,0.0,0.022122,0,0.00355,0.023613,0.0,1.138119,0.008604,0.0,0.011547,0.008322,0.109487,0.098537,0.140972,0.046805,0.110611,0.249097,0.110044,0.263676,0.090558,0,0.210789,0.158806,0.180417,0.373098,0.176068,0,0,0,0,0,0,0,0,0,0,0,0,0,0
111,1564,1563,1832,693,349,2008,895,579,1766,1096,980,2040,2300,17665,221,692,308,38,201,547,341,38,79,180,108,623,1021,4397,315,61,65,316,0,329,48,54,39,232,132,295,592,2478,555,765,321,97,28,747,343,75,426,452,141,749,951,5650,333,38,52,21,70,101,17,1,22,326,19,177,18,1195,1076,626,1222,825,409,1982,1308,295,932,1180,799,2477,2281,15412,161,188,348,157,53,197,207,37,771,141,64,1459,904,4687,35,9,21,1,0,11,6,1,1,2,1,22,13,123,576,1394,1317,409,230,1758,635,374,485,846,631,1956,1499,12110,1071,1271,1260,419,419,2021,297,393,1019,1201,282,3222,3328,16203,1,3,63,0,0,0,0,0,0,0,2,131,101,301,98,0,0,5,0,1,5,0,212,2,0,8,5,336,11,51,29,52,22,72,63,11,0,44,52,139,257,803,0,0,0,0,0,0,0,0,0,0,0,0,0,0,11.854771,4.688062,3.29793,1.703414,4.346743,3.564012,3.522235,2.75964,9.094654,4.71479,2.936418,2.944403,3.190058,3.750945,1.675131,2.075585,0.554455,0.093405,2.503425,0.970874,1.341991,0.181116,0.406839,0.774327,0.323605,0.899198,1.416108,0.933649,2.38763,0.182963,0.117012,0.776737,0.0,0.583944,0.188902,0.257376,0.200845,0.998021,0.395517,0.425784,0.821093,0.535299,4.206776,2.294541,0.577858,0.238429,0.348736,1.325855,1.349862,0.357466,2.193841,1.944421,0.422485,1.081058,1.31902,1.199708,2.524066,0.113977,0.093609,0.051619,0.87184,0.179266,0.066903,0.004766,0.113297,1.402392,0.056931,0.25547,0.024966,0.253744,8.15584,1.877624,2.19982,2.027874,5.094034,3.517864,5.14758,1.406034,4.79967,5.076142,2.394079,3.57514,3.163705,3.272548,1.220344,0.563887,0.626463,0.385911,0.660107,0.349657,0.81464,0.17635,3.970543,0.606556,0.191766,2.105825,1.253832,0.995227,0.265292,0.026995,0.037804,0.002458,0,0.019524,0.023613,0.004766,0.00515,0.008604,0.002996,0.031753,0.018031,0.026571,4.365952,4.181164,2.370837,1.005334,2.864616,3.120285,2.499016,1.782565,2.497683,3.639336,1.890693,2.823163,2.079086,2.571409,8.117941,3.812238,2.268227,1.029914,5.218583,3.587086,1.168831,1.873123,5.247708,5.16648,0.844969,4.650424,4.615875,3.440507,0.00758,0.008998,0.113411,0.0,0,0.0,0.0,0,0,0,0.005993,0.189077,0.140085,0.108727,0.742818,0,0.0,0.01229,0,0.001775,0.019677,0.0,1.091771,0.008604,0.0,0.011547,0.006935,0.105107,0.083378,0.152969,0.052205,0.127818,0.274007,0.127793,0.247934,0.052428,0,0.18928,0.15581,0.200624,0.356454,0.17784,0,0,0,0,0,0,0,0,0,0,0,0,0,0
112,1559,1550,1813,678,361,1967,894,572,1758,1120,1009,2030,2237,17548,215,679,306,37,196,531,333,41,76,174,109,602,1001,4300,315,64,72,330,0,341,50,59,37,242,114,303,571,2498,558,730,324,87,28,727,347,83,416,457,153,729,975,5614,332,37,37,17,71,94,20,5,23,316,24,157,25,1158,1050,619,1210,835,402,1938,1289,296,928,1152,868,2441,2216,15244,155,194,338,143,53,189,204,36,769,144,71,1462,929,4687,52,7,16,0,0,15,4,4,1,2,1,20,15,137,582,1373,1345,370,229,1739,634,368,479,832,635,1973,1500,12059,1076,1277,1279,431,412,1989,286,410,1009,1177,284,3167,3267,16064,1,2,69,0,0,0,0,0,0,0,4,123,98,297,103,0,0,12,0,1,5,0,206,1,0,6,7,341,9,43,23,51,20,64,67,20,0,45,65,127,274,808,0,0,0,0,0,0,0,0,0,0,0,0,0,0,11.816873,4.64907,3.263726,1.666544,4.496201,3.491241,3.5183,2.726276,9.053456,4.818033,3.023312,2.929969,3.102678,3.726101,1.629652,2.036593,0.550855,0.090947,2.441151,0.942475,1.310508,0.195415,0.391389,0.748516,0.326602,0.868887,1.388369,0.913052,2.38763,0.191962,0.129613,0.81115,0.0,0.605243,0.196773,0.281207,0.190545,1.041039,0.341583,0.43733,0.791967,0.539619,4.229516,2.189562,0.583258,0.213849,0.348736,1.290357,1.365604,0.395596,2.142342,1.96593,0.458441,1.052191,1.352307,1.192064,2.516486,0.110978,0.066607,0.041786,0.884294,0.166841,0.078709,0.023831,0.118447,1.359374,0.071912,0.226604,0.034675,0.245887,7.958766,1.856629,2.178218,2.052454,5.00685,3.439769,5.072806,1.4108,4.779071,4.955691,2.600827,3.52318,3.073552,3.236875,1.174865,0.581884,0.608461,0.351498,0.660107,0.335457,0.802834,0.171584,3.960243,0.619461,0.21274,2.110155,1.288506,0.995227,0.394148,0.020996,0.028803,0.0,0,0.026624,0.015742,0.019065,0.00515,0.008604,0.002996,0.028867,0.020805,0.032446,4.41143,4.118176,2.421242,0.909471,2.852161,3.086562,2.495081,1.753968,2.466783,3.57911,1.902679,2.847699,2.080473,2.56058,8.15584,3.830234,2.30243,1.059411,5.131399,3.530289,1.125541,1.954149,5.19621,5.063237,0.850962,4.571041,4.53127,3.410992,0.00758,0.005999,0.124212,0.0,0,0.0,0.0,0,0,0,0.011985,0.17753,0.135924,0.107282,0.780717,0,0.0,0.029496,0,0.001775,0.019677,0.0,1.060871,0.004302,0.0,0.00866,0.009709,0.106671,0.068218,0.128974,0.041404,0.125359,0.249097,0.113594,0.263676,0.095324,0,0.193582,0.194762,0.183304,0.380033,0.178947,0,0,0,0,0,0,0,0,0,0,0,0,0,0
113,1516,1572,1806,706,349,1971,885,581,1725,1063,1011,1995,2230,17410,212,694,300,37,194,539,324,41,70,177,119,595,982,4284,308,56,74,312,0,322,51,48,36,249,139,293,540,2428,530,736,309,102,29,715,341,92,415,459,162,725,980,5595,316,37,50,14,64,104,25,1,23,298,18,171,25,1146,1068,629,1177,838,395,1950,1279,283,929,1151,810,2451,2177,15137,157,202,321,174,50,192,197,41,760,138,78,1452,883,4645,44,5,11,0,0,11,4,6,1,2,1,25,15,125,582,1363,1339,368,225,1724,638,334,477,834,634,1912,1452,11882,1072,1255,1239,430,392,1988,289,438,987,1195,245,3181,3284,15995,1,2,61,0,0,0,0,0,0,0,3,122,106,295,100,0,0,11,0,2,5,0,206,2,1,8,6,341,12,44,35,53,22,69,66,18,0,43,72,122,250,806,0,0,0,0,0,0,0,0,0,0,0,0,0,0,11.490942,4.715057,3.251125,1.735369,4.346743,3.49834,3.482881,2.769172,8.88351,4.57283,3.029304,2.879453,3.092969,3.696799,1.606913,2.081584,0.540054,0.090947,2.416241,0.956675,1.275089,0.195415,0.36049,0.761421,0.356565,0.858784,1.362016,0.909655,2.334571,0.167966,0.133213,0.766905,0.0,0.57152,0.200708,0.228778,0.185395,1.071152,0.416492,0.422897,0.74897,0.524498,4.017282,2.207558,0.556256,0.250719,0.361191,1.269058,1.341991,0.438492,2.137192,1.974533,0.485408,1.046418,1.359242,1.188029,2.39521,0.110978,0.090009,0.034412,0.79711,0.18459,0.098386,0.004766,0.118447,1.281941,0.053934,0.24681,0.034675,0.243339,8.095202,1.886623,2.118812,2.059828,4.919666,3.461067,5.033451,1.348839,4.784221,4.951389,2.427039,3.537613,3.019459,3.214155,1.190025,0.605879,0.577858,0.427697,0.622743,0.340782,0.775285,0.195415,3.913894,0.593651,0.233715,2.095722,1.224705,0.986308,0.33351,0.014997,0.019802,0.0,0,0.019524,0.015742,0.028597,0.00515,0.008604,0.002996,0.036083,0.020805,0.029604,4.41143,4.088182,2.410441,0.904555,2.802342,3.059939,2.510823,1.591916,2.456484,3.587714,1.899682,2.759656,2.013898,2.522996,8.125521,3.764247,2.230423,1.056953,4.882302,3.528514,1.137348,2.087603,5.082913,5.140669,0.734104,4.591248,4.554848,3.396341,0.00758,0.005999,0.109811,0.0,0,0.0,0.0,0,0,0,0.008989,0.176087,0.14702,0.10656,0.757978,0,0.0,0.027038,0,0.00355,0.019677,0.0,1.060871,0.008604,0.002996,0.011547,0.008322,0.096587,0.090957,0.131974,0.063006,0.130276,0.274007,0.122469,0.25974,0.085792,0,0.184978,0.215737,0.176087,0.346745,0.178504,0,0,0,0,0,0,0,0,0,0,0,0,0,0
114,1475,1573,1826,673,336,1942,868,575,1717,1081,1035,1923,2258,17282,204,686,311,39,184,532,319,33,70,158,107,582,975,4200,309,61,67,299,0,318,41,57,38,248,125,278,588,2429,528,740,318,83,25,724,342,83,414,445,127,722,970,5521,302,34,36,18,72,100,20,2,24,327,16,169,19,1139,1043,616,1187,812,384,1877,1290,255,923,1139,865,2353,2190,14934,157,191,324,161,53,175,188,35,762,137,70,1442,877,4572,47,5,15,1,0,19,4,5,0,3,1,22,19,141,569,1331,1360,368,225,1647,634,366,463,833,620,1906,1439,11761,1063,1249,1253,423,394,1950,276,389,1000,1168,258,3105,3181,15709,1,1,69,0,0,1,0,0,0,0,0,119,106,297,93,0,0,10,0,5,5,0,209,2,0,8,6,338,14,48,31,63,19,62,65,17,0,45,57,124,240,785,0,0,0,0,0,0,0,0,0,0,0,0,0,0,11.180171,4.718056,3.287129,1.654254,4.18483,3.446868,3.415978,2.740575,8.842311,4.650262,3.101217,2.775533,3.131805,3.66962,1.546275,2.057588,0.559856,0.095863,2.291693,0.94425,1.255411,0.157285,0.36049,0.679687,0.320609,0.840021,1.352307,0.891818,2.342151,0.182963,0.120612,0.734951,0.0,0.56442,0.161354,0.271674,0.195695,1.06685,0.374543,0.401247,0.815545,0.524714,4.002122,2.219556,0.572457,0.204016,0.311371,1.285032,1.345927,0.395596,2.132042,1.914308,0.380536,1.042088,1.345372,1.172316,2.289093,0.10198,0.064806,0.044245,0.896749,0.177491,0.078709,0.009532,0.123597,1.406694,0.047942,0.243924,0.026353,0.241853,7.905708,1.84763,2.136814,1.99592,4.782663,3.331499,5.076741,1.215385,4.753322,4.899768,2.591838,3.396167,3.03749,3.171051,1.190025,0.572885,0.583258,0.395743,0.660107,0.310609,0.739866,0.166818,3.924194,0.589349,0.209744,2.081289,1.216383,0.970808,0.35625,0.014997,0.027003,0.002458,0,0.033723,0.015742,0.023831,0.0,0.012905,0.002996,0.031753,0.026353,0.031792,4.312893,3.992202,2.448245,0.904555,2.802342,2.923271,2.495081,1.744435,2.384386,3.583412,1.857734,2.750996,1.995867,2.497303,8.057303,3.746251,2.255626,1.039746,4.907211,3.461067,1.086187,1.854058,5.149861,5.02452,0.773057,4.481554,4.411989,3.335612,0.00758,0.002999,0.124212,0.0,0,0.001775,0.0,0,0,0,0.0,0.171757,0.14702,0.099064,0.704919,0,0.0,0.02458,0,0.008875,0.019677,0.0,1.076321,0.008604,0.0,0.011547,0.008322,0.105733,0.106117,0.143971,0.055806,0.154856,0.236642,0.110044,0.255805,0.081026,0,0.193582,0.170792,0.178974,0.332876,0.173853,0,0,0,0,0,0,0,0,0,0,0,0,0,0
115,1486,1508,1764,673,332,1933,859,554,1705,1063,1055,1930,2236,17098,198,684,318,44,177,524,311,41,74,171,106,547,977,4172,296,62,60,299,0,322,48,53,38,251,151,281,593,2454,529,710,305,83,27,729,323,81,413,439,138,676,953,5406,289,35,50,24,62,87,18,2,23,310,18,166,18,1102,1016,618,1142,834,377,1885,1260,294,911,1117,838,2379,2154,14825,157,181,316,147,51,182,198,30,756,136,76,1372,879,4481,47,6,19,0,0,18,4,4,0,2,1,21,21,143,559,1345,1283,407,222,1721,626,372,475,850,622,1899,1456,11837,1053,1252,1263,431,382,1921,275,393,971,1151,267,3065,3223,15647,1,3,64,1,0,0,0,0,0,0,1,127,111,308,110,0,0,8,0,3,5,0,214,2,0,10,6,358,11,43,21,50,20,67,65,10,0,43,66,128,240,764,0,0,0,0,0,0,0,0,0,0,0,0,0,0,11.263549,4.523095,3.175518,1.654254,4.135011,3.430894,3.380559,2.640484,8.780513,4.57283,3.161143,2.785636,3.101291,3.630549,1.500796,2.05159,0.572457,0.108153,2.204509,0.930051,1.223928,0.195415,0.38109,0.73561,0.317613,0.789504,1.355081,0.885873,2.243614,0.185963,0.108011,0.734951,0.0,0.57152,0.188902,0.25261,0.195695,1.079756,0.452448,0.405577,0.82248,0.530114,4.009702,2.129574,0.549055,0.204016,0.336281,1.293907,1.271153,0.386064,2.126893,1.888497,0.413496,0.975694,1.321794,1.147897,2.190556,0.104979,0.090009,0.058993,0.772201,0.154417,0.070838,0.009532,0.118447,1.333563,0.053934,0.239594,0.024966,0.233996,7.701054,1.853629,2.055806,2.049996,4.695479,3.345699,4.958678,1.401268,4.691523,4.805128,2.510937,3.433693,2.987559,3.147906,1.190025,0.542891,0.568857,0.36133,0.635197,0.323033,0.779221,0.142987,3.893295,0.585047,0.227722,1.980255,1.219157,0.951485,0.35625,0.017996,0.034203,0.0,0,0.031948,0.015742,0.019065,0.0,0.008604,0.002996,0.03031,0.029127,0.0355,4.237095,4.034193,2.309631,1.000418,2.764977,3.054614,2.463597,1.773033,2.446184,3.656543,1.863726,2.740893,2.019445,2.513441,7.981505,3.755249,2.273627,1.059411,4.757753,3.409595,1.082251,1.873123,5.000515,4.951389,0.800024,4.423821,4.470242,3.322447,0.00758,0.008998,0.115212,0.002458,0,0.0,0.0,0,0,0,0.002996,0.183304,0.153955,0.097001,0.833775,0,0.0,0.019664,0,0.005325,0.019677,0.0,1.10207,0.008604,0.0,0.014433,0.008322,0.111989,0.083378,0.128974,0.037804,0.122901,0.249097,0.118919,0.255805,0.047662,0,0.184978,0.197759,0.184747,0.332876,0.169202,0,0,0,0,0,0,0,0,0,0,0,0,0,0
116,1482,1514,1749,691,331,1873,843,575,1701,1054,1028,1951,2240,17032,185,696,280,37,177,518,303,38,77,161,87,567,975,4101,287,54,66,313,0,326,52,54,38,247,134,288,583,2442,526,700,299,101,28,698,334,78,416,425,129,693,981,5408,274,37,46,11,66,89,17,2,22,312,16,156,25,1073,993,615,1144,814,371,1876,1267,291,901,1134,843,2295,2178,14722,152,191,316,145,49,171,199,40,758,140,73,1371,864,4469,43,4,15,3,0,25,4,3,0,2,1,23,19,142,551,1346,1323,381,228,1658,607,344,470,853,579,1857,1461,11658,1013,1196,1243,396,381,1850,275,372,954,1165,265,3024,3218,15352,1,1,64,0,0,1,0,0,0,0,3,119,111,300,103,0,0,12,0,3,6,0,210,2,1,8,7,352,12,47,29,50,19,69,59,22,0,43,56,117,246,769,0,0,0,0,0,0,0,0,0,0,0,0,0,0,11.23323,4.541092,3.148515,1.698498,4.122556,3.3244,3.317591,2.740575,8.759913,4.534113,3.080242,2.815946,3.106839,3.616535,1.402259,2.087582,0.50405,0.090947,2.204509,0.919402,1.192444,0.181116,0.396539,0.692592,0.260682,0.818371,1.352307,0.870797,2.175396,0.161968,0.118812,0.769363,0.0,0.578619,0.204644,0.257376,0.195695,1.062548,0.40151,0.41568,0.80861,0.527522,3.986963,2.09958,0.538254,0.248261,0.348736,1.238885,1.314443,0.371765,2.142342,1.828272,0.386528,1.000231,1.360629,1.148322,2.076859,0.110978,0.082808,0.027038,0.82202,0.157967,0.066903,0.009532,0.113297,1.342166,0.047942,0.22516,0.034675,0.227838,7.526719,1.844631,2.059406,2.000836,4.62075,3.329724,4.986226,1.386969,4.640025,4.878259,2.525918,3.312453,3.020846,3.126035,1.152126,0.572885,0.568857,0.356414,0.610288,0.303509,0.783156,0.190649,3.903595,0.602254,0.218733,1.978812,1.198352,0.948937,0.32593,0.011998,0.027003,0.007374,0,0.044373,0.015742,0.014299,0.0,0.008604,0.002996,0.033197,0.026353,0.032018,4.176457,4.037193,2.381638,0.936509,2.839706,2.942795,2.388823,1.639579,2.420435,3.669449,1.734883,2.680273,2.02638,2.475433,7.678314,3.587283,2.237624,0.97338,4.745298,3.283577,1.082251,1.773033,4.912967,5.011615,0.794031,4.364644,4.463307,3.259808,0.00758,0.002999,0.115212,0.0,0,0.001775,0.0,0,0,0,0.008989,0.171757,0.153955,0.090041,0.780717,0,0.0,0.029496,0,0.005325,0.023613,0.0,1.081471,0.008604,0.002996,0.011547,0.009709,0.099703,0.090957,0.140972,0.052205,0.122901,0.236642,0.122469,0.232192,0.104857,0,0.184978,0.167795,0.16887,0.341198,0.17031,0,0,0,0,0,0,0,0,0,0,0,0,0,0
117,1479,1479,1766,665,320,1879,857,587,1681,1057,998,1930,2197,16895,181,686,288,33,176,498,303,35,78,166,119,551,989,4103,299,58,71,321,0,321,49,54,40,255,131,263,552,2414,520,717,292,91,27,705,341,81,415,447,143,659,923,5361,275,36,41,21,63,84,20,2,21,308,18,165,22,1076,1024,604,1152,763,366,1846,1246,298,910,1110,823,2392,2106,14640,158,187,308,145,53,164,200,31,749,141,77,1350,874,4437,38,5,11,3,0,24,8,3,0,2,1,24,25,144,542,1323,1275,387,216,1685,615,357,466,829,655,1894,1437,11681,1035,1225,1240,407,389,1906,268,365,948,1170,267,3050,3149,15419,1,2,58,0,0,0,0,0,0,0,4,128,105,298,107,0,0,14,0,1,7,0,209,2,0,10,5,355,15,44,23,54,21,71,58,20,0,44,68,117,240,775,0,0,0,0,0,0,0,0,0,0,0,0,0,0,11.21049,4.436113,3.179118,1.634589,3.985552,3.335049,3.372688,2.797769,8.656916,4.547019,2.990352,2.785636,3.047199,3.587445,1.37194,2.057588,0.518452,0.081115,2.192054,0.883903,1.192444,0.166818,0.401689,0.714101,0.356565,0.795277,1.371725,0.871221,2.266353,0.173965,0.127813,0.789027,0.0,0.569745,0.192837,0.257376,0.205994,1.096963,0.392521,0.379597,0.765614,0.521474,3.941484,2.15057,0.525653,0.223681,0.336281,1.251309,1.341991,0.386064,2.137192,1.922911,0.428477,0.951158,1.280184,1.138342,2.084439,0.107978,0.073807,0.051619,0.784656,0.149092,0.078709,0.009532,0.108147,1.324959,0.053934,0.23815,0.030514,0.228475,7.761692,1.811638,2.073807,1.875476,4.558476,3.276477,4.903581,1.420333,4.686373,4.775015,2.465991,3.452457,2.920984,3.108623,1.197605,0.560888,0.554455,0.356414,0.660107,0.291085,0.787092,0.147753,3.857246,0.606556,0.230719,1.948502,1.212222,0.942142,0.288032,0.014997,0.019802,0.007374,0,0.042598,0.031484,0.014299,0.0,0.008604,0.002996,0.03464,0.034675,0.032469,4.108239,3.968206,2.29523,0.951257,2.690248,2.990717,2.420307,1.701539,2.399835,3.566205,1.962606,2.733676,1.993093,2.480316,7.845069,3.674265,2.232223,1.000418,4.844937,3.382972,1.054703,1.739669,4.882068,5.033124,0.800024,4.402171,4.367606,3.274035,0.00758,0.005999,0.10441,0.0,0,0.0,0.0,0,0,0,0.011985,0.184747,0.145633,0.107643,0.811036,0,0.0,0.034412,0,0.001775,0.027548,0.0,1.076321,0.008604,0.0,0.014433,0.006935,0.111051,0.113697,0.131974,0.041404,0.132734,0.261552,0.126018,0.228257,0.095324,0,0.18928,0.203751,0.16887,0.332876,0.171639,0,0,0,0,0,0,0,0,0,0,0,0,0,0
118,1459,1442,1779,616,318,1869,832,569,1678,1044,1034,1920,2108,16668,177,660,290,39,168,486,308,55,75,170,119,558,966,4071,301,49,68,314,0,321,48,64,38,257,137,284,554,2435,506,715,286,79,29,714,340,85,411,429,144,669,925,5332,274,37,39,19,63,79,21,4,25,324,26,163,23,1097,990,603,1138,723,379,1797,1232,306,911,1097,820,2315,2093,14404,159,178,315,154,47,165,175,32,759,135,60,1342,845,4366,49,6,11,2,0,13,6,5,0,2,0,23,25,142,547,1319,1285,377,227,1638,585,336,461,831,614,1852,1447,11519,1022,1212,1232,362,379,1853,270,389,931,1180,263,3010,3131,15234,1,2,58,1,0,1,0,0,0,0,2,114,109,288,101,0,0,7,0,2,5,0,204,2,1,8,7,337,16,47,24,42,19,58,57,13,0,46,63,125,236,746,0,0,0,0,0,0,0,0,0,0,0,0,0,0,11.058895,4.325135,3.20252,1.514146,3.960643,3.3173,3.274301,2.711978,8.641467,4.491095,3.09822,2.771203,2.923758,3.539244,1.341621,1.979604,0.522052,0.095863,2.092415,0.862604,1.212121,0.262142,0.38624,0.731309,0.356565,0.805381,1.339824,0.864427,2.281513,0.146971,0.122412,0.771821,0.0,0.569745,0.188902,0.305038,0.195695,1.105567,0.410499,0.409907,0.768388,0.52601,3.835367,2.144571,0.514851,0.194184,0.361191,1.267283,1.338056,0.405128,2.116593,1.845479,0.431474,0.965591,1.282958,1.132184,2.076859,0.110978,0.070207,0.046703,0.784656,0.140218,0.082645,0.019065,0.128747,1.393788,0.077905,0.235264,0.031901,0.232934,7.503979,1.808638,2.048605,1.777155,4.720389,3.189507,4.848485,1.458462,4.691523,4.719091,2.457002,3.34132,2.902953,3.058512,1.205185,0.533893,0.567057,0.378536,0.585378,0.29286,0.688705,0.152519,3.908744,0.580745,0.179781,1.936955,1.172,0.927066,0.371409,0.017996,0.019802,0.004916,0,0.023074,0.023613,0.023831,0.0,0.008604,0.0,0.033197,0.034675,0.034623,4.146138,3.956209,2.313231,0.926677,2.827251,2.907297,2.302243,1.601449,2.374086,3.574809,1.839755,2.673056,2.006963,2.445918,7.746532,3.635273,2.217822,0.889807,4.720389,3.288902,1.062574,1.854058,4.794521,5.076142,0.788039,4.344437,4.34264,3.234752,0.00758,0.005999,0.10441,0.002458,0,0.001775,0.0,0,0,0,0.005993,0.16454,0.151181,0.077033,0.765557,0,0.0,0.017206,0,0.00355,0.019677,0.0,1.050572,0.008604,0.002996,0.011547,0.009709,0.095454,0.121276,0.140972,0.043204,0.103237,0.236642,0.102945,0.224321,0.061961,0,0.197884,0.18877,0.180417,0.327328,0.165216,0,0,0,0,0,0,0,0,0,0,0,0,0,0
119,1442,1476,1762,683,327,1845,832,546,1679,1014,956,1906,2148,16616,178,667,294,35,171,495,292,35,72,166,120,552,962,4039,286,55,64,319,0,302,51,34,40,244,138,278,543,2354,495,714,285,89,27,707,326,69,403,421,140,668,923,5267,275,40,41,24,61,83,20,1,24,306,30,167,21,1093,976,588,1153,801,377,1812,1198,259,911,1119,792,2323,2133,14442,161,174,334,159,40,176,195,38,756,130,63,1283,863,4372,54,5,12,2,0,14,5,1,0,1,1,21,20,136,556,1324,1319,380,233,1673,593,313,454,832,623,1860,1445,11605,1022,1238,1232,407,383,1857,267,359,913,1156,255,2986,3121,15196,1,1,57,1,0,0,0,0,0,0,2,113,111,286,94,0,0,10,0,2,4,0,200,2,0,7,6,325,12,45,25,49,21,57,51,15,0,44,63,125,237,744,0,0,0,0,0,0,0,0,0,0,0,0,0,0,10.930039,4.427115,3.171917,1.678834,4.072736,3.274702,3.274301,2.602355,8.646617,4.362041,2.864505,2.750996,2.979237,3.528203,1.3492,2.0006,0.529253,0.086031,2.12978,0.878579,1.149154,0.166818,0.37079,0.714101,0.359561,0.796721,1.334276,0.857632,2.167816,0.164967,0.115212,0.784111,0.0,0.536022,0.200708,0.162051,0.205994,1.049643,0.413496,0.401247,0.753131,0.508512,3.75199,2.141572,0.513051,0.218765,0.336281,1.254859,1.282959,0.328869,2.075394,1.811064,0.419488,0.964148,1.280184,1.118382,2.084439,0.119976,0.073807,0.058993,0.759746,0.147317,0.078709,0.004766,0.123597,1.316356,0.08989,0.241037,0.029127,0.232085,7.397863,1.763647,2.075608,1.968881,4.695479,3.21613,4.714679,1.23445,4.691523,4.813731,2.373105,3.352866,2.958432,3.066581,1.220344,0.521896,0.60126,0.390827,0.498194,0.312384,0.767414,0.181116,3.893295,0.559236,0.18877,1.851798,1.196965,0.92834,0.409308,0.014997,0.021602,0.004916,0,0.024849,0.019677,0.004766,0.0,0.004302,0.002996,0.03031,0.02774,0.030665,4.214356,3.971206,2.374437,0.934051,2.90198,2.969418,2.333727,1.491826,2.338037,3.57911,1.866723,2.684603,2.004189,2.464179,7.746532,3.713257,2.217822,1.000418,4.770208,3.296001,1.050767,1.711072,4.701823,4.972899,0.764068,4.309797,4.32877,3.226683,0.00758,0.002999,0.10261,0.002458,0,0.0,0.0,0,0,0,0.005993,0.163097,0.153955,0.090072,0.712499,0,0.0,0.02458,0,0.00355,0.015742,0.0,1.029972,0.008604,0.0,0.010103,0.008322,0.101666,0.090957,0.134973,0.045005,0.120443,0.261552,0.10117,0.200708,0.071493,0,0.18928,0.18877,0.180417,0.328715,0.164773,0,0,0,0,0,0,0,0,0,0,0,0,0,0
120,1430,1489,1756,672,321,1859,835,552,1688,995,947,1913,2164,16621,181,637,280,33,169,472,289,38,71,167,93,561,913,3904,284,50,61,311,0,289,48,42,41,245,156,277,530,2334,494,699,304,70,28,715,335,96,396,418,151,660,940,5306,274,35,45,10,63,80,20,2,22,304,17,151,26,1049,970,575,1078,783,373,1760,1216,280,919,1101,741,2323,2102,14221,164,182,325,142,47,165,193,28,757,134,64,1318,839,4358,48,4,16,1,0,16,4,4,0,2,0,23,17,135,541,1340,1280,371,240,1655,595,338,451,844,600,1843,1446,11544,1015,1185,1209,363,376,1886,266,368,895,1155,221,2963,3116,15018,1,2,66,0,0,1,0,0,0,0,3,127,112,312,96,0,0,8,0,1,4,0,202,1,0,8,5,325,13,49,29,51,21,63,51,18,0,44,62,123,227,751,0,0,0,0,0,0,0,0,0,0,0,0,0,0,10.839081,4.466107,3.161116,1.651796,3.998007,3.299551,3.286108,2.630952,8.692965,4.280306,2.837538,2.761099,3.001429,3.529264,1.37194,1.910618,0.50405,0.081115,2.10487,0.837756,1.137348,0.181116,0.36564,0.718403,0.27866,0.809711,1.266314,0.828966,2.152657,0.14997,0.109811,0.764447,0.0,0.512948,0.188902,0.200181,0.211144,1.053945,0.46743,0.399804,0.7351,0.504192,3.74441,2.096581,0.547255,0.172062,0.348736,1.269058,1.318379,0.457557,2.039345,1.798159,0.452448,0.952601,1.303763,1.126664,2.076859,0.104979,0.081008,0.02458,0.784656,0.141993,0.078709,0.009532,0.113297,1.307752,0.050938,0.217944,0.036062,0.222742,7.352384,1.724655,1.940594,1.924637,4.645659,3.123835,4.785518,1.334541,4.732722,4.736299,2.220291,3.352866,2.915436,3.019654,1.243083,0.545891,0.585059,0.34904,0.585378,0.29286,0.759543,0.133454,3.898445,0.576443,0.191766,1.902315,1.163678,0.925368,0.363829,0.011998,0.028803,0.002458,0,0.028399,0.015742,0.019065,0.0,0.008604,0.0,0.033197,0.023579,0.032917,4.100659,4.019196,2.30423,0.911929,2.989164,2.93747,2.341598,1.610981,2.322587,3.630732,1.797807,2.660066,2.005576,2.451226,7.693474,3.554289,2.176418,0.892265,4.683024,3.347473,1.046832,1.753968,4.609126,4.968597,0.662192,4.276601,4.321835,3.188887,0.00758,0.005999,0.118812,0.0,0,0.001775,0.0,0,0,0,0.008989,0.183304,0.155342,0.093643,0.727659,0,0.0,0.019664,0,0.001775,0.015742,0.0,1.040272,0.004302,0.0,0.011547,0.006935,0.101666,0.098537,0.146971,0.052205,0.125359,0.261552,0.111819,0.200708,0.085792,0,0.18928,0.185773,0.17753,0.314845,0.166323,0,0,0,0,0,0,0,0,0,0,0,0,0,0
121,1453,1467,1739,647,319,1819,818,549,1665,993,907,1868,2151,16395,185,669,278,30,156,481,280,43,69,171,92,542,926,3922,298,60,68,300,0,281,46,53,40,237,139,284,543,2349,490,686,286,89,25,683,332,75,388,429,124,681,945,5233,273,35,44,17,62,86,19,1,25,299,21,163,19,1064,980,584,1110,771,367,1778,1187,302,930,1126,791,2286,2092,14304,168,179,324,132,49,167,182,26,751,140,58,1343,845,4364,44,5,17,1,0,18,5,3,0,2,2,19,20,136,543,1314,1271,359,214,1670,566,331,447,840,579,1877,1430,11441,1018,1204,1234,386,398,1867,259,392,909,1162,248,2982,3126,15185,1,1,58,1,0,1,0,0,0,0,1,135,110,308,110,0,0,9,0,0,5,0,200,2,0,7,4,337,13,44,26,50,23,59,50,11,0,47,64,123,219,729,0,0,0,0,0,0,0,0,0,0,0,0,0,0,11.013416,4.40012,3.130513,1.590345,3.973098,3.228555,3.219205,2.616653,8.574518,4.271703,2.717684,2.696149,2.983398,3.481276,1.402259,2.006599,0.50045,0.073741,1.942957,0.85373,1.101928,0.204947,0.35534,0.73561,0.275664,0.782287,1.284345,0.832788,2.258774,0.179964,0.122412,0.737409,0.0,0.498749,0.181031,0.25261,0.205994,1.01953,0.416492,0.409907,0.753131,0.507432,3.714091,2.057588,0.514851,0.218765,0.311371,1.212261,1.306572,0.357466,1.998146,1.845479,0.371547,0.982911,1.310698,1.111163,2.069279,0.104979,0.079208,0.041786,0.772201,0.152642,0.074774,0.004766,0.128747,1.286243,0.062923,0.235264,0.026353,0.225927,7.428182,1.75165,1.9982,1.89514,4.57093,3.155784,4.671389,1.439398,4.789371,4.843844,2.370108,3.299463,2.901566,3.037278,1.273403,0.536893,0.583258,0.32446,0.610288,0.296409,0.716253,0.123922,3.867546,0.602254,0.173788,1.938398,1.172,0.926642,0.33351,0.014997,0.030603,0.002458,0,0.031948,0.019677,0.014299,0.0,0.008604,0.005993,0.027423,0.02774,0.030665,4.115819,3.941212,2.288029,0.882432,2.665338,2.964094,2.22747,1.577618,2.301988,3.613525,1.734883,2.709139,1.983384,2.429355,7.716213,3.611278,2.221422,0.948799,4.957031,3.31375,1.019284,1.868357,4.681224,4.998709,0.743093,4.304024,4.335705,3.224347,0.00758,0.002999,0.10441,0.002458,0,0.001775,0.0,0,0,0,0.002996,0.19485,0.152568,0.082383,0.833775,0,0.0,0.022122,0,0.0,0.019677,0.0,1.029972,0.008604,0.0,0.010103,0.005548,0.127975,0.098537,0.131974,0.046805,0.122901,0.286462,0.104719,0.196773,0.052428,0,0.202185,0.191766,0.17753,0.303749,0.161451,0,0,0,0,0,0,0,0,0,0,0,0,0,0
122,1418,1454,1733,633,318,1832,830,589,1656,985,933,1873,2091,16345,185,660,278,29,156,479,276,46,67,167,97,545,943,3928,294,62,54,286,0,291,54,53,37,238,143,280,562,2354,473,721,280,91,25,691,327,79,382,409,146,655,913,5192,269,35,37,10,68,81,18,0,23,299,20,153,19,1032,966,573,1098,715,372,1747,1214,267,934,1096,822,2266,2060,14130,168,180,337,137,46,165,189,35,751,138,61,1342,835,4384,35,5,14,0,0,18,7,3,0,2,0,23,21,128,545,1349,1231,342,221,1656,587,329,443,828,568,1865,1394,11358,995,1218,1253,369,387,1872,246,368,906,1155,229,2981,3108,15087,1,1,62,0,0,2,0,0,0,0,5,120,105,296,98,0,0,8,0,3,6,0,200,2,0,9,7,333,12,48,19,42,22,55,53,20,0,46,53,131,246,747,0,0,0,0,0,0,0,0,0,0,0,0,0,0,10.748124,4.361128,3.119712,1.555932,3.960643,3.251628,3.266431,2.807302,8.52817,4.237288,2.795589,2.703366,2.900179,3.470659,1.402259,1.979604,0.50045,0.071283,1.942957,0.85018,1.086187,0.219246,0.345041,0.718403,0.290645,0.786617,1.307924,0.834062,2.228454,0.185963,0.09721,0.702996,0.0,0.516498,0.212515,0.25261,0.190545,1.023832,0.428477,0.404134,0.779484,0.508512,3.585235,2.162567,0.50405,0.223681,0.311371,1.22646,1.286895,0.376531,1.967247,1.759442,0.437466,0.945384,1.266314,1.102457,2.03896,0.104979,0.066607,0.02458,0.84693,0.143767,0.070838,0.0,0.118447,1.286243,0.059927,0.22083,0.026353,0.22935,7.322065,1.718656,1.976598,1.757491,4.633205,3.100761,4.777647,1.27258,4.80997,4.71479,2.462995,3.270596,2.857182,3.000331,1.273403,0.539892,0.606661,0.33675,0.572923,0.29286,0.743802,0.166818,3.867546,0.593651,0.182777,1.936955,1.15813,0.930888,0.265292,0.014997,0.025203,0.0,0,0.031948,0.027548,0.014299,0.0,0.008604,0.0,0.033197,0.029127,0.034647,4.130979,4.046191,2.216022,0.840646,2.752522,2.939245,2.310114,1.568085,2.281388,3.561903,1.701924,2.691819,1.933453,2.411731,7.541878,3.653269,2.255626,0.907013,4.820027,3.322625,0.968123,1.753968,4.665774,4.968597,0.686163,4.302581,4.310739,3.203538,0.00758,0.002999,0.111611,0.0,0,0.00355,0.0,0,0,0,0.014982,0.1732,0.145633,0.088841,0.742818,0,0.0,0.019664,0,0.005325,0.023613,0.0,1.029972,0.008604,0.0,0.01299,0.009709,0.104169,0.090957,0.143971,0.034203,0.103237,0.274007,0.09762,0.208579,0.095324,0,0.197884,0.158806,0.189077,0.341198,0.165438,0,0,0,0,0,0,0,0,0,0,0,0,0,0
123,1392,1447,1756,598,320,1881,813,515,1636,974,922,1844,2114,16212,183,650,271,30,153,477,274,46,68,161,75,530,911,3829,300,59,63,280,0,291,50,46,37,243,131,253,543,2296,476,677,303,70,27,695,336,70,375,420,150,641,933,5173,271,35,43,15,66,80,18,1,24,301,13,156,20,1043,964,551,1112,784,370,1717,1181,256,924,1104,787,2278,2039,14067,166,174,323,148,45,169,187,24,741,137,65,1369,849,4397,41,4,14,2,0,12,4,2,0,2,2,23,17,123,542,1361,1255,330,224,1614,587,294,440,844,581,1832,1397,11301,985,1151,1205,355,377,1850,254,331,893,1161,256,2965,3030,14813,1,1,59,0,0,0,0,0,0,0,0,119,106,286,100,0,0,4,0,2,5,0,196,2,1,11,6,327,13,52,26,45,26,61,50,18,0,50,50,128,247,766,0,0,0,0,0,0,0,0,0,0,0,0,0,0,10.55105,4.340132,3.161116,1.469901,3.985552,3.338599,3.199528,2.454602,8.425173,4.189968,2.76263,2.661509,2.93208,3.442418,1.387099,1.94961,0.487849,0.073741,1.905592,0.84663,1.078316,0.219246,0.350191,0.692592,0.224726,0.764967,1.26354,0.813041,2.273933,0.176965,0.113411,0.688248,0.0,0.516498,0.196773,0.219246,0.190545,1.045341,0.392521,0.365164,0.753131,0.495983,3.607974,2.030594,0.545455,0.172062,0.336281,1.23356,1.322314,0.333635,1.931198,1.806762,0.449452,0.925178,1.294054,1.098423,2.05412,0.104979,0.077408,0.03687,0.82202,0.141993,0.070838,0.004766,0.123597,1.294846,0.038952,0.22516,0.02774,0.221468,7.306905,1.652669,2.0018,1.927095,4.608295,3.047514,4.647776,1.220152,4.758472,4.749204,2.358123,3.287916,2.828056,2.986954,1.258243,0.521896,0.581458,0.363788,0.560468,0.299959,0.735931,0.114389,3.816047,0.589349,0.194762,1.975925,1.177548,0.933649,0.310771,0.011998,0.025203,0.004916,0,0.021299,0.015742,0.009532,0.0,0.008604,0.005993,0.033197,0.023579,0.027734,4.108239,4.082184,2.259226,0.81115,2.789887,2.864699,2.310114,1.401268,2.265939,3.630732,1.740876,2.644189,1.937614,2.399628,7.46608,3.45231,2.169217,0.8726,4.695479,3.283577,0.999606,1.577618,4.598826,4.994408,0.767064,4.279487,4.202555,3.145358,0.00758,0.002999,0.106211,0.0,0,0.0,0.0,0,0,0,0.0,0.171757,0.14702,0.11747,0.757978,0,0.0,0.009832,0,0.00355,0.019677,0.0,1.009373,0.008604,0.002996,0.015877,0.008322,0.092622,0.098537,0.155969,0.046805,0.110611,0.323826,0.108269,0.196773,0.085792,0,0.215091,0.149817,0.184747,0.342585,0.169645,0,0,0,0,0,0,0,0,0,0,0,0,0,0
124,1373,1454,1702,586,319,1815,801,548,1635,971,904,1845,2097,16050,184,670,281,30,158,471,268,34,64,163,98,531,924,3876,302,60,49,276,0,281,50,51,37,237,130,263,556,2292,486,700,259,94,26,677,335,90,369,422,137,639,889,5123,267,36,33,16,61,84,18,0,21,307,18,157,24,1042,959,547,1104,743,375,1723,1164,284,917,1080,779,2238,2068,13981,163,187,346,131,44,163,186,28,732,137,61,1302,869,4349,42,5,15,1,0,16,5,2,0,2,1,21,13,123,548,1308,1238,369,226,1624,581,336,443,824,587,1819,1401,11304,989,1155,1201,337,380,1874,263,367,892,1149,268,2896,3071,14842,1,1,70,1,0,2,0,0,0,0,2,123,110,310,93,0,0,12,0,1,5,0,195,3,0,10,7,326,12,49,26,45,24,61,56,24,0,46,56,127,240,766,0,0,0,0,0,0,0,0,0,0,0,0,0,0,10.407034,4.361128,3.063906,1.440405,3.973098,3.221455,3.152302,2.611887,8.420023,4.177063,2.708695,2.662952,2.908501,3.40802,1.394679,2.009598,0.505851,0.073741,1.967866,0.835981,1.054703,0.162051,0.329591,0.701196,0.293642,0.766411,1.281571,0.823021,2.289093,0.179964,0.088209,0.678416,0.0,0.498749,0.196773,0.243077,0.190545,1.01953,0.389525,0.379597,0.771162,0.495119,3.683772,2.09958,0.466247,0.231055,0.323826,1.201612,1.318379,0.42896,1.900299,1.815366,0.410499,0.922291,1.233027,1.087806,2.023801,0.107978,0.059406,0.039328,0.759746,0.149092,0.070838,0.0,0.108147,1.320657,0.053934,0.226604,0.033288,0.231573,7.269006,1.640672,1.987399,1.826316,4.670569,3.058164,4.580874,1.353606,4.722422,4.645961,2.334152,3.230183,2.868278,2.968693,1.235504,0.560888,0.622862,0.322002,0.548013,0.28931,0.731995,0.133454,3.769698,0.589349,0.182777,1.879222,1.205287,0.923457,0.318351,0.014997,0.027003,0.002458,0,0.028399,0.019677,0.009532,0.0,0.008604,0.002996,0.03031,0.018031,0.027734,4.153718,3.923215,2.228623,0.907013,2.814796,2.882448,2.286501,1.601449,2.281388,3.544696,1.758854,2.625426,1.943161,2.400265,7.4964,3.464307,2.162016,0.828356,4.732843,3.326175,1.035026,1.749202,4.593676,4.942786,0.80302,4.179897,4.259421,3.151516,0.00758,0.002999,0.126013,0.002458,0,0.00355,0.0,0,0,0,0.005993,0.17753,0.152568,0.082918,0.704919,0,0.0,0.029496,0,0.001775,0.019677,0.0,1.004223,0.012905,0.0,0.014433,0.009709,0.101979,0.090957,0.146971,0.046805,0.110611,0.298916,0.108269,0.220386,0.114389,0,0.197884,0.167795,0.183304,0.332876,0.169645,0,0,0,0,0,0,0,0,0,0,0,0,0,0
125,1357,1462,1770,628,319,1833,807,495,1645,969,894,1890,2080,16149,191,670,276,21,149,477,270,32,65,154,88,544,879,3816,302,52,51,278,0,269,50,46,36,227,126,252,542,2231,476,680,302,73,25,684,345,71,375,416,141,650,906,5144,269,35,40,13,64,90,19,0,22,299,13,163,19,1046,957,557,1111,682,393,1744,1174,264,921,1104,774,2235,2072,13988,169,182,301,115,48,162,196,24,743,125,58,1345,825,4293,39,5,16,0,0,19,6,7,0,2,2,24,20,140,555,1314,1248,335,221,1606,593,311,440,819,578,1858,1390,11268,994,1202,1214,345,388,1881,249,344,871,1152,211,2959,3102,14912,1,1,66,0,0,1,0,0,0,0,3,123,96,291,101,0,0,11,0,3,3,0,200,3,1,11,6,339,13,41,31,53,26,56,51,15,0,46,55,129,241,757,0,0,0,0,0,0,0,0,0,0,0,0,0,0,10.285758,4.385123,3.186319,1.543642,3.973098,3.253403,3.175915,2.359277,8.471521,4.168459,2.678732,2.727903,2.884922,3.429041,1.447737,2.009598,0.49685,0.051619,1.855773,0.84663,1.062574,0.152519,0.334741,0.66248,0.263678,0.785174,1.219157,0.810281,2.289093,0.155969,0.091809,0.683332,0.0,0.47745,0.196773,0.219246,0.185395,0.976512,0.377539,0.36372,0.751744,0.481942,3.607974,2.039592,0.543654,0.179436,0.311371,1.214036,1.357733,0.338401,1.931198,1.789555,0.422485,0.938168,1.256606,1.092265,2.03896,0.104979,0.072007,0.031954,0.79711,0.159742,0.074774,0.0,0.113297,1.286243,0.038952,0.235264,0.026353,0.232461,7.253847,1.670666,2.0,1.676376,4.894757,3.095437,4.620228,1.258281,4.743022,4.749204,2.319171,3.225853,2.873826,2.970179,1.280982,0.545891,0.541854,0.282673,0.597833,0.287535,0.77135,0.114389,3.826347,0.537727,0.173788,1.941285,1.14426,0.911566,0.295611,0.014997,0.028803,0.0,0,0.033723,0.023613,0.033364,0.0,0.008604,0.005993,0.03464,0.02774,0.034755,4.206776,3.941212,2.246625,0.82344,2.752522,2.8505,2.333727,1.482294,2.265939,3.523187,1.731887,2.681716,1.927905,2.392621,7.534298,3.605279,2.185419,0.84802,4.832482,3.338599,0.979929,1.639579,4.485529,4.955691,0.632229,4.270827,4.302418,3.166379,0.00758,0.002999,0.118812,0.0,0,0.001775,0.0,0,0,0,0.008989,0.17753,0.13315,0.08734,0.765557,0,0.0,0.027038,0,0.005325,0.011806,0.0,1.029972,0.012905,0.002996,0.015877,0.008322,0.096021,0.098537,0.122975,0.055806,0.130276,0.323826,0.099395,0.200708,0.071493,0,0.197884,0.164799,0.18619,0.334263,0.167652,0,0,0,0,0,0,0,0,0,0,0,0,0,0
126,1366,1442,1697,582,313,1769,825,510,1652,1000,898,1851,2040,15945,185,655,264,27,158,483,264,45,67,166,104,529,901,3848,298,62,57,283,0,274,57,53,38,229,123,252,553,2279,475,698,273,71,26,651,341,80,379,419,124,647,889,5073,271,32,32,14,62,74,21,1,21,320,20,163,19,1050,969,570,1086,677,368,1662,1145,248,927,1065,742,2250,2031,13740,167,172,339,136,47,147,184,36,745,132,64,1329,862,4360,46,4,10,1,0,17,8,3,0,1,1,24,21,136,577,1323,1248,377,219,1564,575,303,443,800,560,1859,1409,11257,984,1163,1231,362,387,1877,242,365,890,1102,217,2966,3055,14841,1,1,66,0,0,2,0,0,0,0,1,122,116,309,98,0,0,4,0,0,2,0,198,3,0,10,6,321,11,42,30,46,25,51,48,13,0,43,45,124,243,721,0,0,0,0,0,0,0,0,0,0,0,0,0,0,10.353976,4.325135,3.054905,1.430573,3.898368,3.139809,3.246753,2.430771,8.50757,4.301815,2.690717,2.671612,2.829443,3.385724,1.402259,1.964607,0.475248,0.066367,1.967866,0.85728,1.038961,0.21448,0.345041,0.714101,0.31162,0.763524,1.249671,0.817075,2.258774,0.185963,0.10261,0.695622,0.0,0.486324,0.224321,0.25261,0.195695,0.985116,0.36855,0.36372,0.767001,0.492311,3.600394,2.093581,0.491449,0.17452,0.323826,1.155464,1.341991,0.381297,1.951797,1.802461,0.371547,0.933838,1.233027,1.077189,2.05412,0.095981,0.057606,0.034412,0.772201,0.131343,0.082645,0.004766,0.108147,1.376581,0.059927,0.235264,0.026353,0.222955,7.344804,1.709658,1.954995,1.664086,4.583385,2.949894,4.5061,1.182022,4.773921,4.581433,2.223288,3.247503,2.81696,2.91752,1.265823,0.515897,0.610261,0.334292,0.585378,0.260911,0.724124,0.171584,3.836646,0.56784,0.191766,1.918192,1.195578,0.925792,0.34867,0.011998,0.018002,0.002458,0,0.030173,0.031484,0.014299,0.0,0.004302,0.002996,0.03464,0.029127,0.030665,4.373531,3.968206,2.246625,0.926677,2.727612,2.775954,2.262889,1.444164,2.281388,3.441452,1.677953,2.683159,1.954257,2.390285,7.458501,3.488302,2.216022,0.889807,4.820027,3.331499,0.952381,1.739669,4.583376,4.740601,0.650207,4.280931,4.237229,3.151303,0.00758,0.002999,0.118812,0.0,0,0.00355,0.0,0,0,0,0.002996,0.176087,0.16089,0.092742,0.742818,0,0.0,0.009832,0,0.0,0.007871,0.0,1.019672,0.012905,0.0,0.014433,0.008322,0.121899,0.083378,0.125975,0.054005,0.113069,0.311371,0.09052,0.188902,0.061961,0,0.184978,0.134836,0.178974,0.337037,0.159679,0,0,0,0,0,0,0,0,0,0,0,0,0,0
127,1354,1448,1770,603,310,1744,799,517,1630,967,884,1903,2031,15960,189,641,270,30,157,474,264,45,64,164,88,509,884,3779,302,45,66,254,0,275,46,53,37,230,124,257,556,2245,470,697,292,73,29,636,321,81,372,412,120,654,901,5058,267,34,32,12,61,76,20,0,21,302,16,155,22,1018,970,543,1086,742,369,1736,1151,243,917,1061,691,2283,2026,13818,164,167,319,114,50,164,182,27,744,127,69,1345,807,4279,43,5,12,1,0,15,6,5,0,3,1,24,13,128,570,1331,1253,345,225,1615,592,317,442,807,558,1867,1393,11315,988,1138,1230,347,398,1864,245,317,871,1103,226,2978,3053,14758,1,1,71,0,0,1,0,0,0,0,3,118,113,308,98,0,0,6,0,0,4,0,194,3,0,11,6,322,10,46,22,38,23,59,49,12,0,44,57,115,237,712,0,0,0,0,0,0,0,0,0,0,0,0,0,0,10.263018,4.343131,3.186319,1.482192,3.861004,3.095437,3.144431,2.464134,8.394273,4.159855,2.648769,2.746666,2.81696,3.388909,1.432578,1.922615,0.486049,0.073741,1.955412,0.841306,1.038961,0.21448,0.329591,0.705498,0.263678,0.734657,1.226092,0.802424,2.289093,0.134973,0.118812,0.624339,0.0,0.488099,0.181031,0.25261,0.190545,0.989418,0.371547,0.370937,0.771162,0.484966,3.562495,2.090582,0.525653,0.179436,0.361191,1.12884,1.263282,0.386064,1.915748,1.772348,0.359561,0.943941,1.249671,1.074004,2.023801,0.10198,0.057606,0.029496,0.759746,0.134893,0.078709,0.0,0.108147,1.299148,0.047942,0.223717,0.030514,0.226239,7.352384,1.628674,1.954995,1.823858,4.59584,3.081237,4.529713,1.158191,4.722422,4.564226,2.070474,3.295133,2.810025,2.934082,1.243083,0.5009,0.574257,0.280215,0.622743,0.291085,0.716253,0.128688,3.831497,0.546331,0.206748,1.941285,1.119294,0.908593,0.32593,0.014997,0.021602,0.002458,0,0.026624,0.023613,0.023831,0.0,0.012905,0.002996,0.03464,0.018031,0.028861,4.320473,3.992202,2.255626,0.84802,2.802342,2.866474,2.329791,1.510891,2.276239,3.471565,1.67196,2.694706,1.932066,2.402601,7.48882,3.413317,2.214221,0.852936,4.957031,3.308425,0.964187,1.510891,4.485529,4.744902,0.677174,4.298251,4.234455,3.133679,0.00758,0.002999,0.127813,0.0,0,0.001775,0.0,0,0,0,0.008989,0.170313,0.156729,0.092442,0.742818,0,0.0,0.014748,0,0.0,0.015742,0.0,0.999073,0.012905,0.0,0.015877,0.008322,0.122279,0.075798,0.137972,0.039604,0.093405,0.286462,0.104719,0.192837,0.057195,0,0.18928,0.170792,0.165983,0.328715,0.157686,0,0,0,0,0,0,0,0,0,0,0,0,0,0
128,1336,1395,1696,590,309,1772,781,503,1595,984,918,1813,2083,15775,188,633,271,44,156,470,261,36,62,170,97,519,890,3797,292,44,57,271,0,258,46,55,37,235,119,250,541,2205,474,675,289,78,29,636,330,79,366,402,141,635,917,5051,268,33,45,8,64,78,22,1,20,306,21,161,27,1054,942,551,1072,700,374,1707,1162,254,905,1067,726,2213,2009,13682,160,179,313,128,44,172,177,29,744,129,71,1296,846,4288,44,2,13,1,0,10,7,3,0,4,0,21,17,122,574,1305,1225,377,221,1597,578,334,440,795,574,1849,1373,11242,950,1137,1202,365,391,1840,243,359,867,1128,211,2894,3045,14632,1,0,68,0,0,1,0,0,0,0,4,116,118,308,102,0,0,9,0,1,5,0,197,2,0,10,7,333,12,39,23,50,24,61,52,16,0,48,51,118,252,746,0,0,0,0,0,0,0,0,0,0,0,0,0,0,10.126582,4.184163,3.053105,1.450237,3.848549,3.145134,3.073593,2.397407,8.214028,4.232986,2.750644,2.616766,2.889083,3.349627,1.424998,1.89862,0.487849,0.108153,1.942957,0.834206,1.027155,0.171584,0.319291,0.731309,0.290645,0.749091,1.234414,0.806246,2.213295,0.131974,0.10261,0.666126,0.0,0.457926,0.181031,0.262142,0.190545,1.010927,0.356565,0.360834,0.750357,0.476325,3.592814,2.024595,0.520252,0.191726,0.361191,1.12884,1.298701,0.376531,1.884849,1.72933,0.422485,0.916518,1.271862,1.072518,2.03138,0.09898,0.081008,0.019664,0.79711,0.138443,0.08658,0.004766,0.102997,1.316356,0.062923,0.232377,0.037449,0.223804,7.14015,1.652669,1.929793,1.72062,4.658114,3.029765,4.573003,1.210619,4.660624,4.590037,2.175346,3.1941,2.786446,2.905204,1.212764,0.536893,0.563456,0.314628,0.548013,0.305284,0.696576,0.13822,3.831497,0.554934,0.21274,1.870562,1.173387,0.910504,0.33351,0.005999,0.023402,0.002458,0,0.017749,0.027548,0.014299,0.0,0.017207,0.0,0.03031,0.023579,0.029747,4.350792,3.914217,2.205221,0.926677,2.752522,2.834525,2.274695,1.591916,2.265939,3.419943,1.719902,2.668726,1.904326,2.3871,7.200788,3.410318,2.163816,0.897181,4.869847,3.265828,0.956316,1.711072,4.464929,4.852448,0.632229,4.177011,4.22336,3.106925,0.00758,0.0,0.122412,0.0,0,0.001775,0.0,0,0,0,0.011985,0.167427,0.163664,0.102721,0.773137,0,0.0,0.022122,0,0.001775,0.019677,0.0,1.014523,0.008604,0.0,0.014433,0.009709,0.104169,0.090957,0.116977,0.041404,0.122901,0.298916,0.108269,0.204644,0.076259,0,0.206487,0.152814,0.170313,0.349519,0.165216,0,0,0,0,0,0,0,0,0,0,0,0,0,0
129,1348,1421,1678,581,296,1782,786,529,1598,963,911,1856,2034,15783,184,635,270,38,159,469,264,43,61,155,77,534,885,3774,293,55,63,256,0,264,55,49,37,231,120,251,573,2247,474,674,309,59,28,646,318,71,373,403,107,650,897,5009,265,35,44,6,63,70,19,0,21,308,20,163,19,1033,948,562,1055,702,361,1710,1140,254,897,1050,704,2266,2042,13691,167,172,320,121,47,146,197,29,732,124,57,1311,830,4253,33,3,16,0,0,14,8,3,0,4,0,24,23,128,566,1297,1224,359,218,1616,573,329,453,790,557,1813,1396,11191,946,1148,1193,342,384,1845,238,375,851,1092,241,2914,3042,14611,1,1,79,0,0,1,0,0,0,0,2,107,112,303,105,0,0,6,0,4,2,0,192,1,1,12,7,330,10,42,31,42,25,61,59,22,0,47,57,114,244,754,0,0,0,0,0,0,0,0,0,0,0,0,0,0,10.21754,4.262148,3.020702,1.428115,3.686636,3.162883,3.09327,2.521329,8.229478,4.142648,2.72967,2.678829,2.821121,3.351325,1.394679,1.904619,0.486049,0.093405,1.980321,0.832431,1.038961,0.204947,0.314142,0.666781,0.230719,0.770741,1.227479,0.801362,2.220875,0.164967,0.113411,0.629255,0.0,0.468575,0.21645,0.233545,0.190545,0.993719,0.359561,0.362277,0.794741,0.485398,3.592814,2.021596,0.556256,0.145024,0.348736,1.14659,1.251476,0.338401,1.920898,1.733632,0.320609,0.938168,1.244123,1.063599,2.008641,0.104979,0.079208,0.014748,0.784656,0.124243,0.074774,0.0,0.108147,1.324959,0.059927,0.235264,0.026353,0.229572,7.185629,1.685663,1.89919,1.725536,4.496201,3.03509,4.486423,1.210619,4.619425,4.516906,2.109426,3.270596,2.832217,2.907115,1.265823,0.515897,0.576058,0.297422,0.585378,0.259136,0.775285,0.13822,3.769698,0.533425,0.170792,1.892212,1.151195,0.903072,0.250133,0.008998,0.028803,0.0,0,0.024849,0.031484,0.014299,0.0,0.017207,0.0,0.03464,0.031901,0.034647,4.290154,3.890222,2.20342,0.882432,2.715158,2.868249,2.255018,1.568085,2.332887,3.398434,1.668964,2.616766,1.936227,2.376271,7.170469,3.443311,2.147615,0.840646,4.782663,3.274702,0.936639,1.787331,4.382532,4.697582,0.722119,4.205877,4.219199,3.102466,0.00758,0.002999,0.142214,0.0,0,0.001775,0.0,0,0,0,0.005993,0.154437,0.155342,0.090942,0.795877,0,0.0,0.014748,0,0.0071,0.007871,0.0,0.988773,0.004302,0.002996,0.01732,0.009709,0.093472,0.075798,0.125975,0.055806,0.103237,0.311371,0.108269,0.232192,0.104857,0,0.202185,0.170792,0.16454,0.338424,0.166988,0,0,0,0,0,0,0,0,0,0,0,0,0,0
130,1325,1380,1678,559,293,1708,780,549,1583,934,898,1859,2045,15591,186,645,270,33,156,467,256,44,59,159,85,524,875,3759,300,56,67,246,0,275,58,51,36,220,124,253,537,2223,474,681,284,69,27,664,310,62,370,398,121,629,903,4992,265,27,37,12,61,73,18,1,18,305,10,158,28,1013,940,549,1039,710,369,1648,1151,245,885,1040,736,2178,2013,13503,159,173,323,135,45,169,183,30,735,126,44,1280,832,4234,40,4,11,1,0,11,8,4,0,4,0,19,18,120,566,1282,1200,344,211,1586,585,336,441,789,555,1817,1368,11080,956,1129,1190,350,375,1772,238,347,860,1086,215,2876,3002,14396,1,1,60,0,0,1,0,0,0,0,2,112,113,290,102,0,0,10,0,5,3,0,189,3,1,9,8,330,10,44,26,52,21,59,58,14,0,48,44,117,241,734,0,0,0,0,0,0,0,0,0,0,0,0,0,0,10.043205,4.139172,3.020702,1.374038,3.649271,3.03154,3.069658,2.616653,8.15223,4.017896,2.690717,2.683159,2.836378,3.310557,1.409839,1.934613,0.486049,0.081115,1.942957,0.828881,1.007477,0.209714,0.303842,0.683989,0.254689,0.756307,1.213609,0.798177,2.273933,0.167966,0.120612,0.604675,0.0,0.488099,0.228257,0.243077,0.185395,0.946399,0.371547,0.365164,0.744809,0.480214,3.592814,2.042591,0.511251,0.169604,0.336281,1.178538,1.219992,0.295505,1.905449,1.712123,0.362558,0.907858,1.252445,1.05999,2.008641,0.080984,0.066607,0.029496,0.759746,0.129568,0.070838,0.004766,0.092697,1.312054,0.029963,0.228047,0.038835,0.215098,7.124991,1.646671,1.870387,1.745201,4.59584,2.925046,4.529713,1.167723,4.557627,4.473888,2.20531,3.143583,2.791994,2.867196,1.205185,0.518896,0.581458,0.331834,0.560468,0.299959,0.720189,0.142987,3.785148,0.542029,0.131839,1.847468,1.153969,0.899038,0.303191,0.011998,0.019802,0.002458,0,0.019524,0.031484,0.019065,0.0,0.017207,0.0,0.027423,0.024966,0.029259,4.290154,3.845231,2.160216,0.845562,2.627974,2.815002,2.302243,1.601449,2.271089,3.394132,1.662971,2.622539,1.897391,2.352701,7.246267,3.386323,2.142214,0.86031,4.670569,3.145134,0.936639,1.653877,4.42888,4.671771,0.644214,4.151031,4.163719,3.056813,0.00758,0.002999,0.108011,0.0,0,0.001775,0.0,0,0,0,0.005993,0.161653,0.156729,0.08704,0.773137,0,0.0,0.02458,0,0.008875,0.011806,0.0,0.973324,0.012905,0.002996,0.01299,0.011096,0.093472,0.075798,0.131974,0.046805,0.127818,0.261552,0.104719,0.228257,0.066727,0,0.206487,0.131839,0.16887,0.334263,0.162558,0,0,0,0,0,0,0,0,0,0,0,0,0,0
131,1331,1358,1680,577,292,1739,753,524,1564,948,898,1847,2058,15569,183,634,286,32,152,462,266,37,56,158,104,513,912,3795,302,52,65,281,0,279,58,58,35,224,136,232,541,2263,480,664,297,76,26,642,318,80,362,394,128,636,909,5012,258,30,34,12,60,73,19,1,18,307,15,143,25,995,944,519,1061,721,353,1690,1122,233,872,1047,686,2184,1991,13423,163,166,314,148,41,181,181,33,735,126,67,1301,811,4267,42,4,10,1,0,16,8,0,0,4,1,22,20,128,583,1260,1197,340,213,1561,570,321,445,785,575,1811,1349,11010,968,1148,1184,338,383,1760,232,340,834,1084,243,2866,2981,14361,1,1,69,0,0,0,0,0,0,0,3,111,107,292,98,0,0,10,0,4,5,0,192,2,1,9,9,330,10,45,21,51,19,61,51,15,0,45,62,121,250,751,0,0,0,0,0,0,0,0,0,0,0,0,0,0,10.088683,4.073185,3.024302,1.418283,3.636817,3.086562,2.9634,2.497498,8.054383,4.078121,2.690717,2.665839,2.854409,3.305885,1.387099,1.90162,0.514851,0.078657,1.893137,0.820007,1.046832,0.17635,0.288392,0.679687,0.31162,0.740431,1.264927,0.805821,2.289093,0.155969,0.117012,0.690706,0.0,0.495199,0.228257,0.276441,0.180245,0.963607,0.407503,0.334854,0.750357,0.488854,3.638293,1.991602,0.534653,0.18681,0.323826,1.13949,1.251476,0.381297,1.86425,1.694915,0.383532,0.917961,1.260766,1.064236,1.955583,0.089982,0.061206,0.029496,0.747291,0.129568,0.074774,0.004766,0.092697,1.320657,0.044945,0.206397,0.034675,0.211276,7.15531,1.556689,1.909991,1.772239,4.396562,2.999592,4.415584,1.110529,4.490679,4.504001,2.055492,3.152243,2.761481,2.850209,1.235504,0.4979,0.565257,0.363788,0.510649,0.321258,0.712318,0.157285,3.785148,0.542029,0.200755,1.877778,1.124842,0.906045,0.318351,0.011998,0.018002,0.002458,0,0.028399,0.031484,0.0,0.0,0.017207,0.002996,0.031753,0.02774,0.030294,4.41901,3.779244,2.154815,0.83573,2.652883,2.770629,2.243211,1.529956,2.291688,3.376925,1.722898,2.613879,1.871038,2.337838,7.337224,3.443311,2.131413,0.830814,4.770208,3.123835,0.913026,1.620514,4.294984,4.663168,0.728112,4.136597,4.134593,3.049381,0.00758,0.002999,0.124212,0.0,0,0.0,0.0,0,0,0,0.008989,0.16021,0.148407,0.105476,0.742818,0,0.0,0.02458,0,0.0071,0.019677,0.0,0.988773,0.008604,0.002996,0.01299,0.012483,0.093472,0.075798,0.134973,0.037804,0.125359,0.236642,0.108269,0.200708,0.071493,0,0.193582,0.185773,0.174643,0.346745,0.166323,0,0,0,0,0,0,0,0,0,0,0,0,0,0
132,1329,1354,1686,589,292,1722,743,530,1534,941,892,1815,2031,15458,183,622,252,39,147,453,265,35,56,157,85,511,871,3676,298,44,59,272,0,289,59,52,34,234,129,233,538,2241,475,653,288,66,26,647,310,88,360,395,133,615,901,4957,257,31,35,14,62,75,17,1,18,284,22,152,24,992,914,526,1034,676,352,1687,1108,256,854,1017,672,2178,1955,13229,159,170,309,139,41,169,183,34,732,128,64,1319,818,4265,40,4,7,0,0,12,8,2,0,3,1,22,19,118,559,1265,1220,335,210,1604,575,312,440,777,545,1795,1345,10982,940,1132,1134,358,373,1744,233,379,830,1061,237,2840,2935,14196,1,1,79,0,0,1,0,0,0,0,0,113,107,302,94,0,0,8,0,2,7,0,191,3,1,10,9,325,12,44,27,36,20,61,43,17,0,46,58,121,240,725,0,0,0,0,0,0,0,0,0,0,0,0,0,0,10.073524,4.061188,3.035104,1.447779,3.636817,3.056389,2.924046,2.526095,7.899887,4.048008,2.672739,2.619652,2.81696,3.282316,1.387099,1.865627,0.453645,0.095863,1.830863,0.804033,1.042896,0.166818,0.288392,0.675385,0.254689,0.737544,1.208061,0.780553,2.258774,0.131974,0.106211,0.668584,0.0,0.512948,0.232192,0.247843,0.175095,1.006625,0.386528,0.336297,0.746196,0.484102,3.600394,1.958608,0.518452,0.16223,0.323826,1.148364,1.219992,0.419427,1.85395,1.699217,0.398514,0.887651,1.249671,1.052558,1.948003,0.092981,0.063006,0.034412,0.772201,0.133118,0.066903,0.004766,0.092697,1.221716,0.06592,0.219387,0.033288,0.210639,6.927916,1.577684,1.861386,1.661628,4.384108,2.994267,4.360488,1.220152,4.397981,4.374946,2.013543,3.143583,2.711549,2.809015,1.205185,0.509898,0.556256,0.341666,0.510649,0.299959,0.720189,0.162051,3.769698,0.550632,0.191766,1.903758,1.134551,0.90562,0.303191,0.011998,0.012601,0.0,0,0.021299,0.031484,0.009532,0.0,0.012905,0.002996,0.031753,0.026353,0.029294,4.237095,3.794241,2.19622,0.82344,2.615519,2.84695,2.262889,1.48706,2.265939,3.342511,1.633008,2.590786,1.865491,2.331892,7.124991,3.395321,2.041404,0.879974,4.645659,3.095437,0.916962,1.806396,4.274385,4.564226,0.710134,4.09907,4.070792,3.014346,0.00758,0.002999,0.142214,0.0,0,0.001775,0.0,0,0,0,0.0,0.163097,0.148407,0.100731,0.712499,0,0.0,0.019664,0,0.00355,0.027548,0.0,0.983623,0.012905,0.002996,0.014433,0.012483,0.092055,0.090957,0.131974,0.048605,0.088489,0.249097,0.108269,0.169225,0.081026,0,0.197884,0.173788,0.174643,0.332876,0.160565,0,0,0,0,0,0,0,0,0,0,0,0,0,0
133,1324,1380,1642,560,283,1754,764,507,1518,917,903,1798,1969,15319,181,623,266,27,149,451,256,31,57,153,107,512,859,3672,307,50,51,262,0,293,55,54,35,223,124,240,537,2231,468,638,287,62,28,641,314,80,361,383,116,609,880,4867,254,26,31,10,62,79,17,0,18,299,9,157,27,989,921,525,1045,725,350,1681,1119,236,850,1020,726,2160,1981,13339,162,176,309,124,42,151,187,28,733,121,71,1300,832,4236,41,4,10,0,0,12,8,4,0,3,1,24,17,124,575,1237,1147,359,200,1560,599,315,441,791,557,1788,1305,10874,953,1148,1155,374,377,1767,234,369,821,1059,245,2821,2919,14242,1,1,75,0,0,0,0,0,0,0,3,126,106,312,102,0,0,8,0,3,4,0,190,2,0,11,7,327,10,47,23,48,19,55,46,17,0,47,56,118,228,714,0,0,0,0,0,0,0,0,0,0,0,0,0,0,10.035625,4.139172,2.955896,1.376496,3.524723,3.113186,3.00669,2.416472,7.817489,3.944765,2.705699,2.595116,2.730967,3.252801,1.37194,1.868626,0.478848,0.066367,1.855773,0.800483,1.007477,0.147753,0.293542,0.658178,0.320609,0.738987,1.191417,0.779704,2.326992,0.14997,0.091809,0.644004,0.0,0.520048,0.21645,0.257376,0.180245,0.959305,0.371547,0.3464,0.744809,0.481942,3.547336,1.913617,0.516652,0.152398,0.348736,1.137715,1.235734,0.381297,1.8591,1.647595,0.347576,0.878991,1.220544,1.033447,1.925263,0.077984,0.055806,0.02458,0.772201,0.140218,0.066903,0.0,0.092697,1.286243,0.026967,0.226604,0.037449,0.219794,6.980975,1.574685,1.881188,1.782071,4.359198,2.983618,4.403778,1.124827,4.377382,4.387852,2.175346,3.117603,2.747611,2.832372,1.227924,0.527894,0.556256,0.304796,0.523104,0.268011,0.735931,0.133454,3.774848,0.52052,0.21274,1.876335,1.153969,0.899462,0.310771,0.011998,0.018002,0.0,0,0.021299,0.031484,0.019065,0.0,0.012905,0.002996,0.03464,0.023579,0.030783,4.358372,3.710258,2.064806,0.882432,2.49097,2.768854,2.35734,1.501358,2.271089,3.402736,1.668964,2.580682,1.810011,2.30896,7.223528,3.443311,2.079208,0.919303,4.695479,3.13626,0.920897,1.758734,4.228036,4.555622,0.734104,4.071647,4.0486,3.024113,0.00758,0.002999,0.135014,0.0,0,0.0,0.0,0,0,0,0.008989,0.18186,0.14702,0.1127,0.773137,0,0.0,0.019664,0,0.005325,0.015742,0.0,0.978474,0.008604,0.0,0.015877,0.009709,0.102292,0.075798,0.140972,0.041404,0.117985,0.236642,0.09762,0.181031,0.081026,0,0.202185,0.167795,0.170313,0.316232,0.158129,0,0,0,0,0,0,0,0,0,0,0,0,0,0
134,1305,1336,1683,601,290,1716,760,522,1508,932,857,1784,2022,15316,175,624,266,27,143,452,259,48,63,152,92,511,826,3638,300,49,51,276,0,274,54,49,34,223,124,249,520,2203,462,639,283,80,28,642,313,78,357,375,136,608,859,4860,249,32,33,14,66,77,15,1,18,298,13,153,23,992,889,524,1048,708,338,1653,1108,254,833,1006,692,2155,1938,13146,161,165,317,151,44,157,184,30,725,125,63,1277,819,4218,40,3,11,0,0,13,8,3,0,4,0,21,17,120,574,1215,1182,349,194,1532,577,342,441,778,535,1793,1340,10852,944,1110,1192,351,369,1726,223,355,815,1049,227,2820,2880,14061,1,1,70,0,0,2,0,0,0,0,4,112,103,293,89,0,0,13,0,5,5,0,186,2,0,10,8,318,10,47,32,41,14,51,48,20,0,42,54,136,248,743,0,0,0,0,0,0,0,0,0,0,0,0,0,0,9.891609,4.007199,3.029703,1.477276,3.611907,3.045739,2.990948,2.487965,7.76599,4.009292,2.567867,2.574909,2.804477,3.252164,1.326461,1.871626,0.478848,0.066367,1.781044,0.802258,1.019284,0.228778,0.324441,0.653876,0.275664,0.737544,1.145647,0.772484,2.273933,0.146971,0.091809,0.678416,0.0,0.486324,0.212515,0.233545,0.175095,0.959305,0.371547,0.35939,0.721231,0.475893,3.501857,1.916617,0.509451,0.196642,0.348736,1.13949,1.231799,0.371765,1.8385,1.613181,0.407503,0.877547,1.191417,1.031961,1.887365,0.095981,0.059406,0.034412,0.82202,0.136668,0.059032,0.004766,0.092697,1.281941,0.038952,0.22083,0.031901,0.210639,6.738422,1.571686,1.886589,1.740285,4.20974,2.93392,4.360488,1.210619,4.289834,4.327626,2.07347,3.110386,2.687971,2.791391,1.220344,0.494901,0.570657,0.371162,0.548013,0.27866,0.724124,0.142987,3.733649,0.537727,0.18877,1.843138,1.135938,0.89564,0.303191,0.008998,0.019802,0.0,0,0.023074,0.031484,0.014299,0.0,0.017207,0.0,0.03031,0.023579,0.032481,4.350792,3.644271,2.127813,0.857852,2.416241,2.719157,2.27076,1.630046,2.271089,3.346812,1.603044,2.587899,1.858556,2.304288,7.15531,3.329334,2.145815,0.862768,4.59584,3.063488,0.877607,1.692007,4.197137,4.512604,0.68017,4.070204,3.994508,2.98568,0.00758,0.002999,0.126013,0.0,0,0.00355,0.0,0,0,0,0.011985,0.161653,0.142859,0.08794,0.6746,0,0.0,0.031954,0,0.008875,0.019677,0.0,0.957874,0.008604,0.0,0.014433,0.011096,0.099476,0.075798,0.140972,0.057606,0.100779,0.174368,0.09052,0.188902,0.095324,0,0.180676,0.161803,0.196294,0.343971,0.164552,0,0,0,0,0,0,0,0,0,0,0,0,0,0
135,1272,1379,1635,548,277,1694,741,537,1499,922,906,1723,1993,15126,170,608,270,34,138,439,253,29,57,155,95,507,828,3583,308,49,61,257,0,260,56,51,33,219,125,237,542,2198,468,650,281,66,29,641,311,70,348,387,122,605,887,4865,238,28,29,21,60,78,17,2,19,294,16,157,16,975,903,488,1007,692,331,1626,1095,268,800,991,654,2154,1928,12937,168,163,305,139,37,174,183,35,722,122,68,1265,815,4196,34,5,8,1,0,14,9,4,0,4,2,26,18,125,571,1183,1209,341,188,1514,568,325,428,790,574,1736,1302,10729,920,1110,1210,375,348,1763,227,361,807,1048,247,2767,2880,14063,1,1,78,0,0,1,0,0,0,0,2,115,104,302,92,0,0,8,0,2,5,0,177,2,0,8,7,301,10,44,28,46,15,68,45,30,0,42,55,118,233,734,0,0,0,0,0,0,0,0,0,0,0,0,0,0,9.641477,4.136173,2.943294,1.347,3.449994,3.006691,2.916175,2.559459,7.719642,3.966274,2.714688,2.486866,2.764255,3.21182,1.288562,1.823635,0.486049,0.083573,1.718769,0.779184,0.995671,0.13822,0.293542,0.666781,0.284653,0.731771,1.148421,0.760806,2.334571,0.146971,0.109811,0.631713,0.0,0.461476,0.220386,0.243077,0.169945,0.942098,0.374543,0.34207,0.751744,0.474813,3.547336,1.94961,0.505851,0.16223,0.361191,1.137715,1.223928,0.333635,1.792152,1.664803,0.365554,0.873217,1.230253,1.033023,1.803987,0.083983,0.052205,0.051619,0.747291,0.138443,0.066903,0.009532,0.097847,1.264734,0.047942,0.226604,0.022192,0.207029,6.844539,1.463707,1.812781,1.700956,4.122556,2.885998,4.309327,1.277346,4.119889,4.263099,1.959609,3.108943,2.674101,2.747012,1.273403,0.488902,0.549055,0.341666,0.460829,0.308834,0.720189,0.166818,3.7182,0.524821,0.203751,1.825818,1.13039,0.890969,0.257712,0.014997,0.014401,0.002458,0,0.024849,0.035419,0.019065,0.0,0.017207,0.005993,0.037527,0.024966,0.028185,4.328053,3.54829,2.176418,0.838188,2.341512,2.687208,2.23534,1.549021,2.20414,3.398434,1.719902,2.505629,1.80585,2.278171,6.973395,3.329334,2.178218,0.921761,4.334288,3.12916,0.893349,1.720604,4.155938,4.508303,0.740097,3.993707,3.994508,2.986105,0.00758,0.002999,0.140414,0.0,0,0.001775,0.0,0,0,0,0.005993,0.165983,0.144246,0.090641,0.697339,0,0.0,0.019664,0,0.00355,0.019677,0.0,0.911525,0.008604,0.0,0.011547,0.009709,0.094158,0.075798,0.131974,0.050405,0.113069,0.186823,0.120694,0.177096,0.142987,0,0.180676,0.164799,0.170313,0.323167,0.162558,0,0,0,0,0,0,0,0,0,0,0,0,0,0
136,1259,1309,1621,551,268,1700,722,507,1479,907,881,1737,1944,14885,170,600,282,31,136,439,252,40,55,157,79,498,819,3558,300,48,54,252,0,272,53,42,34,235,130,234,502,2156,457,633,278,56,28,638,286,82,345,409,140,604,907,4863,240,28,30,12,63,71,15,3,21,291,17,152,19,962,870,488,971,738,335,1660,1082,248,775,1007,673,2105,1885,12837,158,165,294,142,44,179,167,29,727,129,67,1253,790,4144,43,2,8,0,0,14,6,2,0,4,0,19,14,112,527,1161,1160,346,191,1533,564,321,416,785,545,1738,1264,10551,918,1092,1155,386,344,1709,221,373,800,1070,257,2780,2818,13923,1,1,68,0,0,2,0,0,0,0,2,102,99,275,92,0,0,10,0,3,6,0,169,3,0,10,10,303,9,41,22,59,15,58,44,18,0,49,60,124,233,732,0,0,0,0,0,0,0,0,0,0,0,0,0,0,9.542939,3.926215,2.918092,1.354374,3.3379,3.017341,2.841401,2.416472,7.616644,3.901747,2.639779,2.507072,2.696293,3.160646,1.288562,1.79964,0.507651,0.076199,1.69386,0.779184,0.991736,0.190649,0.283242,0.675385,0.236711,0.718781,1.135938,0.755497,2.273933,0.143971,0.09721,0.619423,0.0,0.482775,0.208579,0.200181,0.175095,1.010927,0.389525,0.33774,0.696265,0.46574,3.463958,1.89862,0.50045,0.13765,0.348736,1.13239,1.125541,0.39083,1.776702,1.759442,0.419488,0.871774,1.257992,1.032598,1.819147,0.083983,0.054005,0.029496,0.784656,0.126018,0.059032,0.014299,0.108147,1.251828,0.050938,0.219387,0.026353,0.204269,6.594406,1.463707,1.747975,1.814026,4.172375,2.946345,4.258166,1.182022,3.991142,4.331928,2.01654,3.03822,2.614461,2.725779,1.197605,0.494901,0.529253,0.34904,0.548013,0.317708,0.657222,0.13822,3.743949,0.554934,0.200755,1.808498,1.095716,0.879927,0.32593,0.005999,0.014401,0.0,0,0.024849,0.023613,0.009532,0.0,0.017207,0.0,0.027423,0.019418,0.030316,3.994543,3.482304,2.088209,0.850478,2.378877,2.720931,2.219599,1.529956,2.142342,3.376925,1.633008,2.508516,1.753145,2.240375,6.958235,3.275345,2.079208,0.948799,4.284469,3.033315,0.869736,1.777799,4.119889,4.602942,0.770061,4.01247,3.908515,2.956377,0.00758,0.002999,0.122412,0.0,0,0.00355,0.0,0,0,0,0.005993,0.14722,0.137311,0.082538,0.697339,0,0.0,0.02458,0,0.005325,0.023613,0.0,0.870327,0.012905,0.0,0.014433,0.01387,0.094784,0.068218,0.122975,0.039604,0.145024,0.186823,0.102945,0.17316,0.085792,0,0.210789,0.179781,0.178974,0.323167,0.162115,0,0,0,0,0,0,0,0,0,0,0,0,0,0
137,1254,1314,1644,579,268,1648,713,509,1475,902,936,1745,1942,14929,166,596,250,30,130,426,244,33,55,155,82,493,823,3483,307,44,56,261,0,275,57,43,36,224,128,230,530,2191,454,619,284,75,27,634,288,94,335,402,156,609,876,4853,232,27,38,12,60,80,15,2,19,287,11,143,23,949,881,497,997,690,325,1607,1071,239,766,1006,647,2083,1891,12700,165,165,299,130,41,160,172,41,718,122,78,1213,812,4116,45,4,8,0,0,14,8,5,0,4,1,23,14,126,544,1177,1163,359,188,1537,555,294,422,783,552,1704,1329,10607,928,1121,1092,334,337,1684,208,331,785,1050,253,2733,2843,13699,1,1,66,0,0,0,0,0,0,0,1,115,98,282,92,0,0,7,0,0,7,0,163,3,1,9,9,291,12,39,21,49,15,58,46,15,0,51,55,106,237,704,0,0,0,0,0,0,0,0,0,0,0,0,0,0,9.505041,3.941212,2.959496,1.423199,3.3379,2.925046,2.805982,2.426004,7.596045,3.880237,2.804578,2.518619,2.693519,3.169989,1.258243,1.787642,0.450045,0.073741,1.619131,0.75611,0.960252,0.157285,0.283242,0.666781,0.2457,0.711564,1.141486,0.739572,2.326992,0.131974,0.10081,0.641546,0.0,0.488099,0.224321,0.204947,0.185395,0.963607,0.383532,0.331967,0.7351,0.473301,3.441219,1.856629,0.511251,0.184352,0.336281,1.125291,1.133412,0.448024,1.725203,1.72933,0.46743,0.878991,1.214996,1.030475,1.758508,0.080984,0.068407,0.029496,0.747291,0.141993,0.059032,0.009532,0.097847,1.234621,0.03296,0.206397,0.031901,0.201508,6.677784,1.490702,1.794779,1.69604,4.047827,2.852275,4.214876,1.139126,3.944793,4.327626,1.938635,3.006466,2.622783,2.696688,1.250663,0.494901,0.538254,0.319544,0.510649,0.283985,0.676899,0.195415,3.6976,0.524821,0.233715,1.750765,1.126229,0.873982,0.34109,0.011998,0.014401,0.0,0,0.024849,0.031484,0.023831,0.0,0.017207,0.002996,0.033197,0.019418,0.03128,4.123399,3.530294,2.093609,0.882432,2.341512,2.728031,2.184179,1.401268,2.173241,3.368321,1.653982,2.459442,1.843299,2.252266,7.034033,3.362328,1.965797,0.820982,4.197285,2.988942,0.818575,1.577618,4.042641,4.516906,0.758075,3.944634,3.943189,2.908814,0.00758,0.002999,0.118812,0.0,0,0.0,0.0,0,0,0,0.002996,0.165983,0.135924,0.101864,0.697339,0,0.0,0.017206,0,0.0,0.027548,0.0,0.839427,0.012905,0.002996,0.01299,0.012483,0.098077,0.090957,0.116977,0.037804,0.120443,0.186823,0.102945,0.181031,0.071493,0,0.219393,0.164799,0.152993,0.328715,0.155914,0,0,0,0,0,0,0,0,0,0,0,0,0,0
138,1221,1315,1592,552,266,1683,723,518,1445,902,928,1703,1941,14789,165,568,277,29,133,444,248,40,59,158,88,493,785,3487,306,51,57,276,0,270,51,44,40,228,132,245,514,2214,454,621,274,71,22,621,269,87,326,392,127,593,867,4724,228,29,27,13,59,73,16,2,21,279,14,145,23,929,881,473,997,670,311,1619,1088,250,785,971,679,2082,1870,12676,166,166,309,127,36,167,169,37,709,122,54,1279,801,4142,33,3,5,0,0,16,7,5,0,4,0,20,12,105,550,1165,1155,368,198,1556,557,308,417,779,538,1686,1276,10553,926,1081,1115,355,320,1672,218,328,763,1011,213,2742,2807,13551,1,1,74,0,0,2,0,0,0,0,0,112,96,286,88,0,0,9,0,1,4,0,166,3,0,8,8,287,9,37,28,48,12,53,39,14,0,50,64,126,240,720,0,0,0,0,0,0,0,0,0,0,0,0,0,0,9.254908,3.944211,2.865887,1.356832,3.31299,2.987167,2.845336,2.4689,7.441549,3.880237,2.780608,2.457999,2.692132,3.140262,1.250663,1.703659,0.49865,0.071283,1.656495,0.788058,0.975994,0.190649,0.303842,0.679687,0.263678,0.711564,1.088781,0.740421,2.319412,0.152969,0.10261,0.678416,0.0,0.479225,0.200708,0.209714,0.205994,0.980814,0.395517,0.353617,0.712909,0.478269,3.441219,1.862627,0.493249,0.17452,0.274007,1.102217,1.058638,0.414661,1.678855,1.686312,0.380536,0.855897,1.202513,1.003083,1.728189,0.086983,0.048605,0.031954,0.734836,0.129568,0.062967,0.009532,0.108147,1.200206,0.041949,0.209284,0.031901,0.197262,6.677784,1.418716,1.794779,1.64688,3.873459,2.873573,4.281779,1.191554,4.042641,4.177063,2.034518,3.005023,2.593656,2.691592,1.258243,0.4979,0.556256,0.31217,0.448375,0.296409,0.665092,0.17635,3.651251,0.524821,0.161803,1.846025,1.110972,0.879503,0.250133,0.008998,0.009001,0.0,0,0.028399,0.027548,0.023831,0.0,0.017207,0.0,0.028867,0.016644,0.028421,4.168877,3.494301,2.079208,0.904555,2.466061,2.761754,2.19205,1.467995,2.147492,3.351114,1.612033,2.433462,1.769789,2.240799,7.018874,3.242352,2.007201,0.8726,3.985552,2.967643,0.85793,1.563319,3.929344,4.349135,0.638221,3.957624,3.893258,2.877388,0.00758,0.002999,0.133213,0.0,0,0.00355,0.0,0,0,0,0.0,0.161653,0.13315,0.095395,0.66702,0,0.0,0.022122,0,0.001775,0.015742,0.0,0.854877,0.012905,0.0,0.011547,0.011096,0.089779,0.068218,0.110978,0.050405,0.117985,0.149458,0.09407,0.153483,0.066727,0,0.215091,0.191766,0.18186,0.332876,0.159458,0,0,0,0,0,0,0,0,0,0,0,0,0,0
139,1230,1305,1546,536,279,1667,723,498,1427,894,915,1742,1945,14707,168,598,249,36,132,434,242,40,53,144,83,479,835,3493,302,44,59,236,0,274,50,50,41,219,124,222,512,2133,438,601,288,62,25,637,288,74,324,392,118,581,897,4725,221,31,34,9,58,71,16,2,21,276,19,140,19,917,879,471,1002,691,320,1569,1092,261,763,975,689,2042,1873,12627,174,161,311,141,37,169,169,25,705,122,67,1217,798,4096,37,7,9,1,0,18,7,4,0,4,0,24,16,127,555,1104,1150,363,201,1505,537,329,418,762,553,1657,1289,10423,935,1079,1087,383,329,1639,214,347,770,1017,246,2680,2830,13556,1,1,61,0,0,1,0,0,0,0,1,113,104,282,95,0,0,10,0,3,6,0,168,4,1,8,9,304,7,40,22,38,15,65,44,19,0,51,59,118,228,706,0,0,0,0,0,0,0,0,0,0,0,0,0,0,9.323126,3.914217,2.783078,1.317504,3.474903,2.958769,2.845336,2.373576,7.348852,3.845823,2.741655,2.514289,2.69768,3.12285,1.273403,1.793641,0.448245,0.088489,1.64404,0.770309,0.952381,0.190649,0.272943,0.619461,0.248697,0.691357,1.15813,0.741695,2.289093,0.131974,0.106211,0.580095,0.0,0.486324,0.196773,0.238311,0.211144,0.942098,0.371547,0.32042,0.710135,0.460772,3.319942,1.802639,0.518452,0.152398,0.311371,1.130615,1.133412,0.3527,1.668555,1.686312,0.353569,0.838577,1.244123,1.003295,1.675131,0.092981,0.061206,0.022122,0.722381,0.126018,0.062967,0.009532,0.108147,1.187301,0.056931,0.202067,0.026353,0.194714,6.662624,1.412717,1.80378,1.698498,3.985552,2.784828,4.297521,1.243983,3.929344,4.19427,2.064481,2.947289,2.597817,2.681188,1.318881,0.482903,0.559856,0.346582,0.460829,0.299959,0.665092,0.119155,3.630652,0.524821,0.200755,1.756538,1.106811,0.869735,0.280452,0.020996,0.016202,0.002458,0,0.031948,0.027548,0.019065,0.0,0.017207,0.0,0.03464,0.022192,0.030966,4.206776,3.311338,2.070207,0.892265,2.503425,2.671234,2.113341,1.568085,2.152642,3.277983,1.656978,2.391606,1.78782,2.213196,7.087092,3.236353,1.956796,0.941425,4.097646,2.909072,0.842188,1.653877,3.965393,4.374946,0.737101,3.868137,3.925158,2.878449,0.00758,0.002999,0.109811,0.0,0,0.001775,0.0,0,0,0,0.002996,0.163097,0.144246,0.084639,0.720079,0,0.0,0.02458,0,0.005325,0.023613,0.0,0.865177,0.017207,0.002996,0.011547,0.012483,0.086107,0.053058,0.119976,0.039604,0.093405,0.186823,0.115369,0.17316,0.090558,0,0.219393,0.176784,0.170313,0.316232,0.156357,0,0,0,0,0,0,0,0,0,0,0,0,0,0
140,1226,1266,1587,551,284,1618,721,502,1411,871,876,1713,1908,14534,165,586,244,26,131,438,241,37,53,151,82,478,805,3437,320,41,49,258,0,278,55,53,38,209,126,235,517,2179,436,589,277,71,23,635,291,68,326,389,133,591,872,4701,205,35,31,11,60,69,16,2,22,271,8,147,22,899,868,458,946,669,319,1574,1073,230,766,969,667,2047,1804,12390,172,163,289,120,42,148,154,38,696,120,64,1227,792,4025,41,3,9,0,0,21,6,5,0,4,1,32,13,135,549,1125,1115,324,183,1490,516,286,419,777,556,1728,1292,10360,907,1043,1111,369,323,1672,204,305,751,1001,248,2700,2748,13382,1,0,77,0,0,2,0,0,0,0,3,101,84,268,103,0,0,7,0,2,5,0,169,2,0,6,10,304,8,34,14,39,12,62,48,17,0,49,71,112,211,677,0,0,0,0,0,0,0,0,0,0,0,0,0,0,9.292807,3.797241,2.856886,1.354374,3.537178,2.871799,2.837466,2.392641,7.266454,3.746881,2.624798,2.472432,2.646361,3.086116,1.250663,1.757648,0.439244,0.063909,1.631586,0.777409,0.948445,0.17635,0.272943,0.649574,0.2457,0.689914,1.11652,0.729805,2.425529,0.122975,0.088209,0.634172,0.0,0.493424,0.21645,0.25261,0.195695,0.899079,0.377539,0.339184,0.71707,0.470709,3.304783,1.766647,0.49865,0.17452,0.286462,1.127066,1.145218,0.324103,1.678855,1.673406,0.398514,0.853011,1.209448,0.998199,1.553854,0.104979,0.055806,0.027038,0.747291,0.122469,0.062967,0.009532,0.113297,1.165792,0.023971,0.21217,0.030514,0.190892,6.579247,1.373725,1.70297,1.644422,3.973098,2.793703,4.222747,1.09623,3.944793,4.168459,1.998562,2.954506,2.502115,2.630864,1.303722,0.488902,0.520252,0.294963,0.523104,0.262686,0.606061,0.181116,3.584303,0.516218,0.191766,1.770972,1.09849,0.854659,0.310771,0.008998,0.016202,0.0,0,0.037273,0.023613,0.023831,0.0,0.017207,0.002996,0.046187,0.018031,0.033514,4.161298,3.374325,2.007201,0.796401,2.279238,2.64461,2.030697,1.363138,2.157792,3.342511,1.665968,2.494082,1.79198,2.199818,6.874858,3.128374,2.0,0.907013,4.022917,2.967643,0.802834,1.453696,3.867546,4.306117,0.743093,3.897004,3.811426,2.841503,0.00758,0.0,0.138614,0.0,0,0.00355,0.0,0,0,0,0.008989,0.145777,0.116506,0.089381,0.780717,0,0.0,0.017206,0,0.00355,0.019677,0.0,0.870327,0.008604,0.0,0.00866,0.01387,0.095097,0.060638,0.10198,0.025203,0.095863,0.149458,0.110044,0.188902,0.081026,0,0.210789,0.21274,0.161653,0.292653,0.149935,0,0,0,0,0,0,0,0,0,0,0,0,0,0
141,1201,1252,1511,597,278,1623,713,548,1408,875,884,1653,1901,14444,166,556,251,33,128,448,234,40,50,143,81,460,789,3379,307,48,51,251,0,256,52,44,40,215,116,230,490,2100,439,609,260,65,23,633,293,95,317,387,122,600,869,4712,204,30,34,17,58,73,14,1,21,259,15,139,16,881,854,473,936,707,314,1527,1052,254,756,958,641,2023,1804,12299,168,153,296,131,42,161,159,29,696,120,66,1205,783,4009,43,6,5,0,0,19,6,4,0,4,1,26,9,123,558,1160,1110,321,189,1503,509,332,405,783,575,1633,1280,10358,931,1062,1083,348,320,1595,203,369,745,1002,274,2652,2779,13363,1,1,66,0,0,1,1,0,0,0,2,110,102,284,88,0,0,4,0,2,4,0,168,1,0,8,9,284,7,34,23,42,12,58,49,20,0,51,57,118,224,695,0,0,0,0,0,0,0,0,0,0,0,0,0,0,9.103312,3.755249,2.720072,1.467443,3.462449,2.880673,2.805982,2.611887,7.251004,3.764088,2.648769,2.385832,2.636652,3.067005,1.258243,1.667666,0.451845,0.081115,1.594221,0.795158,0.920897,0.190649,0.257493,0.61516,0.242704,0.663934,1.094329,0.717489,2.326992,0.143971,0.091809,0.616965,0.0,0.454376,0.204644,0.209714,0.205994,0.92489,0.347576,0.331967,0.679621,0.453643,3.327522,1.826635,0.468047,0.159772,0.286462,1.123516,1.153089,0.452791,1.632506,1.664803,0.365554,0.866001,1.205287,1.000535,1.546275,0.089982,0.061206,0.041786,0.722381,0.129568,0.055096,0.004766,0.108147,1.11417,0.044945,0.200624,0.022192,0.187069,6.47313,1.418716,1.684968,1.737827,3.910823,2.710282,4.140102,1.210619,3.893295,4.121139,1.920657,2.919866,2.502115,2.611541,1.273403,0.458908,0.532853,0.322002,0.523104,0.28576,0.625738,0.13822,3.584303,0.516218,0.197759,1.739218,1.086007,0.851262,0.32593,0.017996,0.009001,0.0,0,0.033723,0.023613,0.019065,0.0,0.017207,0.002996,0.037527,0.012483,0.030535,4.229516,3.479304,1.9982,0.789027,2.353967,2.667684,2.003148,1.582384,2.085694,3.368321,1.722898,2.356966,1.775337,2.199394,7.056773,3.185363,1.949595,0.855394,3.985552,2.830976,0.798898,1.758734,3.836646,4.310419,0.820998,3.827724,3.854422,2.837468,0.00758,0.002999,0.118812,0.0,0,0.001775,0.003935,0,0,0,0.005993,0.158767,0.141472,0.079199,0.66702,0,0.0,0.009832,0,0.00355,0.015742,0.0,0.865177,0.004302,0.0,0.011547,0.012483,0.088841,0.053058,0.10198,0.041404,0.103237,0.149458,0.102945,0.192837,0.095324,0,0.219393,0.170792,0.170313,0.310684,0.153921,0,0,0,0,0,0,0,0,0,0,0,0,0,0
142,1213,1267,1511,556,271,1595,719,500,1399,873,871,1691,1888,14354,166,567,240,27,128,432,232,39,47,142,86,462,788,3356,305,38,50,276,0,264,49,47,36,212,145,235,496,2153,438,586,251,74,22,636,293,67,317,371,139,596,883,4673,197,33,25,18,56,75,15,5,21,259,19,141,22,886,863,458,950,686,312,1556,1029,241,761,943,659,2045,1816,12319,174,166,293,127,38,163,158,29,696,122,65,1246,807,4084,38,6,10,1,0,20,7,7,0,4,0,22,17,132,564,1108,1101,316,187,1464,509,302,408,765,523,1679,1268,10194,939,1068,1081,341,327,1603,196,326,742,1018,239,2687,2752,13319,1,1,67,0,0,0,1,0,0,0,2,111,102,285,97,0,0,10,0,2,4,0,169,1,0,6,6,295,9,38,24,45,15,52,51,18,0,47,51,126,216,692,0,0,0,0,0,0,0,0,0,0,0,0,0,0,9.19427,3.80024,2.720072,1.366664,3.375265,2.830976,2.829595,2.383109,7.204655,3.755485,2.609816,2.440679,2.618622,3.047895,1.258243,1.70066,0.432043,0.066367,1.594221,0.76676,0.913026,0.185882,0.242043,0.610858,0.257686,0.666821,1.092942,0.712605,2.311832,0.113977,0.090009,0.678416,0.0,0.468575,0.192837,0.224012,0.185395,0.911985,0.43447,0.339184,0.687943,0.465092,3.319942,1.757648,0.451845,0.181894,0.274007,1.12884,1.153089,0.319337,1.632506,1.595974,0.416492,0.860227,1.224705,0.992254,1.493216,0.09898,0.045005,0.044245,0.697472,0.133118,0.059032,0.023831,0.108147,1.11417,0.056931,0.20351,0.030514,0.188131,6.541348,1.373725,1.710171,1.686208,3.885914,2.761754,4.049587,1.148658,3.919044,4.056612,1.974591,2.951619,2.518759,2.615788,1.318881,0.4979,0.527453,0.31217,0.473284,0.28931,0.621802,0.13822,3.584303,0.524821,0.194762,1.798395,1.119294,0.867187,0.288032,0.017996,0.018002,0.002458,0,0.035498,0.027548,0.033364,0.0,0.017207,0.0,0.031753,0.023579,0.032185,4.274994,3.323335,1.981998,0.776737,2.329057,2.598463,2.003148,1.439398,2.101143,3.290889,1.567088,2.423359,1.758693,2.16457,7.117411,3.203359,1.945995,0.838188,4.072736,2.845175,0.77135,1.553787,3.821197,4.379248,0.716126,3.87824,3.816974,2.828125,0.00758,0.002999,0.120612,0.0,0,0.0,0.003935,0,0,0,0.005993,0.16021,0.141472,0.094293,0.735238,0,0.0,0.02458,0,0.00355,0.015742,0.0,0.870327,0.004302,0.0,0.00866,0.008322,0.092282,0.068218,0.113977,0.043204,0.110611,0.186823,0.092295,0.200708,0.085792,0,0.202185,0.152814,0.18186,0.299588,0.153257,0,0,0,0,0,0,0,0,0,0,0,0,0,0
143,1216,1267,1540,578,275,1570,708,518,1385,857,848,1682,1902,14346,165,552,250,33,128,425,227,32,47,140,87,460,805,3351,304,50,56,246,0,264,48,47,35,196,120,231,471,2068,448,585,275,77,24,621,270,65,310,373,122,589,870,4629,194,27,37,20,59,65,16,3,22,264,16,129,18,870,858,460,896,700,306,1536,1040,230,762,971,627,2013,1743,12142,175,169,309,144,42,158,158,28,686,123,56,1168,788,4004,38,6,5,0,0,11,6,0,1,3,1,21,14,106,559,1126,1084,337,176,1467,522,276,416,759,539,1666,1251,10178,929,1019,1079,334,320,1574,197,303,747,1016,206,2665,2672,13061,1,1,73,0,0,1,1,0,0,0,1,110,110,298,97,0,0,10,0,2,5,0,172,2,1,7,8,304,11,39,24,34,16,61,43,20,0,53,58,114,212,685,0,0,0,0,0,0,0,0,0,0,0,0,0,0,9.217009,3.80024,2.772277,1.420741,3.425084,2.786603,2.786305,2.4689,7.132557,3.686656,2.5409,2.427689,2.638039,3.046196,1.250663,1.655669,0.450045,0.081115,1.594221,0.754335,0.893349,0.152519,0.242043,0.602254,0.260682,0.663934,1.11652,0.711544,2.304252,0.14997,0.10081,0.604675,0.0,0.468575,0.188902,0.224012,0.180245,0.843156,0.359561,0.33341,0.653268,0.44673,3.39574,1.754649,0.49505,0.189268,0.298916,1.102217,1.062574,0.309804,1.596457,1.604577,0.365554,0.850124,1.206674,0.982911,1.470477,0.080984,0.066607,0.049161,0.734836,0.115369,0.062967,0.014299,0.113297,1.135679,0.047942,0.18619,0.024966,0.184734,6.503449,1.379724,1.612961,1.72062,3.811184,2.726256,4.092877,1.09623,3.924194,4.177063,1.878708,2.905433,2.417509,2.578204,1.326461,0.506899,0.556256,0.353956,0.523104,0.280435,0.621802,0.133454,3.532805,0.529123,0.167795,1.685815,1.092942,0.8502,0.288032,0.017996,0.009001,0.0,0,0.019524,0.023613,0.0,0.00515,0.012905,0.002996,0.03031,0.019418,0.026417,4.237095,3.377325,1.951395,0.828356,2.192054,2.603788,2.054309,1.315476,2.142342,3.265078,1.61503,2.404596,1.735114,2.161173,7.041613,3.056389,1.942394,0.820982,3.985552,2.793703,0.775285,1.444164,3.846946,4.370644,0.617247,3.846487,3.706015,2.773342,0.00758,0.002999,0.131413,0.0,0,0.001775,0.003935,0,0,0,0.002996,0.158767,0.152568,0.083103,0.735238,0,0.0,0.02458,0,0.00355,0.019677,0.0,0.885776,0.008604,0.002996,0.010103,0.011096,0.086107,0.083378,0.116977,0.043204,0.083573,0.199278,0.108269,0.169225,0.095324,0,0.227996,0.173788,0.16454,0.29404,0.151706,0,0,0,0,0,0,0,0,0,0,0,0,0,0
144,1205,1283,1550,526,268,1598,691,500,1389,864,911,1659,1888,14332,163,556,233,30,128,444,232,28,46,139,76,449,825,3349,296,44,56,262,0,262,49,47,36,200,130,228,495,2105,448,609,250,87,23,624,279,71,308,375,126,588,881,4669,198,29,28,15,54,71,15,5,22,267,12,143,15,874,841,473,903,664,300,1531,1004,224,760,958,648,1969,1755,12030,175,167,287,118,41,139,154,23,687,120,77,1198,767,3953,41,7,7,1,0,16,5,3,1,4,0,26,21,132,557,1146,1098,326,190,1479,517,300,410,753,485,1682,1287,10230,924,1045,1074,300,328,1589,192,305,736,987,200,2647,2667,12994,1,1,60,0,0,1,1,0,0,0,0,114,113,291,93,0,0,9,0,5,5,0,173,2,1,6,8,302,8,36,21,34,15,61,52,23,0,54,64,123,209,700,0,0,0,0,0,0,0,0,0,0,0,0,0,0,9.133631,3.84823,2.790279,1.292923,3.3379,2.8363,2.719402,2.383109,7.153157,3.716768,2.72967,2.394492,2.618622,3.043223,1.235504,1.667666,0.419442,0.073741,1.594221,0.788058,0.913026,0.133454,0.236894,0.597952,0.227722,0.648057,1.14426,0.711119,2.243614,0.131974,0.10081,0.644004,0.0,0.465025,0.192837,0.224012,0.185395,0.860363,0.389525,0.32908,0.686556,0.454723,3.39574,1.826635,0.450045,0.213849,0.286462,1.107542,1.097993,0.338401,1.586157,1.613181,0.377539,0.848681,1.221931,0.991405,1.500796,0.086983,0.050405,0.03687,0.672562,0.126018,0.059032,0.023831,0.113297,1.148585,0.035956,0.206397,0.020805,0.185583,6.374593,1.418716,1.625563,1.632131,3.736455,2.717382,3.9512,1.067633,3.913894,4.121139,1.941631,2.841926,2.434153,2.554422,1.326461,0.5009,0.516652,0.290047,0.510649,0.246712,0.606061,0.109623,3.537954,0.516218,0.230719,1.729115,1.063815,0.839371,0.310771,0.020996,0.012601,0.002458,0,0.028399,0.019677,0.014299,0.00515,0.017207,0.0,0.037527,0.029127,0.03073,4.221936,3.437313,1.976598,0.801318,2.366422,2.625087,2.034632,1.429865,2.111443,3.239267,1.453227,2.427689,1.785046,2.172214,7.003714,3.134373,1.933393,0.737409,4.085191,2.820326,0.755608,1.453696,3.790298,4.245892,0.599269,3.820507,3.69908,2.759116,0.00758,0.002999,0.108011,0.0,0,0.001775,0.003935,0,0,0,0.0,0.16454,0.156729,0.089479,0.704919,0,0.0,0.022122,0,0.008875,0.019677,0.0,0.890926,0.008604,0.002996,0.00866,0.011096,0.085541,0.060638,0.107978,0.037804,0.083573,0.186823,0.108269,0.204644,0.109623,0,0.232298,0.191766,0.17753,0.289879,0.155028,0,0,0,0,0,0,0,0,0,0,0,0,0,0
145,1228,1285,1528,522,265,1574,692,506,1369,862,830,1634,1830,14125,164,556,242,25,127,431,229,33,51,138,68,465,807,3336,300,39,54,253,0,253,41,46,37,200,113,212,490,2038,444,590,246,73,22,610,272,60,309,370,127,578,824,4525,197,34,43,6,55,69,13,0,22,263,20,134,16,872,848,460,938,597,302,1517,1004,227,756,948,632,1993,1773,11995,168,160,280,121,39,162,160,27,685,123,59,1195,794,3973,35,6,12,0,0,13,4,3,1,4,0,19,15,112,564,1089,1106,327,194,1471,500,300,403,760,522,1715,1223,10174,912,1010,1049,306,317,1594,193,313,731,990,213,2626,2688,12942,1,1,69,0,0,0,0,0,0,0,1,120,104,296,95,0,0,3,0,0,3,0,171,2,0,6,9,289,10,35,19,35,15,51,50,18,0,50,61,118,227,689,0,0,0,0,0,0,0,0,0,0,0,0,0,0,9.307966,3.854229,2.750675,1.283091,3.300536,2.793703,2.723337,2.411706,7.05016,3.708165,2.486966,2.358409,2.538177,2.99927,1.243083,1.667666,0.435644,0.061451,1.581766,0.764985,0.90122,0.157285,0.262643,0.593651,0.203751,0.671151,1.119294,0.708358,2.273933,0.116977,0.09721,0.621881,0.0,0.449051,0.161354,0.219246,0.190545,0.860363,0.338587,0.305987,0.679621,0.44025,3.365421,1.769646,0.442844,0.179436,0.274007,1.082693,1.070445,0.285973,1.591307,1.591672,0.380536,0.834247,1.142873,0.960828,1.493216,0.10198,0.077408,0.014748,0.685017,0.122469,0.051161,0.0,0.113297,1.131377,0.059927,0.193407,0.022192,0.193792,6.427651,1.379724,1.688569,1.467443,3.761365,2.692533,3.9512,1.081931,3.893295,4.078121,1.89369,2.876566,2.459119,2.54699,1.273403,0.479904,0.50405,0.297422,0.485739,0.287535,0.629673,0.128688,3.527655,0.529123,0.176784,1.724785,1.101264,0.843618,0.265292,0.017996,0.021602,0.0,0,0.023074,0.015742,0.014299,0.00515,0.017207,0.0,0.027423,0.020805,0.028802,4.274994,3.266347,1.990999,0.803776,2.416241,2.610887,1.967729,1.429865,2.075394,3.26938,1.564092,2.475319,1.696279,2.160323,6.912757,3.029394,1.888389,0.752157,3.948188,2.829201,0.759543,1.491826,3.764548,4.258797,0.638221,3.790197,3.728207,2.748074,0.00758,0.002999,0.124212,0.0,0,0.0,0.0,0,0,0,0.002996,0.1732,0.144246,0.106921,0.720079,0,0.0,0.007374,0,0.0,0.011806,0.0,0.880626,0.008604,0.0,0.00866,0.012483,0.109747,0.075798,0.104979,0.034203,0.086031,0.186823,0.09052,0.196773,0.085792,0,0.215091,0.182777,0.170313,0.314845,0.152592,0,0,0,0,0,0,0,0,0,0,0,0,0,0
146,1226,1281,1511,529,269,1571,674,492,1356,828,905,1616,1833,14091,160,566,237,29,125,430,228,29,51,140,86,435,814,3330,297,51,63,262,0,257,41,41,38,189,129,242,499,2109,453,590,258,68,23,598,291,58,298,368,127,574,860,4566,194,30,24,15,59,69,14,3,21,265,13,147,17,871,853,470,923,608,318,1488,1012,234,757,956,647,1968,1735,11969,176,163,293,115,40,148,162,32,678,123,57,1202,785,3974,38,6,7,0,0,11,6,4,1,3,0,21,13,110,570,1119,1089,333,186,1402,507,282,398,748,500,1667,1216,10017,931,1017,1061,295,324,1580,201,287,739,1007,187,2649,2681,12959,1,1,62,0,0,0,0,0,0,0,4,116,118,302,91,0,0,6,0,0,4,0,170,3,0,6,8,288,7,37,16,38,13,50,54,22,0,49,64,124,207,681,0,0,0,0,0,0,0,0,0,0,0,0,0,0,9.292807,3.842232,2.720072,1.300297,3.350355,2.788378,2.652499,2.344979,6.983211,3.561903,2.711692,2.332429,2.542338,2.99205,1.212764,1.69766,0.426643,0.071283,1.556856,0.76321,0.897285,0.13822,0.262643,0.602254,0.257686,0.627851,1.129003,0.707084,2.251194,0.152969,0.113411,0.644004,0.0,0.456151,0.161354,0.195415,0.195695,0.813043,0.386528,0.349287,0.692104,0.455587,3.433639,1.769646,0.464446,0.167146,0.286462,1.061394,1.145218,0.276441,1.534659,1.583068,0.380536,0.828474,1.192804,0.969534,1.470477,0.089982,0.043204,0.03687,0.734836,0.122469,0.055096,0.014299,0.108147,1.139981,0.038952,0.21217,0.023579,0.184946,6.46555,1.409718,1.661566,1.494482,3.960643,2.641061,3.982684,1.115295,3.898445,4.112535,1.938635,2.840483,2.406413,2.54147,1.334041,0.488902,0.527453,0.282673,0.498194,0.262686,0.637544,0.152519,3.491606,0.529123,0.170792,1.734888,1.088781,0.84383,0.288032,0.017996,0.012601,0.0,0,0.019524,0.023613,0.019065,0.00515,0.012905,0.0,0.03031,0.018031,0.028288,4.320473,3.356329,1.960396,0.818524,2.316602,2.488419,1.995277,1.344073,2.049645,3.217758,1.498172,2.406039,1.68657,2.126986,7.056773,3.05039,1.909991,0.725119,4.035372,2.804352,0.791027,1.367904,3.805747,4.331928,0.560316,3.823394,3.718498,2.751684,0.00758,0.002999,0.111611,0.0,0,0.0,0.0,0,0,0,0.011985,0.167427,0.163664,0.109088,0.68976,0,0.0,0.014748,0,0.0,0.015742,0.0,0.875476,0.012905,0.0,0.00866,0.011096,0.109367,0.053058,0.110978,0.028803,0.093405,0.161913,0.088745,0.212515,0.104857,0,0.210789,0.191766,0.178974,0.287105,0.150821,0,0,0,0,0,0,0,0,0,0,0,0,0,0
147,1223,1279,1498,517,275,1572,697,451,1341,849,887,1638,1836,14063,159,570,250,35,123,427,231,37,48,148,91,451,813,3383,297,49,45,260,0,251,52,45,39,192,141,213,521,2105,441,578,253,70,24,604,284,57,300,367,123,584,846,4531,191,37,31,11,58,66,14,2,18,270,15,128,21,862,849,464,936,619,298,1490,983,217,762,957,635,1976,1754,11940,173,155,305,125,41,144,156,21,677,125,45,1199,777,3943,40,7,10,0,0,12,7,2,1,3,0,19,15,116,555,1112,1109,307,185,1390,508,274,397,766,474,1658,1225,9960,941,1011,1066,293,321,1592,186,309,726,1008,221,2627,2682,12983,1,1,69,0,0,0,0,0,0,0,3,122,118,314,100,0,0,8,0,2,3,0,170,3,1,6,7,300,9,35,24,34,14,49,48,11,0,50,50,114,214,652,0,0,0,0,0,0,0,0,0,0,0,0,0,0,9.270067,3.836233,2.69667,1.270801,3.425084,2.790153,2.743015,2.149564,6.905964,3.652241,2.657758,2.364182,2.546499,2.986105,1.205185,1.709658,0.450045,0.086031,1.531947,0.757885,0.909091,0.17635,0.247193,0.636669,0.272667,0.650944,1.127616,0.718338,2.251194,0.146971,0.081008,0.639088,0.0,0.445501,0.204644,0.21448,0.200845,0.825949,0.422485,0.30743,0.722618,0.454723,3.342682,1.733653,0.455446,0.172062,0.298916,1.072043,1.11767,0.271674,1.544958,1.578766,0.36855,0.842907,1.173387,0.962102,1.447737,0.110978,0.055806,0.027038,0.722381,0.117144,0.055096,0.009532,0.092697,1.16149,0.044945,0.184747,0.029127,0.183035,6.435231,1.391722,1.684968,1.52152,3.711546,2.64461,3.868556,1.034269,3.924194,4.116837,1.902679,2.852029,2.432766,2.535312,1.311301,0.464907,0.549055,0.307254,0.510649,0.255587,0.613932,0.100091,3.486456,0.537727,0.134836,1.730558,1.077685,0.837247,0.303191,0.020996,0.018002,0.0,0,0.021299,0.027548,0.009532,0.00515,0.012905,0.0,0.027423,0.020805,0.029831,4.206776,3.335333,1.9964,0.754615,2.304147,2.46712,1.999213,1.305943,2.044495,3.295191,1.420267,2.393049,1.699053,2.114883,7.13257,3.032394,1.918992,0.720203,3.998007,2.825651,0.731995,1.472761,3.738799,4.33623,0.662192,3.79164,3.719885,2.75678,0.00758,0.002999,0.124212,0.0,0,0.0,0.0,0,0,0,0.008989,0.176087,0.163664,0.113423,0.757978,0,0.0,0.019664,0,0.00355,0.011806,0.0,0.875476,0.012905,0.002996,0.00866,0.009709,0.084974,0.068218,0.104979,0.043204,0.083573,0.174368,0.08697,0.188902,0.052428,0,0.215091,0.149817,0.16454,0.296814,0.144398,0,0,0,0,0,0,0,0,0,0,0,0,0,0
148,1212,1297,1481,528,273,1555,688,465,1345,852,875,1628,1828,14027,160,544,240,23,118,415,235,36,50,146,77,458,777,3279,281,50,57,248,0,232,49,50,39,190,125,231,517,2069,434,571,270,74,23,588,282,63,302,373,134,593,844,4551,194,31,32,8,60,73,13,5,14,263,14,133,14,854,847,481,921,610,296,1481,978,238,748,956,630,1947,1712,11845,176,151,265,123,39,139,161,22,673,126,64,1192,792,3923,33,6,7,0,0,11,5,1,1,3,0,21,10,98,571,1126,1064,302,190,1413,521,291,392,772,481,1665,1214,10002,916,996,1026,300,317,1618,199,319,708,1013,183,2644,2671,12910,1,1,55,0,0,0,0,0,0,0,1,124,111,293,102,0,0,8,0,1,5,0,169,4,0,6,8,303,8,35,21,32,10,60,44,19,0,49,54,120,226,678,0,0,0,0,0,0,0,0,0,0,0,0,0,0,9.18669,3.890222,2.666067,1.297839,3.400174,2.759979,2.707595,2.216291,6.926563,3.665147,2.621801,2.349749,2.535403,2.97846,1.212764,1.631674,0.432043,0.056535,1.469672,0.736586,0.924833,0.171584,0.257493,0.628065,0.230719,0.661047,1.077685,0.696255,2.129917,0.14997,0.10261,0.609591,0.0,0.411778,0.192837,0.238311,0.200845,0.817345,0.374543,0.33341,0.71707,0.446946,3.289623,1.712657,0.486049,0.181894,0.286462,1.043645,1.109799,0.300272,1.555258,1.604577,0.40151,0.855897,1.170613,0.966349,1.470477,0.092981,0.057606,0.019664,0.747291,0.129568,0.051161,0.023831,0.072098,1.131377,0.041949,0.191964,0.019418,0.181336,6.420071,1.442711,1.657966,1.499398,3.686636,2.628636,3.848878,1.13436,3.852096,4.112535,1.887697,2.810173,2.374513,2.51514,1.334041,0.452909,0.477048,0.302338,0.485739,0.246712,0.633609,0.104857,3.465856,0.542029,0.191766,1.720455,1.09849,0.833001,0.250133,0.017996,0.012601,0.0,0,0.019524,0.019677,0.004766,0.00515,0.012905,0.0,0.03031,0.01387,0.025202,4.328053,3.377325,1.915392,0.742325,2.366422,2.507943,2.050374,1.386969,2.018745,3.321001,1.441242,2.403152,1.683796,2.123801,6.943076,2.987403,1.846985,0.737409,3.948188,2.871799,0.783156,1.520423,3.646102,4.357739,0.548331,3.816177,3.704628,2.741279,0.00758,0.002999,0.09901,0.0,0,0.0,0.0,0,0,0,0.002996,0.178974,0.153955,0.105837,0.773137,0,0.0,0.019664,0,0.001775,0.019677,0.0,0.870327,0.017207,0.0,0.00866,0.011096,0.094784,0.060638,0.104979,0.037804,0.078657,0.124549,0.106494,0.17316,0.090558,0,0.210789,0.161803,0.1732,0.313458,0.150156,0,0,0,0,0,0,0,0,0,0,0,0,0,0
149,1200,1291,1500,516,271,1524,674,425,1356,846,828,1610,1877,13918,158,531,233,29,123,417,231,31,49,142,89,454,749,3236,281,40,48,243,0,227,46,37,37,194,130,231,511,2025,425,603,272,66,24,616,282,61,301,372,137,585,851,4595,198,36,37,13,60,63,15,3,18,268,13,137,19,880,839,476,920,645,305,1466,959,204,763,937,662,1998,1748,11922,177,158,283,114,38,148,161,23,675,121,61,1184,793,3936,33,5,6,0,0,16,5,3,1,3,0,20,17,109,570,1115,1102,287,183,1452,515,240,392,757,486,1624,1183,9906,910,1007,1063,293,331,1604,190,293,714,1009,213,2602,2653,12882,1,1,77,0,0,1,1,0,0,0,2,125,104,312,99,0,0,7,0,2,3,0,169,3,0,7,7,297,9,36,17,48,11,56,53,21,0,47,63,122,222,705,0,0,0,0,0,0,0,0,0,0,0,0,0,0,9.095733,3.872226,2.70027,1.268343,3.375265,2.704957,2.652499,2.025642,6.983211,3.639336,2.480973,2.323769,2.603365,2.955316,1.197605,1.592681,0.419442,0.071283,1.531947,0.740136,0.909091,0.147753,0.252343,0.610858,0.266675,0.655274,1.038849,0.687125,2.129917,0.119976,0.086409,0.597301,0.0,0.402904,0.181031,0.17635,0.190545,0.834552,0.389525,0.33341,0.708748,0.437442,3.221405,1.808638,0.489649,0.16223,0.298916,1.093342,1.109799,0.290739,1.550108,1.600275,0.410499,0.844351,1.180322,0.975692,1.500796,0.107978,0.066607,0.031954,0.747291,0.111819,0.059032,0.014299,0.092697,1.152887,0.038952,0.197737,0.026353,0.186857,6.359433,1.427714,1.656166,1.585429,3.79873,2.602013,3.774105,0.972308,3.929344,4.030801,1.98358,2.883783,2.424444,2.53149,1.341621,0.473905,0.509451,0.280215,0.473284,0.262686,0.633609,0.109623,3.476156,0.52052,0.182777,1.708908,1.099877,0.835761,0.250133,0.014997,0.010801,0.0,0,0.028399,0.019677,0.014299,0.00515,0.012905,0.0,0.028867,0.023579,0.028031,4.320473,3.344331,1.983798,0.705454,2.279238,2.577164,2.026761,1.143892,2.018745,3.256474,1.456223,2.343976,1.640799,2.103417,6.897597,3.020396,1.913591,0.720203,4.122556,2.84695,0.747737,1.396502,3.677001,4.340532,0.638221,3.755557,3.679663,2.735334,0.00758,0.002999,0.138614,0.0,0,0.001775,0.003935,0,0,0,0.005993,0.180417,0.144246,0.087007,0.750398,0,0.0,0.017206,0,0.00355,0.011806,0.0,0.870327,0.012905,0.0,0.010103,0.009709,0.092907,0.068218,0.107978,0.030603,0.117985,0.137003,0.099395,0.208579,0.100091,0,0.202185,0.18877,0.176087,0.30791,0.156136,0,0,0,0,0,0,0,0,0,0,0,0,0,0
150,1211,1296,1513,513,260,1545,687,499,1356,840,822,1628,1837,14007,159,551,242,34,118,414,227,32,52,143,87,465,792,3316,294,43,58,254,0,243,45,40,39,182,122,226,500,2046,428,584,256,64,25,599,285,78,301,361,135,599,839,4554,198,30,33,14,57,62,14,3,17,267,10,136,18,859,839,477,921,605,302,1440,951,241,747,935,623,1899,1742,11722,175,150,300,126,37,135,161,27,666,120,62,1210,772,3941,36,5,8,1,0,13,7,1,1,3,2,24,13,114,575,1100,1141,306,190,1353,491,277,388,746,482,1684,1200,9933,920,1018,1080,316,330,1521,185,297,716,994,196,2630,2618,12821,1,1,56,0,0,0,1,0,0,0,0,120,106,285,104,0,0,7,0,3,3,0,166,3,0,6,7,299,9,33,24,40,11,51,52,20,0,44,55,113,218,670,0,0,0,0,0,0,0,0,0,0,0,0,0,0,9.17911,3.887223,2.723672,1.260969,3.238261,2.74223,2.70366,2.378342,6.983211,3.613525,2.462995,2.349749,2.547886,2.974214,1.205185,1.652669,0.435644,0.083573,1.469672,0.734811,0.893349,0.152519,0.267793,0.61516,0.260682,0.671151,1.09849,0.704112,2.228454,0.128974,0.10441,0.624339,0.0,0.431302,0.177096,0.190649,0.200845,0.78293,0.365554,0.326194,0.693491,0.441978,3.244145,1.75165,0.460846,0.157314,0.311371,1.063169,1.121606,0.371765,1.550108,1.552955,0.404507,0.864557,1.163678,0.966986,1.500796,0.089982,0.059406,0.034412,0.709927,0.110044,0.055096,0.014299,0.087548,1.148585,0.029963,0.196294,0.024966,0.182398,6.359433,1.430714,1.657966,1.487108,3.761365,2.555865,3.742621,1.148658,3.846946,4.022197,1.866723,2.740893,2.416122,2.489022,1.326461,0.44991,0.540054,0.309712,0.460829,0.239612,0.633609,0.128688,3.429807,0.516218,0.185773,1.746435,1.07075,0.836823,0.272872,0.014997,0.014401,0.002458,0,0.023074,0.027548,0.004766,0.00515,0.012905,0.005993,0.03464,0.018031,0.024626,4.358372,3.29934,2.054005,0.752157,2.366422,2.401448,1.93231,1.320242,1.998146,3.209154,1.444238,2.430576,1.664378,2.10915,6.973395,3.053389,1.944194,0.776737,4.110101,2.699633,0.72806,1.415566,3.6873,4.276004,0.587284,3.79597,3.631118,2.722381,0.00758,0.002999,0.10081,0.0,0,0.0,0.003935,0,0,0,0.0,0.1732,0.14702,0.105997,0.788297,0,0.0,0.017206,0,0.005325,0.011806,0.0,0.854877,0.012905,0.0,0.00866,0.009709,0.093533,0.068218,0.09898,0.043204,0.098321,0.137003,0.09052,0.204644,0.095324,0,0.18928,0.164799,0.163097,0.302362,0.148384,0,0,0,0,0,0,0,0,0,0,0,0,0,0
151,1202,1262,1473,555,252,1525,701,465,1353,837,860,1621,1842,13948,162,533,264,25,115,407,229,33,54,147,87,464,762,3282,286,47,58,262,0,224,47,50,40,186,120,219,490,2029,427,576,276,61,25,599,297,71,291,371,115,565,816,4490,198,36,38,12,54,66,15,1,17,267,15,139,17,875,853,466,892,624,293,1475,959,216,737,931,648,1998,1748,11840,171,151,262,122,45,136,154,18,669,116,48,1175,772,3839,38,5,9,1,0,10,7,2,1,3,0,20,11,107,560,1091,1134,305,182,1388,515,279,389,750,472,1580,1200,9845,908,992,1082,290,324,1558,190,333,719,976,207,2593,2628,12800,1,1,55,0,0,0,1,0,0,0,4,123,104,289,102,0,0,9,0,2,4,0,169,3,2,7,10,308,11,33,18,39,11,57,44,15,0,47,36,113,211,635,0,0,0,0,0,0,0,0,0,0,0,0,0,0,9.110892,3.785243,2.651665,1.364206,3.138622,2.706732,2.758756,2.216291,6.967762,3.600619,2.576856,2.339646,2.55482,2.961686,1.227924,1.59868,0.475248,0.061451,1.432308,0.722387,0.90122,0.157285,0.278092,0.632367,0.260682,0.669707,1.05688,0.696892,2.167816,0.140972,0.10441,0.644004,0.0,0.397579,0.184967,0.238311,0.205994,0.800138,0.359561,0.31609,0.679621,0.438306,3.236565,1.727654,0.49685,0.14994,0.311371,1.063169,1.168831,0.338401,1.49861,1.595974,0.34458,0.815484,1.131777,0.953396,1.500796,0.107978,0.068407,0.029496,0.672562,0.117144,0.059032,0.004766,0.087548,1.148585,0.044945,0.200624,0.023579,0.185795,6.46555,1.39772,1.605761,1.53381,3.649271,2.617987,3.774105,1.029503,3.795448,4.00499,1.941631,2.883783,2.424444,2.514078,1.296142,0.452909,0.471647,0.29988,0.560468,0.241387,0.606061,0.085792,3.445257,0.499011,0.143825,1.695918,1.07075,0.815164,0.288032,0.014997,0.016202,0.002458,0,0.017749,0.027548,0.009532,0.00515,0.012905,0.0,0.028867,0.015257,0.02491,4.244675,3.272346,2.041404,0.749699,2.266783,2.46357,2.026761,1.329775,2.003296,3.226362,1.414275,2.280469,1.664378,2.090464,6.882438,2.975405,1.947795,0.712828,4.035372,2.765304,0.747737,1.58715,3.70275,4.198572,0.620243,3.742567,3.644988,2.717922,0.00758,0.002999,0.09901,0.0,0,0.0,0.003935,0,0,0,0.011985,0.17753,0.144246,0.095616,0.773137,0,0.0,0.022122,0,0.00355,0.015742,0.0,0.870327,0.012905,0.005993,0.010103,0.01387,0.08724,0.083378,0.09898,0.032403,0.095863,0.137003,0.10117,0.17316,0.071493,0,0.202185,0.107868,0.163097,0.292653,0.140633,0,0,0,0,0,0,0,0,0,0,0,0,0,0
152,1191,1280,1515,518,258,1532,691,482,1325,850,814,1647,1884,13987,165,553,239,23,117,402,221,28,54,147,81,468,777,3275,285,44,58,249,0,236,43,45,39,182,112,225,482,2000,423,579,260,71,27,584,291,72,285,362,138,570,812,4474,194,38,30,8,57,62,17,1,18,267,16,131,18,857,841,475,916,611,300,1419,947,257,744,921,616,1958,1736,11741,166,147,283,103,46,139,162,22,663,115,47,1220,784,3897,48,5,8,0,0,10,6,2,1,3,1,23,10,117,545,1103,1095,302,178,1419,488,250,410,738,512,1668,1219,9927,913,978,1046,302,320,1557,192,295,711,981,194,2638,2662,12789,2,0,54,0,0,3,0,0,0,0,3,125,106,293,99,0,0,7,0,3,2,0,173,2,0,7,11,304,10,28,15,29,11,51,47,22,0,43,61,119,238,674,0,0,0,0,0,0,0,0,0,0,0,0,0,0,9.027515,3.839232,2.727273,1.273259,3.213352,2.719157,2.719402,2.297317,6.823566,3.656543,2.439024,2.377172,2.613074,2.969967,1.250663,1.658668,0.430243,0.056535,1.457218,0.713512,0.869736,0.133454,0.278092,0.632367,0.242704,0.675481,1.077685,0.695406,2.160236,0.131974,0.10441,0.612049,0.0,0.418878,0.169225,0.21448,0.200845,0.78293,0.335591,0.32475,0.668525,0.432041,3.206246,1.736653,0.468047,0.17452,0.336281,1.036545,1.145218,0.343168,1.46771,1.557257,0.413496,0.822701,1.126229,0.949999,1.470477,0.113977,0.054005,0.019664,0.709927,0.110044,0.066903,0.004766,0.092697,1.148585,0.047942,0.189077,0.024966,0.181973,6.374593,1.424715,1.648965,1.501856,3.736455,2.518592,3.726879,1.224918,3.831497,3.961972,1.845748,2.826049,2.4078,2.493057,1.258243,0.440912,0.509451,0.253177,0.572923,0.246712,0.637544,0.104857,3.414358,0.494709,0.140828,1.760868,1.087394,0.82748,0.363829,0.014997,0.014401,0.0,0,0.017749,0.023613,0.009532,0.00515,0.012905,0.002996,0.033197,0.01387,0.02771,4.130979,3.308338,1.971197,0.742325,2.216964,2.518592,1.920504,1.191554,2.111443,3.17474,1.534128,2.407482,1.690731,2.107876,6.920337,2.933413,1.882988,0.742325,3.985552,2.763529,0.755608,1.406034,3.661551,4.220081,0.581291,3.807517,3.692146,2.715586,0.01516,0.0,0.09721,0.0,0,0.005325,0.0,0,0,0,0.008989,0.180417,0.14702,0.097718,0.750398,0,0.0,0.017206,0,0.005325,0.007871,0.0,0.890926,0.008604,0.0,0.010103,0.015257,0.095097,0.075798,0.083983,0.027003,0.071283,0.137003,0.09052,0.184967,0.104857,0,0.184978,0.182777,0.171757,0.330102,0.14927,0,0,0,0,0,0,0,0,0,0,0,0,0,0
153,1159,1272,1486,479,252,1542,686,499,1329,841,803,1595,1868,13811,161,537,232,18,112,412,224,33,53,139,74,447,775,3217,282,44,59,249,0,233,42,47,36,192,121,211,475,1991,408,573,243,67,27,598,272,76,285,365,125,567,827,4433,197,34,37,13,55,62,15,2,18,268,9,131,18,859,836,490,860,591,306,1448,947,210,738,897,605,1938,1746,11612,163,151,281,114,46,138,156,21,659,111,61,1218,751,3870,35,4,6,0,0,10,7,3,1,2,1,21,12,102,551,1070,1110,300,188,1424,479,278,393,745,523,1584,1226,9871,903,1010,1024,269,307,1505,180,312,721,988,206,2595,2634,12654,2,1,57,0,0,0,0,0,0,0,3,120,106,289,96,0,0,8,0,0,4,0,173,2,0,7,11,301,8,30,16,44,11,52,49,14,0,43,51,124,218,660,0,0,0,0,0,0,0,0,0,0,0,0,0,0,8.784962,3.815237,2.675068,1.177396,3.138622,2.736906,2.699725,2.378342,6.844165,3.617827,2.406065,2.302119,2.590882,2.932596,1.220344,1.610678,0.417642,0.044245,1.394943,0.731261,0.881543,0.157285,0.272943,0.597952,0.221729,0.645171,1.074911,0.68309,2.137497,0.131974,0.106211,0.612049,0.0,0.413553,0.165289,0.224012,0.185395,0.825949,0.362558,0.304544,0.658816,0.430097,3.092549,1.718656,0.437444,0.164688,0.336281,1.061394,1.070445,0.362232,1.46771,1.570163,0.374543,0.818371,1.147034,0.941293,1.493216,0.10198,0.066607,0.031954,0.685017,0.110044,0.059032,0.009532,0.092697,1.152887,0.026967,0.189077,0.024966,0.182398,6.336694,1.469706,1.548155,1.452695,3.811184,2.570064,3.726879,1.000906,3.800597,3.858728,1.812788,2.797183,2.42167,2.465665,1.235504,0.452909,0.505851,0.280215,0.572923,0.244937,0.613932,0.100091,3.393758,0.477502,0.182777,1.757982,1.041623,0.821747,0.265292,0.011998,0.010801,0.0,0,0.017749,0.027548,0.014299,0.00515,0.008604,0.002996,0.03031,0.016644,0.024157,4.176457,3.209358,1.9982,0.737409,2.341512,2.527467,1.885085,1.325008,2.023895,3.204852,1.567088,2.286242,1.70044,2.095985,6.844539,3.029394,1.843384,0.66121,3.823639,2.671234,0.708383,1.48706,3.71305,4.250194,0.617247,3.745453,3.65331,2.686921,0.01516,0.002999,0.10261,0.0,0,0.0,0.0,0,0,0,0.008989,0.1732,0.14702,0.104392,0.727659,0,0.0,0.019664,0,0.0,0.015742,0.0,0.890926,0.008604,0.0,0.010103,0.015257,0.114304,0.060638,0.089982,0.028803,0.108153,0.137003,0.092295,0.192837,0.066727,0,0.184978,0.152814,0.178974,0.302362,0.14617,0,0,0,0,0,0,0,0,0,0,0,0,0,0
154,1175,1249,1415,483,265,1507,679,482,1344,828,823,1587,1824,13661,164,540,237,21,113,407,216,21,52,145,79,442,730,3167,267,44,57,233,0,226,46,49,37,190,114,214,454,1931,413,573,241,79,26,623,272,50,288,367,132,574,789,4427,197,29,33,9,53,53,14,1,18,265,15,144,25,856,836,466,883,606,307,1424,920,234,727,896,620,1963,1675,11557,169,138,274,123,48,154,154,19,663,121,53,1193,764,3873,41,5,8,1,0,17,6,9,1,2,0,18,13,121,543,1083,1107,281,186,1376,496,271,390,733,492,1641,1206,9805,892,990,971,327,326,1534,188,285,706,971,206,2557,2565,12518,2,1,59,0,0,1,0,0,0,0,1,114,102,280,95,0,0,13,0,4,5,0,171,4,0,7,9,308,11,34,23,48,13,42,47,23,0,40,58,107,216,662,0,0,0,0,0,0,0,0,0,0,0,0,0,0,8.906238,3.746251,2.547255,1.187228,3.300536,2.674784,2.672176,2.297317,6.921413,3.561903,2.465991,2.290572,2.529855,2.900745,1.243083,1.619676,0.426643,0.051619,1.407398,0.722387,0.850059,0.100091,0.267793,0.623763,0.236711,0.637954,1.012497,0.672473,2.023801,0.131974,0.10261,0.572721,0.0,0.401129,0.181031,0.233545,0.190545,0.817345,0.341583,0.308874,0.62969,0.417136,3.130448,1.718656,0.433843,0.194184,0.323826,1.105767,1.070445,0.238311,1.48316,1.578766,0.395517,0.828474,1.094329,0.940019,1.493216,0.086983,0.059406,0.022122,0.660107,0.09407,0.055096,0.004766,0.092697,1.139981,0.044945,0.20784,0.034675,0.181761,6.336694,1.39772,1.589559,1.489566,3.823639,2.527467,3.620622,1.115295,3.743949,3.854427,1.857734,2.833266,2.323194,2.453986,1.280982,0.413917,0.493249,0.302338,0.597833,0.273336,0.606061,0.090558,3.414358,0.52052,0.158806,1.721898,1.059654,0.822384,0.310771,0.014997,0.014401,0.002458,0,0.030173,0.023613,0.042896,0.00515,0.008604,0.0,0.02598,0.018031,0.028169,4.115819,3.24835,1.992799,0.690706,2.316602,2.442271,1.951987,1.291645,2.008446,3.153231,1.474201,2.368512,1.6727,2.081971,6.761161,2.969406,1.747975,0.803776,4.060281,2.722706,0.739866,1.358372,3.635802,4.177063,0.617247,3.690607,3.557608,2.658043,0.01516,0.002999,0.106211,0.0,0,0.001775,0.0,0,0,0,0.002996,0.16454,0.141472,0.084038,0.720079,0,0.0,0.031954,0,0.0071,0.019677,0.0,0.880626,0.017207,0.0,0.010103,0.012483,0.096348,0.083378,0.10198,0.041404,0.117985,0.161913,0.074546,0.184967,0.109623,0,0.172073,0.173788,0.154437,0.299588,0.146613,0,0,0,0,0,0,0,0,0,0,0,0,0,0
155,1132,1252,1443,543,256,1522,666,465,1321,816,829,1594,1881,13720,161,554,245,25,111,393,213,24,49,148,63,460,755,3201,269,44,47,230,0,242,38,54,38,188,111,234,473,1968,412,605,248,59,25,582,264,58,284,366,114,584,832,4433,200,35,30,6,56,57,16,3,19,254,10,131,24,841,830,465,883,602,298,1442,936,221,727,881,592,1899,1696,11472,167,149,276,119,45,145,163,32,651,112,72,1200,738,3869,40,4,11,0,0,12,5,4,1,3,1,26,15,122,542,1074,1096,308,189,1367,499,261,395,741,496,1625,1224,9817,892,1002,1051,300,313,1560,176,284,696,953,217,2535,2577,12556,2,1,70,0,0,0,0,0,0,0,2,112,95,282,102,0,0,6,0,3,4,0,170,2,0,7,10,304,10,33,17,30,11,48,48,27,0,36,64,115,209,648,0,0,0,0,0,0,0,0,0,0,0,0,0,0,8.580308,3.755249,2.59766,1.33471,3.188442,2.701408,2.621015,2.216291,6.802966,3.510281,2.48397,2.300675,2.608913,2.913273,1.220344,1.661668,0.441044,0.061451,1.382488,0.697538,0.838253,0.114389,0.252343,0.636669,0.18877,0.663934,1.047171,0.679693,2.03896,0.131974,0.084608,0.565347,0.0,0.429527,0.149547,0.257376,0.195695,0.808741,0.332594,0.33774,0.656042,0.425128,3.122868,1.814637,0.446445,0.145024,0.311371,1.032996,1.038961,0.276441,1.462561,1.574464,0.341583,0.842907,1.153969,0.941293,1.515955,0.104979,0.054005,0.014748,0.697472,0.10117,0.062967,0.014299,0.097847,1.092661,0.029963,0.189077,0.033288,0.178576,6.291215,1.394721,1.589559,1.479734,3.711546,2.559415,3.683589,1.053334,3.743949,3.789899,1.773836,2.740893,2.352321,2.435938,1.265823,0.446911,0.49685,0.292505,0.560468,0.257361,0.64148,0.152519,3.352559,0.481803,0.215737,1.732002,1.023593,0.821534,0.303191,0.011998,0.019802,0.0,0,0.021299,0.019677,0.019065,0.00515,0.012905,0.002996,0.037527,0.020805,0.028894,4.108239,3.221356,1.972997,0.757073,2.353967,2.426297,1.963794,1.243983,2.034195,3.187645,1.486187,2.345419,1.697666,2.084519,6.761161,3.005399,1.891989,0.737409,3.898368,2.768854,0.692641,1.353606,3.584303,4.09963,0.650207,3.658853,3.574252,2.666112,0.01516,0.002999,0.126013,0.0,0,0.0,0.0,0,0,0,0.005993,0.161653,0.131763,0.101864,0.773137,0,0.0,0.014748,0,0.005325,0.015742,0.0,0.875476,0.008604,0.0,0.010103,0.01387,0.095097,0.075798,0.09898,0.030603,0.073741,0.137003,0.085196,0.188902,0.128688,0,0.154865,0.191766,0.165983,0.289879,0.143512,0,0,0,0,0,0,0,0,0,0,0,0,0,0
156,1140,1244,1445,518,252,1470,656,448,1307,827,843,1547,1874,13571,158,552,244,26,116,395,217,34,49,149,80,442,748,3210,275,42,56,222,0,226,48,45,39,181,127,215,484,1960,403,580,220,52,27,562,266,66,278,364,121,547,827,4313,193,32,28,5,51,55,14,1,17,255,13,129,17,810,828,455,836,602,299,1413,927,231,730,870,587,1945,1724,11447,165,140,266,121,49,142,153,27,649,117,48,1174,760,3811,35,4,7,0,0,13,6,3,1,3,0,21,20,113,543,1062,1107,320,179,1382,502,286,382,757,466,1638,1206,9830,890,982,1007,326,328,1536,188,289,695,936,190,2504,2585,12456,2,1,60,0,0,2,0,0,0,0,2,107,93,267,98,0,0,9,0,2,6,0,172,3,0,7,10,307,11,32,16,39,10,50,44,18,0,39,40,122,207,628,0,0,0,0,0,0,0,0,0,0,0,0,0,0,8.640946,3.731254,2.60126,1.273259,3.138622,2.609112,2.581661,2.135265,6.730868,3.557601,2.525918,2.232839,2.599204,2.881634,1.197605,1.655669,0.439244,0.063909,1.444763,0.701088,0.853994,0.162051,0.252343,0.64097,0.239708,0.637954,1.037462,0.681604,2.084439,0.125975,0.10081,0.545682,0.0,0.401129,0.188902,0.21448,0.200845,0.778629,0.380536,0.310317,0.671299,0.4234,3.05465,1.739652,0.39604,0.127818,0.336281,0.997497,1.046832,0.31457,1.431661,1.565861,0.362558,0.789504,1.147034,0.915812,1.462897,0.095981,0.050405,0.01229,0.635197,0.09762,0.055096,0.004766,0.087548,1.096963,0.038952,0.18619,0.023579,0.171994,6.276055,1.364727,1.50495,1.479734,3.724,2.507943,3.64817,1.100996,3.759398,3.742579,1.758854,2.807286,2.391157,2.430629,1.250663,0.419916,0.478848,0.297422,0.610288,0.252037,0.602125,0.128688,3.34226,0.503312,0.143825,1.694475,1.054106,0.809219,0.265292,0.011998,0.012601,0.0,0,0.023074,0.023613,0.014299,0.00515,0.012905,0.0,0.03031,0.02774,0.029059,4.115819,3.185363,1.992799,0.786569,2.229418,2.452921,1.9756,1.363138,1.967247,3.256474,1.396297,2.364182,1.6727,2.087279,6.746002,2.945411,1.812781,0.801318,4.085191,2.726256,0.739866,1.377437,3.579153,4.026499,0.569305,3.61411,3.585348,2.644878,0.01516,0.002999,0.108011,0.0,0,0.00355,0.0,0,0,0,0.005993,0.154437,0.128989,0.080137,0.742818,0,0.0,0.022122,0,0.00355,0.023613,0.0,0.885776,0.012905,0.0,0.010103,0.01387,0.096035,0.083378,0.095981,0.028803,0.095863,0.124549,0.088745,0.17316,0.085792,0,0.167771,0.119854,0.176087,0.287105,0.139083,0,0,0,0,0,0,0,0,0,0,0,0,0,0
157,1111,1248,1425,506,256,1479,649,415,1312,810,843,1522,1843,13419,154,545,247,20,112,401,212,20,48,139,71,449,710,3128,260,35,42,216,0,236,54,44,38,177,115,225,461,1903,407,604,237,52,27,595,271,58,287,359,133,524,815,4369,193,30,28,7,56,51,17,5,17,255,9,123,16,807,804,445,827,633,291,1417,912,210,722,847,590,1890,1679,11267,165,161,287,115,45,151,152,22,645,115,54,1186,752,3850,31,3,6,0,0,8,6,3,1,3,0,27,16,104,545,1058,1080,316,170,1407,514,274,393,729,483,1623,1210,9802,867,975,1031,290,314,1486,180,296,682,907,230,2463,2528,12249,2,1,72,0,0,0,0,0,0,0,3,117,99,294,95,0,0,6,0,2,2,0,173,3,1,7,9,298,10,34,27,44,10,48,47,20,0,38,45,115,207,645,0,0,0,0,0,0,0,0,0,0,0,0,0,0,8.421132,3.743251,2.565257,1.243763,3.188442,2.625087,2.554113,1.97798,6.756618,3.48447,2.525918,2.196755,2.556207,2.849359,1.167286,1.634673,0.444644,0.049161,1.394943,0.711737,0.834317,0.095324,0.247193,0.597952,0.21274,0.648057,0.984757,0.664192,1.970742,0.104979,0.075608,0.530934,0.0,0.418878,0.212515,0.209714,0.195695,0.761421,0.34458,0.32475,0.639399,0.411087,3.084969,1.811638,0.426643,0.127818,0.336281,1.056069,1.066509,0.276441,1.47801,1.544352,0.398514,0.756307,1.13039,0.927703,1.462897,0.089982,0.050405,0.017206,0.697472,0.09052,0.066903,0.023831,0.087548,1.096963,0.026967,0.17753,0.022192,0.171356,6.094141,1.334733,1.488749,1.555932,3.624362,2.515042,3.589138,1.000906,3.7182,3.643638,1.767843,2.727903,2.328742,2.392409,1.250663,0.482903,0.516652,0.282673,0.560468,0.268011,0.59819,0.104857,3.32166,0.494709,0.161803,1.711795,1.04301,0.8175,0.234973,0.008998,0.010801,0.0,0,0.014199,0.023613,0.014299,0.00515,0.012905,0.0,0.03897,0.022192,0.026745,4.130979,3.173365,1.944194,0.776737,2.117325,2.497293,2.022826,1.305943,2.023895,3.136023,1.447234,2.342532,1.678248,2.081334,6.571667,2.924415,1.855986,0.712828,3.910823,2.637511,0.708383,1.4108,3.512205,3.901747,0.689159,3.554933,3.50629,2.600924,0.01516,0.002999,0.129613,0.0,0,0.0,0.0,0,0,0,0.008989,0.16887,0.137311,0.106199,0.720079,0,0.0,0.014748,0,0.00355,0.007871,0.0,0.890926,0.012905,0.002996,0.010103,0.012483,0.084408,0.075798,0.10198,0.048605,0.108153,0.124549,0.085196,0.184967,0.095324,0,0.163469,0.134836,0.165983,0.287105,0.142848,0,0,0,0,0,0,0,0,0,0,0,0,0,0
158,1110,1227,1366,526,254,1472,674,433,1279,805,843,1508,1832,13329,153,545,248,30,114,393,215,27,46,148,70,448,718,3155,267,40,47,240,0,228,53,49,39,189,125,224,462,1963,404,578,230,71,24,610,259,66,275,368,117,551,825,4378,180,31,29,12,54,54,18,4,13,252,11,120,20,798,798,409,843,560,280,1394,929,204,710,839,586,1901,1654,11107,166,148,282,119,46,146,163,29,651,118,67,1172,744,3851,44,4,12,1,0,13,6,6,1,3,0,28,23,141,531,1029,1054,297,168,1357,497,284,381,698,513,1600,1160,9569,883,934,980,303,305,1459,186,309,689,920,214,2494,2496,12172,2,1,68,0,0,1,0,0,0,0,1,118,92,283,100,0,0,8,0,0,4,0,172,4,1,6,11,306,11,34,16,33,9,52,49,20,0,39,55,109,217,644,0,0,0,0,0,0,0,0,0,0,0,0,0,0,8.413553,3.680264,2.459046,1.292923,3.163532,2.612662,2.652499,2.063772,6.586672,3.462961,2.525918,2.176549,2.540951,2.830249,1.159706,1.634673,0.446445,0.073741,1.419853,0.697538,0.846124,0.128688,0.236894,0.636669,0.209744,0.646614,0.995853,0.669925,2.023801,0.119976,0.084608,0.589927,0.0,0.404679,0.208579,0.233545,0.200845,0.813043,0.374543,0.323307,0.640786,0.424048,3.06223,1.733653,0.414041,0.17452,0.298916,1.082693,1.019284,0.31457,1.416212,1.583068,0.350572,0.795277,1.14426,0.929614,1.36436,0.092981,0.052205,0.029496,0.672562,0.095845,0.070838,0.019065,0.066948,1.084057,0.03296,0.1732,0.02774,0.169445,6.048662,1.226755,1.517552,1.376496,3.487358,2.474219,3.656041,0.972308,3.656401,3.609223,1.755858,2.743779,2.294068,2.358434,1.258243,0.443911,0.507651,0.292505,0.572923,0.259136,0.64148,0.13822,3.352559,0.507614,0.200755,1.691588,1.031914,0.817712,0.33351,0.011998,0.021602,0.002458,0,0.023074,0.023613,0.028597,0.00515,0.012905,0.0,0.040413,0.031901,0.032825,4.024862,3.086383,1.89739,0.730035,2.092415,2.408548,1.955923,1.353606,1.962097,3.002667,1.537125,2.309335,1.608899,2.031859,6.692943,2.80144,1.764176,0.744783,3.79873,2.589588,0.731995,1.472761,3.548254,3.95767,0.641218,3.599677,3.461907,2.584574,0.01516,0.002999,0.122412,0.0,0,0.001775,0.0,0,0,0,0.002996,0.170313,0.127602,0.084939,0.757978,0,0.0,0.019664,0,0.0,0.015742,0.0,0.885776,0.017207,0.002996,0.00866,0.015257,0.103132,0.083378,0.10198,0.028803,0.081115,0.112094,0.092295,0.192837,0.095324,0,0.167771,0.164799,0.157323,0.300975,0.142626,0,0,0,0,0,0,0,0,0,0,0,0,0,0
159,1131,1226,1393,522,255,1480,668,432,1271,813,843,1522,1815,13371,150,537,237,26,115,385,217,26,46,129,76,440,724,3108,269,42,44,225,0,242,47,39,36,181,120,216,491,1952,399,577,216,65,26,599,259,56,275,367,107,546,825,4317,182,28,30,11,51,58,17,3,15,245,18,118,14,790,789,430,804,600,281,1399,912,213,686,835,590,1831,1649,11019,163,149,289,117,47,146,151,23,646,115,73,1135,723,3777,30,4,10,0,0,14,7,4,1,3,1,27,21,122,528,1004,1055,307,177,1426,500,291,374,699,473,1577,1171,9582,858,964,989,309,308,1450,173,307,680,911,193,2446,2424,12012,2,1,63,0,0,1,0,0,0,0,2,116,94,279,92,0,0,6,0,3,2,0,169,4,0,7,9,292,9,43,19,46,8,52,43,15,0,39,51,116,209,650,0,0,0,0,0,0,0,0,0,0,0,0,0,0,8.572728,3.677265,2.507651,1.283091,3.175987,2.626861,2.628886,2.059006,6.545473,3.497376,2.525918,2.196755,2.517372,2.839167,1.136967,1.610678,0.426643,0.063909,1.432308,0.683339,0.853994,0.123922,0.236894,0.554934,0.227722,0.635067,1.004175,0.659945,2.03896,0.125975,0.079208,0.553057,0.0,0.429527,0.184967,0.185882,0.185395,0.778629,0.359561,0.31176,0.681008,0.421672,3.024331,1.730654,0.388839,0.159772,0.323826,1.063169,1.019284,0.266908,1.416212,1.578766,0.320609,0.788061,1.14426,0.916662,1.379519,0.083983,0.054005,0.027038,0.635197,0.102945,0.066903,0.014299,0.077248,1.053945,0.053934,0.170313,0.019418,0.167747,5.980444,1.289742,1.447345,1.474817,3.499813,2.483094,3.589138,1.015204,3.532805,3.592016,1.767843,2.642746,2.287133,2.339749,1.235504,0.446911,0.520252,0.287589,0.585378,0.259136,0.594254,0.109623,3.32681,0.494709,0.218733,1.638185,1.002788,0.801999,0.227393,0.011998,0.018002,0.0,0,0.024849,0.027548,0.019065,0.00515,0.012905,0.002996,0.03897,0.029127,0.028894,4.002122,3.011398,1.89919,0.754615,2.204509,2.531016,1.967729,1.386969,1.926048,3.006969,1.417271,2.276139,1.624156,2.03462,6.503449,2.891422,1.780378,0.759531,3.836094,2.573614,0.680834,1.463229,3.501905,3.918954,0.578294,3.530397,3.362044,2.5506,0.01516,0.002999,0.113411,0.0,0,0.001775,0.0,0,0,0,0.005993,0.167427,0.130376,0.083738,0.697339,0,0.0,0.014748,0,0.005325,0.007871,0.0,0.870327,0.017207,0.0,0.010103,0.012483,0.091343,0.068218,0.128974,0.034203,0.113069,0.099639,0.092295,0.169225,0.071493,0,0.167771,0.152814,0.167427,0.289879,0.143955,0,0,0,0,0,0,0,0,0,0,0,0,0,0
160,1103,1187,1331,525,249,1463,630,442,1275,782,826,1517,1798,13128,152,540,241,28,117,390,210,30,45,128,82,425,736,3124,257,40,45,235,0,227,49,49,34,173,118,207,456,1890,397,579,231,58,26,578,261,64,278,351,114,531,818,4286,178,26,33,18,48,62,17,2,16,249,15,125,18,807,793,419,799,596,270,1372,898,219,684,835,560,1867,1604,10916,161,140,248,129,44,149,143,25,633,117,52,1138,755,3734,27,6,11,1,0,16,5,2,1,3,0,35,12,119,513,1018,1034,317,169,1342,500,270,367,699,475,1589,1146,9439,855,928,956,343,297,1464,175,321,678,897,198,2431,2450,11993,2,1,51,0,0,0,0,0,0,0,1,120,85,260,90,0,0,11,0,3,3,0,164,4,1,6,9,291,9,26,13,44,10,56,40,25,0,40,44,125,224,656,0,0,0,0,0,0,0,0,0,0,0,0,0,0,8.360494,3.560288,2.39604,1.290465,3.101258,2.596688,2.479339,2.106668,6.566073,3.36402,2.474981,2.189539,2.493793,2.787569,1.152126,1.619676,0.433843,0.068825,1.457218,0.692213,0.826446,0.142987,0.231744,0.550632,0.2457,0.613417,1.020819,0.663343,1.948003,0.119976,0.081008,0.577637,0.0,0.402904,0.192837,0.233545,0.175095,0.744214,0.353569,0.29877,0.632464,0.408279,3.009172,1.736653,0.415842,0.142566,0.323826,1.025896,1.027155,0.305038,1.431661,1.509937,0.341583,0.766411,1.134551,0.910079,1.3492,0.077984,0.059406,0.044245,0.597833,0.110044,0.066903,0.009532,0.082398,1.071152,0.044945,0.180417,0.024966,0.171356,6.010763,1.256749,1.438344,1.464985,3.36281,2.435172,3.534042,1.043802,3.522505,3.592016,1.677953,2.694706,2.224719,2.317878,1.220344,0.419916,0.446445,0.317086,0.548013,0.264461,0.562771,0.119155,3.259862,0.503312,0.15581,1.642515,1.047171,0.792869,0.204654,0.017996,0.019802,0.002458,0,0.028399,0.019677,0.009532,0.00515,0.012905,0.0,0.050517,0.016644,0.027704,3.888426,3.053389,1.861386,0.779195,2.10487,2.381924,1.967729,1.286879,1.889999,3.006969,1.423264,2.293459,1.589481,2.004255,6.480709,2.783443,1.720972,0.843104,3.699091,2.598463,0.688705,1.529956,3.491606,3.858728,0.593276,3.508747,3.398105,2.546566,0.01516,0.002999,0.091809,0.0,0,0.0,0.0,0,0,0,0.002996,0.1732,0.117893,0.093917,0.68218,0,0.0,0.027038,0,0.005325,0.011806,0.0,0.844577,0.017207,0.002996,0.00866,0.012483,0.082425,0.068218,0.077984,0.023402,0.108153,0.124549,0.099395,0.157418,0.119155,0,0.172073,0.131839,0.180417,0.310684,0.145284,0,0,0,0,0,0,0,0,0,0,0,0,0,0
161,1097,1189,1348,475,254,1467,639,455,1260,792,858,1577,1783,13194,153,521,221,29,113,386,204,24,43,127,77,428,717,3043,258,39,49,217,0,241,51,48,37,175,110,214,470,1909,403,570,221,50,27,582,262,70,280,347,124,532,771,4239,180,31,38,9,54,60,16,3,15,245,14,111,18,794,766,419,794,570,268,1397,873,215,670,831,629,1829,1653,10914,162,136,280,113,47,140,153,30,634,107,59,1106,723,3690,31,5,7,0,0,12,5,2,1,3,0,24,20,110,520,1000,1024,302,172,1343,501,265,375,722,477,1547,1148,9396,851,918,986,285,299,1431,172,306,668,925,213,2367,2434,11855,2,1,68,0,0,0,1,0,0,0,2,126,94,294,95,0,0,9,0,0,3,0,165,4,0,8,7,291,9,34,23,41,8,54,40,10,0,40,55,106,202,622,0,0,0,0,0,0,0,0,0,0,0,0,0,0,8.315016,3.566287,2.426643,1.167564,3.163532,2.603788,2.514758,2.168629,6.488825,3.407038,2.570864,2.276139,2.472989,2.801583,1.159706,1.562687,0.39784,0.071283,1.407398,0.685114,0.802834,0.114389,0.221444,0.546331,0.230719,0.617747,0.994466,0.646144,1.955583,0.116977,0.088209,0.533392,0.0,0.427752,0.200708,0.228778,0.190545,0.752818,0.329598,0.308874,0.651881,0.412383,3.05465,1.709658,0.39784,0.122901,0.336281,1.032996,1.03109,0.333635,1.441961,1.49273,0.371547,0.767854,1.069363,0.900099,1.36436,0.092981,0.068407,0.022122,0.672562,0.106494,0.062967,0.014299,0.077248,1.053945,0.041949,0.16021,0.024966,0.168596,5.806109,1.256749,1.429343,1.401077,3.3379,2.479544,3.435655,1.024737,3.450407,3.574809,1.884701,2.639859,2.292681,2.317453,1.227924,0.407918,0.50405,0.277757,0.585378,0.248487,0.602125,0.142987,3.265012,0.460294,0.176784,1.596328,1.002788,0.783526,0.234973,0.014997,0.012601,0.0,0,0.021299,0.019677,0.009532,0.00515,0.012905,0.0,0.03464,0.02774,0.028288,3.941484,2.9994,1.843384,0.742325,2.142234,2.383699,1.971665,1.263048,1.931198,3.105911,1.429256,2.232839,1.592255,1.995125,6.45039,2.753449,1.774977,0.700538,3.724,2.539891,0.676899,1.458462,3.440107,3.979179,0.638221,3.416373,3.375914,2.517263,0.01516,0.002999,0.122412,0.0,0,0.0,0.003935,0,0,0,0.005993,0.18186,0.130376,0.09727,0.720079,0,0.0,0.022122,0,0.0,0.011806,0.0,0.849727,0.017207,0.0,0.011547,0.009709,0.110506,0.068218,0.10198,0.041404,0.100779,0.099639,0.095845,0.157418,0.047662,0,0.172073,0.164799,0.152993,0.28017,0.137754,0,0,0,0,0,0,0,0,0,0,0,0,0,0
162,1097,1219,1374,485,243,1466,631,472,1240,779,771,1498,1787,13062,150,521,237,22,115,387,203,30,43,120,73,417,705,3023,262,35,35,241,0,217,50,53,35,173,123,217,497,1938,391,583,234,60,24,590,266,79,277,344,102,528,834,4312,165,32,31,7,56,58,14,2,14,242,7,118,18,764,769,415,828,567,253,1359,870,203,667,821,572,1826,1614,10764,155,146,269,119,42,145,148,34,623,117,63,1126,738,3725,38,4,14,0,0,15,7,2,1,3,0,25,22,131,529,1016,1007,303,179,1301,505,279,372,712,468,1569,1132,9372,829,936,984,305,279,1413,165,327,666,943,181,2393,2473,11894,2,1,58,0,0,1,0,0,0,0,1,119,92,274,89,0,0,9,0,2,7,0,165,4,1,6,7,290,7,28,26,44,9,59,43,18,0,45,48,104,219,650,0,0,0,0,0,0,0,0,0,0,0,0,0,0,8.315016,3.656269,2.473447,1.192144,3.026529,2.602013,2.483274,2.249654,6.385828,3.351114,2.310182,2.162115,2.478536,2.773555,1.136967,1.562687,0.426643,0.054077,1.432308,0.686889,0.798898,0.142987,0.221444,0.516218,0.218733,0.601871,0.977822,0.641897,1.985902,0.104979,0.063006,0.592385,0.0,0.385155,0.196773,0.25261,0.180245,0.744214,0.36855,0.313204,0.68933,0.418648,2.963693,1.74865,0.421242,0.147482,0.298916,1.047195,1.046832,0.376531,1.426511,1.479824,0.305627,0.762081,1.156743,0.9156,1.250663,0.095981,0.055806,0.017206,0.697472,0.102945,0.055096,0.009532,0.072098,1.041039,0.020974,0.170313,0.024966,0.162226,5.828849,1.244751,1.490549,1.393703,3.151077,2.412098,3.423849,0.967542,3.434957,3.53179,1.713909,2.635529,2.238589,2.285603,1.174865,0.437912,0.484248,0.292505,0.523104,0.257361,0.582448,0.162051,3.208363,0.503312,0.18877,1.625195,1.023593,0.790958,0.288032,0.011998,0.025203,0.0,0,0.026624,0.027548,0.009532,0.00515,0.012905,0.0,0.036083,0.030514,0.033688,4.009702,3.047391,1.812781,0.744783,2.229418,2.309153,1.987407,1.329775,1.915748,3.062893,1.402289,2.264592,1.570063,1.990029,6.283635,2.807439,1.771377,0.749699,3.474903,2.507943,0.649351,1.558553,3.429807,4.056612,0.542338,3.4539,3.430006,2.525544,0.01516,0.002999,0.10441,0.0,0,0.001775,0.0,0,0,0,0.002996,0.171757,0.127602,0.082238,0.6746,0,0.0,0.022122,0,0.00355,0.027548,0.0,0.849727,0.017207,0.002996,0.00866,0.009709,0.082142,0.053058,0.083983,0.046805,0.108153,0.112094,0.104719,0.169225,0.085792,0,0.193582,0.143825,0.150107,0.303749,0.143955,0,0,0,0,0,0,0,0,0,0,0,0,0,0
163,1123,1200,1310,505,240,1465,598,437,1235,781,884,1534,1812,13124,155,513,243,35,116,379,198,30,43,126,80,428,703,3049,263,37,40,236,0,240,49,49,32,183,135,231,477,1972,391,581,210,62,26,593,261,62,271,346,144,523,816,4286,165,30,38,14,53,60,14,1,14,234,15,107,21,766,763,402,774,581,248,1341,849,207,660,832,576,1826,1607,10666,153,141,276,119,40,141,150,22,620,114,60,1116,738,3690,38,4,10,0,0,8,6,3,1,3,0,24,23,120,513,1032,1008,302,176,1345,489,304,372,693,462,1545,1144,9385,841,896,928,278,292,1409,156,274,641,910,224,2345,2422,11616,2,1,59,0,0,0,0,0,0,0,2,109,95,268,98,0,0,8,0,0,3,0,162,4,1,6,7,289,11,34,15,41,9,49,42,13,0,41,52,111,207,625,0,0,0,0,0,0,0,0,0,0,0,0,0,0,8.51209,3.59928,2.358236,1.241305,2.989164,2.600238,2.353404,2.082837,6.360078,3.359718,2.648769,2.214075,2.513211,2.78672,1.174865,1.538692,0.437444,0.086031,1.444763,0.67269,0.779221,0.142987,0.221444,0.542029,0.239708,0.617747,0.975048,0.647418,1.993481,0.110978,0.072007,0.580095,0.0,0.425978,0.192837,0.233545,0.164796,0.787232,0.404507,0.33341,0.66159,0.425992,2.963693,1.742651,0.378038,0.152398,0.323826,1.052519,1.027155,0.295505,1.395612,1.488428,0.431474,0.754864,1.131777,0.910079,1.250663,0.089982,0.068407,0.034412,0.660107,0.106494,0.055096,0.004766,0.072098,1.006625,0.044945,0.154437,0.029127,0.162651,5.78337,1.205759,1.393339,1.428115,3.088803,2.380149,3.341204,0.986607,3.398908,3.57911,1.725894,2.635529,2.22888,2.264794,1.159706,0.422915,0.49685,0.292505,0.498194,0.250262,0.590319,0.104857,3.192914,0.490407,0.179781,1.610762,1.023593,0.783526,0.288032,0.011998,0.018002,0.0,0,0.014199,0.023613,0.014299,0.00515,0.012905,0.0,0.03464,0.031901,0.030859,3.888426,3.095381,1.814581,0.742325,2.192054,2.387249,1.924439,1.44893,1.915748,2.981158,1.384311,2.229952,1.586707,1.992789,6.374593,2.687463,1.670567,0.683332,3.636817,2.500843,0.613932,1.305943,3.301061,3.914652,0.671181,3.38462,3.35927,2.466514,0.01516,0.002999,0.106211,0.0,0,0.0,0.0,0,0,0,0.005993,0.157323,0.131763,0.096807,0.742818,0,0.0,0.019664,0,0.0,0.011806,0.0,0.834277,0.017207,0.002996,0.00866,0.009709,0.097402,0.083378,0.10198,0.027003,0.100779,0.112094,0.08697,0.165289,0.061961,0,0.176374,0.15581,0.16021,0.287105,0.138418,0,0,0,0,0,0,0,0,0,0,0,0,0,0
164,1100,1199,1313,507,234,1454,617,445,1249,766,810,1514,1808,13016,150,514,227,34,106,399,189,25,45,115,68,417,729,3018,259,39,45,236,0,244,55,43,33,179,130,204,454,1921,376,553,212,70,24,581,249,67,278,338,137,552,845,4282,157,38,23,10,46,58,14,3,14,246,6,113,21,749,765,408,760,545,252,1335,857,211,660,844,551,1809,1665,10662,153,139,255,126,41,148,144,19,618,121,51,1066,741,3622,33,3,9,0,0,11,5,3,1,3,1,26,20,115,492,998,957,305,175,1311,497,275,365,695,462,1550,1119,9201,835,917,943,269,284,1391,155,289,639,915,193,2329,2462,11621,2,0,62,0,0,0,0,0,0,0,2,108,99,273,98,0,0,8,0,1,4,0,164,4,0,7,8,294,8,33,15,29,8,48,46,20,0,42,51,101,208,609,0,0,0,0,0,0,0,0,0,0,0,0,0,0,8.337755,3.596281,2.363636,1.246221,2.914435,2.580714,2.428178,2.120967,6.432176,3.295191,2.427039,2.185209,2.507663,2.763787,1.136967,1.541692,0.408641,0.083573,1.320214,0.708188,0.743802,0.119155,0.231744,0.494709,0.203751,0.601871,1.01111,0.640835,1.963162,0.116977,0.081008,0.580095,0.0,0.433077,0.21645,0.204947,0.169945,0.770025,0.389525,0.29444,0.62969,0.414975,2.849996,1.658668,0.381638,0.172062,0.298916,1.031221,0.979929,0.319337,1.431661,1.454014,0.410499,0.796721,1.172,0.90923,1.190025,0.113977,0.041404,0.02458,0.572923,0.102945,0.055096,0.014299,0.072098,1.058247,0.017978,0.163097,0.029127,0.159041,5.79853,1.223755,1.368137,1.339626,3.138622,2.3695,3.372688,1.005672,3.398908,3.630732,1.650986,2.610992,2.309325,2.263944,1.159706,0.416917,0.459046,0.309712,0.510649,0.262686,0.566706,0.090558,3.182614,0.52052,0.152814,1.538595,1.027754,0.769087,0.250133,0.008998,0.016202,0.0,0,0.019524,0.019677,0.014299,0.00515,0.012905,0.002996,0.037527,0.02774,0.027236,3.72925,2.993401,1.722772,0.749699,2.179599,2.326902,1.955923,1.31071,1.879699,2.989762,1.384311,2.237169,1.552033,1.953719,6.329114,2.75045,1.69757,0.66121,3.537178,2.468895,0.609996,1.377437,3.290761,3.936161,0.578294,3.361526,3.414749,2.467576,0.01516,0.0,0.111611,0.0,0,0.0,0.0,0,0,0,0.005993,0.15588,0.137311,0.112115,0.742818,0,0.0,0.019664,0,0.001775,0.015742,0.0,0.844577,0.017207,0.0,0.010103,0.011096,0.091969,0.060638,0.09898,0.027003,0.071283,0.099639,0.085196,0.181031,0.095324,0,0.180676,0.152814,0.145777,0.288492,0.134875,0,0,0,0,0,0,0,0,0,0,0,0,0,0
165,1097,1171,1281,476,243,1472,610,417,1245,752,828,1471,1772,12835,151,528,227,26,111,386,191,34,47,120,78,399,691,2989,263,44,45,244,0,222,53,39,32,180,120,200,474,1916,377,563,218,63,24,571,238,59,279,334,140,550,800,4216,150,38,25,11,46,57,13,1,14,240,11,111,16,733,756,409,808,603,250,1330,856,209,666,833,583,1768,1634,10705,157,129,274,105,43,137,140,23,613,114,52,1035,739,3561,25,3,9,0,0,12,5,3,1,3,0,24,17,102,501,987,936,293,164,1320,482,252,374,673,491,1565,1127,9165,825,897,973,295,283,1388,142,291,633,922,206,2303,2444,11602,2,0,60,0,0,0,0,0,0,0,2,103,97,264,95,0,0,11,0,2,5,0,162,4,1,7,9,296,10,36,17,37,10,64,41,8,0,39,45,96,202,605,0,0,0,0,0,0,0,0,0,0,0,0,0,0,8.315016,3.512298,2.306031,1.170022,3.026529,2.612662,2.40063,1.987513,6.411577,3.234965,2.480973,2.123145,2.457732,2.725354,1.144546,1.583683,0.408641,0.063909,1.382488,0.685114,0.751673,0.162051,0.242043,0.516218,0.233715,0.575891,0.958404,0.634677,1.993481,0.131974,0.081008,0.599759,0.0,0.394029,0.208579,0.185882,0.164796,0.774327,0.359561,0.288667,0.657429,0.413895,2.857576,1.688662,0.392439,0.154856,0.298916,1.013472,0.936639,0.281207,1.436811,1.436806,0.419488,0.793834,1.109585,0.895216,1.136967,0.113977,0.045005,0.027038,0.572923,0.10117,0.051161,0.004766,0.072098,1.032436,0.03296,0.16021,0.022192,0.155644,5.730312,1.226755,1.454545,1.482192,3.113713,2.360625,3.368752,0.996139,3.429807,3.583412,1.746869,2.551816,2.266328,2.273075,1.190025,0.386923,0.493249,0.258093,0.535559,0.243162,0.550964,0.109623,3.156865,0.490407,0.15581,1.493851,1.02498,0.756134,0.189494,0.008998,0.016202,0.0,0,0.021299,0.019677,0.014299,0.00515,0.012905,0.0,0.03464,0.023579,0.02623,3.797468,2.960408,1.684968,0.720203,2.042596,2.342876,1.896891,1.201087,1.926048,2.895122,1.471205,2.258819,1.563128,1.946075,6.253316,2.690462,1.751575,0.725119,3.524723,2.46357,0.558835,1.386969,3.259862,3.966274,0.617247,3.324,3.389783,2.463542,0.01516,0.0,0.108011,0.0,0,0.0,0.0,0,0,0,0.005993,0.148663,0.134537,0.108419,0.720079,0,0.0,0.027038,0,0.00355,0.019677,0.0,0.834277,0.017207,0.002996,0.010103,0.012483,0.083841,0.075798,0.107978,0.030603,0.090947,0.124549,0.113594,0.161354,0.03813,0,0.167771,0.134836,0.13856,0.28017,0.133989,0,0,0,0,0,0,0,0,0,0,0,0,0,0
166,1086,1125,1330,462,238,1411,618,434,1238,766,819,1475,1790,12792,156,534,222,26,105,388,199,34,51,116,80,397,688,2996,260,39,54,234,0,230,50,30,29,170,128,212,473,1909,376,558,222,59,23,590,249,69,282,337,127,559,837,4288,154,29,29,12,43,56,15,3,14,229,7,113,18,722,738,405,744,574,247,1311,838,198,657,815,572,1811,1606,10516,155,126,256,99,35,139,141,30,612,108,57,1070,709,3537,33,4,8,0,0,14,6,6,1,3,0,29,20,124,497,990,989,292,172,1321,481,259,363,675,459,1542,1115,9155,824,873,944,242,290,1390,148,278,633,914,202,2327,2374,11439,2,1,65,0,0,2,0,0,0,0,0,104,101,275,100,0,0,11,0,1,5,0,164,3,0,6,7,297,10,33,25,31,6,50,43,10,0,41,55,104,197,605,0,0,0,0,0,0,0,0,0,0,0,0,0,0,8.231638,3.374325,2.394239,1.135609,2.964255,2.504393,2.432113,2.068538,6.375528,3.295191,2.454006,2.128919,2.482697,2.716223,1.182445,1.60168,0.39964,0.063909,1.307759,0.688664,0.783156,0.162051,0.262643,0.499011,0.239708,0.573004,0.954243,0.636164,1.970742,0.116977,0.09721,0.575179,0.0,0.408228,0.196773,0.142987,0.149346,0.731309,0.383532,0.305987,0.656042,0.412383,2.849996,1.673665,0.39964,0.145024,0.286462,1.047195,0.979929,0.328869,1.452261,1.449712,0.380536,0.806824,1.160904,0.910504,1.167286,0.086983,0.052205,0.029496,0.535559,0.099395,0.059032,0.014299,0.072098,0.985116,0.020974,0.163097,0.024966,0.153308,5.593876,1.214757,1.339334,1.410909,3.076348,2.326902,3.297914,0.943711,3.383459,3.50598,1.713909,2.613879,2.227493,2.232943,1.174865,0.377924,0.460846,0.243345,0.43592,0.246712,0.5549,0.142987,3.151715,0.464596,0.170792,1.544368,0.98337,0.751038,0.250133,0.011998,0.014401,0.0,0,0.024849,0.023613,0.028597,0.00515,0.012905,0.0,0.041857,0.02774,0.031888,3.767149,2.969406,1.780378,0.717745,2.142234,2.344651,1.892956,1.23445,1.8694,2.903725,1.375322,2.225622,1.546485,1.943951,6.245736,2.618476,1.69937,0.594843,3.611907,2.46712,0.582448,1.325008,3.259862,3.931859,0.605262,3.35864,3.292695,2.428931,0.01516,0.002999,0.117012,0.0,0,0.00355,0.0,0,0,0,0.0,0.150107,0.140085,0.091726,0.757978,0,0.0,0.027038,0,0.001775,0.019677,0.0,0.844577,0.012905,0.0,0.00866,0.009709,0.092907,0.075798,0.09898,0.045005,0.076199,0.074729,0.088745,0.169225,0.047662,0,0.176374,0.164799,0.150107,0.273235,0.133989,0,0,0,0,0,0,0,0,0,0,0,0,0,0
167,1072,1160,1323,500,240,1434,588,418,1239,761,825,1461,1795,12816,153,522,235,28,105,390,184,33,55,117,82,400,703,3007,259,40,43,259,0,233,45,36,28,178,118,185,475,1899,373,555,208,68,22,564,245,61,279,351,121,555,831,4233,151,35,33,13,41,57,13,1,16,230,16,106,20,732,739,403,746,540,236,1344,837,220,656,805,587,1760,1599,10472,162,117,279,99,37,131,141,32,606,113,52,1030,718,3517,37,5,11,0,0,9,5,2,1,4,0,29,18,121,504,961,987,306,176,1317,486,262,373,670,437,1515,1111,9105,822,852,983,293,279,1395,142,275,632,902,202,2293,2417,11487,2,1,56,0,0,0,1,0,0,0,2,100,93,255,93,0,0,7,0,1,6,0,164,4,0,6,8,289,11,33,17,37,7,50,40,10,0,41,48,96,192,582,0,0,0,0,0,0,0,0,0,0,0,0,0,0,8.125521,3.479304,2.381638,1.229015,2.989164,2.545216,2.31405,1.992279,6.380678,3.273681,2.471984,2.108712,2.489632,2.72132,1.159706,1.565687,0.423042,0.068825,1.307759,0.692213,0.724124,0.157285,0.283242,0.503312,0.2457,0.577334,0.975048,0.638499,1.963162,0.119976,0.077408,0.63663,0.0,0.413553,0.177096,0.171584,0.144196,0.765723,0.353569,0.267017,0.658816,0.410223,2.827257,1.664667,0.374437,0.167146,0.274007,1.001047,0.964187,0.290739,1.436811,1.509937,0.362558,0.801051,1.152582,0.898825,1.144546,0.104979,0.059406,0.031954,0.510649,0.10117,0.051161,0.004766,0.082398,0.989418,0.047942,0.152993,0.02774,0.155431,5.601455,1.208758,1.342934,1.327336,2.939345,2.385474,3.293979,1.048568,3.378309,3.462961,1.758854,2.540269,2.217784,2.2236,1.227924,0.35093,0.50225,0.243345,0.460829,0.232513,0.5549,0.152519,3.120816,0.486105,0.15581,1.486635,0.995853,0.746792,0.280452,0.014997,0.019802,0.0,0,0.015974,0.019677,0.009532,0.00515,0.017207,0.0,0.041857,0.024966,0.031116,3.820208,2.882424,1.776778,0.752157,2.192054,2.337552,1.912633,1.248749,1.920898,2.882216,1.309403,2.186652,1.540937,1.933334,6.230577,2.555489,1.769577,0.720203,3.474903,2.475994,0.558835,1.31071,3.254712,3.880237,0.605262,3.309566,3.352335,2.439123,0.01516,0.002999,0.10081,0.0,0,0.0,0.003935,0,0,0,0.005993,0.144333,0.128989,0.084367,0.704919,0,0.0,0.017206,0,0.001775,0.023613,0.0,0.844577,0.017207,0.0,0.00866,0.011096,0.090405,0.083378,0.09898,0.030603,0.090947,0.087184,0.088745,0.157418,0.047662,0,0.176374,0.143825,0.13856,0.266301,0.128895,0,0,0,0,0,0,0,0,0,0,0,0,0,0
