Variable,Overall__Emory,Overall__JHU,Overall__MIMIC,Overall__Michigan,Overall__NU,Overall__OHSU,Overall__RUSH,Overall__Sunnybrook,Overall__UCMC,Overall__UCSF,Overall__UMN,Overall__UPenn,Overall__ALL,2011__Emory,2011__JHU,2011__MIMIC,2011__Michigan,2011__NU,2011__OHSU,2011__RUSH,2011__Sunnybrook,2011__UCMC,2011__UCSF,2011__UMN,2011__UPenn,2011__ALL,2012__Emory,2012__JHU,2012__MIMIC,2012__Michigan,2012__NU,2012__OHSU,2012__RUSH,2012__Sunnybrook,2012__UCMC,2012__UCSF,2012__UMN,2012__UPenn,2012__ALL,2013__Emory,2013__JHU,2013__MIMIC,2013__Michigan,2013__NU,2013__OHSU,2013__RUSH,2013__Sunnybrook,2013__UCMC,2013__UCSF,2013__UMN,2013__UPenn,2013__ALL,2014__Emory,2014__JHU,2014__MIMIC,2014__Michigan,2014__NU,2014__OHSU,2014__RUSH,2014__Sunnybrook,2014__UCMC,2014__UCSF,2014__UMN,2014__UPenn,2014__ALL,2015__Emory,2015__JHU,2015__MIMIC,2015__Michigan,2015__NU,2015__OHSU,2015__RUSH,2015__Sunnybrook,2015__UCMC,2015__UCSF,2015__UMN,2015__UPenn,2015__ALL,2016__Emory,2016__JHU,2016__MIMIC,2016__Michigan,2016__NU,2016__OHSU,2016__RUSH,2016__Sunnybrook,2016__UCMC,2016__UCSF,2016__UMN,2016__UPenn,2016__ALL,2017__Emory,2017__JHU,2017__MIMIC,2017__Michigan,2017__NU,2017__OHSU,2017__RUSH,2017__Sunnybrook,2017__UCMC,2017__UCSF,2017__UMN,2017__UPenn,2017__ALL,2018__Emory,2018__JHU,2018__MIMIC,2018__Michigan,2018__NU,2018__OHSU,2018__RUSH,2018__Sunnybrook,2018__UCMC,2018__UCSF,2018__UMN,2018__UPenn,2018__ALL,2019__Emory,2019__JHU,2019__MIMIC,2019__Michigan,2019__NU,2019__OHSU,2019__RUSH,2019__Sunnybrook,2019__UCMC,2019__UCSF,2019__UMN,2019__UPenn,2019__ALL,2020__Emory,2020__JHU,2020__MIMIC,2020__Michigan,2020__NU,2020__OHSU,2020__RUSH,2020__Sunnybrook,2020__UCMC,2020__UCSF,2020__UMN,2020__UPenn,2020__ALL,2021__Emory,2021__JHU,2021__MIMIC,2021__Michigan,2021__NU,2021__OHSU,2021__RUSH,2021__Sunnybrook,2021__UCMC,2021__UCSF,2021__UMN,2021__UPenn,2021__ALL,2022__Emory,2022__JHU,2022__MIMIC,2022__Michigan,2022__NU,2022__OHSU,2022__RUSH,2022__Sunnybrook,2022__UCMC,2022__UCSF,2022__UMN,2022__UPenn,2022__ALL,2023__Emory,2023__JHU,2023__MIMIC,2023__Michigan,2023__NU,2023__OHSU,2023__RUSH,2023__Sunnybrook,2023__UCMC,2023__UCSF,2023__UMN,2023__UPenn,2023__ALL,2024__Emory,2024__JHU,2024__MIMIC,2024__Michigan,2024__NU,2024__OHSU,2024__RUSH,2024__Sunnybrook,2024__UCMC,2024__UCSF,2024__UMN,2024__UPenn,2024__ALL,2025__Emory,2025__JHU,2025__MIMIC,2025__Michigan,2025__NU,2025__OHSU,2025__RUSH,2025__Sunnybrook,2025__UCMC,2025__UCSF,2025__UMN,2025__UPenn,2025__ALL,2026__Emory,2026__JHU,2026__MIMIC,2026__Michigan,2026__NU,2026__OHSU,2026__RUSH,2026__Sunnybrook,2026__UCMC,2026__UCSF,2026__UMN,2026__UPenn,2026__ALL
N: Encounter blocks,"45,578","80,386","40,750","10,677","57,303","30,837","25,242","19,475","29,011","33,378","111,744","91,180","575,561",,,,,,,,,,,"2,467",,"2,467",,,,,,,,,,"1,245","4,440",,"5,685",,,,,,,,,,"2,069","4,980",,"7,049",,,,,,,,,,"2,071","6,403",,"8,474",,,,,,,,4,,"2,211","7,338",,"9,553",,,,,,"3,453",,127,,"2,225","7,959",,"13,764",,"4,279",,,,"3,288",,"2,149",,"2,242","8,308","4,646","24,912",,"8,838",,,"5,051","3,545","3,118","2,062","3,580","2,414","8,576","9,999","47,183",,"9,106",,,"5,849","3,847","3,224","2,083","3,948","2,438","8,797","10,865","50,157",,"8,690",,,"6,749","3,413","3,143","1,870","4,039","2,434","7,771","9,596","47,705",,"9,136",,,"6,933","3,339","2,902","2,136","4,443","2,662","8,311","10,628","50,490","2,732","8,667",,,"7,015","3,247","2,788","2,226","4,332","2,628","8,082","11,206","52,923","11,619","9,128",,"5,320","8,295","3,256","2,821","2,340","4,250","2,781","8,544","11,493","69,847","13,169","9,116",,"5,357","8,605","3,193","3,167","2,548","4,419","2,738","9,004","11,567","72,883","14,682","9,241",,,"8,806",256,"3,170","1,930",,"2,868","9,400","11,180","61,533","3,376","4,185",,,,,909,,,352,"1,364",,"10,186"
N: Unique patients,"35,670","61,323","35,324","8,995","48,910","26,709","18,890","18,574","22,494","28,856","75,095","68,015","448,855",,,,,,,,,,,"2,150",,"2,150",,,,,,,,,,"1,199","3,724",,"4,923",,,,,,,,,,"1,936","4,164",,"6,100",,,,,,,,,,"1,953","5,379",,"7,332",,,,,,,,4,,"2,079","6,134",,"8,217",,,,,,"3,187",,127,,"2,076","6,626",,"12,016",,"3,879",,,,"3,038",,"2,100",,"2,101","6,921","4,211","22,250",,"7,655",,,"4,690","3,278","2,614","2,018","3,080","2,265","7,137","8,699","41,436",,"7,870",,,"5,331","3,546","2,733","2,037","3,378","2,259","7,278","9,283","43,715",,"7,771",,,"6,274","3,157","2,751","1,846","3,537","2,286","6,740","8,431","42,793",,"8,117",,,"6,488","3,160","2,508","2,093","3,889","2,514","7,358","9,297","45,424","2,567","7,651",,,"6,508","3,058","2,431","2,182","3,799","2,475","6,868","9,630","47,169","10,108","8,099",,"4,703","7,681","3,038","2,434","2,292","3,774","2,628","7,175","9,822","61,754","11,196","8,062",,"4,679","7,912","2,991","2,720","2,490","3,852","2,562","7,631","9,960","64,055","12,477","8,066",,,"8,122",256,"2,718","1,886",,"2,721","7,913","9,498","53,657","3,123","3,679",,,,,846,,,347,"1,307",,"9,302"
N: Hospitals,10,6,1,1,10,2,1,1,1,7,12,8,60,,,,,,,,,,,6,,6,,,,,,,,,,2,6,,8,,,,,,,,,,2,7,,9,,,,,,,,,,3,10,,13,,,,,,,,1,,2,10,,13,,,,,,1,,1,,2,10,,14,,5,,,,1,,1,,3,10,5,25,,5,,,6,2,1,1,1,2,12,7,37,,5,,,6,2,1,1,1,2,11,7,36,,6,,,9,2,1,1,1,5,12,7,44,,5,,,9,2,1,1,1,4,11,8,42,9,5,,,9,2,1,1,1,4,10,8,50,9,6,,1,10,2,1,1,1,4,10,8,53,10,6,,1,10,2,1,1,1,4,10,8,54,9,5,,,10,2,1,1,,6,10,8,52,9,5,,,,,1,,,6,10,,31
"Age at admission, median [Q1, Q3]","65 [54, 74]","66 [54, 76]","66 [55, 76]","65 [54, 73]","66 [56, 75]","62 [49, 72]","63 [52, 72]","66 [54, 76]","62 [49, 71]","62 [50, 72]","66 [55, 76]","66 [55, 75]","65.1 [49, 76]",,,,,,,,,,,"62 [52, 73]",,"62 [52, 73]",,,,,,,,,,"60 [50, 70]","63 [53, 75]",,"62.3 [50, 75]",,,,,,,,,,"61 [50, 71]","63 [53, 75]",,"62.4 [50, 75]",,,,,,,,,,"61 [50, 70]","64 [54, 75]",,"63.3 [50, 75]",,,,,,,,"72 [62, 82]",,"61 [50, 71]","66 [55, 76]",,"64.8 [50, 82]",,,,,,"62 [49, 70]",,"64 [53, 80]",,"61 [49, 70]","65 [55, 75]",,"63.6 [49, 80]",,"64 [53, 74]",,,,"62 [49, 70]",,"66 [54, 76]",,"62 [51, 71]","66 [56, 76]","65 [54, 73]","64.6 [49, 76]",,"65 [54, 75]",,,"65 [55, 75]","61 [48, 70]","63 [52, 72]","67 [54, 76]","62 [51, 70]","62 [51, 71]","66 [55, 76]","65 [55, 74]","64.5 [48, 76]",,"65 [54, 75]",,,"66 [55, 74]","63 [51, 72]","62 [51, 72]","66 [53, 75]","61 [50, 70]","61 [49, 71]","66 [55, 76]","65 [55, 74]","64.5 [49, 76]",,"65 [53, 75]",,,"66 [55, 75]","62 [49, 71]","62 [51, 71]","64 [52, 75]","61 [48, 70]","62 [49, 72]","65 [54, 75]","65 [54, 74]","64.2 [48, 75]",,"65 [53, 75]",,,"65 [54, 75]","61 [48, 71]","62 [50, 71]","65 [53, 75]","61 [48, 71]","62 [51, 72]","64 [53, 74]","65 [54, 74]","63.9 [48, 75]","64 [53, 74]","66 [54, 76]",,,"67 [56, 75]","62 [47, 71]","63 [51, 72]","66 [54, 76]","62 [50, 71]","63 [50, 72]","66 [55, 75]","65 [55, 74]","64.9 [47, 76]","65 [53, 74]","66 [54, 76]",,"64 [53, 73]","67 [56, 76]","63 [50, 72]","63 [51, 72]","67 [55, 76]","62 [49, 71]","63 [49, 72]","66 [55, 75]","66 [55, 75]","65.2 [49, 76]","65 [53, 74]","66 [54, 76]",,"65 [54, 73]","67 [56, 76]","63 [50, 73]","64 [52, 73]","67 [55, 76]","63 [48, 71]","63 [50, 72]","66 [55, 75]","66 [55, 75]","65.4 [48, 76]","65 [54, 74]","66 [54, 76]",,,"67 [56, 76]","59 [43, 73]","64 [52, 73]","67 [56, 77]",,"62 [49, 72]","66 [55, 76]","66 [55, 75]","65.6 [43, 77]","65 [54, 74]","66 [54, 76]",,,,,"64 [51, 72]",,,"63 [50, 73]","67 [56, 77]",,"65.5 [50, 77]"
  Race: Black or African American,"17,305 (48.5%)","18,827 (30.7%)","3,011 (8.5%)",963 (10.7%),"6,602 (13.5%)",632 (2.4%),"7,059 (37.4%)",,"13,324 (59.2%)","2,555 (8.9%)","4,744 (6.3%)","19,896 (29.3%)","94,918 (22.1%)",,,,,,,,,,,113 (5.3%),,113 (5.3%),,,,,,,,,,130 (10.8%),199 (5.3%),,329 (6.7%),,,,,,,,,,184 (9.5%),200 (4.8%),,384 (6.3%),,,,,,,,,,182 (9.3%),303 (5.6%),,485 (6.6%),,,,,,,,,,222 (10.7%),341 (5.6%),,563 (6.9%),,,,,,89 (2.8%),,,,218 (10.5%),370 (5.6%),,677 (5.7%),,"1,223 (31.5%)",,,,80 (2.6%),,,,197 (9.4%),415 (6.0%),"1,293 (30.7%)","3,208 (15.9%)",,"2,430 (31.7%)",,,696 (14.8%),86 (2.6%),"1,041 (39.8%)",,"1,844 (59.9%)",205 (9.1%),478 (6.7%),"2,626 (30.2%)","9,406 (23.9%)",,"2,517 (32.0%)",,,814 (15.3%),79 (2.2%),"1,112 (40.7%)",,"2,121 (62.8%)",202 (8.9%),502 (6.9%),"2,796 (30.1%)","10,143 (24.3%)",,"2,541 (32.7%)",,,905 (14.4%),52 (1.6%),"1,091 (39.7%)",,"2,307 (65.2%)",211 (9.2%),485 (7.2%),"2,814 (33.4%)","10,406 (25.4%)",,"2,667 (32.9%)",,,999 (15.4%),87 (2.8%),"1,007 (40.2%)",,"2,547 (65.5%)",219 (8.7%),537 (7.3%),"3,248 (34.9%)","11,311 (26.1%)","1,292 (50.3%)","2,463 (32.2%)",,,883 (13.6%),70 (2.3%),952 (39.2%),,"2,346 (61.8%)",213 (8.6%),485 (7.1%),"3,209 (33.3%)","11,913 (26.5%)","5,018 (49.6%)","2,552 (31.5%)",,509 (10.8%),"1,023 (13.3%)",81 (2.7%),940 (38.6%),,"2,182 (57.8%)",259 (9.9%),539 (7.5%),"3,072 (31.3%)","16,175 (27.2%)","5,645 (50.4%)","2,527 (31.3%)",,512 (10.9%),"1,031 (13.0%)",85 (2.8%),"1,024 (37.6%)",,"2,245 (58.3%)",206 (8.0%),598 (7.8%),"3,169 (31.8%)","17,042 (27.7%)","6,230 (49.9%)","2,575 (31.9%)",,,"1,075 (13.2%)",<10,"1,060 (39.0%)",,,252 (9.3%),625 (7.9%),"3,058 (32.2%)","14,875 (28.9%)","1,605 (51.4%)","1,204 (32.7%)",,,,,353 (41.7%),,,35 (10.1%),101 (7.7%),,"3,298 (35.5%)"
  Race: White,"14,256 (40.0%)","35,172 (57.4%)","22,988 (65.1%)","7,355 (81.8%)","34,946 (71.4%)","22,573 (84.5%)","7,527 (39.8%)",,"6,236 (27.7%)","14,515 (50.3%)","63,626 (84.7%)","39,482 (58.0%)","268,676 (62.4%)",,,,,,,,,,,"1,857 (86.4%)",,"1,857 (86.4%)",,,,,,,,,,655 (54.6%),"3,286 (88.2%)",,"3,941 (80.1%)",,,,,,,,,,"1,040 (53.7%)","3,653 (87.7%)",,"4,693 (76.9%)",,,,,,,,,,"1,012 (51.8%)","4,705 (87.5%)",,"5,717 (78.0%)",,,,,,,,,,"1,076 (51.8%)","5,348 (87.2%)",,"6,424 (78.2%)",,,,,,"2,775 (87.1%)",,,,"1,053 (50.7%)","5,750 (86.8%)",,"9,578 (80.6%)",,"2,275 (58.6%)",,,,"2,699 (88.8%)",,,,"1,098 (52.3%)","5,933 (85.7%)","2,510 (59.6%)","14,515 (72.0%)",,"4,421 (57.8%)",,,"3,450 (73.6%)","2,840 (86.6%)","1,078 (41.2%)",,955 (31.0%),"1,157 (51.1%)","6,101 (85.5%)","5,185 (59.6%)","25,187 (63.9%)",,"4,543 (57.7%)",,,"3,873 (72.7%)","3,080 (86.9%)","1,104 (40.4%)",,942 (27.9%),"1,159 (51.3%)","6,162 (84.7%)","5,530 (59.6%)","26,393 (63.3%)",,"4,186 (53.9%)",,,"4,444 (70.8%)","2,709 (85.8%)",957 (34.8%),,883 (25.0%),"1,128 (49.3%)","5,557 (82.4%)","4,690 (55.6%)","24,554 (60.0%)",,"4,548 (56.0%)",,,"4,535 (69.9%)","2,394 (75.8%)",972 (38.8%),,955 (24.6%),"1,258 (50.0%)","6,106 (83.0%)","4,974 (53.5%)","25,742 (59.4%)",985 (38.4%),"4,350 (56.9%)",,,"4,649 (71.4%)","2,420 (79.1%)",954 (39.2%),,969 (25.5%),"1,185 (47.9%)","5,779 (84.1%)","5,229 (54.3%)","26,520 (59.0%)","3,926 (38.8%)","4,617 (57.0%)",,"3,854 (81.9%)","5,532 (72.0%)","2,572 (84.7%)",937 (38.5%),,977 (25.9%),"1,283 (48.8%)","5,960 (83.1%)","5,521 (56.2%)","35,179 (59.2%)","4,286 (38.3%)","4,628 (57.4%)",,"3,801 (81.2%)","5,623 (71.1%)","2,566 (85.8%)","1,058 (38.9%)",,963 (25.0%),"1,263 (49.3%)","6,314 (82.7%)","5,449 (54.7%)","35,951 (58.4%)","4,993 (40.0%)","4,524 (56.1%)",,,"5,650 (69.6%)",222 (86.7%),"1,015 (37.3%)",,,"1,212 (44.5%)","6,566 (83.0%)","5,151 (54.2%)","29,333 (56.7%)","1,199 (38.4%)","2,045 (55.6%)",,,,,290 (34.3%),,,145 (41.8%),"1,092 (83.6%)",,"4,771 (51.3%)"
  Race: Asian,"1,252 (3.5%)","2,822 (4.6%)",973 (2.8%),182 (2.0%),"1,872 (3.8%)",649 (2.4%),651 (3.4%),,422 (1.9%),"5,103 (17.7%)","3,316 (4.4%)","2,185 (3.2%)","19,427 (4.5%)",,,,,,,,,,,52 (2.4%),,52 (2.4%),,,,,,,,,,182 (15.2%),87 (2.3%),,269 (5.5%),,,,,,,,,,318 (16.4%),87 (2.1%),,405 (6.6%),,,,,,,,,,306 (15.7%),146 (2.7%),,452 (6.2%),,,,,,,,,,328 (15.8%),213 (3.5%),,541 (6.6%),,,,,,69 (2.2%),,,,358 (17.2%),244 (3.7%),,671 (5.6%),,153 (3.9%),,,,60 (2.0%),,,,330 (15.7%),291 (4.2%),92 (2.2%),926 (4.6%),,294 (3.8%),,,175 (3.7%),65 (2.0%),51 (2.0%),,61 (2.0%),411 (18.1%),297 (4.2%),207 (2.4%),"1,561 (4.0%)",,295 (3.7%),,,194 (3.6%),77 (2.2%),64 (2.3%),,60 (1.8%),391 (17.3%),336 (4.6%),264 (2.8%),"1,681 (4.0%)",,324 (4.2%),,,232 (3.7%),82 (2.6%),85 (3.1%),,58 (1.6%),426 (18.6%),392 (5.8%),271 (3.2%),"1,870 (4.6%)",,318 (3.9%),,,217 (3.3%),78 (2.5%),92 (3.7%),,73 (1.9%),432 (17.2%),390 (5.3%),292 (3.1%),"1,892 (4.4%)",72 (2.8%),325 (4.2%),,,288 (4.4%),72 (2.4%),80 (3.3%),,62 (1.6%),456 (18.4%),325 (4.7%),315 (3.3%),"1,995 (4.4%)",351 (3.5%),365 (4.5%),,80 (1.7%),290 (3.8%),85 (2.8%),96 (3.9%),,61 (1.6%),511 (19.4%),363 (5.1%),310 (3.2%),"2,512 (4.2%)",372 (3.3%),392 (4.9%),,110 (2.4%),290 (3.7%),89 (3.0%),102 (3.8%),,66 (1.7%),498 (19.4%),392 (5.1%),362 (3.6%),"2,673 (4.3%)",424 (3.4%),422 (5.2%),,,330 (4.1%),<10,97 (3.6%),,,542 (19.9%),374 (4.7%),307 (3.2%),"2,496 (4.8%)",107 (3.4%),195 (5.3%),,,,,38 (4.5%),,,76 (21.9%),66 (5.0%),,482 (5.2%)
  Race: Other,"2,857 (8.0%)","4,502 (7.3%)","8,352 (23.7%)",495 (5.5%),"5,490 (11.2%)","2,855 (10.7%)","3,653 (19.3%)","18,574 (100.0%)","2,512 (11.2%)","6,683 (23.2%)","3,409 (4.5%)","6,452 (9.5%)","65,834 (15.3%)",,,,,,,,,,,128 (6.0%),,128 (6.0%),,,,,,,,,,232 (19.3%),152 (4.1%),,384 (7.8%),,,,,,,,,,394 (20.3%),224 (5.4%),,618 (10.1%),,,,,,,,,,453 (23.2%),225 (4.2%),,678 (9.3%),,,,,,,,0,,453 (21.8%),232 (3.8%),,685 (8.3%),,,,,,254 (8.0%),,127 (100.0%),,447 (21.5%),262 (4.0%),,"1,090 (9.2%)",,228 (5.9%),,,,199 (6.5%),,"2,100 (100.0%)",,476 (22.7%),282 (4.1%),302 (7.2%),"3,587 (17.8%)",,510 (6.7%),,,369 (7.9%),287 (8.8%),444 (17.0%),"2,018 (100.0%)",220 (7.1%),492 (21.7%),261 (3.7%),664 (7.6%),"5,265 (13.4%)",,515 (6.5%),,,450 (8.4%),310 (8.7%),453 (16.6%),"2,037 (100.0%)",255 (7.6%),507 (22.4%),278 (3.8%),693 (7.5%),"5,498 (13.2%)",,720 (9.3%),,,693 (11.0%),314 (9.9%),618 (22.5%),"1,846 (100.0%)",289 (8.2%),521 (22.8%),306 (4.5%),652 (7.7%),"5,959 (14.6%)",,584 (7.2%),,,737 (11.4%),601 (19.0%),437 (17.4%),"2,093 (100.0%)",314 (8.1%),605 (24.0%),325 (4.4%),783 (8.4%),"6,479 (15.0%)",218 (8.5%),513 (6.7%),,,688 (10.6%),496 (16.2%),445 (18.3%),"2,182 (100.0%)",422 (11.1%),621 (25.1%),279 (4.1%),877 (9.1%),"6,741 (15.0%)",813 (8.0%),565 (7.0%),,260 (5.5%),836 (10.9%),300 (9.9%),461 (18.9%),"2,292 (100.0%)",554 (14.7%),575 (21.9%),313 (4.4%),919 (9.4%),"7,888 (13.3%)",893 (8.0%),515 (6.4%),,256 (5.5%),968 (12.2%),251 (8.4%),536 (19.7%),"2,490 (100.0%)",578 (15.0%),595 (23.2%),327 (4.3%),980 (9.8%),"8,389 (13.6%)",830 (6.6%),545 (6.8%),,,"1,067 (13.1%)",19 (7.4%),546 (20.1%),"1,886 (100.0%)",,715 (26.3%),348 (4.4%),982 (10.3%),"6,938 (13.4%)",212 (6.8%),235 (6.4%),,,,,165 (19.5%),,,91 (26.2%),48 (3.7%),,751 (8.1%)
  Ethnicity: Non-Hispanic,"31,843 (89.3%)","51,543 (84.1%)","27,104 (76.7%)","8,434 (93.8%)","42,544 (87.0%)","22,852 (85.6%)","15,077 (79.8%)",,"19,841 (88.2%)","22,990 (79.7%)","73,955 (98.5%)","63,913 (94.0%)","380,096 (88.3%)",,,,,,,,,,,"2,143 (99.7%)",,"2,143 (99.7%)",,,,,,,,,,994 (82.9%),"3,703 (99.4%)",,"4,697 (95.4%)",,,,,,,,,,"1,617 (83.5%)","4,143 (99.5%)",,"5,760 (94.4%)",,,,,,,,,,"1,560 (79.9%)","5,325 (99.0%)",,"6,885 (93.9%)",,,,,,,,,,"1,693 (81.4%)","6,071 (99.0%)",,"7,764 (94.5%)",,,,,,"2,882 (90.4%)",,,,"1,682 (81.0%)","6,562 (99.0%)",,"11,126 (93.6%)",,"3,672 (94.7%)",,,,"2,736 (90.1%)",,,,"1,713 (81.5%)","6,838 (98.8%)","4,001 (95.0%)","18,960 (94.1%)",,"7,251 (94.7%)",,,"4,223 (90.0%)","2,914 (88.9%)","2,160 (82.6%)",,"2,820 (91.6%)","1,841 (81.3%)","7,047 (98.7%)","8,268 (95.0%)","36,524 (92.7%)",,"7,499 (95.3%)",,,"4,727 (88.7%)","3,129 (88.2%)","2,265 (82.9%)",,"3,111 (92.1%)","1,835 (81.2%)","7,192 (98.8%)","8,772 (94.5%)","38,530 (92.4%)",,"7,200 (92.7%)",,,"5,265 (83.9%)","2,721 (86.2%)","2,067 (75.1%)",,"3,225 (91.2%)","1,817 (79.5%)","6,605 (98.0%)","7,891 (93.6%)","36,791 (89.9%)",,"7,678 (94.6%)",,,"5,618 (86.6%)","2,338 (74.0%)","2,013 (80.3%)",,"3,580 (92.1%)","1,964 (78.1%)","7,241 (98.4%)","8,723 (93.8%)","39,155 (90.4%)","2,261 (88.1%)","7,257 (94.9%)",,,"5,735 (88.1%)","2,471 (80.8%)","1,946 (80.0%)",,"3,389 (89.2%)","1,914 (77.3%)","6,746 (98.2%)","9,114 (94.6%)","40,833 (90.8%)","8,960 (88.6%)","6,311 (77.9%)",,"4,401 (93.6%)","6,756 (88.0%)","2,618 (86.2%)","1,940 (79.7%)",,"3,181 (84.3%)","2,048 (77.9%)","7,048 (98.2%)","9,314 (94.8%)","52,577 (88.4%)","10,020 (89.5%)","5,632 (69.9%)",,"4,395 (93.9%)","6,852 (86.6%)","2,592 (86.7%)","2,147 (78.9%)",,"3,226 (83.7%)","2,016 (78.7%)","7,467 (97.9%)","9,363 (94.0%)","53,710 (87.2%)","11,382 (91.2%)","5,484 (68.0%)",,,"7,015 (86.4%)",215 (84.0%),"2,146 (79.0%)",,,"2,115 (77.7%)","7,721 (97.6%)","8,906 (93.8%)","44,984 (86.9%)","2,846 (91.1%)","2,492 (67.7%)",,,,,687 (81.2%),,,266 (76.7%),"1,288 (98.5%)",,"7,579 (81.5%)"
  Ethnicity: Hispanic,"1,359 (3.8%)","2,434 (4.0%)","1,241 (3.5%)",218 (2.4%),"4,517 (9.2%)","1,800 (6.7%)","3,497 (18.5%)",,"1,306 (5.8%)","4,674 (16.2%)","1,112 (1.5%)","2,307 (3.4%)","24,465 (5.7%)",,,,,,,,,,,<10,,,,,,,,,,,,158 (13.2%),21 (0.6%),,179 (3.8%),,,,,,,,,,262 (13.5%),21 (0.5%),,283 (4.6%),,,,,,,,,,289 (14.8%),44 (0.8%),,333 (4.5%),,,,,,,,,,277 (13.3%),52 (0.8%),,329 (3.8%),,,,,,132 (4.1%),,,,303 (14.6%),56 (0.8%),,491 (4.0%),,137 (3.5%),,,,159 (5.2%),,,,317 (15.1%),82 (1.2%),136 (3.2%),831 (4.1%),,246 (3.2%),,,368 (7.8%),179 (5.5%),399 (15.3%),,144 (4.7%),359 (15.8%),89 (1.2%),210 (2.4%),"1,994 (5.1%)",,279 (3.5%),,,463 (8.7%),218 (6.1%),432 (15.8%),,165 (4.9%),339 (15.0%),86 (1.2%),264 (2.8%),"2,246 (5.4%)",,510 (6.6%),,,809 (12.9%),224 (7.1%),657 (23.9%),,222 (6.3%),408 (17.8%),135 (2.0%),332 (3.9%),"3,297 (8.1%)",,377 (4.6%),,,686 (10.6%),237 (7.5%),474 (18.9%),,219 (5.6%),459 (18.3%),117 (1.6%),338 (3.6%),"2,907 (6.7%)",84 (3.3%),344 (4.5%),,,560 (8.6%),239 (7.8%),454 (18.7%),,201 (5.3%),448 (18.1%),122 (1.8%),300 (3.1%),"2,752 (6.1%)",335 (3.3%),278 (3.4%),,115 (2.4%),638 (8.3%),246 (8.1%),443 (18.2%),,230 (6.1%),457 (17.4%),127 (1.8%),336 (3.4%),"3,205 (5.4%)",432 (3.9%),241 (3.0%),,116 (2.5%),687 (8.7%),275 (9.2%),518 (19.0%),,232 (6.0%),468 (18.3%),164 (2.1%),376 (3.8%),"3,509 (5.7%)",486 (3.9%),240 (3.0%),,,692 (8.5%),29 (11.3%),536 (19.7%),,,491 (18.0%),192 (2.4%),328 (3.5%),"2,994 (5.8%)",129 (4.1%),86 (2.3%),,,,,152 (18.0%),,,67 (19.3%),19 (1.5%),,453 (4.9%)
  Sex: Male,"19,974 (56.0%)","34,961 (57.0%)","21,522 (60.9%)","5,434 (60.4%)","29,060 (59.4%)","15,804 (59.2%)","10,430 (55.2%)","12,604 (67.9%)","12,921 (57.4%)","16,527 (57.3%)","42,741 (56.9%)","39,862 (58.6%)","261,840 (58.3%)",,,,,,,,,,,"1,196 (55.6%)",,"1,196 (55.6%)",,,,,,,,,,676 (56.4%),"2,021 (54.3%)",,"2,697 (54.8%)",,,,,,,,,,"1,064 (55.0%)","2,306 (55.4%)",,"3,370 (55.2%)",,,,,,,,,,"1,121 (57.4%)","2,959 (55.0%)",,"4,080 (55.6%)",,,,,,,,<10,,"1,158 (55.7%)","3,324 (54.2%)",,"4,482 (54.6%)",,,,,,"1,937 (60.8%)",,80 (63.0%),,"1,190 (57.3%)","3,728 (56.3%)",,"6,935 (57.7%)",,"2,189 (56.4%)",,,,"1,836 (60.4%)",,"1,419 (67.6%)",,"1,239 (59.0%)","3,900 (56.4%)","2,479 (58.9%)","13,062 (58.7%)",,"4,272 (55.8%)",,,"2,742 (58.5%)","1,931 (58.9%)","1,402 (53.6%)","1,381 (68.4%)","1,712 (55.6%)","1,309 (57.8%)","4,073 (57.1%)","5,000 (57.5%)","23,822 (57.5%)",,"4,424 (56.2%)",,,"3,049 (57.2%)","2,050 (57.8%)","1,439 (52.7%)","1,367 (67.1%)","1,837 (54.4%)","1,222 (54.1%)","4,068 (55.9%)","5,271 (56.8%)","24,727 (56.6%)",,"4,464 (57.4%)",,,"3,772 (60.1%)","1,843 (58.4%)","1,572 (57.1%)","1,250 (67.7%)","2,052 (58.0%)","1,301 (56.9%)","3,851 (57.1%)","4,769 (56.6%)","24,874 (58.1%)",,"4,555 (56.1%)",,,"3,871 (59.7%)","1,886 (59.7%)","1,370 (54.6%)","1,432 (68.4%)","2,202 (56.6%)","1,479 (58.8%)","4,328 (58.8%)","5,401 (58.1%)","26,524 (58.4%)","1,402 (54.6%)","4,278 (55.9%)",,,"3,836 (58.9%)","1,808 (59.1%)","1,349 (55.5%)","1,498 (68.7%)","2,137 (56.3%)","1,438 (58.1%)","3,963 (57.7%)","5,615 (58.3%)","27,324 (57.9%)","5,634 (55.7%)","4,629 (57.2%)",,"2,819 (59.9%)","4,593 (59.8%)","1,772 (58.3%)","1,293 (53.1%)","1,549 (67.6%)","2,123 (56.3%)","1,536 (58.4%)","4,096 (57.1%)","5,731 (58.3%)","35,775 (57.9%)","6,175 (55.2%)","4,593 (57.0%)",,"2,819 (60.2%)","4,682 (59.2%)","1,740 (58.2%)","1,486 (54.6%)","1,707 (68.6%)","2,242 (58.2%)","1,484 (57.9%)","4,375 (57.3%)","5,811 (58.3%)","37,114 (57.9%)","6,963 (55.8%)","4,556 (56.5%)",,,"4,844 (59.6%)",139 (54.3%),"1,493 (54.9%)","1,248 (66.2%)",,"1,597 (58.7%)","4,568 (57.7%)","5,483 (57.7%)","30,891 (57.6%)","1,742 (55.8%)","2,015 (54.8%)",,,,,465 (55.0%),,,202 (58.2%),705 (53.9%),,"5,129 (55.1%)"
  Sex: Female,"15,635 (43.8%)","26,347 (43.0%)","13,802 (39.1%)","3,561 (39.6%)","19,845 (40.6%)","10,905 (40.8%)","8,460 (44.8%)","5,970 (32.1%)","9,573 (42.6%)","12,311 (42.7%)","32,339 (43.1%)","28,151 (41.4%)","186,899 (41.6%)",,,,,,,,,,,954 (44.4%),,954 (44.4%),,,,,,,,,,523 (43.6%),"1,701 (45.7%)",,"2,224 (45.2%)",,,,,,,,,,872 (45.0%),"1,858 (44.6%)",,"2,730 (44.8%)",,,,,,,,,,831 (42.5%),"2,420 (45.0%)",,"3,251 (44.3%)",,,,,,,,<10,,921 (44.3%),"2,809 (45.8%)",,"3,730 (45.4%)",,,,,,"1,250 (39.2%)",,47 (37.0%),,885 (42.6%),"2,898 (43.7%)",,"5,080 (42.3%)",,"1,689 (43.5%)",,,,"1,202 (39.6%)",,681 (32.4%),,860 (40.9%),"3,021 (43.6%)","1,732 (41.1%)","9,185 (41.3%)",,"3,383 (44.2%)",,,"1,948 (41.5%)","1,347 (41.1%)","1,212 (46.4%)",637 (31.6%),"1,368 (44.4%)",956 (42.2%),"3,064 (42.9%)","3,699 (42.5%)","17,614 (42.5%)",,"3,444 (43.8%)",,,"2,282 (42.8%)","1,496 (42.2%)","1,294 (47.3%)",670 (32.9%),"1,541 (45.6%)","1,034 (45.8%)","3,210 (44.1%)","4,012 (43.2%)","18,983 (43.4%)",,"3,306 (42.5%)",,,"2,500 (39.8%)","1,314 (41.6%)","1,179 (42.9%)",596 (32.3%),"1,485 (42.0%)",984 (43.0%),"2,887 (42.8%)","3,662 (43.4%)","17,913 (41.9%)",,"3,559 (43.8%)",,,"2,617 (40.3%)","1,274 (40.3%)","1,138 (45.4%)",661 (31.6%),"1,687 (43.4%)","1,035 (41.2%)","3,029 (41.2%)","3,896 (41.9%)","18,896 (41.6%)","1,164 (45.3%)","3,372 (44.1%)",,,"2,671 (41.0%)","1,250 (40.9%)","1,082 (44.5%)",684 (31.3%),"1,662 (43.7%)","1,036 (41.9%)","2,904 (42.3%)","4,015 (41.7%)","19,840 (42.1%)","4,464 (44.2%)","3,467 (42.8%)",,"1,884 (40.1%)","3,087 (40.2%)","1,266 (41.7%)","1,141 (46.9%)",743 (32.4%),"1,651 (43.7%)","1,088 (41.4%)","3,078 (42.9%)","4,091 (41.7%)","25,960 (42.0%)","4,989 (44.6%)","3,469 (43.0%)",,"1,860 (39.8%)","3,230 (40.8%)","1,251 (41.8%)","1,234 (45.4%)",783 (31.4%),"1,610 (41.8%)","1,076 (42.0%)","3,251 (42.6%)","4,148 (41.6%)","26,901 (42.0%)","5,497 (44.1%)","3,505 (43.5%)",,,"3,277 (40.3%)",117 (45.7%),"1,225 (45.1%)",638 (33.8%),,"1,120 (41.2%)","3,342 (42.2%)","4,014 (42.3%)","22,735 (42.4%)","1,379 (44.2%)","1,663 (45.2%)",,,,,381 (45.0%),,,144 (41.5%),599 (45.8%),,"4,166 (44.8%)"
Encounter Types,,,,,,,,,,,,,,,,,,,,,,,,,,,,,,,,,,,,,,,,,,,,,,,,,,,,,,,,,,,,,,,,,,,,,,,,,,,,,,,,,,,,,,,,,,,,,,,,,,,,,,,,,,,,,,,,,,,,,,,,,,,,,,,,,,,,,,,,,,,,,,,,,,,,,,,,,,,,,,,,,,,,,,,,,,,,,,,,,,,,,,,,,,,,,,,,,,,,,,,,,,,,,,,,,,,,,,,,,,,,,
"  ICU encounters, n (%)","33,340 (73.1%)","55,550 (69.1%)","40,683 (99.8%)","8,029 (75.2%)","56,341 (98.3%)","25,410 (82.4%)","20,981 (83.1%)","19,418 (99.7%)","23,246 (80.1%)","33,374 (100.0%)","69,284 (62.0%)","72,099 (79.1%)","457,755 (79.5%)",,,,,,,,,,,"1,868 (75.7%)",,"1,868 (75.7%)",,,,,,,,,,"1,245 (100.0%)","3,239 (73.0%)",,"4,484 (78.9%)",,,,,,,,,,"2,069 (100.0%)","3,538 (71.0%)",,"5,607 (79.5%)",,,,,,,,,,"2,071 (100.0%)","4,134 (64.6%)",,"6,205 (73.2%)",,,,,,,,<10,,"2,211 (100.0%)","4,743 (64.6%)",,"6,954 (72.8%)",,,,,,"2,887 (83.6%)",,127 (100.0%),,"2,225 (100.0%)","5,130 (64.5%)",,"10,369 (75.3%)",,"3,085 (72.1%)",,,,"2,764 (84.1%)",,"2,146 (99.9%)",,"2,242 (100.0%)","5,328 (64.1%)","3,897 (83.9%)","19,462 (78.1%)",,"6,247 (70.7%)",,,"5,049 (100.0%)","2,905 (81.9%)","2,605 (83.5%)","2,036 (98.7%)","2,919 (81.5%)","2,414 (100.0%)","5,508 (64.2%)","8,307 (83.1%)","37,990 (80.5%)",,"6,214 (68.2%)",,,"5,848 (100.0%)","3,168 (82.3%)","2,679 (83.1%)","2,074 (99.6%)","3,054 (77.4%)","2,438 (100.0%)","5,568 (63.3%)","8,781 (80.8%)","39,824 (79.4%)",,"6,246 (71.9%)",,,"6,567 (97.3%)","2,869 (84.1%)","2,635 (83.8%)","1,865 (99.7%)","3,311 (82.0%)","2,434 (100.0%)","5,054 (65.0%)","7,986 (83.2%)","38,967 (81.7%)",,"6,257 (68.5%)",,,"6,861 (99.0%)","2,752 (82.4%)","2,400 (82.7%)","2,134 (99.9%)","3,533 (79.5%)","2,662 (100.0%)","4,901 (59.0%)","8,580 (80.7%)","40,080 (79.4%)","2,159 (79.0%)","5,964 (68.8%)",,,"6,875 (98.0%)","2,638 (81.2%)","2,292 (82.2%)","2,225 (100.0%)","3,442 (79.5%)","2,628 (100.0%)","4,598 (56.9%)","8,640 (77.1%)","41,461 (78.3%)","8,756 (75.4%)","6,275 (68.7%)",,"4,052 (76.2%)","8,090 (97.5%)","2,615 (80.3%)","2,320 (82.2%)","2,334 (99.7%)","3,444 (81.0%)","2,781 (100.0%)","4,815 (56.4%)","8,706 (75.8%)","54,188 (77.6%)","9,546 (72.5%)","6,185 (67.8%)",,"3,977 (74.2%)","8,435 (98.0%)","2,617 (82.0%)","2,628 (83.0%)","2,545 (99.9%)","3,543 (80.2%)","2,738 (100.0%)","5,085 (56.5%)","8,907 (77.0%)","56,206 (77.1%)","10,558 (71.9%)","6,273 (67.9%)",,,"8,616 (97.8%)",195 (76.2%),"2,669 (84.2%)","1,928 (99.9%)",,"2,866 (99.9%)","5,063 (53.9%)","8,295 (74.2%)","46,463 (75.5%)","2,321 (68.8%)","2,804 (67.0%)",,,,,753 (82.8%),,,350 (99.4%),712 (52.2%),,"6,940 (68.1%)"
"  Advanced respiratory support, n (%)","45,578 (100.0%)","80,386 (100.0%)","40,750 (100.0%)","10,677 (100.0%)","57,303 (100.0%)","30,837 (100.0%)","25,242 (100.0%)","19,475 (100.0%)","29,011 (100.0%)","33,378 (100.0%)","111,744 (100.0%)","91,180 (100.0%)","575,561 (100.0%)",,,,,,,,,,,"2,467 (100.0%)",,"2,467 (100.0%)",,,,,,,,,,"1,245 (100.0%)","4,440 (100.0%)",,"5,685 (100.0%)",,,,,,,,,,"2,069 (100.0%)","4,980 (100.0%)",,"7,049 (100.0%)",,,,,,,,,,"2,071 (100.0%)","6,403 (100.0%)",,"8,474 (100.0%)",,,,,,,,<10,,"2,211 (100.0%)","7,338 (100.0%)",,"9,549 (100.0%)",,,,,,"3,453 (100.0%)",,127 (100.0%),,"2,225 (100.0%)","7,959 (100.0%)",,"13,764 (100.0%)",,"4,279 (100.0%)",,,,"3,288 (100.0%)",,"2,149 (100.0%)",,"2,242 (100.0%)","8,308 (100.0%)","4,646 (100.0%)","24,912 (100.0%)",,"8,838 (100.0%)",,,"5,051 (100.0%)","3,545 (100.0%)","3,118 (100.0%)","2,062 (100.0%)","3,580 (100.0%)","2,414 (100.0%)","8,576 (100.0%)","9,999 (100.0%)","47,183 (100.0%)",,"9,106 (100.0%)",,,"5,849 (100.0%)","3,847 (100.0%)","3,224 (100.0%)","2,083 (100.0%)","3,948 (100.0%)","2,438 (100.0%)","8,797 (100.0%)","10,865 (100.0%)","50,157 (100.0%)",,"8,690 (100.0%)",,,"6,749 (100.0%)","3,413 (100.0%)","3,143 (100.0%)","1,870 (100.0%)","4,039 (100.0%)","2,434 (100.0%)","7,771 (100.0%)","9,596 (100.0%)","47,705 (100.0%)",,"9,136 (100.0%)",,,"6,933 (100.0%)","3,339 (100.0%)","2,902 (100.0%)","2,136 (100.0%)","4,443 (100.0%)","2,662 (100.0%)","8,311 (100.0%)","10,628 (100.0%)","50,490 (100.0%)","2,732 (100.0%)","8,667 (100.0%)",,,"7,015 (100.0%)","3,247 (100.0%)","2,788 (100.0%)","2,226 (100.0%)","4,332 (100.0%)","2,628 (100.0%)","8,082 (100.0%)","11,206 (100.0%)","52,923 (100.0%)","11,619 (100.0%)","9,128 (100.0%)",,"5,320 (100.0%)","8,295 (100.0%)","3,256 (100.0%)","2,821 (100.0%)","2,340 (100.0%)","4,250 (100.0%)","2,781 (100.0%)","8,544 (100.0%)","11,493 (100.0%)","69,847 (100.0%)","13,169 (100.0%)","9,116 (100.0%)",,"5,357 (100.0%)","8,605 (100.0%)","3,193 (100.0%)","3,167 (100.0%)","2,548 (100.0%)","4,419 (100.0%)","2,738 (100.0%)","9,004 (100.0%)","11,567 (100.0%)","72,883 (100.0%)","14,682 (100.0%)","9,241 (100.0%)",,,"8,806 (100.0%)",256 (100.0%),"3,170 (100.0%)","1,930 (100.0%)",,"2,868 (100.0%)","9,400 (100.0%)","11,180 (100.0%)","61,533 (100.0%)","3,376 (100.0%)","4,185 (100.0%)",,,,,909 (100.0%),,,352 (100.0%),"1,364 (100.0%)",,"10,186 (100.0%)"
"  Vasoactive support, n (%)","20,422 (44.8%)","32,341 (40.2%)","21,921 (53.8%)","5,173 (48.4%)","36,651 (64.0%)","18,178 (58.9%)","10,346 (41.0%)","12,613 (64.8%)","13,531 (46.6%)","19,476 (58.3%)","38,359 (34.3%)","42,875 (47.0%)","271,886 (47.2%)",,,,,,,,,,,700 (28.4%),,700 (28.4%),,,,,,,,,,589 (47.3%),"1,315 (29.6%)",,"1,904 (33.5%)",,,,,,,,,,"1,037 (50.1%)","1,553 (31.2%)",,"2,590 (36.7%)",,,,,,,,,,"1,092 (52.7%)","1,878 (29.3%)",,"2,970 (35.0%)",,,,,,,,<10,,"1,127 (51.0%)","2,201 (30.0%)",,"3,328 (34.9%)",,,,,,"1,777 (51.5%)",,82 (64.6%),,"1,186 (53.3%)","2,489 (31.3%)",,"5,534 (40.2%)",,"1,423 (33.3%)",,,,"1,708 (51.9%)",,"1,101 (51.2%)",,"1,246 (55.6%)","2,720 (32.7%)","2,240 (48.2%)","10,438 (41.9%)",,"3,052 (34.5%)",,,"2,765 (54.7%)","1,924 (54.3%)","1,036 (33.2%)","1,188 (57.6%)","1,239 (34.6%)","1,321 (54.7%)","2,790 (32.5%)","4,743 (47.4%)","20,058 (42.5%)",,"3,131 (34.4%)",,,"3,308 (56.6%)","2,091 (54.4%)","1,166 (36.2%)","1,215 (58.3%)","1,463 (37.1%)","1,403 (57.5%)","2,809 (31.9%)","4,763 (43.8%)","21,349 (42.6%)",,"3,632 (41.8%)",,,"3,972 (58.9%)","2,078 (60.9%)","1,363 (43.4%)","1,234 (66.0%)","1,723 (42.7%)","1,436 (59.0%)","2,954 (38.0%)","4,680 (48.8%)","23,072 (48.4%)",,"3,778 (41.4%)",,,"4,349 (62.7%)","2,129 (63.8%)","1,149 (39.6%)","1,420 (66.5%)","2,117 (47.6%)","1,708 (64.2%)","3,117 (37.5%)","4,918 (46.3%)","24,685 (48.9%)","1,271 (46.5%)","3,647 (42.1%)",,,"4,622 (65.9%)","2,089 (64.3%)","1,228 (44.0%)","1,544 (69.4%)","2,226 (51.4%)","1,675 (63.7%)","3,132 (38.8%)","5,159 (46.0%)","26,593 (50.2%)","5,158 (44.4%)","3,889 (42.6%)",,"2,619 (49.2%)","5,491 (66.2%)","2,077 (63.8%)","1,175 (41.7%)","1,639 (70.0%)","2,292 (53.9%)","1,785 (64.2%)","3,300 (38.6%)","5,421 (47.2%)","34,846 (49.9%)","5,583 (42.4%)","3,999 (43.9%)",,"2,554 (47.7%)","5,958 (69.2%)","2,135 (66.9%)","1,356 (42.8%)","1,854 (72.8%)","2,471 (55.9%)","1,778 (64.9%)","3,405 (37.8%)","5,679 (49.1%)","36,772 (50.5%)","6,886 (46.9%)","3,992 (43.2%)",,,"6,186 (70.2%)",170 (66.4%),"1,568 (49.5%)","1,332 (69.0%)",,"1,879 (65.5%)","3,513 (37.4%)","5,272 (47.2%)","30,798 (50.1%)","1,524 (45.1%)","1,798 (43.0%)",,,,,305 (33.6%),,,214 (60.8%),483 (35.4%),,"4,324 (42.5%)"
"  Other critically ill, n (%)",0 (0.0%),0 (0.0%),0 (0.0%),0 (0.0%),0 (0.0%),0 (0.0%),0 (0.0%),0 (0.0%),0 (0.0%),0 (0.0%),0 (0.0%),0 (0.0%),0 (0.0%),,,,,,,,,,,0 (0.0%),,0 (0.0%),,,,,,,,,,0 (0.0%),0 (0.0%),,0 (0.0%),,,,,,,,,,0 (0.0%),0 (0.0%),,0 (0.0%),,,,,,,,,,0 (0.0%),0 (0.0%),,0 (0.0%),,,,,,,,0 (0.0%),,0 (0.0%),0 (0.0%),,0 (0.0%),,,,,,0 (0.0%),,0 (0.0%),,0 (0.0%),0 (0.0%),,0 (0.0%),,0 (0.0%),,,,0 (0.0%),,0 (0.0%),,0 (0.0%),0 (0.0%),0 (0.0%),0 (0.0%),,0 (0.0%),,,0 (0.0%),0 (0.0%),0 (0.0%),0 (0.0%),0 (0.0%),0 (0.0%),0 (0.0%),0 (0.0%),0 (0.0%),,0 (0.0%),,,0 (0.0%),0 (0.0%),0 (0.0%),0 (0.0%),0 (0.0%),0 (0.0%),0 (0.0%),0 (0.0%),0 (0.0%),,0 (0.0%),,,0 (0.0%),0 (0.0%),0 (0.0%),0 (0.0%),0 (0.0%),0 (0.0%),0 (0.0%),0 (0.0%),0 (0.0%),,0 (0.0%),,,0 (0.0%),0 (0.0%),0 (0.0%),0 (0.0%),0 (0.0%),0 (0.0%),0 (0.0%),0 (0.0%),0 (0.0%),0 (0.0%),0 (0.0%),,,0 (0.0%),0 (0.0%),0 (0.0%),0 (0.0%),0 (0.0%),0 (0.0%),0 (0.0%),0 (0.0%),0 (0.0%),0 (0.0%),0 (0.0%),,0 (0.0%),0 (0.0%),0 (0.0%),0 (0.0%),0 (0.0%),0 (0.0%),0 (0.0%),0 (0.0%),0 (0.0%),0 (0.0%),0 (0.0%),0 (0.0%),,0 (0.0%),0 (0.0%),0 (0.0%),0 (0.0%),0 (0.0%),0 (0.0%),0 (0.0%),0 (0.0%),0 (0.0%),0 (0.0%),0 (0.0%),0 (0.0%),,,0 (0.0%),0 (0.0%),0 (0.0%),0 (0.0%),,0 (0.0%),0 (0.0%),0 (0.0%),0 (0.0%),0 (0.0%),0 (0.0%),,,,,0 (0.0%),,,0 (0.0%),0 (0.0%),,0 (0.0%)
"ICU episodes, total n","41,383","63,408","47,994","8,871","64,384","28,905","24,232","21,932","26,899","66,127","76,505","81,688","552,328",,,,,,,,,,,"2,148",,"2,148",,,,,,,,,,"1,735","3,646",,"5,381",,,,,,,,,,"2,811","4,004",,"6,815",,,,,,,,,,"3,972","4,603",,"8,575",,,,,,,,19,,"2,874","5,288",,"8,181",,,,,,"3,306",,185,,"4,901","5,656",,"14,048",,"3,516",,,,"3,158",,"2,422",,"5,101","5,895","4,457","24,549",,"7,179",,,"5,795","3,270","2,980","2,268","3,415","5,402","6,050","9,427","45,786",,"7,096",,,"6,733","3,595","3,048","2,292","3,567","5,726","6,120","9,942","48,119",,"7,196",,,"7,472","3,296","3,074","2,121","3,856","5,026","5,581","9,092","46,714",,"7,128",,,"7,794","3,135","2,782","2,466","4,025","5,301","5,426","9,675","47,732","2,612","6,810",,,"7,828","3,009","2,716","2,531","4,001","5,039","5,037","9,790","49,373","10,744","7,120",,"4,507","9,254","2,965","2,670","2,626","3,943","5,615","5,252","9,876","64,572","11,925","7,070",,"4,364","9,708","2,955","3,046","2,850","4,092","5,849","5,513","10,088","67,460","13,265","7,162",,,"9,800",216,"3,050","2,152",,"6,155","5,532","9,341","56,673","2,837","3,131",,,,,866,,,620,754,,"8,208"
"Encounters with >=1 ICU episode, n (%)","33,340 (73.1%)","55,550 (69.1%)","40,683 (99.8%)","8,029 (75.2%)","56,341 (98.3%)","25,410 (82.4%)","20,981 (83.1%)","19,418 (99.7%)","23,246 (80.1%)","33,374 (100.0%)","69,284 (62.0%)","72,099 (79.1%)","457,755 (79.5%)",,,,,,,,,,,"1,868 (75.7%)",,"1,868 (75.7%)",,,,,,,,,,"1,245 (100.0%)","3,239 (73.0%)",,"4,484 (78.9%)",,,,,,,,,,"2,069 (100.0%)","3,538 (71.0%)",,"5,607 (79.5%)",,,,,,,,,,"2,071 (100.0%)","4,134 (64.6%)",,"6,205 (73.2%)",,,,,,,,<10,,"2,211 (100.0%)","4,743 (64.6%)",,"6,954 (72.8%)",,,,,,"2,887 (83.6%)",,127 (100.0%),,"2,225 (100.0%)","5,130 (64.5%)",,"10,369 (75.3%)",,"3,085 (72.1%)",,,,"2,764 (84.1%)",,"2,146 (99.9%)",,"2,242 (100.0%)","5,328 (64.1%)","3,897 (83.9%)","19,462 (78.1%)",,"6,247 (70.7%)",,,"5,049 (100.0%)","2,905 (81.9%)","2,605 (83.5%)","2,036 (98.7%)","2,919 (81.5%)","2,414 (100.0%)","5,508 (64.2%)","8,307 (83.1%)","37,990 (80.5%)",,"6,214 (68.2%)",,,"5,848 (100.0%)","3,168 (82.3%)","2,679 (83.1%)","2,074 (99.6%)","3,054 (77.4%)","2,438 (100.0%)","5,568 (63.3%)","8,781 (80.8%)","39,824 (79.4%)",,"6,246 (71.9%)",,,"6,567 (97.3%)","2,869 (84.1%)","2,635 (83.8%)","1,865 (99.7%)","3,311 (82.0%)","2,434 (100.0%)","5,054 (65.0%)","7,986 (83.2%)","38,967 (81.7%)",,"6,257 (68.5%)",,,"6,861 (99.0%)","2,752 (82.4%)","2,400 (82.7%)","2,134 (99.9%)","3,533 (79.5%)","2,662 (100.0%)","4,901 (59.0%)","8,580 (80.7%)","40,080 (79.4%)","2,159 (79.0%)","5,964 (68.8%)",,,"6,875 (98.0%)","2,638 (81.2%)","2,292 (82.2%)","2,225 (100.0%)","3,442 (79.5%)","2,628 (100.0%)","4,598 (56.9%)","8,640 (77.1%)","41,461 (78.3%)","8,756 (75.4%)","6,275 (68.7%)",,"4,052 (76.2%)","8,090 (97.5%)","2,615 (80.3%)","2,320 (82.2%)","2,334 (99.7%)","3,444 (81.0%)","2,781 (100.0%)","4,815 (56.4%)","8,706 (75.8%)","54,188 (77.6%)","9,546 (72.5%)","6,185 (67.8%)",,"3,977 (74.2%)","8,435 (98.0%)","2,617 (82.0%)","2,628 (83.0%)","2,545 (99.9%)","3,543 (80.2%)","2,738 (100.0%)","5,085 (56.5%)","8,907 (77.0%)","56,206 (77.1%)","10,558 (71.9%)","6,273 (67.9%)",,,"8,616 (97.8%)",195 (76.2%),"2,669 (84.2%)","1,928 (99.9%)",,"2,866 (99.9%)","5,063 (53.9%)","8,295 (74.2%)","46,463 (75.5%)","2,321 (68.8%)","2,804 (67.0%)",,,,,753 (82.8%),,,350 (99.4%),712 (52.2%),,"6,940 (68.1%)"
"Hospital mortality, n (%)","8,723 (19.1%)","16,947 (21.1%)","8,282 (20.3%)","1,443 (13.5%)","13,373 (23.3%)","4,689 (15.2%)","4,855 (19.2%)","4,288 (22.0%)","5,877 (20.3%)","6,336 (19.0%)","18,344 (16.4%)","17,068 (18.7%)","110,225 (19.2%)",,,,,,,,,,,395 (16.0%),,395 (16.0%),,,,,,,,,,230 (18.5%),646 (14.5%),,876 (15.4%),,,,,,,,,,402 (19.4%),824 (16.5%),,"1,226 (17.4%)",,,,,,,,,,366 (17.7%),"1,041 (16.3%)",,"1,407 (16.6%)",,,,,,,,<10,,398 (18.0%),"1,175 (16.0%)",,"1,573 (16.5%)",,,,,,384 (11.1%),,25 (19.7%),,375 (16.9%),"1,212 (15.2%)",,"1,996 (14.5%)",,811 (19.0%),,,,449 (13.7%),,402 (18.7%),,395 (17.6%),"1,314 (15.8%)",808 (17.4%),"4,179 (16.8%)",,"1,793 (20.3%)",,,"1,030 (20.4%)",456 (12.9%),595 (19.1%),424 (20.6%),675 (18.9%),439 (18.2%),"1,294 (15.1%)","1,788 (17.9%)","8,494 (18.0%)",,"1,784 (19.6%)",,,"1,219 (20.8%)",570 (14.8%),582 (18.1%),470 (22.6%),758 (19.2%),433 (17.8%),"1,265 (14.4%)","1,900 (17.5%)","8,981 (17.9%)",,"2,052 (23.6%)",,,"1,670 (24.7%)",576 (16.9%),705 (22.4%),428 (22.9%),872 (21.6%),477 (19.6%),"1,543 (19.9%)","2,047 (21.3%)","10,370 (21.7%)",,"2,006 (22.0%)",,,"1,721 (24.8%)",594 (17.8%),543 (18.7%),477 (22.3%),930 (20.9%),551 (20.7%),"1,605 (19.3%)","2,153 (20.3%)","10,580 (21.0%)",653 (23.9%),"1,883 (21.7%)",,,"1,785 (25.4%)",584 (18.0%),606 (21.7%),512 (23.0%),907 (20.9%),531 (20.2%),"1,448 (17.9%)","2,169 (19.4%)","11,078 (20.9%)","2,306 (19.8%)","1,935 (21.2%)",,765 (14.4%),"1,982 (23.9%)",549 (16.9%),534 (18.9%),553 (23.6%),855 (20.1%),517 (18.6%),"1,426 (16.7%)","2,052 (17.9%)","13,474 (19.3%)","2,460 (18.7%)","1,943 (21.3%)",,678 (12.7%),"1,970 (22.9%)",498 (15.6%),589 (18.6%),561 (22.0%),880 (19.9%),549 (20.1%),"1,462 (16.2%)","2,165 (18.7%)","13,755 (18.9%)","2,686 (18.3%)","1,951 (21.1%)",,,"1,996 (22.7%)",29 (11.3%),551 (17.4%),434 (22.5%),,591 (20.6%),"1,458 (15.5%)","1,986 (17.8%)","11,682 (19.0%)",618 (18.3%),789 (18.9%),,,,,150 (16.5%),,,82 (23.3%),236 (17.3%),,"1,875 (18.4%)"
"  Discharged to hospice, n (%)","1,801 (4.0%)","3,801 (4.7%)",918 (2.3%),225 (2.1%),"2,664 (4.6%)",991 (3.2%),"1,329 (5.3%)",355 (1.8%),746 (2.6%),701 (2.1%),"3,180 (2.8%)","3,947 (4.3%)","20,658 (3.6%)",,,,,,,,,,,46 (1.9%),,46 (1.9%),,,,,,,,,,<10,94 (2.1%),,94 (2.1%),,,,,,,,,,19 (0.9%),134 (2.7%),,153 (2.2%),,,,,,,,,,23 (1.1%),193 (3.0%),,216 (2.5%),,,,,,,,0 (0.0%),,26 (1.2%),246 (3.4%),,272 (2.8%),,,,,,67 (1.9%),,<10,,29 (1.3%),238 (3.0%),,334 (2.4%),,167 (3.9%),,,,83 (2.5%),,<10,,31 (1.4%),254 (3.1%),226 (4.9%),761 (3.3%),,309 (3.5%),,,229 (4.5%),94 (2.7%),195 (6.3%),<10,119 (3.3%),29 (1.2%),238 (2.8%),427 (4.3%),"1,640 (3.6%)",,356 (3.9%),,,266 (4.5%),133 (3.5%),211 (6.5%),15 (0.7%),140 (3.5%),22 (0.9%),244 (2.8%),528 (4.9%),"1,915 (3.8%)",,386 (4.4%),,,347 (5.1%),162 (4.7%),201 (6.4%),37 (2.0%),102 (2.5%),30 (1.2%),239 (3.1%),513 (5.3%),"2,017 (4.2%)",,405 (4.4%),,,305 (4.4%),149 (4.5%),154 (5.3%),51 (2.4%),110 (2.5%),76 (2.9%),200 (2.4%),446 (4.2%),"1,896 (3.8%)",62 (2.3%),390 (4.5%),,,274 (3.9%),133 (4.1%),131 (4.7%),47 (2.1%),88 (2.0%),95 (3.6%),226 (2.8%),459 (4.1%),"1,905 (3.6%)",249 (2.1%),441 (4.8%),,115 (2.2%),424 (5.1%),116 (3.6%),128 (4.5%),74 (3.2%),86 (2.0%),83 (3.0%),234 (2.7%),374 (3.3%),"2,324 (3.3%)",282 (2.1%),509 (5.6%),,110 (2.1%),413 (4.8%),50 (1.6%),144 (4.5%),57 (2.2%),101 (2.3%),107 (3.9%),265 (2.9%),441 (3.8%),"2,479 (3.4%)",842 (5.7%),587 (6.4%),,,406 (4.6%),<10,133 (4.2%),59 (3.1%),,115 (4.0%),291 (3.1%),533 (4.8%),"2,966 (4.8%)",366 (10.8%),251 (6.0%),,,,,32 (3.5%),,,<10,38 (2.8%),,687 (7.0%)
"  Expired, n (%)","7,893 (17.3%)","13,150 (16.4%)","7,504 (18.4%)","1,218 (11.4%)","10,715 (18.7%)","3,701 (12.0%)","4,325 (17.1%)","3,933 (20.2%)","5,132 (17.7%)","5,635 (16.9%)","15,169 (13.6%)","14,530 (15.9%)","92,905 (16.1%)",,,,,,,,,,,349 (14.1%),,349 (14.1%),,,,,,,,,,223 (17.9%),553 (12.5%),,776 (13.6%),,,,,,,,,,383 (18.5%),690 (13.9%),,"1,073 (15.2%)",,,,,,,,,,343 (16.6%),848 (13.2%),,"1,191 (14.1%)",,,,,,,,<10,,372 (16.8%),929 (12.7%),,"1,301 (13.6%)",,,,,,317 (9.2%),,24 (18.9%),,346 (15.6%),975 (12.3%),,"1,662 (12.1%)",,645 (15.1%),,,,366 (11.1%),,395 (18.4%),,364 (16.2%),"1,060 (12.8%)",620 (13.3%),"3,450 (13.8%)",,"1,484 (16.8%)",,,801 (15.9%),363 (10.2%),514 (16.5%),417 (20.2%),556 (15.5%),410 (17.0%),"1,057 (12.3%)","1,464 (14.6%)","7,066 (15.0%)",,"1,428 (15.7%)",,,955 (16.3%),437 (11.4%),525 (16.3%),455 (21.8%),618 (15.7%),411 (16.9%),"1,021 (11.6%)","1,510 (13.9%)","7,360 (14.7%)",,"1,666 (19.2%)",,,"1,324 (19.6%)",414 (12.1%),645 (20.5%),391 (20.9%),770 (19.1%),447 (18.4%),"1,305 (16.8%)","1,680 (17.5%)","8,642 (18.1%)",,"1,601 (17.5%)",,,"1,418 (20.5%)",445 (13.3%),479 (16.5%),426 (19.9%),821 (18.5%),475 (17.8%),"1,405 (16.9%)","1,862 (17.5%)","8,932 (17.7%)",606 (22.2%),"1,493 (17.2%)",,,"1,511 (21.5%)",452 (13.9%),552 (19.8%),465 (20.9%),819 (18.9%),436 (16.6%),"1,222 (15.1%)","1,858 (16.6%)","9,414 (17.8%)","2,114 (18.2%)","1,495 (16.4%)",,650 (12.2%),"1,558 (18.8%)",434 (13.3%),474 (16.8%),479 (20.5%),769 (18.1%),434 (15.6%),"1,192 (14.0%)","1,841 (16.0%)","11,440 (16.4%)","2,254 (17.1%)","1,434 (15.7%)",,568 (10.6%),"1,557 (18.1%)",448 (14.0%),520 (16.4%),504 (19.8%),779 (17.6%),442 (16.1%),"1,197 (13.3%)","1,926 (16.7%)","11,629 (16.0%)","2,378 (16.2%)","1,365 (14.8%)",,,"1,591 (18.1%)",25 (9.8%),486 (15.3%),375 (19.4%),,476 (16.6%),"1,168 (12.4%)","1,769 (15.8%)","9,633 (15.7%)",541 (16.0%),539 (12.9%),,,,,130 (14.3%),,,73 (20.7%),198 (14.5%),,"1,481 (14.5%)"
  First admission location: ed,"30,170 (66.2%)","27,800 (34.6%)","6,446 (15.8%)","3,222 (30.2%)","36,001 (62.8%)","10,965 (35.6%)","13,435 (53.2%)","11,324 (58.1%)","19,717 (68.0%)",173 (0.5%),"86,516 (77.4%)","17,367 (19.0%)","263,136 (45.7%)",,,,,,,,,,,"1,375 (55.7%)",,"1,375 (55.7%)",,,,,,,,,,,"2,874 (64.7%)",,"2,874 (64.7%)",,,,,,,,,,,"3,373 (67.7%)",,"3,373 (67.7%)",,,,,,,,,,<10,"4,705 (73.5%)",,"4,705 (73.5%)",,,,,,,,<10,,<10,"5,493 (74.9%)",,,,,,,,<10,,94 (74.0%),,10 (0.4%),"6,008 (75.5%)",,"6,112 (57.7%)",,"1,352 (31.6%)",,,,602 (18.3%),,"1,158 (53.9%)",,<10,"6,338 (76.3%)",662 (14.2%),"10,112 (44.6%)",,"2,887 (32.7%)",,,"2,648 (52.4%)","1,218 (34.4%)","1,419 (45.5%)","1,161 (56.3%)","2,174 (60.7%)",<10,"6,679 (77.9%)","1,554 (15.5%)","19,740 (44.1%)",,"3,075 (33.8%)",,,"3,277 (56.0%)","1,593 (41.4%)","1,491 (46.2%)","1,181 (56.7%)","2,617 (66.3%)",10 (0.4%),"6,954 (79.0%)","1,963 (18.1%)","22,161 (44.2%)",,"2,942 (33.9%)",,,"4,540 (67.3%)","1,404 (41.1%)","1,743 (55.5%)","1,073 (57.4%)","2,855 (70.7%)",16 (0.7%),"6,267 (80.6%)","1,795 (18.7%)","22,635 (47.6%)",,"3,019 (33.0%)",,,"4,558 (65.7%)","1,463 (43.8%)","1,634 (56.3%)","1,277 (59.8%)","3,241 (72.9%)",14 (0.5%),"6,790 (81.7%)","2,073 (19.5%)","24,069 (47.5%)","1,862 (68.2%)","2,968 (34.2%)",,,"4,639 (66.1%)","1,492 (46.0%)","1,553 (55.7%)","1,367 (61.4%)","3,006 (69.4%)",18 (0.7%),"6,610 (81.8%)","2,267 (20.2%)","25,782 (48.7%)","7,745 (66.7%)","3,179 (34.8%)",,"1,596 (30.0%)","5,415 (65.3%)","1,599 (49.1%)","1,573 (55.8%)","1,404 (60.0%)","2,842 (66.9%)",26 (0.9%),"6,915 (80.9%)","2,360 (20.5%)","34,654 (49.6%)","8,757 (66.5%)","3,345 (36.7%)",,"1,626 (30.4%)","5,448 (63.3%)","1,489 (46.6%)","1,733 (54.7%)","1,457 (57.2%)","2,982 (67.5%)",23 (0.8%),"7,297 (81.0%)","2,340 (20.2%)","36,497 (50.0%)","9,585 (65.3%)","3,421 (37.0%)",,,"5,476 (62.2%)",104 (40.6%),"1,782 (56.2%)","1,149 (59.5%)",,31 (1.1%),"7,703 (81.9%)","2,353 (21.0%)","31,604 (51.4%)","2,221 (65.8%)","1,612 (38.5%)",,,,,507 (55.8%),,,<10,"1,135 (83.2%)",,"5,475 (55.7%)"
  First admission location: ward,"7,432 (16.3%)","21,195 (26.4%)","12,539 (30.8%)","3,664 (34.3%)","4,391 (7.7%)","3,754 (12.2%)","2,248 (8.9%)","2,315 (11.9%)","2,824 (9.7%)","13,394 (40.1%)","7,296 (6.5%)","29,759 (32.6%)","110,811 (19.3%)",,,,,,,,,,,302 (12.2%),,302 (12.2%),,,,,,,,,,531 (42.7%),424 (9.5%),,955 (16.8%),,,,,,,,,,921 (44.5%),467 (9.4%),,"1,388 (19.7%)",,,,,,,,,,"1,025 (49.5%)",576 (9.0%),,"1,601 (18.9%)",,,,,,,,,,"1,054 (47.7%)",642 (8.7%),,"1,696 (17.8%)",,,,,,749 (21.7%),,11 (8.7%),,"1,065 (47.9%)",708 (8.9%),,"2,533 (18.4%)",,"1,200 (28.0%)",,,,607 (18.5%),,233 (10.8%),,"1,043 (46.5%)",685 (8.2%),"1,521 (32.7%)","5,289 (21.2%)",,"2,405 (27.2%)",,,459 (9.1%),502 (14.2%),259 (8.3%),180 (8.7%),422 (11.8%),"1,055 (43.7%)",642 (7.5%),"3,229 (32.3%)","9,153 (19.4%)",,"2,498 (27.4%)",,,515 (8.8%),369 (9.6%),259 (8.0%),250 (12.0%),408 (10.3%),952 (39.0%),605 (6.9%),"3,467 (31.9%)","9,323 (18.6%)",,"2,329 (26.8%)",,,494 (7.3%),367 (10.8%),235 (7.5%),269 (14.4%),332 (8.2%),933 (38.3%),500 (6.4%),"3,035 (31.6%)","8,494 (17.8%)",,"2,484 (27.2%)",,,482 (7.0%),306 (9.2%),237 (8.2%),313 (14.7%),368 (8.3%),985 (37.0%),399 (4.8%),"3,425 (32.2%)","8,999 (17.8%)",410 (15.0%),"2,267 (26.2%)",,,538 (7.7%),292 (9.0%),250 (9.0%),310 (13.9%),430 (9.9%),897 (34.1%),346 (4.3%),"3,673 (32.8%)","9,413 (17.8%)","1,895 (16.3%)","2,418 (26.5%)",,"1,809 (34.0%)",609 (7.3%),279 (8.6%),268 (9.5%),280 (12.0%),396 (9.3%),965 (34.7%),338 (4.0%),"3,826 (33.3%)","13,083 (18.7%)","2,192 (16.6%)","2,322 (25.5%)",,"1,855 (34.6%)",655 (7.6%),243 (7.6%),310 (9.8%),276 (10.8%),468 (10.6%),946 (34.6%),304 (3.4%),"3,816 (33.0%)","13,387 (18.4%)","2,420 (16.5%)","2,281 (24.7%)",,,639 (7.3%),40 (15.6%),322 (10.2%),193 (10.0%),,940 (32.8%),322 (3.4%),"3,767 (33.7%)","10,924 (17.8%)",515 (15.3%),991 (23.7%),,,,,108 (11.9%),,,82 (23.3%),36 (2.6%),,"1,732 (17.0%)"
  First admission location: icu,"4,289 (9.4%)","17,666 (22.0%)","15,493 (38.0%)","2,513 (23.5%)","5,089 (8.9%)","6,487 (21.0%)","5,840 (23.1%)","4,130 (21.2%)","2,674 (9.2%)","13,162 (39.4%)","4,143 (3.7%)","32,083 (35.2%)","113,569 (19.7%)",,,,,,,,,,,258 (10.5%),,258 (10.5%),,,,,,,,,,446 (35.8%),300 (6.8%),,746 (13.1%),,,,,,,,,,825 (39.9%),243 (4.9%),,"1,068 (15.2%)",,,,,,,,,,811 (39.2%),233 (3.6%),,"1,044 (12.3%)",,,,,,,,<10,,838 (37.9%),236 (3.2%),,"1,074 (11.2%)",,,,,,"1,296 (37.5%)",,13 (10.2%),,757 (34.0%),281 (3.5%),,"2,347 (17.1%)",,981 (22.9%),,,,913 (27.8%),,300 (14.0%),,840 (37.5%),356 (4.3%),"1,829 (39.4%)","5,219 (20.9%)",,"2,039 (23.1%)",,,717 (14.2%),671 (18.9%),956 (30.7%),280 (13.6%),489 (13.7%),875 (36.2%),265 (3.1%),"3,853 (38.5%)","10,145 (21.5%)",,"2,030 (22.3%)",,,753 (12.9%),664 (17.3%),922 (28.6%),300 (14.4%),385 (9.8%),"1,064 (43.6%)",268 (3.0%),"4,062 (37.4%)","10,448 (20.8%)",,"2,075 (23.9%)",,,573 (8.5%),617 (18.1%),805 (25.6%),479 (25.6%),364 (9.0%),968 (39.8%),320 (4.1%),"3,647 (38.0%)","9,848 (20.6%)",,"2,054 (22.5%)",,,561 (8.1%),669 (20.0%),620 (21.4%),474 (22.2%),297 (6.7%),"1,056 (39.7%)",266 (3.2%),"3,799 (35.7%)","9,796 (19.4%)",244 (8.9%),"1,866 (21.5%)",,,518 (7.4%),599 (18.4%),611 (21.9%),487 (21.9%),347 (8.0%),"1,107 (42.1%)",273 (3.4%),"3,826 (34.1%)","9,878 (18.7%)","1,055 (9.1%)","1,946 (21.3%)",,"1,291 (24.3%)",592 (7.1%),482 (14.8%),552 (19.6%),565 (24.1%),406 (9.6%),"1,143 (41.1%)",261 (3.1%),"3,730 (32.5%)","12,023 (17.2%)","1,224 (9.3%)","1,915 (21.0%)",,"1,222 (22.8%)",661 (7.7%),538 (16.8%),653 (20.6%),709 (27.8%),386 (8.7%),"1,088 (39.7%)",294 (3.3%),"3,774 (32.6%)","12,464 (17.1%)","1,426 (9.7%)","1,907 (20.6%)",,,714 (8.1%),38 (14.8%),559 (17.6%),522 (27.0%),,"1,166 (40.7%)",265 (2.8%),"3,563 (31.9%)","10,160 (16.5%)",340 (10.1%),853 (20.4%),,,,,162 (17.8%),,,178 (50.6%),24 (1.8%),,"1,557 (15.3%)"
  First admission location: procedural,"3,161 (6.9%)","8,009 (10.0%)","1,684 (4.1%)","1,074 (10.1%)","10,410 (18.2%)","8,656 (28.1%)","3,195 (12.7%)","1,617 (8.3%)","3,757 (13.0%)","3,161 (9.5%)","12,377 (11.1%)","11,402 (12.5%)","68,503 (11.9%)",,,,,,,,,,,477 (19.3%),,477 (19.3%),,,,,,,,,,184 (14.8%),775 (17.5%),,959 (16.9%),,,,,,,,,,199 (9.6%),803 (16.1%),,"1,002 (14.2%)",,,,,,,,,,104 (5.0%),801 (12.5%),,905 (10.7%),,,,,,,,,,130 (5.9%),865 (11.8%),,995 (10.4%),,,,,,"1,120 (32.4%)",,<10,,181 (8.1%),871 (10.9%),,"2,172 (15.9%)",,455 (10.6%),,,,"1,021 (31.1%)",,454 (21.1%),,90 (4.0%),838 (10.1%),568 (12.2%),"3,426 (13.8%)",,870 (9.8%),,,"1,095 (21.7%)","1,057 (29.8%)",424 (13.6%),438 (21.2%),486 (13.6%),78 (3.2%),918 (10.7%),"1,234 (12.3%)","6,600 (14.0%)",,871 (9.6%),,,"1,196 (20.4%)","1,118 (29.1%)",485 (15.0%),343 (16.5%),534 (13.5%),183 (7.5%),895 (10.2%),"1,311 (12.1%)","6,936 (13.8%)",,758 (8.7%),,,"1,000 (14.8%)",934 (27.4%),305 (9.7%),43 (2.3%),486 (12.0%),221 (9.1%),622 (8.0%),"1,070 (11.2%)","5,439 (11.4%)",,862 (9.4%),,,"1,143 (16.5%)",843 (25.2%),340 (11.7%),60 (2.8%),528 (11.9%),275 (10.3%),760 (9.1%),"1,269 (11.9%)","6,080 (12.0%)",202 (7.4%),892 (10.3%),,,"1,155 (16.5%)",817 (25.2%),307 (11.0%),51 (2.3%),545 (12.6%),295 (11.2%),787 (9.7%),"1,395 (12.4%)","6,446 (12.2%)",840 (7.2%),943 (10.3%),,530 (10.0%),"1,485 (17.9%)",835 (25.6%),367 (13.0%),74 (3.2%),599 (14.1%),358 (12.9%),923 (10.8%),"1,523 (13.3%)","8,477 (12.1%)",918 (7.0%),942 (10.3%),,544 (10.2%),"1,605 (18.7%)",843 (26.4%),406 (12.8%),89 (3.5%),579 (13.1%),392 (14.3%),942 (10.5%),"1,599 (13.8%)","8,859 (12.2%)",995 (6.8%),979 (10.6%),,,"1,731 (19.7%)",68 (26.6%),448 (14.1%),56 (2.9%),,426 (14.9%),947 (10.1%),"1,433 (12.8%)","7,083 (11.5%)",206 (6.1%),437 (10.4%),,,,,113 (12.4%),,,45 (12.8%),153 (11.2%),,954 (9.4%)
  First admission location: other,519 (1.1%),"5,716 (7.1%)","4,587 (11.3%)",196 (1.8%),"1,412 (2.5%)",970 (3.1%),524 (2.1%),89 (0.5%),37 (0.1%),"3,479 (10.4%)","1,405 (1.3%)",562 (0.6%),"19,399 (3.4%)",,,,,,,,,,,51 (2.1%),,51 (2.1%),,,,,,,,,,82 (6.6%),59 (1.3%),,141 (3.2%),,,,,,,,,,124 (6.0%),91 (1.8%),,215 (4.3%),,,,,,,,,,126 (6.1%),79 (1.2%),,205 (3.2%),,,,,,,,,,177 (8.0%),94 (1.3%),,271 (2.8%),,,,,,273 (7.9%),,,,204 (9.2%),90 (1.1%),,553 (5.2%),,285 (6.7%),,,,144 (4.4%),,0,,263 (11.7%),83 (1.0%),52 (1.1%),817 (3.6%),,631 (7.1%),,,132 (2.6%),95 (2.7%),50 (1.6%),0,0,394 (16.3%),62 (0.7%),127 (1.3%),"1,452 (3.2%)",,627 (6.9%),,,108 (1.8%),101 (2.6%),64 (2.0%),0,0,227 (9.3%),68 (0.8%),36 (0.3%),"1,205 (2.4%)",,585 (6.7%),,,142 (2.1%),88 (2.6%),50 (1.6%),0,0,295 (12.1%),59 (0.8%),45 (0.5%),"1,211 (2.5%)",,711 (7.8%),,,189 (2.7%),58 (1.7%),55 (1.9%),0,0,328 (12.3%),96 (1.2%),59 (0.6%),"1,422 (2.8%)",0,666 (7.7%),,,165 (2.4%),41 (1.3%),65 (2.3%),0,0,305 (11.6%),66 (0.8%),36 (0.3%),"1,317 (2.5%)",79 (0.7%),639 (7.0%),,71 (1.3%),194 (2.3%),55 (1.7%),59 (2.1%),13 (0.6%),0,281 (10.1%),107 (1.3%),53 (0.5%),"1,500 (2.1%)",68 (0.5%),590 (6.5%),,101 (1.9%),236 (2.7%),78 (2.4%),63 (2.0%),15 (0.6%),0,286 (10.4%),167 (1.9%),20 (0.2%),"1,506 (2.1%)",254 (1.7%),652 (7.1%),,,246 (2.8%),0,58 (1.8%),10 (0.5%),,302 (10.5%),156 (1.7%),50 (0.4%),"1,701 (2.8%)",86 (2.5%),292 (7.0%),,,,,18 (2.0%),,,23 (6.5%),13 (1.0%),,432 (4.4%)
  Admission type: ed,"36,570 (80.2%)","69,387 (86.3%)","33,734 (82.8%)","6,149 (57.6%)","41,771 (72.9%)","12,791 (41.5%)","16,516 (65.4%)","13,064 (67.1%)","21,145 (72.9%)","25,485 (76.4%)","90,560 (81.0%)","54,913 (60.2%)","422,085 (73.3%)",,,,,,,,,,,"1,864 (75.6%)",,"1,864 (75.6%)",,,,,,,,,,881 (70.8%),"3,655 (82.3%)",,"4,536 (79.8%)",,,,,,,,,,"1,541 (74.5%)","4,131 (83.0%)",,"5,672 (80.5%)",,,,,,,,,,"1,516 (73.2%)","5,165 (80.7%)",,"6,681 (78.8%)",,,,,,,,<10,,"1,610 (72.8%)","6,034 (82.2%)",,"7,644 (80.1%)",,,,,,"1,238 (35.9%)",,108 (85.0%),,"1,609 (72.3%)","6,630 (83.3%)",,"9,585 (69.6%)",,"3,787 (88.5%)",,,,"1,136 (34.5%)",,"1,366 (63.6%)",,"1,642 (73.2%)","6,638 (79.9%)","2,371 (51.0%)","16,940 (68.0%)",,"7,571 (85.7%)",,,"3,390 (67.1%)","1,226 (34.6%)","1,892 (60.7%)","1,367 (66.3%)","2,571 (71.8%)","1,875 (77.7%)","6,657 (77.6%)","5,539 (55.4%)","32,088 (68.0%)",,"7,575 (83.2%)",,,"4,140 (70.8%)","1,598 (41.5%)","1,897 (58.8%)","1,381 (66.3%)","2,925 (74.1%)","1,908 (78.3%)","6,907 (78.5%)","6,472 (59.6%)","34,803 (69.4%)",,"7,386 (85.0%)",,,"5,094 (75.5%)","1,407 (41.2%)","2,111 (67.2%)","1,276 (68.2%)","3,064 (75.9%)","1,844 (75.8%)","6,641 (85.5%)","6,219 (64.8%)","35,042 (73.5%)",,"7,820 (85.6%)",,,"5,283 (76.2%)","1,472 (44.1%)","1,934 (66.6%)","1,465 (68.6%)","3,406 (76.7%)","2,037 (76.5%)","7,456 (89.7%)","6,877 (64.7%)","37,750 (74.8%)","2,221 (81.3%)","7,520 (86.8%)",,,"5,185 (73.9%)","1,502 (46.3%)","1,886 (67.6%)","1,521 (68.3%)","3,120 (72.0%)","2,059 (78.3%)","6,663 (82.4%)","6,868 (61.3%)","38,545 (72.8%)","9,477 (81.6%)","7,970 (87.3%)",,"3,033 (57.0%)","6,111 (73.7%)","1,611 (49.5%)","1,909 (67.7%)","1,599 (68.3%)","2,974 (70.0%)","2,153 (77.4%)","6,699 (78.4%)","6,939 (60.4%)","50,475 (72.3%)","10,671 (81.0%)","8,057 (88.4%)",,"3,116 (58.2%)","6,230 (72.4%)","1,497 (46.9%)","2,146 (67.8%)","1,673 (65.7%)","3,085 (69.8%)","2,201 (80.4%)","7,022 (78.0%)","6,867 (59.4%)","52,565 (72.1%)","11,555 (78.7%)","8,069 (87.3%)",,,"6,338 (72.0%)",104 (40.6%),"2,129 (67.2%)","1,304 (67.6%)",,"2,305 (80.4%)","7,321 (77.9%)","6,761 (60.5%)","45,886 (74.6%)","2,646 (78.4%)","3,632 (86.8%)",,,,,612 (67.3%),,,304 (86.4%),"1,077 (79.0%)",,"8,271 (81.2%)"
  Admission type: osh,"6,880 (15.1%)","7,018 (8.7%)",,"1,835 (17.2%)","7,355 (12.8%)","7,349 (23.8%)",14 (0.1%),,"5,322 (18.3%)",15 (0.0%),"5,661 (5.1%)","15,325 (16.8%)","56,774 (11.3%)",,,,,,,,,,,301 (12.2%),,301 (12.2%),,,,,,,,,,<10,348 (7.8%),,348 (7.8%),,,,,,,,,,,389 (7.8%),,389 (7.8%),,,,,,,,,,<10,435 (6.8%),,435 (6.8%),,,,,,,,,,<10,466 (6.4%),,466 (6.4%),,,,,,932 (27.0%),,,,<10,511 (6.4%),,"1,443 (12.6%)",,285 (6.7%),,,,851 (25.9%),,,,,496 (6.0%),"1,046 (22.5%)","2,678 (13.1%)",,786 (8.9%),,,902 (17.9%),929 (26.2%),<10,,699 (19.5%),,337 (3.9%),"2,055 (20.6%)","5,708 (14.4%)",,921 (10.1%),,,"1,008 (17.2%)",961 (25.0%),<10,,618 (15.7%),<10,379 (4.3%),"2,070 (19.1%)","5,957 (14.0%)",,824 (9.5%),,,818 (12.1%),846 (24.8%),,,619 (15.3%),,357 (4.6%),"1,585 (16.5%)","5,049 (12.5%)",,865 (9.5%),,,827 (11.9%),806 (24.1%),,,649 (14.6%),<10,291 (3.5%),"1,700 (16.0%)","5,138 (12.0%)",390 (14.3%),719 (8.3%),,,831 (11.8%),714 (22.0%),,,771 (17.8%),<10,302 (3.7%),"1,711 (15.3%)","5,438 (12.0%)","1,633 (14.1%)",774 (8.5%),,976 (18.3%),920 (11.1%),604 (18.6%),<10,,949 (22.3%),<10,334 (3.9%),"1,768 (15.4%)","7,958 (12.9%)","1,815 (13.8%)",707 (7.8%),,859 (16.0%),979 (11.4%),660 (20.7%),<10,,"1,017 (23.0%)",<10,350 (3.9%),"1,774 (15.3%)","8,161 (12.7%)","2,469 (16.8%)",762 (8.2%),,,"1,070 (12.2%)",46 (18.0%),<10,,,<10,326 (3.5%),"1,616 (14.5%)","6,289 (11.7%)",573 (17.0%),375 (9.0%),,,,,<10,,,,39 (2.9%),,987 (11.1%)
  Admission type: facility,"2,083 (4.6%)",<10,,,"3,946 (6.9%)",19 (0.1%),"4,256 (16.9%)",,"1,190 (4.1%)",15 (0.0%),"6,011 (5.4%)","1,540 (1.7%)","19,060 (4.6%)",,,,,,,,,,,108 (4.4%),,108 (4.4%),,,,,,,,,,,221 (5.0%),,221 (5.0%),,,,,,,,,,,227 (4.6%),,227 (4.6%),,,,,,,,,,,407 (6.4%),,407 (6.4%),,,,,,,,,,,361 (4.9%),,361 (4.9%),,,,,,<10,,,,,359 (4.5%),,359 (4.5%),,,,,,<10,,,,,447 (5.4%),<10,,,<10,,,60 (1.2%),<10,657 (21.1%),,84 (2.3%),<10,537 (6.3%),<10,"1,338 (6.6%)",,,,,79 (1.4%),<10,693 (21.5%),,129 (3.3%),,552 (6.3%),13 (0.1%),"1,466 (4.2%)",,,,,264 (3.9%),,597 (19.0%),,173 (4.3%),,280 (3.6%),<10,"1,314 (6.1%)",,,,,394 (5.7%),<10,494 (17.0%),,200 (4.5%),<10,206 (2.5%),,"1,294 (5.7%)",114 (4.2%),,,,585 (8.3%),<10,445 (16.0%),,273 (6.3%),<10,412 (5.1%),321 (2.9%),"2,150 (5.9%)",501 (4.3%),,,,820 (9.9%),<10,403 (14.3%),,157 (3.7%),<10,536 (6.3%),414 (3.6%),"2,831 (6.0%)",671 (5.1%),,,,890 (10.3%),,457 (14.4%),,174 (3.9%),<10,592 (6.6%),382 (3.3%),"3,166 (6.3%)",643 (4.4%),,,,854 (9.7%),,406 (12.8%),,,,669 (7.1%),394 (3.5%),"2,966 (6.3%)",154 (4.6%),,,,,,104 (11.4%),,,,97 (7.1%),,355 (6.3%)
  Admission type: direct,24 (0.1%),"3,573 (4.4%)",43 (0.1%),35 (0.3%),"3,324 (5.8%)","4,996 (16.2%)","1,771 (7.0%)",,"1,347 (4.6%)","5,561 (16.7%)","4,714 (4.2%)",770 (0.8%),"26,158 (4.8%)",,,,,,,,,,,194 (7.9%),,194 (7.9%),,,,,,,,,,363 (29.2%),216 (4.9%),,579 (10.2%),,,,,,,,,,522 (25.2%),232 (4.7%),,754 (10.7%),,,,,,,,,,548 (26.5%),396 (6.2%),,944 (11.1%),,,,,,,,,,593 (26.8%),477 (6.5%),,"1,070 (11.2%)",,,,,,"1,263 (36.6%)",,,,614 (27.6%),459 (5.8%),,"2,336 (17.1%)",,184 (4.3%),,,,"1,275 (38.8%)",,,,596 (26.6%),461 (5.5%),11 (0.2%),"2,527 (10.7%)",,440 (5.0%),,,437 (8.7%),"1,379 (38.9%)",110 (3.5%),,226 (6.3%),509 (21.1%),468 (5.5%),12 (0.1%),"3,581 (7.6%)",,569 (6.2%),,,449 (7.7%),774 (20.1%),172 (5.3%),,276 (7.0%),426 (17.5%),414 (4.7%),15 (0.1%),"3,095 (5.9%)",,438 (5.0%),,,436 (6.5%),106 (3.1%),125 (4.0%),,183 (4.5%),457 (18.8%),234 (3.0%),23 (0.2%),"2,002 (4.2%)",,406 (4.4%),,,341 (4.9%),68 (2.0%),178 (6.1%),,186 (4.2%),341 (12.8%),172 (2.1%),37 (0.3%),"1,729 (3.5%)",<10,397 (4.6%),,,370 (5.3%),35 (1.1%),142 (5.1%),,164 (3.8%),190 (7.2%),225 (2.8%),126 (1.1%),"1,649 (3.4%)",<10,343 (3.8%),,14 (0.3%),376 (4.5%),35 (1.1%),228 (8.1%),,169 (4.0%),151 (5.4%),218 (2.6%),144 (1.3%),"1,678 (3.0%)",<10,307 (3.4%),,21 (0.4%),445 (5.2%),59 (1.8%),327 (10.3%),,143 (3.2%),133 (4.9%),242 (2.7%),216 (1.9%),"1,893 (3.3%)",<10,355 (3.8%),,,470 (5.3%),<10,368 (11.6%),,,114 (4.0%),270 (2.9%),186 (1.7%),"1,763 (3.9%)",<10,134 (3.2%),,,,,121 (13.3%),,,<10,36 (2.6%),,291 (4.5%)
  Admission type: other,21 (0.0%),406 (0.5%),"6,973 (17.1%)","2,642 (24.7%)",907 (1.6%),"5,682 (18.4%)","2,684 (10.6%)","6,411 (32.9%)",0,"2,302 (6.9%)","4,798 (4.3%)","18,632 (20.4%)","51,458 (8.9%)",,,,,,,,,,,,,,,,,,,,,,,,,,,,,,,,,,,,0,0,,,,,,,,,,,,0,,,,,,,,,,,,,0,,,,,,,,,14 (0.4%),,17 (13.4%),,0,,,17 (0.1%),,20 (0.5%),,,,18 (0.5%),,783 (36.5%),,0,266 (3.2%),"1,216 (26.2%)","2,303 (9.2%)",,35 (0.4%),,,262 (5.2%),0,456 (14.6%),695 (33.7%),,29 (1.2%),576 (6.7%),"2,384 (23.8%)","4,437 (9.4%)",,38 (0.4%),,,173 (3.0%),513 (13.3%),461 (14.3%),702 (33.7%),,103 (4.2%),545 (6.2%),"2,293 (21.1%)","4,828 (9.6%)",,36 (0.4%),,,137 (2.0%),"1,054 (30.9%)",310 (9.9%),594 (31.7%),,133 (5.5%),255 (3.3%),"1,759 (18.3%)","4,278 (9.0%)",,39 (0.4%),,,88 (1.3%),983 (29.4%),296 (10.2%),671 (31.4%),0,280 (10.5%),182 (2.2%),"2,014 (18.9%)","4,553 (9.0%)",0,25 (0.3%),,,44 (0.6%),991 (30.5%),315 (11.3%),703 (31.6%),0,373 (14.2%),474 (5.9%),"2,180 (19.5%)","5,105 (9.6%)",0,34 (0.4%),,"1,282 (24.1%)",68 (0.8%),"1,001 (30.8%)",279 (9.9%),740 (31.6%),0,472 (17.0%),755 (8.8%),"2,228 (19.4%)","6,859 (9.8%)",0,45 (0.5%),,"1,360 (25.4%)",61 (0.7%),969 (30.4%),234 (7.4%),875 (34.4%),,400 (14.6%),797 (8.9%),"2,328 (20.1%)","7,069 (9.7%)",0,55 (0.6%),,,74 (0.8%),103 (40.2%),263 (8.3%),626 (32.5%),,444 (15.5%),814 (8.7%),"2,223 (19.9%)","4,602 (7.5%)",0,44 (1.1%),,,,,70 (7.7%),,,44 (12.5%),114 (8.4%),,272 (2.7%)
"ICU length of stay (days), median [Q1, Q3]","2.3 [1.1, 4.8]","2.2 [1.0, 4.7]","2.0 [1.0, 4.1]","2.8 [1.3, 5.3]","2.0 [1.0, 4.0]","1.9 [0.9, 3.7]","2.5 [1.1, 4.9]","3.0 [1.1, 6.6]","2.1 [1.1, 4.5]","1.0 [0.3, 2.4]","2.1 [1.0, 4.2]","2.0 [1.0, 4.2]","2.1 [0.3, 6.6]",,,,,,,,,,,"2.1 [1.0, 4.4]",,"2.1 [1, 4.4]",,,,,,,,,,"1.2 [0.4, 2.8]","1.9 [1.0, 3.9]",,"1.7 [0.4, 3.9]",,,,,,,,,,"1.0 [0.3, 2.5]","2.0 [1.0, 4.1]",,"1.7 [0.3, 4.1]",,,,,,,,,,"1.1 [0.2, 2.5]","2.0 [1.0, 4.0]",,"1.8 [0.2, 4]",,,,,,,,"26.5 [13.8, 39.6]",,"1.2 [0.3, 2.7]","2.0 [1.0, 4.1]",,"1.8 [0.3, 39.6]",,,,,,"1.7 [0.8, 3.1]",,"3.8 [1.7, 9.6]",,"1.1 [0.4, 2.6]","1.9 [1.0, 3.9]",,"1.7 [0.4, 9.6]",,"2.1 [1.0, 4.3]",,,,"1.8 [0.9, 3.1]",,"2.7 [1.1, 5.4]",,"1.0 [0.4, 2.5]","2.0 [1.0, 4.0]","2.0 [1.0, 4.1]","2.0 [0.4, 5.4]",,"2.2 [1.0, 4.4]",,,"1.8 [0.9, 3.4]","1.8 [0.9, 3.3]","2.2 [1.0, 4.4]","2.9 [1.1, 6.0]","1.9 [1.0, 3.8]","1.0 [0.3, 2.1]","1.9 [1.0, 3.8]","2.0 [1.0, 4.1]","2.0 [0.3, 6]",,"2.2 [1.0, 4.7]",,,"1.7 [0.9, 3.2]","1.9 [0.9, 3.4]","2.1 [1.0, 4.5]","3.0 [1.3, 6.0]","2.0 [1.0, 4.1]","1.0 [0.3, 2.4]","2.0 [1.0, 3.8]","2.0 [1.0, 4.1]","2.0 [0.3, 6]",,"2.3 [1.0, 4.9]",,,"1.9 [0.9, 4.1]","1.8 [0.9, 3.6]","2.7 [1.1, 5.7]","2.9 [1.0, 6.9]","2.1 [1.0, 4.3]","1.0 [0.3, 2.4]","2.1 [1.0, 4.2]","2.1 [1.0, 4.8]","2.1 [0.3, 6.9]",,"2.5 [1.1, 5.2]",,,"2.0 [1.0, 4.1]","2.0 [0.9, 4.1]","2.5 [1.1, 5.1]","2.9 [1.0, 6.8]","2.2 [1.1, 4.7]","1.1 [0.4, 2.2]","2.4 [1.1, 5.3]","2.1 [1.0, 4.6]","2.2 [0.4, 6.8]","2.6 [1.2, 5.0]","2.5 [1.1, 4.9]",,,"2.0 [1.0, 4.1]","2.1 [0.9, 4.2]","2.6 [1.1, 4.9]","3.0 [1.0, 7.0]","2.2 [1.1, 4.8]","1.1 [0.4, 2.5]","2.7 [1.2, 5.0]","2.1 [1.0, 4.6]","2.3 [0.4, 7]","2.5 [1.2, 5.1]","2.4 [1.1, 4.8]",,"2.8 [1.3, 5.3]","2.1 [1.0, 4.1]","2.3 [0.9, 4.4]","2.8 [1.3, 5.1]","3.2 [1.1, 7.7]","2.2 [1.1, 4.8]","1.0 [0.4, 2.2]","2.5 [1.2, 4.7]","2.0 [1.0, 4.1]","2.3 [0.4, 7.7]","2.3 [1.1, 4.8]","2.2 [0.9, 4.7]",,"2.9 [1.3, 5.2]","2.1 [1.0, 4.2]","2.1 [0.9, 4.0]","2.6 [1.2, 4.9]","3.1 [1.0, 6.9]","2.1 [1.0, 4.5]","0.9 [0.3, 2.2]","2.4 [1.1, 4.5]","2.0 [1.0, 4.0]","2.2 [0.3, 6.9]","2.2 [1.1, 4.5]","2.0 [0.9, 4.2]",,,"2.1 [1.0, 4.1]","2.0 [0.8, 3.8]","2.7 [1.2, 5.0]","3.0 [1.0, 6.6]",,"0.9 [0.3, 2.2]","2.3 [1.1, 4.4]","2.0 [1.0, 3.9]","2.1 [0.3, 6.6]","2.2 [1.1, 4.5]","2.1 [1.0, 4.1]",,,,,"2.4 [1.0, 4.6]",,,"0.8 [0.3, 1.9]","2.2 [1.1, 4.1]",,"2.1 [0.3, 4.6]"
"Hospital length of stay (days), median [Q1, Q3]","7.5 [4.0, 15.4]","7.9 [4.1, 15.5]","8.8 [5.4, 15.8]","8.0 [4.8, 15.0]","8.7 [5.0, 16.1]","7.8 [4.3, 14.8]","7.6 [3.9, 14.5]","11.8 [6.4, 22.7]","8.3 [4.3, 16.3]","10.6 [5.7, 20.3]","6.0 [3.1, 11.2]","8.0 [4.4, 15.2]","8.0 [3.1, 22.7]",,,,,,,,,,,"7.1 [3.8, 13.2]",,"7.1 [3.8, 13.2]",,,,,,,,,,"10.5 [5.4, 20.2]","6.4 [3.4, 12.1]",,"7.3 [3.4, 20.2]",,,,,,,,,,"9.6 [5.4, 18.4]","6.8 [3.4, 12.3]",,"7.6 [3.4, 18.4]",,,,,,,,,,"9.3 [5.3, 18.0]","5.9 [3.0, 10.8]",,"6.7 [3, 18]",,,,,,,,"675.5 [446.2, 797.8]",,"9.3 [5.3, 16.9]","5.8 [3.1, 10.2]",,"6.9 [3.1, 797.8]",,,,,,"7.3 [4.2, 13.1]",,"34.8 [17.4, 82.4]",,"10.1 [5.4, 18.5]","5.6 [3.0, 10.1]",,"7.0 [3, 82.4]",,"7.4 [3.9, 14.1]",,,,"7.4 [4.3, 13.4]",,"10.2 [5.9, 19.8]",,"10.0 [5.7, 18.9]","5.5 [3.0, 10.4]","8.2 [4.5, 15.1]","7.4 [3, 19.8]",,"7.2 [3.8, 14.0]",,,"7.9 [4.5, 14.6]","7.3 [4.3, 13.3]","7.2 [3.5, 13.0]","11.3 [6.2, 22.3]","7.9 [4.2, 15.8]","10.7 [5.9, 20.2]","5.4 [2.9, 10.0]","8.0 [4.5, 15.1]","7.5 [2.9, 22.3]",,"7.2 [3.7, 14.1]",,,"8.3 [4.7, 15.1]","7.3 [4.2, 13.4]","7.3 [3.5, 13.7]","11.0 [6.1, 20.7]","7.9 [4.2, 15.2]","10.0 [5.4, 19.8]","5.4 [2.9, 10.1]","7.9 [4.3, 14.7]","7.5 [2.9, 20.7]",,"8.4 [4.2, 16.9]",,,"9.3 [5.2, 17.2]","7.8 [4.2, 15.1]","8.8 [4.1, 16.5]","11.5 [6.2, 22.1]","8.9 [4.5, 16.8]","10.9 [5.9, 21.7]","6.3 [3.1, 12.3]","8.3 [4.7, 16.1]","8.4 [3.1, 22.1]",,"8.1 [4.2, 16.3]",,,"9.0 [5.2, 17.4]","8.4 [4.5, 16.4]","8.0 [4.2, 15.4]","13.1 [7.1, 26.6]","8.5 [4.4, 16.7]","11.1 [6.1, 21.0]","6.9 [3.3, 13.2]","8.4 [4.8, 16.2]","8.5 [3.3, 26.6]","8.5 [4.4, 17.3]","8.1 [4.3, 16.0]",,,"9.0 [5.0, 16.9]","8.3 [4.4, 16.9]","8.0 [4.1, 15.1]","13.0 [6.9, 25.1]","8.9 [4.5, 17.1]","11.6 [5.8, 22.2]","6.3 [3.2, 12.4]","8.2 [4.5, 15.6]","8.4 [3.2, 25.1]","8.1 [4.2, 17.0]","8.2 [4.3, 16.2]",,"8.1 [4.8, 15.2]","8.7 [5.0, 15.9]","8.4 [4.6, 17.0]","7.6 [4.0, 14.7]","12.5 [6.9, 23.8]","8.2 [4.3, 16.2]","11.8 [6.0, 23.7]","6.1 [3.2, 11.5]","7.8 [4.4, 15.0]","8.2 [3.2, 23.8]","7.3 [3.9, 15.1]","8.2 [4.3, 16.0]",,"7.8 [4.7, 14.9]","8.8 [5.2, 16.0]","8.5 [4.6, 16.4]","7.5 [4.0, 14.1]","11.6 [6.5, 21.9]","8.2 [4.3, 16.8]","12.0 [6.3, 22.4]","5.9 [3.0, 11.2]","7.8 [4.3, 15.1]","8.0 [3, 22.4]","7.3 [3.8, 15.1]","7.8 [4.2, 15.6]",,,"8.5 [5.0, 15.7]","6.9 [3.1, 12.5]","7.4 [4.0, 14.4]","11.0 [6.2, 20.9]",,"11.4 [6.2, 21.8]","5.8 [3.0, 10.7]","7.5 [4.3, 14.3]","7.7 [3, 21.8]","6.7 [3.5, 12.5]","7.9 [4.2, 15.3]",,,,,"6.3 [3.4, 12.0]",,,"7.2 [3.7, 14.3]","5.3 [2.8, 9.2]",,"7.0 [2.8, 15.3]"
"Resp. device onset, n (%)","45,578 (100.0%)","80,386 (100.0%)","40,750 (100.0%)","10,677 (100.0%)","57,303 (100.0%)","30,837 (100.0%)","25,242 (100.0%)","19,475 (100.0%)","29,011 (100.0%)","33,378 (100.0%)","111,744 (100.0%)","91,180 (100.0%)","575,561 (100.0%)",,,,,,,,,,,"2,467 (100.0%)",,"2,467 (100.0%)",,,,,,,,,,"1,245 (100.0%)","4,440 (100.0%)",,"5,685 (100.0%)",,,,,,,,,,"2,069 (100.0%)","4,980 (100.0%)",,"7,049 (100.0%)",,,,,,,,,,"2,071 (100.0%)","6,403 (100.0%)",,"8,474 (100.0%)",,,,,,,,<10,,"2,211 (100.0%)","7,338 (100.0%)",,"9,549 (100.0%)",,,,,,"3,453 (100.0%)",,127 (100.0%),,"2,225 (100.0%)","7,959 (100.0%)",,"13,764 (100.0%)",,"4,279 (100.0%)",,,,"3,288 (100.0%)",,"2,149 (100.0%)",,"2,242 (100.0%)","8,308 (100.0%)","4,646 (100.0%)","24,912 (100.0%)",,"8,838 (100.0%)",,,"5,051 (100.0%)","3,545 (100.0%)","3,118 (100.0%)","2,062 (100.0%)","3,580 (100.0%)","2,414 (100.0%)","8,576 (100.0%)","9,999 (100.0%)","47,183 (100.0%)",,"9,106 (100.0%)",,,"5,849 (100.0%)","3,847 (100.0%)","3,224 (100.0%)","2,083 (100.0%)","3,948 (100.0%)","2,438 (100.0%)","8,797 (100.0%)","10,865 (100.0%)","50,157 (100.0%)",,"8,690 (100.0%)",,,"6,749 (100.0%)","3,413 (100.0%)","3,143 (100.0%)","1,870 (100.0%)","4,039 (100.0%)","2,434 (100.0%)","7,771 (100.0%)","9,596 (100.0%)","47,705 (100.0%)",,"9,136 (100.0%)",,,"6,933 (100.0%)","3,339 (100.0%)","2,902 (100.0%)","2,136 (100.0%)","4,443 (100.0%)","2,662 (100.0%)","8,311 (100.0%)","10,628 (100.0%)","50,490 (100.0%)","2,732 (100.0%)","8,667 (100.0%)",,,"7,015 (100.0%)","3,247 (100.0%)","2,788 (100.0%)","2,226 (100.0%)","4,332 (100.0%)","2,628 (100.0%)","8,082 (100.0%)","11,206 (100.0%)","52,923 (100.0%)","11,619 (100.0%)","9,128 (100.0%)",,"5,320 (100.0%)","8,295 (100.0%)","3,256 (100.0%)","2,821 (100.0%)","2,340 (100.0%)","4,250 (100.0%)","2,781 (100.0%)","8,544 (100.0%)","11,493 (100.0%)","69,847 (100.0%)","13,169 (100.0%)","9,116 (100.0%)",,"5,357 (100.0%)","8,605 (100.0%)","3,193 (100.0%)","3,167 (100.0%)","2,548 (100.0%)","4,419 (100.0%)","2,738 (100.0%)","9,004 (100.0%)","11,567 (100.0%)","72,883 (100.0%)","14,682 (100.0%)","9,241 (100.0%)",,,"8,806 (100.0%)",256 (100.0%),"3,170 (100.0%)","1,930 (100.0%)",,"2,868 (100.0%)","9,400 (100.0%)","11,180 (100.0%)","61,533 (100.0%)","3,376 (100.0%)","4,185 (100.0%)",,,,,909 (100.0%),,,352 (100.0%),"1,364 (100.0%)",,"10,186 (100.0%)"
"  Pre-device LOS (days), median [Q1, Q3]","0.4 [0.0, 2.1]","0.4 [0.0, 1.6]","0.4 [0.1, 1.8]","0.5 [0.3, 1.7]","0.4 [0.1, 1.8]","0.4 [0.3, 1.2]","0.5 [0.1, 1.8]","0.4 [0.1, 2.0]","0.4 [0.0, 1.4]","0.5 [0.1, 2.3]","0.4 [0.1, 1.3]","0.4 [0.1, 1.8]","0.4 [0, 2.3]",,,,,,,,,,,"0.5 [0.2, 1.8]",,"0.5 [0.2, 1.8]",,,,,,,,,,"0.6 [0.1, 2.2]","0.5 [0.2, 1.4]",,"0.5 [0.1, 2.2]",,,,,,,,,,"0.6 [0.2, 2.0]","0.4 [0.2, 1.5]",,"0.5 [0.2, 2]",,,,,,,,,,"0.5 [0.2, 2.0]","0.4 [0.1, 1.3]",,"0.4 [0.1, 2]",,,,,,,,"429.2 [207.2, 601.3]",,"0.6 [0.2, 2.2]","0.4 [0.1, 1.3]",,"0.6 [0.1, 601.3]",,,,,,"0.4 [0.3, 1.1]",,"0.9 [0.1, 3.5]",,"0.6 [0.3, 2.3]","0.4 [0.1, 1.3]",,"0.4 [0.1, 3.5]",,"0.4 [0.1, 1.5]",,,,"0.4 [0.3, 1.1]",,"0.4 [0.1, 1.8]",,"0.6 [0.2, 2.3]","0.4 [0.1, 1.3]","0.5 [0.1, 1.7]","0.4 [0.1, 2.3]",,"0.4 [0.1, 1.5]",,,"0.4 [0.1, 1.8]","0.4 [0.3, 1.0]","0.5 [0.1, 1.6]","0.4 [0.1, 1.8]","0.4 [0.0, 1.5]","0.6 [0.2, 2.6]","0.4 [0.1, 1.3]","0.4 [0.1, 1.7]","0.4 [0, 2.6]",,"0.4 [0.0, 1.4]",,,"0.4 [0.1, 1.7]","0.4 [0.3, 1.1]","0.5 [0.1, 1.6]","0.4 [0.1, 2.0]","0.4 [0.0, 1.5]","0.5 [0.1, 2.1]","0.4 [0.1, 1.2]","0.4 [0.1, 1.7]","0.4 [0, 2.1]",,"0.4 [0.0, 1.7]",,,"0.4 [0.1, 2.0]","0.4 [0.3, 1.3]","0.5 [0.1, 1.7]","0.3 [0.1, 1.9]","0.3 [0.0, 1.4]","0.5 [0.1, 2.0]","0.4 [0.1, 1.4]","0.4 [0.1, 1.9]","0.4 [0, 2]",,"0.4 [0.0, 1.6]",,,"0.4 [0.1, 1.8]","0.4 [0.3, 1.2]","0.5 [0.1, 1.8]","0.4 [0.1, 2.3]","0.3 [0.0, 1.4]","0.5 [0.1, 2.4]","0.4 [0.1, 1.4]","0.5 [0.1, 1.8]","0.4 [0, 2.4]","0.5 [0.1, 2.6]","0.4 [0.0, 1.5]",,,"0.4 [0.1, 1.8]","0.4 [0.3, 1.2]","0.6 [0.1, 2.1]","0.4 [0.2, 2.2]","0.4 [0.0, 1.5]","0.5 [0.1, 2.3]","0.4 [0.1, 1.3]","0.4 [0.1, 1.7]","0.4 [0, 2.6]","0.5 [0.1, 2.5]","0.4 [0.1, 1.7]",,"0.5 [0.3, 1.9]","0.4 [0.1, 1.8]","0.5 [0.3, 1.3]","0.5 [0.1, 1.9]","0.4 [0.1, 2.2]","0.3 [0.0, 1.4]","0.5 [0.1, 2.1]","0.4 [0.1, 1.3]","0.4 [0.1, 1.7]","0.4 [0, 2.5]","0.5 [0.1, 2.0]","0.4 [0.1, 1.6]",,"0.5 [0.3, 1.5]","0.4 [0.1, 1.8]","0.5 [0.3, 1.4]","0.6 [0.1, 2.0]","0.3 [0.1, 2.0]","0.3 [0.0, 1.4]","0.6 [0.1, 2.8]","0.4 [0.1, 1.2]","0.4 [0.1, 1.7]","0.4 [0, 2.8]","0.3 [-0.1, 1.9]","0.4 [0.1, 1.6]",,,"0.4 [0.1, 1.8]","0.4 [0.3, 0.8]","0.5 [0.1, 1.7]","0.3 [0.1, 2.0]",,"0.5 [0.1, 3.0]","0.4 [0.1, 1.2]","0.4 [0.1, 1.8]","0.4 [-0.1, 3]","0.3 [-0.1, 1.7]","0.4 [0.0, 1.6]",,,,,"0.6 [0.1, 2.0]",,,"0.4 [0.0, 2.3]","0.4 [0.1, 1.2]",,"0.4 [-0.1, 2.3]"
"  Post-device LOS (days), median [Q1, Q3]","5.0 [1.8, 10.5]","5.8 [2.7, 11.8]","6.9 [4.1, 13.0]","6.6 [3.8, 12.0]","6.9 [3.9, 13.1]","6.9 [3.6, 12.9]","6.1 [2.7, 11.9]","9.3 [5.1, 19.8]","6.9 [3.5, 13.7]","8.2 [4.7, 16.2]","4.0 [1.4, 7.9]","6.0 [2.9, 11.7]","6.0 [1.4, 19.8]",,,,,,,,,,,"4.9 [1.7, 9.9]",,"4.9 [1.7, 9.9]",,,,,,,,,,"8.0 [4.4, 15.7]","4.7 [1.7, 9.0]",,"5.4 [1.7, 15.7]",,,,,,,,,,"7.7 [4.3, 14.9]","4.7 [1.6, 8.9]",,"5.6 [1.6, 14.9]",,,,,,,,,,"7.7 [4.5, 14.4]","4.0 [1.5, 8.0]",,"4.9 [1.5, 14.4]",,,,,,,,"303.5 [206.5, 304.8]",,"7.6 [4.5, 14.0]","4.0 [1.5, 7.8]",,"5.0 [1.5, 304.8]",,,,,,"6.5 [3.8, 11.3]",,"31.8 [16.7, 85.4]",,"7.7 [4.5, 14.7]","3.8 [1.5, 7.4]",,"5.4 [1.5, 85.4]",,"5.7 [2.6, 10.8]",,,,"6.7 [3.8, 11.5]",,"8.3 [4.9, 16.6]",,"7.9 [4.6, 15.8]","3.8 [1.4, 7.7]","6.2 [3.4, 11.9]","5.7 [1.4, 16.6]",,"5.6 [2.6, 10.9]",,,"6.2 [3.7, 11.6]","6.7 [3.8, 11.9]","5.8 [2.6, 10.8]","9.0 [5.1, 19.2]","6.4 [3.2, 12.8]","8.6 [4.9, 16.1]","3.7 [1.2, 7.1]","6.1 [3.2, 11.9]","5.9 [1.2, 19.2]",,"5.5 [2.5, 11.0]",,,"6.6 [3.8, 12.0]","6.4 [3.4, 11.3]","5.9 [2.6, 10.9]","8.8 [4.8, 18.0]","6.5 [3.1, 12.9]","8.2 [4.3, 16.4]","3.8 [1.3, 7.3]","6.0 [2.9, 11.6]","5.9 [1.3, 18]",,"6.0 [2.6, 12.4]",,,"7.3 [4.0, 14.1]","6.9 [3.3, 13.0]","7.0 [2.8, 14.0]","9.1 [5.0, 20.1]","7.2 [3.5, 14.1]","8.6 [4.7, 17.4]","3.8 [0.9, 8.0]","6.5 [3.2, 12.8]","6.4 [0.9, 20.1]",,"6.0 [2.7, 12.6]",,,"7.1 [4.0, 14.3]","7.3 [3.8, 14.4]","6.5 [3.1, 12.9]","10.6 [5.5, 23.0]","7.0 [3.5, 13.7]","8.3 [4.7, 16.5]","4.2 [1.1, 8.9]","6.4 [3.2, 12.7]","6.5 [1.1, 23]","5.7 [2.3, 11.6]","6.0 [2.8, 12.2]",,,"7.1 [3.9, 13.6]","7.2 [3.4, 14.7]","6.5 [2.8, 12.5]","10.2 [5.4, 21.9]","7.4 [3.6, 14.2]","8.5 [4.3, 17.1]","4.2 [1.4, 8.6]","6.2 [3.0, 11.9]","6.4 [1.4, 21.9]","5.3 [2.1, 11.3]","6.0 [2.8, 12.3]",,"6.7 [3.8, 12.1]","6.9 [3.9, 12.9]","7.2 [3.5, 14.4]","6.0 [2.8, 11.9]","10.0 [5.7, 20.5]","6.8 [3.5, 13.7]","8.9 [4.8, 18.7]","4.1 [1.4, 8.1]","5.7 [2.7, 11.2]","6.1 [1.4, 20.5]","4.9 [1.8, 10.4]","6.0 [2.8, 12.0]",,"6.5 [3.8, 11.9]","7.0 [4.0, 13.1]","7.4 [3.7, 14.1]","6.0 [2.7, 11.6]","9.1 [5.2, 18.7]","6.8 [3.5, 13.9]","9.3 [4.9, 17.9]","3.9 [1.4, 7.9]","5.7 [2.6, 10.9]","6.0 [1.4, 18.7]","4.9 [1.8, 10.1]","5.8 [2.7, 11.7]",,,"6.9 [3.9, 12.7]","6.3 [2.4, 10.6]","6.0 [2.8, 11.7]","8.7 [5.0, 17.6]",,"8.7 [4.8, 17.2]","3.8 [1.3, 7.6]","5.5 [2.7, 10.6]","5.6 [1.3, 17.6]","4.8 [1.8, 9.0]","5.8 [2.6, 10.5]",,,,,"5.5 [2.8, 10.9]",,,"8.0 [4.0, 16.0]","3.6 [1.1, 6.8]",,"5.2 [1.1, 16]"
"28-day VFD (IMV encounters), n (%)","23,256 (51.0%)","41,737 (51.9%)","35,729 (87.7%)","6,498 (60.9%)","38,763 (67.6%)","21,806 (70.7%)","13,994 (55.4%)","16,300 (83.7%)","18,401 (63.4%)","26,742 (80.1%)","48,284 (43.2%)","49,334 (54.1%)","340,844 (59.2%)",,,,,,,,,,,"1,451 (58.8%)",,"1,451 (58.8%)",,,,,,,,,,"1,047 (84.1%)","2,385 (53.7%)",,"3,432 (60.4%)",,,,,,,,,,"1,681 (81.2%)","2,573 (51.7%)",,"4,254 (60.3%)",,,,,,,,,,"1,690 (81.6%)","2,912 (45.5%)",,"4,602 (54.3%)",,,,,,,,<10,,"1,770 (80.1%)","3,220 (43.9%)",,"4,990 (52.3%)",,,,,,"2,480 (71.8%)",,103 (81.1%),,"1,764 (79.3%)","3,545 (44.5%)",,"7,892 (57.3%)",,"2,310 (54.0%)",,,,"2,375 (72.2%)",,"1,774 (82.6%)",,"1,783 (79.5%)","3,585 (43.2%)","2,841 (61.1%)","14,668 (58.9%)",,"4,571 (51.7%)",,,"3,398 (67.3%)","2,565 (72.4%)","1,847 (59.2%)","1,734 (84.1%)","2,094 (58.5%)","1,903 (78.8%)","3,597 (41.9%)","5,858 (58.6%)","27,567 (58.4%)",,"4,470 (49.1%)",,,"3,883 (66.4%)","2,600 (67.6%)","1,848 (57.3%)","1,778 (85.4%)","2,272 (57.5%)","1,967 (80.7%)","3,624 (41.2%)","5,897 (54.3%)","28,339 (56.5%)",,"4,797 (55.2%)",,,"4,529 (67.1%)","2,409 (70.6%)","1,857 (59.1%)","1,673 (89.5%)","2,521 (62.4%)","1,976 (81.2%)","3,639 (46.8%)","5,670 (59.1%)","29,071 (60.9%)",,"4,840 (53.0%)",,,"4,659 (67.2%)","2,388 (71.5%)","1,548 (53.3%)","1,836 (86.0%)","2,775 (62.5%)","2,152 (80.8%)","3,538 (42.6%)","5,671 (53.4%)","29,407 (58.2%)","1,497 (54.8%)","4,572 (52.8%)",,,"4,799 (68.4%)","2,263 (69.7%)","1,502 (53.9%)","1,871 (84.1%)","2,869 (66.2%)","2,084 (79.3%)","3,325 (41.1%)","5,846 (52.2%)","30,628 (57.9%)","6,050 (52.1%)","4,763 (52.2%)",,"3,321 (62.4%)","5,534 (66.7%)","2,180 (67.0%)","1,504 (53.3%)","1,942 (83.0%)","2,939 (69.2%)","2,217 (79.7%)","3,439 (40.3%)","5,913 (51.4%)","39,802 (57.0%)","6,752 (51.3%)","4,745 (52.1%)",,"3,177 (59.3%)","5,930 (68.9%)","2,339 (73.3%)","1,671 (52.8%)","2,074 (81.4%)","2,931 (66.3%)","2,164 (79.0%)","3,556 (39.5%)","5,982 (51.7%)","41,321 (56.7%)","7,366 (50.2%)","4,635 (50.2%)",,,"6,031 (68.5%)",207 (80.9%),"1,726 (54.4%)","1,511 (78.3%)",,"2,275 (79.3%)","3,426 (36.4%)","5,656 (50.6%)","32,833 (53.4%)","1,591 (47.1%)","2,034 (48.6%)",,,,,491 (54.0%),,,269 (76.4%),469 (34.4%),,"4,854 (47.7%)"
"  VFD, median [Q1, Q3]","24 [0, 26]","24 [0, 26]","25 [9, 26]","26 [19, 27]","25 [0, 26]","26 [20, 27]","24 [0, 26]","25 [5, 26]","21 [0, 26]","25 [12, 27]","25 [1, 26]","25 [0, 26]","24.6 [0, 27]",,,,,,,,,,,"25 [10, 26]",,"25 [10, 26]",,,,,,,,,,"26 [14, 27]","25 [13, 26]",,"25.2 [13, 27]",,,,,,,,,,"26 [13, 27]","25 [11, 26]",,"25.3 [11, 27]",,,,,,,,,,"26 [13, 27]","25 [3, 26]",,"25.2 [3, 27]",,,,,,,,"14 [0, 27]",,"26 [16, 27]","25 [8, 26]",,"25.2 [0, 27]",,,,,,"26 [24, 27]",,"17 [6, 26]",,"26 [16, 27]","25 [7, 26]",,"25.3 [6, 27]",,"25 [0, 26]",,,,"26 [23, 27]",,"26 [11, 27]",,"26 [12, 27]","25 [2, 26]","25 [4, 26]","25.3 [0, 27]",,"24 [0, 26]",,,"26 [3, 27]","26 [23, 27]","24 [0, 26]","25 [7, 26]","25 [0, 26]","25 [12, 27]","25 [7, 26]","25 [0, 26]","24.9 [0, 27]",,"24 [0, 26]",,,"25 [1, 26]","26 [21, 27]","24 [0, 26]","25 [6, 26]","24 [0, 26]","25 [11, 27]","25 [10, 26]","25 [1, 26]","24.8 [0, 27]",,"21 [0, 26]",,,"23 [0, 26]","26 [18, 27]","20 [0, 26]","24 [3, 26]","21 [0, 26]","25 [6, 26]","23 [0, 26]","24 [0, 26]","22.8 [0, 27]",,"23 [0, 26]",,,"24 [0, 26]","26 [14, 27]","23 [0, 26]","24 [0, 26]","21 [0, 26]","25 [5, 27]","23 [0, 26]","25 [0, 26]","23.7 [0, 27]","23 [0, 26]","24 [0, 26]",,,"24 [0, 26]","26 [18, 27]","23 [0, 26]","24 [3, 26]","22 [0, 26]","26 [12, 27]","25 [0, 26]","25 [0, 26]","24.3 [0, 27]","24 [0, 26]","24 [0, 26]",,"26 [18, 27]","25 [0, 26]","26 [19, 27]","24 [0, 26]","25 [1, 26]","20 [0, 25]","26 [14, 27]","25 [0, 26]","25 [0, 26]","24.5 [0, 27]","24 [0, 26]","24 [0, 26]",,"26 [20, 27]","25 [0, 26]","26 [18, 27]","24 [0, 26]","25 [6, 26]","20 [0, 25]","25 [12, 26]","25 [3, 26]","25 [0, 26]","24.5 [0, 27]","24 [0, 26]","24 [0, 26]",,,"25 [0, 26]","25 [18, 26]","25 [3, 26]","26 [7, 27]",,"25 [11, 26]","25 [0, 26]","25 [0, 26]","24.6 [0, 27]","24 [0, 26]","24 [0, 26]",,,,,"24 [0, 26]",,,"25 [3, 26]","26 [0, 26]",,"24.3 [0, 26]"
"Charlson Comorbidity Index, median [Q1, Q3]","3 [1, 4]","2 [1, 4]","2 [0, 4]","3 [1, 4]","3 [1, 5]","2 [0, 4]","3 [2, 5]","2 [0, 6]","3 [1, 4]","3 [1, 5]","2 [1, 4]","3 [1, 4]","2.5 [0, 6]",,,,,,,,,,,"2 [1, 4]",,"2 [1, 4]",,,,,,,,,,"2 [1, 4]","2 [1, 4]",,"2 [1, 4]",,,,,,,,,,"2 [1, 4]","2 [1, 4]",,"2 [1, 4]",,,,,,,,,,"2 [1, 4]","2 [1, 4]",,"2 [1, 4]",,,,,,,,"8 [8, 10]",,"2 [1, 4]","2 [1, 4]",,"2.0 [1, 10]",,,,,,"2 [0, 3]",,"4 [1, 8]",,"3 [1, 5]","2 [1, 4]",,"2.2 [0, 8]",,"2 [1, 4]",,,,"2 [0, 4]",,"2 [0, 6]",,"3 [1, 5]","2 [1, 4]","2 [1, 4]","2.1 [0, 6]",,"2 [1, 4]",,,"3 [1, 4]","2 [0, 3]","3 [1, 5]","2 [0, 6]","3 [1, 4]","3 [1, 5]","2 [1, 4]","3 [1, 4]","2.5 [0, 6]",,"2 [1, 4]",,,"3 [1, 4]","2 [1, 4]","3 [2, 5]","2 [0, 6]","3 [1, 4]","3 [1, 5]","2 [1, 4]","2 [1, 4]","2.3 [0, 6]",,"2 [1, 4]",,,"3 [1, 5]","2 [0, 4]","3 [1, 5]","2 [0, 6]","3 [1, 4]","3 [1, 5]","2 [1, 4]","2 [1, 4]","2.3 [0, 6]",,"2 [1, 4]",,,"3 [1, 5]","2 [0, 4]","3 [2, 5]","2 [0, 6]","3 [1, 4]","3 [1, 5]","2 [1, 4]","2 [1, 4]","2.3 [0, 6]","3 [1, 4]","2 [1, 4]",,,"3 [1, 5]","2 [0, 4]","4 [2, 5]","2 [0, 6]","3 [1, 4]","3 [1, 5]","3 [1, 4]","3 [1, 4]","2.8 [0, 6]","3 [1, 4]","2 [1, 4]",,"3 [1, 4]","3 [1, 5]","2 [1, 4]","4 [2, 5]","2 [0, 6]","3 [1, 4]","3 [1, 5]","3 [1, 4]","3 [1, 4]","2.8 [0, 6]","3 [1, 4]","3 [1, 4]",,"3 [1, 4]","3 [2, 5]","2 [1, 4]","3 [2, 5]","2 [0, 6]","3 [1, 4]","3 [2, 5]","3 [1, 4]","3 [1, 4]","2.9 [0, 6]","3 [1, 4]","3 [1, 4]",,,"3 [2, 5]","2 [0, 4]","3 [2, 5]","2 [0, 6]",,"3 [1, 5]","3 [1, 4]","3 [2, 4]","3.0 [0, 6]","3 [1, 4]","3 [1, 4]",,,,,,,,"2 [1, 4]","0 [0, 2]",,"2.5 [0, 4]"
"Comorbidities, n (%)",,,,,,,,,,,,,,,,,,,,,,,,,,,,,,,,,,,,,,,,,,,,,,,,,,,,,,,,,,,,,,,,,,,,,,,,,,,,,,,,,,,,,,,,,,,,,,,,,,,,,,,,,,,,,,,,,,,,,,,,,,,,,,,,,,,,,,,,,,,,,,,,,,,,,,,,,,,,,,,,,,,,,,,,,,,,,,,,,,,,,,,,,,,,,,,,,,,,,,,,,,,,,,,,,,,,,,,,,,,,,
  Congestive Heart Failure,"22,361 (49.1%)","33,027 (41.1%)","7,069 (17.3%)","4,731 (44.3%)","25,692 (44.8%)","9,054 (29.4%)","10,411 (41.2%)","4,609 (23.7%)","13,150 (45.3%)","11,471 (34.4%)","44,366 (39.7%)","43,247 (47.4%)","229,188 (39.8%)",,,,,,,,,,,701 (28.4%),,701 (28.4%),,,,,,,,,,326 (26.2%),"1,395 (31.4%)",,"1,721 (30.3%)",,,,,,,,,,542 (26.2%),"1,611 (32.3%)",,"2,153 (30.5%)",,,,,,,,,,590 (28.5%),"2,240 (35.0%)",,"2,830 (33.4%)",,,,,,,,<10,,601 (27.2%),"2,860 (39.0%)",,"3,461 (36.2%)",,,,,,817 (23.7%),,43 (33.9%),,709 (31.9%),"3,067 (38.5%)",,"4,636 (33.7%)",,"1,701 (39.8%)",,,,825 (25.1%),,529 (24.6%),,728 (32.5%),"3,410 (41.0%)","2,088 (44.9%)","9,281 (37.3%)",,"3,708 (42.0%)",,,"2,096 (41.5%)",906 (25.6%),"1,251 (40.1%)",520 (25.2%),"1,590 (44.4%)",843 (34.9%),"3,502 (40.8%)","4,547 (45.5%)","18,963 (40.2%)",,"3,854 (42.3%)",,,"2,430 (41.5%)","1,158 (30.1%)","1,424 (44.2%)",508 (24.4%),"1,736 (44.0%)",879 (36.1%),"3,630 (41.3%)","4,962 (45.7%)","20,581 (41.0%)",,"3,380 (38.9%)",,,"2,707 (40.1%)","1,018 (29.8%)","1,331 (42.3%)",480 (25.7%),"1,807 (44.7%)",892 (36.6%),"3,204 (41.2%)","4,273 (44.5%)","19,092 (40.0%)",,"3,600 (39.4%)",,,"2,916 (42.1%)","1,036 (31.0%)","1,327 (45.7%)",484 (22.7%),"2,034 (45.8%)",974 (36.6%),"3,022 (36.4%)","4,750 (44.7%)","20,143 (39.9%)","1,308 (47.9%)","3,530 (40.7%)",,,"3,106 (44.3%)","1,027 (31.6%)","1,274 (45.7%)",504 (22.6%),"1,987 (45.9%)",992 (37.7%),"3,516 (43.5%)","5,247 (46.8%)","22,491 (42.5%)","5,649 (48.6%)","3,722 (40.8%)",,"2,295 (43.1%)","3,897 (47.0%)","1,095 (33.6%)","1,289 (45.7%)",537 (22.9%),"1,904 (44.8%)","1,040 (37.4%)","3,707 (43.4%)","5,388 (46.9%)","30,523 (43.7%)","6,419 (48.7%)","3,793 (41.6%)",,"2,436 (45.5%)","4,220 (49.0%)","1,097 (34.4%)","1,459 (46.1%)",564 (22.1%),"2,092 (47.3%)","1,118 (40.8%)","4,038 (44.8%)","5,800 (50.1%)","33,036 (45.3%)","7,285 (49.6%)","3,931 (42.5%)",,,"4,320 (49.1%)",75 (29.3%),"1,056 (33.3%)",439 (22.7%),,"1,105 (38.5%)","4,404 (46.9%)","6,192 (55.4%)","28,807 (46.8%)","1,700 (50.4%)","1,808 (43.2%)",,,,,,,,132 (37.5%),59 (4.3%),,"3,699 (39.9%)"
  Renal Disease,"17,741 (38.9%)","25,850 (32.2%)","5,155 (12.7%)","3,759 (35.2%)","19,701 (34.4%)","6,187 (20.1%)","9,061 (35.9%)","2,911 (14.9%)","9,353 (32.2%)","10,815 (32.4%)","36,517 (32.7%)","29,984 (32.9%)","177,034 (30.8%)",,,,,,,,,,,603 (24.4%),,603 (24.4%),,,,,,,,,,317 (25.5%),"1,187 (26.7%)",,"1,504 (26.5%)",,,,,,,,,,560 (27.1%),"1,395 (28.0%)",,"1,955 (27.7%)",,,,,,,,,,593 (28.6%),"1,940 (30.3%)",,"2,533 (29.9%)",,,,,,,,<10,,562 (25.4%),"2,317 (31.6%)",,"2,879 (30.1%)",,,,,,634 (18.4%),,26 (20.5%),,730 (32.8%),"2,458 (30.9%)",,"3,848 (28.0%)",,"1,205 (28.2%)",,,,595 (18.1%),,321 (14.9%),,652 (29.1%),"2,739 (33.0%)","1,326 (28.5%)","6,838 (27.4%)",,"2,649 (30.0%)",,,"1,451 (28.7%)",614 (17.3%),"1,159 (37.2%)",312 (15.1%),"1,087 (30.4%)",724 (30.0%),"2,723 (31.8%)","3,053 (30.5%)","13,772 (29.2%)",,"2,788 (30.6%)",,,"1,833 (31.3%)",818 (21.3%),"1,213 (37.6%)",326 (15.7%),"1,179 (29.9%)",791 (32.4%),"2,857 (32.5%)","3,374 (31.1%)","15,179 (30.3%)",,"2,591 (29.8%)",,,"2,205 (32.7%)",725 (21.2%),"1,219 (38.8%)",289 (15.5%),"1,312 (32.5%)",856 (35.2%),"2,735 (35.2%)","3,068 (32.0%)","15,000 (31.4%)",,"2,850 (31.2%)",,,"2,212 (31.9%)",700 (21.0%),"1,149 (39.6%)",329 (15.4%),"1,450 (32.6%)",915 (34.4%),"2,669 (32.1%)","3,323 (31.3%)","15,597 (30.9%)","1,026 (37.6%)","2,692 (31.1%)",,,"2,303 (32.8%)",675 (20.8%),"1,152 (41.3%)",298 (13.4%),"1,425 (32.9%)",899 (34.2%),"2,959 (36.6%)","3,703 (33.0%)","17,132 (32.4%)","4,455 (38.3%)","2,849 (31.2%)",,"1,804 (33.9%)","2,978 (35.9%)",704 (21.6%),"1,100 (39.0%)",347 (14.8%),"1,353 (31.8%)","1,006 (36.2%)","3,010 (35.2%)","3,895 (33.9%)","23,501 (33.6%)","5,108 (38.8%)","3,024 (33.2%)",,"1,955 (36.5%)","3,328 (38.7%)",666 (20.9%),"1,202 (38.0%)",379 (14.9%),"1,547 (35.0%)","1,047 (38.2%)","3,310 (36.8%)","4,254 (36.8%)","25,820 (35.4%)","5,812 (39.6%)","3,597 (38.9%)",,,"3,391 (38.5%)",56 (21.9%),867 (27.4%),283 (14.7%),,"1,060 (37.0%)","3,581 (38.1%)","3,988 (35.7%)","22,635 (36.8%)","1,340 (39.7%)","1,605 (38.4%)",,,,,,,,103 (29.3%),34 (2.5%),,"3,082 (33.2%)"
  Chronic Pulmonary Disease,"17,089 (37.5%)","29,700 (36.9%)","5,473 (13.4%)","3,630 (34.0%)","19,172 (33.5%)","8,223 (26.7%)","8,712 (34.5%)","4,837 (24.8%)","11,109 (38.3%)","9,704 (29.1%)","43,918 (39.3%)","33,897 (37.2%)","195,464 (34.0%)",,,,,,,,,,,992 (40.2%),,992 (40.2%),,,,,,,,,,343 (27.6%),"1,864 (42.0%)",,"2,207 (38.8%)",,,,,,,,,,599 (29.0%),"2,181 (43.8%)",,"2,780 (39.4%)",,,,,,,,,,566 (27.3%),"2,863 (44.7%)",,"3,429 (40.5%)",,,,,,,,<10,,607 (27.5%),"3,198 (43.6%)",,"3,805 (39.8%)",,,,,,738 (21.4%),,47 (37.0%),,735 (33.0%),"3,102 (39.0%)",,"4,622 (33.6%)",,"1,584 (37.0%)",,,,729 (22.2%),,554 (25.8%),,697 (31.1%),"3,265 (39.3%)","1,517 (32.7%)","8,346 (33.5%)",,"3,419 (38.7%)",,,"1,628 (32.2%)",848 (23.9%),"1,064 (34.1%)",491 (23.8%),"1,317 (36.8%)",697 (28.9%),"3,287 (38.3%)","3,568 (35.7%)","16,319 (34.6%)",,"3,495 (38.4%)",,,"1,852 (31.7%)","1,152 (29.9%)","1,114 (34.6%)",499 (24.0%),"1,486 (37.6%)",736 (30.2%),"3,471 (39.5%)","3,845 (35.4%)","17,650 (35.2%)",,"3,081 (35.5%)",,,"2,170 (32.2%)",960 (28.1%),"1,114 (35.4%)",467 (25.0%),"1,534 (38.0%)",745 (30.6%),"2,876 (37.0%)","3,311 (34.5%)","16,258 (34.1%)",,"3,229 (35.3%)",,,"2,245 (32.4%)",935 (28.0%),"1,148 (39.6%)",528 (24.7%),"1,715 (38.6%)",729 (27.4%),"2,889 (34.8%)","3,810 (35.8%)","17,228 (34.1%)","1,001 (36.6%)","3,219 (37.1%)",,,"2,384 (34.0%)",912 (28.1%),"1,101 (39.5%)",499 (22.4%),"1,652 (38.1%)",727 (27.7%),"3,068 (38.0%)","4,230 (37.7%)","18,793 (35.5%)","4,236 (36.5%)","3,279 (35.9%)",,"1,733 (32.6%)","2,890 (34.8%)",954 (29.3%),"1,124 (39.8%)",612 (26.2%),"1,597 (37.6%)",811 (29.2%),"3,251 (38.1%)","4,286 (37.3%)","24,773 (35.5%)","4,887 (37.1%)","3,368 (36.9%)",,"1,897 (35.4%)","3,026 (35.2%)",922 (28.9%),"1,220 (38.5%)",639 (25.1%),"1,808 (40.9%)",832 (30.4%),"3,615 (40.1%)","4,688 (40.5%)","26,902 (36.9%)","5,609 (38.2%)","3,561 (38.5%)",,,"2,977 (33.8%)",73 (28.5%),827 (26.1%),498 (25.8%),,793 (27.6%),"3,931 (41.8%)","4,642 (41.5%)","22,911 (37.2%)","1,356 (40.2%)","1,465 (35.0%)",,,,,,,,87 (24.7%),65 (4.8%),,"2,973 (32.0%)"
  Diabetes With Complications,"12,378 (27.2%)","18,557 (23.1%)","3,571 (8.8%)","2,648 (24.8%)","12,787 (22.3%)","4,531 (14.7%)","7,010 (27.8%)",,"5,908 (20.4%)","4,497 (13.5%)","22,645 (20.3%)","19,155 (21.0%)","113,687 (20.4%)",,,,,,,,,,,199 (8.1%),,199 (8.1%),,,,,,,,,,44 (3.5%),365 (8.2%),,409 (7.2%),,,,,,,,,,63 (3.0%),365 (7.3%),,428 (6.1%),,,,,,,,,,116 (5.6%),517 (8.1%),,633 (7.5%),,,,,,,,,,90 (4.1%),754 (10.3%),,844 (8.8%),,,,,,288 (8.3%),,,,224 (10.1%),"1,387 (17.4%)",,"1,899 (13.9%)",,853 (19.9%),,,,389 (11.8%),,,,334 (14.9%),"1,958 (23.6%)",862 (18.6%),"4,396 (19.3%)",,"1,915 (21.7%)",,,985 (19.5%),394 (11.1%),900 (28.9%),,630 (17.6%),407 (16.9%),"2,041 (23.8%)","1,889 (18.9%)","9,161 (20.3%)",,"2,054 (22.6%)",,,"1,203 (20.6%)",637 (16.6%),921 (28.6%),,725 (18.4%),380 (15.6%),"2,084 (23.7%)","2,044 (18.8%)","10,048 (20.9%)",,"1,998 (23.0%)",,,"1,536 (22.8%)",563 (16.5%),961 (30.6%),,869 (21.5%),414 (17.0%),"1,919 (24.7%)","1,962 (20.4%)","10,222 (22.3%)",,"2,102 (23.0%)",,,"1,446 (20.9%)",549 (16.4%),897 (30.9%),,897 (20.2%),440 (16.5%),"1,870 (22.5%)","2,093 (19.7%)","10,294 (21.3%)",675 (24.7%),"1,982 (22.9%)",,,"1,586 (22.6%)",540 (16.6%),835 (29.9%),,931 (21.5%),414 (15.8%),"2,081 (25.7%)","2,273 (20.3%)","11,317 (22.3%)","3,102 (26.7%)","2,074 (22.7%)",,"1,294 (24.3%)","1,909 (23.0%)",559 (17.2%),850 (30.1%),,854 (20.1%),495 (17.8%),"2,154 (25.2%)","2,456 (21.4%)","15,747 (23.3%)","3,506 (26.6%)","2,187 (24.0%)",,"1,354 (25.3%)","2,042 (23.7%)",560 (17.5%),978 (30.9%),,"1,002 (22.7%)",520 (19.0%),"2,361 (26.2%)","2,829 (24.5%)","17,339 (24.7%)","4,140 (28.2%)","2,386 (25.8%)",,,"2,080 (23.6%)",52 (20.3%),668 (21.1%),,,510 (17.8%),"2,570 (27.3%)","2,747 (24.6%)","15,153 (25.4%)",955 (28.3%),"1,006 (24.0%)",,,,,,,,46 (13.1%),20 (1.5%),,"2,027 (21.8%)"
  Peripheral Vascular Disease,"8,453 (18.5%)","11,242 (14.0%)","2,634 (6.5%)","2,351 (22.0%)","13,352 (23.3%)","4,028 (13.1%)","5,363 (21.2%)","4,389 (22.5%)","2,495 (8.6%)","7,145 (21.4%)","15,735 (14.1%)","18,167 (19.9%)","95,354 (16.6%)",,,,,,,,,,,339 (13.7%),,339 (13.7%),,,,,,,,,,192 (15.4%),573 (12.9%),,765 (13.5%),,,,,,,,,,375 (18.1%),653 (13.1%),,"1,028 (14.6%)",,,,,,,,,,387 (18.7%),938 (14.6%),,"1,325 (15.6%)",,,,,,,,<10,,368 (16.6%),"1,114 (15.2%)",,"1,482 (15.5%)",,,,,,432 (12.5%),,35 (27.6%),,443 (19.9%),"1,094 (13.7%)",,"2,004 (14.6%)",,557 (13.0%),,,,417 (12.7%),,411 (19.1%),,417 (18.6%),"1,220 (14.7%)",904 (19.5%),"3,926 (15.8%)",,"1,124 (12.7%)",,,946 (18.7%),380 (10.7%),481 (15.4%),448 (21.7%),241 (6.7%),457 (18.9%),"1,147 (13.4%)","2,013 (20.1%)","7,237 (15.3%)",,"1,156 (12.7%)",,,"1,181 (20.2%)",501 (13.0%),621 (19.3%),449 (21.6%),269 (6.8%),511 (21.0%),"1,197 (13.6%)","2,081 (19.2%)","7,966 (15.9%)",,"1,057 (12.2%)",,,"1,353 (20.0%)",432 (12.7%),738 (23.5%),472 (25.2%),337 (8.3%),527 (21.7%),"1,023 (13.2%)","1,753 (18.3%)","7,692 (16.1%)",,"1,141 (12.5%)",,,"1,540 (22.2%)",426 (12.8%),706 (24.3%),541 (25.3%),405 (9.1%),611 (23.0%),"1,107 (13.3%)","2,056 (19.3%)","8,533 (16.9%)",464 (17.0%),"1,193 (13.8%)",,,"1,593 (22.7%)",444 (13.7%),748 (26.8%),598 (26.9%),376 (8.7%),568 (21.6%),"1,123 (13.9%)","2,331 (20.8%)","9,438 (17.8%)","2,075 (17.9%)","1,325 (14.5%)",,"1,125 (21.1%)","2,043 (24.6%)",503 (15.4%),748 (26.5%),592 (25.3%),413 (9.7%),727 (26.1%),"1,251 (14.6%)","2,352 (20.5%)","13,154 (18.8%)","2,450 (18.6%)","1,473 (16.2%)",,"1,226 (22.9%)","2,344 (27.2%)",461 (14.4%),780 (24.6%),545 (21.4%),454 (10.3%),736 (26.9%),"1,386 (15.4%)","2,369 (20.5%)","14,224 (19.5%)","2,837 (19.3%)","1,580 (17.1%)",,,"2,352 (26.7%)",32 (12.5%),541 (17.1%),296 (15.3%),,760 (26.5%),"1,557 (16.6%)","2,308 (20.6%)","12,263 (19.9%)",627 (18.6%),636 (15.2%),,,,,,,,66 (18.8%),13 (1.0%),,"1,342 (14.5%)"
  Diabetes Uncomplicated,"7,357 (16.1%)","13,019 (16.2%)","3,599 (8.8%)","1,343 (12.6%)","8,937 (15.6%)","5,128 (16.6%)","3,391 (13.4%)","6,866 (35.3%)","4,367 (15.1%)","6,261 (18.8%)","20,144 (18.0%)","15,806 (17.3%)","96,218 (16.7%)",,,,,,,,,,,657 (26.6%),,657 (26.6%),,,,,,,,,,316 (25.4%),"1,217 (27.4%)",,"1,533 (27.0%)",,,,,,,,,,512 (24.7%),"1,381 (27.7%)",,"1,893 (26.9%)",,,,,,,,,,484 (23.4%),"1,846 (28.8%)",,"2,330 (27.5%)",,,,,,,,<10,,529 (23.9%),"2,114 (28.8%)",,"2,643 (27.7%)",,,,,,728 (21.1%),,41 (32.3%),,499 (22.4%),"1,699 (21.3%)",,"2,967 (21.6%)",,721 (16.8%),,,,604 (18.4%),,754 (35.1%),,393 (17.5%),"1,260 (15.2%)",825 (17.8%),"4,557 (18.3%)",,"1,433 (16.2%)",,,745 (14.7%),603 (17.0%),423 (13.6%),750 (36.4%),589 (16.5%),386 (16.0%),"1,323 (15.4%)","1,860 (18.6%)","8,112 (17.2%)",,"1,495 (16.4%)",,,805 (13.8%),623 (16.2%),445 (13.8%),691 (33.2%),598 (15.1%),412 (16.9%),"1,291 (14.7%)","2,004 (18.4%)","8,364 (16.7%)",,"1,581 (18.2%)",,,"1,169 (17.3%)",540 (15.8%),524 (16.7%),670 (35.8%),585 (14.5%),426 (17.5%),"1,113 (14.3%)","1,670 (17.4%)","8,278 (17.4%)",,"1,522 (16.7%)",,,"1,112 (16.0%)",504 (15.1%),415 (14.3%),744 (34.8%),647 (14.6%),430 (16.2%),"1,246 (15.0%)","1,998 (18.8%)","8,618 (17.1%)",436 (16.0%),"1,351 (15.6%)",,,"1,094 (15.6%)",498 (15.3%),390 (14.0%),745 (33.5%),647 (14.9%),451 (17.2%),"1,149 (14.2%)","1,950 (17.4%)","8,711 (16.5%)","1,919 (16.5%)","1,484 (16.3%)",,720 (13.5%),"1,317 (15.9%)",479 (14.7%),421 (14.9%),835 (35.7%),626 (14.7%),461 (16.6%),"1,290 (15.1%)","1,942 (16.9%)","11,494 (16.5%)","2,098 (15.9%)","1,495 (16.4%)",,623 (11.6%),"1,332 (15.5%)",519 (16.3%),443 (14.0%),943 (37.0%),675 (15.3%),460 (16.8%),"1,247 (13.8%)","1,766 (15.3%)","11,601 (15.9%)","2,350 (16.0%)","1,397 (15.1%)",,,"1,363 (15.5%)",30 (11.7%),330 (10.4%),692 (35.9%),,448 (15.6%),"1,291 (13.7%)","1,791 (16.0%)","9,692 (15.8%)",554 (16.4%),540 (12.9%),,,,,,,,54 (15.3%),20 (1.5%),,"1,168 (12.6%)"
  Cerebrovascular Disease,"7,269 (15.9%)","10,667 (13.3%)","3,243 (8.0%)","1,154 (10.8%)","12,014 (21.0%)","4,151 (13.5%)","6,942 (27.5%)","8,342 (42.8%)","3,672 (12.7%)","9,196 (27.6%)","12,941 (11.6%)","12,290 (13.5%)","91,881 (16.0%)",,,,,,,,,,,256 (10.4%),,256 (10.4%),,,,,,,,,,304 (24.4%),488 (11.0%),,792 (13.9%),,,,,,,,,,551 (26.6%),614 (12.3%),,"1,165 (16.5%)",,,,,,,,,,510 (24.6%),758 (11.8%),,"1,268 (15.0%)",,,,,,,,<10,,512 (23.2%),875 (11.9%),,"1,387 (14.5%)",,,,,,451 (13.1%),,69 (54.3%),,520 (23.4%),857 (10.8%),,"1,897 (13.8%)",,495 (11.6%),,,,379 (11.5%),,875 (40.7%),,544 (24.3%),920 (11.1%),675 (14.5%),"3,888 (15.6%)",,"1,081 (12.2%)",,,914 (18.1%),402 (11.3%),801 (25.7%),890 (43.2%),315 (8.8%),675 (28.0%),931 (10.9%),"1,349 (13.5%)","7,358 (15.6%)",,"1,100 (12.1%)",,,"1,117 (19.1%)",508 (13.2%),678 (21.0%),896 (43.0%),385 (9.8%),678 (27.8%),992 (11.3%),"1,431 (13.2%)","7,785 (15.5%)",,"1,142 (13.1%)",,,"1,309 (19.4%)",494 (14.5%),971 (30.9%),871 (46.6%),434 (10.7%),690 (28.3%),937 (12.1%),"1,266 (13.2%)","8,114 (17.0%)",,"1,225 (13.4%)",,,"1,443 (20.8%)",456 (13.7%),931 (32.1%),946 (44.3%),566 (12.7%),818 (30.7%),876 (10.5%),"1,358 (12.8%)","8,619 (17.1%)",441 (16.1%),"1,175 (13.6%)",,,"1,617 (23.1%)",477 (14.7%),953 (34.2%),958 (43.0%),633 (14.6%),716 (27.2%),997 (12.3%),"1,501 (13.4%)","9,468 (17.9%)","1,876 (16.1%)","1,342 (14.7%)",,594 (11.2%),"1,800 (21.7%)",506 (15.5%),925 (32.8%),972 (41.5%),641 (15.1%),860 (30.9%),"1,074 (12.6%)","1,564 (13.6%)","12,154 (17.4%)","2,018 (15.3%)","1,278 (14.0%)",,560 (10.5%),"1,858 (21.6%)",443 (13.9%),"1,001 (31.6%)","1,051 (41.2%)",698 (15.8%),881 (32.2%),"1,168 (13.0%)","1,646 (14.2%)","12,602 (17.3%)","2,400 (16.3%)","1,301 (14.1%)",,,"1,956 (22.2%)",35 (13.7%),682 (21.5%),813 (42.1%),,855 (29.8%),"1,183 (12.6%)","1,500 (13.4%)","10,725 (17.4%)",534 (15.8%),528 (12.6%),,,,,,,,82 (23.3%),15 (1.1%),,"1,159 (12.5%)"
  Myocardial Infarction,"7,169 (15.7%)","16,379 (20.4%)","4,740 (11.6%)","1,616 (15.1%)","11,520 (20.1%)","4,233 (13.7%)","6,560 (26.0%)","4,518 (23.2%)","3,729 (12.9%)","5,795 (17.4%)","19,736 (17.7%)","13,261 (14.5%)","99,256 (17.2%)",,,,,,,,,,,319 (12.9%),,319 (12.9%),,,,,,,,,,138 (11.1%),630 (14.2%),,768 (13.5%),,,,,,,,,,310 (15.0%),742 (14.9%),,"1,052 (14.9%)",,,,,,,,,,280 (13.5%),940 (14.7%),,"1,220 (14.4%)",,,,,,,,<10,,242 (10.9%),"1,224 (16.7%)",,"1,466 (15.4%)",,,,,,397 (11.5%),,36 (28.3%),,329 (14.8%),"1,373 (17.3%)",,"2,135 (15.5%)",,985 (23.0%),,,,434 (13.2%),,504 (23.5%),,348 (15.5%),"1,498 (18.0%)",651 (14.0%),"4,420 (17.7%)",,"1,895 (21.4%)",,,829 (16.4%),406 (11.5%),649 (20.8%),456 (22.1%),303 (8.5%),370 (15.3%),"1,581 (18.4%)","1,455 (14.6%)","7,944 (16.8%)",,"2,016 (22.1%)",,,"1,029 (17.6%)",538 (14.0%),908 (28.2%),514 (24.7%),415 (10.5%),360 (14.8%),"1,558 (17.7%)","1,552 (14.3%)","8,890 (17.7%)",,"1,863 (21.4%)",,,"1,353 (20.0%)",503 (14.7%),932 (29.7%),427 (22.8%),533 (13.2%),416 (17.1%),"1,549 (19.9%)","1,417 (14.8%)","8,993 (18.9%)",,"1,890 (20.7%)",,,"1,422 (20.5%)",515 (15.4%),939 (32.4%),512 (24.0%),688 (15.5%),526 (19.8%),"1,671 (20.1%)","1,502 (14.1%)","9,665 (19.1%)",353 (12.9%),"1,750 (20.2%)",,,"1,421 (20.3%)",518 (16.0%),900 (32.3%),510 (22.9%),663 (15.3%),545 (20.7%),"1,442 (17.8%)","1,559 (13.9%)","9,661 (18.3%)","1,705 (14.7%)","1,689 (18.5%)",,812 (15.3%),"1,718 (20.7%)",432 (13.3%),787 (27.9%),541 (23.1%),617 (14.5%),575 (20.7%),"1,593 (18.6%)","1,570 (13.7%)","12,039 (17.2%)","2,086 (15.8%)","1,816 (19.9%)",,804 (15.0%),"1,837 (21.3%)",461 (14.4%),914 (28.9%),606 (23.8%),510 (11.5%),693 (25.3%),"1,730 (19.2%)","1,831 (15.8%)","13,288 (18.2%)","2,420 (16.5%)","1,750 (18.9%)",,,"1,911 (21.7%)",29 (11.3%),531 (16.8%),410 (21.2%),,590 (20.6%),"1,858 (19.8%)","1,724 (15.4%)","11,223 (18.2%)",605 (17.9%),725 (17.3%),,,,,,,,73 (20.7%),28 (2.1%),,"1,431 (15.4%)"
  Cancer,"3,565 (7.8%)","6,896 (8.6%)","1,637 (4.0%)","1,007 (9.4%)","6,575 (11.5%)","3,794 (12.3%)","2,721 (10.8%)",353 (1.8%),"2,059 (7.1%)","4,473 (13.4%)","9,367 (8.4%)","8,041 (8.8%)","50,488 (8.8%)",,,,,,,,,,,333 (13.5%),,333 (13.5%),,,,,,,,,,186 (14.9%),504 (11.4%),,690 (12.1%),,,,,,,,,,303 (14.6%),527 (10.6%),,830 (11.8%),,,,,,,,,,281 (13.6%),614 (9.6%),,895 (10.6%),,,,,,,,,,334 (15.1%),628 (8.6%),,962 (10.1%),,,,,,416 (12.0%),,<10,,322 (14.5%),653 (8.2%),,"1,391 (10.2%)",,339 (7.9%),,,,439 (13.4%),,35 (1.6%),,324 (14.5%),711 (8.6%),449 (9.7%),"2,297 (9.2%)",,752 (8.5%),,,538 (10.7%),437 (12.3%),360 (11.5%),36 (1.7%),342 (9.6%),330 (13.7%),687 (8.0%),871 (8.7%),"4,353 (9.2%)",,860 (9.4%),,,606 (10.4%),472 (12.3%),366 (11.4%),25 (1.2%),316 (8.0%),324 (13.3%),673 (7.7%),"1,030 (9.5%)","4,672 (9.3%)",,729 (8.4%),,,814 (12.1%),473 (13.9%),342 (10.9%),33 (1.8%),291 (7.2%),311 (12.8%),582 (7.5%),795 (8.3%),"4,370 (9.2%)",,737 (8.1%),,,767 (11.1%),378 (11.3%),353 (12.2%),38 (1.8%),286 (6.4%),353 (13.3%),632 (7.6%),866 (8.1%),"4,410 (8.7%)",180 (6.6%),717 (8.3%),,,832 (11.9%),398 (12.3%),328 (11.8%),64 (2.9%),273 (6.3%),312 (11.9%),626 (7.7%),"1,064 (9.5%)","4,794 (9.1%)",912 (7.8%),825 (9.0%),,471 (8.9%),932 (11.2%),391 (12.0%),318 (11.3%),51 (2.2%),256 (6.0%),343 (12.3%),709 (8.3%),988 (8.6%),"6,196 (8.9%)","1,069 (8.1%)",784 (8.6%),,536 (10.0%),"1,044 (12.1%)",363 (11.4%),382 (12.1%),34 (1.3%),295 (6.7%),352 (12.9%),713 (7.9%),"1,033 (8.9%)","6,605 (9.1%)","1,133 (7.7%)",809 (8.8%),,,"1,042 (11.8%)",27 (10.5%),272 (8.6%),33 (1.7%),,365 (12.7%),772 (8.2%),945 (8.5%),"5,398 (8.8%)",271 (8.0%),344 (8.2%),,,,,,,,33 (9.4%),<10,,648 (8.2%)
  Mild Liver Disease,"3,172 (7.0%)","5,712 (7.1%)","1,262 (3.1%)",813 (7.6%),"4,286 (7.5%)","2,381 (7.7%)","2,414 (9.6%)",762 (3.9%),"1,536 (5.3%)","3,050 (9.1%)","7,563 (6.8%)","5,939 (6.5%)","38,890 (6.8%)",,,,,,,,,,,164 (6.6%),,164 (6.6%),,,,,,,,,,158 (12.7%),289 (6.5%),,447 (7.9%),,,,,,,,,,261 (12.6%),356 (7.1%),,617 (8.8%),,,,,,,,,,224 (10.8%),472 (7.4%),,696 (8.2%),,,,,,,,,,190 (8.6%),469 (6.4%),,659 (6.9%),,,,,,220 (6.4%),,<10,,188 (8.4%),347 (4.4%),,755 (5.5%),,261 (6.1%),,,,219 (6.7%),,67 (3.1%),,170 (7.6%),447 (5.4%),263 (5.7%),"1,427 (5.7%)",,551 (6.2%),,,235 (4.7%),221 (6.2%),208 (6.7%),70 (3.4%),149 (4.2%),216 (8.9%),467 (5.4%),627 (6.3%),"2,744 (5.8%)",,564 (6.2%),,,374 (6.4%),311 (8.1%),206 (6.4%),70 (3.4%),159 (4.0%),177 (7.3%),506 (5.8%),646 (5.9%),"3,013 (6.0%)",,614 (7.1%),,,446 (6.6%),296 (8.7%),311 (9.9%),82 (4.4%),236 (5.8%),199 (8.2%),527 (6.8%),598 (6.2%),"3,309 (6.9%)",,622 (6.8%),,,502 (7.2%),278 (8.3%),336 (11.6%),88 (4.1%),252 (5.7%),230 (8.6%),690 (8.3%),676 (6.4%),"3,674 (7.3%)",163 (6.0%),603 (7.0%),,,492 (7.0%),263 (8.1%),335 (12.0%),89 (4.0%),253 (5.8%),200 (7.6%),618 (7.6%),668 (6.0%),"3,684 (7.0%)",750 (6.5%),692 (7.6%),,416 (7.8%),702 (8.5%),278 (8.5%),378 (13.4%),94 (4.0%),234 (5.5%),252 (9.1%),656 (7.7%),753 (6.6%),"5,205 (7.5%)",922 (7.0%),733 (8.0%),,397 (7.4%),727 (8.4%),279 (8.7%),388 (12.3%),103 (4.0%),253 (5.7%),274 (10.0%),729 (8.1%),901 (7.8%),"5,706 (7.8%)","1,099 (7.5%)",775 (8.4%),,,808 (9.2%),16 (6.2%),252 (7.9%),93 (4.8%),,287 (10.0%),823 (8.8%),807 (7.2%),"4,960 (8.1%)",238 (7.0%),297 (7.1%),,,,,,,,24 (6.8%),<10,,559 (7.1%)
  Dementia,"2,751 (6.0%)",786 (1.0%),"1,024 (2.5%)",303 (2.8%),"3,227 (5.6%)",843 (2.7%),"1,007 (4.0%)","1,641 (8.4%)","1,299 (4.5%)","1,389 (4.2%)","6,157 (5.5%)","3,985 (4.4%)","24,412 (4.2%)",,,,,,,,,,,76 (3.1%),,76 (3.1%),,,,,,,,,,40 (3.2%),191 (4.3%),,231 (4.1%),,,,,,,,,,84 (4.1%),222 (4.5%),,306 (4.3%),,,,,,,,,,86 (4.2%),353 (5.5%),,439 (5.2%),,,,,,,,<10,,87 (3.9%),459 (6.3%),,546 (5.7%),,,,,,59 (1.7%),,13 (10.2%),,112 (5.0%),451 (5.7%),,635 (4.6%),,38 (0.9%),,,,62 (1.9%),,148 (6.9%),,106 (4.7%),501 (6.0%),155 (3.3%),"1,010 (4.1%)",,65 (0.7%),,,277 (5.5%),63 (1.8%),152 (4.9%),156 (7.6%),126 (3.5%),118 (4.9%),509 (5.9%),417 (4.2%),"1,883 (4.0%)",,73 (0.8%),,,348 (5.9%),132 (3.4%),147 (4.6%),140 (6.7%),143 (3.6%),97 (4.0%),571 (6.5%),426 (3.9%),"2,077 (4.1%)",,116 (1.3%),,,384 (5.7%),107 (3.1%),126 (4.0%),153 (8.2%),197 (4.9%),115 (4.7%),453 (5.8%),448 (4.7%),"2,099 (4.4%)",,76 (0.8%),,,360 (5.2%),102 (3.1%),123 (4.2%),209 (9.8%),234 (5.3%),111 (4.2%),416 (5.0%),403 (3.8%),"2,034 (4.0%)",166 (6.1%),83 (1.0%),,,383 (5.5%),91 (2.8%),119 (4.3%),222 (10.0%),209 (4.8%),110 (4.2%),396 (4.9%),462 (4.1%),"2,241 (4.2%)",696 (6.0%),76 (0.8%),,153 (2.9%),507 (6.1%),113 (3.5%),116 (4.1%),214 (9.1%),188 (4.4%),97 (3.5%),464 (5.4%),514 (4.5%),"3,138 (4.5%)",747 (5.7%),99 (1.1%),,150 (2.8%),447 (5.2%),107 (3.4%),129 (4.1%),222 (8.7%),202 (4.6%),101 (3.7%),529 (5.9%),602 (5.2%),"3,335 (4.6%)",927 (6.3%),101 (1.1%),,,521 (5.9%),<10,95 (3.0%),163 (8.4%),,107 (3.7%),561 (6.0%),558 (5.0%),"3,033 (4.9%)",215 (6.4%),59 (1.4%),,,,,,,,18 (5.1%),<10,,292 (3.7%)
  Metastatic Solid Tumor,"2,610 (5.7%)","5,054 (6.3%)","1,066 (2.6%)",605 (5.7%),"5,627 (9.8%)","2,140 (6.9%)","2,098 (8.3%)","5,755 (29.6%)","1,736 (6.0%)","3,267 (9.8%)","4,696 (4.2%)","5,327 (5.8%)","39,981 (6.9%)",,,,,,,,,,,135 (5.5%),,135 (5.5%),,,,,,,,,,121 (9.7%),256 (5.8%),,377 (6.6%),,,,,,,,,,207 (10.0%),246 (4.9%),,453 (6.4%),,,,,,,,,,188 (9.1%),292 (4.6%),,480 (5.7%),,,,,,,,<10,,207 (9.4%),289 (3.9%),,496 (5.2%),,,,,,244 (7.1%),,50 (39.4%),,190 (8.5%),334 (4.2%),,818 (5.9%),,225 (5.3%),,,,258 (7.8%),,558 (26.0%),,179 (8.0%),327 (3.9%),259 (5.6%),"1,806 (7.2%)",,518 (5.9%),,,418 (8.3%),256 (7.2%),256 (8.2%),556 (27.0%),211 (5.9%),219 (9.1%),318 (3.7%),632 (6.3%),"3,384 (7.2%)",,526 (5.8%),,,474 (8.1%),315 (8.2%),274 (8.5%),606 (29.1%),296 (7.5%),214 (8.8%),338 (3.8%),703 (6.5%),"3,746 (7.5%)",,566 (6.5%),,,668 (9.9%),222 (6.5%),230 (7.3%),559 (29.9%),219 (5.4%),230 (9.4%),293 (3.8%),590 (6.1%),"3,577 (7.5%)",,536 (5.9%),,,668 (9.6%),209 (6.3%),230 (7.9%),630 (29.5%),257 (5.8%),253 (9.5%),301 (3.6%),578 (5.4%),"3,662 (7.3%)",128 (4.7%),547 (6.3%),,,764 (10.9%),212 (6.5%),306 (11.0%),676 (30.4%),257 (5.9%),288 (11.0%),367 (4.5%),612 (5.5%),"4,157 (7.9%)",661 (5.7%),636 (7.0%),,306 (5.8%),878 (10.6%),200 (6.1%),295 (10.5%),739 (31.6%),249 (5.9%),307 (11.0%),388 (4.5%),667 (5.8%),"5,326 (7.6%)",779 (5.9%),599 (6.6%),,299 (5.6%),874 (10.2%),209 (6.5%),326 (10.3%),787 (30.9%),247 (5.6%),302 (11.0%),400 (4.4%),653 (5.6%),"5,475 (7.5%)",843 (5.7%),633 (6.8%),,,883 (10.0%),15 (5.9%),181 (5.7%),590 (30.6%),,340 (11.9%),409 (4.4%),633 (5.7%),"4,527 (7.4%)",199 (5.9%),268 (6.4%),,,,,,,,22 (6.2%),<10,,489 (6.2%)
  Hemiplegia,"1,955 (4.3%)","4,364 (5.4%)","1,177 (2.9%)",658 (6.2%),"3,884 (6.8%)","1,784 (5.8%)","1,900 (7.5%)",,"1,706 (5.9%)","3,099 (9.3%)","4,160 (3.7%)","4,087 (4.5%)","28,774 (5.2%)",,,,,,,,,,,98 (4.0%),,98 (4.0%),,,,,,,,,,95 (7.6%),175 (3.9%),,270 (4.7%),,,,,,,,,,151 (7.3%),168 (3.4%),,319 (4.5%),,,,,,,,,,151 (7.3%),277 (4.3%),,428 (5.1%),,,,,,,,,,216 (9.8%),253 (3.4%),,469 (4.9%),,,,,,191 (5.5%),,,,234 (10.5%),285 (3.6%),,710 (5.2%),,212 (5.0%),,,,153 (4.7%),,,,216 (9.6%),340 (4.1%),233 (5.0%),"1,154 (5.1%)",,470 (5.3%),,,336 (6.7%),179 (5.0%),325 (10.4%),,141 (3.9%),212 (8.8%),312 (3.6%),492 (4.9%),"2,467 (5.5%)",,418 (4.6%),,,457 (7.8%),271 (7.0%),255 (7.9%),,206 (5.2%),239 (9.8%),309 (3.5%),526 (4.8%),"2,681 (5.6%)",,490 (5.6%),,,429 (6.4%),227 (6.7%),258 (8.2%),,219 (5.4%),233 (9.6%),286 (3.7%),478 (5.0%),"2,620 (5.7%)",,529 (5.8%),,,476 (6.9%),200 (6.0%),222 (7.6%),,242 (5.4%),275 (10.3%),248 (3.0%),432 (4.1%),"2,624 (5.4%)",126 (4.6%),481 (5.5%),,,526 (7.5%),183 (5.6%),208 (7.5%),,258 (6.0%),258 (9.8%),313 (3.9%),470 (4.2%),"2,823 (5.6%)",505 (4.3%),530 (5.8%),,331 (6.2%),552 (6.7%),191 (5.9%),240 (8.5%),,318 (7.5%),251 (9.0%),399 (4.7%),469 (4.1%),"3,786 (5.6%)",541 (4.1%),527 (5.8%),,327 (6.1%),569 (6.6%),176 (5.5%),254 (8.0%),,322 (7.3%),286 (10.4%),362 (4.0%),498 (4.3%),"3,862 (5.5%)",642 (4.4%),510 (5.5%),,,539 (6.1%),13 (5.1%),138 (4.4%),,,265 (9.2%),334 (3.6%),489 (4.4%),"2,930 (4.9%)",141 (4.2%),197 (4.7%),,,,,,,,17 (4.8%),<10,,355 (4.5%)
  Connective Tissue Disease,"1,856 (4.1%)","3,097 (3.9%)",663 (1.6%),565 (5.3%),"2,706 (4.7%)",933 (3.0%),"1,147 (4.5%)",169 (0.9%),904 (3.1%),"1,374 (4.1%)","5,063 (4.5%)","3,587 (3.9%)","22,064 (3.8%)",,,,,,,,,,,107 (4.3%),,107 (4.3%),,,,,,,,,,47 (3.8%),191 (4.3%),,238 (4.2%),,,,,,,,,,63 (3.0%),246 (4.9%),,309 (4.4%),,,,,,,,,,64 (3.1%),304 (4.7%),,368 (4.3%),,,,,,,,,,74 (3.3%),351 (4.8%),,425 (4.5%),,,,,,79 (2.3%),,<10,,92 (4.1%),357 (4.5%),,528 (3.9%),,154 (3.6%),,,,84 (2.6%),,<10,,94 (4.2%),377 (4.5%),180 (3.9%),889 (3.9%),,295 (3.3%),,,243 (4.8%),91 (2.6%),147 (4.7%),23 (1.1%),139 (3.9%),71 (2.9%),414 (4.8%),368 (3.7%),"1,791 (3.8%)",,360 (4.0%),,,296 (5.1%),120 (3.1%),158 (4.9%),25 (1.2%),119 (3.0%),97 (4.0%),421 (4.8%),388 (3.6%),"1,984 (4.0%)",,311 (3.6%),,,269 (4.0%),100 (2.9%),130 (4.1%),19 (1.0%),121 (3.0%),103 (4.2%),338 (4.3%),418 (4.4%),"1,809 (3.8%)",,356 (3.9%),,,296 (4.3%),99 (3.0%),170 (5.9%),20 (0.9%),124 (2.8%),116 (4.4%),397 (4.8%),375 (3.5%),"1,953 (3.9%)",104 (3.8%),341 (3.9%),,,343 (4.9%),126 (3.9%),159 (5.7%),16 (0.7%),145 (3.3%),108 (4.1%),375 (4.6%),442 (3.9%),"2,159 (4.1%)",448 (3.9%),368 (4.0%),,288 (5.4%),419 (5.1%),120 (3.7%),148 (5.2%),24 (1.0%),121 (2.8%),154 (5.5%),371 (4.3%),447 (3.9%),"2,908 (4.2%)",496 (3.8%),363 (4.0%),,277 (5.2%),414 (4.8%),107 (3.4%),139 (4.4%),11 (0.4%),135 (3.1%),142 (5.2%),397 (4.4%),530 (4.6%),"3,011 (4.1%)",645 (4.4%),342 (3.7%),,,426 (4.8%),<10,96 (3.0%),19 (1.0%),,137 (4.8%),415 (4.4%),439 (3.9%),"2,519 (4.1%)",163 (4.8%),207 (4.9%),,,,,,,,12 (3.4%),<10,,382 (4.8%)
  Moderate Severe Liver Disease,"1,549 (3.4%)","2,887 (3.6%)","1,442 (3.5%)",516 (4.8%),"2,971 (5.2%)","1,541 (5.0%)","1,535 (6.1%)",103 (0.5%),"1,361 (4.7%)","3,109 (9.3%)","4,489 (4.0%)","3,105 (3.4%)","24,608 (4.3%)",,,,,,,,,,,142 (5.8%),,142 (5.8%),,,,,,,,,,112 (9.0%),197 (4.4%),,309 (5.4%),,,,,,,,,,146 (7.1%),233 (4.7%),,379 (5.4%),,,,,,,,,,164 (7.9%),269 (4.2%),,433 (5.1%),,,,,,,,,,162 (7.3%),267 (3.6%),,429 (4.5%),,,,,,116 (3.4%),,,,221 (9.9%),311 (3.9%),,648 (4.8%),,177 (4.1%),,,,134 (4.1%),,<10,,254 (11.3%),326 (3.9%),154 (3.3%),"1,045 (4.6%)",,306 (3.5%),,,286 (5.7%),136 (3.8%),158 (5.1%),15 (0.7%),148 (4.1%),256 (10.6%),329 (3.8%),335 (3.4%),"1,969 (4.2%)",,352 (3.9%),,,308 (5.3%),201 (5.2%),192 (6.0%),12 (0.6%),162 (4.1%),240 (9.8%),346 (3.9%),332 (3.1%),"2,145 (4.3%)",,354 (4.1%),,,357 (5.3%),203 (5.9%),192 (6.1%),<10,193 (4.8%),268 (11.0%),328 (4.2%),305 (3.2%),"2,200 (4.8%)",,330 (3.6%),,,356 (5.1%),194 (5.8%),193 (6.7%),<10,220 (5.0%),270 (10.1%),341 (4.1%),321 (3.0%),"2,225 (4.6%)",97 (3.6%),293 (3.4%),,,358 (5.1%),160 (4.9%),216 (7.7%),13 (0.6%),201 (4.6%),241 (9.2%),341 (4.2%),352 (3.1%),"2,272 (4.3%)",394 (3.4%),314 (3.4%),,263 (4.9%),439 (5.3%),194 (6.0%),204 (7.2%),10 (0.4%),230 (5.4%),262 (9.4%),351 (4.1%),374 (3.3%),"3,035 (4.3%)",457 (3.5%),298 (3.3%),,253 (4.7%),440 (5.1%),184 (5.8%),232 (7.3%),13 (0.5%),207 (4.7%),248 (9.1%),373 (4.1%),493 (4.3%),"3,198 (4.4%)",489 (3.3%),326 (3.5%),,,427 (4.8%),19 (7.4%),148 (4.7%),14 (0.7%),,246 (8.6%),334 (3.6%),439 (3.9%),"2,442 (4.0%)",112 (3.3%),137 (3.3%),,,,,,,,19 (5.4%),<10,,268 (3.4%)
  Peptic Ulcer Disease,994 (2.2%),"1,910 (2.4%)",659 (1.6%),220 (2.1%),"2,382 (4.2%)",689 (2.2%),751 (3.0%),431 (2.2%),807 (2.8%),"1,239 (3.7%)","2,286 (2.0%)","1,764 (1.9%)","14,132 (2.5%)",,,,,,,,,,,75 (3.0%),,75 (3.0%),,,,,,,,,,58 (4.7%),118 (2.7%),,176 (3.1%),,,,,,,,,,68 (3.3%),115 (2.3%),,183 (2.6%),,,,,,,,,,71 (3.4%),164 (2.6%),,235 (2.8%),,,,,,,,,,69 (3.1%),173 (2.4%),,242 (2.5%),,,,,,58 (1.7%),,<10,,81 (3.6%),161 (2.0%),,300 (2.2%),,142 (3.3%),,,,75 (2.3%),,41 (1.9%),,98 (4.4%),145 (1.7%),101 (2.2%),602 (2.4%),,250 (2.8%),,,171 (3.4%),71 (2.0%),102 (3.3%),53 (2.6%),77 (2.2%),96 (4.0%),157 (1.8%),194 (1.9%),"1,171 (2.5%)",,207 (2.3%),,,204 (3.5%),102 (2.7%),111 (3.4%),48 (2.3%),101 (2.6%),100 (4.1%),173 (2.0%),226 (2.1%),"1,272 (2.5%)",,216 (2.5%),,,299 (4.4%),90 (2.6%),99 (3.1%),44 (2.4%),113 (2.8%),97 (4.0%),178 (2.3%),190 (2.0%),"1,326 (2.8%)",,213 (2.3%),,,296 (4.3%),73 (2.2%),90 (3.1%),56 (2.6%),109 (2.5%),98 (3.7%),164 (2.0%),203 (1.9%),"1,302 (2.6%)",42 (1.5%),218 (2.5%),,,306 (4.4%),79 (2.4%),96 (3.4%),57 (2.6%),147 (3.4%),68 (2.6%),168 (2.1%),192 (1.7%),"1,373 (2.6%)",256 (2.2%),197 (2.2%),,110 (2.1%),377 (4.5%),68 (2.1%),86 (3.0%),46 (2.0%),132 (3.1%),100 (3.6%),169 (2.0%),207 (1.8%),"1,748 (2.5%)",294 (2.2%),200 (2.2%),,110 (2.1%),381 (4.4%),69 (2.2%),103 (3.3%),48 (1.9%),128 (2.9%),101 (3.7%),160 (1.8%),224 (1.9%),"1,818 (2.5%)",337 (2.3%),198 (2.1%),,,348 (4.0%),<10,64 (2.0%),35 (1.8%),,122 (4.3%),166 (1.8%),227 (2.0%),"1,497 (2.4%)",65 (1.9%),69 (1.6%),,,,,,,,12 (3.4%),,,146 (1.8%)
  Aids,583 (1.3%),,102 (0.3%),21 (0.2%),229 (0.4%),135 (0.4%),209 (0.8%),"2,134 (11.0%)",230 (0.8%),613 (1.8%),232 (0.2%),522 (0.6%),"5,010 (1.0%)",,,,,,,,,,,<10,,,,,,,,,,,,29 (2.3%),13 (0.3%),,42 (0.7%),,,,,,,,,,37 (1.8%),<10,,37 (1.8%),,,,,,,,,,32 (1.5%),16 (0.2%),,48 (0.5%),,,,,,,,<10,,56 (2.5%),14 (0.2%),,70 (0.7%),,,,,,14 (0.4%),,22 (17.3%),,59 (2.7%),20 (0.3%),,115 (0.9%),,,,,,16 (0.5%),,171 (8.0%),,40 (1.8%),18 (0.2%),32 (0.7%),277 (1.3%),,,,,25 (0.5%),15 (0.4%),26 (0.8%),179 (8.7%),31 (0.9%),34 (1.4%),19 (0.2%),56 (0.6%),385 (1.0%),,,,,33 (0.6%),23 (0.6%),37 (1.1%),181 (8.7%),31 (0.8%),46 (1.9%),18 (0.2%),44 (0.4%),413 (1.0%),,,,,33 (0.5%),13 (0.4%),39 (1.2%),204 (10.9%),40 (1.0%),42 (1.7%),15 (0.2%),41 (0.4%),427 (1.1%),,,,,21 (0.3%),15 (0.4%),27 (0.9%),238 (11.1%),34 (0.8%),48 (1.8%),22 (0.3%),93 (0.9%),498 (1.2%),35 (1.3%),,,,30 (0.4%),<10,23 (0.8%),248 (11.1%),31 (0.7%),46 (1.8%),15 (0.2%),61 (0.5%),489 (1.2%),133 (1.1%),,,<10,31 (0.4%),20 (0.6%),23 (0.8%),246 (10.5%),25 (0.6%),46 (1.7%),15 (0.2%),63 (0.5%),602 (1.1%),175 (1.3%),,,14 (0.3%),33 (0.4%),10 (0.3%),19 (0.6%),371 (14.6%),38 (0.9%),47 (1.7%),20 (0.2%),67 (0.6%),794 (1.2%),190 (1.3%),,,,23 (0.3%),,15 (0.5%),273 (14.1%),,46 (1.6%),14 (0.1%),65 (0.6%),626 (1.1%),50 (1.5%),,,,,,,,,<10,,,50 (1.5%)
SOFA Scores,,,,,,,,,,,,,,,,,,,,,,,,,,,,,,,,,,,,,,,,,,,,,,,,,,,,,,,,,,,,,,,,,,,,,,,,,,,,,,,,,,,,,,,,,,,,,,,,,,,,,,,,,,,,,,,,,,,,,,,,,,,,,,,,,,,,,,,,,,,,,,,,,,,,,,,,,,,,,,,,,,,,,,,,,,,,,,,,,,,,,,,,,,,,,,,,,,,,,,,,,,,,,,,,,,,,,,,,,,,,,
"  Total SOFA score, median [Q1, Q3]","5.0 [2.0, 9.0]","6.0 [3.0, 10.0]","5.0 [3.0, 8.0]","8.0 [4.0, 11.0]","6.0 [3.0, 10.0]","5.0 [2.0, 8.0]","4.0 [2.0, 7.0]","6.0 [4.0, 8.0]","6.0 [3.0, 10.0]","7.0 [3.0, 10.0]","5.0 [2.0, 9.0]","4.0 [2.0, 7.0]","5.3 [2, 11]",,,,,,,,,,,"4.0 [2.0, 7.0]",,"4 [2, 7]",,,,,,,,,,"7.0 [4.0, 9.5]","4.0 [2.0, 7.0]",,"4.7 [2, 9.5]",,,,,,,,,,"7.0 [4.0, 10.0]","4.0 [2.0, 7.0]",,"4.9 [2, 10]",,,,,,,,,,"7.0 [4.0, 11.0]","4.0 [2.0, 7.0]",,"4.7 [2, 11]",,,,,,,,"0.5 [0.0, 4.0]",,"7.0 [4.0, 10.0]","4.0 [2.0, 7.0]",,"4.7 [0, 10]",,,,,,"5.0 [2.0, 8.0]",,"6.0 [4.0, 8.5]",,"7.0 [4.0, 10.0]","4.0 [2.0, 8.0]",,"4.8 [2, 10]",,"6.0 [3.0, 9.0]",,,,"5.0 [2.0, 8.0]",,"6.0 [4.0, 8.0]",,"7.0 [4.0, 10.0]","5.0 [2.0, 8.0]","4.0 [2.0, 7.0]","5.3 [2, 10]",,"6.0 [3.0, 9.0]",,,"5.0 [2.0, 9.0]","5.0 [2.0, 8.0]","4.0 [2.0, 6.0]","6.0 [4.0, 8.0]","5.0 [2.0, 9.0]","6.0 [3.0, 10.0]","5.0 [2.0, 8.0]","4.0 [1.0, 7.0]","5.0 [1, 10]",,"6.0 [3.0, 9.0]",,,"5.0 [2.0, 9.0]","5.0 [2.0, 8.0]","4.0 [2.0, 7.0]","6.0 [4.0, 8.0]","6.0 [3.0, 9.0]","7.0 [3.0, 10.0]","5.0 [2.0, 9.0]","4.0 [1.0, 7.0]","5.1 [1, 10]",,"6.0 [3.0, 10.0]",,,"6.0 [2.0, 9.0]","6.0 [3.0, 9.0]","4.0 [2.0, 8.0]","6.0 [4.0, 8.0]","6.0 [3.0, 10.0]","7.0 [3.0, 10.0]","6.0 [3.0, 10.0]","4.0 [2.0, 7.0]","5.5 [2, 10]",,"6.0 [3.0, 10.0]",,,"6.0 [2.0, 9.0]","6.0 [3.0, 10.0]","4.0 [1.0, 7.2]","6.0 [4.0, 8.0]","6.0 [3.0, 10.0]","7.0 [3.0, 10.0]","6.0 [2.0, 10.0]","4.0 [2.0, 7.0]","5.5 [1, 10]","5.0 [2.0, 9.0]","7.0 [4.0, 10.0]",,,"6.0 [3.0, 10.0]","5.0 [2.0, 8.0]","4.0 [2.0, 8.0]","6.0 [4.0, 8.0]","7.0 [4.0, 10.0]","7.0 [3.0, 10.0]","7.0 [3.0, 10.0]","4.0 [2.0, 8.0]","5.8 [2, 10]","6.0 [2.0, 9.0]","7.0 [4.0, 10.0]",,"8.0 [4.0, 11.0]","6.0 [3.0, 10.0]","5.0 [3.0, 9.0]","4.0 [2.0, 8.0]","6.0 [4.0, 8.0]","7.0 [4.0, 10.0]","7.0 [3.0, 10.0]","7.0 [3.0, 10.0]","4.0 [2.0, 7.0]","6.0 [2, 11]","6.0 [2.0, 9.0]","7.0 [4.0, 10.0]",,"8.0 [4.0, 11.0]","7.0 [3.0, 10.0]","5.0 [3.0, 8.0]","4.0 [2.0, 7.0]","6.0 [4.0, 8.0]","7.0 [4.0, 10.0]","7.0 [3.0, 10.0]","7.0 [3.0, 10.0]","5.0 [2.0, 8.0]","6.3 [2, 11]","5.0 [2.0, 8.0]","7.0 [4.0, 10.0]",,,"7.0 [3.0, 10.0]","5.0 [3.0, 8.0]","5.0 [2.0, 8.0]","6.0 [4.0, 8.0]",,"7.0 [3.0, 10.0]","6.0 [3.0, 10.0]","4.0 [2.0, 7.0]","5.7 [2, 10]","5.0 [2.0, 8.0]","7.0 [4.0, 10.0]",,,,,"1.0 [0.0, 4.0]",,,"6.0 [3.0, 9.0]","5.0 [2.0, 8.0]",,"5.5 [0, 10]"
"    Respiratory, median [Q1, Q3]","0.0 [0.0, 1.0]","0.0 [0.0, 2.0]","2.0 [0.0, 3.0]","1.0 [0.0, 2.0]","0.0 [0.0, 2.0]","0.0 [0.0, 1.0]","0.0 [0.0, 1.0]","0.0 [0.0, 2.0]","0.0 [0.0, 2.0]","0.0 [0.0, 2.0]","0.0 [0.0, 2.0]","0.0 [0.0, 0.0]","0.2 [0, 3]",,,,,,,,,,,"0.0 [0.0, 2.0]",,"0 [0, 2]",,,,,,,,,,"1.0 [0.0, 3.0]","1.0 [0.0, 2.0]",,"1 [0, 3]",,,,,,,,,,"1.0 [0.0, 3.0]","1.0 [0.0, 3.0]",,"1 [0, 3]",,,,,,,,,,"1.0 [0.0, 3.0]","0.0 [0.0, 2.0]",,"0.2 [0, 3]",,,,,,,,"0.0 [0.0, 1.0]",,"1.0 [0.0, 3.0]","0.0 [0.0, 2.0]",,"0.2 [0, 3]",,,,,,"0.0 [0.0, 1.0]",,"0.0 [0.0, 2.0]",,"1.0 [0.0, 2.0]","0.0 [0.0, 2.0]",,"0.2 [0, 2]",,"0.0 [0.0, 2.0]",,,,"0.0 [0.0, 0.5]",,"0.0 [0.0, 2.0]",,"1.0 [0.0, 2.0]","0.0 [0.0, 2.0]","0.0 [0.0, 0.0]","0.1 [0, 2]",,"0.0 [0.0, 2.0]",,,"0.0 [0.0, 2.0]","0.0 [0.0, 1.0]","0.0 [0.0, 1.0]","0.0 [0.0, 2.0]","0.0 [0.0, 2.0]","0.0 [0.0, 2.0]","0.0 [0.0, 2.0]","0.0 [0.0, 0.0]","0 [0, 2]",,"0.0 [0.0, 2.0]",,,"0.0 [0.0, 2.0]","0.0 [0.0, 1.0]","0.0 [0.0, 1.0]","0.0 [0.0, 2.0]","0.0 [0.0, 2.0]","0.0 [0.0, 2.0]","0.0 [0.0, 2.0]","0.0 [0.0, 0.0]","0 [0, 2]",,"0.0 [0.0, 2.0]",,,"0.0 [0.0, 2.0]","0.0 [0.0, 1.0]","0.0 [0.0, 2.0]","0.0 [0.0, 2.0]","0.0 [0.0, 2.0]","0.0 [0.0, 2.0]","0.0 [0.0, 3.0]","0.0 [0.0, 0.0]","0 [0, 3]",,"0.0 [0.0, 2.0]",,,"0.0 [0.0, 2.0]","0.0 [0.0, 1.5]","0.0 [0.0, 1.0]","0.0 [0.0, 2.0]","0.0 [0.0, 2.0]","0.0 [0.0, 2.0]","0.0 [0.0, 3.0]","0.0 [0.0, 0.0]","0 [0, 3]","0.0 [0.0, 2.0]","0.0 [0.0, 2.0]",,,"0.0 [0.0, 2.0]","0.0 [0.0, 1.0]","0.0 [0.0, 1.0]","1.0 [0.0, 2.0]","1.0 [0.0, 2.0]","0.0 [0.0, 2.0]","0.0 [0.0, 2.0]","0.0 [0.0, 0.0]","0.1 [0, 2]","0.0 [0.0, 2.0]","0.0 [0.0, 2.0]",,"1.0 [0.0, 2.0]","0.0 [0.0, 2.0]","0.0 [0.0, 1.0]","0.0 [0.0, 1.0]","1.0 [0.0, 2.0]","1.0 [0.0, 2.0]","0.0 [0.0, 2.0]","0.0 [0.0, 2.0]","0.0 [0.0, 0.0]","0.2 [0, 2]","0.0 [0.0, 2.0]","0.0 [0.0, 2.0]",,"1.0 [0.0, 2.0]","0.0 [0.0, 2.0]","0.0 [0.0, 0.0]","0.0 [0.0, 1.0]","1.0 [0.0, 2.0]","1.0 [0.0, 2.0]","0.0 [0.0, 2.0]","0.0 [0.0, 2.0]","0.0 [0.0, 0.0]","0.2 [0, 2]","0.0 [0.0, 0.0]","0.0 [0.0, 2.0]",,,"0.0 [0.0, 2.0]","0.0 [0.0, 0.0]","0.0 [0.0, 1.0]","1.0 [0.0, 2.0]",,"0.0 [0.0, 2.0]","0.0 [0.0, 2.0]","0.0 [0.0, 0.0]","0.0 [0, 2]","0.0 [0.0, 0.0]","0.0 [0.0, 2.0]",,,,,"0.0 [0.0, 0.0]",,,"0.0 [0.0, 2.0]","0.0 [0.0, 2.0]",,"0 [0, 2]"
"    Coagulation, median [Q1, Q3]","0.0 [0.0, 1.0]","0.0 [0.0, 1.0]","0.0 [0.0, 1.0]","0.0 [0.0, 1.0]","0.0 [0.0, 1.0]","0.0 [0.0, 1.0]","0.0 [0.0, 1.0]","0.0 [0.0, 1.0]","0.0 [0.0, 1.0]","0.0 [0.0, 1.0]","0.0 [0.0, 1.0]","0.0 [0.0, 1.0]","0 [0, 1]",,,,,,,,,,,"0.0 [0.0, 1.0]",,"0 [0, 1]",,,,,,,,,,"0.0 [0.0, 1.0]","0.0 [0.0, 1.0]",,"0 [0, 1]",,,,,,,,,,"0.0 [0.0, 1.0]","0.0 [0.0, 1.0]",,"0 [0, 1]",,,,,,,,,,"0.0 [0.0, 1.0]","0.0 [0.0, 1.0]",,"0 [0, 1]",,,,,,,,"0.0 [0.0, 0.2]",,"0.0 [0.0, 1.0]","0.0 [0.0, 1.0]",,"0 [0, 1]",,,,,,"0.0 [0.0, 1.0]",,"1.0 [0.0, 1.0]",,"0.0 [0.0, 1.0]","0.0 [0.0, 1.0]",,"0.0 [0, 1]",,"0.0 [0.0, 1.0]",,,,"0.0 [0.0, 1.0]",,"0.0 [0.0, 1.0]",,"0.0 [0.0, 1.0]","0.0 [0.0, 1.0]","0.0 [0.0, 1.0]","0 [0, 1]",,"0.0 [0.0, 1.0]",,,"0.0 [0.0, 1.0]","0.0 [0.0, 1.0]","0.0 [0.0, 1.0]","0.0 [0.0, 1.0]","0.0 [0.0, 1.0]","0.0 [0.0, 1.0]","0.0 [0.0, 1.0]","0.0 [0.0, 1.0]","0 [0, 1]",,"0.0 [0.0, 1.0]",,,"0.0 [0.0, 1.0]","0.0 [0.0, 1.0]","0.0 [0.0, 1.0]","0.0 [0.0, 1.0]","0.0 [0.0, 1.0]","0.0 [0.0, 1.0]","0.0 [0.0, 1.0]","0.0 [0.0, 1.0]","0 [0, 1]",,"0.0 [0.0, 1.0]",,,"0.0 [0.0, 1.0]","0.0 [0.0, 1.0]","0.0 [0.0, 1.0]","0.0 [0.0, 1.0]","0.0 [0.0, 1.0]","0.0 [0.0, 1.0]","0.0 [0.0, 1.0]","0.0 [0.0, 1.0]","0 [0, 1]",,"0.0 [0.0, 1.0]",,,"0.0 [0.0, 1.0]","0.0 [0.0, 1.0]","0.0 [0.0, 1.0]","0.0 [0.0, 1.0]","0.0 [0.0, 1.0]","0.0 [0.0, 1.0]","0.0 [0.0, 1.0]","0.0 [0.0, 1.0]","0 [0, 1]","0.0 [0.0, 1.0]","0.0 [0.0, 1.0]",,,"0.0 [0.0, 1.0]","0.0 [0.0, 1.0]","0.0 [0.0, 1.0]","0.0 [0.0, 1.0]","0.0 [0.0, 1.0]","0.0 [0.0, 1.0]","0.0 [0.0, 1.0]","0.0 [0.0, 1.0]","0 [0, 1]","0.0 [0.0, 1.0]","0.0 [0.0, 1.0]",,"0.0 [0.0, 1.0]","0.0 [0.0, 1.0]","0.0 [0.0, 1.0]","0.0 [0.0, 1.0]","0.0 [0.0, 1.0]","0.0 [0.0, 1.0]","0.0 [0.0, 1.0]","0.0 [0.0, 1.0]","0.0 [0.0, 1.0]","0 [0, 1]","0.0 [0.0, 1.0]","0.0 [0.0, 1.0]",,"0.0 [0.0, 1.0]","0.0 [0.0, 1.0]","0.0 [0.0, 1.0]","0.0 [0.0, 1.0]","0.0 [0.0, 1.0]","0.0 [0.0, 1.0]","0.0 [0.0, 1.0]","0.0 [0.0, 1.0]","0.0 [0.0, 1.0]","0 [0, 1]","0.0 [0.0, 1.0]","0.0 [0.0, 1.0]",,,"0.0 [0.0, 1.0]","0.0 [0.0, 1.0]","0.0 [0.0, 1.0]","0.0 [0.0, 1.0]",,"0.0 [0.0, 1.0]","0.0 [0.0, 1.0]","0.0 [0.0, 1.0]","0 [0, 1]","0.0 [0.0, 1.0]","0.0 [0.0, 1.0]",,,,,"0.0 [0.0, 0.0]",,,"0.0 [0.0, 1.0]","0.0 [0.0, 1.0]",,"0 [0, 1]"
"    Liver, median [Q1, Q3]","0.0 [0.0, 0.0]","0.0 [0.0, 0.0]","0.0 [0.0, 0.0]","0.0 [0.0, 1.0]","0.0 [0.0, 0.0]","0.0 [0.0, 0.0]","0.0 [0.0, 0.0]","0.0 [0.0, 0.0]","0.0 [0.0, 0.0]","0.0 [0.0, 1.0]","0.0 [0.0, 0.0]","0.0 [0.0, 0.0]","0 [0, 1]",,,,,,,,,,,"0.0 [0.0, 0.0]",,"0 [0, 0]",,,,,,,,,,"0.0 [0.0, 1.0]","0.0 [0.0, 0.0]",,"0 [0, 1]",,,,,,,,,,"0.0 [0.0, 1.0]","0.0 [0.0, 0.0]",,"0 [0, 1]",,,,,,,,,,"0.0 [0.0, 1.0]","0.0 [0.0, 0.0]",,"0 [0, 1]",,,,,,,,"0.0 [0.0, 0.2]",,"0.0 [0.0, 1.0]","0.0 [0.0, 0.0]",,"0 [0, 1]",,,,,,"0.0 [0.0, 0.0]",,"0.0 [0.0, 0.0]",,"0.0 [0.0, 1.0]","0.0 [0.0, 0.0]",,"0 [0, 1]",,"0.0 [0.0, 0.0]",,,,"0.0 [0.0, 0.0]",,"0.0 [0.0, 0.0]",,"0.0 [0.0, 1.0]","0.0 [0.0, 0.0]","0.0 [0.0, 0.0]","0 [0, 1]",,"0.0 [0.0, 0.0]",,,"0.0 [0.0, 0.0]","0.0 [0.0, 0.0]","0.0 [0.0, 0.0]","0.0 [0.0, 0.0]","0.0 [0.0, 0.0]","0.0 [0.0, 1.0]","0.0 [0.0, 0.0]","0.0 [0.0, 0.0]","0 [0, 1]",,"0.0 [0.0, 0.0]",,,"0.0 [0.0, 0.0]","0.0 [0.0, 0.0]","0.0 [0.0, 0.0]","0.0 [0.0, 0.0]","0.0 [0.0, 0.0]","0.0 [0.0, 1.0]","0.0 [0.0, 0.0]","0.0 [0.0, 0.0]","0 [0, 1]",,"0.0 [0.0, 0.0]",,,"0.0 [0.0, 0.0]","0.0 [0.0, 0.0]","0.0 [0.0, 0.0]","0.0 [0.0, 0.0]","0.0 [0.0, 0.0]","0.0 [0.0, 0.0]","0.0 [0.0, 0.0]","0.0 [0.0, 0.0]","0 [0, 0]",,"0.0 [0.0, 0.0]",,,"0.0 [0.0, 0.0]","0.0 [0.0, 0.0]","0.0 [0.0, 0.0]","0.0 [0.0, 0.0]","0.0 [0.0, 0.0]","0.0 [0.0, 0.0]","0.0 [0.0, 0.0]","0.0 [0.0, 0.0]","0 [0, 0]","0.0 [0.0, 0.0]","0.0 [0.0, 0.0]",,,"0.0 [0.0, 0.0]","0.0 [0.0, 0.0]","0.0 [0.0, 0.0]","0.0 [0.0, 0.0]","0.0 [0.0, 0.0]","0.0 [0.0, 1.0]","0.0 [0.0, 0.0]","0.0 [0.0, 0.0]","0 [0, 1]","0.0 [0.0, 0.0]","0.0 [0.0, 0.0]",,"0.0 [0.0, 1.0]","0.0 [0.0, 0.0]","0.0 [0.0, 0.0]","0.0 [0.0, 0.0]","0.0 [0.0, 0.0]","0.0 [0.0, 0.0]","0.0 [0.0, 1.0]","0.0 [0.0, 0.0]","0.0 [0.0, 0.0]","0 [0, 1]","0.0 [0.0, 0.0]","0.0 [0.0, 0.0]",,"0.0 [0.0, 1.0]","0.0 [0.0, 0.0]","0.0 [0.0, 0.0]","0.0 [0.0, 0.0]","0.0 [0.0, 0.0]","0.0 [0.0, 0.0]","0.0 [0.0, 1.0]","0.0 [0.0, 0.0]","0.0 [0.0, 0.0]","0 [0, 1]","0.0 [0.0, 0.0]","0.0 [0.0, 0.0]",,,"0.0 [0.0, 0.0]","0.0 [0.0, 0.0]","0.0 [0.0, 0.0]","0.0 [0.0, 0.0]",,"0.0 [0.0, 1.0]","0.0 [0.0, 0.0]","0.0 [0.0, 0.0]","0 [0, 1]","0.0 [0.0, 0.0]","0.0 [0.0, 0.0]",,,,,"0.0 [0.0, 0.0]",,,"0.0 [0.0, 1.0]","0.0 [0.0, 0.0]",,"0 [0, 1]"
"    Cardiovascular, median [Q1, Q3]","1.0 [0.0, 3.0]","1.0 [1.0, 3.0]","1.0 [1.0, 3.0]","3.0 [1.0, 3.0]","1.0 [1.0, 3.0]","1.0 [1.0, 3.0]","1.0 [0.0, 3.0]","1.0 [1.0, 1.0]","1.0 [0.0, 3.0]","1.0 [1.0, 3.0]","1.0 [0.0, 3.0]","1.0 [0.0, 3.0]","1.0 [0, 3]",,,,,,,,,,,"1.0 [0.0, 1.0]",,"1 [0, 1]",,,,,,,,,,"1.0 [0.0, 2.0]","1.0 [1.0, 2.0]",,"1 [0, 2]",,,,,,,,,,"1.0 [1.0, 3.0]","1.0 [0.0, 3.0]",,"1 [0, 3]",,,,,,,,,,"1.0 [1.0, 3.0]","1.0 [0.0, 3.0]",,"1 [0, 3]",,,,,,,,"0.0 [0.0, 0.8]",,"1.0 [1.0, 3.0]","1.0 [0.0, 3.0]",,"1.0 [0, 3]",,,,,,"1.0 [1.0, 3.0]",,"1.0 [1.0, 1.0]",,"1.0 [1.0, 3.0]","1.0 [0.0, 3.0]",,"1 [0, 3]",,"1.0 [0.0, 3.0]",,,,"1.0 [0.0, 3.0]",,"1.0 [1.0, 1.0]",,"1.0 [1.0, 3.0]","1.0 [0.0, 3.0]","0.0 [0.0, 3.0]","0.8 [0, 3]",,"1.0 [0.0, 3.0]",,,"1.0 [0.0, 3.0]","1.0 [0.0, 3.0]","1.0 [0.0, 1.0]","1.0 [1.0, 1.0]","1.0 [0.0, 2.0]","1.0 [1.0, 3.0]","1.0 [0.0, 3.0]","0.0 [0.0, 3.0]","0.8 [0, 3]",,"1.0 [1.0, 3.0]",,,"1.0 [0.0, 3.0]","1.0 [0.0, 3.0]","1.0 [0.0, 1.0]","1.0 [1.0, 1.0]","1.0 [0.0, 3.0]","1.0 [1.0, 3.0]","1.0 [0.0, 3.0]","0.0 [0.0, 3.0]","0.8 [0, 3]",,"1.0 [0.0, 3.0]",,,"1.0 [0.0, 3.0]","1.0 [1.0, 3.0]","1.0 [0.0, 3.0]","1.0 [1.0, 1.0]","1.0 [0.0, 3.0]","1.0 [1.0, 3.0]","1.0 [0.0, 3.0]","1.0 [0.0, 3.0]","1 [0, 3]",,"1.0 [0.0, 3.0]",,,"1.0 [0.0, 3.0]","1.0 [1.0, 3.0]","1.0 [0.0, 2.0]","1.0 [1.0, 1.0]","1.0 [0.0, 3.0]","1.0 [1.0, 3.0]","1.0 [0.0, 3.0]","1.0 [0.0, 3.0]","1 [0, 3]","1.0 [0.0, 3.0]","1.0 [1.0, 3.0]",,,"1.0 [1.0, 3.0]","1.0 [1.0, 3.0]","1.0 [0.0, 3.0]","1.0 [1.0, 1.0]","1.0 [1.0, 3.0]","1.0 [1.0, 3.0]","1.0 [1.0, 3.0]","1.0 [0.0, 3.0]","1 [0, 3]","1.0 [0.0, 3.0]","1.0 [1.0, 3.0]",,"3.0 [1.0, 3.0]","1.0 [1.0, 4.0]","1.0 [1.0, 3.0]","1.0 [0.0, 3.0]","1.0 [0.0, 1.0]","1.0 [1.0, 3.0]","2.0 [1.0, 3.0]","3.0 [1.0, 3.0]","1.0 [0.0, 3.0]","1.4 [0, 4]","1.0 [0.0, 3.0]","3.0 [1.0, 3.0]",,"3.0 [1.0, 3.0]","2.0 [1.0, 4.0]","3.0 [1.0, 3.0]","1.0 [0.0, 3.0]","1.0 [0.0, 1.0]","1.0 [1.0, 3.0]","2.0 [1.0, 3.0]","3.0 [1.0, 3.0]","1.0 [0.0, 3.0]","1.9 [0, 4]","1.0 [0.0, 3.0]","3.0 [1.0, 3.0]",,,"3.0 [1.0, 4.0]","3.0 [0.0, 3.0]","1.0 [0.0, 3.0]","1.0 [0.0, 1.0]",,"2.0 [1.0, 3.0]","3.0 [1.0, 3.0]","1.0 [0.0, 3.0]","1.9 [0, 4]","1.0 [0.0, 3.0]","3.0 [1.0, 3.0]",,,,,"1.0 [0.0, 3.0]",,,"1.0 [1.0, 3.0]","3.0 [1.0, 3.0]",,"2.1 [0, 3]"
"    CNS, median [Q1, Q3]","1.0 [0.0, 3.0]","3.0 [0.0, 3.0]","0.0 [0.0, 1.0]","3.0 [0.0, 4.0]","2.0 [0.0, 3.0]","2.0 [0.0, 3.0]","0.0 [0.0, 2.0]","4.0 [2.0, 4.0]","3.0 [0.0, 4.0]","3.0 [1.0, 4.0]","1.0 [0.0, 3.0]","1.0 [0.0, 3.0]","1.7 [0, 4]",,,,,,,,,,,"0.0 [0.0, 1.0]",,"0 [0, 1]",,,,,,,,,,"3.0 [1.0, 4.0]","0.0 [0.0, 0.0]",,"0.7 [0, 4]",,,,,,,,,,"3.0 [1.0, 4.0]","0.0 [0.0, 0.0]",,"0.9 [0, 4]",,,,,,,,,,"3.0 [1.0, 4.0]","0.0 [0.0, 0.0]",,"0.7 [0, 4]",,,,,,,,"0.0 [0.0, 1.0]",,"3.0 [1.0, 4.0]","0.0 [0.0, 1.0]",,"0.7 [0, 4]",,,,,,"2.0 [0.0, 3.0]",,"3.0 [2.0, 4.0]",,"3.0 [1.0, 4.0]","0.0 [0.0, 2.0]",,"1.0 [0, 4]",,"2.0 [0.0, 3.0]",,,,"2.0 [0.0, 3.0]",,"3.0 [2.0, 4.0]",,"3.0 [1.0, 4.0]","0.0 [0.0, 3.0]","1.0 [0.0, 3.0]","1.3 [0, 4]",,"2.0 [0.0, 3.0]",,,"2.0 [0.0, 3.0]","2.0 [0.0, 3.0]","0.0 [0.0, 3.0]","3.0 [2.0, 4.0]","2.0 [0.0, 3.0]","3.0 [1.0, 4.0]","0.0 [0.0, 3.0]","1.0 [0.0, 3.0]","1.4 [0, 4]",,"2.0 [0.0, 3.0]",,,"2.0 [0.0, 3.0]","2.0 [0.0, 3.0]","0.0 [0.0, 2.0]","4.0 [2.0, 4.0]","2.0 [0.0, 3.0]","3.0 [1.0, 4.0]","2.0 [0.0, 3.0]","1.0 [0.0, 3.0]","1.8 [0, 4]",,"2.0 [0.0, 3.0]",,,"2.0 [0.0, 3.0]","2.0 [0.0, 3.0]","0.0 [0.0, 3.0]","4.0 [2.0, 4.0]","3.0 [0.0, 4.0]","3.0 [1.0, 4.0]","2.0 [0.0, 3.0]","1.0 [0.0, 3.0]","1.9 [0, 4]",,"3.0 [1.0, 4.0]",,,"2.0 [0.0, 3.0]","2.0 [0.0, 3.0]","0.0 [0.0, 3.0]","4.0 [2.0, 4.0]","3.0 [0.0, 4.0]","3.0 [1.0, 4.0]","2.0 [0.0, 4.0]","1.0 [0.0, 3.0]","2.1 [0, 4]","0.0 [0.0, 3.0]","3.0 [1.0, 4.0]",,,"2.0 [0.0, 3.0]","0.0 [0.0, 3.0]","0.0 [0.0, 2.0]","4.0 [2.0, 4.0]","3.0 [1.0, 4.0]","3.0 [1.0, 4.0]","3.0 [0.0, 4.0]","1.0 [0.0, 3.0]","2.0 [0, 4]","1.0 [0.0, 3.0]","3.0 [1.0, 4.0]",,"3.0 [1.0, 4.0]","2.0 [0.0, 3.0]","0.0 [0.0, 3.0]","0.0 [0.0, 2.0]","4.0 [2.0, 4.0]","3.0 [1.0, 4.0]","3.0 [0.0, 4.0]","3.0 [0.0, 3.0]","1.0 [0.0, 3.0]","2.0 [0, 4]","1.0 [0.0, 3.0]","3.0 [1.0, 4.0]",,"3.0 [0.0, 4.0]","2.0 [0.0, 3.0]","1.0 [0.0, 3.0]","0.0 [0.0, 2.0]","4.0 [1.0, 4.0]","3.0 [1.0, 4.0]","2.0 [1.0, 4.0]","2.0 [0.0, 3.0]","1.0 [0.0, 3.0]","1.9 [0, 4]","1.0 [0.0, 3.0]","3.0 [1.0, 4.0]",,,"2.0 [0.0, 3.0]","0.0 [0.0, 3.0]","0.0 [0.0, 2.0]","4.0 [2.0, 4.0]",,"2.0 [0.0, 4.0]","2.0 [0.0, 3.0]","1.0 [0.0, 3.0]","1.7 [0, 4]","1.0 [0.0, 3.0]","3.0 [0.0, 4.0]",,,,,"0.0 [0.0, 0.0]",,,"2.0 [0.0, 4.0]","0.0 [0.0, 2.0]",,"1.6 [0, 4]"
"    Renal, median [Q1, Q3]","1.0 [0.0, 2.0]","0.0 [0.0, 1.0]","0.0 [0.0, 1.0]","0.0 [0.0, 1.0]","0.0 [0.0, 1.0]","0.0 [0.0, 1.0]","0.0 [0.0, 2.0]","0.0 [0.0, 1.0]","1.0 [0.0, 2.0]","0.0 [0.0, 1.0]","0.0 [0.0, 1.0]","0.0 [0.0, 1.0]","0.1 [0, 2]",,,,,,,,,,,"0.0 [0.0, 1.0]",,"0 [0, 1]",,,,,,,,,,"0.0 [0.0, 1.0]","0.0 [0.0, 1.0]",,"0 [0, 1]",,,,,,,,,,"0.0 [0.0, 1.0]","0.0 [0.0, 1.0]",,"0 [0, 1]",,,,,,,,,,"0.0 [0.0, 1.0]","0.0 [0.0, 1.0]",,"0 [0, 1]",,,,,,,,"0.0 [0.0, 0.2]",,"0.0 [0.0, 1.0]","0.0 [0.0, 1.0]",,"0 [0, 1]",,,,,,"0.0 [0.0, 1.0]",,"0.0 [0.0, 1.0]",,"0.0 [0.0, 1.0]","0.0 [0.0, 1.0]",,"0 [0, 1]",,"0.0 [0.0, 1.0]",,,,"0.0 [0.0, 1.0]",,"0.0 [0.0, 1.0]",,"0.0 [0.0, 1.0]","0.0 [0.0, 1.0]","0.0 [0.0, 1.0]","0 [0, 1]",,"0.0 [0.0, 1.0]",,,"0.0 [0.0, 1.0]","0.0 [0.0, 1.0]","0.0 [0.0, 1.0]","0.0 [0.0, 1.0]","1.0 [0.0, 1.0]","0.0 [0.0, 1.0]","0.0 [0.0, 1.0]","0.0 [0.0, 1.0]","0.1 [0, 1]",,"0.0 [0.0, 1.0]",,,"0.0 [0.0, 1.0]","0.0 [0.0, 1.0]","0.0 [0.0, 1.0]","0.0 [0.0, 1.0]","1.0 [0.0, 2.0]","0.0 [0.0, 1.0]","0.0 [0.0, 1.0]","0.0 [0.0, 1.0]","0.1 [0, 2]",,"0.0 [0.0, 1.0]",,,"0.0 [0.0, 1.0]","0.0 [0.0, 1.0]","0.0 [0.0, 2.0]","0.0 [0.0, 1.0]","1.0 [0.0, 2.0]","0.0 [0.0, 1.0]","0.0 [0.0, 1.0]","0.0 [0.0, 1.0]","0.1 [0, 2]",,"0.0 [0.0, 1.0]",,,"0.0 [0.0, 1.0]","0.0 [0.0, 2.0]","0.0 [0.0, 2.0]","0.0 [0.0, 1.0]","1.0 [0.0, 2.0]","0.0 [0.0, 1.0]","0.0 [0.0, 1.0]","0.0 [0.0, 1.0]","0.1 [0, 2]","1.0 [0.0, 2.0]","0.0 [0.0, 1.0]",,,"0.0 [0.0, 1.0]","0.0 [0.0, 2.0]","0.0 [0.0, 2.0]","0.0 [0.0, 1.0]","0.0 [0.0, 2.0]","0.0 [0.0, 1.0]","0.0 [0.0, 1.0]","0.0 [0.0, 1.0]","0.1 [0, 2]","1.0 [0.0, 2.0]","0.0 [0.0, 1.0]",,"0.0 [0.0, 1.0]","0.0 [0.0, 1.0]","0.0 [0.0, 2.0]","0.0 [0.0, 2.0]","0.0 [0.0, 1.0]","0.0 [0.0, 1.0]","0.0 [0.0, 1.0]","0.0 [0.0, 1.0]","0.0 [0.0, 1.0]","0.2 [0, 2]","1.0 [0.0, 2.0]","0.0 [0.0, 1.0]",,"0.0 [0.0, 1.0]","0.0 [0.0, 1.0]","0.0 [0.0, 2.0]","0.0 [0.0, 2.0]","0.0 [0.0, 1.0]","0.0 [0.0, 1.0]","0.0 [0.0, 1.0]","0.0 [0.0, 1.0]","0.0 [0.0, 1.0]","0.2 [0, 2]","1.0 [0.0, 2.0]","0.0 [0.0, 1.0]",,,"0.0 [0.0, 1.0]","0.0 [0.0, 2.0]","0.0 [0.0, 2.0]","0.0 [0.0, 1.0]",,"0.0 [0.0, 1.0]","0.0 [0.0, 1.0]","0.0 [0.0, 1.0]","0.2 [0, 2]","0.0 [0.0, 2.0]","0.0 [0.0, 1.0]",,,,,"0.0 [0.0, 0.0]",,,"0.0 [0.0, 1.0]","0.0 [0.0, 1.0]",,"0 [0, 2]"
"  P/F ratio, median [Q1, Q3]","211 [120, 324]","220 [133, 322]","177 [100, 278]","242 [168, 320]","227 [143, 325]","232 [127, 373]","282 [156, 430]","270 [189, 352]","246 [153, 346]","204 [111, 308]","202 [130, 292]","202 [120, 318]","216.4 [100, 430]",,,,,,,,,,,"208 [133, 296]",,"208 [133, 296]",,,,,,,,,,"172 [94, 290]","216 [135, 309]",,"206.4 [94, 309]",,,,,,,,,,"172 [88, 290]","198 [125, 287]",,"190.4 [88, 290]",,,,,,,,,,"160 [87, 270]","202 [130, 298]",,"191.7 [87, 298]",,,,,,,,"91 [91, 91]",,"155 [81, 276]","205 [133, 296]",,"193.4 [81, 296]",,,,,,"246 [130, 404]",,"257 [174, 342]",,"217 [128, 314]","208 [132, 300]",,"219.4 [128, 404]",,"215 [132, 317]",,,,"244 [138, 402]",,"258 [178, 342]",,"212 [120, 308]","205 [130, 295]","200 [110, 328]","216.1 [110, 402]",,"225 [133, 332]",,,"217 [142, 306]","246 [135, 382]","270 [156, 440]","268 [188, 344]","240 [140, 342]","210 [120, 318]","207 [140, 298]","192 [110, 307]","220.7 [110, 440]",,"222 [130, 330]",,,"220 [144, 314]","238 [142, 376]","280 [156, 438]","263 [183, 350]","238 [144, 347]","210 [120, 313]","214 [138, 302]","192 [108, 310]","221.2 [108, 438]",,"202 [117, 315]",,,"203 [122, 307]","240 [136, 380]","228 [113, 390]","269 [188, 364]","215 [125, 325]","218 [115, 320]","184 [113, 277]","192 [110, 318]","206.2 [110, 390]",,"212 [124, 319]",,,"212 [126, 315]","211 [111, 353]","285 [150, 443]","277 [180, 355]","248 [151, 355]","217 [119, 315]","180 [107, 270]","198 [115, 310]","214.1 [107, 443]","209 [113, 324]","221 [135, 323]",,,"232 [144, 330]","212 [117, 351]","280 [153, 422]","267 [190, 347]","245 [156, 345]","225 [128, 315]","202 [131, 288]","205 [123, 322]","222.2 [113, 422]","207 [120, 314]","225 [138, 318]",,"245 [168, 320]","238 [152, 338]","234 [125, 367]","304 [172, 428]","275 [194, 352]","262 [180, 352]","222 [126, 317]","205 [134, 291]","211 [128, 324]","227.7 [120, 428]","215 [120, 326]","220 [144, 318]",,"242 [168, 320]","236 [152, 332]","205 [114, 355]","304 [184, 440]","280 [197, 357]","258 [175, 348]","218 [125, 312]","200 [134, 283]","218 [132, 328]","227.1 [114, 440]","220 [123, 347]","223 [140, 323]",,,"243 [156, 335]","198 [136, 372]","303 [180, 433]","278 [192, 360]",,"222 [134, 319]","200 [132, 288]","211 [133, 325]","225.1 [123, 433]","295 [158, 550]","232 [142, 333]",,,,,"302 [171, 393]",,,"227 [135, 327]","212 [151, 280]",,"256.3 [135, 550]"
"  P/F ratio (imputed), median [Q1, Q3]","106 [64, 159]","102 [64, 141]","82 [64, 136]","67 [59, 97]","112 [67, 151]","147 [81, 223]","148 [95, 203]","142 [106, 182]","117 [71, 151]","81 [61, 136]","102 [67, 142]","134 [86, 177]","111.6 [59, 223]",,,,,,,,,,,"101 [64, 142]",,"101 [64, 142]",,,,,,,,,,"82 [64, 128]","94 [64, 134]",,"91.4 [64, 134]",,,,,,,,,,"86 [64, 142]","98 [65, 136]",,"94.5 [64, 142]",,,,,,,,,,"82 [61, 136]","98 [65, 141]",,"94.1 [61, 141]",,,,,,,,"41 [41, 41]",,"84 [61, 136]","101 [67, 142]",,"97.0 [41, 142]",,,,,,"151 [85, 213]",,"134 [87, 164]",,"82 [61, 142]","102 [67, 142]",,"111.4 [61, 213]",,"102 [64, 142]",,,,"159 [86, 216]",,"134 [103, 164]",,"76 [61, 134]","100 [67, 142]","137 [88, 177]","115.8 [61, 216]",,"102 [64, 147]",,,"122 [76, 159]","147 [85, 221]","147 [98, 189]","135 [106, 168]","106 [67, 142]","77 [59, 134]","102 [69, 141]","136 [89, 177]","118.2 [59, 221]",,"102 [64, 147]",,,"122 [73, 162]","149 [91, 216]","153 [96, 191]","142 [111, 182]","112 [71, 151]","82 [59, 141]","103 [66, 147]","134 [88, 177]","119.8 [59, 216]",,"98 [61, 142]",,,"106 [64, 151]","147 [84, 223]","122 [73, 182]","142 [113, 203]","106 [65, 144]","82 [61, 142]","94 [61, 134]","134 [84, 177]","112.4 [61, 223]",,"98 [63, 137]",,,"106 [65, 151]","136 [73, 213]","147 [88, 205]","142 [106, 189]","113 [71, 151]","76 [59, 134]","93 [59, 132]","132 [80, 177]","112.8 [59, 213]","108 [64, 161]","102 [67, 141]",,,"112 [67, 151]","142 [75, 233]","153 [95, 205]","142 [103, 182]","117 [71, 151]","76 [61, 134]","106 [71, 147]","129 [84, 177]","116.7 [61, 233]","106 [64, 159]","102 [67, 136]",,"67 [59, 103]","112 [67, 151]","162 [84, 244]","159 [106, 205]","142 [106, 189]","122 [79, 153]","76 [59, 134]","109 [71, 148]","134 [87, 177]","113.9 [59, 244]","109 [66, 159]","98 [67, 134]",,"67 [59, 88]","112 [67, 151]","134 [71, 230]","153 [106, 203]","151 [109, 191]","122 [81, 153]","76 [59, 137]","106 [71, 147]","137 [88, 177]","113.0 [59, 230]","106 [64, 153]","102 [67, 137]",,,"112 [67, 151]","143 [74, 241]","153 [109, 205]","142 [106, 189]",,"76 [59, 134]","107 [69, 151]","137 [88, 177]","114.3 [59, 241]","95 [63, 142]","98 [64, 136]",,,,,"153 [108, 200]",,,"84 [61, 134]","113 [73, 147]",,"103.4 [61, 200]"
"CRRT, n (%)","4,734 (10.4%)","5,226 (6.5%)","2,949 (7.2%)",775 (7.3%),"4,379 (7.6%)","1,517 (4.9%)","3,902 (15.5%)","1,010 (5.2%)","2,883 (9.9%)","1,419 (4.3%)","3,717 (3.3%)","6,053 (6.6%)","38,564 (6.7%)",,,,,,,,,,,103 (4.2%),,103 (4.2%),,,,,,,,,,13 (1.0%),147 (3.3%),,160 (2.8%),,,,,,,,,,<10,157 (3.2%),,157 (3.2%),,,,,,,,,,<10,169 (2.6%),,169 (2.6%),,,,,,,,<10,,<10,155 (2.1%),,,,,,,,67 (1.9%),,10 (7.9%),,<10,187 (2.3%),,264 (2.3%),,245 (5.7%),,,,105 (3.2%),,76 (3.5%),,<10,209 (2.5%),289 (6.2%),924 (4.1%),,536 (6.1%),,,283 (5.6%),127 (3.6%),460 (14.8%),95 (4.6%),300 (8.4%),<10,243 (2.8%),638 (6.4%),"2,682 (6.0%)",,574 (6.3%),,,392 (6.7%),146 (3.8%),508 (15.8%),87 (4.2%),346 (8.8%),34 (1.4%),293 (3.3%),689 (6.3%),"3,069 (6.1%)",,633 (7.3%),,,555 (8.2%),203 (5.9%),604 (19.2%),127 (6.8%),413 (10.2%),70 (2.9%),322 (4.1%),685 (7.1%),"3,612 (7.6%)",,599 (6.6%),,,514 (7.4%),241 (7.2%),501 (17.3%),117 (5.5%),449 (10.1%),30 (1.1%),350 (4.2%),771 (7.3%),"3,572 (7.1%)",203 (7.4%),511 (5.9%),,,584 (8.3%),207 (6.4%),518 (18.6%),114 (5.1%),465 (10.7%),80 (3.0%),303 (3.7%),758 (6.8%),"3,743 (7.1%)",927 (8.0%),531 (5.8%),,429 (8.1%),617 (7.4%),221 (6.8%),435 (15.4%),126 (5.4%),435 (10.2%),350 (12.6%),361 (4.2%),794 (6.9%),"5,226 (7.5%)","1,103 (8.4%)",627 (6.9%),,346 (6.5%),729 (8.5%),200 (6.3%),486 (15.3%),144 (5.7%),475 (10.7%),408 (14.9%),330 (3.7%),762 (6.6%),"5,610 (7.7%)","2,053 (14.0%)",671 (7.3%),,,705 (8.0%),0 (0.0%),390 (12.3%),113 (5.9%),,381 (13.3%),348 (3.7%),667 (6.0%),"5,328 (8.7%)",448 (13.3%),299 (7.1%),,,,,0 (0.0%),,,37 (10.5%),40 (2.9%),,824 (8.1%)
"Sepsis events (CDC ASE), n","22,706","86,347","18,471","5,489","35,787","14,577","11,773","7,714","18,392","27,040","13,548","46,899","308,743",,,,,,,,,,,0,,0,,,,,,,,,,917,0,,917,,,,,,,,,,"1,517",0,,"1,517",,,,,,,,,,"1,604",84,,"1,688",,,,,,,,<10,,"1,648",136,,"1,784",,,,,,"1,160",,<10,,"1,754",169,,"3,083",,"2,687",,,,"1,111",,666,,"1,788",762,"2,453","9,467",,"5,643",,,"3,251","1,270","1,423",845,"2,309","1,964",671,"5,197","22,573",,"5,433",,,"3,416","1,684","1,471",809,"2,597","2,022",325,"5,466","23,223",,"5,878",,,"2,731","1,739","1,713",783,"2,811","2,335",346,"5,270","23,606",,"5,988",,,"4,628","1,965","1,440",998,"2,659","2,351","1,434","5,560","27,023","1,272","6,146",,,"4,551","1,866","1,480",958,"2,821","2,191","2,434","5,793","29,512","5,750","6,485",,"2,888","5,650","1,831","1,354","1,002","2,621","2,237","2,518","6,275","38,611","5,713","8,327",,"2,601","5,841","1,844","1,668",950,"2,574","2,174","2,175","5,552","39,419","8,284","7,414",,,"5,719",107,"1,224",692,,"2,283","2,209","5,333","33,265","1,687","32,346",,,,,0,,,255,285,,"34,573"
"Encounters with >=1 sepsis event, n (%)","12,120 (26.6%)","26,843 (33.4%)","9,206 (22.6%)","2,830 (26.5%)","19,463 (34.0%)","7,356 (23.9%)","6,420 (25.4%)","5,110 (26.2%)","10,760 (37.1%)","13,382 (40.1%)","7,915 (7.1%)","27,273 (29.9%)","148,678 (25.8%)",,,,,,,,,,,0 (0.0%),,0 (0.0%),,,,,,,,,,478 (38.4%),0 (0.0%),,478 (8.4%),,,,,,,,,,802 (38.8%),0 (0.0%),,802 (11.4%),,,,,,,,,,813 (39.3%),80 (1.2%),,893 (10.5%),,,,,,,,<10,,838 (37.9%),128 (1.7%),,966 (10.1%),,,,,,629 (18.2%),,<10,,850 (38.2%),145 (1.8%),,"1,624 (11.9%)",,"1,313 (30.7%)",,,,616 (18.7%),,445 (20.7%),,891 (39.7%),450 (5.4%),"1,427 (30.7%)","5,142 (20.6%)",,"2,716 (30.7%)",,,"1,599 (31.7%)",672 (19.0%),800 (25.7%),554 (26.9%),"1,257 (35.1%)",975 (40.4%),381 (4.4%),"2,960 (29.6%)","11,914 (25.3%)",,"2,823 (31.0%)",,,"1,744 (29.8%)",845 (22.0%),788 (24.4%),531 (25.5%),"1,439 (36.4%)",994 (40.8%),233 (2.6%),"3,126 (28.8%)","12,523 (25.0%)",,"3,187 (36.7%)",,,"1,484 (22.0%)",849 (24.9%),964 (30.7%),501 (26.8%),"1,608 (39.8%)","1,054 (43.3%)",248 (3.2%),"2,926 (30.5%)","12,821 (26.9%)",,"3,166 (34.7%)",,,"2,485 (35.8%)",953 (28.5%),766 (26.4%),647 (30.3%),"1,615 (36.3%)","1,090 (40.9%)",869 (10.5%),"3,123 (29.4%)","14,714 (29.1%)",726 (26.6%),"3,036 (35.0%)",,,"2,524 (36.0%)",901 (27.7%),830 (29.8%),623 (28.0%),"1,679 (38.8%)","1,047 (39.8%)","1,321 (16.3%)","3,289 (29.4%)","15,976 (30.2%)","3,080 (26.5%)","3,145 (34.5%)",,"1,445 (27.2%)","3,099 (37.4%)",913 (28.0%),750 (26.6%),674 (28.8%),"1,553 (36.5%)","1,103 (39.7%)","1,322 (15.5%)","3,540 (30.8%)","20,624 (29.5%)","3,136 (23.8%)","3,075 (33.7%)",,"1,385 (25.9%)","3,259 (37.9%)",922 (28.9%),886 (28.0%),658 (25.8%),"1,609 (36.4%)","1,107 (40.4%)","1,301 (14.4%)","3,521 (30.4%)","20,859 (28.6%)","4,269 (29.1%)","3,143 (34.0%)",,,"3,269 (37.1%)",56 (21.9%),636 (20.1%),472 (24.5%),,"1,198 (41.8%)","1,277 (13.6%)","3,361 (30.1%)","17,681 (28.7%)",909 (26.9%),"1,239 (29.6%)",,,,,0 (0.0%),,,142 (40.3%),160 (11.7%),,"2,450 (24.1%)"
"Invasive mechanical ventilation, n (%)","23,256 (51.0%)","41,737 (51.9%)","35,729 (87.7%)","6,498 (60.9%)","38,763 (67.6%)","21,806 (70.7%)","13,994 (55.4%)","16,300 (83.7%)","18,401 (63.4%)","26,742 (80.1%)","48,284 (43.2%)","49,334 (54.1%)","340,844 (59.2%)",,,,,,,,,,,"1,451 (58.8%)",,"1,451 (58.8%)",,,,,,,,,,"1,047 (84.1%)","2,385 (53.7%)",,"3,432 (60.4%)",,,,,,,,,,"1,681 (81.2%)","2,573 (51.7%)",,"4,254 (60.3%)",,,,,,,,,,"1,690 (81.6%)","2,912 (45.5%)",,"4,602 (54.3%)",,,,,,,,<10,,"1,770 (80.1%)","3,220 (43.9%)",,"4,990 (52.3%)",,,,,,"2,480 (71.8%)",,103 (81.1%),,"1,764 (79.3%)","3,545 (44.5%)",,"7,892 (57.3%)",,"2,310 (54.0%)",,,,"2,375 (72.2%)",,"1,774 (82.6%)",,"1,783 (79.5%)","3,585 (43.2%)","2,841 (61.1%)","14,668 (58.9%)",,"4,571 (51.7%)",,,"3,398 (67.3%)","2,565 (72.4%)","1,847 (59.2%)","1,734 (84.1%)","2,094 (58.5%)","1,903 (78.8%)","3,597 (41.9%)","5,858 (58.6%)","27,567 (58.4%)",,"4,470 (49.1%)",,,"3,883 (66.4%)","2,600 (67.6%)","1,848 (57.3%)","1,778 (85.4%)","2,272 (57.5%)","1,967 (80.7%)","3,624 (41.2%)","5,897 (54.3%)","28,339 (56.5%)",,"4,797 (55.2%)",,,"4,529 (67.1%)","2,409 (70.6%)","1,857 (59.1%)","1,673 (89.5%)","2,521 (62.4%)","1,976 (81.2%)","3,639 (46.8%)","5,670 (59.1%)","29,071 (60.9%)",,"4,840 (53.0%)",,,"4,659 (67.2%)","2,388 (71.5%)","1,548 (53.3%)","1,836 (86.0%)","2,775 (62.5%)","2,152 (80.8%)","3,538 (42.6%)","5,671 (53.4%)","29,407 (58.2%)","1,497 (54.8%)","4,572 (52.8%)",,,"4,799 (68.4%)","2,263 (69.7%)","1,502 (53.9%)","1,871 (84.1%)","2,869 (66.2%)","2,084 (79.3%)","3,325 (41.1%)","5,846 (52.2%)","30,628 (57.9%)","6,050 (52.1%)","4,763 (52.2%)",,"3,321 (62.4%)","5,534 (66.7%)","2,180 (67.0%)","1,504 (53.3%)","1,942 (83.0%)","2,939 (69.2%)","2,217 (79.7%)","3,439 (40.3%)","5,913 (51.4%)","39,802 (57.0%)","6,752 (51.3%)","4,745 (52.1%)",,"3,177 (59.3%)","5,930 (68.9%)","2,339 (73.3%)","1,671 (52.8%)","2,074 (81.4%)","2,931 (66.3%)","2,164 (79.0%)","3,556 (39.5%)","5,982 (51.7%)","41,321 (56.7%)","7,366 (50.2%)","4,635 (50.2%)",,,"6,031 (68.5%)",207 (80.9%),"1,726 (54.4%)","1,511 (78.3%)",,"2,275 (79.3%)","3,426 (36.4%)","5,656 (50.6%)","32,833 (53.4%)","1,591 (47.1%)","2,034 (48.6%)",,,,,491 (54.0%),,,269 (76.4%),469 (34.4%),,"4,854 (47.7%)"
Ventilator hours (millions),2.58,5.16,3.01,0.51,4.22,1.33,1.46,2.31,2.43,2.77,5.00,5.89,37,,,,,,,,,,,0.14,,0,,,,,,,,,,0.09,0.24,,0,,,,,,,,,,0.14,0.24,,0,,,,,,,,,,0.16,0.29,,0,,,,,,,,,,0.15,0.32,,0,,,,,,0.11,,0.06,,0.17,0.36,,1,,0.22,,,,0.11,,0.21,,0.19,0.35,0.31,1,,0.51,,,0.30,0.11,0.16,0.25,0.19,0.21,0.33,0.66,3,,0.51,,,0.34,0.13,0.17,0.21,0.25,0.21,0.33,0.70,3,,0.74,,,0.67,0.15,0.27,0.24,0.33,0.24,0.46,0.79,4,,0.67,,,0.62,0.21,0.18,0.34,0.38,0.27,0.53,0.83,4,0.20,0.58,,,0.56,0.17,0.18,0.29,0.39,0.21,0.34,0.72,4,0.71,0.56,,0.26,0.54,0.16,0.14,0.26,0.44,0.22,0.37,0.65,4,0.75,0.59,,0.25,0.61,0.18,0.15,0.27,0.45,0.23,0.36,0.66,4,0.78,0.58,,,0.57,,0.17,0.18,,0.24,0.32,0.56,3,0.13,0.20,,,,,0.04,,,0.03,0.03,,0
  First location at IMV start: icu,"13,453 (57.8%)","29,110 (69.7%)","35,112 (98.3%)","5,416 (83.3%)","29,514 (76.1%)","7,831 (35.9%)","11,818 (84.5%)","15,747 (96.6%)","12,842 (69.8%)","18,875 (70.6%)","34,685 (71.8%)","41,089 (83.3%)","255,492 (74.9%)",,,,,,,,,,,"1,000 (68.9%)",,"1,000 (68.9%)",,,,,,,,,,772 (73.7%),"1,667 (69.9%)",,"2,439 (71.1%)",,,,,,,,,,"1,219 (72.5%)","1,855 (72.1%)",,"3,074 (72.3%)",,,,,,,,,,"1,182 (69.9%)","1,998 (68.6%)",,"3,180 (69.1%)",,,,,,,,<10,,"1,307 (73.8%)","2,270 (70.5%)",,"3,577 (71.7%)",,,,,,904 (36.5%),,97 (94.2%),,"1,275 (72.3%)","2,572 (72.6%)",,"4,848 (61.5%)",,"1,677 (72.6%)",,,,832 (35.0%),,"1,704 (96.1%)",,"1,216 (68.2%)","2,562 (71.5%)","2,433 (85.6%)","10,424 (71.1%)",,"3,253 (71.2%)",,,"2,710 (79.8%)",805 (31.4%),"1,570 (85.0%)","1,656 (95.5%)","1,616 (77.2%)","1,212 (63.7%)","2,571 (71.5%)","4,954 (84.6%)","20,347 (73.8%)",,"3,084 (69.0%)",,,"3,028 (78.0%)",874 (33.6%),"1,580 (85.5%)","1,689 (95.0%)","1,613 (71.0%)","1,233 (62.7%)","2,537 (70.0%)","4,928 (83.6%)","20,566 (72.6%)",,"3,185 (66.4%)",,,"3,325 (73.4%)",885 (36.7%),"1,611 (86.8%)","1,585 (94.7%)","1,737 (68.9%)","1,403 (71.0%)","2,633 (72.4%)","4,618 (81.4%)","20,982 (72.2%)",,"3,299 (68.2%)",,,"3,545 (76.1%)",937 (39.2%),"1,295 (83.7%)","1,784 (97.2%)","1,908 (68.8%)","1,578 (73.3%)","2,586 (73.1%)","4,717 (83.2%)","21,649 (73.6%)","1,033 (69.0%)","3,175 (69.4%)",,,"3,595 (74.9%)",829 (36.6%),"1,278 (85.1%)","1,824 (97.5%)","1,924 (67.1%)","1,484 (71.2%)","2,383 (71.7%)","4,864 (83.2%)","22,389 (73.1%)","3,802 (62.8%)","3,338 (70.1%)",,"2,767 (83.3%)","4,139 (74.8%)",818 (37.5%),"1,279 (85.0%)","1,901 (97.9%)","2,002 (68.1%)","1,599 (72.1%)","2,520 (73.3%)","4,925 (83.3%)","29,090 (73.1%)","4,059 (60.1%)","3,331 (70.2%)",,"2,649 (83.4%)","4,503 (75.9%)",900 (38.5%),"1,412 (84.5%)","2,029 (97.8%)","2,042 (69.7%)","1,563 (72.2%)","2,603 (73.2%)","4,998 (83.6%)","30,089 (72.8%)","3,847 (52.2%)","3,300 (71.2%)",,,"4,669 (77.4%)",47 (22.7%),"1,387 (80.4%)","1,475 (97.6%)",,"1,646 (72.4%)","2,588 (75.5%)","4,652 (82.2%)","23,611 (71.9%)",712 (44.8%),"1,468 (72.2%)",,,,,406 (82.7%),,,186 (69.1%),340 (72.5%),,"3,112 (64.1%)"
  First location at IMV start: ed,"4,761 (20.5%)","10,536 (25.2%)",59 (0.2%),984 (15.1%),"7,079 (18.3%)","2,068 (9.5%)","1,265 (9.0%)",417 (2.6%),"4,904 (26.7%)","2,353 (8.8%)","8,119 (16.8%)","6,240 (12.6%)","48,785 (14.6%)",,,,,,,,,,,87 (6.0%),,87 (6.0%),,,,,,,,,,89 (8.5%),236 (9.9%),,325 (9.5%),,,,,,,,,,187 (11.1%),282 (11.0%),,469 (11.0%),,,,,,,,,,142 (8.4%),400 (13.7%),,542 (11.8%),,,,,,,,,,169 (9.5%),483 (15.0%),,652 (13.0%),,,,,,<10,,<10,,95 (5.4%),539 (15.2%),,634 (12.0%),,507 (21.9%),,,,125 (5.3%),,54 (3.0%),,110 (6.2%),580 (16.2%),304 (10.7%),"1,680 (11.5%)",,"1,108 (24.2%)",,,494 (14.5%),256 (10.0%),115 (6.2%),63 (3.6%),404 (19.3%),187 (9.8%),686 (19.1%),662 (11.3%),"3,975 (14.4%)",,"1,151 (25.7%)",,,650 (16.7%),318 (12.2%),111 (6.0%),73 (4.1%),562 (24.7%),158 (8.0%),687 (19.0%),717 (12.2%),"4,427 (15.6%)",,"1,280 (26.7%)",,,902 (19.9%),268 (11.1%),143 (7.7%),65 (3.9%),698 (27.7%),214 (10.8%),704 (19.3%),837 (14.8%),"5,111 (17.6%)",,"1,253 (25.9%)",,,882 (18.9%),288 (12.1%),155 (10.0%),37 (2.0%),771 (27.8%),212 (9.9%),696 (19.7%),720 (12.7%),"5,014 (17.1%)",289 (19.3%),"1,175 (25.7%)",,,950 (19.8%),281 (12.4%),135 (9.0%),28 (1.5%),846 (29.5%),206 (9.9%),672 (20.2%),720 (12.3%),"5,302 (17.3%)","1,177 (19.5%)","1,221 (25.6%)",,499 (15.0%),"1,073 (19.4%)",250 (11.5%),154 (10.2%),25 (1.3%),846 (28.8%),196 (8.8%),668 (19.4%),741 (12.5%),"6,850 (17.2%)","1,295 (19.2%)","1,210 (25.5%)",,485 (15.3%),"1,068 (18.0%)",251 (10.7%),164 (9.8%),40 (1.9%),777 (26.5%),171 (7.9%),680 (19.1%),758 (12.7%),"6,899 (16.7%)","1,615 (21.9%)","1,145 (24.7%)",,,"1,060 (17.6%)",30 (14.5%),234 (13.6%),29 (1.9%),,181 (8.0%),620 (18.1%),781 (13.8%),"5,695 (17.3%)",385 (24.2%),486 (23.9%),,,,,54 (11.0%),,,36 (13.4%),99 (21.1%),,"1,060 (21.8%)"
  First location at IMV start: ward,"2,496 (10.7%)",621 (1.5%),300 (0.8%),50 (0.8%),431 (1.1%),909 (4.2%),105 (0.8%),88 (0.5%),226 (1.2%),86 (0.3%),685 (1.4%),445 (0.9%),"6,442 (1.9%)",,,,,,,,,,,27 (1.9%),,27 (1.9%),,,,,,,,,,<10,39 (1.6%),,39 (1.6%),,,,,,,,,,,33 (1.3%),,33 (1.3%),,,,,,,,,,<10,110 (3.8%),,110 (3.8%),,,,,,,,<10,,<10,78 (2.4%),,,,,,,,111 (4.5%),,<10,,<10,56 (1.6%),,167 (2.8%),,48 (2.1%),,,,117 (4.9%),,<10,,<10,45 (1.3%),33 (1.2%),243 (2.2%),,79 (1.7%),,,54 (1.6%),155 (6.0%),<10,<10,25 (1.2%),<10,32 (0.9%),71 (1.2%),416 (1.9%),,68 (1.5%),,,34 (0.9%),76 (2.9%),<10,<10,32 (1.4%),<10,35 (1.0%),56 (0.9%),301 (1.3%),,93 (1.9%),,,122 (2.7%),87 (3.6%),15 (0.8%),18 (1.1%),37 (1.5%),<10,65 (1.8%),54 (1.0%),491 (1.8%),,72 (1.5%),,,51 (1.1%),95 (4.0%),13 (0.8%),10 (0.5%),32 (1.2%),<10,33 (0.9%),51 (0.9%),357 (1.3%),140 (9.4%),79 (1.7%),,,50 (1.0%),108 (4.8%),<10,16 (0.9%),38 (1.3%),<10,30 (0.9%),45 (0.8%),506 (1.9%),546 (9.0%),47 (1.0%),,23 (0.7%),34 (0.6%),78 (3.6%),10 (0.7%),14 (0.7%),28 (1.0%),<10,32 (0.9%),51 (0.9%),863 (2.3%),782 (11.6%),62 (1.3%),,27 (0.8%),50 (0.8%),56 (2.4%),12 (0.7%),<10,34 (1.2%),<10,36 (1.0%),43 (0.7%),"1,102 (2.9%)",837 (11.4%),51 (1.1%),,,36 (0.6%),26 (12.6%),22 (1.3%),<10,,18 (0.8%),33 (1.0%),41 (0.7%),"1,064 (3.4%)",191 (12.0%),22 (1.1%),,,,,<10,,,<10,<10,,
  First location at IMV start: procedural,"2,437 (10.5%)","1,085 (2.6%)",160 (0.4%),41 (0.6%),"1,481 (3.8%)","10,869 (49.8%)",701 (5.0%),46 (0.3%),429 (2.3%),"2,408 (9.0%)","4,558 (9.4%)","1,538 (3.1%)","25,753 (7.4%)",,,,,,,,,,,322 (22.2%),,322 (22.2%),,,,,,,,,,45 (4.3%),425 (17.8%),,470 (13.7%),,,,,,,,,,70 (4.2%),378 (14.7%),,448 (10.6%),,,,,,,,,,75 (4.4%),379 (13.0%),,454 (9.8%),,,,,,,,,,86 (4.9%),372 (11.6%),,458 (9.2%),,,,,,"1,427 (57.5%)",,<10,,73 (4.1%),350 (9.9%),,"1,850 (23.7%)",,63 (2.7%),,,,"1,285 (54.1%)",,<10,,88 (4.9%),386 (10.8%),69 (2.4%),"1,891 (14.6%)",,112 (2.5%),,,129 (3.8%),"1,335 (52.0%)",133 (7.2%),12 (0.7%),49 (2.3%),166 (8.7%),296 (8.2%),167 (2.9%),"2,399 (8.8%)",,141 (3.2%),,,164 (4.2%),"1,326 (51.0%)",138 (7.5%),<10,65 (2.9%),224 (11.4%),350 (9.7%),192 (3.3%),"2,600 (9.9%)",,135 (2.8%),,,133 (2.9%),"1,159 (48.1%)",70 (3.8%),<10,49 (1.9%),236 (11.9%),230 (6.3%),156 (2.8%),"2,168 (7.9%)",,135 (2.8%),,,149 (3.2%),"1,063 (44.5%)",72 (4.7%),<10,64 (2.3%),250 (11.6%),210 (5.9%),180 (3.2%),"2,123 (7.7%)",31 (2.1%),110 (2.4%),,,165 (3.4%),"1,030 (45.5%)",69 (4.6%),<10,61 (2.1%),264 (12.7%),221 (6.6%),213 (3.6%),"2,164 (7.5%)",504 (8.3%),135 (2.8%),,25 (0.8%),245 (4.4%),"1,027 (47.1%)",51 (3.4%),<10,63 (2.1%),291 (13.1%),208 (6.0%),196 (3.3%),"2,745 (7.2%)",595 (8.8%),106 (2.2%),,16 (0.5%),268 (4.5%),"1,115 (47.7%)",74 (4.4%),,78 (2.7%),267 (12.3%),228 (6.4%),183 (3.1%),"2,930 (7.5%)","1,015 (13.8%)",103 (2.2%),,,228 (3.8%),102 (49.3%),74 (4.3%),<10,,247 (10.9%),176 (5.1%),182 (3.2%),"2,127 (6.8%)",292 (18.4%),45 (2.2%),,,,,20 (4.1%),,,26 (9.7%),27 (5.8%),,410 (8.4%)
  First location at IMV start: other,109 (0.5%),385 (0.9%),98 (0.3%),0,254 (0.7%),126 (0.6%),103 (0.7%),0,,"3,012 (11.3%)",224 (0.5%),15 (0.0%),"4,273 (1.3%)",,,,,,,,,,,15 (1.0%),,15 (1.0%),,,,,,,,,,129 (12.3%),17 (0.7%),,146 (4.3%),,,,,,,,,,199 (11.8%),24 (0.9%),,223 (5.2%),,,,,,,,,,282 (16.7%),25 (0.9%),,307 (6.7%),,,,,,,,,,194 (11.0%),16 (0.5%),,210 (4.2%),,,,,,29 (1.2%),,,,306 (17.4%),26 (0.7%),,361 (4.6%),,15 (0.6%),,,,0,,,,364 (20.4%),12 (0.3%),0,364 (2.5%),,19 (0.4%),,,0,0,13 (0.7%),,,330 (17.3%),10 (0.3%),0,121 (0.4%),,26 (0.6%),,,0,0,0,0,,344 (17.5%),14 (0.4%),0,69 (0.2%),,104 (2.2%),,,39 (0.9%),0,0,,,114 (5.8%),0,0,114 (0.4%),,81 (1.7%),,,29 (0.6%),0,0,,,97 (4.5%),12 (0.3%),0,219 (0.7%),0,33 (0.7%),,,39 (0.8%),11 (0.5%),0,0,,122 (5.9%),18 (0.5%),0,223 (0.7%),10 (0.2%),22 (0.5%),,0,43 (0.8%),0,0,,,126 (5.7%),0,,72 (0.2%),0,36 (0.8%),,,41 (0.7%),11 (0.5%),0,,,153 (7.1%),0,,241 (0.6%),34 (0.5%),36 (0.8%),,,38 (0.6%),0,0,,,177 (7.8%),0,,226 (0.7%),0,13 (0.6%),,,,,0,,,11 (4.1%),0,,11 (0.2%)
  Initial ventilator mode: pressure-regulated volume control,"10,103 (43.4%)","9,876 (23.7%)","13,470 (37.7%)","4,887 (75.2%)","2,372 (6.1%)",435 (2.0%),"10,500 (75.0%)",,41 (0.2%),200 (0.7%),432 (0.9%),<10,"52,316 (18.8%)",,,,,,,,,,,<10,,,,,,,,,,,,<10,<10,,,,,,,,,,,,18 (1.1%),<10,,18 (1.1%),,,,,,,,,,<10,11 (0.4%),,11 (0.4%),,,,,,,,,,<10,43 (1.3%),,43 (1.3%),,,,,,<10,,,,13 (0.7%),54 (1.5%),,67 (1.2%),,370 (16.0%),,,,,,,,19 (1.1%),40 (1.1%),,429 (5.6%),,788 (17.2%),,,138 (4.1%),<10,"1,462 (79.2%)",,<10,14 (0.7%),44 (1.2%),,"2,446 (15.8%)",,885 (19.8%),,,157 (4.0%),13 (0.5%),"1,427 (77.2%)",,<10,14 (0.7%),48 (1.3%),,"2,544 (13.7%)",,"1,057 (22.0%)",,,159 (3.5%),24 (1.0%),"1,204 (64.8%)",,,16 (0.8%),54 (1.5%),<10,"2,514 (13.1%)",,"1,098 (22.7%)",,,158 (3.4%),15 (0.6%),"1,103 (71.3%)",,,19 (0.9%),21 (0.6%),,"2,414 (12.6%)",478 (31.9%),"1,147 (25.1%)",,,220 (4.6%),16 (0.7%),"1,117 (74.4%)",,<10,14 (0.7%),<10,<10,"2,992 (18.0%)","2,092 (34.6%)","1,331 (27.9%)",,"2,186 (65.8%)",493 (8.9%),67 (3.1%),"1,142 (75.9%)",,<10,15 (0.7%),<10,<10,"7,326 (28.7%)","2,805 (41.5%)","1,327 (28.0%)",,"2,701 (85.0%)",515 (8.7%),276 (11.8%),"1,332 (79.7%)",,21 (0.7%),15 (0.7%),<10,,"8,992 (30.2%)","3,858 (52.4%)","1,282 (27.7%)",,,532 (8.8%),20 (9.7%),"1,340 (77.6%)",,,17 (0.7%),78 (2.3%),,"7,127 (27.6%)",870 (54.7%),591 (29.1%),,,,,373 (76.0%),,,<10,13 (2.8%),,"1,847 (40.4%)"
  Initial ventilator mode: assist control-volume control,"6,399 (27.5%)","20,181 (48.4%)","18,599 (52.1%)","1,017 (15.7%)","30,519 (78.7%)","10,776 (49.4%)","1,172 (8.4%)","13,225 (81.1%)","16,527 (89.8%)","21,729 (81.3%)","41,426 (85.8%)","30,426 (61.7%)","211,996 (62.2%)",,,,,,,,,,,990 (68.2%),,990 (68.2%),,,,,,,,,,901 (86.1%),"1,637 (68.6%)",,"2,538 (73.9%)",,,,,,,,,,"1,442 (85.8%)","1,874 (72.8%)",,"3,316 (77.9%)",,,,,,,,,,"1,429 (84.6%)","2,292 (78.7%)",,"3,721 (80.9%)",,,,,,,,<10,,"1,503 (84.9%)","2,617 (81.3%)",,"4,120 (82.6%)",,,,,,"1,235 (49.8%)",,85 (82.5%),,"1,455 (82.5%)","2,919 (82.3%)",,"5,694 (72.1%)",,"1,220 (52.8%)",,,,"1,129 (47.5%)",,"1,528 (86.1%)",,"1,505 (84.4%)","3,187 (88.9%)","1,693 (59.6%)","10,262 (69.9%)",,"2,429 (53.1%)",,,"2,229 (65.6%)","1,219 (47.5%)",203 (11.0%),"1,484 (85.6%)","1,830 (87.4%)","1,548 (81.3%)","3,240 (90.1%)","3,486 (59.5%)","17,668 (64.1%)",,"2,399 (53.7%)",,,"3,014 (77.6%)","1,224 (47.1%)",166 (9.0%),"1,489 (83.7%)","1,972 (86.8%)","1,542 (78.4%)","3,219 (88.8%)","3,668 (62.2%)","18,693 (66.0%)",,"2,596 (54.1%)",,,"3,823 (84.4%)","1,195 (49.6%)",334 (18.0%),"1,403 (83.9%)","2,223 (88.2%)","1,571 (79.5%)","3,301 (90.7%)","3,775 (66.6%)","20,221 (69.6%)",,"2,428 (50.2%)",,,"3,882 (83.3%)","1,303 (54.6%)",148 (9.6%),"1,510 (82.2%)","2,464 (88.8%)","1,758 (81.7%)","3,216 (90.9%)","3,529 (62.2%)","20,238 (68.8%)",616 (41.1%),"2,131 (46.6%)",,,"3,971 (82.7%)","1,192 (52.7%)",107 (7.1%),"1,524 (81.5%)","2,648 (92.3%)","1,662 (79.8%)","3,025 (91.0%)","3,667 (62.7%)","20,543 (67.1%)","2,221 (36.7%)","2,006 (42.1%)",,852 (25.7%),"4,309 (77.9%)","1,156 (53.0%)",115 (7.6%),"1,504 (77.4%)","2,687 (91.4%)","1,755 (79.2%)","3,162 (91.9%)","3,622 (61.3%)","23,389 (58.8%)","1,814 (26.9%)","2,020 (42.6%)",,165 (5.2%),"4,545 (76.6%)","1,068 (45.7%)",55 (3.3%),"1,603 (77.3%)","2,703 (92.2%)","1,688 (78.0%)","3,234 (90.9%)","3,603 (60.2%)","22,498 (54.5%)","1,461 (19.8%)","2,063 (44.5%)",,,"4,746 (78.7%)",55 (26.6%),40 (2.3%),"1,094 (72.4%)",,"1,762 (77.5%)","3,087 (90.1%)","3,383 (59.8%)","17,691 (53.8%)",287 (18.0%),889 (43.7%),,,,,<10,,,208 (77.3%),426 (90.8%),,"1,810 (41.4%)"
  Initial ventilator mode: simv,"2,621 (11.3%)","8,982 (21.5%)",572 (1.6%),41 (0.6%),"2,462 (6.4%)",480 (2.2%),117 (0.8%),<10,237 (1.3%),327 (1.2%),"2,632 (5.5%)","15,161 (30.7%)","33,632 (10.3%)",,,,,,,,,,,305 (21.0%),,305 (21.0%),,,,,,,,,,16 (1.5%),510 (21.4%),,526 (15.2%),,,,,,,,,,21 (1.2%),439 (17.1%),,460 (10.7%),,,,,,,,,,19 (1.1%),315 (10.8%),,334 (7.2%),,,,,,,,,,23 (1.3%),276 (8.6%),,299 (6.0%),,,,,,75 (3.0%),,,,23 (1.3%),275 (7.8%),,373 (4.8%),,535 (23.2%),,,,47 (2.0%),,,,20 (1.1%),94 (2.6%),918 (32.3%),"1,614 (12.5%)",,966 (21.1%),,,629 (18.5%),53 (2.1%),<10,,35 (1.7%),24 (1.3%),66 (1.8%),"1,819 (31.1%)","3,592 (15.0%)",,858 (19.2%),,,368 (9.5%),61 (2.3%),<10,,38 (1.7%),31 (1.6%),75 (2.1%),"1,750 (29.7%)","3,181 (12.9%)",,810 (16.9%),,,165 (3.6%),48 (2.0%),<10,,33 (1.3%),28 (1.4%),57 (1.6%),"1,491 (26.3%)","2,632 (10.3%)",,992 (20.5%),,,217 (4.7%),38 (1.6%),22 (1.4%),<10,35 (1.3%),20 (0.9%),58 (1.6%),"1,671 (29.5%)","3,053 (11.1%)",169 (11.3%),"1,029 (22.5%)",,,223 (4.6%),42 (1.9%),26 (1.7%),,29 (1.0%),29 (1.4%),48 (1.4%),"1,757 (30.1%)","3,352 (11.6%)",747 (12.3%),"1,122 (23.6%)",,12 (0.4%),305 (5.5%),45 (2.1%),10 (0.7%),<10,32 (1.1%),33 (1.5%),45 (1.3%),"1,908 (32.3%)","4,259 (11.4%)",779 (11.5%),"1,123 (23.7%)",,29 (0.9%),291 (4.9%),59 (2.5%),22 (1.3%),,35 (1.2%),24 (1.1%),33 (0.9%),"1,978 (33.1%)","4,373 (11.1%)",781 (10.6%),"1,066 (23.0%)",,,264 (4.4%),12 (5.8%),15 (0.9%),,,13 (0.6%),31 (0.9%),"1,869 (33.0%)","4,051 (13.0%)",145 (9.1%),481 (23.6%),,,,,<10,,,<10,<10,,
  Initial ventilator mode: pressure support/cpap,"1,846 (7.9%)","1,582 (3.8%)","2,354 (6.6%)",63 (1.0%),968 (2.5%),"2,555 (11.7%)",375 (2.7%),"1,282 (7.9%)",830 (4.5%),905 (3.4%),"1,066 (2.2%)","2,584 (5.2%)","16,410 (4.8%)",,,,,,,,,,,60 (4.1%),,60 (4.1%),,,,,,,,,,59 (5.6%),74 (3.1%),,133 (3.9%),,,,,,,,,,73 (4.3%),80 (3.1%),,153 (3.6%),,,,,,,,,,90 (5.3%),88 (3.0%),,178 (3.8%),,,,,,,,<10,,61 (3.4%),87 (2.7%),,148 (3.0%),,,,,,341 (13.8%),,12 (11.7%),,80 (4.5%),89 (2.5%),,522 (6.6%),,104 (4.5%),,,,339 (14.3%),,168 (9.5%),,69 (3.9%),72 (2.0%),153 (5.4%),905 (6.2%),,259 (5.7%),,,108 (3.2%),300 (11.7%),50 (2.7%),144 (8.3%),133 (6.4%),65 (3.4%),83 (2.3%),392 (6.7%),"1,534 (5.6%)",,206 (4.6%),,,123 (3.2%),355 (13.7%),62 (3.4%),125 (7.0%),145 (6.4%),61 (3.1%),76 (2.1%),344 (5.8%),"1,497 (5.3%)",,195 (4.1%),,,151 (3.3%),233 (9.7%),41 (2.2%),115 (6.9%),127 (5.0%),51 (2.6%),54 (1.5%),268 (4.7%),"1,235 (4.2%)",,184 (3.8%),,,129 (2.8%),224 (9.4%),45 (2.9%),132 (7.2%),135 (4.9%),49 (2.3%),82 (2.3%),312 (5.5%),"1,292 (4.4%)",71 (4.7%),142 (3.1%),,,122 (2.5%),240 (10.6%),48 (3.2%),120 (6.4%),90 (3.1%),40 (1.9%),57 (1.7%),304 (5.2%),"1,234 (4.0%)",318 (5.3%),181 (3.8%),,23 (0.7%),118 (2.1%),251 (11.5%),31 (2.1%),155 (8.0%),104 (3.5%),45 (2.0%),45 (1.3%),266 (4.5%),"1,537 (3.9%)",692 (10.2%),144 (3.0%),,40 (1.3%),120 (2.0%),251 (10.7%),43 (2.6%),167 (8.1%),96 (3.3%),70 (3.2%),60 (1.7%),280 (4.7%),"1,963 (4.8%)",629 (8.5%),127 (2.7%),,,97 (1.6%),21 (10.1%),34 (2.0%),142 (9.4%),,84 (3.7%),55 (1.6%),265 (4.7%),"1,454 (4.4%)",136 (8.5%),40 (2.0%),,,,,21 (4.3%),,,<10,<10,,197 (4.8%)
  Initial ventilator mode: pressure control,607 (2.6%),567 (1.4%),194 (0.5%),201 (3.1%),"1,262 (3.3%)","5,914 (27.1%)","1,589 (11.4%)","1,773 (10.9%)",361 (2.0%),694 (2.6%),517 (1.1%),310 (0.6%),"13,989 (4.1%)",,,,,,,,,,,<10,,,,,,,,,,,,24 (2.3%),<10,,24 (2.3%),,,,,,,,,,34 (2.0%),15 (0.6%),,49 (1.2%),,,,,,,,,,28 (1.7%),20 (0.7%),,48 (1.1%),,,,,,,,<10,,38 (2.1%),19 (0.6%),,57 (1.1%),,,,,,554 (22.3%),,<10,,39 (2.2%),30 (0.8%),,623 (7.8%),,35 (1.5%),,,,592 (24.9%),,78 (4.4%),,30 (1.7%),35 (1.0%),11 (0.4%),781 (5.4%),,47 (1.0%),,,49 (1.4%),728 (28.4%),101 (5.5%),105 (6.1%),43 (2.1%),34 (1.8%),27 (0.8%),34 (0.6%),"1,168 (4.3%)",,54 (1.2%),,,89 (2.3%),689 (26.5%),159 (8.6%),164 (9.2%),52 (2.3%),50 (2.5%),31 (0.9%),26 (0.4%),"1,314 (4.6%)",,75 (1.6%),,,98 (2.2%),639 (26.5%),235 (12.7%),153 (9.1%),61 (2.4%),37 (1.9%),48 (1.3%),45 (0.8%),"1,391 (4.8%)",,73 (1.5%),,,144 (3.1%),727 (30.4%),206 (13.3%),188 (10.2%),70 (2.5%),39 (1.8%),44 (1.2%),58 (1.0%),"1,549 (5.2%)",42 (2.8%),66 (1.4%),,,157 (3.3%),707 (31.2%),175 (11.7%),223 (11.9%),40 (1.4%),44 (2.1%),47 (1.4%),29 (0.5%),"1,530 (5.0%)",167 (2.8%),62 (1.3%),,114 (3.4%),185 (3.3%),602 (27.6%),176 (11.7%),280 (14.4%),52 (1.8%),56 (2.5%),50 (1.5%),26 (0.4%),"1,770 (4.4%)",161 (2.4%),75 (1.6%),,87 (2.7%),307 (5.2%),616 (26.3%),186 (11.1%),303 (14.6%),43 (1.5%),87 (4.0%),63 (1.8%),37 (0.6%),"1,965 (4.8%)",192 (2.6%),60 (1.3%),,,233 (3.9%),60 (29.0%),273 (15.8%),272 (18.0%),,131 (5.8%),64 (1.9%),44 (0.8%),"1,329 (4.1%)",45 (2.8%),20 (1.0%),,,,,78 (15.9%),,,23 (8.6%),10 (2.1%),,176 (3.6%)
  Initial ventilator mode: other,"1,678 (7.2%)",549 (1.3%),537 (1.5%),272 (4.2%),"1,178 (3.0%)","1,646 (7.5%)",239 (1.7%),18 (0.1%),395 (2.1%),"2,887 (10.8%)","2,211 (4.6%)",844 (1.7%),"12,389 (3.6%)",,,,,,,,,,,85 (5.9%),,85 (5.9%),,,,,,,,,,33 (3.2%),148 (6.2%),,181 (5.3%),,,,,,,,,,86 (5.1%),157 (6.1%),,243 (5.7%),,,,,,,,,,117 (6.9%),176 (6.0%),,293 (6.4%),,,,,,,,,,128 (7.2%),169 (5.3%),,297 (6.0%),,,,,,272 (11.0%),,,,150 (8.5%),172 (4.8%),,594 (7.5%),,32 (1.4%),,,,268 (11.3%),,,,137 (7.7%),156 (4.4%),57 (2.0%),650 (4.4%),,82 (1.8%),,,239 (7.0%),264 (10.3%),21 (1.1%),0,39 (1.9%),214 (11.2%),137 (3.8%),126 (2.2%),"1,015 (3.7%)",,64 (1.4%),,,132 (3.4%),255 (9.8%),21 (1.1%),,51 (2.2%),264 (13.4%),170 (4.7%),109 (1.8%),"1,066 (3.8%)",,59 (1.2%),,,124 (2.7%),264 (11.0%),34 (1.8%),0,76 (3.0%),271 (13.7%),122 (3.4%),87 (1.5%),955 (3.3%),,61 (1.3%),,,128 (2.7%),76 (3.2%),24 (1.6%),0,69 (2.5%),266 (12.4%),112 (3.2%),101 (1.8%),773 (2.6%),118 (7.9%),54 (1.2%),,,105 (2.2%),65 (2.9%),28 (1.9%),0,55 (1.9%),286 (13.7%),141 (4.2%),87 (1.5%),872 (2.8%),497 (8.2%),57 (1.2%),,116 (3.5%),123 (2.2%),55 (2.5%),21 (1.4%),0,55 (1.9%),304 (13.7%),129 (3.7%),90 (1.5%),"1,388 (3.5%)",501 (7.4%),53 (1.1%),,147 (4.6%),150 (2.5%),68 (2.9%),33 (2.0%),0,24 (0.8%),274 (12.7%),152 (4.3%),84 (1.4%),"1,486 (3.6%)",434 (5.9%),32 (0.7%),,,154 (2.6%),33 (16.0%),24 (1.4%),0,,262 (11.5%),104 (3.0%),95 (1.7%),"1,095 (3.3%)",102 (6.4%),0,,,,,0,,,24 (8.9%),0,,113 (2.6%)
"FiO2 (%), median [Q1, Q3]","0.3 [0.2, 0.4]","0.3 [0.2, 0.4]","0.4 [0.4, 0.5]","0.2 [0.2, 0.4]","0.3 [0.2, 0.4]","0.3 [0.2, 0.5]","0.3 [0.2, 0.4]","0.3 [0.2, 0.3]","0.4 [0.4, 0.4]","0.3 [0.2, 0.4]","0.3 [0.2, 0.4]","0.3 [0.2, 0.4]","0.3 [0.2, 0.5]",,,,,,,,,,,"0.3 [0.3, 0.4]",,"0.3 [0.3, 0.4]",,,,,,,,,,"0.3 [0.2, 0.5]","0.3 [0.3, 0.4]",,"0.3 [0.2, 0.5]",,,,,,,,,,"0.3 [0.2, 0.4]","0.3 [0.3, 0.4]",,"0.3 [0.2, 0.4]",,,,,,,,,,"0.3 [0.2, 0.4]","0.3 [0.3, 0.4]",,"0.3 [0.2, 0.4]",,,,,,,,"0.4 [0.3, 0.5]",,"0.3 [0.2, 0.4]","0.3 [0.3, 0.4]",,"0.3 [0.2, 0.5]",,,,,,"0.3 [0.2, 0.6]",,"0.3 [0.3, 0.4]",,"0.3 [0.2, 0.4]","0.3 [0.3, 0.4]",,"0.3 [0.2, 0.6]",,"0.3 [0.2, 0.4]",,,,"0.3 [0.2, 0.6]",,"0.3 [0.3, 0.4]",,"0.3 [0.2, 0.4]","0.3 [0.3, 0.4]","0.4 [0.2, 0.4]","0.3 [0.2, 0.6]",,"0.3 [0.2, 0.4]",,,"0.3 [0.2, 0.4]","0.3 [0.2, 0.5]","0.3 [0.2, 0.4]","0.3 [0.3, 0.4]","0.3 [0.2, 0.4]","0.3 [0.2, 0.4]","0.3 [0.2, 0.4]","0.4 [0.2, 0.4]","0.3 [0.2, 0.5]",,"0.3 [0.2, 0.4]",,,"0.3 [0.2, 0.4]","0.3 [0.2, 0.5]","0.3 [0.2, 0.4]","0.3 [0.2, 0.3]","0.4 [0.2, 0.4]","0.3 [0.2, 0.4]","0.3 [0.2, 0.4]","0.3 [0.2, 0.4]","0.3 [0.2, 0.5]",,"0.3 [0.2, 0.4]",,,"0.3 [0.2, 0.4]","0.3 [0.2, 0.5]","0.3 [0.3, 0.4]","0.3 [0.2, 0.3]","0.4 [0.4, 0.4]","0.3 [0.2, 0.4]","0.3 [0.3, 0.4]","0.3 [0.2, 0.4]","0.3 [0.2, 0.5]",,"0.3 [0.2, 0.4]",,,"0.3 [0.2, 0.4]","0.3 [0.2, 0.5]","0.3 [0.2, 0.3]","0.3 [0.2, 0.3]","0.4 [0.4, 0.4]","0.3 [0.2, 0.4]","0.3 [0.3, 0.4]","0.3 [0.2, 0.4]","0.3 [0.2, 0.5]","0.3 [0.3, 0.4]","0.3 [0.2, 0.4]",,,"0.3 [0.2, 0.4]","0.3 [0.2, 0.5]","0.3 [0.2, 0.4]","0.3 [0.2, 0.3]","0.4 [0.4, 0.4]","0.3 [0.2, 0.4]","0.3 [0.2, 0.3]","0.3 [0.2, 0.4]","0.3 [0.2, 0.5]","0.3 [0.2, 0.4]","0.3 [0.2, 0.4]",,"0.2 [0.2, 0.4]","0.3 [0.2, 0.4]","0.3 [0.2, 0.5]","0.3 [0.2, 0.3]","0.3 [0.2, 0.3]","0.4 [0.4, 0.4]","0.3 [0.2, 0.4]","0.3 [0.2, 0.3]","0.3 [0.2, 0.4]","0.3 [0.2, 0.5]","0.3 [0.2, 0.4]","0.3 [0.2, 0.4]",,"0.2 [0.2, 0.4]","0.3 [0.2, 0.4]","0.3 [0.2, 0.5]","0.3 [0.2, 0.3]","0.3 [0.2, 0.3]","0.4 [0.4, 0.4]","0.3 [0.2, 0.4]","0.3 [0.2, 0.3]","0.3 [0.2, 0.4]","0.3 [0.2, 0.5]","0.3 [0.2, 0.4]","0.3 [0.2, 0.4]",,,"0.3 [0.2, 0.4]","0.5 [0.3, 0.6]","0.3 [0.2, 0.3]","0.3 [0.2, 0.3]",,"0.3 [0.2, 0.4]","0.3 [0.2, 0.3]","0.3 [0.2, 0.4]","0.3 [0.2, 0.6]","0.3 [0.2, 0.4]","0.3 [0.2, 0.4]",,,,,"0.3 [0.2, 0.3]",,,"0.3 [0.2, 0.4]","0.3 [0.2, 0.3]",,"0.3 [0.2, 0.4]"
"PEEP (cmH2O), median [Q1, Q3]","6.0 [6.0, 6.0]","5.0 [5.0, 5.0]","5.0 [5.0, 5.0]","5.0 [5.0, 5.0]","5.0 [5.0, 5.0]","5.0 [5.0, 6.0]","8.0 [8.0, 8.0]","5.0 [5.0, 5.0]","5.0 [5.0, 5.0]","5.0 [5.0, 5.0]","5.0 [5.0, 5.0]","5.0 [5.0, 5.1]","5.2 [5, 8]",,,,,,,,,,,"5.0 [5.0, 5.0]",,"5 [5, 5]",,,,,,,,,,"5.0 [5.0, 5.0]","5.0 [5.0, 5.0]",,"5 [5, 5]",,,,,,,,,,"5.0 [5.0, 5.0]","5.0 [5.0, 5.0]",,"5 [5, 5]",,,,,,,,,,"5.0 [5.0, 5.0]","5.0 [5.0, 5.0]",,"5 [5, 5]",,,,,,,,"6.5 [6.5, 8.0]",,"5.0 [5.0, 5.0]","5.0 [5.0, 5.0]",,"5.0 [5, 8]",,,,,,"5.0 [5.0, 5.0]",,"5.0 [5.0, 5.8]",,"5.0 [5.0, 5.0]","5.0 [5.0, 5.0]",,"5 [5, 5.8]",,"5.0 [5.0, 5.0]",,,,"5.0 [5.0, 6.0]",,"5.0 [5.0, 5.0]",,"5.0 [5.0, 5.0]","5.0 [5.0, 5.0]","5.0 [5.0, 5.0]","5 [5, 6]",,"5.0 [5.0, 5.0]",,,"5.0 [5.0, 5.0]","5.0 [5.0, 6.0]","8.0 [8.0, 8.0]","5.0 [5.0, 5.0]","5.0 [5.0, 5.0]","5.0 [5.0, 5.0]","5.0 [5.0, 5.0]","5.0 [5.0, 5.0]","5.2 [5, 8]",,"5.0 [5.0, 5.0]",,,"5.0 [5.0, 5.0]","5.0 [5.0, 6.0]","8.0 [8.0, 8.0]","5.0 [5.0, 5.0]","5.0 [5.0, 5.0]","5.0 [5.0, 5.0]","5.0 [5.0, 5.0]","5.0 [5.0, 5.0]","5.2 [5, 8]",,"5.0 [5.0, 5.0]",,,"5.0 [5.0, 5.0]","5.0 [5.0, 6.0]","8.0 [8.0, 8.0]","5.0 [5.0, 5.0]","5.0 [5.0, 5.0]","5.0 [5.0, 5.0]","5.0 [5.0, 5.0]","5.0 [5.0, 5.2]","5.2 [5, 8]",,"5.0 [5.0, 5.0]",,,"5.0 [5.0, 5.0]","5.0 [5.0, 7.0]","8.0 [8.0, 8.0]","5.0 [5.0, 5.0]","5.0 [5.0, 5.0]","5.0 [5.0, 5.0]","5.0 [5.0, 5.1]","5.0 [5.0, 5.2]","5.2 [5, 8]","6.0 [6.0, 6.0]","5.0 [5.0, 5.0]",,,"5.0 [5.0, 5.0]","5.0 [5.0, 6.0]","8.0 [8.0, 8.0]","5.0 [5.0, 5.0]","5.0 [5.0, 5.0]","5.0 [5.0, 5.0]","5.0 [5.0, 5.0]","5.0 [5.0, 5.1]","5.2 [5, 8]","6.0 [6.0, 6.0]","5.0 [5.0, 5.0]",,"5.0 [5.0, 5.0]","5.0 [5.0, 5.0]","5.0 [5.0, 6.0]","8.0 [8.0, 8.0]","5.0 [5.0, 5.0]","5.0 [5.0, 5.0]","5.0 [5.0, 5.0]","5.0 [5.0, 5.0]","5.0 [5.0, 5.2]","5.3 [5, 8]","6.0 [6.0, 6.0]","5.0 [5.0, 5.0]",,"5.0 [5.0, 5.0]","5.0 [5.0, 5.0]","5.0 [5.0, 7.0]","8.0 [8.0, 8.0]","5.0 [5.0, 5.0]","5.0 [5.0, 5.0]","5.0 [5.0, 5.0]","5.0 [5.0, 5.0]","5.0 [5.0, 5.1]","5.3 [5, 8]","6.0 [6.0, 6.0]","5.0 [5.0, 5.0]",,,"5.0 [5.0, 5.0]","5.0 [5.0, 6.0]","8.0 [8.0, 8.0]","5.0 [5.0, 5.0]",,"5.0 [5.0, 5.0]","6.0 [5.0, 8.0]","5.0 [5.0, 5.1]","5.5 [5, 8]","6.0 [6.0, 6.0]","nan [nan, nan]",,,,,"8.0 [8.0, 8.0]",,,"5.0 [5.0, 5.0]","7.0 [5.0, 8.0]",,"6.5 [5, 8]"
"Respiratory rate (breaths/min), median [Q1, Q3]","16.0 [16.0, 18.0]","16.0 [16.0, 18.0]","16.0 [16.0, 17.0]","16.0 [16.0, 16.0]","16.0 [16.0, 16.0]","16.0 [14.0, 18.0]","16.0 [16.0, 16.0]","12.0 [0.0, 18.0]","15.0 [14.0, 16.0]","16.0 [14.0, 16.0]","16.0 [15.0, 16.0]","19.0 [17.0, 20.0]","16.3 [0, 20]",,,,,,,,,,,"12.0 [12.0, 14.0]",,"12 [12, 14]",,,,,,,,,,"14.0 [12.0, 14.0]","12.0 [12.0, 14.0]",,"12.4 [12, 14]",,,,,,,,,,"14.0 [14.0, 16.0]","14.0 [12.0, 14.0]",,"14 [12, 16]",,,,,,,,,,"15.0 [14.0, 16.0]","14.0 [14.0, 14.0]",,"14.2 [14, 16]",,,,,,,,"0.0 [0.0, 12.0]",,"16.0 [14.0, 16.0]","14.0 [14.0, 15.0]",,"14.5 [0, 16]",,,,,,"16.0 [14.0, 17.0]",,"0.0 [0.0, 18.0]",,"16.0 [15.0, 17.0]","14.0 [14.0, 15.0]",,"14.7 [0, 18]",,"16.0 [16.0, 16.0]",,,,"16.0 [14.0, 18.0]",,"9.0 [0.0, 18.0]",,"16.0 [16.0, 18.0]","16.0 [14.0, 16.0]","18.0 [16.0, 20.0]","15.8 [0, 20]",,"16.0 [15.0, 16.0]",,,"15.0 [14.0, 16.0]","16.0 [14.0, 18.0]","16.0 [16.0, 16.0]","10.0 [0.0, 18.0]","14.0 [14.0, 16.0]","16.0 [15.0, 17.8]","16.0 [15.0, 16.0]","19.0 [16.0, 22.0]","16.1 [0, 22]",,"16.0 [16.0, 16.0]",,,"14.0 [14.0, 16.0]","16.0 [14.0, 18.0]","16.0 [16.0, 16.0]","14.0 [0.0, 18.0]","14.0 [14.0, 15.0]","16.0 [14.0, 16.0]","16.0 [16.0, 16.0]","18.0 [16.0, 21.0]","16.0 [0, 21]",,"16.0 [16.0, 18.0]",,,"16.0 [15.0, 16.0]","16.0 [14.0, 18.0]","16.0 [16.0, 18.0]","16.0 [0.0, 18.0]","15.0 [14.0, 16.0]","16.0 [15.0, 18.0]","16.0 [16.0, 16.0]","19.0 [17.0, 21.0]","16.5 [0, 21]",,"16.0 [16.0, 18.0]",,,"16.0 [16.0, 16.0]","16.0 [15.0, 18.0]","16.0 [16.0, 16.0]","15.0 [0.0, 18.0]","16.0 [14.0, 16.0]","16.0 [14.0, 16.0]","16.0 [16.0, 17.5]","20.0 [18.0, 20.0]","16.8 [0, 20]","18.0 [16.0, 18.0]","16.0 [16.0, 18.0]",,,"16.0 [15.0, 16.0]","16.0 [14.0, 17.0]","16.0 [16.0, 16.0]","14.0 [0.0, 18.0]","15.0 [14.0, 16.0]","16.0 [15.0, 16.0]","16.0 [16.0, 16.0]","19.0 [18.0, 20.0]","16.6 [0, 20]","16.0 [16.0, 18.0]","16.0 [16.0, 18.0]",,"16.0 [16.0, 16.0]","16.0 [16.0, 16.0]","16.0 [14.0, 17.0]","16.0 [16.0, 16.0]","12.0 [0.0, 18.0]","15.0 [14.0, 16.0]","16.0 [15.0, 16.0]","16.0 [16.0, 16.0]","19.0 [18.0, 20.0]","16.3 [0, 20]","16.0 [16.0, 18.0]","16.0 [16.0, 18.0]",,"16.0 [16.0, 16.0]","16.0 [16.0, 16.0]","16.0 [14.0, 18.0]","16.0 [16.0, 16.0]","12.0 [0.0, 18.0]","15.0 [14.0, 16.0]","16.0 [15.0, 16.0]","16.0 [16.0, 16.0]","18.5 [18.0, 20.0]","16.2 [0, 20]","16.0 [16.0, 18.0]","16.0 [16.0, 18.0]",,,"16.0 [16.0, 16.0]","16.0 [14.2, 17.0]","16.0 [16.0, 16.0]","9.0 [0.0, 18.0]",,"16.0 [14.0, 16.0]","16.0 [16.0, 16.0]","18.0 [18.0, 20.0]","16.1 [0, 20]","17.0 [16.0, 18.0]","nan [nan, nan]",,,,,"16.0 [16.0, 16.0]",,,"15.0 [14.0, 16.0]","16.0 [16.0, 16.0]",,"16.5 [14, 18]"
"Tidal volume (mL), median [Q1, Q3]","420.0 [402.5, 420.0]","420.0 [410.0, 430.0]","450.0 [450.0, 450.0]","430.0 [430.0, 440.0]","450.0 [450.0, 470.0]","450.0 [450.0, 475.0]","400.0 [400.0, 400.0]","400.0 [400.0, 410.0]","450.0 [420.0, 450.0]","450.0 [440.0, 450.0]","500.0 [480.0, 500.0]","450.0 [450.0, 450.0]","448.9 [400, 500]",,,,,,,,,,,"550.0 [500.0, 550.0]",,"550 [500, 550]",,,,,,,,,,"500.0 [500.0, 500.0]","550.0 [500.0, 550.0]",,"539.1 [500, 550]",,,,,,,,,,"500.0 [500.0, 500.0]","500.0 [500.0, 530.0]",,"500 [500, 530]",,,,,,,,,,"450.0 [450.0, 490.0]","500.0 [500.0, 500.0]",,"487.8 [450, 500]",,,,,,,,"385.0 [385.0, 415.0]",,"450.0 [450.0, 450.0]","500.0 [500.0, 500.0]",,"488.4 [385, 500]",,,,,,"500.0 [500.0, 500.0]",,"410.0 [410.0, 410.0]",,"450.0 [450.0, 450.0]","500.0 [500.0, 500.0]",,"491.1 [410, 500]",,"430.0 [420.0, 450.0]",,,,"500.0 [500.0, 500.0]",,"410.0 [410.0, 420.0]",,"450.0 [450.0, 450.0]","500.0 [500.0, 500.0]","500.0 [500.0, 500.0]","475.7 [410, 500]",,"430.0 [420.0, 450.0]",,,"500.0 [500.0, 500.0]","450.0 [450.0, 450.0]","400.0 [400.0, 400.0]","410.0 [410.0, 410.0]","440.0 [420.0, 450.0]","450.0 [450.0, 450.0]","500.0 [500.0, 500.0]","490.0 [450.0, 500.0]","463.4 [400, 500]",,"420.0 [410.0, 440.0]",,,"500.0 [500.0, 500.0]","450.0 [450.0, 450.0]","400.0 [400.0, 400.0]","410.0 [400.0, 410.0]","450.0 [420.0, 450.0]","420.0 [410.0, 440.0]","500.0 [500.0, 500.0]","450.0 [450.0, 460.0]","452.8 [400, 500]",,"400.0 [400.0, 420.0]",,,"450.0 [450.0, 470.0]","450.0 [450.0, 450.0]","400.0 [400.0, 400.0]","400.0 [400.0, 410.0]","440.0 [420.0, 450.0]","400.0 [400.0, 420.0]","450.0 [450.0, 460.0]","450.0 [450.0, 450.0]","432.2 [400, 470]",,"420.0 [400.0, 420.0]",,,"450.0 [450.0, 450.0]","450.0 [450.0, 450.0]","400.0 [400.0, 400.0]","400.0 [400.0, 400.0]","450.0 [420.0, 450.0]","410.0 [400.0, 420.0]","450.0 [450.0, 450.0]","450.0 [450.0, 450.0]","437.5 [400, 450]","400.0 [400.0, 420.0]","420.0 [410.0, 430.0]",,,"450.0 [450.0, 450.0]","450.0 [450.0, 460.0]","400.0 [400.0, 400.0]","400.0 [400.0, 400.0]","440.0 [420.0, 450.0]","400.0 [400.0, 420.0]","450.0 [450.0, 450.0]","450.0 [450.0, 450.0]","434.5 [400, 460]","420.0 [410.0, 420.0]","430.0 [420.0, 440.0]",,"440.0 [430.0, 450.0]","450.0 [450.0, 450.0]","450.0 [450.0, 460.0]","400.0 [400.0, 400.0]","400.0 [400.0, 400.0]","440.0 [428.8, 450.0]","410.0 [400.0, 420.0]","450.0 [450.0, 450.0]","450.0 [440.0, 450.0]","435.7 [400, 460]","410.0 [400.0, 420.0]","430.0 [420.0, 440.0]",,"430.0 [420.0, 430.0]","450.0 [450.0, 450.0]","450.0 [450.0, 450.0]","400.0 [400.0, 400.0]","400.0 [400.0, 400.0]","450.0 [440.0, 450.0]","400.0 [400.0, 410.0]","450.0 [450.0, 450.0]","450.0 [440.0, 450.0]","433.0 [400, 450]","420.0 [410.0, 420.0]","430.0 [420.0, 440.0]",,,"450.0 [450.0, 450.0]","450.0 [450.0, 450.0]","410.0 [400.0, 420.0]","390.0 [380.0, 390.0]",,"400.0 [400.0, 420.0]","450.0 [450.0, 450.0]","450.0 [440.0, 450.0]","433.6 [380, 450]","420.0 [420.0, 430.0]","nan [nan, nan]",,,,,"400.0 [400.0, 400.0]",,,"400.0 [400.0, 400.0]","450.0 [450.0, 450.0]",,"422.6 [400, 450]"
"Time to extubation (hrs), median [Q1, Q3]","29.7 [10.2, 79.9]","34.1 [11.6, 91.1]","42.0 [15.9, 113.7]","22.0 [7.8, 67.0]","34.2 [13.2, 88.9]","17.8 [6.7, 49.1]","22.8 [11.7, 63.7]","36.0 [6.8, 119.0]","40.4 [18.6, 88.9]","22.6 [11.0, 61.6]","35.4 [12.6, 92.5]","24.7 [9.5, 74.8]","31.2 [6.7, 119]",,,,,,,,,,,"41.5 [15.7, 96.8]",,"41.5 [15.7, 96.8]",,,,,,,,,,"20.7 [11.5, 53.1]","37.3 [15.1, 109.8]",,"33.7 [11.5, 109.8]",,,,,,,,,,"21.5 [11.6, 51.9]","34.3 [12.7, 96.5]",,"30.5 [11.6, 96.5]",,,,,,,,,,"20.8 [10.8, 47.9]","37.2 [12.2, 101.8]",,"33.2 [10.8, 101.8]",,,,,,,,"60.6 [47.7, 73.6]",,"20.3 [10.5, 49.4]","34.2 [12.4, 94.0]",,"31.0 [10.5, 94]",,,,,,"14.6 [5.7, 38.0]",,"63.5 [39.4, 238.1]",,"20.6 [10.2, 55.6]","32.0 [11.4, 90.5]",,"26.1 [5.7, 238.1]",,"23.4 [8.6, 71.3]",,,,"15.8 [6.2, 42.3]",,"35.1 [8.9, 111.5]",,"20.9 [11.0, 50.5]","39.1 [13.9, 94.9]","23.6 [10.5, 68.0]","28.5 [6.2, 111.5]",,"27.9 [10.6, 76.4]",,,"26.7 [11.4, 74.6]","15.9 [5.8, 43.0]","21.0 [10.6, 57.6]","20.5 [6.9, 110.0]","25.2 [13.4, 56.9]","22.2 [12.3, 61.2]","33.1 [10.9, 77.7]","24.9 [10.8, 71.0]","25.9 [5.8, 110]",,"34.7 [12.6, 85.7]",,,"30.0 [12.4, 75.2]","16.4 [6.3, 44.0]","21.8 [10.4, 63.2]","33.4 [7.2, 110.8]","28.4 [14.5, 61.9]","25.7 [12.3, 69.4]","29.0 [12.0, 72.9]","24.6 [10.4, 70.0]","27.7 [6.3, 110.8]",,"44.0 [15.3, 123.4]",,,"42.8 [15.0, 125.5]","20.9 [7.7, 61.0]","31.0 [12.8, 107.5]","39.4 [6.6, 116.1]","39.4 [18.8, 90.5]","26.9 [13.3, 69.6]","41.0 [15.9, 112.2]","27.9 [12.0, 89.0]","36.2 [6.6, 125.5]",,"37.6 [11.9, 103.5]",,,"34.9 [13.2, 88.8]","19.3 [7.3, 53.0]","23.1 [12.4, 66.9]","42.9 [5.9, 159.9]","39.0 [17.2, 87.3]","23.2 [10.2, 67.3]","43.2 [16.0, 141.3]","26.2 [9.6, 87.3]","33.3 [5.9, 159.9]","43.1 [11.7, 117.7]","36.5 [12.2, 97.4]",,,"36.7 [13.8, 94.0]","18.5 [7.0, 50.5]","22.1 [12.5, 58.0]","47.0 [7.5, 137.3]","41.6 [18.7, 87.2]","22.1 [9.1, 65.0]","33.5 [12.7, 81.3]","28.2 [9.7, 85.4]","32.9 [7, 137.3]","34.4 [13.4, 88.4]","32.0 [10.6, 90.2]",,"21.6 [7.8, 65.7]","34.5 [13.5, 81.2]","20.1 [7.0, 55.9]","24.2 [13.2, 65.0]","36.2 [5.8, 117.6]","60.0 [28.3, 125.3]","21.9 [9.6, 64.7]","35.8 [13.1, 84.6]","24.8 [8.6, 76.2]","31.8 [5.8, 125.3]","32.9 [12.7, 80.8]","32.0 [10.4, 86.8]",,"22.2 [7.9, 67.8]","32.1 [12.3, 81.7]","20.7 [8.0, 59.0]","21.6 [11.0, 57.7]","30.8 [6.0, 110.1]","59.2 [30.0, 121.8]","25.5 [11.9, 67.3]","35.4 [12.2, 85.9]","21.4 [7.9, 67.9]","30.6 [6, 121.8]","23.2 [7.8, 70.5]","34.0 [10.9, 86.7]",,,"33.8 [13.2, 85.9]","17.0 [4.6, 24.0]","22.5 [11.5, 55.6]","25.1 [6.7, 93.7]",,"25.2 [10.4, 69.1]","26.0 [8.3, 82.1]","22.7 [7.7, 66.4]","26.8 [4.6, 93.7]","19.5 [5.9, 57.4]","30.1 [10.0, 77.8]",,,,,"22.7 [8.0, 59.5]",,,"25.6 [11.9, 91.6]","20.6 [7.1, 46.1]",,"24.5 [5.9, 91.6]"
  IMV outcome: extubated,"13,876 (59.7%)","25,781 (61.8%)","22,332 (62.5%)","3,396 (52.3%)","21,823 (56.3%)","17,807 (81.7%)","8,996 (64.3%)","12,367 (75.9%)","9,607 (52.2%)","19,183 (71.7%)","27,846 (57.7%)","30,405 (61.6%)","213,419 (62.6%)",,,,,,,,,,,796 (54.9%),,796 (54.9%),,,,,,,,,,795 (75.9%),"1,330 (55.8%)",,"2,125 (61.9%)",,,,,,,,,,"1,237 (73.6%)","1,523 (59.2%)",,"2,760 (64.9%)",,,,,,,,,,"1,268 (75.0%)","1,651 (56.7%)",,"2,919 (63.4%)",,,,,,,,<10,,"1,296 (73.2%)","1,935 (60.1%)",,"3,231 (64.7%)",,,,,,"2,059 (83.0%)",,92 (89.3%),,"1,349 (76.5%)","2,114 (59.6%)",,"5,614 (71.1%)",,"1,451 (62.8%)",,,,"1,979 (83.3%)",,"1,370 (77.2%)",,"1,338 (75.0%)","2,124 (59.2%)","1,768 (62.2%)","10,030 (68.3%)",,"2,864 (62.7%)",,,"1,922 (56.6%)","2,152 (83.9%)","1,147 (62.1%)","1,304 (75.2%)","1,225 (58.5%)","1,330 (69.9%)","2,089 (58.1%)","3,573 (61.0%)","17,606 (63.9%)",,"2,819 (63.1%)",,,"2,209 (56.9%)","2,107 (81.0%)","1,223 (66.2%)","1,355 (76.2%)","1,287 (56.6%)","1,340 (68.1%)","2,110 (58.2%)","3,732 (63.3%)","18,182 (64.2%)",,"3,050 (63.6%)",,,"2,625 (58.0%)","1,954 (81.1%)","1,154 (62.1%)","1,292 (77.2%)","1,334 (52.9%)","1,365 (69.1%)","2,080 (57.2%)","3,528 (62.2%)","18,382 (63.2%)",,"2,953 (61.0%)",,,"2,560 (54.9%)","1,903 (79.7%)",991 (64.0%),"1,416 (77.1%)","1,405 (50.6%)","1,555 (72.3%)","2,003 (56.6%)","3,572 (63.0%)","18,358 (62.4%)",841 (56.2%),"2,860 (62.6%)",,,"2,668 (55.6%)","1,803 (79.7%)",952 (63.4%),"1,431 (76.5%)","1,604 (55.9%)","1,463 (70.2%)","1,956 (58.8%)","3,618 (61.9%)","19,196 (62.7%)","3,742 (61.9%)","2,930 (61.5%)",,"1,789 (53.9%)","3,076 (55.6%)","1,797 (82.4%)",968 (64.4%),"1,449 (74.6%)","1,417 (48.2%)","1,550 (69.9%)","1,980 (57.6%)","3,705 (62.7%)","24,403 (61.3%)","4,027 (59.6%)","2,859 (60.3%)",,"1,607 (50.6%)","3,379 (57.0%)","1,950 (83.4%)","1,114 (66.7%)","1,525 (73.5%)","1,335 (45.5%)","1,521 (70.3%)","1,980 (55.7%)","3,638 (60.8%)","24,935 (60.3%)","4,341 (58.9%)","2,800 (60.4%)",,,"3,384 (56.1%)",103 (49.8%),"1,138 (65.9%)","1,131 (74.9%)",,"1,596 (70.2%)","1,924 (56.2%)","3,271 (57.8%)","19,688 (60.0%)",925 (58.1%),"1,195 (58.8%)",,,,,309 (62.9%),,,180 (66.9%),251 (53.5%),,"2,860 (58.9%)"
"  IMV outcome: died, no extubation recorded","4,224 (18.2%)","7,350 (17.6%)","5,349 (15.0%)",589 (9.1%),"6,107 (15.8%)","2,067 (9.5%)","2,443 (17.5%)","2,262 (13.9%)","3,584 (19.5%)","2,730 (10.2%)","7,322 (15.2%)","7,548 (15.3%)","51,575 (15.2%)",,,,,,,,,,,181 (12.5%),,181 (12.5%),,,,,,,,,,110 (10.5%),275 (11.5%),,385 (11.2%),,,,,,,,,,190 (11.3%),330 (12.8%),,520 (12.2%),,,,,,,,,,176 (10.4%),440 (15.1%),,616 (13.4%),,,,,,,,,,182 (10.3%),442 (13.7%),,624 (12.5%),,,,,,167 (6.7%),,<10,,152 (8.6%),480 (13.5%),,799 (10.2%),,339 (14.7%),,,,188 (7.9%),,217 (12.2%),,180 (10.1%),532 (14.8%),376 (13.2%),"1,832 (12.5%)",,787 (17.2%),,,487 (14.3%),217 (8.5%),344 (18.6%),243 (14.0%),355 (17.0%),206 (10.8%),526 (14.6%),834 (14.2%),"3,999 (14.5%)",,788 (17.6%),,,530 (13.6%),241 (9.3%),291 (15.7%),274 (15.4%),404 (17.8%),210 (10.7%),479 (13.2%),811 (13.8%),"4,028 (14.2%)",,960 (20.0%),,,827 (18.3%),248 (10.3%),421 (22.7%),229 (13.7%),527 (20.9%),236 (11.9%),676 (18.6%),967 (17.1%),"5,091 (17.5%)",,911 (18.8%),,,888 (19.1%),282 (11.8%),291 (18.8%),249 (13.6%),578 (20.8%),230 (10.7%),712 (20.1%),970 (17.1%),"5,111 (17.4%)",346 (23.1%),770 (16.8%),,,877 (18.3%),261 (11.5%),312 (20.8%),250 (13.4%),555 (19.3%),224 (10.7%),560 (16.8%),972 (16.6%),"5,127 (16.7%)","1,169 (19.3%)",822 (17.3%),,317 (9.5%),846 (15.3%),215 (9.9%),240 (16.0%),296 (15.2%),566 (19.3%),199 (9.0%),539 (15.7%),886 (15.0%),"6,095 (15.3%)","1,192 (17.7%)",843 (17.8%),,272 (8.6%),825 (13.9%),230 (9.8%),252 (15.1%),296 (14.3%),599 (20.4%),187 (8.6%),542 (15.2%),911 (15.2%),"6,149 (14.9%)","1,214 (16.5%)",808 (17.4%),,,827 (13.7%),18 (8.7%),223 (12.9%),205 (13.6%),,223 (9.8%),523 (15.3%),821 (14.5%),"4,862 (14.8%)",303 (19.0%),322 (15.8%),,,,,69 (14.1%),,,25 (9.3%),85 (18.1%),,804 (16.5%)
  IMV outcome: other,"5,156 (22.2%)","8,606 (20.6%)","8,048 (22.5%)","2,513 (38.7%)","10,833 (27.9%)","1,932 (8.9%)","2,552 (18.2%)","1,662 (10.2%)","5,210 (28.3%)","4,829 (18.0%)","13,116 (27.2%)","11,381 (23.1%)","75,770 (22.2%)",,,,,,,,,,,474 (32.7%),,474 (32.7%),,,,,,,,,,142 (13.6%),780 (32.7%),,922 (26.9%),,,,,,,,,,254 (15.1%),720 (28.0%),,974 (22.9%),,,,,,,,,,246 (14.6%),821 (28.2%),,"1,067 (23.2%)",,,,,,,,0,,292 (16.5%),843 (26.2%),,"1,135 (22.7%)",,,,,,254 (10.2%),,0,,263 (14.9%),951 (26.8%),,"1,468 (18.6%)",,520 (22.5%),,,,208 (8.8%),,185 (10.4%),,265 (14.9%),929 (25.9%),697 (24.5%),"2,804 (19.1%)",,920 (20.1%),,,989 (29.1%),196 (7.6%),356 (19.3%),184 (10.6%),514 (24.5%),367 (19.3%),982 (27.3%),"1,451 (24.8%)","5,959 (21.6%)",,863 (19.3%),,,"1,144 (29.5%)",252 (9.7%),334 (18.1%),149 (8.4%),581 (25.6%),417 (21.2%),"1,035 (28.5%)","1,354 (23.0%)","6,129 (21.6%)",,787 (16.4%),,,"1,077 (23.8%)",207 (8.6%),282 (15.2%),152 (9.1%),660 (26.2%),375 (19.0%),883 (24.3%),"1,175 (20.7%)","5,598 (19.2%)",,976 (20.2%),,,"1,211 (26.0%)",203 (8.5%),266 (17.2%),171 (9.3%),792 (28.5%),367 (17.1%),823 (23.3%),"1,129 (19.9%)","5,938 (20.2%)",310 (20.7%),942 (20.6%),,,"1,254 (26.1%)",199 (8.8%),238 (15.8%),190 (10.2%),710 (24.7%),397 (19.0%),809 (24.3%),"1,256 (21.5%)","6,305 (20.6%)","1,139 (18.8%)","1,011 (21.2%)",,"1,215 (36.6%)","1,612 (29.1%)",168 (7.7%),296 (19.7%),197 (10.1%),956 (32.5%),468 (21.1%),920 (26.8%),"1,322 (22.4%)","9,304 (23.4%)","1,533 (22.7%)","1,043 (22.0%)",,"1,298 (40.9%)","1,726 (29.1%)",159 (6.8%),305 (18.3%),253 (12.2%),997 (34.0%),456 (21.1%),"1,034 (29.1%)","1,433 (23.9%)","10,237 (24.8%)","1,811 (24.6%)","1,027 (22.2%)",,,"1,820 (30.2%)",86 (41.6%),365 (21.1%),173 (11.5%),,456 (20.1%),979 (28.6%),"1,564 (27.6%)","8,281 (25.2%)",363 (22.8%),517 (25.4%),,,,,103 (21.0%),,,59 (21.9%),127 (27.1%),,"1,107 (22.8%)"
"Pre-admit IMV (excluded from time-to-extubation), n (%)","6,555 (14.4%)","6,308 (7.8%)","23,564 (57.8%)",804 (7.5%),"5,619 (9.8%)","10,893 (35.3%)","3,980 (15.8%)","11,989 (61.6%)","5,529 (19.1%)","7,267 (21.8%)","10,099 (9.0%)","11,597 (12.7%)","104,204 (18.1%)",,,,,,,,,,,313 (12.7%),,313 (12.7%),,,,,,,,,,307 (24.7%),473 (10.7%),,780 (13.7%),,,,,,,,,,462 (22.3%),487 (9.8%),,949 (13.5%),,,,,,,,,,469 (22.6%),562 (8.8%),,"1,031 (12.2%)",,,,,,,,<10,,421 (19.0%),656 (8.9%),,"1,077 (11.3%)",,,,,,"1,203 (34.8%)",,66 (52.0%),,461 (20.7%),802 (10.1%),,"2,532 (18.4%)",,338 (7.9%),,,,"1,206 (36.7%)",,"1,334 (62.1%)",,495 (22.1%),773 (9.3%),695 (15.0%),"4,841 (19.4%)",,721 (8.2%),,,533 (10.6%),"1,356 (38.3%)",633 (20.3%),"1,345 (65.2%)",481 (13.4%),476 (19.7%),795 (9.3%),"1,468 (14.7%)","7,808 (16.5%)",,695 (7.6%),,,578 (9.9%),"1,318 (34.3%)",620 (19.2%),"1,319 (63.3%)",503 (12.7%),595 (24.4%),781 (8.9%),"1,448 (13.3%)","7,857 (15.7%)",,724 (8.3%),,,583 (8.6%),"1,241 (36.4%)",619 (19.7%),"1,260 (67.4%)",825 (20.4%),586 (24.1%),839 (10.8%),"1,376 (14.3%)","8,053 (16.9%)",,745 (8.2%),,,677 (9.8%),"1,297 (38.8%)",439 (15.1%),"1,322 (61.9%)",849 (19.1%),582 (21.9%),737 (8.9%),"1,409 (13.3%)","8,057 (16.0%)",585 (21.4%),664 (7.7%),,,678 (9.7%),"1,147 (35.3%)",368 (13.2%),"1,393 (62.6%)",896 (20.7%),574 (21.8%),686 (8.5%),"1,405 (12.5%)","8,396 (15.9%)","1,746 (15.0%)",701 (7.7%),,437 (8.2%),747 (9.0%),969 (29.8%),361 (12.8%),"1,433 (61.2%)","1,033 (24.3%)",614 (22.1%),728 (8.5%),"1,376 (12.0%)","10,145 (14.5%)","1,922 (14.6%)",677 (7.4%),,367 (6.9%),910 (10.6%),"1,034 (32.4%)",409 (12.9%),"1,449 (56.9%)",942 (21.3%),559 (20.4%),735 (8.2%),"1,293 (11.2%)","10,297 (14.1%)","1,879 (12.8%)",716 (7.7%),,,913 (10.4%),122 (47.7%),422 (13.3%),"1,067 (55.3%)",,597 (20.8%),643 (6.8%),"1,127 (10.1%)","7,486 (12.2%)",423 (12.5%),327 (7.8%),,,,,109 (12.0%),,,69 (19.6%),89 (6.5%),,"1,017 (10.0%)"
"Intubated ≤24hr of admission, n (%)","3,292 (7.2%)","12,621 (15.7%)","2,505 (6.1%)","1,145 (10.7%)","8,536 (14.9%)","4,479 (14.5%)","2,682 (10.6%)",590 (3.0%),"4,653 (16.0%)","5,384 (16.1%)","10,214 (9.1%)","8,984 (9.9%)","65,085 (11.3%)",,,,,,,,,,,236 (9.6%),,236 (9.6%),,,,,,,,,,230 (18.5%),414 (9.3%),,644 (11.3%),,,,,,,,,,357 (17.3%),494 (9.9%),,851 (12.1%),,,,,,,,,,379 (18.3%),614 (9.6%),,993 (11.7%),,,,,,,,0 (0.0%),,395 (17.9%),728 (9.9%),,"1,123 (11.8%)",,,,,,507 (14.7%),,<10,,357 (16.0%),736 (9.2%),,"1,600 (11.7%)",,695 (16.2%),,,,444 (13.5%),,68 (3.2%),,363 (16.2%),774 (9.3%),514 (11.1%),"2,858 (11.5%)",,"1,398 (15.8%)",,,772 (15.3%),478 (13.5%),311 (10.0%),48 (2.3%),465 (13.0%),398 (16.5%),736 (8.6%),"1,057 (10.6%)","5,663 (12.0%)",,"1,399 (15.4%)",,,879 (15.0%),527 (13.7%),301 (9.3%),70 (3.4%),527 (13.3%),374 (15.3%),705 (8.0%),"1,109 (10.2%)","5,891 (11.7%)",,"1,504 (17.3%)",,,"1,186 (17.6%)",447 (13.1%),302 (9.6%),81 (4.3%),634 (15.7%),417 (17.1%),833 (10.7%),"1,057 (11.0%)","6,461 (13.5%)",,"1,472 (16.1%)",,,"1,019 (14.7%)",428 (12.8%),298 (10.3%),63 (2.9%),694 (15.6%),455 (17.1%),775 (9.3%),995 (9.4%),"6,199 (12.3%)",167 (6.1%),"1,478 (17.1%)",,,"1,085 (15.5%)",458 (14.1%),299 (10.7%),36 (1.6%),755 (17.4%),396 (15.1%),804 (9.9%),"1,062 (9.5%)","6,540 (12.4%)",843 (7.3%),"1,406 (15.4%)",,573 (10.8%),"1,221 (14.7%)",574 (17.6%),317 (11.2%),72 (3.1%),779 (18.3%),403 (14.5%),747 (8.7%),"1,057 (9.2%)","7,992 (11.4%)",916 (7.0%),"1,384 (15.2%)",,572 (10.7%),"1,187 (13.8%)",581 (18.2%),348 (11.0%),72 (2.8%),799 (18.1%),391 (14.3%),780 (8.7%),"1,116 (9.6%)","8,146 (11.2%)","1,126 (7.7%)","1,321 (14.3%)",,,"1,187 (13.5%)",35 (13.7%),394 (12.4%),74 (3.8%),,417 (14.5%),725 (7.7%),"1,017 (9.1%)","6,296 (10.2%)",240 (7.1%),564 (13.5%),,,,,112 (12.3%),,,52 (14.8%),113 (8.3%),,"1,081 (10.6%)"
"Reintubation (≥2 IMV episodes), n (%)","4,059 (8.9%)","5,403 (6.7%)","3,216 (7.9%)",651 (6.1%),"4,579 (8.0%)","2,138 (6.9%)","1,947 (7.7%)","1,998 (10.3%)","2,448 (8.4%)","4,448 (13.3%)","4,885 (4.4%)","6,926 (7.6%)","42,698 (7.4%)",,,,,,,,,,,170 (6.9%),,170 (6.9%),,,,,,,,,,172 (13.8%),262 (5.9%),,434 (7.6%),,,,,,,,,,255 (12.3%),279 (5.6%),,534 (7.6%),,,,,,,,,,287 (13.9%),329 (5.1%),,616 (7.3%),,,,,,,,<10,,270 (12.2%),357 (4.9%),,627 (6.6%),,,,,,185 (5.4%),,35 (27.6%),,316 (14.2%),365 (4.6%),,901 (6.5%),,281 (6.6%),,,,195 (5.9%),,208 (9.7%),,309 (13.8%),378 (4.5%),411 (8.8%),"1,782 (7.2%)",,534 (6.0%),,,369 (7.3%),218 (6.1%),229 (7.3%),217 (10.5%),274 (7.7%),308 (12.8%),345 (4.0%),844 (8.4%),"3,338 (7.1%)",,602 (6.6%),,,491 (8.4%),231 (6.0%),233 (7.2%),203 (9.7%),301 (7.6%),314 (12.9%),351 (4.0%),881 (8.1%),"3,607 (7.2%)",,722 (8.3%),,,560 (8.3%),258 (7.6%),294 (9.4%),220 (11.8%),354 (8.8%),331 (13.6%),367 (4.7%),860 (9.0%),"3,966 (8.3%)",,652 (7.1%),,,527 (7.6%),290 (8.7%),224 (7.7%),246 (11.5%),356 (8.0%),377 (14.2%),364 (4.4%),819 (7.7%),"3,855 (7.6%)",262 (9.6%),595 (6.9%),,,505 (7.2%),228 (7.0%),253 (9.1%),231 (10.4%),428 (9.9%),328 (12.5%),315 (3.9%),801 (7.1%),"3,946 (7.5%)",940 (8.1%),553 (6.1%),,337 (6.3%),600 (7.2%),228 (7.0%),185 (6.6%),253 (10.8%),388 (9.1%),392 (14.1%),326 (3.8%),789 (6.9%),"4,991 (7.1%)","1,050 (8.0%)",586 (6.4%),,314 (5.9%),782 (9.1%),298 (9.3%),225 (7.1%),221 (8.7%),347 (7.9%),360 (13.1%),342 (3.8%),783 (6.8%),"5,308 (7.3%)","1,504 (10.2%)",612 (6.6%),,,745 (8.5%),<10,240 (7.6%),162 (8.4%),,381 (13.3%),314 (3.3%),738 (6.6%),"4,696 (7.7%)",303 (9.0%),266 (6.4%),,,,,64 (7.0%),,,48 (13.6%),21 (1.5%),,702 (6.9%)
"  Time to reintubation (hrs), median [Q1, Q3]","4.8 [2.3, 32.3]","23.6 [4.7, 100.2]","37.0 [11.6, 107.0]","27.4 [7.5, 117.2]","16.3 [3.8, 89.2]","47.1 [13.0, 123.6]","35.2 [10.2, 120.7]","36.2 [5.9, 110.8]","25.2 [5.4, 89.3]","14.4 [3.0, 80.4]","24.4 [6.1, 97.4]","15.3 [3.6, 82.8]","23.0 [2.3, 123.6]",,,,,,,,,,,"31.8 [7.7, 92.3]",,"31.8 [7.7, 92.3]",,,,,,,,,,"26.9 [4.9, 75.2]","27.2 [8.8, 104.0]",,"27.1 [4.9, 104]",,,,,,,,,,"23.1 [4.4, 92.6]","30.2 [7.6, 96.7]",,"28.1 [4.4, 96.7]",,,,,,,,,,"19.3 [4.0, 98.0]","23.1 [5.4, 90.1]",,"22.2 [4, 98]",,,,,,,,"57.7 [20.7, 94.7]",,"12.0 [3.0, 75.3]","16.6 [4.3, 77.8]",,"15.6 [3, 94.7]",,,,,,"55.0 [19.5, 120.7]",,"43.7 [8.9, 78.8]",,"9.3 [2.5, 76.2]","14.8 [4.5, 79.4]",,"24.3 [2.5, 120.7]",,"17.2 [4.5, 70.7]",,,,"51.3 [19.5, 116.9]",,"30.5 [6.4, 98.7]",,"14.0 [2.9, 82.6]","21.6 [5.3, 87.1]","20.6 [4.2, 90.8]","24.7 [2.9, 116.9]",,"24.1 [4.6, 85.7]",,,"15.5 [3.7, 85.7]","58.9 [20.0, 135.0]","36.0 [9.7, 110.1]","37.9 [5.5, 99.4]","29.9 [8.1, 108.0]","14.2 [2.0, 77.1]","24.6 [7.2, 101.1]","13.6 [4.0, 81.2]","25.0 [2, 135]",,"25.0 [4.3, 104.3]",,,"14.1 [3.3, 79.9]","45.0 [13.2, 148.0]","40.2 [11.5, 113.4]","35.8 [4.9, 88.3]","25.4 [7.0, 99.6]","16.5 [3.0, 75.2]","22.0 [5.0, 89.9]","12.9 [3.3, 71.0]","23.2 [3, 148]",,"16.5 [4.7, 77.6]",,,"15.1 [3.2, 72.2]","42.7 [13.1, 137.6]","50.5 [13.6, 145.9]","32.8 [6.8, 101.1]","25.5 [4.8, 84.1]","8.9 [2.0, 71.7]","22.9 [6.6, 91.4]","13.6 [3.0, 61.4]","21.9 [2, 145.9]",,"24.4 [4.7, 101.9]",,,"20.3 [3.9, 82.6]","32.6 [8.0, 85.2]","26.0 [9.5, 94.0]","28.6 [5.5, 116.8]","27.0 [4.8, 73.7]","12.1 [2.6, 75.4]","23.7 [6.0, 111.4]","10.9 [3.0, 73.5]","21.3 [2.6, 116.8]","5.7 [2.9, 31.5]","19.7 [4.7, 94.5]",,,"18.9 [5.0, 91.6]","50.1 [17.7, 131.2]","45.6 [11.1, 133.8]","31.8 [4.7, 92.6]","23.8 [4.7, 84.9]","9.0 [2.5, 89.2]","35.3 [5.7, 112.5]","18.3 [3.6, 97.2]","24.5 [2.5, 133.8]","8.1 [3.3, 56.1]","21.6 [4.1, 96.4]",,"33.0 [10.2, 131.8]","21.1 [4.4, 99.6]","51.4 [12.9, 143.5]","29.8 [8.7, 81.2]","38.0 [5.1, 126.2]","21.4 [5.5, 104.2]","13.5 [3.0, 79.2]","25.6 [7.4, 106.8]","21.1 [4.0, 91.7]","22.5 [3, 143.5]","5.2 [2.5, 37.5]","38.6 [5.6, 129.2]",,"24.4 [6.1, 93.7]","11.7 [3.3, 82.0]","39.6 [9.4, 117.8]","39.5 [10.4, 138.7]","32.8 [8.0, 98.3]","24.9 [4.0, 84.4]","16.2 [3.9, 98.8]","29.9 [7.0, 99.8]","20.6 [4.1, 100.2]","22.6 [2.5, 138.7]","3.9 [1.8, 14.4]","34.0 [6.2, 120.3]",,,"21.2 [4.0, 99.8]","20.0 [17.0, 46.6]","26.9 [9.5, 107.3]","72.9 [13.0, 146.7]",,"25.3 [3.9, 92.4]","39.8 [9.3, 123.4]","16.6 [3.9, 84.0]","23.1 [1.8, 146.7]","4.0 [1.9, 11.2]","21.6 [4.3, 96.7]",,,,,"26.1 [6.6, 78.8]",,,"9.7 [2.6, 79.1]","16.5 [7.7, 48.6]",,"15.1 [1.9, 96.7]"
"  Extubation failure ≤48hr, n (% of extubated)","3,190 (23.0%)","3,302 (12.8%)","1,790 (8.0%)",379 (11.2%),"2,922 (13.4%)","1,081 (6.1%)","1,079 (12.0%)","1,112 (9.0%)","1,526 (15.9%)","2,906 (15.1%)","2,982 (10.7%)","4,551 (15.0%)","26,820 (12.6%)",,,,,,,,,,,101 (12.7%),,101 (12.7%),,,,,,,,,,101 (12.7%),151 (11.4%),,252 (11.9%),,,,,,,,,,160 (12.9%),161 (10.6%),,321 (11.6%),,,,,,,,,,182 (14.4%),201 (12.2%),,383 (13.2%),,,,,,,,<10,,179 (13.8%),235 (12.1%),,414 (12.8%),,,,,,84 (4.1%),,19 (20.7%),,212 (15.7%),242 (11.4%),,557 (9.9%),,179 (12.3%),,,,93 (4.7%),,126 (9.2%),,206 (15.4%),242 (11.4%),255 (14.4%),"1,101 (11.0%)",,337 (11.8%),,,234 (12.2%),90 (4.2%),131 (11.4%),121 (9.3%),161 (13.1%),203 (15.3%),215 (10.3%),554 (15.5%),"2,046 (11.6%)",,367 (13.0%),,,317 (14.4%),120 (5.7%),122 (10.0%),113 (8.3%),183 (14.2%),208 (15.5%),225 (10.7%),619 (16.6%),"2,274 (12.5%)",,478 (15.7%),,,374 (14.2%),134 (6.9%),145 (12.6%),132 (10.2%),219 (16.4%),222 (16.3%),239 (11.5%),604 (17.1%),"2,547 (13.9%)",,400 (13.5%),,,336 (13.1%),173 (9.1%),139 (14.0%),146 (10.3%),228 (16.2%),250 (16.1%),214 (10.7%),555 (15.5%),"2,441 (13.3%)",214 (25.4%),373 (13.0%),,,316 (11.8%),113 (6.3%),132 (13.9%),129 (9.0%),271 (16.9%),226 (15.4%),173 (8.8%),500 (13.8%),"2,447 (12.7%)",681 (18.2%),347 (11.8%),,187 (10.5%),373 (12.1%),110 (6.1%),108 (11.2%),139 (9.6%),243 (17.1%),255 (16.5%),194 (9.8%),506 (13.7%),"3,143 (12.9%)",816 (20.3%),309 (10.8%),,192 (11.9%),522 (15.4%),159 (8.2%),121 (10.9%),124 (8.1%),221 (16.6%),234 (15.4%),200 (10.1%),479 (13.2%),"3,377 (13.5%)","1,226 (28.2%)",342 (12.2%),,,450 (13.3%),<10,143 (12.6%),62 (5.5%),,235 (14.7%),174 (9.0%),479 (14.6%),"3,111 (15.9%)",253 (27.4%),170 (14.2%),,,,,38 (12.3%),,,33 (18.3%),15 (6.0%),,509 (17.8%)
"28-day NIDFD (NIPPV/HFNC encounters), n (%)","28,326 (62.1%)","46,416 (57.7%)","7,768 (19.1%)","6,418 (60.1%)","29,733 (51.9%)","9,536 (30.9%)","9,338 (37.0%)","6,534 (33.6%)","11,617 (40.0%)","11,242 (33.7%)","73,898 (66.1%)","62,319 (68.3%)","303,145 (52.7%)",,,,,,,,,,,"1,440 (58.4%)",,"1,440 (58.4%)",,,,,,,,,,303 (24.3%),"2,836 (63.9%)",,"3,139 (55.2%)",,,,,,,,,,584 (28.2%),"3,254 (65.3%)",,"3,838 (54.4%)",,,,,,,,,,592 (28.6%),"4,034 (63.0%)",,"4,626 (54.6%)",,,,,,,,0 (0.0%),,644 (29.1%),"4,500 (61.3%)",,"5,144 (53.8%)",,,,,,"1,098 (31.8%)",,48 (37.8%),,747 (33.6%),"4,748 (59.7%)",,"6,641 (48.2%)",,"2,218 (51.8%)",,,,994 (30.2%),,678 (31.5%),,717 (32.0%),"5,158 (62.1%)","2,823 (60.8%)","12,588 (50.5%)",,"4,762 (53.9%)",,,"2,184 (43.2%)","1,141 (32.2%)",933 (29.9%),600 (29.1%),"1,532 (42.8%)",812 (33.6%),"5,391 (62.9%)","6,308 (63.1%)","23,663 (50.2%)",,"5,108 (56.1%)",,,"2,820 (48.2%)","1,321 (34.3%)","1,025 (31.8%)",598 (28.7%),"1,717 (43.5%)",837 (34.3%),"5,434 (61.8%)","7,282 (67.0%)","26,142 (52.1%)",,"5,027 (57.8%)",,,"3,651 (54.1%)","1,129 (33.1%)","1,184 (37.7%)",409 (21.9%),"1,703 (42.2%)",866 (35.6%),"4,856 (62.5%)","6,149 (64.1%)","24,974 (52.4%)",,"5,200 (56.9%)",,,"3,681 (53.1%)","1,101 (33.0%)","1,115 (38.4%)",637 (29.8%),"1,879 (42.3%)",919 (34.5%),"5,880 (70.7%)","7,490 (70.5%)","27,902 (55.3%)","1,735 (63.5%)","4,997 (57.7%)",,,"3,462 (49.4%)","1,067 (32.9%)","1,082 (38.8%)",799 (35.9%),"1,706 (39.4%)",897 (34.1%),"5,708 (70.6%)","7,924 (70.7%)","29,377 (55.5%)","7,088 (61.0%)","5,273 (57.8%)",,"3,140 (59.0%)","4,100 (49.4%)","1,046 (32.1%)","1,078 (38.2%)",874 (37.4%),"1,437 (33.8%)","1,023 (36.8%)","6,180 (72.3%)","8,137 (70.8%)","39,376 (56.4%)","8,137 (61.8%)","5,468 (60.0%)",,"3,278 (61.2%)","4,719 (54.8%)",611 (19.1%),"1,189 (37.5%)","1,056 (41.4%)","1,643 (37.2%)","1,060 (38.7%)","6,489 (72.1%)","8,273 (71.5%)","41,923 (57.5%)","9,235 (62.9%)","5,693 (61.6%)",,,"5,116 (58.1%)",28 (10.9%),"1,335 (42.1%)",835 (43.3%),,"1,090 (38.0%)","6,985 (74.3%)","7,933 (71.0%)","38,250 (62.2%)","2,131 (63.1%)","2,670 (63.8%)",,,,,397 (43.7%),,,151 (42.9%),"1,005 (73.7%)",,"6,354 (62.4%)"
"  NIDFD, median [Q1, Q3]","24 [17, 26]","25 [14, 27]","25 [0, 27]","24 [17, 26]","23 [4, 26]","23 [13, 26]","23 [5, 26]","24 [2, 26]","24 [14, 26]","23 [1, 26]","25 [18, 27]","24 [17, 26]","24.1 [0, 27]",,,,,,,,,,,"25 [19, 27]",,"25 [19, 27]",,,,,,,,,,"23 [0, 27]","25 [19, 27]",,"24.6 [0, 27]",,,,,,,,,,"24 [3, 27]","25 [17, 27]",,"24.7 [3, 27]",,,,,,,,,,"24 [9, 27]","25 [19, 27]",,"24.8 [9, 27]",,,,,,,,,,"24 [5, 27]","25 [19, 27]",,"24.8 [5, 27]",,,,,,"24 [19, 26]",,"25 [12, 26]",,"24 [9, 27]","25 [20, 27]",,"24.6 [9, 27]",,"25 [18, 27]",,,,"24 [16, 26]",,"25 [12, 26]",,"23 [6, 26]","25 [19, 27]","24 [17, 26]","24.5 [6, 27]",,"25 [16, 27]",,,"24 [7, 26]","24 [16, 26]","23 [10, 26]","25 [8, 26]","24 [13, 26]","24 [7, 26]","25 [20, 27]","25 [18, 26]","24.6 [7, 27]",,"25 [17, 27]",,,"24 [10, 26]","24 [14, 26]","23 [7, 26]","25 [2, 26]","24 [14, 26]","23 [2, 26]","25 [20, 27]","24 [18, 26]","24.3 [2, 27]",,"24 [11, 26]",,,"23 [4, 26]","23 [5, 26]","21 [0, 25]","24 [0, 26]","23 [12, 26]","23 [2, 26]","25 [14, 27]","24 [16, 26]","23.6 [0, 27]",,"24 [13, 27]",,,"22 [1, 26]","23 [5, 26]","23 [6, 26]","23 [0, 26]","24 [14, 26]","23 [1, 27]","24 [14, 26]","24 [16, 26]","23.5 [0, 27]","25 [16, 26]","24 [14, 26]",,,"23 [0, 26]","23 [1, 26]","23 [0, 26]","24 [0, 26]","24 [14, 26]","22 [1, 26]","25 [17, 27]","24 [17, 26]","23.9 [0, 27]","25 [16, 26]","24 [12, 26]",,"24 [17, 26]","23 [0, 26]","23 [3, 26]","24 [8, 26]","23 [0, 26]","24 [15, 26]","21 [0, 26]","25 [18, 27]","24 [17, 26]","24.0 [0, 27]","25 [17, 26]","25 [14, 27]",,"24 [17, 26]","23 [5, 26]","24 [15, 26]","24 [1, 26]","24 [3, 26]","24 [17, 26]","21 [0, 26]","25 [19, 27]","24 [17, 26]","24.2 [0, 27]","24 [17, 26]","25 [14, 26]",,,"24 [9, 26]","26 [22, 26]","24 [9, 26]","23 [1, 26]",,"21 [0, 26]","25 [20, 27]","24 [18, 26]","24.1 [0, 27]","24 [18, 26]","25 [15, 27]",,,,,"24 [17, 26]",,,"23 [0, 26]","25 [20, 27]",,"24.5 [0, 27]"
"Vasopressor encounters, n (%)","20,421 (44.8%)","32,341 (40.2%)","21,921 (53.8%)","5,173 (48.4%)","36,651 (64.0%)","18,178 (58.9%)","10,346 (41.0%)","12,613 (64.8%)","13,529 (46.6%)","19,476 (58.3%)","38,359 (34.3%)","42,875 (47.0%)","271,883 (47.2%)",,,,,,,,,,,700 (28.4%),,700 (28.4%),,,,,,,,,,589 (47.3%),"1,315 (29.6%)",,"1,904 (33.5%)",,,,,,,,,,"1,037 (50.1%)","1,553 (31.2%)",,"2,590 (36.7%)",,,,,,,,,,"1,092 (52.7%)","1,878 (29.3%)",,"2,970 (35.0%)",,,,,,,,<10,,"1,127 (51.0%)","2,201 (30.0%)",,"3,328 (34.9%)",,,,,,"1,777 (51.5%)",,82 (64.6%),,"1,186 (53.3%)","2,489 (31.3%)",,"5,534 (40.2%)",,"1,423 (33.3%)",,,,"1,708 (51.9%)",,"1,101 (51.2%)",,"1,246 (55.6%)","2,720 (32.7%)","2,240 (48.2%)","10,438 (41.9%)",,"3,052 (34.5%)",,,"2,765 (54.7%)","1,924 (54.3%)","1,036 (33.2%)","1,188 (57.6%)","1,239 (34.6%)","1,321 (54.7%)","2,790 (32.5%)","4,743 (47.4%)","20,058 (42.5%)",,"3,131 (34.4%)",,,"3,308 (56.6%)","2,091 (54.4%)","1,166 (36.2%)","1,215 (58.3%)","1,462 (37.0%)","1,403 (57.5%)","2,809 (31.9%)","4,763 (43.8%)","21,348 (42.6%)",,"3,632 (41.8%)",,,"3,972 (58.9%)","2,078 (60.9%)","1,363 (43.4%)","1,234 (66.0%)","1,723 (42.7%)","1,436 (59.0%)","2,954 (38.0%)","4,680 (48.8%)","23,072 (48.4%)",,"3,778 (41.4%)",,,"4,349 (62.7%)","2,129 (63.8%)","1,149 (39.6%)","1,420 (66.5%)","2,117 (47.6%)","1,708 (64.2%)","3,117 (37.5%)","4,918 (46.3%)","24,685 (48.9%)","1,271 (46.5%)","3,647 (42.1%)",,,"4,622 (65.9%)","2,089 (64.3%)","1,228 (44.0%)","1,544 (69.4%)","2,226 (51.4%)","1,675 (63.7%)","3,132 (38.8%)","5,159 (46.0%)","26,593 (50.2%)","5,157 (44.4%)","3,889 (42.6%)",,"2,619 (49.2%)","5,491 (66.2%)","2,077 (63.8%)","1,175 (41.7%)","1,639 (70.0%)","2,291 (53.9%)","1,785 (64.2%)","3,300 (38.6%)","5,421 (47.2%)","34,844 (49.9%)","5,583 (42.4%)","3,999 (43.9%)",,"2,554 (47.7%)","5,958 (69.2%)","2,135 (66.9%)","1,356 (42.8%)","1,854 (72.8%)","2,471 (55.9%)","1,778 (64.9%)","3,405 (37.8%)","5,679 (49.1%)","36,772 (50.5%)","6,886 (46.9%)","3,992 (43.2%)",,,"6,186 (70.2%)",170 (66.4%),"1,568 (49.5%)","1,332 (69.0%)",,"1,879 (65.5%)","3,513 (37.4%)","5,272 (47.2%)","30,798 (50.1%)","1,524 (45.1%)","1,798 (43.0%)",,,,,305 (33.6%),,,214 (60.8%),483 (35.4%),,"4,324 (42.5%)"
"  Norepinephrine, n (%)","19,379 (42.5%)","29,309 (36.5%)","11,859 (29.1%)","5,005 (46.9%)","31,924 (55.7%)","14,681 (47.6%)","9,694 (38.4%)","12,470 (64.0%)","10,447 (36.0%)","16,778 (50.3%)","27,792 (24.9%)","33,402 (36.6%)","222,740 (38.7%)",,,,,,,,,,,370 (15.0%),,370 (15.0%),,,,,,,,,,397 (31.9%),684 (15.4%),,"1,081 (19.0%)",,,,,,,,,,710 (34.3%),836 (16.8%),,"1,546 (21.9%)",,,,,,,,,,774 (37.4%),"1,068 (16.7%)",,"1,842 (21.7%)",,,,,,,,<10,,827 (37.4%),"1,294 (17.6%)",,"2,121 (22.2%)",,,,,,"1,336 (38.7%)",,81 (63.8%),,938 (42.2%),"1,554 (19.5%)",,"3,909 (28.4%)",,"1,075 (25.1%)",,,,"1,313 (39.9%)",,"1,083 (50.4%)",,"1,017 (45.4%)","1,885 (22.7%)","1,081 (23.3%)","7,454 (29.9%)",,"2,468 (27.9%)",,,"2,318 (45.9%)","1,439 (40.6%)",865 (27.7%),"1,168 (56.6%)",904 (25.3%),"1,113 (46.1%)","1,941 (22.6%)","2,488 (24.9%)","14,704 (31.2%)",,"2,690 (29.5%)",,,"2,696 (46.1%)","1,617 (42.0%)","1,065 (33.0%)","1,184 (56.8%)","1,156 (29.3%)","1,224 (50.2%)","1,901 (21.6%)","2,710 (24.9%)","16,243 (32.4%)",,"3,302 (38.0%)",,,"3,483 (51.6%)","1,652 (48.4%)","1,283 (40.8%)","1,221 (65.3%)","1,384 (34.3%)","1,302 (53.5%)","2,270 (29.2%)","3,441 (35.9%)","19,338 (40.5%)",,"3,437 (37.6%)",,,"3,790 (54.7%)","1,783 (53.4%)","1,081 (37.3%)","1,404 (65.7%)","1,614 (36.3%)","1,578 (59.3%)","2,468 (29.7%)","4,139 (38.9%)","21,294 (42.2%)","1,220 (44.7%)","3,387 (39.1%)",,,"4,025 (57.4%)","1,732 (53.3%)","1,157 (41.5%)","1,535 (69.0%)","1,721 (39.7%)","1,574 (59.9%)","2,409 (29.8%)","4,535 (40.5%)","23,295 (44.0%)","4,937 (42.5%)","3,623 (39.7%)",,"2,529 (47.5%)","4,772 (57.5%)","1,775 (54.5%)","1,113 (39.5%)","1,631 (69.7%)","1,742 (41.0%)","1,671 (60.1%)","2,691 (31.5%)","4,885 (42.5%)","31,369 (44.9%)","5,302 (40.3%)","3,803 (41.7%)",,"2,476 (46.2%)","5,290 (61.5%)","1,897 (59.4%)","1,301 (41.1%)","1,837 (72.1%)","1,926 (43.6%)","1,669 (61.0%)","2,813 (31.2%)","5,200 (45.0%)","33,514 (46.0%)","6,490 (44.2%)","3,797 (41.1%)",,,"5,550 (63.0%)",137 (53.5%),"1,534 (48.4%)","1,322 (68.5%)",,"1,782 (62.1%)","3,171 (33.7%)","4,923 (44.0%)","28,706 (46.7%)","1,430 (42.4%)","1,727 (41.3%)",,,,,295 (32.5%),,,202 (57.4%),437 (32.0%),,"4,091 (40.2%)"
"    Norepinephrine dose (mcg/kg/min), median [Q1, Q3]","0.05 [0.03, 0.07]","0.06 [0.03, 0.10]","0.07 [0.03, 0.12]","0.04 [0.02, 0.06]","0.05 [0.02, 0.07]","0.02 [0.02, 0.04]","0.06 [0.04, 0.09]","0.06 [0.03, 0.09]","0.08 [0.05, 0.13]","0.05 [0.03, 0.08]","0.05 [0.03, 0.07]","0.05 [0.03, 0.07]","0.1 [0.0, 0.1]",,,,,,,,,,,"0.07 [0.04, 0.10]",,"0.1 [0.0, 0.1]",,,,,,,,,,"0.06 [0.04, 0.08]","0.06 [0.03, 0.09]",,"0.1 [0.0, 0.1]",,,,,,,,,,"0.06 [0.04, 0.09]","0.06 [0.04, 0.10]",,"0.1 [0.0, 0.1]",,,,,,,,,,"0.06 [0.04, 0.08]","0.06 [0.04, 0.10]",,"0.1 [0.0, 0.1]",,,,,,,,"0.04 [0.02, 0.09]",,"0.06 [0.04, 0.08]","0.05 [0.03, 0.08]",,"0.1 [0.0, 0.1]",,,,,,"0.02 [0.01, 0.04]",,"0.06 [0.04, 0.14]",,"0.05 [0.03, 0.08]","0.05 [0.03, 0.08]",,"0.0 [0.0, 0.1]",,"0.08 [0.04, 0.12]",,,,"0.02 [0.01, 0.04]",,"0.06 [0.03, 0.09]",,"0.06 [0.03, 0.08]","0.05 [0.03, 0.07]","0.06 [0.03, 0.09]","0.1 [0.0, 0.1]",,"0.07 [0.04, 0.11]",,,"0.05 [0.03, 0.08]","0.02 [0.01, 0.04]","0.08 [0.05, 0.12]","0.06 [0.03, 0.08]","0.09 [0.05, 0.15]","0.06 [0.03, 0.08]","0.05 [0.03, 0.07]","0.06 [0.03, 0.09]","0.1 [0.0, 0.1]",,"0.07 [0.04, 0.11]",,,"0.05 [0.03, 0.08]","0.02 [0.02, 0.04]","0.06 [0.04, 0.09]","0.06 [0.04, 0.09]","0.08 [0.05, 0.14]","0.05 [0.03, 0.08]","0.05 [0.03, 0.08]","0.05 [0.03, 0.08]","0.1 [0.0, 0.1]",,"0.07 [0.04, 0.10]",,,"0.05 [0.02, 0.08]","0.02 [0.02, 0.04]","0.07 [0.04, 0.12]","0.06 [0.03, 0.09]","0.08 [0.04, 0.13]","0.05 [0.03, 0.08]","0.05 [0.03, 0.08]","0.05 [0.03, 0.08]","0.1 [0.0, 0.1]",,"0.06 [0.03, 0.10]",,,"0.05 [0.03, 0.08]","0.03 [0.02, 0.05]","0.06 [0.04, 0.10]","0.05 [0.03, 0.09]","0.08 [0.05, 0.14]","0.05 [0.03, 0.07]","0.05 [0.03, 0.07]","0.04 [0.03, 0.07]","0.1 [0.0, 0.1]","0.05 [0.03, 0.07]","0.06 [0.03, 0.09]",,,"0.05 [0.03, 0.08]","0.03 [0.02, 0.05]","0.07 [0.04, 0.11]","0.05 [0.03, 0.08]","0.08 [0.04, 0.13]","0.05 [0.03, 0.08]","0.04 [0.03, 0.07]","0.04 [0.02, 0.06]","0.1 [0.0, 0.1]","0.05 [0.03, 0.07]","0.06 [0.03, 0.09]",,"0.04 [0.02, 0.06]","0.05 [0.02, 0.07]","0.03 [0.02, 0.05]","0.06 [0.04, 0.10]","0.06 [0.03, 0.09]","0.08 [0.05, 0.12]","0.05 [0.03, 0.07]","0.04 [0.03, 0.06]","0.04 [0.03, 0.07]","0.0 [0.0, 0.1]","0.05 [0.03, 0.07]","0.05 [0.03, 0.08]",,"0.04 [0.02, 0.06]","0.04 [0.02, 0.07]","0.03 [0.02, 0.06]","0.06 [0.03, 0.08]","0.05 [0.03, 0.09]","0.08 [0.04, 0.12]","0.05 [0.03, 0.07]","0.04 [0.02, 0.06]","0.04 [0.03, 0.07]","0.0 [0.0, 0.1]","0.05 [0.03, 0.07]","0.05 [0.03, 0.08]",,,"0.04 [0.02, 0.07]","0.03 [0.02, 0.06]","0.05 [0.03, 0.08]","0.05 [0.03, 0.08]",,"0.05 [0.03, 0.08]","0.04 [0.02, 0.06]","0.05 [0.03, 0.07]","0.0 [0.0, 0.1]","0.05 [0.03, 0.07]","0.04 [0.02, 0.07]",,,,,"0.06 [0.03, 0.09]",,,"0.04 [0.03, 0.06]","0.04 [0.02, 0.06]",,"0.0 [0.0, 0.1]"
"  Epinephrine, n (%)","8,705 (19.1%)","9,852 (12.3%)","3,680 (9.0%)","1,522 (14.3%)","9,573 (16.7%)","4,882 (15.8%)","2,695 (10.7%)","1,645 (8.4%)","4,145 (14.3%)","5,467 (16.4%)","15,771 (14.1%)","20,889 (22.9%)","88,826 (15.4%)",,,,,,,,,,,241 (9.8%),,241 (9.8%),,,,,,,,,,130 (10.4%),431 (9.7%),,561 (9.9%),,,,,,,,,,252 (12.2%),543 (10.9%),,795 (11.3%),,,,,,,,,,230 (11.1%),625 (9.8%),,855 (10.1%),,,,,,,,<10,,258 (11.7%),707 (9.6%),,965 (10.1%),,,,,,489 (14.2%),,12 (9.4%),,278 (12.5%),848 (10.7%),,"1,627 (11.8%)",,470 (11.0%),,,,462 (14.1%),,174 (8.1%),,328 (14.6%),"1,049 (12.6%)","1,352 (29.1%)","3,835 (15.4%)",,"1,031 (11.7%)",,,770 (15.2%),482 (13.6%),377 (12.1%),192 (9.3%),537 (15.0%),378 (15.7%),"1,258 (14.7%)","2,771 (27.7%)","7,796 (16.5%)",,933 (10.2%),,,828 (14.2%),472 (12.3%),389 (12.1%),184 (8.8%),531 (13.4%),420 (17.2%),"1,230 (14.0%)","2,751 (25.3%)","7,738 (15.4%)",,883 (10.2%),,,858 (12.7%),581 (17.0%),463 (14.7%),166 (8.9%),533 (13.2%),430 (17.7%),"1,162 (15.0%)","2,571 (26.8%)","7,647 (16.0%)",,"1,065 (11.7%)",,,"1,028 (14.8%)",572 (17.1%),321 (11.1%),171 (8.0%),677 (15.2%),536 (20.1%),"1,266 (15.2%)","2,870 (27.0%)","8,506 (16.8%)",520 (19.0%),"1,058 (12.2%)",,,"1,168 (16.7%)",555 (17.1%),335 (12.0%),167 (7.5%),678 (15.7%),536 (20.4%),"1,428 (17.7%)","2,975 (26.5%)","9,420 (17.8%)","2,224 (19.1%)","1,237 (13.6%)",,787 (14.8%),"1,413 (17.0%)",586 (18.0%),241 (8.5%),194 (8.3%),596 (14.0%),536 (19.3%),"1,551 (18.2%)","3,013 (26.2%)","12,378 (17.7%)","2,401 (18.2%)","1,332 (14.6%)",,735 (13.7%),"1,708 (19.8%)",636 (19.9%),290 (9.2%),223 (8.8%),593 (13.4%),556 (20.3%),"1,550 (17.2%)","2,536 (21.9%)","12,560 (17.2%)","2,935 (20.0%)","1,318 (14.3%)",,,"1,800 (20.4%)",47 (18.4%),235 (7.4%),160 (8.3%),,531 (18.5%),"1,650 (17.6%)",50 (0.4%),"8,726 (13.9%)",625 (18.5%),525 (12.5%),,,,,44 (4.8%),,,68 (19.3%),232 (17.0%),,"1,494 (14.7%)"
"    Epinephrine dose (mcg/kg/min), median [Q1, Q3]","0.04 [0.03, 0.05]","0.03 [0.02, 0.05]","0.02 [0.01, 0.03]","0.03 [0.02, 0.03]","0.03 [0.02, 0.04]","0.02 [0.02, 0.04]","0.05 [0.02, 0.08]","0.08 [0.05, 0.11]","0.10 [0.05, 0.17]","0.04 [0.03, 0.05]","0.03 [0.02, 0.04]","0.03 [0.02, 0.03]","0.0 [0.0, 0.2]",,,,,,,,,,,"0.03 [0.02, 0.04]",,"0.0 [0.0, 0.0]",,,,,,,,,,"0.05 [0.04, 0.06]","0.02 [0.01, 0.03]",,"0.0 [0.0, 0.1]",,,,,,,,,,"0.05 [0.05, 0.07]","0.02 [0.01, 0.03]",,"0.0 [0.0, 0.1]",,,,,,,,,,"0.05 [0.04, 0.07]","0.03 [0.02, 0.04]",,"0.0 [0.0, 0.1]",,,,,,,,"0.03 [0.02, 0.06]",,"0.05 [0.04, 0.08]","0.03 [0.02, 0.04]",,"0.0 [0.0, 0.1]",,,,,,"0.02 [0.01, 0.03]",,"0.06 [0.04, 0.08]",,"0.05 [0.03, 0.08]","0.03 [0.02, 0.04]",,"0.0 [0.0, 0.1]",,"0.03 [0.02, 0.04]",,,,"0.02 [0.02, 0.03]",,"0.07 [0.06, 0.11]",,"0.05 [0.04, 0.08]","0.03 [0.02, 0.04]","0.03 [0.02, 0.03]","0.0 [0.0, 0.1]",,"0.04 [0.02, 0.05]",,,"0.03 [0.02, 0.04]","0.02 [0.01, 0.03]","0.02 [0.02, 0.04]","0.08 [0.05, 0.12]","0.05 [0.03, 0.07]","0.05 [0.04, 0.08]","0.03 [0.02, 0.04]","0.02 [0.02, 0.03]","0.0 [0.0, 0.1]",,"0.04 [0.02, 0.05]",,,"0.03 [0.02, 0.04]","0.02 [0.01, 0.03]","0.04 [0.02, 0.06]","0.10 [0.08, 0.17]","0.10 [0.05, 0.17]","0.04 [0.03, 0.06]","0.03 [0.01, 0.03]","0.03 [0.02, 0.04]","0.0 [0.0, 0.2]",,"0.04 [0.02, 0.05]",,,"0.03 [0.02, 0.04]","0.02 [0.02, 0.04]","0.06 [0.03, 0.10]","0.10 [0.07, 0.12]","0.10 [0.06, 0.20]","0.05 [0.03, 0.06]","0.03 [0.02, 0.04]","0.03 [0.02, 0.04]","0.0 [0.0, 0.2]",,"0.03 [0.02, 0.05]",,,"0.03 [0.02, 0.05]","0.03 [0.02, 0.04]","0.05 [0.03, 0.09]","0.07 [0.05, 0.08]","0.11 [0.06, 0.20]","0.04 [0.03, 0.05]","0.03 [0.02, 0.04]","0.03 [0.02, 0.04]","0.0 [0.0, 0.2]","0.04 [0.03, 0.06]","0.03 [0.02, 0.05]",,,"0.03 [0.02, 0.04]","0.02 [0.01, 0.04]","0.07 [0.03, 0.10]","0.08 [0.06, 0.11]","0.10 [0.05, 0.17]","0.03 [0.02, 0.05]","0.03 [0.02, 0.04]","0.03 [0.02, 0.03]","0.0 [0.0, 0.2]","0.04 [0.03, 0.06]","0.03 [0.02, 0.04]",,"0.03 [0.02, 0.03]","0.03 [0.02, 0.05]","0.03 [0.02, 0.04]","0.06 [0.02, 0.09]","0.08 [0.05, 0.14]","0.11 [0.06, 0.20]","0.03 [0.03, 0.05]","0.03 [0.02, 0.04]","0.03 [0.02, 0.03]","0.0 [0.0, 0.2]","0.04 [0.03, 0.05]","0.03 [0.03, 0.04]",,"0.02 [0.02, 0.03]","0.03 [0.02, 0.04]","0.03 [0.02, 0.04]","0.04 [0.02, 0.08]","0.07 [0.06, 0.10]","0.10 [0.05, 0.18]","0.04 [0.03, 0.05]","0.03 [0.02, 0.04]","0.03 [0.02, 0.04]","0.0 [0.0, 0.2]","0.04 [0.03, 0.05]","0.03 [0.02, 0.04]",,,"0.03 [0.02, 0.04]","0.03 [0.02, 0.04]","0.03 [0.02, 0.06]","0.06 [0.04, 0.07]",,"0.04 [0.03, 0.05]","0.03 [0.02, 0.04]","0.07 [0.04, 0.13]","0.0 [0.0, 0.1]","0.04 [0.03, 0.05]","0.03 [0.02, 0.04]",,,,,"0.02 [0.02, 0.05]",,,"0.04 [0.02, 0.05]","0.03 [0.02, 0.04]",,"0.0 [0.0, 0.1]"
"  Phenylephrine, n (%)","2,780 (6.1%)","2,787 (3.5%)","15,402 (37.8%)",22 (0.2%),"13,522 (23.6%)","6,488 (21.0%)","2,491 (9.9%)",462 (2.4%),"7,197 (24.8%)","3,751 (11.2%)","14,474 (13.0%)","19,828 (21.7%)","89,204 (15.5%)",,,,,,,,,,,269 (10.9%),,269 (10.9%),,,,,,,,,,274 (22.0%),519 (11.7%),,793 (13.9%),,,,,,,,,,461 (22.3%),686 (13.8%),,"1,147 (16.3%)",,,,,,,,,,424 (20.5%),825 (12.9%),,"1,249 (14.7%)",,,,,,,,0 (0.0%),,357 (16.1%),998 (13.6%),,"1,355 (14.2%)",,,,,,604 (17.5%),,10 (7.9%),,316 (14.2%),"1,175 (14.8%)",,"2,105 (15.3%)",,229 (5.4%),,,,568 (17.3%),,49 (2.3%),,327 (14.6%),"1,059 (12.7%)","1,527 (32.9%)","3,759 (15.1%)",,493 (5.6%),,,933 (18.5%),693 (19.5%),430 (13.8%),44 (2.1%),493 (13.8%),307 (12.7%),"1,075 (12.5%)","2,874 (28.7%)","7,342 (15.6%)",,426 (4.7%),,,"1,252 (21.4%)",743 (19.3%),306 (9.5%),60 (2.9%),702 (17.8%),314 (12.9%),"1,228 (14.0%)","2,971 (27.3%)","8,002 (16.0%)",,360 (4.1%),,,"1,378 (20.4%)",804 (23.6%),352 (11.2%),37 (2.0%),868 (21.5%),259 (10.6%),"1,090 (14.0%)","2,446 (25.5%)","7,594 (15.9%)",,295 (3.2%),,,"1,663 (24.0%)",752 (22.5%),246 (8.5%),39 (1.8%),"1,176 (26.5%)",195 (7.3%),"1,135 (13.7%)","2,330 (21.9%)","7,831 (15.5%)",121 (4.4%),223 (2.6%),,,"1,735 (24.7%)",843 (26.0%),303 (10.9%),46 (2.1%),"1,263 (29.2%)",146 (5.6%),"1,191 (14.7%)","2,016 (18.0%)","7,887 (14.9%)",443 (3.8%),216 (2.4%),,12 (0.2%),"2,101 (25.3%)",764 (23.5%),250 (8.9%),67 (2.9%),"1,332 (31.3%)",115 (4.1%),"1,139 (13.3%)","1,983 (17.3%)","8,422 (11.9%)",408 (3.1%),239 (2.6%),,10 (0.2%),"2,213 (25.7%)",649 (20.3%),268 (8.5%),61 (2.4%),"1,363 (30.8%)",118 (4.3%),"1,075 (11.9%)","1,953 (16.9%)","8,357 (11.5%)","1,464 (10.0%)",233 (2.5%),,,"2,247 (25.5%)",68 (26.6%),269 (8.5%),49 (2.5%),,123 (4.3%),899 (9.6%),"1,728 (15.5%)","7,080 (11.5%)",344 (10.2%),73 (1.7%),,,,,67 (7.4%),,,15 (4.3%),111 (8.1%),,610 (6.0%)
"    Phenylephrine dose (mcg/kg/min), median [Q1, Q3]","0.50 [0.40, 0.75]","0.50 [0.31, 0.80]","0.50 [0.25, 0.80]","0.72 [0.53, 1.05]","0.55 [0.30, 0.81]","0.07 [0.04, 0.10]","0.54 [0.34, 0.87]","0.91 [0.55, 1.15]","0.53 [0.41, 0.92]","0.50 [0.33, 0.68]","0.34 [0.20, 0.50]","0.50 [0.27, 0.74]","0.5 [0.0, 1.1]",,,,,,,,,,,"0.50 [0.30, 0.60]",,"0.5 [0.3, 0.6]",,,,,,,,,,"0.58 [0.38, 0.78]","0.46 [0.26, 0.60]",,"0.5 [0.3, 0.8]",,,,,,,,,,"0.55 [0.37, 0.74]","0.40 [0.21, 0.57]",,"0.4 [0.2, 0.7]",,,,,,,,,,"0.47 [0.33, 0.66]","0.40 [0.21, 0.50]",,"0.4 [0.2, 0.7]",,,,,,,,,,"0.46 [0.32, 0.64]","0.32 [0.20, 0.50]",,"0.4 [0.2, 0.6]",,,,,,"0.08 [0.04, 0.11]",,"2.05 [1.47, 3.01]",,"0.45 [0.31, 0.58]","0.30 [0.20, 0.45]",,"0.3 [0.0, 3.0]",,"0.47 [0.27, 0.68]",,,,"0.08 [0.04, 0.11]",,"0.79 [0.55, 1.03]",,"0.48 [0.31, 0.66]","0.33 [0.20, 0.48]","0.44 [0.24, 0.67]","0.4 [0.0, 1.0]",,"0.54 [0.32, 0.77]",,,"0.56 [0.31, 0.84]","0.07 [0.04, 0.10]","0.48 [0.36, 0.77]","0.86 [0.63, 1.01]","1.00 [0.50, 1.75]","0.47 [0.32, 0.67]","0.30 [0.20, 0.48]","0.51 [0.27, 0.74]","0.5 [0.0, 1.8]",,"0.50 [0.30, 0.73]",,,"0.52 [0.31, 0.77]","0.07 [0.04, 0.11]","0.50 [0.34, 0.73]","0.69 [0.35, 0.92]","0.69 [0.50, 1.00]","0.50 [0.32, 0.70]","0.30 [0.20, 0.43]","0.45 [0.24, 0.68]","0.4 [0.0, 1]",,"0.50 [0.30, 0.71]",,,"0.57 [0.31, 0.83]","0.07 [0.03, 0.10]","0.73 [0.42, 1.17]","0.76 [0.31, 1.00]","0.70 [0.50, 1.00]","0.43 [0.28, 0.58]","0.35 [0.20, 0.50]","0.43 [0.23, 0.67]","0.5 [0.0, 1.2]",,"0.55 [0.34, 0.89]",,,"0.57 [0.32, 0.85]","0.07 [0.04, 0.10]","0.60 [0.35, 0.95]","1.10 [1.10, 1.40]","0.55 [0.43, 0.95]","0.48 [0.32, 0.73]","0.35 [0.20, 0.50]","0.42 [0.24, 0.66]","0.5 [0.0, 1.4]","0.52 [0.41, 0.70]","0.55 [0.38, 0.83]",,,"0.57 [0.31, 0.86]","0.06 [0.03, 0.09]","0.62 [0.37, 1.07]","1.89 [1.61, 1.89]","0.50 [0.39, 0.80]","0.55 [0.41, 0.78]","0.30 [0.20, 0.50]","0.44 [0.25, 0.67]","0.5 [0.0, 1.9]","0.50 [0.40, 0.75]","0.60 [0.40, 0.90]",,"1.23 [0.39, 1.43]","0.51 [0.28, 0.76]","0.06 [0.03, 0.09]","0.53 [0.32, 0.79]","0.66 [0.40, 0.93]","0.50 [0.35, 0.80]","0.56 [0.39, 0.74]","0.30 [0.20, 0.50]","0.62 [0.35, 0.91]","0.6 [0.0, 1.4]","0.50 [0.45, 0.79]","0.50 [0.30, 0.80]",,"0.65 [0.55, 0.95]","0.56 [0.31, 0.82]","0.08 [0.04, 0.11]","0.46 [0.27, 0.73]","0.87 [0.58, 0.92]","0.50 [0.37, 0.80]","0.61 [0.41, 0.82]","0.30 [0.20, 0.50]","0.63 [0.35, 0.94]","0.5 [0.0, 0.9]","0.50 [0.40, 0.72]","0.55 [0.30, 0.83]",,,"0.53 [0.28, 0.77]","0.08 [0.04, 0.10]","0.46 [0.29, 0.80]","1.02 [0.09, 1.04]",,"0.67 [0.42, 0.95]","0.40 [0.20, 0.50]","0.65 [0.36, 0.97]","0.5 [0.0, 1.0]","0.50 [0.40, 0.80]","0.75 [0.38, 1.00]",,,,,"0.66 [0.33, 1.01]",,,"0.83 [0.48, 1.10]","0.40 [0.20, 0.50]",,"0.6 [0.2, 1.1]"
"  Vasopressin, n (%)","10,500 (23.0%)","10,310 (12.8%)","5,051 (12.4%)",308 (2.9%),"14,642 (25.6%)","5,832 (18.9%)","4,229 (16.8%)","3,824 (19.6%)","6,031 (20.8%)","5,374 (16.1%)","13,590 (12.2%)","16,047 (17.6%)","95,738 (16.6%)",,,,,,,,,,,273 (11.1%),,273 (11.1%),,,,,,,,,,119 (9.6%),408 (9.2%),,527 (9.3%),,,,,,,,,,240 (11.6%),469 (9.4%),,709 (10.1%),,,,,,,,,,250 (12.1%),513 (8.0%),,763 (9.0%),,,,,,,,<10,,258 (11.7%),577 (7.9%),,835 (8.7%),,,,,,434 (12.6%),,36 (28.3%),,268 (12.0%),726 (9.1%),,"1,464 (10.6%)",,387 (9.0%),,,,474 (14.4%),,408 (19.0%),,337 (15.0%),937 (11.3%),813 (17.5%),"3,356 (13.5%)",,939 (10.6%),,,973 (19.3%),498 (14.0%),332 (10.6%),439 (21.3%),535 (14.9%),380 (15.7%),966 (11.3%),"1,756 (17.6%)","6,818 (14.5%)",,999 (11.0%),,,"1,179 (20.2%)",561 (14.6%),414 (12.8%),419 (20.1%),700 (17.7%),404 (16.6%),933 (10.6%),"1,814 (16.7%)","7,423 (14.8%)",,"1,185 (13.6%)",,,"1,636 (24.2%)",677 (19.8%),618 (19.7%),375 (20.1%),831 (20.6%),146 (6.0%),"1,076 (13.8%)","1,823 (19.0%)","8,367 (17.5%)",,"1,172 (12.8%)",,,"1,887 (27.2%)",775 (23.2%),488 (16.8%),366 (17.1%),964 (21.7%),181 (6.8%),"1,200 (14.4%)","1,877 (17.7%)","8,910 (17.6%)",669 (24.5%),"1,101 (12.7%)",,,"1,958 (27.9%)",726 (22.4%),540 (19.4%),429 (19.3%),982 (22.7%),491 (18.7%),"1,148 (14.2%)","1,883 (16.8%)","9,927 (18.8%)","2,677 (23.0%)","1,197 (13.1%)",,307 (5.8%),"2,211 (26.7%)",796 (24.4%),511 (18.1%),472 (20.2%),980 (23.1%),696 (25.0%),"1,366 (16.0%)","1,970 (17.1%)","13,183 (18.9%)","2,928 (22.2%)","1,328 (14.6%)",,<10,"2,330 (27.1%)",830 (26.0%),565 (17.8%),497 (19.5%),"1,039 (23.5%)",752 (27.5%),"1,338 (14.9%)","2,109 (18.2%)","13,716 (20.3%)","3,467 (23.6%)","1,400 (15.1%)",,,"2,468 (28.0%)",61 (23.8%),638 (20.1%),381 (19.7%),,770 (26.8%),"1,466 (15.6%)","2,002 (17.9%)","12,653 (20.6%)",759 (22.5%),602 (14.4%),,,,,123 (13.5%),,,82 (23.3%),194 (14.2%),,"1,760 (17.3%)"
"  Dopamine, n (%)",396 (0.9%),"1,898 (2.4%)","1,393 (3.4%)",333 (3.1%),"2,560 (4.5%)",515 (1.7%),177 (0.7%),283 (1.5%),"2,590 (8.9%)","1,328 (4.0%)","4,200 (3.8%)",838 (0.9%),"16,511 (2.9%)",,,,,,,,,,,203 (8.2%),,203 (8.2%),,,,,,,,,,107 (8.6%),321 (7.2%),,428 (7.5%),,,,,,,,,,150 (7.2%),300 (6.0%),,450 (6.4%),,,,,,,,,,164 (7.9%),383 (6.0%),,547 (6.5%),,,,,,,,<10,,183 (8.3%),465 (6.3%),,648 (6.8%),,,,,,115 (3.3%),,<10,,152 (6.8%),437 (5.5%),,704 (5.2%),,192 (4.5%),,,,85 (2.6%),,62 (2.9%),,144 (6.4%),459 (5.5%),74 (1.6%),"1,016 (4.1%)",,423 (4.8%),,,228 (4.5%),70 (2.0%),30 (1.0%),64 (3.1%),422 (11.8%),123 (5.1%),358 (4.2%),165 (1.7%),"1,883 (4.0%)",,304 (3.3%),,,275 (4.7%),72 (1.9%),30 (0.9%),55 (2.6%),431 (10.9%),59 (2.4%),289 (3.3%),122 (1.1%),"1,637 (3.3%)",,186 (2.1%),,,316 (4.7%),54 (1.6%),34 (1.1%),23 (1.2%),373 (9.2%),51 (2.1%),270 (3.5%),95 (1.0%),"1,402 (2.9%)",,194 (2.1%),,,432 (6.2%),49 (1.5%),18 (0.6%),18 (0.8%),425 (9.6%),39 (1.5%),234 (2.8%),110 (1.0%),"1,519 (3.0%)",19 (0.7%),141 (1.6%),,,411 (5.9%),28 (0.9%),19 (0.7%),22 (1.0%),377 (8.7%),48 (1.8%),166 (2.1%),85 (0.8%),"1,316 (2.5%)",118 (1.0%),112 (1.2%),,193 (3.6%),346 (4.2%),24 (0.7%),18 (0.6%),15 (0.6%),283 (6.7%),31 (1.1%),116 (1.4%),60 (0.5%),"1,316 (1.9%)",93 (0.7%),127 (1.4%),,140 (2.6%),296 (3.4%),18 (0.6%),12 (0.4%),10 (0.4%),279 (6.3%),35 (1.3%),112 (1.2%),68 (0.6%),"1,190 (1.6%)",137 (0.9%),132 (1.4%),,,256 (2.9%),0 (0.0%),13 (0.4%),<10,,38 (1.3%),82 (0.9%),59 (0.5%),717 (1.2%),29 (0.9%),87 (2.1%),,,,,<10,,,<10,<10,,
"    Dopamine dose (mcg/kg/min), median [Q1, Q3]","5.00 [3.00, 5.00]","4.00 [2.50, 5.00]","5.00 [2.00, 7.08]","4.00 [3.00, 5.00]","3.00 [2.00, 4.01]","3.00 [2.00, 4.00]","5.00 [2.56, 5.00]","3.25 [2.50, 5.00]","4.00 [2.50, 5.00]","3.00 [3.00, 4.00]","4.00 [2.50, 5.00]","5.00 [2.75, 5.00]","4.1 [2, 7.1]",,,,,,,,,,,"5.00 [2.75, 5.00]",,"5 [2.8, 5]",,,,,,,,,,"4.00 [3.00, 5.00]","5.00 [2.82, 5.56]",,"4.8 [2.8, 5.6]",,,,,,,,,,"3.00 [3.00, 4.50]","4.50 [2.50, 5.00]",,"4.1 [2.5, 5]",,,,,,,,,,"3.00 [2.50, 4.00]","5.00 [2.75, 5.50]",,"4.5 [2.5, 5.5]",,,,,,,,"0.98 [0.70, 1.25]",,"3.50 [3.00, 4.25]","4.00 [2.50, 5.00]",,"3.9 [0.7, 5]",,,,,,"2.81 [2.00, 4.00]",,"7.00 [3.50, 7.50]",,"3.00 [2.75, 4.00]","4.00 [2.50, 5.00]",,"3.6 [2, 7.5]",,"4.00 [2.50, 5.00]",,,,"3.00 [1.88, 4.50]",,"2.50 [2.00, 5.00]",,"3.00 [3.00, 4.00]","3.75 [2.50, 5.00]","4.00 [2.88, 5.00]","3.6 [1.9, 5]",,"4.00 [2.50, 5.00]",,,"4.00 [2.50, 5.00]","3.00 [2.38, 4.69]","5.00 [2.50, 5.00]","2.50 [2.00, 3.75]","5.00 [3.00, 5.00]","3.00 [3.00, 4.75]","3.00 [2.50, 5.00]","5.00 [3.00, 5.81]","4.0 [2, 5.8]",,"4.00 [2.50, 5.00]",,,"5.00 [2.50, 5.00]","3.00 [1.91, 3.88]","5.00 [2.75, 5.00]","3.50 [2.25, 5.00]","5.00 [3.75, 5.71]","4.00 [3.00, 4.38]","4.00 [2.25, 5.00]","3.38 [2.00, 4.62]","4.0 [1.9, 5.7]",,"4.00 [2.50, 5.00]",,,"4.00 [2.25, 5.00]","2.00 [1.38, 3.00]","5.00 [3.00, 5.00]","3.50 [2.50, 4.38]","4.00 [2.50, 5.00]","3.00 [2.88, 3.00]","4.00 [2.50, 5.00]","5.00 [2.50, 5.00]","4.1 [1.4, 5]",,"3.25 [2.50, 5.00]",,,"2.50 [1.50, 3.50]","3.00 [2.00, 4.00]","4.50 [2.62, 5.00]","9.00 [7.00, 11.00]","5.00 [2.50, 5.00]","3.50 [3.00, 5.00]","3.50 [2.50, 5.00]","5.00 [3.12, 5.00]","4.0 [1.5, 11]","5.00 [3.75, 5.00]","2.50 [2.00, 3.75]",,,"2.00 [1.00, 2.75]","5.00 [3.00, 5.00]","5.00 [3.75, 5.00]","5.00 [4.50, 5.00]","3.00 [2.50, 5.00]","3.50 [3.00, 4.50]","3.00 [2.00, 4.00]","5.00 [2.50, 5.00]","3.6 [1, 5]","5.00 [3.00, 5.00]","3.00 [2.00, 4.00]",,"5.00 [3.00, 5.00]","2.00 [2.00, 3.75]","3.88 [2.50, 5.00]","3.38 [2.50, 5.00]","5.00 [2.50, 5.00]","3.00 [2.50, 5.00]","3.00 [3.00, 3.75]","3.00 [2.25, 4.25]","5.00 [2.88, 5.00]","3.8 [2, 5]","5.00 [4.00, 5.00]","4.00 [2.50, 5.00]",,"3.00 [3.00, 5.00]","3.00 [2.00, 4.00]","3.25 [2.25, 3.62]","2.50 [1.25, 3.75]","2.50 [2.00, 2.50]","3.00 [2.50, 3.00]","4.00 [3.00, 5.00]","4.00 [2.50, 5.00]","5.00 [3.00, 5.00]","3.9 [1.2, 5]","4.50 [3.00, 5.00]","4.38 [2.50, 5.00]",,,"2.75 [2.00, 3.75]",,"5.00 [1.88, 5.00]","2.50 [1.50, 2.50]",,"3.00 [3.00, 3.00]","5.00 [2.69, 5.00]","5.00 [2.50, 5.00]","4.3 [1.5, 5]","3.00 [2.25, 3.00]","4.00 [2.25, 5.00]",,,,,"5.00 [5.00, 5.00]",,,"2.25 [1.50, 3.00]","6.00 [3.50, 7.50]",,"4.0 [1.5, 7.5]"
"Sedatives and analgesics, n (%)",,,,,,,,,,,,,,,,,,,,,,,,,,,,,,,,,,,,,,,,,,,,,,,,,,,,,,,,,,,,,,,,,,,,,,,,,,,,,,,,,,,,,,,,,,,,,,,,,,,,,,,,,,,,,,,,,,,,,,,,,,,,,,,,,,,,,,,,,,,,,,,,,,,,,,,,,,,,,,,,,,,,,,,,,,,,,,,,,,,,,,,,,,,,,,,,,,,,,,,,,,,,,,,,,,,,,,,,,,,,,
  Propofol,"9,116 (20.0%)","28,354 (35.3%)","27,000 (66.3%)","5,936 (55.6%)","35,832 (62.5%)","19,884 (64.5%)","8,843 (35.0%)","10,428 (53.5%)","16,703 (57.6%)","21,892 (65.6%)","35,723 (32.0%)","40,429 (44.3%)","260,140 (45.2%)",,,,,,,,,,,937 (38.0%),,937 (38.0%),,,,,,,,,,927 (74.5%),"1,510 (34.0%)",,"2,437 (42.9%)",,,,,,,,,,"1,451 (70.1%)","1,618 (32.5%)",,"3,069 (43.5%)",,,,,,,,,,"1,473 (71.1%)","1,906 (29.8%)",,"3,379 (39.9%)",,,,,,,,<10,,"1,504 (68.0%)","2,212 (30.1%)",,"3,716 (38.9%)",,,,,,"2,051 (59.4%)",,56 (44.1%),,"1,492 (67.1%)","2,492 (31.3%)",,"6,091 (44.3%)",,"1,399 (32.7%)",,,,"1,926 (58.6%)",,822 (38.3%),,"1,541 (68.7%)","2,548 (30.7%)","2,168 (46.7%)","10,404 (41.8%)",,"2,593 (29.3%)",,,"3,008 (59.6%)","2,241 (63.2%)","1,023 (32.8%)",926 (44.9%),"1,827 (51.0%)","1,561 (64.7%)","2,628 (30.6%)","4,465 (44.7%)","20,272 (43.0%)",,"2,525 (27.7%)",,,"3,572 (61.1%)","2,472 (64.3%)","1,075 (33.3%)",970 (46.6%),"1,962 (49.7%)","1,541 (63.2%)","2,642 (30.0%)","4,518 (41.6%)","21,277 (42.4%)",,"2,897 (33.3%)",,,"4,090 (60.6%)","2,268 (66.5%)","1,254 (39.9%)","1,103 (59.0%)","2,208 (54.7%)","1,565 (64.3%)","2,799 (36.0%)","4,616 (48.1%)","22,800 (47.8%)",,"3,081 (33.7%)",,,"4,242 (61.2%)","2,249 (67.4%)",989 (34.1%),"1,324 (62.0%)","2,527 (56.9%)","1,774 (66.6%)","2,804 (33.7%)","4,763 (44.8%)","23,753 (47.0%)",562 (20.6%),"3,225 (37.2%)",,,"4,432 (63.2%)","2,146 (66.1%)","1,041 (37.3%)","1,298 (58.3%)","2,642 (61.0%)","1,663 (63.3%)","2,623 (32.5%)","4,851 (43.3%)","24,483 (46.3%)","2,311 (19.9%)","3,612 (39.6%)",,"3,044 (57.2%)","5,123 (61.8%)","2,116 (65.0%)","1,006 (35.7%)","1,366 (58.4%)","2,744 (64.6%)","1,751 (63.0%)","2,785 (32.6%)","5,000 (43.5%)","30,858 (44.2%)","2,509 (19.1%)","3,676 (40.3%)",,"2,892 (54.0%)","5,585 (64.9%)","2,224 (69.7%)","1,107 (35.0%)","1,489 (58.4%)","2,793 (63.2%)","1,702 (62.2%)","2,908 (32.3%)","5,141 (44.4%)","32,026 (43.9%)","3,071 (20.9%)","3,685 (39.9%)",,,"5,780 (65.6%)",191 (74.6%),"1,145 (36.1%)","1,072 (55.5%)",,"1,761 (61.4%)","2,915 (31.0%)","4,907 (43.9%)","24,527 (39.9%)",663 (19.6%),"1,661 (39.7%)",,,,,203 (22.3%),,,186 (52.8%),396 (29.0%),,"3,109 (30.5%)"
  Midazolam,"2,624 (5.8%)","8,761 (10.9%)","7,470 (18.3%)",383 (3.6%),"3,026 (5.3%)","1,367 (4.4%)",916 (3.6%),"4,087 (21.0%)","1,005 (3.5%)","3,602 (10.8%)","12,751 (11.4%)","7,275 (8.0%)","53,267 (9.3%)",,,,,,,,,,,441 (17.9%),,441 (17.9%),,,,,,,,,,146 (11.7%),585 (13.2%),,731 (12.9%),,,,,,,,,,223 (10.8%),738 (14.8%),,961 (13.6%),,,,,,,,,,212 (10.2%),784 (12.2%),,996 (11.8%),,,,,,,,<10,,230 (10.4%),789 (10.8%),,"1,019 (10.7%)",,,,,,122 (3.5%),,40 (31.5%),,224 (10.1%),911 (11.4%),,"1,297 (9.4%)",,408 (9.5%),,,,116 (3.5%),,455 (21.2%),,215 (9.6%),928 (11.2%),215 (4.6%),"2,337 (9.4%)",,825 (9.3%),,,81 (1.6%),137 (3.9%),108 (3.5%),461 (22.4%),163 (4.6%),243 (10.1%),749 (8.7%),531 (5.3%),"3,298 (7.0%)",,885 (9.7%),,,96 (1.6%),130 (3.4%),97 (3.0%),476 (22.9%),137 (3.5%),248 (10.2%),748 (8.5%),811 (7.5%),"3,628 (7.2%)",,"1,391 (16.0%)",,,677 (10.0%),133 (3.9%),239 (7.6%),461 (24.7%),172 (4.3%),315 (12.9%),"1,115 (14.3%)",958 (10.0%),"5,461 (11.4%)",,"1,298 (14.2%)",,,540 (7.8%),260 (7.8%),118 (4.1%),443 (20.7%),174 (3.9%),307 (11.5%),"1,286 (15.5%)","1,123 (10.6%)","5,549 (11.0%)",193 (7.1%),"1,031 (11.9%)",,,456 (6.5%),207 (6.4%),96 (3.4%),463 (20.8%),167 (3.9%),289 (11.0%),947 (11.7%),"1,034 (9.2%)","4,883 (9.2%)",705 (6.1%),911 (10.0%),,208 (3.9%),415 (5.0%),130 (4.0%),92 (3.3%),482 (20.6%),82 (1.9%),270 (9.7%),952 (11.1%),894 (7.8%),"5,141 (7.4%)",699 (5.3%),883 (9.7%),,175 (3.3%),392 (4.6%),123 (3.9%),75 (2.4%),513 (20.1%),110 (2.5%),312 (11.4%),893 (9.9%),893 (7.7%),"5,068 (7.0%)",861 (5.9%),832 (9.0%),,,369 (4.2%),<10,75 (2.4%),292 (15.1%),,333 (11.6%),788 (8.4%),816 (7.3%),"4,366 (7.1%)",166 (4.9%),297 (7.1%),,,,,16 (1.8%),,,35 (9.9%),97 (7.1%),,611 (6.0%)
  Lorazepam,52 (0.1%),493 (0.6%),38 (0.1%),,518 (0.9%),99 (0.3%),75 (0.3%),13 (0.1%),25 (0.1%),49 (0.1%),"3,029 (2.7%)",654 (0.7%),"5,045 (0.9%)",,,,,,,,,,,184 (7.5%),,184 (7.5%),,,,,,,,,,<10,209 (4.7%),,209 (4.7%),,,,,,,,,,<10,212 (4.3%),,212 (4.3%),,,,,,,,,,<10,287 (4.5%),,287 (4.5%),,,,,,,,0 (0.0%),,<10,261 (3.6%),,261 (3.6%),,,,,,11 (0.3%),,<10,,<10,233 (2.9%),,244 (2.1%),,37 (0.9%),,,,<10,,<10,,10 (0.4%),258 (3.1%),141 (3.0%),446 (2.3%),,72 (0.8%),,,124 (2.5%),16 (0.5%),19 (0.6%),<10,<10,<10,217 (2.5%),286 (2.9%),734 (1.9%),,66 (0.7%),,,123 (2.1%),22 (0.6%),14 (0.4%),<10,<10,<10,205 (2.3%),109 (1.0%),539 (1.3%),,89 (1.0%),,,125 (1.9%),<10,36 (1.1%),<10,<10,<10,184 (2.4%),58 (0.6%),492 (1.4%),,73 (0.8%),,,78 (1.1%),<10,<10,<10,<10,<10,178 (2.1%),17 (0.2%),,<10,55 (0.6%),,,32 (0.5%),<10,<10,0 (0.0%),<10,0 (0.0%),163 (2.0%),10 (0.1%),260 (0.7%),31 (0.3%),50 (0.5%),,,20 (0.2%),<10,<10,<10,<10,0 (0.0%),119 (1.4%),15 (0.1%),235 (0.4%),<10,27 (0.3%),,,10 (0.1%),20 (0.6%),0 (0.0%),<10,0 (0.0%),<10,156 (1.7%),12 (0.1%),225 (0.4%),<10,16 (0.2%),,,<10,<10,0 (0.0%),0 (0.0%),,0 (0.0%),145 (1.5%),<10,161 (0.6%),<10,<10,,,,,0 (0.0%),,,0 (0.0%),18 (1.3%),,18 (0.7%)
  Dexmedetomidine,"15,756 (34.6%)","20,968 (26.1%)","7,601 (18.7%)","2,019 (18.9%)","23,121 (40.3%)","9,493 (30.8%)","7,152 (28.3%)","3,273 (16.8%)","7,978 (27.5%)","11,557 (34.6%)","24,119 (21.6%)","14,282 (15.7%)","147,319 (25.6%)",,,,,,,,,,,235 (9.5%),,235 (9.5%),,,,,,,,,,259 (20.8%),640 (14.4%),,899 (15.8%),,,,,,,,,,488 (23.6%),838 (16.8%),,"1,326 (18.8%)",,,,,,,,,,457 (22.1%),"1,016 (15.9%)",,"1,473 (17.4%)",,,,,,,,<10,,586 (26.5%),"1,405 (19.1%)",,"1,991 (20.9%)",,,,,,522 (15.1%),,<10,,660 (29.7%),"1,616 (20.3%)",,"2,798 (20.5%)",,438 (10.2%),,,,600 (18.2%),,49 (2.3%),,682 (30.4%),"1,746 (21.0%)",404 (8.7%),"3,919 (15.7%)",,"1,508 (17.1%)",,,"1,297 (25.7%)",981 (27.7%),556 (17.8%),75 (3.6%),945 (26.4%),787 (32.6%),"1,873 (21.8%)",981 (9.8%),"9,003 (19.1%)",,"1,962 (21.5%)",,,"1,708 (29.2%)","1,214 (31.6%)",768 (23.8%),99 (4.8%),"1,165 (29.5%)",911 (37.4%),"2,021 (23.0%)","1,057 (9.7%)","10,905 (21.7%)",,"2,368 (27.2%)",,,"2,415 (35.8%)","1,234 (36.2%)","1,020 (32.5%)",190 (10.2%),"1,326 (32.8%)",945 (38.8%),"1,914 (24.6%)","1,311 (13.7%)","12,723 (26.7%)",,"2,522 (27.6%)",,,"2,812 (40.6%)","1,304 (39.1%)",911 (31.4%),394 (18.4%),"1,144 (25.7%)","1,041 (39.1%)","2,052 (24.7%)","1,593 (15.0%)","13,773 (27.3%)",954 (34.9%),"2,557 (29.5%)",,,"3,099 (44.2%)","1,233 (38.0%)",918 (32.9%),546 (24.5%),"1,106 (25.5%)","1,025 (39.0%)","1,976 (24.4%)","1,891 (16.9%)","15,305 (28.9%)","4,068 (35.0%)","2,714 (29.7%)",,997 (18.7%),"3,696 (44.6%)","1,180 (36.2%)",961 (34.1%),628 (26.8%),"1,109 (26.1%)","1,149 (41.3%)","2,023 (23.7%)","2,125 (18.5%)","20,650 (29.6%)","4,412 (33.5%)","2,806 (30.8%)",,"1,022 (19.1%)","4,013 (46.6%)","1,156 (36.2%)",934 (29.5%),695 (27.3%),"1,183 (26.8%)","1,175 (42.9%)","2,253 (25.0%)","2,393 (20.7%)","22,042 (30.2%)","5,200 (35.4%)","2,846 (30.8%)",,,"4,081 (46.3%)",69 (27.0%),926 (29.2%),592 (30.7%),,"1,251 (43.6%)","2,236 (23.8%)","2,527 (22.6%)","19,728 (32.1%)","1,122 (33.2%)","1,247 (29.8%)",,,,,158 (17.4%),,,141 (40.1%),275 (20.2%),,"2,943 (28.9%)"
  Fentanyl,"12,026 (26.4%)","20,315 (25.3%)","14,287 (35.1%)","3,195 (29.9%)","20,468 (35.7%)","3,966 (12.9%)","8,712 (34.5%)","6,817 (35.0%)","11,367 (39.2%)","9,724 (29.1%)","22,137 (19.8%)","28,151 (30.9%)","161,165 (28.0%)",,,,,,,,,,,558 (22.6%),,558 (22.6%),,,,,,,,,,424 (34.1%),845 (19.0%),,"1,269 (22.3%)",,,,,,,,,,632 (30.5%),"1,033 (20.7%)",,"1,665 (23.6%)",,,,,,,,,,699 (33.8%),"1,127 (17.6%)",,"1,826 (21.5%)",,,,,,,,<10,,671 (30.3%),"1,264 (17.2%)",,"1,935 (20.3%)",,,,,,739 (21.4%),,63 (49.6%),,704 (31.6%),"1,445 (18.2%)",,"2,951 (21.4%)",,"1,077 (25.2%)",,,,639 (19.4%),,769 (35.8%),,665 (29.7%),"1,548 (18.6%)","1,566 (33.7%)","6,264 (25.1%)",,"2,031 (23.0%)",,,"1,368 (27.1%)",621 (17.5%),"1,101 (35.3%)",709 (34.4%),923 (25.8%),721 (29.9%),"1,472 (17.2%)","2,944 (29.4%)","11,890 (25.2%)",,"2,115 (23.2%)",,,"2,025 (34.6%)",592 (15.4%),"1,138 (35.3%)",722 (34.7%),"1,386 (35.1%)",675 (27.7%),"1,506 (17.1%)","3,242 (29.8%)","13,401 (26.7%)",,"2,530 (29.1%)",,,"2,670 (39.6%)",461 (13.5%),"1,232 (39.2%)",682 (36.5%),"1,538 (38.1%)",753 (30.9%),"1,822 (23.4%)","3,406 (35.5%)","15,094 (31.6%)",,"2,512 (27.5%)",,,"2,624 (37.8%)",329 (9.9%),992 (34.2%),743 (34.8%),"1,777 (40.0%)",783 (29.4%),"1,979 (23.8%)","3,416 (32.1%)","15,155 (30.0%)",830 (30.4%),"2,215 (25.6%)",,,"2,620 (37.3%)",229 (7.1%),"1,033 (37.1%)",735 (33.0%),"1,871 (43.2%)",704 (26.8%),"1,785 (22.1%)","3,445 (30.7%)","15,467 (29.2%)","3,287 (28.3%)","2,319 (25.4%)",,"1,665 (31.3%)","2,897 (34.9%)",188 (5.8%),955 (33.9%),869 (37.1%),"1,911 (45.0%)",723 (26.0%),"1,843 (21.6%)","3,388 (29.5%)","20,045 (28.7%)","3,343 (25.4%)","2,325 (25.5%)",,"1,530 (28.6%)","3,035 (35.3%)",153 (4.8%),"1,013 (32.0%)",966 (37.9%),"1,961 (44.4%)",740 (27.0%),"1,917 (21.3%)","3,498 (30.2%)","20,481 (28.1%)","3,774 (25.7%)","2,246 (24.3%)",,,"3,229 (36.7%)",15 (5.9%),"1,060 (33.4%)",556 (28.8%),,743 (25.9%),"1,782 (19.0%)","3,246 (29.0%)","16,651 (27.1%)",792 (23.5%),945 (22.6%),,,,,188 (20.7%),,,87 (24.7%),211 (15.5%),,"2,223 (21.8%)"
"Neuromuscular blocking agents, n (%)",,,,,,,,,,,,,,,,,,,,,,,,,,,,,,,,,,,,,,,,,,,,,,,,,,,,,,,,,,,,,,,,,,,,,,,,,,,,,,,,,,,,,,,,,,,,,,,,,,,,,,,,,,,,,,,,,,,,,,,,,,,,,,,,,,,,,,,,,,,,,,,,,,,,,,,,,,,,,,,,,,,,,,,,,,,,,,,,,,,,,,,,,,,,,,,,,,,,,,,,,,,,,,,,,,,,,,,,,,,,,
  Cisatracurium,555 (1.2%),621 (0.8%),"1,715 (4.2%)",204 (1.9%),"1,380 (2.4%)",656 (2.1%),660 (2.6%),,593 (2.0%),"1,437 (4.3%)","1,768 (1.6%)","3,668 (4.0%)","13,257 (2.4%)",,,,,,,,,,,17 (0.7%),,17 (0.7%),,,,,,,,,,35 (2.8%),42 (0.9%),,77 (1.3%),,,,,,,,,,70 (3.4%),105 (2.1%),,175 (2.5%),,,,,,,,,,88 (4.2%),155 (2.4%),,243 (2.9%),,,,,,,,,,92 (4.2%),158 (2.2%),,250 (2.6%),,,,,,59 (1.7%),,,,93 (4.2%),183 (2.3%),,335 (2.5%),,17 (0.4%),,,,73 (2.2%),,,,92 (4.1%),139 (1.7%),220 (4.7%),541 (2.4%),,45 (0.5%),,,100 (2.0%),70 (2.0%),82 (2.6%),,71 (2.0%),119 (4.9%),123 (1.4%),521 (5.2%),"1,131 (2.5%)",,50 (0.5%),,,125 (2.1%),64 (1.7%),66 (2.0%),,66 (1.7%),116 (4.8%),129 (1.5%),454 (4.2%),"1,070 (2.2%)",,154 (1.8%),,,377 (5.6%),66 (1.9%),230 (7.3%),,102 (2.5%),156 (6.4%),195 (2.5%),571 (6.0%),"1,851 (4.0%)",,113 (1.2%),,,271 (3.9%),141 (4.2%),93 (3.2%),,127 (2.9%),151 (5.7%),209 (2.5%),556 (5.2%),"1,661 (3.4%)",41 (1.5%),49 (0.6%),,,161 (2.3%),82 (2.5%),61 (2.2%),,97 (2.2%),100 (3.8%),97 (1.2%),419 (3.7%),"1,107 (2.2%)",162 (1.4%),45 (0.5%),,108 (2.0%),120 (1.4%),54 (1.7%),38 (1.3%),,54 (1.3%),99 (3.6%),90 (1.1%),339 (2.9%),"1,109 (1.6%)",158 (1.2%),51 (0.6%),,96 (1.8%),124 (1.4%),45 (1.4%),41 (1.3%),,76 (1.7%),105 (3.8%),61 (0.7%),304 (2.6%),"1,061 (1.5%)",160 (1.1%),57 (0.6%),,,102 (1.2%),<10,40 (1.3%),,,113 (3.9%),59 (0.6%),284 (2.5%),815 (1.4%),34 (1.0%),40 (1.0%),,,,,<10,,,<10,<10,,
  Rocuronium,,23 (0.0%),313 (0.8%),,124 (0.2%),549 (1.8%),10 (0.0%),"1,158 (5.9%)",27 (0.1%),10 (0.0%),165 (0.1%),76 (0.1%),"2,455 (0.4%)",,,,,,,,,,,20 (0.8%),,20 (0.8%),,,,,,,,,,0 (0.0%),13 (0.3%),,13 (0.2%),,,,,,,,,,<10,0 (0.0%),,0 (0.0%),,,,,,,,,,0 (0.0%),25 (0.4%),,25 (0.3%),,,,,,,,0 (0.0%),,0 (0.0%),<10,,0 (0.0%),,,,,,10 (0.3%),,<10,,0 (0.0%),<10,,10 (0.2%),,<10,,,,18 (0.5%),,100 (4.7%),,0 (0.0%),<10,0 (0.0%),118 (0.9%),,0 (0.0%),,,<10,75 (2.1%),<10,134 (6.5%),<10,0 (0.0%),<10,0 (0.0%),209 (0.8%),,<10,,,<10,106 (2.8%),<10,99 (4.8%),0 (0.0%),0 (0.0%),16 (0.2%),0 (0.0%),221 (0.7%),,<10,,,16 (0.2%),92 (2.7%),<10,122 (6.5%),23 (0.6%),0 (0.0%),24 (0.3%),19 (0.2%),296 (0.8%),,<10,,,42 (0.6%),81 (2.4%),0 (0.0%),167 (7.8%),0 (0.0%),<10,<10,22 (0.2%),312 (1.0%),,<10,,,<10,87 (2.7%),0 (0.0%),159 (7.1%),<10,<10,<10,<10,,,<10,,,18 (0.2%),55 (1.7%),<10,136 (5.8%),0 (0.0%),<10,14 (0.2%),<10,223 (0.9%),,<10,,,16 (0.2%),25 (0.8%),0 (0.0%),143 (5.6%),0 (0.0%),<10,<10,<10,184 (0.9%),,<10,,,10 (0.1%),0 (0.0%),<10,89 (4.6%),,<10,11 (0.1%),10 (0.1%),120 (0.4%),,<10,,,,,0 (0.0%),,,0 (0.0%),<10,,0 (0.0%)
"Medications during IMV (N=340,844)",,,,,,,,,,,,,,,,,,,,,,,,,,,,,,,,,,,,,,,,,,,,,,,,,,,,,,,,,,,,,,,,,,,,,,,,,,,,,,,,,,,,,,,,,,,,,,,,,,,,,,,,,,,,,,,,,,,,,,,,,,,,,,,,,,,,,,,,,,,,,,,,,,,,,,,,,,,,,,,,,,,,,,,,,,,,,,,,,,,,,,,,,,,,,,,,,,,,,,,,,,,,,,,,,,,,,,,,,,,,,
"  Vasopressors, n (%)","17,505 (75.3%)","28,377 (68.0%)","21,228 (59.4%)","4,801 (73.9%)","31,393 (81.0%)","16,615 (76.2%)","9,168 (65.5%)","11,530 (70.7%)","12,544 (68.2%)","17,896 (66.9%)","33,147 (68.7%)","38,072 (77.2%)","242,276 (71.1%)",,,,,,,,,,,657 (45.3%),,657 (45.3%),,,,,,,,,,566 (54.1%),"1,217 (51.0%)",,"1,783 (51.9%)",,,,,,,,,,989 (58.8%),"1,429 (55.5%)",,"2,418 (56.8%)",,,,,,,,,,"1,040 (61.5%)","1,674 (57.5%)",,"2,714 (59.0%)",,,,,,,,<10,,"1,084 (61.2%)","1,930 (59.9%)",,"3,014 (60.4%)",,,,,,"1,640 (66.1%)",,75 (72.8%),,"1,097 (62.2%)","2,181 (61.5%)",,"4,993 (63.2%)",,"1,291 (55.9%)",,,,"1,586 (66.8%)",,"1,013 (57.1%)",,"1,166 (65.4%)","2,348 (65.5%)","2,047 (72.1%)","9,451 (64.4%)",,"2,681 (58.7%)",,,"2,430 (71.5%)","1,794 (69.9%)",941 (50.9%),"1,096 (63.2%)","1,151 (55.0%)","1,222 (64.2%)","2,383 (66.2%)","4,312 (73.6%)","18,010 (65.3%)",,"2,723 (60.9%)",,,"2,848 (73.3%)","1,890 (72.7%)","1,081 (58.5%)","1,116 (62.8%)","1,320 (58.1%)","1,291 (65.6%)","2,413 (66.6%)","4,253 (72.1%)","18,935 (66.8%)",,"3,265 (68.1%)",,,"3,483 (76.9%)","1,886 (78.3%)","1,281 (69.0%)","1,161 (69.4%)","1,580 (62.7%)","1,329 (67.3%)","2,609 (71.7%)","4,285 (75.6%)","20,879 (71.8%)",,"3,354 (69.3%)",,,"3,785 (81.2%)","1,946 (81.5%)","1,026 (66.3%)","1,323 (72.1%)","1,954 (70.4%)","1,584 (73.6%)","2,749 (77.7%)","4,382 (77.3%)","22,103 (75.2%)","1,110 (74.1%)","3,201 (70.0%)",,,"3,965 (82.6%)","1,877 (82.9%)","1,080 (71.9%)","1,413 (75.5%)","2,070 (72.2%)","1,507 (72.3%)","2,654 (79.8%)","4,607 (78.8%)","23,484 (76.7%)","4,526 (74.8%)","3,381 (71.0%)",,"2,433 (73.3%)","4,610 (83.3%)","1,838 (84.3%)","1,043 (69.3%)","1,476 (76.0%)","2,159 (73.5%)","1,598 (72.1%)","2,772 (80.6%)","4,744 (80.2%)","30,580 (76.8%)","4,861 (72.0%)","3,497 (73.7%)",,"2,368 (74.5%)","5,065 (85.4%)","1,996 (85.3%)","1,165 (69.7%)","1,678 (80.9%)","2,310 (78.8%)","1,572 (72.6%)","2,871 (80.7%)","4,874 (81.5%)","32,257 (78.1%)","5,775 (78.4%)","3,429 (74.0%)",,,"5,207 (86.3%)",162 (78.3%),"1,293 (74.9%)","1,175 (77.8%)",,"1,661 (73.0%)","2,893 (84.4%)","4,568 (80.8%)","26,163 (79.7%)","1,233 (77.5%)","1,555 (76.5%)",,,,,258 (52.5%),,,190 (70.6%),367 (78.3%),,"3,603 (74.2%)"
"    Norepinephrine, n (%)","16,873 (72.6%)","25,801 (61.8%)","11,381 (31.9%)","4,648 (71.5%)","28,404 (73.3%)","13,518 (62.0%)","8,640 (61.7%)","11,410 (70.0%)","9,828 (53.4%)","15,431 (57.7%)","24,312 (50.4%)","29,721 (60.2%)","199,967 (58.7%)",,,,,,,,,,,345 (23.8%),,345 (23.8%),,,,,,,,,,381 (36.4%),627 (26.3%),,"1,008 (29.4%)",,,,,,,,,,671 (39.9%),762 (29.6%),,"1,433 (33.7%)",,,,,,,,,,737 (43.6%),971 (33.3%),,"1,708 (37.1%)",,,,,,,,<10,,803 (45.4%),"1,171 (36.4%)",,"1,974 (39.6%)",,,,,,"1,238 (49.9%)",,74 (71.8%),,871 (49.4%),"1,394 (39.3%)",,"3,577 (45.3%)",,979 (42.4%),,,,"1,228 (51.7%)",,997 (56.2%),,960 (53.8%),"1,694 (47.3%)",967 (34.0%),"6,825 (46.5%)",,"2,202 (48.2%)",,,"2,140 (63.0%)","1,362 (53.1%)",804 (43.5%),"1,081 (62.3%)",851 (40.6%),"1,030 (54.1%)","1,713 (47.6%)","2,229 (38.1%)","13,412 (48.7%)",,"2,354 (52.7%)",,,"2,455 (63.2%)","1,472 (56.6%)",993 (53.7%),"1,087 (61.1%)","1,074 (47.3%)","1,137 (57.8%)","1,639 (45.2%)","2,368 (40.2%)","14,579 (51.5%)",,"2,997 (62.5%)",,,"3,172 (70.0%)","1,511 (62.7%)","1,216 (65.5%)","1,149 (68.7%)","1,290 (51.2%)","1,208 (61.1%)","2,021 (55.5%)","3,163 (55.8%)","17,727 (61.0%)",,"3,054 (63.1%)",,,"3,417 (73.3%)","1,642 (68.8%)",972 (62.8%),"1,313 (71.5%)","1,516 (54.6%)","1,468 (68.2%)","2,196 (62.1%)","3,724 (65.7%)","19,302 (65.6%)","1,074 (71.7%)","2,983 (65.2%)",,,"3,578 (74.6%)","1,578 (69.7%)","1,022 (68.0%)","1,404 (75.0%)","1,620 (56.5%)","1,422 (68.2%)","2,064 (62.1%)","4,089 (69.9%)","20,834 (68.0%)","4,365 (72.1%)","3,150 (66.1%)",,"2,352 (70.8%)","4,189 (75.7%)","1,576 (72.3%)",992 (66.0%),"1,470 (75.7%)","1,660 (56.5%)","1,500 (67.7%)","2,282 (66.4%)","4,336 (73.3%)","27,872 (70.0%)","4,654 (68.9%)","3,328 (70.1%)",,"2,296 (72.3%)","4,651 (78.4%)","1,780 (76.1%)","1,124 (67.3%)","1,664 (80.2%)","1,817 (62.0%)","1,481 (68.4%)","2,416 (67.9%)","4,533 (75.8%)","29,744 (72.0%)","5,595 (76.0%)","3,260 (70.3%)",,,"4,802 (79.6%)",131 (63.3%),"1,266 (73.3%)","1,167 (77.2%)",,"1,581 (69.5%)","2,678 (78.2%)","4,312 (76.2%)","24,792 (75.5%)","1,185 (74.5%)","1,494 (73.5%)",,,,,251 (51.1%),,,181 (67.3%),339 (72.3%),,"3,450 (71.1%)"
"      Norepinephrine dose (mcg/kg/min), median [Q1, Q3]","0.05 [0.03, 0.07]","0.06 [0.03, 0.10]","0.07 [0.03, 0.12]","0.04 [0.02, 0.06]","0.05 [0.02, 0.08]","0.02 [0.02, 0.04]","0.06 [0.04, 0.10]","0.06 [0.03, 0.09]","0.08 [0.05, 0.13]","0.05 [0.03, 0.08]","0.05 [0.03, 0.07]","0.05 [0.03, 0.07]","0.1 [0.0, 0.1]",,,,,,,,,,,"0.07 [0.04, 0.10]",,"0.1 [0.0, 0.1]",,,,,,,,,,"0.06 [0.04, 0.08]","0.06 [0.03, 0.10]",,"0.1 [0.0, 0.1]",,,,,,,,,,"0.06 [0.04, 0.09]","0.06 [0.04, 0.10]",,"0.1 [0.0, 0.1]",,,,,,,,,,"0.06 [0.04, 0.08]","0.06 [0.04, 0.10]",,"0.1 [0.0, 0.1]",,,,,,,,"0.04 [0.02, 0.09]",,"0.06 [0.03, 0.08]","0.05 [0.03, 0.08]",,"0.1 [0.0, 0.1]",,,,,,"0.02 [0.01, 0.04]",,"0.06 [0.04, 0.14]",,"0.05 [0.03, 0.08]","0.05 [0.03, 0.08]",,"0.0 [0.0, 0.1]",,"0.08 [0.04, 0.12]",,,,"0.02 [0.01, 0.04]",,"0.06 [0.03, 0.09]",,"0.06 [0.03, 0.08]","0.05 [0.03, 0.07]","0.06 [0.03, 0.09]","0.1 [0.0, 0.1]",,"0.07 [0.04, 0.12]",,,"0.05 [0.03, 0.08]","0.02 [0.01, 0.04]","0.08 [0.05, 0.12]","0.06 [0.03, 0.08]","0.09 [0.05, 0.15]","0.06 [0.03, 0.08]","0.05 [0.03, 0.07]","0.06 [0.03, 0.09]","0.1 [0.0, 0.1]",,"0.08 [0.04, 0.12]",,,"0.05 [0.03, 0.08]","0.02 [0.01, 0.04]","0.06 [0.04, 0.09]","0.06 [0.03, 0.09]","0.08 [0.05, 0.14]","0.05 [0.03, 0.08]","0.05 [0.03, 0.08]","0.06 [0.03, 0.09]","0.1 [0.0, 0.1]",,"0.07 [0.04, 0.11]",,,"0.05 [0.02, 0.08]","0.02 [0.02, 0.04]","0.07 [0.04, 0.12]","0.05 [0.03, 0.08]","0.08 [0.04, 0.13]","0.05 [0.03, 0.08]","0.05 [0.03, 0.08]","0.05 [0.03, 0.08]","0.1 [0.0, 0.1]",,"0.06 [0.03, 0.10]",,,"0.05 [0.03, 0.08]","0.03 [0.02, 0.05]","0.06 [0.04, 0.10]","0.06 [0.03, 0.09]","0.08 [0.05, 0.15]","0.05 [0.03, 0.07]","0.05 [0.03, 0.07]","0.04 [0.03, 0.07]","0.1 [0.0, 0.1]","0.05 [0.03, 0.07]","0.06 [0.03, 0.09]",,,"0.05 [0.03, 0.08]","0.03 [0.02, 0.05]","0.07 [0.04, 0.11]","0.05 [0.03, 0.09]","0.08 [0.05, 0.13]","0.05 [0.03, 0.08]","0.04 [0.03, 0.07]","0.04 [0.02, 0.06]","0.1 [0.0, 0.1]","0.05 [0.03, 0.07]","0.06 [0.03, 0.09]",,"0.04 [0.02, 0.06]","0.05 [0.02, 0.07]","0.03 [0.02, 0.05]","0.07 [0.04, 0.10]","0.06 [0.03, 0.09]","0.08 [0.05, 0.13]","0.05 [0.03, 0.07]","0.04 [0.03, 0.07]","0.04 [0.03, 0.07]","0.0 [0.0, 0.1]","0.05 [0.03, 0.07]","0.05 [0.03, 0.08]",,"0.04 [0.02, 0.06]","0.04 [0.02, 0.07]","0.03 [0.02, 0.06]","0.06 [0.03, 0.08]","0.05 [0.03, 0.09]","0.08 [0.04, 0.12]","0.05 [0.03, 0.07]","0.04 [0.02, 0.06]","0.04 [0.03, 0.07]","0.0 [0.0, 0.1]","0.05 [0.03, 0.07]","0.05 [0.03, 0.08]",,,"0.04 [0.02, 0.07]","0.02 [0.02, 0.06]","0.05 [0.03, 0.08]","0.05 [0.03, 0.08]",,"0.05 [0.03, 0.08]","0.04 [0.02, 0.06]","0.04 [0.03, 0.07]","0.0 [0.0, 0.1]","0.05 [0.03, 0.08]","0.04 [0.02, 0.08]",,,,,"0.06 [0.03, 0.09]",,,"0.04 [0.03, 0.06]","0.04 [0.02, 0.05]",,"0.0 [0.0, 0.1]"
"    Epinephrine, n (%)","8,302 (35.7%)","9,549 (22.9%)","3,661 (10.2%)","1,486 (22.9%)","9,317 (24.0%)","4,678 (21.5%)","2,548 (18.2%)","1,591 (9.8%)","4,038 (21.9%)","5,257 (19.7%)","15,372 (31.8%)","20,017 (40.6%)","85,816 (25.2%)",,,,,,,,,,,238 (16.4%),,238 (16.4%),,,,,,,,,,130 (12.4%),424 (17.8%),,554 (16.1%),,,,,,,,,,248 (14.8%),537 (20.9%),,785 (18.5%),,,,,,,,,,224 (13.3%),619 (21.3%),,843 (18.4%),,,,,,,,<10,,254 (14.4%),690 (21.4%),,944 (18.9%),,,,,,475 (19.2%),,12 (11.7%),,272 (15.4%),834 (23.5%),,"1,593 (20.2%)",,462 (20.0%),,,,452 (19.0%),,171 (9.6%),,322 (18.1%),"1,022 (28.5%)","1,322 (46.5%)","3,751 (25.6%)",,988 (21.6%),,,756 (22.2%),468 (18.2%),355 (19.2%),188 (10.8%),526 (25.1%),370 (19.4%),"1,232 (34.3%)","2,694 (46.0%)","7,577 (27.5%)",,879 (19.7%),,,808 (20.8%),448 (17.2%),372 (20.1%),182 (10.2%),512 (22.5%),407 (20.7%),"1,207 (33.3%)","2,649 (44.9%)","7,464 (26.3%)",,846 (17.6%),,,842 (18.6%),556 (23.1%),448 (24.1%),160 (9.6%),522 (20.7%),412 (20.9%),"1,125 (30.9%)","2,497 (44.0%)","7,408 (25.5%)",,"1,040 (21.5%)",,,"1,000 (21.5%)",547 (22.9%),303 (19.6%),166 (9.0%),658 (23.7%),511 (23.7%),"1,218 (34.4%)","2,750 (48.5%)","8,193 (27.9%)",494 (33.0%),"1,039 (22.7%)",,,"1,137 (23.7%)",527 (23.3%),318 (21.2%),164 (8.8%),658 (22.9%),513 (24.6%),"1,391 (41.8%)","2,839 (48.6%)","9,080 (29.6%)","2,136 (35.3%)","1,210 (25.4%)",,766 (23.1%),"1,375 (24.8%)",538 (24.7%),225 (15.0%),188 (9.7%),579 (19.7%),506 (22.8%),"1,511 (43.9%)","2,848 (48.2%)","11,882 (29.9%)","2,286 (33.9%)","1,293 (27.2%)",,720 (22.7%),"1,667 (28.1%)",621 (26.5%),268 (16.0%),210 (10.1%),583 (19.9%),524 (24.2%),"1,511 (42.5%)","2,376 (39.7%)","12,059 (29.2%)","2,796 (38.0%)","1,280 (27.6%)",,,"1,732 (28.7%)",46 (22.2%),219 (12.7%),148 (9.8%),,500 (22.0%),"1,591 (46.4%)",42 (0.7%),"8,354 (25.2%)",590 (37.1%),512 (25.2%),,,,,40 (8.1%),,,64 (23.8%),222 (47.3%),,"1,428 (29.4%)"
"      Epinephrine dose (mcg/kg/min), median [Q1, Q3]","0.04 [0.03, 0.05]","0.03 [0.02, 0.05]","0.02 [0.01, 0.03]","0.03 [0.02, 0.03]","0.03 [0.02, 0.04]","0.02 [0.02, 0.03]","0.05 [0.02, 0.08]","0.08 [0.05, 0.11]","0.10 [0.05, 0.17]","0.04 [0.03, 0.05]","0.03 [0.02, 0.04]","0.03 [0.02, 0.04]","0.0 [0.0, 0.2]",,,,,,,,,,,"0.03 [0.02, 0.04]",,"0.0 [0.0, 0.0]",,,,,,,,,,"0.05 [0.04, 0.06]","0.02 [0.01, 0.03]",,"0.0 [0.0, 0.1]",,,,,,,,,,"0.05 [0.04, 0.07]","0.02 [0.01, 0.03]",,"0.0 [0.0, 0.1]",,,,,,,,,,"0.05 [0.04, 0.07]","0.03 [0.02, 0.04]",,"0.0 [0.0, 0.1]",,,,,,,,"0.03 [0.02, 0.06]",,"0.05 [0.04, 0.08]","0.03 [0.02, 0.04]",,"0.0 [0.0, 0.1]",,,,,,"0.02 [0.01, 0.03]",,"0.06 [0.04, 0.08]",,"0.05 [0.03, 0.08]","0.03 [0.02, 0.04]",,"0.0 [0.0, 0.1]",,"0.03 [0.02, 0.04]",,,,"0.02 [0.02, 0.03]",,"0.08 [0.06, 0.11]",,"0.05 [0.04, 0.08]","0.03 [0.02, 0.04]","0.03 [0.02, 0.03]","0.0 [0.0, 0.1]",,"0.04 [0.02, 0.05]",,,"0.03 [0.02, 0.04]","0.02 [0.01, 0.03]","0.02 [0.02, 0.04]","0.08 [0.05, 0.11]","0.05 [0.03, 0.07]","0.05 [0.04, 0.08]","0.03 [0.02, 0.04]","0.03 [0.02, 0.03]","0.0 [0.0, 0.1]",,"0.04 [0.02, 0.05]",,,"0.03 [0.02, 0.04]","0.02 [0.01, 0.03]","0.04 [0.02, 0.06]","0.10 [0.08, 0.17]","0.10 [0.05, 0.18]","0.04 [0.03, 0.06]","0.03 [0.01, 0.03]","0.03 [0.02, 0.04]","0.0 [0.0, 0.2]",,"0.04 [0.02, 0.05]",,,"0.03 [0.02, 0.04]","0.02 [0.02, 0.04]","0.06 [0.03, 0.10]","0.08 [0.06, 0.12]","0.10 [0.06, 0.20]","0.04 [0.03, 0.06]","0.03 [0.02, 0.04]","0.03 [0.02, 0.04]","0.0 [0.0, 0.2]",,"0.03 [0.02, 0.05]",,,"0.03 [0.02, 0.05]","0.03 [0.02, 0.04]","0.06 [0.03, 0.09]","0.07 [0.05, 0.08]","0.12 [0.06, 0.20]","0.04 [0.03, 0.05]","0.03 [0.02, 0.04]","0.03 [0.02, 0.04]","0.0 [0.0, 0.2]","0.05 [0.03, 0.06]","0.03 [0.02, 0.05]",,,"0.03 [0.02, 0.04]","0.02 [0.01, 0.04]","0.06 [0.03, 0.10]","0.08 [0.06, 0.11]","0.10 [0.05, 0.18]","0.03 [0.02, 0.04]","0.03 [0.02, 0.04]","0.03 [0.02, 0.03]","0.0 [0.0, 0.2]","0.04 [0.03, 0.06]","0.03 [0.02, 0.04]",,"0.03 [0.02, 0.03]","0.03 [0.02, 0.04]","0.03 [0.02, 0.04]","0.07 [0.02, 0.11]","0.08 [0.05, 0.13]","0.11 [0.06, 0.20]","0.03 [0.02, 0.05]","0.03 [0.02, 0.04]","0.03 [0.02, 0.03]","0.0 [0.0, 0.2]","0.04 [0.03, 0.05]","0.03 [0.02, 0.04]",,"0.02 [0.02, 0.03]","0.03 [0.02, 0.04]","0.03 [0.02, 0.04]","0.04 [0.02, 0.08]","0.07 [0.06, 0.10]","0.10 [0.05, 0.18]","0.04 [0.03, 0.05]","0.03 [0.02, 0.04]","0.03 [0.02, 0.04]","0.0 [0.0, 0.2]","0.04 [0.03, 0.05]","0.03 [0.02, 0.04]",,,"0.03 [0.02, 0.04]","0.03 [0.02, 0.04]","0.03 [0.02, 0.06]","0.06 [0.03, 0.07]",,"0.04 [0.03, 0.05]","0.03 [0.02, 0.04]","0.07 [0.06, 0.15]","0.0 [0.0, 0.1]","0.04 [0.03, 0.05]","0.03 [0.02, 0.04]",,,,,"0.02 [0.01, 0.02]",,,"0.04 [0.02, 0.05]","0.03 [0.02, 0.03]",,"0.0 [0.0, 0.1]"
"    Phenylephrine, n (%)","2,276 (9.8%)","2,415 (5.8%)","15,106 (42.3%)",22 (0.3%),"11,286 (29.1%)","5,994 (27.5%)","2,277 (16.3%)",437 (2.7%),"6,775 (36.8%)","3,506 (13.1%)","12,809 (26.5%)","18,251 (37.0%)","81,154 (23.8%)",,,,,,,,,,,264 (18.2%),,264 (18.2%),,,,,,,,,,270 (25.8%),510 (21.4%),,780 (22.7%),,,,,,,,,,447 (26.6%),658 (25.6%),,"1,105 (26.0%)",,,,,,,,,,414 (24.5%),752 (25.8%),,"1,166 (25.3%)",,,,,,,,,,346 (19.5%),882 (27.4%),,"1,228 (24.6%)",,,,,,567 (22.9%),,10 (9.7%),,295 (16.7%),"1,055 (29.8%)",,"1,927 (24.4%)",,205 (8.9%),,,,528 (22.2%),,45 (2.5%),,299 (16.8%),900 (25.1%),"1,446 (50.9%)","3,423 (23.3%)",,431 (9.4%),,,764 (22.5%),639 (24.9%),388 (21.0%),40 (2.3%),464 (22.2%),288 (15.1%),920 (25.6%),"2,707 (46.2%)","6,641 (24.1%)",,367 (8.2%),,,"1,026 (26.4%)",686 (26.4%),290 (15.7%),58 (3.3%),645 (28.4%),287 (14.6%),"1,094 (30.2%)","2,780 (47.1%)","7,233 (25.5%)",,319 (6.6%),,,"1,173 (25.9%)",737 (30.6%),330 (17.8%),35 (2.1%),801 (31.8%),232 (11.7%),984 (27.0%),"2,308 (40.7%)","6,919 (23.8%)",,254 (5.2%),,,"1,407 (30.2%)",692 (29.0%),221 (14.3%),39 (2.1%),"1,102 (39.7%)",176 (8.2%),"1,049 (29.6%)","2,147 (37.9%)","7,087 (24.1%)",103 (6.9%),180 (3.9%),,,"1,459 (30.4%)",773 (34.2%),281 (18.7%),45 (2.4%),"1,193 (41.6%)",134 (6.4%),"1,033 (31.1%)","1,851 (31.7%)","7,052 (23.0%)",380 (6.3%),173 (3.6%),,12 (0.4%),"1,733 (31.3%)",690 (31.7%),232 (15.4%),66 (3.4%),"1,271 (43.2%)",96 (4.3%),984 (28.6%),"1,764 (29.8%)","7,401 (18.7%)",350 (5.2%),215 (4.5%),,10 (0.3%),"1,848 (31.2%)",617 (26.4%),244 (14.6%),56 (2.7%),"1,299 (44.3%)",103 (4.8%),910 (25.6%),"1,705 (28.5%)","7,357 (17.7%)","1,182 (16.0%)",205 (4.4%),,,"1,876 (31.1%)",65 (31.4%),229 (13.3%),43 (2.8%),,107 (4.7%),730 (21.3%),"1,543 (27.3%)","5,980 (18.2%)",261 (16.4%),66 (3.2%),,,,,62 (12.6%),,,12 (4.5%),84 (17.9%),,485 (9.9%)
"      Phenylephrine dose (mcg/kg/min), median [Q1, Q3]","0.55 [0.45, 0.80]","0.55 [0.32, 0.80]","0.50 [0.25, 0.80]","0.72 [0.53, 1.05]","0.59 [0.32, 0.90]","0.07 [0.04, 0.10]","0.59 [0.35, 0.93]","0.92 [0.57, 1.15]","0.56 [0.44, 1.00]","0.50 [0.33, 0.69]","0.35 [0.20, 0.50]","0.50 [0.27, 0.75]","0.5 [0.0, 1.1]",,,,,,,,,,,"0.50 [0.30, 0.60]",,"0.5 [0.3, 0.6]",,,,,,,,,,"0.59 [0.38, 0.79]","0.46 [0.26, 0.60]",,"0.5 [0.3, 0.8]",,,,,,,,,,"0.55 [0.37, 0.75]","0.40 [0.22, 0.57]",,"0.4 [0.2, 0.8]",,,,,,,,,,"0.47 [0.33, 0.66]","0.40 [0.23, 0.50]",,"0.4 [0.2, 0.7]",,,,,,,,,,"0.47 [0.32, 0.65]","0.35 [0.20, 0.50]",,"0.4 [0.2, 0.7]",,,,,,"0.08 [0.05, 0.11]",,"2.05 [1.47, 3.01]",,"0.46 [0.31, 0.59]","0.30 [0.20, 0.50]",,"0.3 [0.1, 3.0]",,"0.50 [0.28, 0.69]",,,,"0.08 [0.04, 0.11]",,"0.84 [0.60, 1.14]",,"0.49 [0.31, 0.67]","0.35 [0.20, 0.50]","0.45 [0.24, 0.68]","0.4 [0.0, 1.1]",,"0.55 [0.32, 0.79]",,,"0.62 [0.34, 0.96]","0.07 [0.04, 0.10]","0.60 [0.39, 0.95]","0.86 [0.63, 1.01]","1.00 [0.50, 1.75]","0.48 [0.32, 0.67]","0.30 [0.20, 0.50]","0.51 [0.27, 0.76]","0.5 [0.0, 1.8]",,"0.50 [0.30, 0.73]",,,"0.59 [0.34, 0.90]","0.08 [0.04, 0.11]","0.53 [0.35, 0.81]","0.69 [0.35, 0.92]","0.70 [0.50, 1.00]","0.52 [0.33, 0.72]","0.30 [0.20, 0.45]","0.46 [0.25, 0.68]","0.5 [0.0, 1]",,"0.50 [0.30, 0.73]",,,"0.63 [0.35, 0.94]","0.07 [0.03, 0.10]","0.77 [0.42, 1.20]","0.76 [0.31, 1.00]","0.72 [0.50, 1.00]","0.45 [0.29, 0.62]","0.38 [0.20, 0.50]","0.43 [0.23, 0.68]","0.5 [0.0, 1.2]",,"0.58 [0.38, 0.90]",,,"0.60 [0.34, 0.95]","0.07 [0.04, 0.10]","0.61 [0.36, 1.00]","1.10 [1.10, 1.40]","0.60 [0.47, 1.00]","0.46 [0.32, 0.71]","0.33 [0.20, 0.50]","0.42 [0.24, 0.66]","0.5 [0.0, 1.4]","0.53 [0.50, 0.70]","0.60 [0.38, 0.85]",,,"0.62 [0.33, 0.96]","0.06 [0.03, 0.09]","0.65 [0.37, 1.10]","1.89 [1.61, 1.89]","0.50 [0.40, 0.87]","0.55 [0.40, 0.78]","0.30 [0.20, 0.50]","0.45 [0.25, 0.68]","0.5 [0.0, 1.9]","0.55 [0.50, 0.80]","0.67 [0.42, 0.93]",,"1.23 [0.39, 1.43]","0.55 [0.30, 0.87]","0.06 [0.03, 0.09]","0.53 [0.32, 0.80]","0.66 [0.40, 0.93]","0.50 [0.35, 0.80]","0.56 [0.39, 0.77]","0.30 [0.20, 0.50]","0.62 [0.35, 0.92]","0.6 [0.0, 1.4]","0.60 [0.50, 0.80]","0.50 [0.30, 0.78]",,"0.65 [0.55, 0.95]","0.60 [0.33, 0.91]","0.08 [0.04, 0.11]","0.48 [0.29, 0.83]","0.87 [0.58, 0.92]","0.50 [0.38, 0.80]","0.62 [0.41, 0.83]","0.30 [0.20, 0.50]","0.65 [0.35, 0.97]","0.5 [0.0, 1.0]","0.50 [0.40, 0.80]","0.60 [0.30, 0.86]",,,"0.56 [0.30, 0.81]","0.08 [0.04, 0.11]","0.48 [0.29, 0.81]","1.02 [0.09, 1.04]",,"0.66 [0.42, 0.95]","0.40 [0.20, 0.50]","0.66 [0.36, 0.98]","0.6 [0.0, 1.0]","0.70 [0.50, 0.95]","0.75 [0.38, 1.00]",,,,,"0.66 [0.34, 1.03]",,,"0.76 [0.46, 1.08]","0.40 [0.20, 0.50]",,"0.7 [0.2, 1.1]"
"    Vasopressin, n (%)","9,680 (41.6%)","9,646 (23.1%)","4,955 (13.9%)",299 (4.6%),"13,598 (35.1%)","5,509 (25.3%)","3,898 (27.9%)","3,627 (22.3%)","5,783 (31.4%)","4,996 (18.7%)","12,722 (26.3%)","15,066 (30.5%)","89,779 (26.3%)",,,,,,,,,,,267 (18.4%),,267 (18.4%),,,,,,,,,,118 (11.3%),385 (16.1%),,503 (14.6%),,,,,,,,,,227 (13.5%),452 (17.6%),,679 (16.0%),,,,,,,,,,243 (14.4%),493 (16.9%),,736 (16.0%),,,,,,,,<10,,253 (14.3%),543 (16.9%),,796 (16.0%),,,,,,407 (16.4%),,35 (34.0%),,256 (14.5%),693 (19.5%),,"1,391 (17.6%)",,364 (15.8%),,,,457 (19.2%),,387 (21.8%),,323 (18.1%),885 (24.7%),780 (27.5%),"3,196 (21.8%)",,883 (19.3%),,,924 (27.2%),478 (18.6%),316 (17.1%),423 (24.4%),514 (24.5%),358 (18.8%),907 (25.2%),"1,666 (28.4%)","6,469 (23.4%)",,933 (20.9%),,,"1,093 (28.1%)",529 (20.3%),398 (21.5%),401 (22.6%),651 (28.7%),385 (19.6%),877 (24.2%),"1,701 (28.8%)","6,968 (24.6%)",,"1,119 (23.3%)",,,"1,545 (34.1%)",631 (26.2%),590 (31.8%),356 (21.3%),793 (31.5%),138 (7.0%),"1,018 (28.0%)","1,750 (30.9%)","7,940 (27.3%)",,"1,122 (23.2%)",,,"1,764 (37.9%)",729 (30.5%),456 (29.5%),354 (19.3%),922 (33.2%),172 (8.0%),"1,133 (32.0%)","1,756 (31.0%)","8,408 (28.6%)",616 (41.1%),"1,028 (22.5%)",,,"1,809 (37.7%)",677 (29.9%),497 (33.1%),414 (22.1%),944 (32.9%),452 (21.7%),"1,066 (32.1%)","1,777 (30.4%)","9,280 (30.3%)","2,463 (40.7%)","1,119 (23.5%)",,299 (9.0%),"2,030 (36.7%)",735 (33.7%),480 (31.9%),449 (23.1%),954 (32.5%),631 (28.5%),"1,253 (36.4%)","1,824 (30.8%)","12,237 (30.7%)","2,702 (40.0%)","1,228 (25.9%)",,,"2,151 (36.3%)",808 (34.5%),497 (29.7%),460 (22.2%),"1,005 (34.3%)",676 (31.2%),"1,235 (34.7%)","1,954 (32.7%)","12,716 (33.3%)","3,206 (43.5%)","1,285 (27.7%)",,,"2,282 (37.8%)",58 (28.0%),554 (32.1%),346 (22.9%),,692 (30.4%),"1,346 (39.3%)","1,858 (32.9%)","11,627 (35.4%)",693 (43.6%),565 (27.8%),,,,,110 (22.4%),,,72 (26.8%),169 (36.0%),,"1,609 (33.2%)"
"    Dopamine, n (%)",331 (1.4%),"1,569 (3.8%)","1,299 (3.6%)",322 (5.0%),"2,249 (5.8%)",436 (2.0%),147 (1.1%),259 (1.6%),"2,409 (13.1%)","1,215 (4.5%)","3,550 (7.4%)",657 (1.3%),"14,443 (4.2%)",,,,,,,,,,,181 (12.5%),,181 (12.5%),,,,,,,,,,102 (9.7%),281 (11.8%),,383 (11.2%),,,,,,,,,,145 (8.6%),264 (10.3%),,409 (9.6%),,,,,,,,,,155 (9.2%),335 (11.5%),,490 (10.7%),,,,,,,,<10,,170 (9.6%),389 (12.1%),,559 (11.2%),,,,,,102 (4.1%),,<10,,140 (7.9%),376 (10.6%),,618 (7.9%),,164 (7.1%),,,,75 (3.2%),,58 (3.3%),,135 (7.6%),397 (11.1%),65 (2.3%),894 (6.1%),,346 (7.6%),,,188 (5.5%),66 (2.6%),23 (1.2%),58 (3.3%),388 (18.5%),115 (6.0%),285 (7.9%),132 (2.3%),"1,601 (5.8%)",,252 (5.6%),,,223 (5.7%),54 (2.1%),28 (1.5%),53 (3.0%),383 (16.9%),51 (2.6%),247 (6.8%),101 (1.7%),"1,392 (4.9%)",,148 (3.1%),,,278 (6.1%),47 (2.0%),30 (1.6%),23 (1.4%),348 (13.8%),40 (2.0%),237 (6.5%),73 (1.3%),"1,224 (4.2%)",,162 (3.3%),,,400 (8.6%),36 (1.5%),14 (0.9%),14 (0.8%),397 (14.3%),34 (1.6%),185 (5.2%),85 (1.5%),"1,327 (4.5%)",15 (1.0%),111 (2.4%),,,373 (7.8%),21 (0.9%),14 (0.9%),20 (1.1%),355 (12.4%),35 (1.7%),133 (4.0%),62 (1.1%),"1,139 (3.7%)",101 (1.7%),93 (2.0%),,188 (5.7%),297 (5.4%),18 (0.8%),15 (1.0%),13 (0.7%),273 (9.3%),27 (1.2%),91 (2.6%),45 (0.8%),"1,161 (3.0%)",73 (1.1%),100 (2.1%),,134 (4.2%),264 (4.5%),17 (0.7%),<10,<10,265 (9.0%),30 (1.4%),86 (2.4%),50 (0.8%),"1,019 (2.7%)",119 (1.6%),115 (2.5%),,,226 (3.7%),,12 (0.7%),<10,,32 (1.4%),60 (1.8%),44 (0.8%),608 (2.0%),23 (1.4%),78 (3.8%),,,,,<10,,,<10,<10,,
"      Dopamine dose (mcg/kg/min), median [Q1, Q3]","5.00 [3.00, 5.00]","4.00 [2.50, 5.00]","5.00 [2.00, 7.50]","4.00 [3.00, 5.00]","3.00 [2.00, 4.00]","3.00 [2.00, 4.00]","5.00 [2.75, 5.00]","3.00 [2.50, 5.00]","4.00 [2.50, 5.00]","3.00 [3.00, 4.25]","4.00 [2.50, 5.00]","5.00 [3.00, 5.00]","4.1 [2, 7.5]",,,,,,,,,,,"4.99 [2.50, 5.00]",,"5.0 [2.5, 5]",,,,,,,,,,"4.00 [3.00, 5.00]","5.00 [3.00, 5.88]",,"4.8 [3, 5.9]",,,,,,,,,,"3.00 [3.00, 4.50]","4.75 [2.63, 5.00]",,"4.2 [2.6, 5]",,,,,,,,,,"3.00 [2.50, 4.00]","5.00 [2.93, 5.75]",,"4.5 [2.5, 5.8]",,,,,,,,"0.98 [0.70, 1.25]",,"3.50 [3.00, 4.25]","4.00 [2.50, 5.00]",,"3.9 [0.7, 5]",,,,,,"2.50 [1.29, 3.00]",,"7.00 [3.50, 7.50]",,"3.00 [2.75, 4.00]","4.00 [2.50, 5.00]",,"3.5 [1.3, 7.5]",,"4.00 [2.62, 5.00]",,,,"3.00 [1.62, 4.50]",,"3.00 [2.00, 5.00]",,"3.00 [2.75, 4.00]","3.50 [2.47, 5.00]","4.00 [2.75, 5.00]","3.5 [1.6, 5]",,"4.50 [2.62, 5.00]",,,"4.00 [2.50, 5.00]","3.00 [2.38, 4.69]","3.75 [2.25, 4.50]","2.00 [2.00, 3.00]","5.00 [3.00, 5.00]","3.00 [3.00, 4.75]","3.00 [2.50, 5.00]","5.00 [3.75, 6.25]","4.0 [2, 6.2]",,"4.00 [2.50, 5.00]",,,"5.00 [2.98, 5.00]","2.50 [1.00, 3.00]","5.00 [2.50, 5.00]","3.50 [2.25, 5.00]","5.00 [4.00, 7.47]","4.00 [3.00, 5.00]","3.50 [2.12, 5.00]","3.38 [2.00, 4.50]","3.9 [1, 7.5]",,"4.00 [2.50, 5.00]",,,"4.00 [2.13, 5.00]","2.00 [1.44, 2.88]","5.00 [3.75, 5.00]","3.50 [2.50, 4.38]","4.00 [2.50, 5.00]","3.00 [3.00, 3.00]","4.00 [2.50, 5.00]","5.00 [3.00, 5.00]","4.1 [1.4, 5]",,"4.00 [2.50, 5.00]",,,"2.26 [1.50, 3.00]","3.00 [2.00, 4.00]","5.00 [3.38, 5.12]","9.00 [5.00, 11.00]","4.99 [2.50, 5.00]","4.00 [3.00, 5.00]","4.00 [2.12, 5.00]","5.00 [3.69, 5.50]","4.3 [1.5, 11]","5.00 [3.75, 5.00]","3.00 [2.00, 3.75]",,,"2.00 [0.50, 2.00]","5.00 [3.00, 5.00]","5.00 [3.75, 5.00]","5.00 [4.00, 5.00]","3.00 [2.50, 5.00]","3.50 [3.00, 4.38]","3.00 [2.00, 4.25]","5.00 [3.19, 5.00]","3.7 [0.5, 5]","5.00 [3.75, 5.00]","3.00 [2.00, 4.00]",,"5.00 [3.00, 5.00]","2.00 [1.50, 3.00]","4.50 [4.00, 5.00]","5.00 [3.75, 5.00]","5.00 [2.50, 5.00]","3.00 [2.50, 5.00]","3.00 [3.00, 3.25]","3.00 [2.25, 4.75]","4.50 [2.62, 6.00]","3.8 [1.5, 6]","5.00 [5.00, 5.00]","3.75 [2.50, 5.00]",,"3.00 [3.00, 5.00]","3.00 [2.00, 4.00]","3.25 [2.25, 3.62]","2.50 [1.25, 3.75]","2.50 [2.00, 2.50]","3.00 [2.50, 3.00]","4.00 [3.00, 5.00]","4.00 [2.50, 5.00]","5.00 [3.00, 5.00]","3.9 [1.2, 5]","5.00 [3.00, 5.00]","4.50 [2.50, 5.00]",,,"2.75 [2.00, 3.75]",,"5.00 [1.25, 5.00]","2.50 [1.50, 2.50]",,"3.00 [3.00, 3.00]","5.00 [3.00, 5.75]","4.50 [2.50, 5.00]","4.3 [1.2, 5.8]","3.00 [2.25, 3.00]","4.00 [2.50, 5.00]",,,,,"5.00 [5.00, 5.00]",,,"2.25 [1.50, 3.00]","6.00 [3.00, 7.50]",,"4.0 [1.5, 7.5]"
"  Sedatives and analgesics, n (%)",,,,,,,,,,,,,,,,,,,,,,,,,,,,,,,,,,,,,,,,,,,,,,,,,,,,,,,,,,,,,,,,,,,,,,,,,,,,,,,,,,,,,,,,,,,,,,,,,,,,,,,,,,,,,,,,,,,,,,,,,,,,,,,,,,,,,,,,,,,,,,,,,,,,,,,,,,,,,,,,,,,,,,,,,,,,,,,,,,,,,,,,,,,,,,,,,,,,,,,,,,,,,,,,,,,,,,,,,,,,,
    Propofol,"9,108 (39.2%)","28,335 (67.9%)","26,991 (75.5%)","5,926 (91.2%)","33,473 (86.4%)","18,841 (86.4%)","8,785 (62.8%)","10,426 (64.0%)","16,026 (87.1%)","21,853 (81.7%)","34,571 (71.6%)","40,249 (81.6%)","254,584 (74.7%)",,,,,,,,,,,935 (64.4%),,935 (64.4%),,,,,,,,,,923 (88.2%),"1,509 (63.3%)",,"2,432 (70.9%)",,,,,,,,,,"1,449 (86.2%)","1,601 (62.2%)",,"3,050 (71.7%)",,,,,,,,,,"1,468 (86.9%)","1,873 (64.3%)",,"3,341 (72.6%)",,,,,,,,<10,,"1,502 (84.9%)","2,180 (67.7%)",,"3,682 (73.8%)",,,,,,"1,970 (79.4%)",,56 (54.4%),,"1,492 (84.6%)","2,432 (68.6%)",,"5,950 (75.4%)",,"1,398 (60.5%)",,,,"1,844 (77.6%)",,822 (46.3%),,"1,537 (86.2%)","2,484 (69.3%)","2,164 (76.2%)","10,249 (69.9%)",,"2,592 (56.7%)",,,"2,831 (83.3%)","2,133 (83.2%)","1,016 (55.0%)",926 (53.4%),"1,745 (83.3%)","1,558 (81.9%)","2,534 (70.4%)","4,450 (76.0%)","19,785 (71.8%)",,"2,522 (56.4%)",,,"3,308 (85.2%)","2,304 (88.6%)","1,066 (57.7%)",970 (54.6%),"1,850 (81.4%)","1,539 (78.2%)","2,537 (70.0%)","4,506 (76.4%)","20,602 (72.7%)",,"2,895 (60.4%)",,,"3,855 (85.1%)","2,130 (88.4%)","1,245 (67.0%)","1,103 (65.9%)","2,121 (84.1%)","1,563 (79.1%)","2,719 (74.7%)","4,600 (81.1%)","22,231 (76.5%)",,"3,080 (63.6%)",,,"3,947 (84.7%)","2,120 (88.8%)",984 (63.6%),"1,324 (72.1%)","2,436 (87.8%)","1,773 (82.4%)","2,725 (77.0%)","4,745 (83.7%)","23,134 (78.7%)",561 (37.5%),"3,223 (70.5%)",,,"4,115 (85.7%)","2,019 (89.2%)","1,034 (68.8%)","1,298 (69.4%)","2,539 (88.5%)","1,660 (79.7%)","2,516 (75.7%)","4,824 (82.5%)","23,789 (77.7%)","2,307 (38.1%)","3,608 (75.8%)",,"3,038 (91.5%)","4,785 (86.5%)","1,981 (90.9%)","1,001 (66.6%)","1,366 (70.3%)","2,640 (89.8%)","1,747 (78.8%)","2,663 (77.4%)","4,983 (84.3%)","30,119 (75.7%)","2,507 (37.1%)","3,675 (77.4%)",,"2,888 (90.9%)","5,252 (88.6%)","2,155 (92.1%)","1,100 (65.8%)","1,488 (71.7%)","2,695 (91.9%)","1,699 (78.5%)","2,760 (77.6%)","5,108 (85.4%)","31,327 (75.8%)","3,071 (41.7%)","3,683 (79.5%)",,,"5,380 (89.2%)",185 (89.4%),"1,138 (65.9%)","1,071 (70.9%)",,"1,757 (77.2%)","2,737 (79.9%)","4,869 (86.1%)","23,891 (72.8%)",662 (41.6%),"1,659 (81.6%)",,,,,201 (40.9%),,,186 (69.1%),366 (78.0%),,"3,074 (63.3%)"
    Midazolam,"2,562 (11.0%)","8,724 (20.9%)","7,468 (20.9%)",381 (5.9%),"3,018 (7.8%)","1,341 (6.1%)",910 (6.5%),"4,014 (24.6%)","1,002 (5.4%)","3,421 (12.8%)","12,678 (26.3%)","7,236 (14.7%)","52,755 (15.5%)",,,,,,,,,,,431 (29.7%),,431 (29.7%),,,,,,,,,,139 (13.3%),580 (24.3%),,719 (21.0%),,,,,,,,,,214 (12.7%),736 (28.6%),,950 (22.3%),,,,,,,,,,204 (12.1%),778 (26.7%),,982 (21.3%),,,,,,,,<10,,223 (12.6%),786 (24.4%),,"1,009 (20.2%)",,,,,,120 (4.8%),,39 (37.9%),,217 (12.3%),910 (25.7%),,"1,286 (16.3%)",,406 (17.6%),,,,113 (4.8%),,450 (25.4%),,206 (11.6%),928 (25.9%),214 (7.5%),"2,317 (15.8%)",,825 (18.0%),,,80 (2.4%),136 (5.3%),107 (5.8%),455 (26.2%),163 (7.8%),233 (12.2%),746 (20.7%),531 (9.1%),"3,276 (11.9%)",,883 (19.8%),,,96 (2.5%),128 (4.9%),96 (5.2%),471 (26.5%),137 (6.0%),239 (12.2%),747 (20.6%),808 (13.7%),"3,605 (12.7%)",,"1,388 (28.9%)",,,677 (14.9%),133 (5.5%),239 (12.9%),456 (27.3%),172 (6.8%),302 (15.3%),"1,109 (30.5%)",958 (16.9%),"5,434 (18.7%)",,"1,295 (26.8%)",,,539 (11.6%),258 (10.8%),117 (7.6%),436 (23.7%),173 (6.2%),298 (13.8%),"1,282 (36.2%)","1,121 (19.8%)","5,519 (18.8%)",188 (12.6%),"1,024 (22.4%)",,,455 (9.5%),196 (8.7%),96 (6.4%),452 (24.2%),166 (5.8%),276 (13.2%),940 (28.3%),"1,029 (17.6%)","4,822 (15.8%)",694 (11.5%),909 (19.1%),,207 (6.2%),414 (7.5%),127 (5.8%),91 (6.1%),470 (24.2%),81 (2.8%),253 (11.4%),944 (27.4%),886 (15.0%),"5,076 (12.8%)",680 (10.1%),873 (18.4%),,174 (5.5%),390 (6.6%),121 (5.2%),75 (4.5%),500 (24.1%),110 (3.8%),278 (12.8%),886 (24.9%),886 (14.8%),"4,973 (12.1%)",840 (11.4%),827 (17.8%),,,367 (6.1%),<10,73 (4.2%),284 (18.8%),,309 (13.6%),780 (22.8%),803 (14.2%),"4,283 (13.1%)",160 (10.1%),294 (14.5%),,,,,16 (3.3%),,,30 (11.2%),95 (20.3%),,595 (12.3%)
    Lorazepam,50 (0.2%),451 (1.1%),37 (0.1%),,488 (1.3%),96 (0.4%),75 (0.5%),11 (0.1%),25 (0.1%),45 (0.2%),"2,647 (5.5%)",615 (1.2%),"4,540 (1.3%)",,,,,,,,,,,160 (11.0%),,160 (11.0%),,,,,,,,,,<10,185 (7.8%),,185 (7.8%),,,,,,,,,,<10,190 (7.4%),,190 (7.4%),,,,,,,,,,<10,228 (7.8%),,228 (7.8%),,,,,,,,,,<10,230 (7.1%),,230 (7.1%),,,,,,11 (0.4%),,<10,,<10,212 (6.0%),,223 (3.5%),,34 (1.5%),,,,<10,,<10,,10 (0.6%),238 (6.6%),138 (4.9%),420 (4.1%),,70 (1.5%),,,118 (3.5%),16 (0.6%),19 (1.0%),<10,<10,<10,190 (5.3%),277 (4.7%),690 (3.1%),,63 (1.4%),,,118 (3.0%),22 (0.8%),14 (0.8%),<10,<10,<10,182 (5.0%),103 (1.7%),502 (2.2%),,83 (1.7%),,,120 (2.6%),<10,36 (1.9%),<10,<10,<10,158 (4.3%),52 (0.9%),449 (2.2%),,62 (1.3%),,,76 (1.6%),<10,<10,<10,<10,<10,158 (4.5%),14 (0.2%),,<10,48 (1.0%),,,27 (0.6%),<10,<10,,<10,,136 (4.1%),<10,,29 (0.5%),48 (1.0%),,,16 (0.3%),<10,<10,<10,<10,,102 (3.0%),11 (0.2%),206 (0.8%),<10,22 (0.5%),,,<10,18 (0.8%),,<10,,<10,141 (4.0%),<10,,<10,14 (0.3%),,,<10,<10,,,,,122 (3.6%),<10,,<10,<10,,,,,,,,,15 (3.2%),,
    Dexmedetomidine,"14,345 (61.7%)","20,013 (48.0%)","7,513 (21.0%)","1,918 (29.5%)","21,571 (55.6%)","8,777 (40.3%)","6,738 (48.1%)","3,147 (19.3%)","7,736 (42.0%)","10,983 (41.1%)","22,375 (46.3%)","13,458 (27.3%)","138,574 (40.7%)",,,,,,,,,,,225 (15.5%),,225 (15.5%),,,,,,,,,,254 (24.3%),615 (25.8%),,869 (25.3%),,,,,,,,,,479 (28.5%),802 (31.2%),,"1,281 (30.1%)",,,,,,,,,,448 (26.5%),955 (32.8%),,"1,403 (30.5%)",,,,,,,,<10,,565 (31.9%),"1,281 (39.8%)",,"1,846 (37.0%)",,,,,,490 (19.8%),,<10,,636 (36.1%),"1,489 (42.0%)",,"2,615 (33.6%)",,421 (18.2%),,,,550 (23.2%),,49 (2.8%),,668 (37.5%),"1,620 (45.2%)",387 (13.6%),"3,695 (25.2%)",,"1,466 (32.1%)",,,"1,224 (36.0%)",909 (35.4%),533 (28.9%),74 (4.3%),912 (43.6%),766 (40.3%),"1,757 (48.8%)",935 (16.0%),"8,576 (31.1%)",,"1,873 (41.9%)",,,"1,640 (42.2%)","1,102 (42.4%)",743 (40.2%),97 (5.5%),"1,130 (49.7%)",875 (44.5%),"1,902 (52.5%)","1,020 (17.3%)","10,382 (36.7%)",,"2,293 (47.8%)",,,"2,301 (50.8%)","1,127 (46.8%)",986 (53.1%),186 (11.1%),"1,286 (51.0%)",896 (45.3%),"1,786 (49.1%)","1,258 (22.2%)","12,119 (41.7%)",,"2,420 (50.0%)",,,"2,605 (55.9%)","1,194 (50.0%)",861 (55.6%),386 (21.0%),"1,107 (39.9%)",991 (46.1%),"1,905 (53.8%)","1,505 (26.5%)","12,974 (44.1%)",873 (58.3%),"2,441 (53.4%)",,,"2,877 (59.9%)","1,132 (50.0%)",854 (56.9%),525 (28.1%),"1,071 (37.3%)",958 (46.0%),"1,827 (54.9%)","1,796 (30.7%)","14,354 (46.9%)","3,749 (62.0%)","2,593 (54.4%)",,948 (28.5%),"3,414 (61.7%)","1,090 (50.0%)",887 (59.0%),617 (31.8%),"1,082 (36.8%)","1,071 (48.3%)","1,847 (53.7%)","1,996 (33.8%)","19,294 (48.5%)","4,021 (59.6%)","2,679 (56.5%)",,970 (30.5%),"3,734 (63.0%)","1,118 (47.8%)",871 (52.1%),658 (31.7%),"1,148 (39.2%)","1,088 (50.3%)","2,084 (58.6%)","2,226 (37.2%)","20,597 (49.9%)","4,687 (63.6%)","2,663 (57.5%)",,,"3,776 (62.6%)",65 (31.4%),860 (49.8%),550 (36.4%),,"1,157 (50.9%)","2,036 (59.4%)","2,335 (41.3%)","18,129 (55.2%)","1,015 (63.8%)","1,164 (57.2%)",,,,,143 (29.1%),,,131 (48.7%),244 (52.0%),,"2,697 (55.5%)"
    Fentanyl,"11,976 (51.5%)","19,980 (47.9%)","14,281 (40.0%)","3,174 (48.8%)","20,312 (52.4%)","3,939 (18.1%)","8,547 (61.1%)","6,794 (41.7%)","11,170 (60.7%)","9,053 (33.9%)","21,586 (44.7%)","27,871 (56.5%)","158,683 (46.6%)",,,,,,,,,,,535 (36.9%),,535 (36.9%),,,,,,,,,,397 (37.9%),807 (33.8%),,"1,204 (35.1%)",,,,,,,,,,592 (35.2%),995 (38.7%),,"1,587 (37.3%)",,,,,,,,,,663 (39.2%),"1,066 (36.6%)",,"1,729 (37.6%)",,,,,,,,<10,,631 (35.6%),"1,213 (37.7%)",,"1,844 (37.0%)",,,,,,723 (29.2%),,63 (61.2%),,659 (37.4%),"1,393 (39.3%)",,"2,838 (36.0%)",,"1,067 (46.2%)",,,,638 (26.9%),,765 (43.1%),,627 (35.2%),"1,513 (42.2%)","1,559 (54.9%)","6,169 (42.1%)",,"2,002 (43.8%)",,,"1,340 (39.4%)",618 (24.1%),"1,079 (58.4%)",708 (40.8%),899 (42.9%),662 (34.8%),"1,434 (39.9%)","2,923 (49.9%)","11,665 (42.3%)",,"2,083 (46.6%)",,,"2,000 (51.5%)",588 (22.6%),"1,119 (60.6%)",719 (40.4%),"1,353 (59.6%)",633 (32.2%),"1,469 (40.5%)","3,223 (54.7%)","13,187 (46.5%)",,"2,505 (52.2%)",,,"2,650 (58.5%)",460 (19.1%),"1,220 (65.7%)",680 (40.6%),"1,505 (59.7%)",708 (35.8%),"1,799 (49.4%)","3,384 (59.7%)","14,911 (51.3%)",,"2,475 (51.1%)",,,"2,611 (56.0%)",329 (13.8%),981 (63.4%),741 (40.4%),"1,755 (63.2%)",739 (34.3%),"1,954 (55.2%)","3,389 (59.8%)","14,974 (50.9%)",821 (54.8%),"2,169 (47.4%)",,,"2,603 (54.2%)",228 (10.1%),"1,014 (67.5%)",732 (39.1%),"1,836 (64.0%)",649 (31.1%),"1,752 (52.7%)","3,405 (58.2%)","15,209 (49.6%)","3,268 (54.0%)","2,268 (47.6%)",,"1,656 (49.9%)","2,874 (51.9%)",187 (8.6%),933 (62.0%),867 (44.6%),"1,890 (64.3%)",658 (29.7%),"1,819 (52.9%)","3,346 (56.6%)","19,766 (49.7%)","3,333 (49.4%)","2,287 (48.2%)",,"1,518 (47.8%)","3,019 (50.9%)",153 (6.5%),987 (59.1%),962 (46.4%),"1,932 (65.9%)",680 (31.4%),"1,874 (52.7%)","3,454 (57.7%)","20,199 (48.9%)","3,763 (51.1%)","2,193 (47.3%)",,,"3,215 (53.3%)",15 (7.2%),"1,029 (59.6%)",554 (36.7%),,673 (29.6%),"1,755 (51.2%)","3,188 (56.4%)","16,385 (49.9%)",791 (49.7%),931 (45.8%),,,,,185 (37.7%),,,82 (30.5%),208 (44.3%),,"2,197 (45.3%)"
"  Neuromuscular blocking agents, n (%)",,,,,,,,,,,,,,,,,,,,,,,,,,,,,,,,,,,,,,,,,,,,,,,,,,,,,,,,,,,,,,,,,,,,,,,,,,,,,,,,,,,,,,,,,,,,,,,,,,,,,,,,,,,,,,,,,,,,,,,,,,,,,,,,,,,,,,,,,,,,,,,,,,,,,,,,,,,,,,,,,,,,,,,,,,,,,,,,,,,,,,,,,,,,,,,,,,,,,,,,,,,,,,,,,,,,,,,,,,,,,
    Cisatracurium,555 (2.4%),621 (1.5%),"1,715 (4.8%)",204 (3.1%),"1,380 (3.6%)",654 (3.0%),658 (4.7%),,591 (3.2%),"1,436 (5.4%)","1,757 (3.6%)","3,667 (7.4%)","13,238 (4.1%)",,,,,,,,,,,17 (1.2%),,17 (1.2%),,,,,,,,,,34 (3.2%),42 (1.8%),,76 (2.2%),,,,,,,,,,70 (4.2%),104 (4.0%),,174 (4.1%),,,,,,,,,,88 (5.2%),153 (5.3%),,241 (5.3%),,,,,,,,,,92 (5.2%),155 (4.8%),,247 (4.9%),,,,,,58 (2.3%),,,,93 (5.3%),179 (5.0%),,330 (4.2%),,17 (0.7%),,,,73 (3.1%),,,,92 (5.2%),139 (3.9%),220 (7.7%),541 (4.2%),,45 (1.0%),,,100 (2.9%),70 (2.7%),82 (4.4%),,71 (3.4%),119 (6.3%),123 (3.4%),521 (8.9%),"1,131 (4.4%)",,50 (1.1%),,,125 (3.2%),64 (2.5%),65 (3.5%),,66 (2.9%),116 (5.9%),129 (3.6%),454 (7.7%),"1,069 (4.0%)",,154 (3.2%),,,377 (8.3%),65 (2.7%),230 (12.4%),,102 (4.0%),156 (7.9%),195 (5.4%),571 (10.1%),"1,850 (6.8%)",,113 (2.3%),,,271 (5.8%),141 (5.9%),92 (5.9%),,126 (4.5%),151 (7.0%),209 (5.9%),556 (9.8%),"1,659 (6.0%)",41 (2.7%),49 (1.1%),,,161 (3.4%),82 (3.6%),61 (4.1%),,97 (3.4%),100 (4.8%),97 (2.9%),419 (7.2%),"1,107 (3.9%)",162 (2.7%),45 (0.9%),,108 (3.3%),120 (2.2%),54 (2.5%),38 (2.5%),,54 (1.8%),99 (4.5%),90 (2.6%),338 (5.7%),"1,108 (2.9%)",158 (2.3%),51 (1.1%),,96 (3.0%),124 (2.1%),45 (1.9%),41 (2.5%),,75 (2.6%),105 (4.9%),60 (1.7%),304 (5.1%),"1,059 (2.7%)",160 (2.2%),57 (1.2%),,,102 (1.7%),<10,40 (2.3%),,,113 (5.0%),59 (1.7%),284 (5.0%),815 (2.6%),34 (2.1%),40 (2.0%),,,,,<10,,,<10,<10,,
    Rocuronium,,23 (0.1%),313 (0.9%),,122 (0.3%),542 (2.5%),<10,"1,158 (7.1%)",27 (0.1%),10 (0.0%),157 (0.3%),76 (0.2%),"2,428 (0.8%)",,,,,,,,,,,20 (1.4%),,20 (1.4%),,,,,,,,,,,13 (0.5%),,13 (0.5%),,,,,,,,,,<10,,,,,,,,,,,,,,25 (0.9%),,25 (0.9%),,,,,,,,,,,<10,,,,,,,,10 (0.4%),,<10,,,<10,,,,<10,,,,18 (0.8%),,100 (5.6%),,,<10,,118 (2.9%),,,,,<10,75 (2.9%),<10,134 (7.7%),<10,,<10,,,,<10,,,<10,104 (4.0%),,99 (5.6%),,,14 (0.4%),,217 (2.8%),,<10,,,15 (0.3%),91 (3.8%),<10,122 (7.3%),23 (0.9%),,23 (0.6%),19 (0.3%),293 (1.3%),,<10,,,42 (0.9%),79 (3.3%),,167 (9.1%),,<10,<10,22 (0.4%),310 (2.2%),,<10,,,<10,87 (3.8%),,159 (8.5%),<10,<10,<10,<10,,,<10,,,18 (0.3%),53 (2.4%),<10,136 (7.0%),,<10,11 (0.3%),<10,218 (1.6%),,<10,,,16 (0.3%),25 (1.1%),,143 (6.9%),,<10,<10,<10,,,<10,,,10 (0.2%),,<10,89 (5.9%),,<10,10 (0.3%),10 (0.2%),119 (0.8%),,<10,,,,,,,,,<10,,
