data_type,category,reference_unit,emory__total_number_of_stays,jhu__total_number_of_stays,mimic__total_number_of_stays,nu__total_number_of_stays,ohsu__total_number_of_stays,rush__total_number_of_stays,sunnybrook__total_number_of_stays,ucmc__total_number_of_stays,umn__total_number_of_stays,upenn__total_number_of_stays,all__total_number_of_stays,emory__total_observations,jhu__total_observations,mimic__total_observations,nu__total_observations,ohsu__total_observations,rush__total_observations,sunnybrook__total_observations,ucmc__total_observations,umn__total_observations,upenn__total_observations,all__total_observations,emory__total_distinct_observations,jhu__total_distinct_observations,mimic__total_distinct_observations,nu__total_distinct_observations,ohsu__total_distinct_observations,rush__total_distinct_observations,sunnybrook__total_distinct_observations,ucmc__total_distinct_observations,umn__total_distinct_observations,upenn__total_distinct_observations,all__total_distinct_observations,emory__mean_icu_los_days,jhu__mean_icu_los_days,mimic__mean_icu_los_days,nu__mean_icu_los_days,ohsu__mean_icu_los_days,rush__mean_icu_los_days,sunnybrook__mean_icu_los_days,ucmc__mean_icu_los_days,umn__mean_icu_los_days,upenn__mean_icu_los_days,all__mean_icu_los_days,emory__mean_icu_los_hours,jhu__mean_icu_los_hours,mimic__mean_icu_los_hours,nu__mean_icu_los_hours,ohsu__mean_icu_los_hours,rush__mean_icu_los_hours,sunnybrook__mean_icu_los_hours,ucmc__mean_icu_los_hours,umn__mean_icu_los_hours,upenn__mean_icu_los_hours,all__mean_icu_los_hours,emory__whole_stay_mean,jhu__whole_stay_mean,mimic__whole_stay_mean,nu__whole_stay_mean,ohsu__whole_stay_mean,rush__whole_stay_mean,sunnybrook__whole_stay_mean,ucmc__whole_stay_mean,umn__whole_stay_mean,upenn__whole_stay_mean,all__whole_stay_mean,emory__whole_stay_median,jhu__whole_stay_median,mimic__whole_stay_median,nu__whole_stay_median,ohsu__whole_stay_median,rush__whole_stay_median,sunnybrook__whole_stay_median,ucmc__whole_stay_median,umn__whole_stay_median,upenn__whole_stay_median,all__whole_stay_median,emory__whole_stay_iqr,jhu__whole_stay_iqr,mimic__whole_stay_iqr,nu__whole_stay_iqr,ohsu__whole_stay_iqr,rush__whole_stay_iqr,sunnybrook__whole_stay_iqr,ucmc__whole_stay_iqr,umn__whole_stay_iqr,upenn__whole_stay_iqr,all__whole_stay_iqr,emory__first_24hr_mean,jhu__first_24hr_mean,mimic__first_24hr_mean,nu__first_24hr_mean,ohsu__first_24hr_mean,rush__first_24hr_mean,sunnybrook__first_24hr_mean,ucmc__first_24hr_mean,umn__first_24hr_mean,upenn__first_24hr_mean,all__first_24hr_mean,emory__first_24hr_median,jhu__first_24hr_median,mimic__first_24hr_median,nu__first_24hr_median,ohsu__first_24hr_median,rush__first_24hr_median,sunnybrook__first_24hr_median,ucmc__first_24hr_median,umn__first_24hr_median,upenn__first_24hr_median,all__first_24hr_median,emory__first_24hr_iqr,jhu__first_24hr_iqr,mimic__first_24hr_iqr,nu__first_24hr_iqr,ohsu__first_24hr_iqr,rush__first_24hr_iqr,sunnybrook__first_24hr_iqr,ucmc__first_24hr_iqr,umn__first_24hr_iqr,upenn__first_24hr_iqr,all__first_24hr_iqr,emory__first_48hr_mean,jhu__first_48hr_mean,mimic__first_48hr_mean,nu__first_48hr_mean,ohsu__first_48hr_mean,rush__first_48hr_mean,sunnybrook__first_48hr_mean,ucmc__first_48hr_mean,umn__first_48hr_mean,upenn__first_48hr_mean,all__first_48hr_mean,emory__first_48hr_median,jhu__first_48hr_median,mimic__first_48hr_median,nu__first_48hr_median,ohsu__first_48hr_median,rush__first_48hr_median,sunnybrook__first_48hr_median,ucmc__first_48hr_median,umn__first_48hr_median,upenn__first_48hr_median,all__first_48hr_median,emory__first_48hr_iqr,jhu__first_48hr_iqr,mimic__first_48hr_iqr,nu__first_48hr_iqr,ohsu__first_48hr_iqr,rush__first_48hr_iqr,sunnybrook__first_48hr_iqr,ucmc__first_48hr_iqr,umn__first_48hr_iqr,upenn__first_48hr_iqr,all__first_48hr_iqr,emory__first_72hr_mean,jhu__first_72hr_mean,mimic__first_72hr_mean,nu__first_72hr_mean,ohsu__first_72hr_mean,rush__first_72hr_mean,sunnybrook__first_72hr_mean,ucmc__first_72hr_mean,umn__first_72hr_mean,upenn__first_72hr_mean,all__first_72hr_mean,emory__first_72hr_median,jhu__first_72hr_median,mimic__first_72hr_median,nu__first_72hr_median,ohsu__first_72hr_median,rush__first_72hr_median,sunnybrook__first_72hr_median,ucmc__first_72hr_median,umn__first_72hr_median,upenn__first_72hr_median,all__first_72hr_median,emory__first_72hr_iqr,jhu__first_72hr_iqr,mimic__first_72hr_iqr,nu__first_72hr_iqr,ohsu__first_72hr_iqr,rush__first_72hr_iqr,sunnybrook__first_72hr_iqr,ucmc__first_72hr_iqr,umn__first_72hr_iqr,upenn__first_72hr_iqr,all__first_72hr_iqr
labs,wbc,10^3/µl,29244.0,,,57516.0,27568.0,14490.0,,,,,128818,422502.0,,,811828.0,360206.0,220784.0,,,,,1815320,422502.0,,,811828.0,360206.0,220784.0,,,,,1815320,12.35,,,10.63,11.6,11.47,,,,,11.322545,296.48,,,255.18,278.51,275.26,,,,,271.807318,14.45,,,14.11,13.07,15.24,,,,,14.091726,9.0,,,8.0,8.0,10.0,,,,,8.451987,12.0,,,11.0,11.0,12.0,,,,,12.0,1.99,,,2.14,2.28,2.29,,,,,2.152781,2.0,,,2.0,2.0,2.0,,,,,2.0,1.0,,,2.0,2.0,2.0,,,,,2.0,3.29,,,3.44,3.63,3.71,,,,,3.476979,3.0,,,3.0,3.0,3.0,,,,,3.0,2.0,,,2.0,2.0,2.0,,,,,2.0,4.4,,,4.55,4.73,4.88,,,,,4.591588,4.0,,,4.0,4.0,4.0,,,,,4.0,2.0,,,2.0,3.0,3.0,,,,,3.0
labs,monocytes_absolute,10^3/µl,8971.0,,6893.0,35901.0,12119.0,11220.0,,,,,75104,40602.0,,24402.0,286469.0,78796.0,99505.0,,,,,529774,40602.0,,24402.0,286469.0,78796.0,99505.0,,,,,529774,19.04,,16.86,12.89,15.83,12.77,,,,,14.445447,456.97,,404.62,309.45,379.85,306.53,,,,,346.729292,4.53,,3.54,7.98,6.5,8.87,,,,,7.054547,1.0,,2.0,4.0,3.0,6.0,,,,,3.595521,3.0,,3.0,8.0,7.0,9.0,,,,,9.0,0.62,,0.64,0.98,1.03,1.28,,,,,0.95868,1.0,,1.0,1.0,1.0,1.0,,,,,1.0,1.0,,1.0,1.0,1.0,1.0,,,,,1.0,0.9,,0.88,1.63,1.62,2.05,,,,,1.5351,1.0,,1.0,2.0,1.0,2.0,,,,,1.62741,1.0,,1.0,1.0,2.0,2.0,,,,,2.0,1.14,,1.08,2.2,2.09,2.72,,,,,2.030527,1.0,,1.0,2.0,1.0,3.0,,,,,1.776803,1.0,,2.0,2.0,2.0,3.0,,,,,3.0
labs,ast,u/l,23410.0,39748.0,16694.0,41728.0,15109.0,12649.0,3225.0,14303.0,40327.0,44222.0,251415,227660.0,567957.0,115925.0,360684.0,93497.0,144120.0,11402.0,133098.0,297447.0,462560.0,2414350,227660.0,567957.0,115925.0,360684.0,93497.0,144120.0,11402.0,133098.0,297447.0,462560.0,2414350,13.91,14.7,13.79,12.45,14.87,12.27,38.18,14.34,12.34,15.3,14.088236,333.85,352.75,330.97,298.75,356.85,294.36,916.4,344.14,296.07,367.1,338.063085,9.72,14.29,6.94,8.64,6.19,11.39,3.54,9.31,7.38,10.46,9.602768,5.0,7.0,3.0,3.0,3.0,7.0,2.0,4.0,3.0,5.0,4.415707,9.0,14.0,7.0,9.0,6.0,10.0,3.0,9.0,7.0,9.0,14.0,1.45,1.78,1.1,1.3,1.2,1.75,0.55,1.42,1.38,1.49,1.436662,1.0,1.0,1.0,1.0,1.0,2.0,0.0,1.0,1.0,1.0,1.037484,1.0,1.0,2.0,1.0,2.0,1.0,1.0,1.0,1.0,1.0,2.0,2.28,2.97,1.74,1.99,1.82,2.77,0.86,2.22,2.07,2.32,2.253831,2.0,2.0,1.0,2.0,1.0,3.0,1.0,2.0,2.0,2.0,1.910988,2.0,2.0,1.0,1.0,1.0,1.0,1.0,2.0,2.0,2.0,2.0,2.98,3.94,2.25,2.57,2.29,3.64,1.09,2.89,2.62,3.01,2.925161,3.0,3.0,2.0,2.0,1.0,3.0,1.0,2.0,2.0,3.0,2.404491,3.0,3.0,2.0,2.0,2.0,2.0,2.0,3.0,2.0,3.0,3.0
labs,glucose_fingerstick,mg/dl,1059.0,,,2.0,26402.0,12733.0,8808.0,17414.0,28588.0,49755.0,144761,2345.0,,,5.0,1043876.0,646947.0,438105.0,732731.0,1417598.0,2267202.0,6548809,2345.0,,,5.0,1043876.0,646947.0,438105.0,732731.0,1417598.0,2267202.0,6548809,18.06,,,15.57,11.82,12.27,21.28,13.17,10.5,14.39,13.265916,433.46,,,373.69,283.79,294.56,510.84,316.0,251.9,345.45,318.418098,2.21,,,2.5,39.54,50.81,49.74,42.08,49.59,45.57,45.241118,1.0,,,2.5,18.0,27.0,20.0,23.0,26.0,25.0,23.37602,2.0,,,1.5,43.0,50.0,43.0,45.0,47.0,43.0,50.0,0.98,,,0.0,6.03,6.2,4.98,4.77,7.55,4.96,5.72488,1.0,,,0.0,4.0,4.0,4.0,3.0,6.0,3.0,3.908967,1.0,,,0.0,10.0,6.0,8.0,5.0,8.0,5.0,10.0,1.26,,,0.0,11.17,11.31,8.38,8.13,13.06,9.44,10.352845,1.0,,,0.0,7.0,8.0,7.0,6.0,11.0,7.0,7.713611,2.0,,,0.0,17.0,10.0,12.0,7.0,12.0,9.0,17.0,1.42,,,0.5,15.0,15.25,11.18,10.95,17.36,12.97,13.971165,1.0,,,0.5,10.0,11.0,10.0,9.0,16.0,10.0,11.086598,2.0,,,0.5,20.0,14.0,16.0,10.0,16.0,13.0,20.0
labs,lymphocytes_percent,%,9223.0,,12485.0,35121.0,12703.0,11293.0,15273.0,9439.0,29828.0,40341.0,175706,41377.0,,42062.0,278258.0,82752.0,102025.0,260315.0,45973.0,157679.0,419528.0,1429969,41377.0,,42062.0,278258.0,82752.0,102025.0,260315.0,45973.0,157679.0,419528.0,1429969,19.07,,15.46,13.02,15.93,12.73,20.88,16.06,13.37,15.61,15.203287,457.65,,370.95,312.39,382.21,305.49,501.12,385.54,320.9,374.54,364.828858,4.49,,3.37,7.92,6.51,9.03,17.04,4.87,5.29,10.4,8.137871,1.0,,2.0,3.0,3.0,6.0,11.0,2.0,2.0,5.0,3.947873,3.0,,3.0,8.0,7.0,9.0,14.0,4.0,4.0,10.0,14.0,0.63,,0.67,0.96,1.06,1.31,2.27,0.88,0.9,1.15,1.094806,1.0,,1.0,1.0,1.0,1.0,2.0,1.0,1.0,1.0,1.086924,1.0,,1.0,1.0,1.0,1.0,2.0,1.0,1.0,2.0,2.0,0.9,,0.92,1.59,1.64,2.08,3.67,1.28,1.4,1.93,1.751237,1.0,,1.0,2.0,1.0,2.0,3.0,1.0,1.0,2.0,1.667598,1.0,,1.0,1.0,2.0,2.0,3.0,2.0,1.0,2.0,3.0,1.15,,1.12,2.15,2.11,2.76,4.8,1.62,1.82,2.62,2.314399,1.0,,1.0,2.0,1.0,3.0,4.0,1.0,1.0,2.0,1.818794,1.0,,2.0,2.0,2.0,3.0,3.0,1.0,1.0,3.0,3.0
labs,bilirubin_total,mg/dl,23446.0,40073.0,16707.0,41784.0,15152.0,12652.0,11368.0,14339.0,40429.0,49421.0,265371,230321.0,586093.0,116206.0,361316.0,94166.0,145156.0,75677.0,134454.0,303720.0,482848.0,2529957,230321.0,586093.0,116206.0,361316.0,94166.0,145156.0,75677.0,134454.0,303720.0,482848.0,2529957,13.9,14.6,13.77,12.44,14.86,12.26,24.56,14.32,12.32,14.61,14.115124,333.58,350.45,330.58,298.56,356.54,294.31,589.55,343.59,295.59,350.69,338.76812,9.82,14.63,6.96,8.65,6.21,11.47,6.66,9.38,7.51,9.77,9.53423,5.0,7.0,3.0,3.0,3.0,7.0,3.0,4.0,3.0,5.0,4.397941,10.0,14.0,7.0,9.0,6.0,10.0,7.0,9.0,6.0,9.0,14.0,1.47,1.87,1.1,1.3,1.21,1.77,1.09,1.43,1.43,1.44,1.449678,1.0,2.0,1.0,1.0,1.0,2.0,1.0,1.0,1.0,1.0,1.198684,1.0,1.0,2.0,1.0,2.0,1.0,2.0,1.0,1.0,1.0,2.0,2.31,3.08,1.75,1.99,1.83,2.8,1.63,2.25,2.13,2.23,2.261895,2.0,3.0,1.0,2.0,1.0,3.0,1.0,2.0,2.0,2.0,2.035791,2.0,2.0,1.0,1.0,1.0,1.0,1.0,2.0,2.0,2.0,2.0,3.01,4.08,2.27,2.57,2.3,3.67,2.07,2.92,2.69,2.88,2.928544,3.0,3.0,2.0,2.0,1.0,3.0,2.0,2.0,2.0,3.0,2.416172,3.0,4.0,2.0,2.0,2.0,2.0,2.0,3.0,2.0,3.0,4.0
labs,total_protein,g/dl,23414.0,40057.0,1232.0,41887.0,15448.0,12641.0,754.0,14376.0,40434.0,48105.0,238348,228459.0,585253.0,1617.0,363130.0,95526.0,144181.0,1207.0,134496.0,298992.0,435724.0,2288585,228459.0,585253.0,1617.0,363130.0,95526.0,144181.0,1207.0,134496.0,298992.0,435724.0,2288585,13.93,14.6,24.54,12.43,14.94,12.27,45.1,14.31,12.32,14.8,13.835245,334.21,350.49,588.99,298.42,358.56,294.41,1082.43,343.43,295.75,355.19,332.073561,9.76,14.61,1.31,8.67,6.18,11.41,1.6,9.36,7.39,9.06,9.602071,5.0,7.0,1.0,3.0,3.0,7.0,1.0,4.0,3.0,5.0,4.528161,10.0,14.0,0.0,9.0,6.0,10.0,1.0,9.0,6.0,8.0,14.0,1.46,1.87,0.23,1.3,1.19,1.75,0.21,1.43,1.41,1.34,1.453845,1.0,2.0,0.0,1.0,1.0,2.0,0.0,1.0,1.0,1.0,1.212765,1.0,1.0,0.0,1.0,2.0,1.0,0.0,1.0,1.0,1.0,2.0,2.29,3.08,0.36,2.0,1.81,2.77,0.42,2.25,2.1,2.08,2.273231,2.0,3.0,0.0,2.0,1.0,3.0,0.0,2.0,2.0,2.0,2.139619,2.0,2.0,1.0,2.0,1.0,1.0,1.0,2.0,2.0,2.0,2.0,2.99,4.08,0.45,2.58,2.27,3.64,0.58,2.91,2.65,2.7,2.947155,3.0,3.0,0.0,2.0,1.0,3.0,0.0,2.0,2.0,3.0,2.439681,3.0,4.0,1.0,2.0,2.0,2.0,1.0,3.0,2.0,3.0,4.0
labs,crp,mg/l,2949.0,365.0,1969.0,6484.0,2772.0,1600.0,2941.0,3633.0,11613.0,7555.0,41881,5459.0,733.0,5524.0,24694.0,6686.0,5699.0,13249.0,13121.0,43993.0,16404.0,135562,5459.0,733.0,5524.0,24694.0,6686.0,5699.0,13249.0,13121.0,43993.0,16404.0,135562,23.18,17.77,22.53,21.03,26.18,21.07,43.8,23.19,19.55,27.36,24.083736,556.29,426.56,540.79,504.8,628.42,505.75,1051.19,556.5,469.21,656.69,578.0391,1.85,2.01,2.81,3.81,2.41,3.56,4.5,3.61,3.79,2.17,3.23679,1.0,1.0,1.0,1.0,1.0,1.0,2.0,1.0,2.0,1.0,1.347508,1.0,1.0,1.0,2.0,1.0,2.0,4.0,2.0,3.0,1.0,4.0,0.35,0.48,0.37,0.51,0.24,0.51,0.25,0.34,0.49,0.19,0.377744,0.0,0.0,0.0,0.0,0.0,0.0,0.0,0.0,0.0,0.0,0.0,1.0,1.0,1.0,1.0,0.0,1.0,0.0,1.0,1.0,0.0,1.0,0.5,0.69,0.59,0.77,0.33,0.78,0.46,0.52,0.79,0.3,0.590394,0.0,1.0,0.0,1.0,0.0,1.0,0.0,0.0,1.0,0.0,0.479024,1.0,1.0,1.0,1.0,1.0,1.0,1.0,1.0,1.0,1.0,1.0,0.62,0.85,0.78,1.01,0.44,1.02,0.65,0.68,1.05,0.43,0.785544,1.0,1.0,1.0,1.0,0.0,1.0,0.0,0.0,1.0,0.0,0.596452,1.0,1.0,1.0,1.0,1.0,1.0,1.0,1.0,2.0,1.0,2.0
labs,bilirubin_conjugated,mg/dl,7911.0,9911.0,3280.0,21989.0,8438.0,3023.0,702.0,11719.0,18347.0,44712.0,130032,29030.0,31412.0,8441.0,157175.0,34292.0,6112.0,1369.0,87103.0,80373.0,429999.0,865306,29030.0,31412.0,8441.0,157175.0,34292.0,6112.0,1369.0,87103.0,80373.0,429999.0,865306,20.33,23.84,20.58,16.25,19.16,19.19,37.3,15.59,16.91,15.29,17.260321,487.83,572.06,493.8,390.05,459.84,460.45,895.25,374.17,405.93,366.87,414.220395,3.67,3.17,2.57,7.15,4.06,2.02,1.95,7.43,4.38,9.62,6.655264,2.0,1.0,1.0,2.0,2.0,1.0,1.0,3.0,2.0,5.0,2.991594,3.0,2.0,2.0,7.0,3.0,1.0,1.0,8.0,3.0,8.0,8.0,0.53,0.39,0.55,0.75,0.5,0.42,0.16,1.06,0.57,1.41,0.906536,0.0,0.0,0.0,1.0,0.0,0.0,0.0,1.0,0.0,1.0,0.603082,1.0,1.0,1.0,1.0,1.0,1.0,0.0,2.0,1.0,1.0,2.0,0.86,0.67,0.84,1.21,0.87,0.66,0.33,1.69,1.01,2.18,1.447193,1.0,0.0,0.0,1.0,1.0,0.0,0.0,1.0,1.0,2.0,1.213763,1.0,1.0,1.0,2.0,1.0,1.0,0.0,1.0,1.0,2.0,2.0,1.14,0.91,1.06,1.62,1.17,0.83,0.51,2.22,1.34,2.83,1.899626,1.0,1.0,1.0,1.0,1.0,1.0,0.0,2.0,1.0,3.0,1.772433,1.0,1.0,1.0,2.0,2.0,1.0,1.0,2.0,2.0,3.0,3.0
labs,lactate,mmol/l,20714.0,38466.0,20887.0,42694.0,22046.0,11814.0,14837.0,16363.0,41385.0,51527.0,280733,194863.0,359735.0,186065.0,469147.0,165214.0,123810.0,172572.0,188712.0,400009.0,1525992.0,3786119,194863.0,359735.0,186065.0,469147.0,165214.0,123810.0,172572.0,188712.0,400009.0,1525992.0,3786119,13.91,14.64,12.17,12.08,12.67,12.43,21.09,13.46,11.88,14.15,13.540632,333.74,351.43,292.0,289.83,304.18,298.43,506.17,323.1,285.08,339.65,324.977534,9.41,9.35,8.91,10.99,7.49,10.48,11.63,11.53,9.67,29.62,13.487776,3.0,5.0,4.0,5.0,4.0,5.0,7.0,6.0,5.0,11.0,5.964753,7.0,8.0,8.0,8.0,7.0,9.0,11.0,11.0,8.0,22.0,22.0,2.74,3.71,3.04,4.31,4.62,3.27,3.13,4.76,4.06,7.06,4.429791,2.0,3.0,2.0,3.0,3.0,3.0,3.0,3.0,2.0,5.0,3.071484,3.0,4.0,3.0,5.0,6.0,4.0,2.0,5.0,5.0,8.0,8.0,3.77,4.92,4.19,5.42,5.3,4.64,4.64,6.08,5.15,9.87,5.870198,2.0,4.0,3.0,3.0,3.0,3.0,4.0,4.0,3.0,7.0,3.90855,4.0,5.0,5.0,6.0,7.0,6.0,4.0,6.0,6.0,11.0,11.0,4.45,5.59,4.91,6.12,5.66,5.46,5.62,6.88,5.81,11.85,6.794116,2.0,4.0,3.0,4.0,4.0,4.0,5.0,5.0,3.0,8.0,4.475926,4.0,6.0,6.0,6.0,6.0,7.0,5.0,8.0,7.0,13.0,13.0
labs,phosphate,mg/dl,27547.0,39223.0,25311.0,41811.0,25907.0,13151.0,15543.0,18108.0,,54021.0,260622,327918.0,575615.0,356843.0,642545.0,346728.0,150322.0,296003.0,346366.0,,839879.0,3882219,327918.0,575615.0,356843.0,642545.0,346728.0,150322.0,296003.0,346366.0,,839879.0,3882219,12.9,14.93,11.24,12.35,12.04,12.17,20.55,12.89,,13.91,13.498623,309.62,358.28,269.73,296.44,289.01,291.99,493.16,309.48,,333.86,323.977066,11.9,14.68,14.1,15.37,13.38,11.43,19.04,19.13,,15.55,14.896847,7.0,7.0,8.0,8.0,8.0,8.0,11.0,12.0,,7.0,7.993362,10.0,14.0,14.0,13.0,12.0,10.0,16.0,19.0,,13.0,19.0,1.63,1.47,1.94,1.69,1.75,1.48,2.6,2.26,,2.01,1.830399,1.0,1.0,2.0,2.0,2.0,1.0,2.0,2.0,,2.0,1.693345,1.0,1.0,2.0,1.0,1.0,1.0,1.0,2.0,,2.0,2.0,2.78,2.65,3.29,2.99,3.09,2.47,4.24,3.94,,3.28,3.130135,2.0,2.0,3.0,3.0,3.0,2.0,4.0,4.0,,3.0,2.822463,1.0,3.0,2.0,2.0,2.0,1.0,2.0,3.0,,2.0,3.0,3.78,3.66,4.42,4.12,4.25,3.34,5.58,5.38,,4.32,4.233605,3.0,3.0,4.0,3.0,4.0,3.0,5.0,5.0,,4.0,3.662035,1.0,3.0,3.0,4.0,2.0,2.0,4.0,4.0,,2.0,4.0
labs,pco2_arterial,mmhg,15600.0,,23517.0,42300.0,20117.0,10704.0,12587.0,14920.0,,27440.0,167185,178448.0,,324506.0,566669.0,186824.0,149142.0,184458.0,534097.0,,701097.0,2825241,178448.0,,324506.0,566669.0,186824.0,149142.0,184458.0,534097.0,,701097.0,2825241,14.59,,11.46,11.98,13.0,12.94,22.32,13.91,,14.94,13.771129,350.14,,275.16,287.54,311.98,310.56,535.57,333.78,,358.6,330.517695,11.44,,13.8,13.4,9.29,13.93,14.65,35.8,,25.55,16.90008,4.0,,6.0,6.0,5.0,7.0,8.0,17.0,,10.0,7.545838,8.0,,11.0,10.0,8.0,11.0,13.0,31.0,,20.0,31.0,3.15,,4.31,5.2,4.6,3.81,3.66,8.74,,7.18,5.247284,2.0,,4.0,4.0,3.0,3.0,4.0,8.0,,6.0,4.314257,3.0,,4.0,7.0,6.0,5.0,3.0,10.0,,9.0,10.0,4.29,,5.89,6.45,5.4,5.44,5.57,12.8,,9.84,7.035505,3.0,,4.0,5.0,4.0,4.0,5.0,11.0,,7.0,5.352077,5.0,,6.0,7.0,6.0,6.0,5.0,14.0,,13.0,14.0,5.07,,7.0,7.29,5.97,6.47,6.88,15.69,,11.68,8.270024,3.0,,5.0,5.0,4.0,5.0,6.0,13.0,,8.0,5.974669,5.0,,8.0,8.0,6.0,7.0,7.0,18.0,,15.0,18.0
labs,po2_arterial,mmhg,15597.0,,23519.0,42886.0,20094.0,10704.0,12587.0,15157.0,,45525.0,186069,180039.0,,324516.0,571910.0,186453.0,148081.0,184401.0,539515.0,,1553783.0,3688698,180039.0,,324516.0,571910.0,186453.0,148081.0,184401.0,539515.0,,1553783.0,3688698,14.59,,11.47,11.96,13.0,12.94,22.32,13.81,,14.71,13.811566,350.22,,275.16,287.07,312.03,310.56,535.57,331.48,,353.07,331.480753,11.54,,13.8,13.34,9.28,13.83,14.65,35.6,,34.13,19.82553,4.0,,6.0,6.0,5.0,7.0,8.0,17.0,,12.0,8.281234,8.0,,11.0,10.0,8.0,11.0,13.0,31.0,,25.0,31.0,3.19,,4.31,5.16,4.6,3.78,3.65,8.89,,8.57,5.783576,2.0,,4.0,4.0,3.0,3.0,3.0,8.0,,7.0,4.659024,3.0,,4.0,7.0,6.0,5.0,3.0,11.0,,10.0,11.0,4.35,,5.89,6.42,5.4,5.41,5.57,12.9,,11.89,7.819924,3.0,,4.0,5.0,4.0,4.0,5.0,11.0,,9.0,6.007857,5.0,,6.0,7.0,6.0,6.25,5.0,15.0,,13.0,15.0,5.13,,7.0,7.25,5.97,6.43,6.88,15.75,,14.22,9.227995,3.0,,5.0,5.0,4.0,5.0,6.0,13.0,,10.0,6.667016,5.0,,8.0,8.0,6.0,7.0,7.0,18.0,,16.0,18.0
labs,bun,mg/dl,29456.0,43436.0,26478.0,57724.0,27687.0,14512.0,6060.0,18725.0,54946.0,59312.0,338336,453952.0,876699.0,413466.0,936544.0,426502.0,234903.0,51478.0,402740.0,777732.0,1141373.0,5715389,453952.0,876699.0,413466.0,936544.0,426502.0,234903.0,51478.0,402740.0,777732.0,1141373.0,5715389,12.27,13.93,10.95,10.6,11.56,11.45,31.3,12.57,10.55,13.1,12.225243,294.5,334.32,262.74,254.36,277.53,274.86,751.22,301.68,253.14,314.4,293.396617,15.41,20.18,15.62,16.22,15.4,16.19,8.49,21.51,14.15,19.24,16.890095,9.0,11.0,9.0,9.0,9.0,11.0,3.0,14.0,8.0,10.0,9.524706,14.0,18.0,12.0,12.0,13.0,14.0,8.0,21.0,12.0,14.0,21.0,2.19,2.49,2.37,2.17,2.28,2.3,0.78,3.07,2.21,2.44,2.321795,2.0,2.0,2.0,2.0,2.0,2.0,0.0,2.0,2.0,2.0,1.964178,2.0,2.0,1.0,2.0,2.0,2.0,1.0,2.0,2.0,2.0,2.0,3.64,4.21,3.91,3.68,3.83,3.84,1.31,4.97,3.54,4.01,3.845756,3.0,4.0,4.0,3.0,3.0,3.0,1.0,4.0,3.0,3.0,3.226163,2.0,3.0,2.0,3.0,3.0,3.0,2.0,3.0,2.0,2.0,3.0,4.86,5.64,5.22,4.97,5.13,5.13,1.77,6.56,4.68,5.33,5.132655,4.0,5.0,5.0,4.0,4.0,5.0,1.0,6.0,4.0,4.0,4.306488,3.0,4.0,2.0,3.0,3.0,3.0,3.0,4.0,3.0,3.0,4.0
labs,troponin_i,ng/l,10278.0,,,18679.0,8284.0,5022.0,3.0,,12754.0,1807.0,56827,28388.0,,,56991.0,24827.0,14336.0,6.0,,44411.0,4052.0,173011,28388.0,,,56991.0,24827.0,14336.0,6.0,,44411.0,4052.0,173011,14.72,,,14.76,16.08,14.13,38.4,,13.02,7.36,14.264937,353.25,,,354.25,385.89,339.12,921.49,,312.42,176.68,342.339778,2.76,,,3.05,3.0,2.85,2.0,,3.48,2.24,3.043281,2.0,,,2.0,2.0,2.0,1.0,,2.0,2.0,1.999947,2.0,,,3.0,3.0,2.0,1.5,,3.0,2.0,3.0,1.52,,,1.48,1.3,1.47,0.0,,1.47,1.61,1.461923,1.0,,,1.0,1.0,1.0,0.0,,1.0,1.0,0.999947,1.0,,,2.0,2.0,2.0,0.0,,2.0,1.0,2.0,1.91,,,1.86,1.68,1.77,0.0,,1.97,1.87,1.859758,1.0,,,1.0,1.0,1.0,0.0,,1.0,1.0,0.999947,2.0,,,2.0,2.0,1.0,0.0,,2.0,1.0,2.0,2.09,,,2.04,1.91,1.9,0.33,,2.28,1.97,2.069268,1.0,,,1.0,2.0,1.0,0.0,,2.0,2.0,1.401957,2.0,,,2.0,2.0,2.0,0.5,,2.0,2.0,2.0
labs,inr,(no units),19622.0,32970.0,25510.0,42030.0,17421.0,10872.0,14539.0,15787.0,,52845.0,231596,123045.0,248780.0,238187.0,356432.0,94633.0,74478.0,144863.0,161075.0,,662331.0,2103824,123045.0,248780.0,238187.0,356432.0,94633.0,74478.0,144863.0,161075.0,,662331.0,2103824,14.36,15.96,11.17,12.27,13.58,13.05,21.34,13.63,,14.02,14.047784,344.56,382.99,268.08,294.48,326.04,313.19,512.19,327.09,,336.4,337.12307,6.27,7.55,9.34,8.48,5.43,6.85,9.96,10.2,,12.53,9.083422,2.0,3.0,5.0,4.0,2.0,3.0,5.0,5.0,,6.0,4.18825,5.0,7.0,9.0,7.0,5.0,7.0,8.0,11.0,,10.0,11.0,1.38,1.46,1.8,2.1,1.6,1.42,1.95,1.74,,1.74,1.72921,1.0,1.0,2.0,2.0,1.0,1.0,2.0,1.0,,2.0,1.582583,1.0,1.0,1.0,2.0,1.0,1.0,2.0,1.0,,1.0,2.0,1.92,2.08,2.71,2.83,2.12,2.04,2.96,2.65,,2.75,2.520056,1.0,1.0,2.0,2.0,2.0,1.0,3.0,2.0,,3.0,2.016926,1.0,2.0,1.0,3.0,2.0,2.0,2.0,2.0,,1.0,3.0,2.34,2.55,3.43,3.43,2.49,2.52,3.7,3.38,,3.61,3.153559,1.0,2.0,3.0,3.0,2.0,2.0,3.0,3.0,,3.0,2.566024,2.0,2.0,2.0,4.0,2.0,3.0,3.0,3.0,,2.0,4.0
labs,neutrophils_absolute,10^3/µl,8971.0,,6893.0,35933.0,12118.0,11378.0,,,,,75293,59108.0,,24410.0,289085.0,79278.0,184197.0,,,,,636078,59108.0,,24410.0,289085.0,79278.0,184197.0,,,,,636078,19.04,,16.86,12.89,15.83,12.65,,,,,14.423118,456.97,,404.62,309.26,379.87,303.72,,,,,346.116557,6.59,,3.54,8.05,6.54,16.19,,,,,8.450218,2.0,,2.0,4.0,3.0,10.0,,,,,4.32436,5.0,,3.0,8.0,7.0,16.0,,,,,16.0,0.89,,0.64,0.99,1.07,2.34,,,,,1.162926,1.0,,1.0,1.0,1.0,2.0,,,,,1.151116,2.0,,1.0,1.0,1.0,3.0,,,,,3.0,1.28,,0.88,1.64,1.66,3.73,,,,,1.846581,1.0,,1.0,2.0,1.0,4.0,,,,,1.930591,2.0,,1.0,1.0,2.0,4.0,,,,,4.0,1.64,,1.08,2.22,2.13,4.93,,,,,2.441569,1.0,,1.0,2.0,1.0,4.0,,,,,1.930591,2.0,,2.0,2.0,2.0,6.0,,,,,6.0
labs,alt,u/l,23302.0,40027.0,16699.0,41752.0,15104.0,12650.0,11514.0,14328.0,40438.0,44227.0,260041,223916.0,581197.0,115990.0,360902.0,93497.0,144182.0,76334.0,133749.0,302247.0,463008.0,2495022,223916.0,581197.0,115990.0,360902.0,93497.0,144182.0,76334.0,133749.0,302247.0,463008.0,2495022,13.92,14.62,13.79,12.44,14.87,12.26,24.33,14.32,12.31,15.29,14.221809,334.09,350.83,330.9,298.62,356.88,294.34,584.01,343.76,295.5,367.08,341.365385,9.61,14.52,6.95,8.64,6.19,11.4,6.63,9.33,7.47,10.47,9.593756,5.0,7.0,3.0,3.0,3.0,7.0,3.0,4.0,3.0,5.0,4.384759,9.0,14.0,7.0,9.0,6.0,10.0,7.0,9.0,6.0,9.0,14.0,1.45,1.84,1.1,1.3,1.2,1.75,1.16,1.43,1.41,1.49,1.450185,1.0,2.0,1.0,1.0,1.0,2.0,1.0,1.0,1.0,1.0,1.202572,1.0,1.0,2.0,1.0,2.0,1.0,2.0,1.0,1.0,1.0,2.0,2.28,3.05,1.74,1.99,1.82,2.78,1.7,2.24,2.11,2.32,2.26737,2.0,3.0,1.0,2.0,1.0,3.0,1.0,2.0,2.0,2.0,2.035994,2.0,2.0,1.0,1.0,1.0,1.0,1.0,2.0,2.0,2.0,2.0,2.97,4.04,2.26,2.57,2.29,3.64,2.12,2.9,2.67,3.02,2.938338,3.0,3.0,2.0,2.0,1.0,3.0,2.0,2.0,2.0,3.0,2.404175,3.0,4.0,2.0,2.0,2.0,2.0,2.0,3.0,2.0,3.0,4.0
labs,alkaline_phosphatase,u/l,23406.0,40050.0,16518.0,41745.0,15106.0,12646.0,11351.0,14314.0,40375.0,44237.0,259748,227664.0,583518.0,113924.0,360863.0,93540.0,144098.0,75216.0,133554.0,299849.0,463324.0,2495550,227664.0,583518.0,113924.0,360863.0,93540.0,144098.0,75216.0,133554.0,299849.0,463324.0,2495550,13.91,14.61,13.84,12.44,14.87,12.26,24.57,14.33,12.32,15.29,14.229594,333.88,350.62,332.24,298.61,356.79,294.34,589.62,343.96,295.73,367.04,341.544504,9.73,14.57,6.9,8.64,6.19,11.39,6.63,9.33,7.43,10.47,9.607074,5.0,7.0,3.0,3.0,3.0,7.0,3.0,4.0,3.0,5.0,4.387437,9.0,14.0,7.0,9.0,6.0,10.0,7.0,9.0,6.0,9.0,14.0,1.46,1.85,1.09,1.3,1.21,1.75,1.1,1.42,1.41,1.49,1.449871,1.0,2.0,1.0,1.0,1.0,2.0,1.0,1.0,1.0,1.0,1.202874,1.0,1.0,2.0,1.0,2.0,1.0,2.0,1.0,1.0,1.0,2.0,2.29,3.07,1.72,1.99,1.83,2.77,1.64,2.23,2.1,2.32,2.266286,2.0,3.0,1.0,2.0,1.0,3.0,1.0,2.0,2.0,2.0,2.037425,2.0,2.0,1.0,1.0,1.0,1.0,1.0,2.0,2.0,2.0,2.0,2.99,4.06,2.23,2.57,2.29,3.64,2.07,2.9,2.66,3.01,2.937035,3.0,3.0,2.0,2.0,1.0,3.0,2.0,2.0,2.0,3.0,2.405135,3.0,4.0,2.0,2.0,2.0,2.0,2.0,3.0,2.0,3.0,4.0
labs,chloride,mmol/l,29505.0,39548.0,26509.0,57724.0,27791.0,14512.0,15613.0,18779.0,54949.0,59469.0,344399,494470.0,833571.0,441116.0,936731.0,521555.0,234903.0,357337.0,467789.0,782192.0,2247486.0,7317150,494470.0,833571.0,441116.0,936731.0,521555.0,234903.0,357337.0,467789.0,782192.0,2247486.0,7317150,12.25,14.39,10.93,10.6,11.53,11.45,20.47,12.54,10.55,13.07,12.284591,294.03,345.26,262.44,254.36,276.61,274.86,491.25,300.87,253.13,313.6,294.78621,16.76,21.08,16.64,16.23,18.77,16.19,22.89,24.91,14.23,37.79,21.246161,10.0,12.0,10.0,9.0,12.0,11.0,13.0,16.0,8.0,16.0,11.445692,14.0,19.0,13.0,12.0,16.0,14.0,20.0,23.0,12.0,27.0,27.0,2.43,2.6,2.66,2.18,4.78,2.3,2.51,4.94,2.25,6.6,3.4413,2.0,2.0,2.0,2.0,3.0,2.0,2.0,3.0,2.0,4.0,2.480571,2.0,2.0,1.0,2.0,4.0,2.0,2.0,4.0,2.0,8.0,8.0,3.98,4.35,4.31,3.69,6.48,3.84,4.22,7.09,3.59,9.9,5.335587,3.0,4.0,4.0,3.0,5.0,3.0,4.0,6.0,3.0,6.0,4.080131,3.0,3.0,2.0,3.0,6.0,3.0,3.0,5.0,2.0,11.0,11.0,5.29,5.83,5.7,4.97,7.89,5.13,5.66,8.84,4.74,12.45,6.891938,4.0,5.0,5.0,4.0,6.0,5.0,5.0,7.0,4.0,8.0,5.294943,3.0,4.0,3.0,3.0,7.0,3.0,4.0,6.0,3.0,12.0,12.0
labs,potassium,mmol/l,29619.0,39673.0,26527.0,57876.0,27746.0,14512.0,15603.0,18750.0,55505.0,59643.0,345454,634285.0,1197428.0,533077.0,1012230.0,533053.0,237512.0,356750.0,443658.0,1078841.0,2581575.0,8608409,634285.0,1197428.0,533077.0,1012230.0,533053.0,237512.0,356750.0,443658.0,1078841.0,2581575.0,8608409,12.21,14.36,10.93,10.57,11.54,11.45,20.48,12.55,10.46,13.03,12.250504,292.95,344.57,262.26,253.75,276.97,274.86,491.55,301.31,251.02,312.71,294.00916,21.41,30.18,20.1,17.49,19.21,16.37,22.86,23.66,19.44,43.28,24.918385,12.0,17.0,12.0,10.0,13.0,11.0,13.0,15.0,12.0,19.0,13.694006,17.0,26.0,14.0,15.0,17.0,14.0,20.0,22.0,18.0,32.0,32.0,3.5,4.5,3.79,2.83,4.93,2.35,2.51,3.83,4.29,8.08,4.482276,3.0,4.0,3.0,2.0,4.0,2.0,2.0,3.0,3.0,6.0,3.458403,2.0,5.0,3.0,2.0,5.0,2.0,2.0,2.0,5.0,9.0,9.0,5.54,7.21,5.82,4.45,6.73,3.91,4.21,5.95,6.05,11.92,6.743417,4.0,6.0,5.0,4.0,5.0,3.0,4.0,5.0,4.0,9.0,5.262316,4.0,7.0,4.0,3.0,6.0,3.0,3.0,4.0,5.0,13.0,13.0,7.21,9.39,7.48,5.83,8.19,5.2,5.65,7.69,7.55,14.86,8.575167,5.0,7.0,6.0,5.0,6.0,5.0,5.0,6.0,6.0,11.0,6.637648,5.0,7.0,5.0,4.0,7.0,3.0,4.0,6.0,8.0,15.0,15.0
labs,ph_venous,(no units),6221.0,,11613.0,16943.0,9324.0,4153.0,8199.0,10120.0,,37899.0,104472,36601.0,,39742.0,72025.0,35637.0,24343.0,42503.0,93290.0,,455079.0,799220,36601.0,,39742.0,72025.0,35637.0,24343.0,42503.0,93290.0,,455079.0,799220,18.88,,13.69,16.49,16.36,16.93,28.3,15.47,,16.19,17.046178,453.08,,328.65,395.66,392.58,406.31,679.13,371.25,,388.6,409.100047,5.88,,3.42,4.25,3.82,5.86,5.18,9.22,,12.01,7.649917,2.0,,2.0,2.0,1.0,2.0,3.0,4.0,,4.0,2.908502,3.0,,3.0,2.0,2.0,2.0,5.0,8.0,,10.0,10.0,1.18,,1.01,1.12,1.05,0.89,1.03,2.43,,2.69,1.785333,1.0,,1.0,1.0,1.0,1.0,1.0,2.0,,2.0,1.459635,2.0,,1.0,2.0,1.0,1.0,2.0,3.0,,3.0,3.0,1.73,,1.47,1.29,1.31,1.19,1.46,3.43,,3.83,2.476087,1.0,,1.0,1.0,1.0,1.0,1.0,2.0,,3.0,1.822402,2.0,,2.0,2.0,2.0,2.0,2.0,4.0,,4.0,4.0,2.14,,1.75,1.44,1.51,1.41,1.75,4.18,,4.66,2.979054,1.0,,1.0,1.0,1.0,1.0,1.0,2.0,,3.0,1.822402,2.0,,1.0,1.0,1.0,2.0,2.0,5.0,,5.0,5.0
labs,lymphocytes_absolute,10^3/µl,8923.0,,6970.0,35920.0,12118.0,11220.0,,,,,75151,40128.0,,24597.0,286801.0,78778.0,99506.0,,,,,529810,40128.0,,24597.0,286801.0,78778.0,99506.0,,,,,529810,19.06,,16.91,12.89,15.83,12.77,,,,,14.451587,457.52,,405.74,309.3,379.87,306.53,,,,,346.809038,4.5,,3.53,7.98,6.5,8.87,,,,,7.048311,1.0,,2.0,4.0,3.0,6.0,,,,,3.595654,3.0,,3.0,8.0,7.0,9.0,,,,,9.0,0.62,,0.64,0.99,1.03,1.28,,,,,0.963354,1.0,,1.0,1.0,1.0,1.0,,,,,1.0,1.0,,1.0,1.0,1.0,1.0,,,,,1.0,0.89,,0.88,1.63,1.62,2.05,,,,,1.53367,1.0,,1.0,2.0,1.0,2.0,,,,,1.62727,1.0,,1.0,1.0,2.0,2.0,,,,,2.0,1.14,,1.08,2.2,2.09,2.72,,,,,2.030164,1.0,,1.0,2.0,1.0,3.0,,,,,1.77657,1.0,,2.0,2.0,2.0,3.0,,,,,3.0
labs,pco2_venous,mmhg,5781.0,13524.0,7397.0,14699.0,9324.0,4120.0,8444.0,10120.0,,37934.0,111343,35076.0,145212.0,28911.0,68481.0,35637.0,25020.0,46415.0,135250.0,,454659.0,974661,35076.0,145212.0,28911.0,68481.0,35637.0,25020.0,46415.0,135250.0,,454659.0,974661,18.93,17.3,15.87,17.42,16.36,16.95,27.88,15.47,,16.2,17.475073,454.3,415.27,380.87,418.14,392.56,406.76,669.01,371.25,,388.8,419.397226,6.07,10.74,3.91,4.66,3.82,6.07,5.5,13.36,,11.99,8.755449,2.0,4.0,2.0,2.0,1.0,2.0,3.0,6.0,,4.0,3.279973,4.0,8.0,3.0,2.0,2.0,2.0,5.0,13.0,,10.0,13.0,1.15,2.8,1.24,1.16,1.05,0.94,1.08,3.3,,2.68,2.052937,1.0,2.0,1.0,1.0,1.0,1.0,1.0,2.0,,2.0,1.553048,2.0,4.0,2.0,2.0,1.0,1.0,2.0,4.0,,3.0,4.0,1.72,3.87,1.68,1.34,1.31,1.24,1.55,4.79,,3.83,2.861233,1.0,2.0,1.0,1.0,1.0,1.0,1.0,3.0,,3.0,1.984633,2.0,5.0,1.0,2.0,2.0,2.0,2.0,6.0,,4.0,6.0,2.14,4.64,1.95,1.49,1.52,1.47,1.86,5.92,,4.65,3.445987,1.0,3.0,1.0,1.0,1.0,1.0,1.0,4.0,,3.0,2.196986,2.0,5.0,2.0,1.0,1.0,2.0,3.0,7.0,,5.0,7.0
labs,eosinophils_percent,%,9154.0,31213.0,12468.0,35699.0,12673.0,11266.0,15175.0,9386.0,30034.0,39833.0,206901,41188.0,391097.0,41867.0,289536.0,82365.0,101146.0,257291.0,45669.0,158479.0,413901.0,1822539,41188.0,391097.0,41867.0,289536.0,82365.0,101146.0,257291.0,45669.0,158479.0,413901.0,1822539,19.11,16.98,15.47,12.98,15.94,12.75,20.99,16.15,13.34,15.77,15.494168,458.69,407.59,371.17,311.59,382.47,305.98,503.77,387.52,320.28,378.37,371.865004,4.5,12.53,3.36,8.11,6.5,8.98,16.95,4.87,5.28,10.39,8.809126,1.0,6.0,2.0,4.0,3.0,6.0,11.0,2.0,2.0,5.0,4.420998,3.0,13.0,3.0,8.0,7.0,9.0,14.0,4.0,4.0,10.0,14.0,0.62,1.14,0.67,0.96,1.05,1.3,2.26,0.87,0.9,1.12,1.092021,1.0,1.0,1.0,1.0,1.0,1.0,2.0,1.0,1.0,1.0,1.073344,1.0,2.0,1.0,1.0,1.0,1.0,2.0,1.0,1.0,2.0,2.0,0.9,1.98,0.92,1.59,1.64,2.07,3.65,1.27,1.4,1.89,1.77388,1.0,2.0,1.0,2.0,1.0,2.0,3.0,1.0,1.0,2.0,1.717063,1.0,2.0,1.0,1.0,2.0,2.0,3.0,2.0,1.0,2.0,3.0,1.15,2.74,1.12,2.16,2.1,2.74,4.77,1.61,1.81,2.57,2.362654,1.0,2.0,1.0,2.0,1.0,3.0,4.0,1.0,1.0,2.0,1.844858,1.0,3.0,2.0,2.0,2.0,3.0,3.0,1.0,1.0,3.0,3.0
labs,eosinophils_absolute,10^3/µl,8970.0,,6911.0,35680.0,12115.0,8981.0,,,,,72657,40587.0,,24429.0,289065.0,78743.0,80861.0,,,,,513685,40587.0,,24429.0,289065.0,78743.0,80861.0,,,,,513685,19.04,,16.87,12.99,15.83,12.96,,,,,14.575812,456.89,,404.93,311.66,379.92,310.98,,,,,349.75908,4.52,,3.53,8.1,6.5,9.0,,,,,7.067794,1.0,,2.0,4.0,3.0,6.0,,,,,3.519867,3.0,,3.0,8.0,7.0,9.0,,,,,9.0,0.62,,0.64,0.96,1.03,1.28,,,,,0.938813,1.0,,1.0,1.0,1.0,1.0,,,,,1.0,1.0,,1.0,1.0,1.0,1.0,,,,,1.0,0.9,,0.88,1.59,1.62,2.04,,,,,1.497907,1.0,,1.0,2.0,1.0,2.0,,,,,1.614683,1.0,,1.0,1.0,2.0,2.0,,,,,2.0,1.14,,1.08,2.15,2.09,2.7,,,,,1.981512,1.0,,1.0,2.0,1.0,3.0,,,,,1.738291,1.0,,1.5,2.0,2.0,3.0,,,,,3.0
labs,albumin,g/dl,23846.0,40156.0,13398.0,42453.0,26551.0,12674.0,15554.0,14494.0,41513.0,48707.0,279346,252267.0,602138.0,54215.0,383581.0,393326.0,144365.0,299285.0,148623.0,339858.0,448514.0,3066172,252267.0,602138.0,54215.0,383581.0,393326.0,144365.0,299285.0,148623.0,339858.0,448514.0,3066172,13.84,14.59,15.37,12.39,11.88,12.26,20.53,14.28,12.21,14.78,13.859854,332.06,350.17,368.91,297.33,285.03,294.35,492.83,342.67,293.1,354.75,332.640398,10.58,14.99,4.05,9.04,14.81,11.39,19.24,10.25,8.19,9.21,10.976526,6.0,7.0,2.0,4.0,8.0,7.0,11.0,5.0,3.0,5.0,5.489751,11.0,14.0,3.0,8.0,13.0,10.0,16.0,10.0,6.0,8.0,16.0,1.52,1.9,0.68,1.33,2.1,1.75,2.64,1.47,1.45,1.34,1.589004,1.0,2.0,1.0,1.0,2.0,2.0,2.0,1.0,1.0,1.0,1.339847,1.0,2.0,1.0,1.0,2.0,1.0,1.0,1.0,1.0,1.0,2.0,2.42,3.14,1.02,2.05,3.58,2.77,4.3,2.34,2.2,2.09,2.536552,2.0,3.0,1.0,2.0,3.0,3.0,4.0,2.0,2.0,2.0,2.347565,2.0,2.0,1.0,2.0,2.0,1.0,2.0,2.0,2.0,2.0,2.0,3.19,4.16,1.31,2.66,4.81,3.63,5.65,3.06,2.82,2.7,3.322469,3.0,3.0,1.0,2.0,4.0,3.0,5.0,2.0,2.0,3.0,2.758017,3.0,4.0,2.0,2.0,3.0,2.0,4.0,3.0,3.0,3.0,4.0
labs,calcium_ionized,mg/dl,7816.0,,20336.0,28422.0,19453.0,5460.0,1408.0,9390.0,31342.0,4.0,123631,69364.0,,188498.0,338868.0,132291.0,38541.0,33604.0,55141.0,285629.0,4.0,1141940,69364.0,,188498.0,338868.0,132291.0,38541.0,33604.0,55141.0,285629.0,4.0,1141940,19.38,,11.89,12.54,12.9,14.89,32.74,15.11,12.97,9.18,13.560089,465.01,,285.27,300.9,309.55,357.3,785.88,362.53,311.24,220.28,325.37894,8.87,,9.27,11.92,6.8,7.06,23.87,5.87,9.11,1.0,9.234891,2.0,,4.0,5.0,4.0,2.0,10.0,3.0,4.0,1.0,4.007409,6.0,,7.0,9.0,7.0,2.0,25.0,7.0,7.0,0.0,25.0,1.22,,2.78,4.5,4.18,1.43,1.38,3.54,2.79,0.75,3.281707,1.0,,2.0,3.0,3.0,1.0,1.0,2.0,2.0,1.0,2.268436,2.0,,3.0,6.0,5.0,2.0,3.0,4.0,3.0,0.25,6.0,1.88,,3.89,5.47,4.59,1.85,2.91,3.84,3.73,1.0,4.090594,1.0,,3.0,4.0,3.0,1.0,1.0,2.0,3.0,1.0,2.916332,2.0,,4.0,7.0,6.0,1.0,6.0,5.0,4.0,0.0,7.0,2.42,,4.65,6.11,4.87,2.15,4.36,4.05,4.46,1.0,4.671711,1.0,,3.0,4.0,3.0,1.0,2.0,2.0,3.0,1.0,2.92772,2.0,,4.0,8.0,6.0,1.0,8.0,5.0,5.0,0.0,8.0
labs,esr,mm/hour,1208.0,,,3534.0,997.0,860.0,,1190.0,,,7789,1756.0,,,6019.0,1581.0,1275.0,,2784.0,,,13415,1756.0,,,6019.0,1581.0,1275.0,,2784.0,,,13415,23.18,,,21.1,26.85,20.73,,22.72,,,22.365245,556.31,,,506.43,644.29,497.41,,545.19,,,536.737955,1.45,,,1.7,1.59,1.48,,2.34,,,1.720636,1.0,,,1.0,1.0,1.0,,1.0,,,1.0,0.0,,,0.0,0.0,0.0,,0.0,,,0.0,0.38,,,0.45,0.27,0.4,,0.47,,,0.413638,0.0,,,0.0,0.0,0.0,,0.0,,,0.0,1.0,,,1.0,1.0,1.0,,1.0,,,1.0,0.51,,,0.6,0.36,0.51,,0.64,,,0.551496,0.0,,,1.0,0.0,0.0,,1.0,,,0.606496,1.0,,,1.0,1.0,1.0,,1.0,,,1.0,0.6,,,0.71,0.44,0.59,,0.77,,,0.654297,1.0,,,1.0,0.0,1.0,,1.0,,,0.871999,1.0,,,1.0,1.0,1.0,,1.0,,,1.0
labs,sodium,mmol/l,29608.0,39688.0,26518.0,57888.0,27809.0,14528.0,15608.0,18781.0,55225.0,59715.0,345368,596590.0,1051031.0,458698.0,1014131.0,545864.0,238893.0,357321.0,468253.0,940245.0,2594798.0,8265824,596590.0,1051031.0,458698.0,1014131.0,545864.0,238893.0,357321.0,468253.0,940245.0,2594798.0,8265824,12.21,14.35,10.93,10.57,11.52,11.44,20.47,12.54,10.5,13.01,12.250928,293.05,344.45,262.35,253.71,276.44,274.58,491.4,300.84,252.04,312.35,294.058142,20.15,26.48,17.3,17.52,19.63,16.44,22.89,24.93,17.03,43.45,23.933328,11.0,15.0,10.0,10.0,13.0,11.0,13.0,16.0,10.0,19.0,12.961907,16.0,22.0,14.0,14.0,17.0,14.0,20.0,23.0,15.0,32.0,32.0,3.32,4.06,2.87,2.81,5.01,2.36,2.52,4.95,3.92,8.19,4.37116,2.0,3.0,2.0,2.0,4.0,2.0,2.0,3.0,2.0,6.0,3.021945,2.0,4.0,2.0,2.0,5.0,2.0,2.0,4.0,4.0,9.0,9.0,5.24,6.36,4.59,4.44,6.82,3.95,4.22,7.1,5.45,12.03,6.520301,4.0,5.0,4.0,4.0,5.0,4.0,4.0,6.0,4.0,9.0,5.168707,3.0,5.0,3.0,4.0,6.0,3.0,3.25,5.0,6.0,13.0,13.0,6.82,8.22,6.03,5.81,8.31,5.26,5.66,8.85,6.72,14.96,8.254692,5.0,7.0,5.0,5.0,7.0,5.0,5.0,7.0,5.0,11.0,6.537045,5.0,6.0,3.0,4.0,7.0,3.0,4.0,6.0,7.0,15.0,15.0
labs,so2_arterial,%,15310.0,,16640.0,30230.0,19973.0,10702.0,12586.0,14961.0,15970.0,41124.0,177496,302426.0,,136798.0,358871.0,184725.0,148069.0,184330.0,363604.0,144485.0,1256565.0,3079873,302426.0,,136798.0,358871.0,184725.0,148069.0,184330.0,363604.0,144485.0,1256565.0,3079873,14.66,,11.97,11.97,13.02,12.94,22.32,13.89,10.67,15.13,13.889579,351.77,,287.2,287.3,312.6,310.58,535.6,333.43,256.15,363.18,333.374895,19.75,,8.22,11.87,9.25,13.84,14.65,24.3,9.05,30.56,17.352867,6.0,,3.0,5.0,5.0,7.0,8.0,12.0,4.0,11.0,7.122262,13.0,,6.0,9.0,8.0,11.0,13.0,20.0,6.0,22.0,22.0,5.45,,2.99,4.51,4.58,3.78,3.65,6.33,3.56,7.36,5.07971,4.0,,2.0,3.0,3.0,3.0,3.0,5.0,2.0,7.0,3.99787,6.0,,3.0,6.0,6.0,5.0,3.0,7.0,4.0,8.0,8.0,7.47,,3.99,5.66,5.38,5.41,5.57,9.03,4.58,10.27,6.861572,4.0,,2.0,4.0,4.0,4.0,5.0,7.0,3.0,8.0,4.973064,8.0,,4.0,6.0,6.0,6.75,5.0,10.0,6.0,11.0,11.0,8.85,,4.66,6.41,5.95,6.43,6.88,10.96,5.28,12.32,8.090306,4.0,,3.0,4.0,4.0,5.0,6.0,8.0,3.0,9.0,5.513995,9.0,,5.0,7.0,6.0,7.0,7.0,12.0,6.0,14.0,14.0
labs,platelet_count,10^3/µl,29288.0,,,57535.0,27561.0,14494.0,,,,,128878,435819.0,,,835486.0,358162.0,221985.0,,,,,1851452,435819.0,,,835486.0,358162.0,221985.0,,,,,1851452,12.34,,,10.63,11.61,11.47,,,,,11.322649,296.09,,,255.12,278.57,275.18,,,,,271.701453,14.88,,,14.52,13.0,15.32,,,,,14.366724,9.0,,,8.0,8.0,10.0,,,,,8.45218,12.0,,,12.0,11.0,12.0,,,,,12.0,2.09,,,2.44,2.28,2.31,,,,,2.311624,2.0,,,2.0,2.0,2.0,,,,,2.0,2.0,,,2.0,2.0,2.0,,,,,2.0,3.43,,,3.77,3.63,3.74,,,,,3.65942,3.0,,,3.0,3.0,3.0,,,,,3.0,2.0,,,3.0,2.0,2.0,,,,,3.0,4.57,,,4.89,4.72,4.92,,,,,4.784298,4.0,,,4.0,4.0,4.0,,,,,4.0,2.0,,,3.0,3.0,3.0,,,,,3.0
labs,basophils_absolute,10^3/µl,8967.0,,6893.0,34897.0,12114.0,11220.0,,,,,74091,40582.0,,24402.0,273232.0,78742.0,99505.0,,,,,516463,40582.0,,24402.0,273232.0,78742.0,99505.0,,,,,516463,19.05,,16.86,13.1,15.83,12.77,,,,,14.566304,457.13,,404.62,314.38,379.86,306.53,,,,,349.569312,4.53,,3.54,7.83,6.5,8.87,,,,,6.97153,1.0,,2.0,3.0,3.0,6.0,,,,,3.119218,3.0,,3.0,8.0,7.0,9.0,,,,,9.0,0.62,,0.64,0.93,1.03,1.28,,,,,0.934854,1.0,,1.0,1.0,1.0,1.0,,,,,1.0,1.0,,1.0,1.0,1.0,1.0,,,,,1.0,0.9,,0.88,1.55,1.62,2.05,,,,,1.496162,1.0,,1.0,1.0,1.0,2.0,,,,,1.151435,1.0,,1.0,1.0,2.0,2.0,,,,,2.0,1.14,,1.08,2.1,2.09,2.72,,,,,1.981174,1.0,,1.0,2.0,1.0,3.0,,,,,1.773873,1.0,,2.0,2.0,2.0,3.0,,,,,3.0
labs,so2_mixed_venous,%,5968.0,5272.0,6641.0,,186.0,2680.0,1754.0,4895.0,6055.0,38244.0,71695,87075.0,61025.0,209781.0,,287.0,24156.0,7941.0,30501.0,40382.0,423613.0,884761,87075.0,61025.0,209781.0,,287.0,24156.0,7941.0,30501.0,40382.0,423613.0,884761,17.55,20.02,12.49,,20.33,11.88,24.33,16.51,14.33,15.95,16.02763,421.23,480.57,299.69,,487.81,285.16,583.81,396.23,343.8,382.91,384.712129,14.59,11.58,31.59,,1.54,9.01,4.53,6.23,6.67,11.08,12.342801,4.0,5.0,9.0,,1.0,6.0,3.0,2.0,2.0,4.0,4.273729,10.0,13.0,31.0,,0.0,7.0,4.0,6.0,4.0,9.0,31.0,2.7,2.84,12.0,,0.53,4.03,2.08,1.31,1.55,2.43,3.264607,2.0,2.0,4.0,,0.0,4.0,2.0,1.0,1.0,2.0,2.102099,3.0,5.0,23.0,,1.0,2.0,2.0,2.0,2.0,2.25,23.0,4.2,4.43,16.73,,0.74,5.48,2.86,2.16,2.38,3.5,4.717248,2.0,3.0,5.0,,1.0,5.0,2.0,1.0,1.0,2.0,2.308236,5.0,6.0,25.0,,1.0,4.0,3.0,2.0,2.0,4.0,25.0,5.35,5.63,19.7,,0.93,6.4,3.28,2.81,2.92,4.27,5.722204,3.0,4.0,6.0,,1.0,5.0,2.0,2.0,1.0,3.0,3.159342,6.0,7.0,26.0,,1.0,5.0,3.0,3.0,2.0,5.0,26.0
labs,hemoglobin,g/dl,29447.0,43380.0,26475.0,57760.0,27714.0,14491.0,15602.0,18779.0,55006.0,59516.0,348170,607921.0,1138599.0,396394.0,1077481.0,477872.0,221527.0,331469.0,625851.0,889545.0,2439653.0,8206312,607921.0,1138599.0,396394.0,1077481.0,477872.0,221527.0,331469.0,625851.0,889545.0,2439653.0,8206312,12.27,13.95,10.95,10.59,11.55,11.47,20.48,12.53,10.54,13.05,12.251574,294.56,334.71,262.75,254.16,277.21,275.24,491.58,300.84,252.93,313.24,294.039928,20.64,26.25,14.97,18.65,17.24,15.29,21.25,33.33,16.17,40.99,23.568593,11.0,14.0,9.0,11.0,12.0,10.0,13.0,18.0,10.0,18.0,12.765448,17.0,22.0,12.0,16.0,16.0,12.0,18.0,29.0,15.0,30.0,30.0,3.49,4.25,2.64,4.43,5.11,2.3,2.76,6.56,4.06,7.95,4.740736,2.0,3.0,2.0,3.0,3.0,2.0,2.0,5.0,2.0,6.0,3.215656,3.0,4.0,1.0,4.0,5.0,2.0,2.0,7.0,4.0,9.0,9.0,5.42,6.63,4.19,6.11,6.75,3.73,4.46,9.86,5.57,11.61,6.905497,4.0,5.0,3.0,4.0,5.0,3.0,4.0,8.0,4.0,9.0,5.156975,5.0,6.0,2.0,6.0,6.0,2.0,3.0,10.0,6.0,12.0,12.0,6.99,8.47,5.47,7.46,8.02,4.9,5.84,12.37,6.8,14.4,8.607078,5.0,6.0,4.0,5.0,6.0,4.0,5.0,9.0,5.0,11.0,6.327915,5.0,7.0,2.0,7.0,7.0,3.0,3.0,12.0,7.0,14.0,14.0
labs,magnesium,mg/dl,28793.0,41075.0,26451.0,53745.0,25840.0,13971.0,15566.0,18123.0,48371.0,58118.0,330053,395829.0,623178.0,401599.0,785763.0,307161.0,175422.0,299052.0,340030.0,585419.0,1012814.0,4926267,395829.0,623178.0,401599.0,785763.0,307161.0,175422.0,299052.0,340030.0,585419.0,1012814.0,4926267,12.52,14.46,10.96,11.12,12.08,11.78,20.52,12.89,11.48,13.31,12.726972,300.54,347.1,262.98,266.82,290.02,282.63,492.54,309.28,275.62,319.53,305.478407,13.75,15.17,15.18,14.62,11.89,12.56,19.21,18.76,12.1,17.43,14.925782,8.0,8.0,9.0,8.0,7.0,8.0,11.0,12.0,7.0,9.0,8.392507,11.0,14.0,13.0,11.0,10.0,10.0,16.0,18.0,10.0,13.0,18.0,1.84,1.52,2.09,1.84,1.65,1.62,2.67,2.24,1.7,2.13,1.88768,2.0,1.0,2.0,2.0,2.0,1.0,2.0,2.0,2.0,2.0,1.833221,1.0,1.0,2.0,1.0,1.0,1.0,1.0,2.0,1.0,2.0,2.0,3.14,2.74,3.65,3.14,2.82,2.73,4.34,3.89,2.81,3.53,3.206772,3.0,2.0,3.0,3.0,3.0,2.0,4.0,4.0,3.0,3.0,2.935292,2.0,3.0,3.0,2.0,1.0,1.0,3.0,3.0,1.0,2.0,3.0,4.27,3.82,4.97,4.29,3.82,3.7,5.7,5.3,3.79,4.73,4.348647,4.0,3.0,4.0,4.0,3.0,3.0,5.0,5.0,3.0,4.0,3.710447,2.0,3.0,3.0,4.0,3.0,1.0,3.0,4.0,3.0,3.0,4.0
labs,pt,sec,19664.0,,25510.0,42028.0,6470.0,8911.0,,15787.0,,4491.0,122861,123687.0,,238187.0,356406.0,35601.0,60854.0,,161122.0,,15783.0,991640,123687.0,,238187.0,356406.0,35601.0,60854.0,,161122.0,,15783.0,991640,14.32,,11.17,12.27,14.72,13.2,,13.63,,9.1,12.625058,343.75,,268.08,294.49,353.28,316.78,,327.09,,218.49,303.014001,6.29,,9.34,8.48,5.5,6.83,,10.21,,3.51,8.072075,2.0,,5.0,4.0,2.0,3.0,,5.0,,2.0,3.765068,5.0,,9.0,7.0,4.0,7.0,,11.0,,3.0,11.0,1.39,,1.8,2.1,1.44,1.4,,1.75,,1.26,1.762869,1.0,,2.0,2.0,1.0,1.0,,1.0,,1.0,1.549711,1.0,,1.0,2.0,1.0,1.0,,1.0,,1.0,2.0,1.93,,2.71,2.83,1.94,2.01,,2.65,,1.69,2.489896,1.0,,2.0,2.0,1.0,1.0,,2.0,,1.0,1.678205,1.0,,1.0,3.0,1.0,2.0,,2.0,,1.0,3.0,2.35,,3.43,3.43,2.31,2.49,,3.38,,2.01,3.071657,1.0,,3.0,3.0,1.0,2.0,,3.0,,2.0,2.465494,2.0,,2.0,4.0,2.0,3.0,,3.0,,2.0,4.0
labs,glucose_serum,mg/dl,29830.0,43436.0,26517.0,57725.0,27787.0,14526.0,14629.0,18756.0,55589.0,59498.0,348293,1882600.0,876941.0,507158.0,937285.0,509369.0,245716.0,173320.0,412602.0,2382088.0,2167240.0,10094319,1882600.0,876941.0,507158.0,937285.0,509369.0,245716.0,173320.0,412602.0,2382088.0,2167240.0,10094319,12.13,13.93,10.93,10.6,11.53,11.44,21.39,12.55,10.44,13.06,12.23359,291.03,334.32,262.35,254.36,276.64,274.63,513.29,301.21,250.53,313.45,293.585171,63.11,20.19,19.13,16.24,18.33,16.92,11.85,22.0,42.85,36.43,28.983845,35.0,11.0,11.0,9.0,12.0,11.0,6.0,14.0,16.0,16.0,14.407519,60.0,18.0,14.0,12.0,16.0,15.0,11.0,21.0,39.0,26.0,60.0,7.56,2.49,3.72,2.18,4.7,2.52,1.82,2.98,7.1,6.51,4.564806,7.0,2.0,3.0,2.0,3.0,2.0,2.0,3.0,4.0,4.0,3.29886,6.0,2.0,3.0,2.0,4.0,2.0,1.0,2.0,8.0,8.0,8.0,13.15,4.21,5.62,3.69,6.35,4.12,2.95,4.97,11.5,9.68,7.249765,12.0,4.0,5.0,3.0,5.0,4.0,3.0,4.0,7.0,7.0,5.624641,9.0,3.0,4.0,3.0,6.0,2.0,2.0,3.0,12.0,11.0,12.0,17.88,5.65,7.17,4.98,7.71,5.45,3.82,6.61,14.99,12.14,9.432347,18.0,5.0,6.0,4.0,6.0,5.0,3.0,6.0,8.0,8.0,7.064721,13.0,4.0,5.0,3.0,6.0,4.0,3.0,5.0,17.0,12.0,17.0
labs,ptt,sec,14282.0,1.0,25414.0,32772.0,15859.0,9818.0,12922.0,14199.0,,4299.0,129566,107237.0,1.0,258520.0,203694.0,85751.0,74318.0,103466.0,186930.0,,21300.0,1041217,107237.0,1.0,258520.0,203694.0,85751.0,74318.0,103466.0,186930.0,,21300.0,1041217,14.87,37.5,11.19,12.98,13.82,13.53,22.48,14.12,,8.72,13.912961,356.88,899.92,268.63,311.58,331.76,324.67,539.4,338.95,,209.35,333.943998,7.51,1.0,10.17,6.22,5.41,7.57,8.01,13.17,,4.95,8.038116,1.0,1.0,5.0,2.0,2.0,3.0,4.0,6.0,,2.0,3.191802,3.0,0.0,9.0,4.0,4.0,7.0,6.0,13.0,,4.0,13.0,1.3,0.0,1.86,2.0,1.68,1.45,1.64,1.71,,1.41,1.727257,1.0,0.0,2.0,2.0,1.0,1.0,1.0,2.0,,1.0,1.558665,1.0,0.0,1.0,1.0,1.0,1.0,1.0,1.0,,1.0,1.0,1.79,0.0,2.83,2.52,2.2,2.13,2.45,2.78,,1.99,2.435524,1.0,0.0,2.0,2.0,2.0,1.0,2.0,2.0,,1.0,1.780799,1.0,0.0,2.0,2.0,2.0,2.0,2.0,3.0,,1.0,3.0,2.2,0.0,3.59,2.89,2.57,2.65,3.04,3.69,,2.45,2.9819,1.0,0.0,3.0,2.0,2.0,2.0,2.0,3.0,,2.0,2.195491,1.0,0.0,2.0,2.0,2.0,3.0,3.0,4.0,,2.0,4.0
labs,ph_arterial,(no units),15610.0,31639.0,23923.0,42291.0,20116.0,10705.0,12587.0,15608.0,,42965.0,215444,179440.0,533838.0,354435.0,565411.0,186843.0,148117.0,184508.0,582608.0,,1547142.0,4282342,179440.0,533838.0,354435.0,565411.0,186843.0,148117.0,184508.0,582608.0,,1547142.0,4282342,14.57,15.77,11.4,11.98,13.0,12.94,22.32,13.73,,15.0,14.135917,349.64,378.4,273.69,287.6,312.0,310.53,535.57,329.61,,360.1,339.291603,11.5,16.87,14.82,13.37,9.29,13.84,14.66,37.33,,36.01,19.87807,4.0,6.0,7.0,6.0,5.0,7.0,8.0,18.0,,13.0,8.304622,8.0,13.0,13.0,10.0,8.0,11.0,13.0,33.0,,26.0,33.0,3.17,4.08,4.6,5.17,4.6,3.78,3.66,8.95,,8.99,5.626868,2.0,3.0,4.0,4.0,3.0,3.0,4.0,8.0,,8.0,4.652661,3.0,5.0,4.0,7.0,6.0,5.0,3.0,11.0,,10.0,11.0,4.32,5.93,6.38,6.43,5.4,5.41,5.57,13.18,,12.48,7.696576,3.0,4.0,5.0,5.0,4.0,4.0,5.0,11.0,,10.0,5.996978,5.0,7.0,6.0,7.0,6.0,6.0,5.0,15.0,,14.0,15.0,5.1,7.26,7.61,7.26,5.97,6.43,6.88,16.21,,14.95,9.140442,3.0,5.0,6.0,5.0,4.0,5.0,6.0,13.0,,11.0,6.707302,5.0,8.0,7.0,8.0,6.0,7.0,7.0,19.0,,17.0,19.0
labs,ldh,u/l,3650.0,8268.0,13386.0,10237.0,4269.0,3397.0,2085.0,4449.0,7006.0,10914.0,67661,20000.0,35615.0,60575.0,76334.0,29663.0,22253.0,6234.0,19590.0,26219.0,80755.0,377238,20000.0,35615.0,60575.0,76334.0,29663.0,22253.0,6234.0,19590.0,26219.0,80755.0,377238,24.01,25.37,14.91,20.64,19.37,18.56,37.86,20.13,21.43,26.55,21.613828,576.18,608.8,357.87,495.3,464.77,445.38,908.65,483.1,514.41,637.26,518.723749,5.48,4.31,4.53,7.46,6.95,6.55,2.99,4.4,3.74,7.4,5.576911,1.0,1.0,2.0,2.0,2.0,2.0,1.0,2.0,1.0,2.0,1.689496,2.0,2.0,4.0,7.0,8.0,5.0,1.0,3.0,2.0,6.0,8.0,0.53,0.51,0.78,0.84,1.1,0.71,0.28,0.5,0.57,0.68,0.68758,0.0,0.0,1.0,1.0,1.0,1.0,0.0,0.0,0.0,0.0,0.462438,1.0,1.0,1.0,1.0,1.0,1.0,0.0,1.0,1.0,1.0,1.0,0.83,0.83,1.23,1.43,1.82,1.17,0.54,0.83,0.93,1.15,1.132483,1.0,1.0,1.0,1.0,1.0,1.0,0.0,1.0,1.0,1.0,0.969185,1.0,1.0,2.0,2.0,2.0,2.0,1.0,1.0,1.0,2.0,2.0,1.1,1.08,1.59,1.9,2.33,1.55,0.74,1.12,1.23,1.56,1.493617,1.0,1.0,1.0,1.0,1.0,1.0,0.0,1.0,1.0,1.0,0.969185,1.0,1.0,1.0,3.0,3.0,2.0,1.0,1.0,2.0,2.0,3.0
labs,bilirubin_unconjugated,mg/dl,6952.0,89.0,3018.0,,,2702.0,646.0,11357.0,17748.0,42090.0,84602,25860.0,130.0,7596.0,,,5143.0,1235.0,82705.0,73090.0,423422.0,619181,25860.0,130.0,7596.0,,,5143.0,1235.0,82705.0,73090.0,423422.0,619181,21.01,18.46,20.86,,,19.23,37.12,15.74,17.11,15.56,16.831124,504.12,443.13,500.71,,,461.44,890.83,377.67,410.58,373.46,403.92206,3.72,1.46,2.52,,,1.9,1.91,7.28,4.12,10.06,7.318864,2.0,1.0,1.0,,,1.0,1.0,3.0,2.0,5.0,3.55046,3.0,0.0,2.0,,,1.0,1.0,8.0,3.0,9.0,9.0,0.49,0.28,0.55,,,0.4,0.16,1.04,0.53,1.46,1.05133,0.0,0.0,0.0,,,0.0,0.0,1.0,0.0,1.0,0.631746,1.0,1.0,1.0,,,1.0,0.0,1.0,1.0,1.0,1.0,0.81,0.44,0.83,,,0.64,0.34,1.65,0.93,2.27,1.6656,1.0,0.0,0.0,,,0.0,0.0,1.0,1.0,2.0,1.421208,1.0,1.0,1.0,,,1.0,0.0,1.0,1.0,2.0,2.0,1.08,0.57,1.04,,,0.8,0.52,2.18,1.24,2.94,2.171409,1.0,1.0,1.0,,,1.0,0.0,2.0,1.0,3.0,2.121617,1.0,1.0,1.0,,,1.0,1.0,2.0,1.0,3.0,3.0
labs,ferritin,ng/ml,4911.0,9185.0,3973.0,8750.0,3101.0,2923.0,1662.0,3886.0,4814.0,8527.0,51732,6308.0,14948.0,7306.0,20181.0,4519.0,6148.0,2487.0,6924.0,6700.0,18799.0,94320,6308.0,14948.0,7306.0,20181.0,4519.0,6148.0,2487.0,6924.0,6700.0,18799.0,94320,23.62,24.64,21.32,21.96,23.97,18.37,44.14,19.85,23.68,27.81,24.140304,566.8,591.36,511.63,527.1,575.17,440.93,1059.44,476.5,568.36,667.35,579.361222,1.28,1.63,1.84,2.31,1.46,2.1,1.5,1.78,1.39,2.2,1.822994,1.0,1.0,1.0,1.0,1.0,1.0,1.0,1.0,1.0,1.0,1.0,0.0,0.0,0.0,0.0,0.0,0.0,0.0,0.0,0.0,0.0,0.0,0.27,0.4,0.29,0.33,0.22,0.4,0.09,0.39,0.19,0.3,0.309846,0.0,0.0,0.0,0.0,0.0,0.0,0.0,0.0,0.0,0.0,0.0,1.0,1.0,1.0,1.0,0.0,1.0,0.0,1.0,0.0,1.0,1.0,0.41,0.55,0.43,0.53,0.34,0.62,0.16,0.55,0.32,0.46,0.466711,0.0,0.0,0.0,0.0,0.0,1.0,0.0,0.0,0.0,0.0,0.056503,1.0,1.0,1.0,1.0,1.0,1.0,0.0,1.0,1.0,1.0,1.0,0.53,0.65,0.56,0.69,0.45,0.79,0.22,0.67,0.43,0.59,0.591709,0.0,1.0,0.0,1.0,0.0,1.0,0.0,1.0,0.0,0.0,0.478311,1.0,1.0,1.0,1.0,1.0,1.0,0.0,1.0,1.0,1.0,1.0
labs,monocytes_percent,%,8845.0,33417.0,12468.0,35128.0,12704.0,11287.0,15266.0,9439.0,29828.0,40332.0,208714,38341.0,451905.0,41867.0,277659.0,82783.0,101955.0,259970.0,45971.0,157654.0,419363.0,1877468,38341.0,451905.0,41867.0,277659.0,82783.0,101955.0,259970.0,45971.0,157654.0,419363.0,1877468,19.32,16.24,15.47,13.02,15.93,12.73,20.89,16.06,13.37,15.61,15.373967,463.71,389.83,371.17,312.42,382.21,305.56,501.34,385.37,320.9,374.61,368.958922,4.33,13.52,3.36,7.9,6.52,9.03,17.03,4.87,5.29,10.4,8.99529,1.0,7.0,2.0,3.0,3.0,6.0,11.0,2.0,2.0,5.0,4.441667,3.0,14.0,3.0,8.0,7.0,9.0,14.0,4.0,4.0,10.0,14.0,0.59,1.38,0.67,0.95,1.06,1.31,2.27,0.88,0.9,1.15,1.137914,1.0,1.0,1.0,1.0,1.0,1.0,2.0,1.0,1.0,1.0,1.073143,1.0,2.0,1.0,1.0,1.0,1.0,2.0,1.0,1.0,2.0,2.0,0.86,2.34,0.92,1.58,1.64,2.08,3.67,1.28,1.4,1.93,1.843647,1.0,2.0,1.0,2.0,1.0,2.0,3.0,1.0,1.0,2.0,1.722022,1.0,2.0,1.0,1.0,2.0,2.0,3.0,2.0,1.0,2.0,3.0,1.09,3.19,1.12,2.14,2.11,2.76,4.79,1.62,1.82,2.62,2.451724,1.0,3.0,1.0,2.0,1.0,3.0,4.0,1.0,1.0,2.0,2.009353,1.0,4.0,2.0,2.0,2.0,3.0,3.0,1.0,1.0,3.0,4.0
labs,procalcitonin,ng/ml,7631.0,4204.0,,14280.0,911.0,646.0,,,17293.0,9684.0,54649,14585.0,7596.0,,37444.0,1417.0,844.0,,,35162.0,30008.0,127056,14585.0,7596.0,,37444.0,1417.0,844.0,,,35162.0,30008.0,127056,17.94,15.24,,18.8,18.11,25.38,,,16.08,24.23,18.573836,430.55,365.79,,451.11,434.61,609.12,,,386.01,581.54,445.780975,1.91,1.81,,2.62,1.56,1.31,,,2.03,3.1,2.323751,1.0,1.0,,1.0,1.0,1.0,,,1.0,2.0,1.177204,1.0,1.0,,2.0,1.0,0.0,,,1.0,2.0,2.0,0.65,0.84,,0.57,0.57,0.35,,,0.55,0.61,0.6001,1.0,1.0,,1.0,1.0,0.0,,,1.0,1.0,0.988179,1.0,1.0,,1.0,1.0,1.0,,,1.0,1.0,1.0,0.81,1.01,,0.76,0.7,0.46,,,0.74,0.88,0.796603,1.0,1.0,,1.0,1.0,0.0,,,1.0,1.0,0.988179,1.0,0.0,,1.0,1.0,1.0,,,1.0,1.0,1.0,0.92,1.11,,0.94,0.8,0.54,,,0.89,1.06,0.948665,1.0,1.0,,1.0,1.0,1.0,,,1.0,1.0,1.0,1.0,1.0,,1.0,1.0,1.0,,,1.0,2.0,2.0
labs,basophils_percent,%,6242.0,31213.0,12468.0,35114.0,12176.0,11262.0,15147.0,9484.0,29719.0,39611.0,202436,25241.0,391093.0,41867.0,275291.0,69778.0,100932.0,256082.0,47078.0,156773.0,411319.0,1775454,25241.0,391093.0,41867.0,275291.0,69778.0,100932.0,256082.0,47078.0,156773.0,411319.0,1775454,21.19,16.98,15.47,13.09,16.21,12.75,21.02,16.15,13.4,15.82,15.57128,508.65,407.59,371.17,314.2,389.13,306.04,504.42,387.51,321.59,379.8,373.745388,4.04,12.53,3.36,7.84,5.73,8.96,16.91,4.96,5.28,10.38,8.770346,1.0,6.0,2.0,3.0,2.0,6.0,11.0,2.0,2.0,5.0,4.242328,3.0,13.0,3.0,8.0,6.0,9.0,14.0,4.0,4.0,10.0,14.0,0.48,1.14,0.67,0.94,0.93,1.29,2.26,0.87,0.89,1.12,1.082262,0.0,1.0,1.0,1.0,1.0,1.0,2.0,1.0,1.0,1.0,1.043989,1.0,2.0,1.0,1.0,1.0,1.0,2.0,1.0,1.0,2.0,2.0,0.69,1.98,0.92,1.56,1.45,2.07,3.65,1.29,1.4,1.89,1.765086,0.0,2.0,1.0,1.0,1.0,2.0,3.0,1.0,1.0,2.0,1.524304,1.0,2.0,1.0,1.0,2.0,2.0,3.0,2.0,1.0,2.0,3.0,0.9,2.74,1.12,2.11,1.86,2.74,4.77,1.64,1.81,2.57,2.351844,1.0,2.0,1.0,2.0,1.0,3.0,4.0,1.0,1.0,2.0,1.859052,1.0,3.0,2.0,2.0,3.0,3.0,3.0,1.0,1.0,3.0,3.0
labs,creatinine,mg/dl,29449.0,43495.0,26485.0,57730.0,27688.0,14512.0,15577.0,18728.0,55294.0,59314.0,348272,453613.0,887133.0,415758.0,938191.0,431701.0,234993.0,290596.0,409313.0,779345.0,1142271.0,5982914,453613.0,887133.0,415758.0,938191.0,431701.0,234993.0,290596.0,409313.0,779345.0,1142271.0,5982914,12.27,13.91,10.94,10.6,11.56,11.45,20.51,12.57,10.5,13.1,12.251257,294.5,333.88,262.67,254.34,277.53,274.86,492.34,301.64,251.94,314.39,294.03603,15.4,20.4,15.7,16.25,15.59,16.19,18.66,21.86,14.09,19.26,17.178773,9.0,12.0,9.0,9.0,9.0,11.0,12.0,14.0,8.0,10.0,9.872594,14.0,18.0,13.0,12.0,13.0,14.0,16.0,21.0,11.0,15.0,21.0,2.19,2.61,2.4,2.17,2.34,2.3,2.35,3.35,2.19,2.45,2.385431,2.0,2.0,2.0,2.0,2.0,2.0,2.0,3.0,2.0,2.0,2.053774,2.0,2.0,1.0,2.0,2.0,2.0,2.0,2.0,2.0,2.0,2.0,3.64,4.34,3.94,3.69,3.91,3.85,3.8,5.26,3.51,4.02,3.927088,3.0,4.0,4.0,3.0,3.0,3.0,3.0,4.0,3.0,3.0,3.254709,2.0,3.0,2.0,3.0,3.0,3.0,3.0,4.0,2.0,2.0,4.0,4.87,5.79,5.27,4.98,5.23,5.13,5.0,6.86,4.64,5.34,5.229358,4.0,5.0,5.0,4.0,4.0,5.0,4.0,6.0,4.0,4.0,4.350152,3.0,4.0,2.0,3.0,3.0,3.0,3.0,5.0,3.0,3.0,5.0
labs,calcium_total,mg/dl,29455.0,43439.0,25196.0,57724.0,27678.0,14512.0,15552.0,18749.0,54921.0,59313.0,346539,454597.0,878067.0,352811.0,937094.0,425015.0,331372.0,298667.0,405522.0,766985.0,1142355.0,5992485,454597.0,878067.0,352811.0,937094.0,425015.0,331372.0,298667.0,405522.0,766985.0,1142355.0,5992485,12.27,13.93,11.27,10.6,11.57,11.45,20.54,12.55,10.55,13.1,12.292709,294.52,334.3,270.45,254.36,277.62,274.86,492.88,301.31,253.24,314.4,295.023492,15.43,20.21,14.0,16.23,15.36,22.83,19.2,21.63,13.97,19.26,17.291544,9.0,11.0,8.0,9.0,9.0,15.0,11.0,13.0,8.0,10.0,9.748101,14.0,18.0,14.0,12.0,14.0,20.0,16.0,21.0,11.0,15.0,21.0,2.19,2.5,1.93,2.17,2.26,3.32,2.64,2.86,2.16,2.45,2.355726,2.0,2.0,2.0,2.0,2.0,3.0,2.0,2.0,2.0,2.0,2.041877,2.0,2.0,2.0,2.0,2.0,2.0,1.0,2.0,2.0,2.0,2.0,3.64,4.22,3.27,3.68,3.8,5.46,4.29,4.81,3.46,4.02,3.910445,3.0,4.0,3.0,3.0,3.0,5.0,4.0,4.0,3.0,3.0,3.308087,2.0,3.0,2.0,3.0,3.0,4.0,2.0,3.0,2.0,2.0,4.0,4.87,5.66,4.38,4.97,5.1,7.26,5.64,6.43,4.58,5.34,5.221955,4.0,5.0,4.0,4.0,4.0,6.0,5.0,6.0,4.0,4.0,4.36219,3.0,4.0,4.0,3.0,3.0,6.0,4.0,4.0,2.0,3.0,6.0
labs,neutrophils_percent,%,9268.0,31216.0,12467.0,34239.0,12700.0,9620.0,15271.0,9442.0,29831.0,40367.0,204421,60325.0,391100.0,41866.0,271155.0,82743.0,83365.0,260324.0,45986.0,157702.0,419309.0,1813875,60325.0,391100.0,41866.0,271155.0,82743.0,83365.0,260324.0,45986.0,157702.0,419309.0,1813875,19.05,16.98,15.47,13.07,15.93,13.2,20.88,16.06,13.37,15.6,15.533282,457.2,407.56,371.19,313.75,382.28,316.84,501.17,385.43,320.88,374.36,372.805875,6.51,12.53,3.36,7.92,6.52,8.67,17.05,4.87,5.29,10.39,8.875383,2.0,6.0,2.0,3.0,3.0,6.0,11.0,2.0,2.0,5.0,4.293419,5.0,13.0,3.0,8.0,7.0,8.0,14.0,4.0,4.0,10.0,14.0,0.88,1.14,0.67,0.95,1.06,1.23,2.27,0.88,0.9,1.15,1.106348,1.0,1.0,1.0,1.0,1.0,1.0,2.0,1.0,1.0,1.0,1.074704,2.0,2.0,1.0,1.0,1.0,1.0,2.0,1.0,1.0,2.0,2.0,1.28,1.98,0.92,1.58,1.64,1.96,3.67,1.28,1.4,1.93,1.793961,1.0,2.0,1.0,2.0,1.0,2.0,3.0,1.0,1.0,2.0,1.714134,2.0,2.0,1.0,1.0,2.0,2.0,3.0,2.0,1.0,2.0,3.0,1.63,2.74,1.12,2.14,2.11,2.59,4.8,1.62,1.82,2.62,2.388389,1.0,2.0,1.0,2.0,1.0,3.0,4.0,1.0,1.0,2.0,1.835897,2.0,3.0,2.0,2.0,2.0,3.0,3.0,1.0,1.0,3.0,3.0
labs,bicarbonate,mmol/l,29615.0,39319.0,26475.0,57724.0,27682.0,14512.0,14380.0,18720.0,55159.0,59346.0,342932,608500.0,826953.0,411750.0,936731.0,434645.0,424277.0,219184.0,393634.0,790166.0,1157535.0,6203375,608500.0,826953.0,411750.0,936731.0,434645.0,424277.0,219184.0,393634.0,790166.0,1157535.0,6203375,12.21,14.41,10.95,10.6,11.57,11.45,21.4,12.57,10.51,13.09,12.294004,292.97,345.8,262.77,254.36,277.59,274.86,513.49,301.75,252.26,314.23,295.046228,20.55,21.03,15.55,16.23,15.7,29.24,15.24,21.03,14.33,19.5,18.089476,11.0,12.0,9.0,9.0,9.0,18.0,8.0,13.0,8.0,10.0,10.086169,16.0,19.0,13.0,12.0,13.0,26.0,14.0,20.0,12.0,15.0,26.0,3.44,2.51,2.37,2.18,2.3,4.13,3.54,2.68,2.35,2.58,2.614409,2.0,2.0,2.0,2.0,2.0,4.0,3.0,2.0,2.0,2.0,2.126567,2.0,2.0,1.0,2.0,2.0,4.0,3.0,1.0,2.0,1.0,4.0,5.38,4.26,3.89,3.69,3.88,6.91,5.36,4.57,3.69,4.18,4.2712,4.0,4.0,3.0,3.0,3.0,6.0,5.0,4.0,3.0,3.0,3.466419,4.0,3.0,2.0,3.0,3.0,4.0,4.0,3.0,2.0,2.0,4.0,6.97,5.73,5.18,4.97,5.21,9.2,6.62,6.15,4.84,5.52,5.652316,5.0,5.0,5.0,4.0,4.0,8.0,6.0,6.0,4.0,4.0,4.640526,5.0,4.0,2.0,3.0,3.0,6.0,6.0,4.0,3.0,3.0,6.0
vitals,dbp,nan,30880.0,44366.0,26903.0,58262.0,29510.0,14900.0,15800.0,18928.0,59106.0,60391.0,359046,8783485.0,16310373.0,4295393.0,8761065.0,5763972.0,2437556.0,3946222.0,5645294.0,18364669.0,22274994.0,96583023,8783485.0,16310373.0,4295393.0,8761065.0,5763972.0,2437556.0,3946222.0,5645294.0,18364669.0,22274994.0,96583023,11.75,13.65,10.8,10.49,10.67,11.35,20.23,12.45,9.87,12.88,11.894418,282.05,327.62,259.16,251.74,256.15,272.51,485.58,298.73,236.96,309.04,285.475548,284.44,367.63,159.66,150.37,195.32,163.59,249.76,298.25,310.71,368.85,268.998634,157.0,192.0,84.0,84.0,112.0,101.0,125.0,172.0,161.0,189.0,143.410296,254.0,290.0,140.0,123.0,171.0,145.0,222.0,263.0,257.0,291.0,291.0,50.71,67.79,33.3,24.83,43.64,24.59,27.64,47.45,67.24,53.53,47.65986,43.0,60.0,30.0,21.0,38.0,23.0,27.0,43.0,68.0,48.0,43.5681,32.0,50.0,13.0,20.0,34.0,25.0,5.0,28.0,46.0,32.0,50.0,83.28,106.0,54.17,40.71,69.49,39.99,49.22,78.84,108.33,87.84,77.22638,72.0,93.0,52.0,36.0,59.0,37.0,51.0,74.0,101.0,80.0,70.034575,53.0,75.0,24.0,31.0,59.0,39.0,9.0,49.0,98.0,52.0,98.0,107.61,133.9,69.14,53.2,87.09,52.77,67.09,102.66,136.31,115.18,99.138438,94.0,116.0,72.0,46.0,73.0,48.0,74.0,96.0,118.0,105.0,88.672552,76.0,97.0,46.0,43.0,79.0,50.0,25.0,72.0,133.0,72.0,133.0
vitals,heart_rate,nan,30828.0,44397.0,26910.0,58772.0,29512.0,14986.0,15801.0,18934.0,59115.0,60443.0,359698,8247054.0,15632975.0,4062427.0,12688591.0,5443589.0,4261330.0,4018310.0,5471411.0,19285507.0,32902471.0,112013665,8247054.0,15632975.0,4062427.0,12688591.0,5443589.0,4261330.0,4018310.0,5471411.0,19285507.0,32902471.0,112013665,11.77,13.64,10.8,10.42,10.67,11.3,20.23,12.44,9.87,12.87,11.877318,282.51,327.4,259.09,250.17,256.13,271.19,485.55,298.64,236.93,308.79,285.071914,267.52,352.12,150.96,215.9,184.45,284.35,254.31,288.97,326.24,544.36,311.412028,143.0,182.0,79.0,118.0,105.0,164.0,125.0,162.0,169.0,264.0,161.513069,230.25,278.0,133.0,169.0,163.0,238.75,224.0,258.0,275.0,424.0,424.0,43.57,61.69,29.71,39.18,35.57,43.84,26.57,39.55,66.77,70.06,50.712974,36.0,55.0,27.0,31.0,29.0,40.0,26.0,34.0,67.0,64.0,45.702428,25.0,44.0,9.0,21.0,25.0,20.0,4.0,19.0,47.0,42.0,47.0,70.93,97.03,48.75,63.72,58.45,72.62,47.7,66.16,108.93,116.87,83.05383,62.0,84.0,49.0,54.0,51.0,70.0,50.0,62.0,103.0,109.0,75.975357,40.0,65.0,19.0,31.0,44.0,33.0,7.0,31.0,97.0,71.0,97.0,92.29,123.47,62.78,82.14,75.19,95.59,65.4,87.51,138.29,155.18,107.701829,84.0,107.0,71.0,74.0,66.0,95.0,73.0,86.0,122.0,144.0,99.163326,58.0,83.0,41.0,47.0,61.0,51.0,22.0,50.0,134.0,100.0,134.0
vitals,height_cm,nan,23798.0,19611.0,621.0,26100.0,6870.0,5491.0,6145.0,10521.0,14673.0,38442.0,152272,338278.0,28621.0,651.0,82974.0,8193.0,7519.0,12979.0,44338.0,20450.0,182029.0,726032,338278.0,28621.0,651.0,82974.0,8193.0,7519.0,12979.0,44338.0,20450.0,182029.0,726032,13.62,17.15,32.8,14.03,14.23,13.69,27.11,16.52,12.33,16.72,15.656242,326.98,411.63,787.31,336.75,341.43,328.63,650.57,396.51,295.81,401.33,375.774629,14.21,1.46,1.05,3.18,1.19,1.37,2.11,4.21,1.39,4.74,4.767912,4.0,1.0,1.0,1.0,1.0,1.0,1.0,1.0,1.0,2.0,1.721314,11.0,1.0,0.0,1.0,0.0,0.0,1.0,1.0,0.0,4.0,11.0,2.46,0.69,0.4,0.85,0.69,0.75,0.91,0.66,0.69,0.98,1.07505,2.0,1.0,0.0,1.0,1.0,1.0,1.0,0.0,1.0,1.0,1.083114,3.0,1.0,1.0,1.0,1.0,1.0,0.0,1.0,1.0,1.0,3.0,3.76,0.82,0.4,1.11,0.79,0.84,1.01,1.07,0.84,1.44,1.510234,2.0,1.0,0.0,1.0,1.0,1.0,1.0,1.0,1.0,1.0,1.152208,5.0,1.0,1.0,0.0,1.0,1.0,0.0,1.0,1.0,2.0,5.0,4.78,0.91,0.4,1.3,0.86,0.91,1.09,1.37,0.93,1.81,1.845524,2.0,1.0,0.0,1.0,1.0,1.0,1.0,1.0,1.0,1.0,1.152208,6.0,0.0,1.0,0.0,0.0,0.0,0.0,0.0,0.0,1.0,6.0
vitals,map,nan,30580.0,44357.0,26907.0,58334.0,29437.0,14872.0,15802.0,16898.0,59106.0,53618.0,349911,7838858.0,16845576.0,4304810.0,16521762.0,5169768.0,2363332.0,3924572.0,3370113.0,18364650.0,11758574.0,90462015,7838858.0,16845576.0,4304810.0,16521762.0,5169768.0,2363332.0,3924572.0,3370113.0,18364650.0,11758574.0,90462015,11.86,13.65,10.8,10.49,10.7,11.37,20.23,13.01,9.87,13.57,12.018003,284.68,327.69,259.1,251.7,256.75,272.79,485.52,312.3,236.96,325.61,288.426946,256.34,379.77,159.99,283.23,175.62,158.91,248.36,199.44,310.71,219.3,258.528983,141.0,194.0,84.0,158.0,99.0,99.0,124.0,86.0,161.0,114.0,136.668419,228.0,299.0,140.0,231.0,153.0,141.0,220.0,175.0,257.0,192.0,299.0,46.48,71.77,33.44,47.78,35.06,24.06,27.52,34.27,67.24,19.66,44.937408,39.0,62.0,30.0,42.0,29.0,23.0,27.0,30.0,68.0,14.0,40.293603,31.0,52.0,13.0,40.0,26.0,25.0,5.0,20.0,46.0,30.0,52.0,76.41,112.25,54.34,78.38,57.43,39.15,49.0,58.4,108.33,36.11,73.513214,65.0,95.0,52.0,69.0,49.0,36.0,51.0,53.0,101.0,31.0,65.550926,52.0,78.0,24.0,62.0,46.0,39.0,8.0,44.0,98.0,50.0,98.0,98.76,141.52,69.34,102.21,73.31,51.66,66.79,75.82,136.31,51.33,94.873896,86.0,119.0,72.0,88.0,63.0,47.0,74.0,69.0,118.0,47.0,83.914018,74.0,101.0,46.0,86.0,63.0,49.0,25.0,71.0,133.0,67.0,133.0
vitals,respiratory_rate,nan,30771.0,44204.0,26894.0,58648.0,29482.0,14942.0,15447.0,18931.0,58629.0,60385.0,358333,7872846.0,13527605.0,4027551.0,11009269.0,5300052.0,3980609.0,2465430.0,5417593.0,13497140.0,21109579.0,88207674,7872846.0,13527605.0,4027551.0,11009269.0,5300052.0,3980609.0,2465430.0,5417593.0,13497140.0,21109579.0,88207674,11.79,13.7,10.8,10.45,10.68,11.3,20.62,12.45,9.95,12.88,11.918382,283.01,328.8,259.17,250.69,256.39,271.1,494.8,298.69,238.85,309.08,286.01897,255.85,306.03,149.76,187.72,179.77,266.4,159.61,286.18,230.21,349.58,246.161046,137.0,154.0,78.0,103.0,95.0,168.5,85.0,160.0,119.0,162.0,127.203501,221.0,246.0,131.0,152.0,153.0,223.0,134.0,255.0,201.0,274.0,274.0,41.78,52.13,29.37,34.25,35.27,38.74,15.82,38.68,46.51,43.2,39.960903,35.0,46.0,27.0,27.0,28.0,36.0,18.0,33.0,39.0,40.0,34.571505,24.0,42.0,9.0,20.0,27.0,19.0,24.0,18.0,53.0,24.0,53.0,68.08,82.39,48.24,56.01,57.84,65.42,28.46,64.95,75.74,71.78,65.430838,60.0,72.0,49.0,47.0,48.0,63.0,29.0,61.0,59.0,69.0,57.734348,40.0,60.0,19.0,32.0,49.0,31.0,45.0,30.0,83.0,43.0,83.0,88.43,104.93,62.16,72.12,74.07,87.03,39.13,86.08,96.22,95.32,84.770775,81.0,92.0,71.0,63.0,62.0,87.0,37.0,85.0,72.0,92.0,76.043058,57.0,79.0,41.0,45.0,66.0,45.0,62.0,49.0,100.0,65.0,100.0
vitals,sbp,nan,30880.0,44366.0,26903.0,58262.0,29688.0,14900.0,15800.0,18928.0,59106.0,60391.0,359224,8784284.0,16310931.0,4302553.0,8761117.0,6330310.0,2437556.0,3947259.0,5645294.0,18378855.0,22274749.0,97172908,8784284.0,16310931.0,4302553.0,8761117.0,6330310.0,2437556.0,3947259.0,5645294.0,18378855.0,22274749.0,97172908,11.75,13.65,10.8,10.49,10.61,11.35,20.23,12.45,9.87,12.88,11.888853,282.05,327.62,259.16,251.74,254.64,272.51,485.58,298.73,236.96,309.04,285.336223,284.47,367.64,159.93,150.37,213.23,163.59,249.83,298.25,310.95,368.84,270.507215,157.0,192.0,84.0,84.0,123.0,101.0,125.0,172.0,161.0,189.0,144.303824,254.0,290.0,140.0,123.0,184.0,145.0,222.0,263.0,257.0,291.0,291.0,50.71,67.79,33.44,24.83,48.3,24.59,27.64,47.45,67.33,53.52,48.066605,43.0,60.0,30.0,21.0,42.0,23.0,27.0,43.0,68.0,48.0,43.89592,32.0,50.0,13.0,20.0,36.0,25.0,5.0,28.0,46.0,32.0,50.0,83.29,106.01,54.34,40.71,75.86,39.99,49.23,78.84,108.45,87.84,77.784005,72.0,93.0,52.0,36.0,66.0,37.0,51.0,74.0,102.0,80.0,70.772159,53.0,75.0,24.0,31.0,61.0,39.0,9.0,49.0,98.0,52.0,98.0,107.62,133.91,69.34,53.2,94.7,52.77,67.11,102.66,136.46,115.18,99.804028,94.0,116.0,72.0,46.0,82.0,48.0,74.0,96.0,118.0,105.0,89.408589,76.0,97.0,46.0,43.0,82.0,50.0,25.0,72.0,132.0,72.0,132.0
vitals,spo2,nan,30724.0,44302.0,26858.0,58725.0,29472.0,14964.0,15781.0,18898.0,59016.0,60335.0,359075,7778700.0,15271746.0,3980361.0,12282599.0,5053033.0,4060220.0,4729026.0,5179930.0,18259313.0,20030238.0,96625166,7778700.0,15271746.0,3980361.0,12282599.0,5053033.0,4060220.0,4729026.0,5179930.0,18259313.0,20030238.0,96625166,11.81,13.67,10.82,10.43,10.69,11.32,20.26,12.47,9.89,12.89,11.899408,283.44,328.09,259.56,250.37,256.47,271.58,486.18,299.2,237.32,309.33,285.556199,253.18,344.72,148.2,209.15,171.45,271.33,299.67,274.1,309.4,331.98,269.094009,136.0,175.0,77.0,113.0,98.0,155.0,136.0,153.0,158.0,167.0,140.02942,220.25,272.0,130.0,164.0,150.0,227.0,259.0,246.0,262.0,259.0,272.0,41.59,59.0,28.82,37.37,33.15,40.98,30.22,36.44,62.67,42.48,44.217949,35.0,53.0,27.0,30.0,28.0,38.0,30.0,32.0,64.0,40.0,40.584001,24.0,44.0,8.0,19.0,23.0,19.0,8.0,17.0,47.0,20.0,47.0,67.83,93.34,47.48,60.99,54.49,68.44,53.96,61.61,102.44,71.07,72.562932,61.0,81.0,49.0,53.0,48.0,67.0,57.0,59.0,97.0,69.0,67.424641,40.0,64.0,19.0,30.0,41.0,31.0,16.0,29.0,95.0,35.0,95.0,88.17,119.1,61.27,78.73,70.02,90.5,73.94,81.93,130.2,94.64,94.078762,81.0,103.0,70.0,73.0,62.0,92.0,80.0,81.0,115.0,93.0,88.042609,57.0,82.0,42.0,46.0,57.0,50.0,35.0,49.0,128.0,54.0,128.0
vitals,temp_c,nan,30071.0,43828.0,26408.0,58308.0,29282.0,14700.0,15664.0,18803.0,57132.0,59744.0,353940,3450842.0,8334626.0,1159375.0,5774667.0,2758769.0,1012327.0,1819566.0,2029060.0,7037849.0,8863945.0,42241026,3450842.0,8334626.0,1159375.0,5774667.0,2758769.0,1012327.0,1819566.0,2029060.0,7037849.0,8863945.0,42241026,12.06,13.82,10.96,10.5,10.75,11.5,20.41,12.53,10.21,13.01,12.063478,289.49,331.58,263.05,252.12,258.09,275.96,489.73,300.66,245.01,312.33,289.543929,114.76,190.17,43.9,99.04,94.21,68.87,116.16,107.91,123.19,148.37,119.347264,59.0,87.0,22.0,50.0,47.0,43.0,51.0,61.0,52.0,81.0,58.902441,97.0,164.0,38.0,76.0,83.0,61.0,98.0,100.0,99.0,116.0,164.0,16.77,30.91,9.2,14.09,14.84,6.52,12.92,12.31,21.78,14.38,16.927202,7.0,12.0,7.0,8.0,7.0,6.0,7.0,7.0,9.0,11.0,8.740374,19.0,42.0,4.0,11.0,13.0,4.0,16.0,7.0,17.0,10.0,42.0,27.65,50.21,14.58,24.21,25.84,11.77,22.53,21.72,37.48,25.65,28.799939,14.0,22.0,12.0,15.0,12.0,12.0,13.0,13.0,15.0,21.0,16.003235,24.0,59.0,9.0,16.0,22.0,8.0,22.0,12.0,26.0,15.0,59.0,36.45,65.0,18.55,32.36,34.33,16.63,30.42,29.68,48.93,35.85,38.264108,20.0,29.0,17.0,21.0,18.0,17.0,19.0,19.0,21.0,31.0,22.686108,27.0,72.0,13.0,19.0,25.0,10.0,25.0,15.0,31.0,19.0,72.0
vitals,weight_kg,nan,27202.0,37908.0,23458.0,49701.0,23398.0,11602.0,2237.0,16423.0,51998.0,53353.0,297280,306913.0,396134.0,245923.0,343356.0,132411.0,74219.0,5092.0,152505.0,440604.0,681166.0,2778323,306913.0,396134.0,245923.0,343356.0,132411.0,74219.0,5092.0,152505.0,440604.0,681166.0,2778323,13.02,15.2,11.65,11.5,12.61,12.99,32.5,13.85,11.04,14.08,12.938667,312.58,364.9,279.56,276.09,302.68,311.86,780.08,332.43,265.06,338.01,310.604745,11.28,10.45,10.48,6.91,5.66,6.4,2.28,9.29,8.47,12.77,9.345894,6.0,6.0,3.0,4.0,4.0,4.0,1.0,5.0,6.0,8.0,5.459506,10.0,9.0,5.0,6.0,5.0,6.0,1.0,8.0,7.0,10.0,10.0,1.39,1.0,1.38,0.92,0.75,0.75,0.43,0.9,0.96,1.42,1.081431,1.0,1.0,1.0,1.0,1.0,1.0,0.0,1.0,1.0,1.0,0.992475,1.0,0.0,1.0,0.0,1.0,1.0,1.0,1.0,0.0,1.0,1.0,2.24,1.71,2.33,1.53,1.22,1.23,0.61,1.63,1.72,2.42,1.836503,2.0,2.0,2.0,2.0,1.0,1.0,0.0,1.0,2.0,2.0,1.811972,2.0,1.0,1.0,1.0,1.0,1.0,1.0,1.0,1.0,2.0,2.0,2.99,2.38,3.16,2.1,1.66,1.68,0.77,2.26,2.41,3.36,2.52895,3.0,3.0,2.0,2.0,2.0,2.0,1.0,2.0,2.0,3.0,2.390965,3.0,2.0,2.0,2.0,1.0,2.0,1.0,2.0,1.0,3.0,3.0
respiratory_support,fio2_set,nan,20595.0,33551.0,21823.0,38417.0,18856.0,10258.0,14453.0,14722.0,55053.0,43866.0,271594,1587546.0,4741317.0,669491.0,4195672.0,2456299.0,641849.0,3361434.0,2401269.0,4529524.0,9610314.0,34194715,1587546.0,4741317.0,669491.0,4195672.0,2456299.0,641849.0,3361434.0,2401269.0,4529524.0,9610314.0,34194715,14.15,15.43,11.51,12.71,13.7,13.13,21.31,14.1,10.4,15.09,13.592537,339.67,370.29,276.17,305.07,328.87,315.07,511.44,338.46,249.6,362.23,326.238638,77.08,141.32,30.68,109.21,130.27,62.57,232.58,163.11,82.28,219.08,125.904337,22.0,34.0,10.0,26.0,62.0,21.0,66.0,44.0,32.0,53.0,36.391253,68.0,115.0,30.0,89.0,133.0,61.0,222.0,138.0,71.0,183.0,222.0,10.16,16.73,5.94,15.04,20.71,9.42,23.35,20.51,13.66,27.68,16.829431,8.0,12.0,6.0,12.0,14.0,8.0,28.0,17.0,11.0,26.0,14.383304,10.0,16.0,4.0,16.0,18.0,7.0,23.0,22.0,8.0,30.0,30.0,16.99,27.86,9.04,24.59,32.43,15.1,40.1,35.34,22.46,43.81,27.434665,13.0,20.0,9.0,18.0,24.0,13.0,43.0,26.0,18.0,35.0,21.882225,19.0,30.0,9.0,30.0,31.0,14.0,52.0,45.0,18.0,58.0,58.0,22.47,36.78,11.5,32.16,41.99,19.68,54.06,46.8,29.51,56.74,35.938795,16.0,24.0,9.0,20.0,32.0,16.0,49.0,31.0,23.0,39.0,25.805368,27.0,44.0,15.0,42.0,42.0,20.0,80.0,64.0,27.0,85.0,85.0
respiratory_support,lpm_set,nan,23581.0,35397.0,21900.0,47745.0,21500.0,11951.0,12392.0,15109.0,39884.0,50004.0,279463,990338.0,1997265.0,319407.0,2164117.0,2753249.0,946594.0,1046579.0,669911.0,1266551.0,3514213.0,15668224,990338.0,1997265.0,319407.0,2164117.0,2753249.0,946594.0,1046579.0,669911.0,1266551.0,3514213.0,15668224,14.02,15.85,11.9,11.68,12.77,12.87,23.6,14.12,12.0,14.55,13.777282,336.51,380.45,285.63,280.3,306.43,308.93,566.31,338.78,287.93,349.14,330.630731,42.0,56.42,14.58,45.33,128.06,79.21,84.46,44.34,31.76,70.28,56.066709,22.0,26.0,9.0,22.0,67.0,42.0,43.0,23.0,18.0,36.0,28.724572,41.0,53.0,12.0,43.0,119.0,80.0,75.0,47.0,31.0,63.0,119.0,5.04,6.46,3.02,6.92,18.16,9.57,8.64,4.31,4.49,9.8,7.47921,3.0,4.0,3.0,4.0,13.0,6.0,5.0,2.0,3.0,8.0,5.124396,8.0,10.0,5.0,11.0,15.0,17.0,17.0,6.0,7.0,17.0,17.0,9.37,11.52,5.2,12.46,29.96,18.14,16.36,8.31,7.87,17.11,13.226029,6.0,7.0,5.0,9.0,23.0,13.0,11.0,5.0,6.0,14.0,9.767125,13.0,16.0,7.0,18.0,25.0,30.0,31.0,12.0,11.0,26.0,31.0,12.93,15.82,6.72,16.77,39.85,25.23,22.62,11.94,10.81,22.78,17.898537,9.0,10.0,5.0,12.0,32.0,18.0,15.0,8.0,9.0,19.0,13.481359,17.0,22.0,8.0,23.0,34.0,40.0,39.0,16.0,15.0,32.0,40.0
respiratory_support,tidal_volume_set,nan,12420.0,22503.0,18361.0,29026.0,15720.0,8276.0,11135.0,12026.0,32033.0,36485.0,197985,235170.0,529515.0,277013.0,482171.0,2013543.0,278809.0,2400037.0,1445645.0,833278.0,5060802.0,13555983,235170.0,529515.0,277013.0,482171.0,2013543.0,278809.0,2400037.0,1445645.0,833278.0,5060802.0,13555983,16.42,17.2,12.21,13.47,14.64,13.82,23.4,14.85,13.0,15.86,15.076381,394.06,412.82,293.02,323.32,351.4,331.75,561.67,356.49,311.88,380.73,361.850855,18.93,23.53,15.09,16.61,128.09,33.69,215.54,120.21,26.01,138.71,68.469252,7.0,9.0,5.0,5.0,60.0,13.0,74.0,37.0,9.0,36.0,22.465838,18.0,23.0,15.0,16.0,132.0,34.0,237.0,104.0,26.0,127.0,237.0,3.37,3.87,3.89,3.25,20.02,9.26,23.57,18.94,4.32,24.45,11.145875,3.0,4.0,3.0,3.0,13.0,6.0,29.0,14.5,4.0,20.0,9.488461,4.0,4.0,4.0,4.0,18.0,11.0,19.0,21.0,4.0,29.0,29.0,5.46,6.18,5.74,5.08,31.06,13.63,40.23,31.5,7.08,37.08,17.512582,4.0,6.0,4.0,4.0,21.0,8.0,50.0,21.0,6.0,24.0,13.373276,8.0,8.0,7.0,7.0,31.0,17.0,48.0,38.0,9.0,54.0,54.0,7.03,7.96,7.1,6.46,40.14,16.65,54.02,40.95,9.21,46.73,22.461546,5.0,7.0,4.0,4.0,28.0,9.0,58.0,24.0,7.0,26.0,15.309786,9.0,11.0,9.0,10.0,40.0,20.0,75.0,51.0,14.0,72.0,75.0
respiratory_support,resp_rate_set,nan,14827.0,24743.0,18698.0,29933.0,18030.0,9052.0,11555.0,12558.0,32939.0,39194.0,211529,369990.0,634034.0,291990.0,626585.0,2285367.0,549481.0,2457369.0,1589174.0,1094629.0,6097084.0,15995703,369990.0,634034.0,291990.0,626585.0,2285367.0,549481.0,2457369.0,1589174.0,1094629.0,6097084.0,15995703,15.76,16.64,12.12,13.63,13.96,13.56,23.08,14.68,12.82,15.48,14.818249,378.24,399.31,290.78,327.24,335.06,325.35,553.83,352.28,307.61,371.58,355.631055,24.95,25.62,15.62,20.93,126.75,60.7,212.67,126.55,33.23,155.56,75.617844,10.0,9.0,5.0,6.0,58.0,20.0,70.0,37.0,9.0,38.0,23.307178,25.0,25.0,15.0,20.0,131.0,59.0,230.0,108.0,29.0,135.0,230.0,4.25,4.18,4.08,3.51,20.49,11.23,22.96,18.91,5.44,24.81,11.692239,4.0,4.0,4.0,3.0,14.0,8.0,29.0,14.0,5.0,21.0,10.146992,4.0,4.0,4.0,4.0,18.0,12.0,20.0,21.0,4.0,29.0,29.0,6.85,6.59,5.97,5.5,31.75,17.52,39.22,31.59,8.97,38.0,18.468638,6.0,6.0,4.0,4.0,23.0,13.0,49.0,21.0,7.0,25.0,14.204416,9.0,8.0,8.0,8.0,31.0,21.0,48.0,39.0,10.0,55.0,55.0,8.8,8.45,7.37,7.04,40.89,22.19,52.71,41.16,11.7,48.23,23.769144,7.0,7.0,4.0,5.0,30.0,15.0,55.0,25.0,8.0,27.0,16.306757,13.0,12.0,9.0,10.0,42.0,27.0,76.0,52.0,15.0,75.0,76.0
respiratory_support,pressure_control_set,nan,2112.0,2588.0,1247.0,4406.0,2896.0,4842.0,11088.0,2787.0,3562.0,1906.0,37434,44472.0,63336.0,6539.0,132254.0,493943.0,118986.0,2303049.0,141911.0,33299.0,39727.0,3377516,44472.0,63336.0,6539.0,132254.0,493943.0,118986.0,2303049.0,141911.0,33299.0,39727.0,3377516,25.8,34.37,24.28,27.38,21.77,17.05,23.45,23.41,24.72,35.37,24.594747,619.18,824.86,582.78,657.03,522.53,409.13,562.88,561.82,593.29,848.9,590.281807,21.06,24.47,5.24,30.02,170.56,24.57,207.71,50.92,9.35,20.84,90.226731,8.0,6.0,1.0,10.0,72.0,11.0,72.0,4.0,2.0,4.0,31.087701,20.0,20.0,2.0,27.0,195.0,25.0,225.0,21.5,5.0,10.0,225.0,2.15,1.56,0.58,1.56,21.14,2.67,23.11,2.92,0.79,1.07,9.605156,1.0,0.0,0.0,0.0,14.0,2.0,28.0,0.0,0.0,0.0,9.691831,4.0,2.0,1.0,3.0,18.0,5.0,19.0,1.0,1.0,1.0,19.0,3.7,2.67,0.98,2.8,35.2,4.67,39.42,5.59,1.37,1.96,16.405368,1.0,0.0,0.0,1.0,25.0,3.0,48.0,0.0,0.0,0.0,16.713896,7.0,3.0,1.0,5.0,37.0,8.0,47.0,2.0,1.0,2.0,47.0,4.99,3.65,1.29,3.94,46.76,6.3,52.84,7.72,1.89,2.76,22.019373,2.0,1.0,1.0,2.0,34.0,4.0,55.0,1.0,1.0,0.0,20.059091,8.0,5.0,1.0,7.0,55.0,9.0,75.0,3.0,2.0,3.0,75.0
respiratory_support,pressure_support_set,nan,11874.0,21199.0,17410.0,21817.0,10471.0,6474.0,11116.0,9518.0,28497.0,37287.0,175663,98150.0,333391.0,256078.0,180558.0,1121104.0,162772.0,2438416.0,354635.0,374902.0,5769718.0,11089724,98150.0,333391.0,256078.0,180558.0,1121104.0,162772.0,2438416.0,354635.0,374902.0,5769718.0,11089724,18.76,19.2,13.07,16.16,17.27,16.28,23.46,17.54,14.57,16.21,16.756346,450.14,460.72,313.7,387.95,414.56,390.72,562.96,420.97,349.67,389.01,402.14379,8.27,15.73,14.71,8.28,107.07,25.14,219.36,37.26,13.16,154.74,63.133089,3.0,5.0,4.0,2.0,33.0,5.0,76.0,7.0,4.0,32.0,16.23232,7.0,13.0,15.0,4.0,108.0,21.0,243.0,23.0,9.0,121.0,243.0,0.91,1.85,1.91,1.09,17.89,1.87,23.22,2.74,1.44,20.4,7.926388,0.0,1.0,1.0,1.0,13.0,1.0,28.0,1.0,1.0,15.0,6.327975,1.0,3.0,3.0,2.0,16.0,2.0,19.0,3.0,2.0,29.0,29.0,1.43,2.89,3.17,1.63,28.47,3.54,39.87,5.55,2.28,31.12,12.58881,1.0,2.0,2.0,1.0,19.0,1.0,49.0,2.0,1.0,18.0,8.992873,2.0,3.0,3.0,2.0,32.0,4.0,47.0,5.0,3.0,46.0,47.0,1.92,3.8,4.28,2.03,36.54,5.07,53.78,7.73,3.0,39.92,16.411947,1.0,2.0,2.0,1.0,23.0,2.0,57.0,3.0,2.0,20.0,10.415341,3.0,4.0,5.0,1.0,45.0,5.0,75.0,6.0,3.0,55.0,75.0
respiratory_support,flow_rate_set,nan,1714.0,38.0,8825.0,,40.0,1369.0,11091.0,11742.0,4316.0,50004.0,89139,13955.0,148.0,211344.0,,9649.0,14963.0,2334185.0,670709.0,61067.0,3514213.0,6830233,13955.0,148.0,211344.0,,9649.0,14963.0,2334185.0,670709.0,61067.0,3514213.0,6830233,21.0,11.07,14.17,,18.23,19.56,23.45,15.08,11.17,14.55,15.727044,503.91,265.63,340.16,,437.54,469.54,562.89,361.81,268.15,349.14,377.42321,8.14,3.89,23.95,,241.22,10.93,210.46,57.12,14.15,70.28,76.625696,3.0,2.0,7.0,,178.5,3.0,72.0,13.0,5.0,36.0,31.985573,7.0,3.0,24.0,,378.75,14.0,232.0,42.0,13.0,63.0,378.75,1.52,1.45,3.86,,31.55,1.74,22.84,7.88,3.75,9.8,10.011763,1.0,1.0,4.0,,29.5,1.0,28.0,5.0,3.0,8.0,9.219747,2.0,1.0,5.0,,27.25,3.0,19.0,4.0,5.0,17.0,27.25,2.32,1.95,6.23,,54.62,3.16,39.13,13.54,5.68,17.11,17.260705,1.0,1.0,5.0,,49.0,1.0,48.0,8.0,4.0,14.0,15.625372,3.0,2.0,9.0,,50.75,5.0,47.0,9.0,9.0,26.0,50.75,2.92,2.53,8.16,,73.82,4.25,52.66,17.78,7.09,22.78,22.979846,2.0,1.0,5.0,,71.5,1.0,56.0,9.0,4.0,19.0,19.586646,4.0,2.0,13.0,,80.25,6.0,75.0,14.0,11.0,32.0,80.25
respiratory_support,peak_inspiratory_pressure_set,nan,4451.0,7156.0,866.0,4989.0,1749.0,4874.0,1215.0,2097.0,13585.0,3650.0,44632,32551.0,107328.0,3923.0,107566.0,189060.0,124165.0,5166.0,22774.0,131167.0,361213.0,1084913,32551.0,107328.0,3923.0,107566.0,189060.0,124165.0,5166.0,22774.0,131167.0,361213.0,1084913,18.48,23.74,18.64,27.14,19.61,17.02,33.56,20.49,16.32,29.59,20.935397,443.41,569.8,447.35,651.25,470.62,408.38,805.38,491.84,391.63,710.24,502.414216,7.31,15.0,4.53,21.56,108.1,25.47,4.25,10.86,9.66,98.96,24.308626,4.0,5.0,3.0,7.0,47.0,11.0,2.0,5.0,4.0,6.0,7.081847,6.0,11.0,4.0,19.0,107.0,26.0,4.0,11.0,8.0,33.0,107.0,0.96,1.38,0.61,1.14,8.36,2.79,0.66,1.16,1.24,5.92,2.022582,0.0,0.0,0.0,0.0,4.0,2.0,0.0,0.0,0.0,0.0,0.375157,2.0,2.0,1.0,2.0,13.0,5.0,1.0,1.0,2.0,3.0,13.0,1.63,2.29,1.08,2.06,15.83,4.85,1.17,2.11,2.1,10.15,3.531161,1.0,1.0,0.0,1.0,9.0,3.0,0.0,0.0,1.0,0.0,1.356516,3.0,3.0,1.0,3.0,25.0,9.0,1.0,3.0,3.0,5.0,25.0,2.24,3.11,1.47,2.92,22.63,6.54,1.56,2.95,2.86,13.75,4.854012,1.0,1.0,1.0,1.0,14.0,4.0,1.0,1.0,1.0,1.0,1.837045,3.0,4.0,2.0,4.0,34.0,10.0,2.0,4.0,4.0,6.0,34.0
respiratory_support,inspiratory_time_set,nan,14249.0,4304.0,18221.0,22730.0,6874.0,9184.0,4215.0,5774.0,31089.0,20757.0,137397,326535.0,46693.0,266989.0,450171.0,851407.0,233471.0,46907.0,59353.0,785848.0,705515.0,3772889,326535.0,46693.0,266989.0,450171.0,851407.0,233471.0,46907.0,59353.0,785848.0,705515.0,3772889,16.0,19.27,12.28,15.55,17.81,13.62,34.1,17.99,13.38,18.71,15.921596,383.99,462.59,294.7,373.25,427.5,326.79,818.43,431.72,321.02,449.04,382.099931,22.92,10.85,14.65,19.81,123.86,25.42,11.13,10.28,25.28,33.99,27.461337,9.0,4.0,5.0,5.0,51.0,10.0,4.0,4.0,8.0,7.0,8.927364,22.0,9.0,14.0,18.0,130.0,25.0,8.0,9.0,25.0,26.0,130.0,3.63,1.6,3.71,2.71,19.71,4.68,1.03,1.29,3.67,4.16,4.210513,4.0,0.0,3.0,2.0,13.0,5.0,0.0,1.0,4.0,4.0,3.679549,5.0,3.0,5.0,3.0,17.0,5.0,1.0,2.0,4.0,6.0,17.0,5.98,2.59,5.5,4.41,31.5,7.19,1.72,2.39,6.16,6.49,6.744296,5.0,1.0,4.0,3.0,22.0,6.0,1.0,1.0,6.0,5.0,5.264038,8.0,4.0,7.0,6.0,32.0,10.0,2.0,3.0,8.0,9.0,32.0,7.78,3.44,6.82,5.75,40.75,9.09,2.27,3.25,8.16,8.38,8.735192,6.0,1.0,4.0,4.0,29.0,7.0,1.0,2.0,6.0,5.0,5.992256,11.0,4.0,9.0,9.0,45.0,12.0,3.0,3.0,13.0,13.0,45.0
respiratory_support,peep_set,nan,16383.0,25157.0,20512.0,30394.0,18701.0,9687.0,11612.0,12289.0,36500.0,40547.0,221782,517952.0,828562.0,542416.0,778062.0,2349635.0,735311.0,2532157.0,1926441.0,2063798.0,7644687.0,19919021,517952.0,828562.0,542416.0,778062.0,2349635.0,735311.0,2532157.0,1926441.0,2063798.0,7644687.0,19919021,15.05,16.44,11.78,13.57,13.77,13.31,23.04,14.75,12.41,15.29,14.529591,361.13,394.56,282.64,325.59,330.51,319.5,552.87,353.96,297.92,366.95,348.694842,31.62,32.94,26.44,25.6,125.64,75.91,218.06,156.76,56.54,188.54,89.813588,11.0,11.0,8.0,7.0,57.0,24.0,71.0,46.0,16.0,43.0,26.375026,29.0,31.0,27.0,23.0,130.0,75.0,237.0,132.0,51.0,160.0,237.0,4.67,4.5,5.03,3.93,20.48,12.1,23.04,21.08,8.6,26.35,12.721745,5.0,4.0,5.0,4.0,14.0,9.0,29.0,17.0,8.0,24.0,11.572017,3.0,4.0,5.0,4.0,18.0,12.0,20.0,21.0,8.0,29.0,29.0,7.57,7.26,7.82,6.23,31.62,19.29,39.44,36.05,14.25,40.8,20.335482,7.0,7.0,7.0,5.0,23.0,15.0,49.0,26.0,12.0,30.0,16.704124,9.0,8.0,10.0,8.0,31.0,22.0,49.0,40.0,17.0,56.0,56.0,9.85,9.47,10.02,8.01,40.65,24.87,53.11,47.37,18.66,52.27,26.372888,8.0,8.0,7.0,6.0,30.0,18.0,55.0,30.0,13.0,32.0,18.815765,13.0,12.0,15.0,11.0,42.0,30.0,76.25,57.0,25.0,81.0,81.0
respiratory_support,tidal_volume_obs,nan,15757.0,26769.0,20199.0,33835.0,18767.0,9614.0,11551.0,12699.0,36248.0,40291.0,225730,447920.0,833181.0,562760.0,826977.0,2358584.0,537093.0,2520314.0,789048.0,1652562.0,7470473.0,17998912,447920.0,833181.0,562760.0,826977.0,2358584.0,537093.0,2520314.0,789048.0,1652562.0,7470473.0,17998912,15.37,16.11,11.82,13.1,13.75,13.39,23.09,14.65,12.47,15.34,14.464322,368.93,386.75,283.7,314.39,329.89,321.45,554.07,351.64,299.27,368.23,347.163786,28.43,31.12,27.86,24.44,125.68,55.87,218.19,62.13,45.59,185.41,79.73538,10.0,10.0,8.0,7.0,57.0,18.0,71.0,16.0,13.0,41.0,23.093643,28.0,29.0,28.0,21.0,130.0,54.0,237.0,49.0,43.0,154.0,237.0,4.11,4.1,5.01,3.66,20.4,8.54,22.98,8.43,6.98,25.95,11.232688,4.0,4.0,5.0,4.0,14.0,7.0,28.0,5.0,7.0,24.0,10.38461,4.0,4.0,5.0,3.0,17.0,7.0,20.0,4.0,7.0,28.0,28.0,6.8,6.69,7.85,5.87,31.56,13.78,39.39,14.43,11.54,40.0,17.881343,7.0,7.0,7.0,5.0,23.0,11.0,49.0,9.0,10.0,28.0,14.692611,9.0,8.0,10.0,7.0,31.0,13.0,49.0,9.0,15.0,56.0,56.0,8.9,8.79,10.2,7.6,40.63,17.85,53.07,18.97,15.12,51.16,23.196273,8.0,8.0,7.0,5.0,30.0,13.0,56.0,11.0,11.0,30.0,16.536442,12.0,11.0,15.0,10.0,41.0,19.0,76.0,15.0,22.0,80.0,80.0
respiratory_support,resp_rate_obs,nan,15682.0,25871.0,19970.0,35528.0,19036.0,8985.0,11584.0,12741.0,38765.0,60143.0,248305,446238.0,728356.0,494011.0,1729010.0,2403320.0,493942.0,2531586.0,752574.0,2025557.0,11835801.0,23440395,446238.0,728356.0,494011.0,1729010.0,2403320.0,493942.0,2531586.0,752574.0,2025557.0,11835801.0,23440395,15.41,16.44,11.9,13.03,13.7,13.61,23.06,14.64,12.27,12.93,13.924736,369.78,394.53,285.5,312.78,328.74,326.63,553.53,351.32,294.56,310.31,334.194543,28.46,28.15,24.74,48.67,126.25,54.97,218.54,59.07,52.25,196.79,94.400736,10.0,10.0,8.0,10.0,58.0,18.0,71.0,15.0,16.0,81.0,35.044763,28.0,27.0,25.0,34.0,130.0,54.0,237.0,44.0,50.0,149.0,237.0,4.15,3.89,4.64,7.21,20.38,8.77,23.06,8.03,7.08,24.8,12.552015,4.0,4.0,5.0,5.0,14.0,7.0,29.0,5.0,7.0,23.0,11.386746,4.0,3.0,5.0,7.0,17.0,9.0,20.0,4.0,8.0,18.0,20.0,6.85,6.32,7.24,11.83,31.58,14.04,39.48,13.8,11.91,40.95,20.623108,7.0,6.0,6.0,7.0,23.0,11.0,49.0,9.0,10.0,37.0,17.983548,9.0,8.0,10.0,11.0,31.0,17.0,49.0,9.0,17.0,33.0,49.0,8.96,8.26,9.3,15.41,40.68,18.15,53.17,18.15,15.83,54.15,27.153858,8.0,7.0,7.0,7.0,30.0,13.0,56.0,10.0,11.0,47.0,21.796476,12.0,11.0,15.0,16.0,41.0,24.0,76.0,14.0,23.0,47.0,76.0
respiratory_support,plateau_pressure_obs,nan,11281.0,19730.0,16211.0,27448.0,11215.0,7152.0,8309.0,10774.0,21318.0,28909.0,162347,139858.0,365119.0,188234.0,456507.0,1258503.0,69814.0,99352.0,403836.0,293550.0,1026840.0,4301613,139858.0,365119.0,188234.0,456507.0,1258503.0,69814.0,99352.0,403836.0,293550.0,1026840.0,4301613,17.52,18.48,12.91,14.33,16.16,14.87,26.71,15.77,14.83,18.11,16.532362,420.48,443.41,309.85,344.0,387.95,356.84,640.93,378.49,355.85,434.68,396.776636,12.4,18.51,11.61,16.63,112.22,9.76,11.96,37.48,13.77,35.52,26.496881,5.0,7.0,4.0,5.0,43.0,4.0,5.0,9.0,5.0,8.0,8.523872,10.0,19.0,12.0,15.0,118.0,10.0,12.0,25.0,13.0,25.0,118.0,1.97,2.93,3.04,2.59,20.22,2.34,2.98,5.01,2.28,5.39,4.478496,1.0,3.0,3.0,2.0,14.0,2.0,2.0,3.0,2.0,3.0,3.225295,2.0,3.0,4.0,3.0,17.0,2.0,3.0,4.0,3.0,4.0,17.0,3.29,4.79,4.59,4.16,31.55,3.55,4.55,8.55,3.86,8.63,7.152162,2.0,4.0,3.0,3.0,23.0,2.0,3.0,4.0,2.0,4.0,4.502719,4.0,7.0,6.0,6.0,34.0,4.0,6.0,6.0,5.0,7.0,34.0,4.3,6.23,5.7,5.39,40.24,4.43,5.67,11.18,5.11,11.14,9.198169,3.0,5.0,4.0,4.0,28.0,3.0,4.0,5.0,3.0,5.0,5.779041,5.0,8.0,8.0,8.0,47.0,5.0,8.0,9.0,6.0,10.0,47.0
respiratory_support,peak_inspiratory_pressure_obs,nan,16232.0,24568.0,20037.0,33646.0,12894.0,9579.0,10001.0,12732.0,35917.0,37716.0,213322,485832.0,772433.0,492689.0,800101.0,1445620.0,481630.0,318122.0,1846556.0,1388798.0,7298590.0,15330371,485832.0,772433.0,492689.0,800101.0,1445620.0,481630.0,318122.0,1846556.0,1388798.0,7298590.0,15330371,15.13,16.67,11.86,13.14,15.49,13.42,24.86,14.62,12.52,15.67,14.71307,363.18,400.03,284.62,315.43,371.67,321.98,596.69,350.96,300.56,376.15,353.144679,29.93,31.44,24.59,23.78,112.12,50.28,31.81,145.03,38.67,193.51,71.864825,10.0,10.0,7.0,7.0,40.0,15.0,9.0,40.0,11.0,44.0,19.206205,29.0,29.0,25.0,21.0,116.0,47.0,25.0,123.0,35.0,165.0,165.0,4.27,4.11,4.62,3.56,19.72,7.68,4.73,19.14,5.59,27.05,10.418341,5.0,4.0,5.0,4.0,14.0,6.0,4.0,15.0,5.0,25.0,9.402031,4.0,4.0,4.0,3.0,17.0,6.0,5.0,20.0,6.0,28.0,28.0,7.02,6.73,7.21,5.7,30.46,12.33,7.54,32.96,9.39,41.68,16.551121,7.0,7.0,6.0,5.0,22.0,10.0,5.0,23.0,8.0,31.0,12.904825,8.0,8.0,10.0,7.0,33.0,12.0,9.0,40.0,10.0,55.0,55.0,9.19,8.83,9.26,7.37,38.76,15.96,9.69,43.48,12.37,53.3,21.363603,8.0,8.0,7.0,5.0,27.0,11.0,6.0,26.0,9.0,33.0,14.285048,12.0,11.0,15.0,10.0,46.0,17.0,12.0,56.0,16.0,80.0,80.0
respiratory_support,peep_obs,nan,1375.0,4.0,15114.0,25559.0,11532.0,2001.0,,12094.0,7714.0,17963.0,93356,4952.0,32.0,166465.0,494100.0,1307548.0,6711.0,,729847.0,87946.0,582956.0,3380557,4952.0,32.0,166465.0,494100.0,1307548.0,6711.0,,729847.0,87946.0,582956.0,3380557,30.08,26.47,13.33,14.84,16.06,19.02,,14.88,11.63,21.07,15.999475,721.82,635.31,319.91,356.26,385.33,456.49,,357.09,279.01,505.7,383.989177,3.6,8.0,11.01,19.33,113.38,3.35,,60.35,11.4,32.45,36.209306,2.0,9.5,4.0,6.0,41.0,2.0,,14.0,5.0,7.0,11.001318,3.0,5.0,11.0,17.0,118.0,3.0,,45.0,12.0,20.0,118.0,0.53,2.75,2.85,2.74,20.22,0.85,,8.26,2.25,4.66,5.888049,0.0,0.5,2.0,3.0,14.0,0.0,,5.0,2.0,2.0,4.072357,1.0,3.25,3.0,3.0,17.0,1.0,,4.0,3.0,5.0,17.0,0.87,3.75,4.3,4.41,31.25,1.29,,14.19,3.75,7.52,9.399461,0.0,1.5,3.0,4.0,22.0,1.0,,9.0,3.0,3.0,6.31096,1.0,5.25,6.0,5.0,34.0,2.0,,8.0,5.0,6.0,34.0,1.14,4.5,5.36,5.72,39.71,1.57,,18.63,4.9,9.78,12.089842,0.0,2.5,3.0,4.0,27.0,1.0,,11.0,3.0,3.0,7.187733,2.0,3.5,7.0,7.0,47.0,2.0,,14.0,7.0,8.0,47.0
respiratory_support,minute_vent_obs,nan,16218.0,24828.0,20152.0,30548.0,13576.0,9574.0,11559.0,12084.0,35956.0,39978.0,214473,488908.0,772827.0,507315.0,747462.0,1547779.0,321961.0,2525164.0,728378.0,1007605.0,6735654.0,15383053,488908.0,772827.0,507315.0,747462.0,1547779.0,321961.0,2525164.0,728378.0,1007605.0,6735654.0,15383053,15.11,16.56,11.83,13.54,15.17,13.43,23.07,14.89,12.52,15.42,14.715033,362.66,397.47,283.87,324.91,364.0,322.28,553.8,357.37,300.48,370.01,353.141088,30.15,31.13,25.17,24.47,114.01,33.63,218.46,60.28,28.02,168.48,71.724461,10.0,10.0,8.0,6.0,42.0,12.0,71.0,14.0,9.0,36.0,19.548946,29.0,29.0,26.0,21.0,119.0,34.0,237.0,45.0,27.0,138.0,237.0,4.28,4.1,4.7,3.68,19.41,5.41,23.07,8.26,4.25,23.02,9.946384,5.0,4.0,5.0,4.0,14.0,6.0,29.0,5.0,5.0,20.0,9.445632,4.0,4.0,5.0,3.0,16.0,4.0,20.0,4.0,4.0,27.0,27.0,7.05,6.69,7.34,5.87,30.29,8.61,39.5,14.19,7.02,35.59,15.874252,7.0,7.0,6.0,5.0,22.0,8.0,49.0,9.0,7.0,24.0,13.160393,8.0,8.0,10.0,7.0,33.0,10.0,49.0,8.0,8.0,50.0,50.0,9.23,8.76,9.42,7.56,38.77,11.1,53.2,18.63,9.2,45.61,20.584542,8.0,8.0,7.0,5.0,27.0,9.0,56.0,11.0,7.0,26.0,14.669623,12.0,11.0,14.0,10.0,46.0,16.0,76.0,14.0,13.0,70.0,76.0
respiratory_support,mean_airway_pressure_obs,nan,16019.0,24427.0,20013.0,30602.0,12450.0,9097.0,11176.0,12089.0,32252.0,37328.0,205453,470638.0,745164.0,499700.0,745461.0,1379213.0,514974.0,2507693.0,728934.0,893164.0,7059231.0,15544172,470638.0,745164.0,499700.0,745461.0,1379213.0,514974.0,2507693.0,728934.0,893164.0,7059231.0,15544172,15.24,16.71,11.87,13.53,15.61,13.56,23.37,14.88,13.0,15.74,14.940108,365.68,401.11,284.79,324.61,374.68,325.33,560.89,357.23,312.12,377.65,358.542956,29.38,30.51,24.97,24.36,110.78,56.61,224.38,60.3,27.69,189.11,75.657601,10.0,10.0,7.0,6.0,39.0,18.0,77.0,14.0,9.0,41.0,20.578784,28.0,29.0,26.0,21.0,114.0,55.0,245.0,45.0,27.0,158.0,245.0,4.15,3.96,4.62,3.65,19.79,8.55,23.72,8.23,4.24,26.45,10.61164,4.0,4.0,5.0,4.0,14.0,6.0,29.0,5.0,5.0,24.0,10.001412,4.0,3.0,4.0,3.0,17.0,7.0,18.0,4.0,4.0,28.0,28.0,6.86,6.49,7.24,5.83,30.53,13.87,40.63,14.15,7.01,40.69,16.880271,7.0,7.0,6.0,5.0,21.5,11.0,51.0,9.0,7.0,29.0,14.168715,9.0,8.0,10.0,7.0,34.0,13.0,47.0,8.0,9.0,55.25,55.25,8.99,8.53,9.32,7.52,38.77,17.99,54.73,18.59,9.17,51.99,21.845353,8.0,8.0,7.0,5.0,26.0,13.0,60.0,11.0,7.0,31.0,15.794858,12.0,12.0,15.0,10.0,46.0,19.0,76.0,14.0,13.0,80.0,80.0
labs,neutrophils_absolute,k/cu mm,,35574.0,,,,,,,,,35574,,524411.0,,,,,,,,,524411,,524411.0,,,,,,,,,524411,,15.59,,,,,,,,,15.59,,374.15,,,,,,,,,374.15,,14.74,,,,,,,,,14.74,,7.0,,,,,,,,,7.0,,14.0,,,,,,,,,14.0,,1.62,,,,,,,,,1.62,,1.0,,,,,,,,,1.0,,1.0,,,,,,,,,1.0,,2.72,,,,,,,,,2.72,,2.0,,,,,,,,,2.0,,3.0,,,,,,,,,3.0,,3.67,,,,,,,,,3.67,,3.0,,,,,,,,,3.0,,4.0,,,,,,,,,4.0
labs,ptt,seconds,,30160.0,,,,,,,,,30160,,339134.0,,,,,,,,,339134,,339134.0,,,,,,,,,339134,,16.49,,,,,,,,,16.49,,395.65,,,,,,,,,395.65,,11.24,,,,,,,,,11.24,,3.0,,,,,,,,,3.0,,11.0,,,,,,,,,11.0,,1.61,,,,,,,,,1.61,,1.0,,,,,,,,,1.0,,1.0,,,,,,,,,1.0,,2.47,,,,,,,,,2.47,,1.0,,,,,,,,,1.0,,3.0,,,,,,,,,3.0,,3.16,,,,,,,,,3.16,,2.0,,,,,,,,,2.0,,4.0,,,,,,,,,4.0
labs,esr,mm/hr,,2269.0,385.0,,,,,,1805.0,310.0,4769,,3057.0,487.0,,,,,,5074.0,365.0,8983,,3057.0,487.0,,,,,,5074.0,365.0,8983,,28.1,18.96,,,,,,20.36,12.44,23.414699,,674.39,454.97,,,,,,488.66,298.52,561.947339,,1.35,1.26,,,,,,2.81,1.18,1.884273,,1.0,1.0,,,,,,1.0,1.0,1.0,,0.0,0.0,,,,,,1.0,0.0,1.0,,0.41,0.25,,,,,,0.55,0.39,0.448771,,0.0,0.0,,,,,,0.0,0.0,0.0,,1.0,0.0,,,,,,1.0,1.0,1.0,,0.51,0.38,,,,,,0.84,0.54,0.626356,,0.0,0.0,,,,,,1.0,1.0,0.443489,,1.0,1.0,,,,,,1.0,1.0,1.0,,0.58,0.49,,,,,,1.07,0.6,0.759493,,1.0,0.0,,,,,,1.0,1.0,0.91927,,1.0,1.0,,,,,,1.0,1.0,1.0
labs,platelet_count,k/cu mm,,43263.0,,,,,,,,,43263,,816797.0,,,,,,,,,816797,,816797.0,,,,,,,,,816797,,13.98,,,,,,,,,13.98,,335.59,,,,,,,,,335.59,,18.88,,,,,,,,,18.88,,11.0,,,,,,,,,11.0,,16.0,,,,,,,,,16.0,,2.36,,,,,,,,,2.36,,2.0,,,,,,,,,2.0,,2.0,,,,,,,,,2.0,,3.91,,,,,,,,,3.91,,3.0,,,,,,,,,3.0,,3.0,,,,,,,,,3.0,,5.22,,,,,,,,,5.22,,4.0,,,,,,,,,4.0,,3.0,,,,,,,,,3.0
labs,lymphocytes_absolute,10^3/ul,,1.0,,,,,15306.0,9381.0,,,24688,,1.0,,,,,261245.0,45575.0,,,306821,,1.0,,,,,261245.0,45575.0,,,306821,,6.34,,,,,20.84,16.09,,,19.034497,,152.17,,,,,500.17,386.24,,,456.864535,,1.0,,,,,17.07,4.86,,,12.429767,,1.0,,,,,11.0,2.0,,,7.579755,,0.0,,,,,14.0,4.0,,,14.0,,0.0,,,,,2.28,0.87,,,1.744133,,0.0,,,,,2.0,1.0,,,1.619937,,0.0,,,,,2.0,1.0,,,2.0,,0.0,,,,,3.67,1.28,,,2.761694,,0.0,,,,,3.0,1.0,,,2.239914,,0.0,,,,,3.0,2.0,,,3.0,,0.0,,,,,4.8,1.61,,,3.587662,,0.0,,,,,4.0,1.0,,,2.859891,,0.0,,,,,3.0,1.0,,,3.0
labs,lymphocytes_absolute,k/cu mm,,35574.0,,,,,,,,,35574,,524398.0,,,,,,,,,524398,,524398.0,,,,,,,,,524398,,15.59,,,,,,,,,15.59,,374.15,,,,,,,,,374.15,,14.74,,,,,,,,,14.74,,7.0,,,,,,,,,7.0,,14.0,,,,,,,,,14.0,,1.62,,,,,,,,,1.62,,1.0,,,,,,,,,1.0,,1.0,,,,,,,,,1.0,,2.72,,,,,,,,,2.72,,2.0,,,,,,,,,2.0,,3.0,,,,,,,,,3.0,,3.67,,,,,,,,,3.67,,3.0,,,,,,,,,3.0,,4.0,,,,,,,,,4.0
labs,pt,seconds,,32971.0,,,,,,,,,32971,,248771.0,,,,,,,,,248771,,248771.0,,,,,,,,,248771,,15.96,,,,,,,,,15.96,,382.97,,,,,,,,,382.97,,7.55,,,,,,,,,7.55,,3.0,,,,,,,,,3.0,,7.0,,,,,,,,,7.0,,1.46,,,,,,,,,1.46,,1.0,,,,,,,,,1.0,,1.0,,,,,,,,,1.0,,2.08,,,,,,,,,2.08,,1.0,,,,,,,,,1.0,,2.0,,,,,,,,,2.0,,2.55,,,,,,,,,2.55,,2.0,,,,,,,,,2.0,,2.0,,,,,,,,,2.0
labs,esr,mm/h,,1931.0,,,,,,,,3215.0,5146,,2934.0,,,,,,,,4357.0,7291,,2934.0,,,,,,,,4357.0,7291,,27.35,,,,,,,,28.99,28.374602,,656.47,,,,,,,,695.85,681.072934,,1.52,,,,,,,,1.36,1.420039,,1.0,,,,,,,,1.0,1.0,,0.0,,,,,,,,0.0,0.0,,0.4,,,,,,,,0.37,0.381257,,0.0,,,,,,,,0.0,0.0,,1.0,,,,,,,,1.0,1.0,,0.5,,,,,,,,0.49,0.493752,,0.0,,,,,,,,0.0,0.0,,1.0,,,,,,,,1.0,1.0,,0.58,,,,,,,,0.58,0.58,,1.0,,,,,,,,1.0,1.0,,1.0,,,,,,,,1.0,1.0
labs,wbc,k/cu mm,,43262.0,,,,,,,,,43262,,806000.0,,,,,,,,,806000,,806000.0,,,,,,,,,806000,,13.98,,,,,,,,,13.98,,335.6,,,,,,,,,335.6,,18.63,,,,,,,,,18.63,,10.0,,,,,,,,,10.0,,16.0,,,,,,,,,16.0,,2.31,,,,,,,,,2.31,,2.0,,,,,,,,,2.0,,2.0,,,,,,,,,2.0,,3.84,,,,,,,,,3.84,,3.0,,,,,,,,,3.0,,3.0,,,,,,,,,3.0,,5.14,,,,,,,,,5.14,,4.0,,,,,,,,,4.0,,3.0,,,,,,,,,3.0
labs,pco2_venous,mm hg,,10205.0,,,,,,,,,10205,,92099.0,,,,,,,,,92099,,92099.0,,,,,,,,,92099,,16.7,,,,,,,,,16.7,,400.89,,,,,,,,,400.89,,9.02,,,,,,,,,9.02,,4.0,,,,,,,,,4.0,,7.0,,,,,,,,,7.0,,2.6,,,,,,,,,2.6,,2.0,,,,,,,,,2.0,,3.0,,,,,,,,,3.0,,3.49,,,,,,,,,3.49,,2.0,,,,,,,,,2.0,,4.0,,,,,,,,,4.0,,4.1,,,,,,,,,4.1,,3.0,,,,,,,,,3.0,,4.0,,,,,,,,,4.0
labs,eosinophils_absolute,k/cu mm,,31218.0,,,,,,,,,31218,,391105.0,,,,,,,,,391105,,391105.0,,,,,,,,,391105,,16.98,,,,,,,,,16.98,,407.58,,,,,,,,,407.58,,12.53,,,,,,,,,12.53,,6.0,,,,,,,,,6.0,,13.0,,,,,,,,,13.0,,1.14,,,,,,,,,1.14,,1.0,,,,,,,,,1.0,,2.0,,,,,,,,,2.0,,1.98,,,,,,,,,1.98,,2.0,,,,,,,,,2.0,,2.0,,,,,,,,,2.0,,2.74,,,,,,,,,2.74,,2.0,,,,,,,,,2.0,,3.0,,,,,,,,,3.0
labs,platelet_count,10*3/ul,,2.0,26455.0,,,,,,54354.0,12075.0,92886,,2.0,374099.0,,,,,,721453.0,195539.0,1291093,,2.0,374099.0,,,,,,721453.0,195539.0,1291093,,32.72,10.96,,,,,,10.65,13.1,11.057262,,785.36,262.95,,,,,,255.51,314.44,265.301192,,1.0,14.14,,,,,,13.27,16.19,13.897116,,1.0,8.0,,,,,,8.0,9.0,8.129847,,0.0,11.0,,,,,,11.0,13.0,13.0,,0.0,2.35,,,,,,2.3,2.13,2.292091,,0.0,2.0,,,,,,2.0,2.0,1.999957,,0.0,2.0,,,,,,2.0,2.0,2.0,,0.0,3.77,,,,,,3.54,3.48,3.597631,,0.0,3.0,,,,,,3.0,3.0,2.999935,,0.0,1.0,,,,,,2.0,2.0,2.0,,0.0,4.97,,,,,,4.61,4.63,4.715033,,0.0,4.0,,,,,,4.0,4.0,3.999914,,0.0,3.0,,,,,,3.0,2.0,3.0
labs,neutrophils_absolute,10^3/ul,,1.0,,,,,15296.0,9494.0,,,24791,,1.0,,,,,261082.0,45954.0,,,307037,,1.0,,,,,261082.0,45954.0,,,307037,,6.34,,,,,20.85,16.1,,,19.030347,,152.17,,,,,500.36,386.49,,,456.738122,,1.0,,,,,17.07,4.84,,,12.385732,,1.0,,,,,11.0,2.0,,,7.552943,,0.0,,,,,14.0,4.0,,,14.0,,0.0,,,,,2.27,0.87,,,1.733762,,0.0,,,,,2.0,1.0,,,1.616958,,0.0,,,,,2.0,1.0,,,2.0,,0.0,,,,,3.67,1.27,,,2.750744,,0.0,,,,,3.0,1.0,,,2.233956,,0.0,,,,,3.0,2.0,,,3.0,,0.0,,,,,4.8,1.61,,,3.578159,,0.0,,,,,4.0,1.0,,,2.850954,,0.0,,,,,3.0,1.0,,,3.0
labs,wbc,10*3/ul,,,26458.0,,,,,,54003.0,12076.0,92537,,,367712.0,,,,,,690093.0,195637.0,1253442,,,367712.0,,,,,,690093.0,195637.0,1253442,,,10.95,,,,,,10.7,13.1,11.084677,,,262.92,,,,,,256.79,314.42,266.063344,,,13.9,,,,,,12.78,16.2,13.546535,,,8.0,,,,,,7.0,9.0,7.546916,,,11.0,,,,,,10.0,13.0,13.0,,,2.28,,,,,,2.14,2.13,2.178724,,,2.0,,,,,,2.0,2.0,2.0,,,2.0,,,,,,2.0,2.0,2.0,,,3.68,,,,,,3.34,3.48,3.455482,,,3.0,,,,,,3.0,3.0,3.0,,,1.0,,,,,,2.0,2.0,2.0,,,4.86,,,,,,4.38,4.63,4.549865,,,4.0,,,,,,4.0,4.0,4.0,,,3.0,,,,,,2.0,2.0,3.0
labs,so2_central_venous,%,,,2462.0,3806.0,4106.0,2013.0,1273.0,1778.0,148.0,,15586,,,6369.0,19973.0,23147.0,7931.0,4035.0,8884.0,333.0,,70672,,,6369.0,19973.0,23147.0,7931.0,4035.0,8884.0,333.0,,70672,,,17.32,8.62,15.72,14.27,38.33,16.56,19.58,,16.030861,,,415.76,206.84,377.27,342.41,919.82,397.34,469.96,,384.712663,,,2.59,5.25,5.64,3.94,3.17,5.0,2.25,,4.536478,,,1.0,4.0,2.0,1.0,1.0,2.0,2.0,,2.119595,,,1.0,4.0,4.0,2.0,2.0,4.0,2.0,,4.0,,,0.84,2.65,1.32,1.31,0.55,1.04,0.63,,1.46628,,,1.0,2.0,1.0,1.0,0.0,1.0,0.0,,1.153022,,,1.0,3.0,2.0,2.0,1.0,1.0,1.0,,3.0,,,1.3,3.18,2.19,1.83,0.89,1.53,1.13,,2.053135,,,1.0,3.0,1.0,1.0,0.0,1.0,1.0,,1.406711,,,1.0,3.0,2.0,1.0,1.0,2.0,2.0,,3.0,,,1.6,3.55,2.79,2.19,1.12,1.88,1.3,,2.455762,,,1.0,3.0,2.0,1.0,0.0,1.0,1.0,,1.670153,,,1.0,4.0,3.0,1.0,1.0,2.0,2.0,,4.0
labs,troponin_t,ng/l,,,9957.0,664.0,,,12880.0,9080.0,6337.0,6450.0,45368,,,29211.0,1320.0,,,76738.0,34034.0,29254.0,18657.0,189214,,,29211.0,1320.0,,,76738.0,34034.0,29254.0,18657.0,189214,,,14.3,10.26,,,22.15,14.89,13.87,19.76,17.303763,,,343.16,246.15,,,531.56,357.37,332.77,474.24,415.255502,,,2.93,1.99,,,5.96,3.75,4.62,2.89,4.170949,,,2.0,1.0,,,4.0,3.0,2.0,2.0,2.753306,,,3.0,1.0,,,5.0,4.0,3.0,2.0,5.0,,,1.42,1.2,,,1.97,1.86,1.55,1.43,1.680568,,,1.0,1.0,,,2.0,1.0,1.0,1.0,1.283901,,,2.0,1.0,,,2.0,2.0,2.0,2.0,2.0,,,1.78,1.39,,,2.76,2.35,2.11,1.74,2.207003,,,1.0,1.0,,,2.0,2.0,1.0,1.0,1.484042,,,2.0,1.0,,,3.0,2.0,2.0,2.0,3.0,,,1.97,1.5,,,3.26,2.56,2.52,1.89,2.512886,,,2.0,1.0,,,3.0,2.0,1.0,1.0,1.987414,,,2.0,1.0,,,4.0,3.0,2.0,2.0,4.0
labs,eosinophils_absolute,10^3/ul,,,,,,,15192.0,9297.0,,,24489,,,,,,,257768.0,45183.0,,,302951,,,,,,,257768.0,45183.0,,,302951,,,,,,,20.97,16.14,,,19.13634,,,,,,,503.28,387.42,,,459.294928,,,,,,,16.97,4.86,,,12.372562,,,,,,,11.0,2.0,,,7.583241,,,,,,,14.0,4.0,,,14.0,,,,,,,2.26,0.87,,,1.732301,,,,,,,2.0,1.0,,,1.62036,,,,,,,2.0,1.0,,,2.0,,,,,,,3.65,1.27,,,2.746457,,,,,,,3.0,1.0,,,2.24072,,,,,,,3.0,2.0,,,3.0,,,,,,,4.77,1.61,,,3.570338,,,,,,,4.0,1.0,,,2.86108,,,,,,,3.0,1.0,,,3.0
labs,wbc,10^3/ul,,,,,,,15597.0,18647.0,,,34244,,,,,,,330475.0,330230.0,,,660705,,,,,,,330475.0,330230.0,,,660705,,,,,,,20.49,12.61,,,16.199077,,,,,,,491.72,302.75,,,388.819533,,,,,,,21.19,17.71,,,19.295024,,,,,,,13.0,11.0,,,11.910933,,,,,,,18.0,17.0,,,18.0,,,,,,,2.76,2.41,,,2.569413,,,,,,,2.0,2.0,,,2.0,,,,,,,2.0,2.0,,,2.0,,,,,,,4.45,4.01,,,4.210405,,,,,,,4.0,3.0,,,3.455467,,,,,,,3.0,3.0,,,3.0,,,,,,,5.83,5.31,,,5.546843,,,,,,,5.0,4.0,,,4.455467,,,,,,,3.0,4.0,,,4.0
labs,monocytes_absolute,10^3/ul,,,,,,,15302.0,9380.0,,,24682,,,,,,,260970.0,45551.0,,,306521,,,,,,,260970.0,45551.0,,,306521,,,,,,,20.85,16.09,,,19.041038,,,,,,,500.31,386.11,,,456.910113,,,,,,,17.05,4.86,,,12.417385,,,,,,,11.0,2.0,,,7.579694,,,,,,,14.0,4.0,,,14.0,,,,,,,2.27,0.87,,,1.737952,,,,,,,2.0,1.0,,,1.619966,,,,,,,2.0,1.0,,,2.0,,,,,,,3.67,1.27,,,2.757918,,,,,,,3.0,1.0,,,2.239932,,,,,,,3.0,2.0,,,3.0,,,,,,,4.8,1.61,,,3.587691,,,,,,,4.0,1.0,,,2.859898,,,,,,,3.0,1.0,,,3.0
labs,basophils_absolute,10^3/ul,,,,,,,15154.0,9273.0,,,24427,,,,,,,256350.0,46482.0,,,302832,,,,,,,256350.0,46482.0,,,302832,,,,,,,21.01,16.16,,,19.168839,,,,,,,504.21,387.74,,,459.995552,,,,,,,16.92,5.01,,,12.398715,,,,,,,11.0,2.0,,,7.583412,,,,,,,14.0,4.0,,,14.0,,,,,,,2.26,0.88,,,1.736123,,,,,,,2.0,1.0,,,1.620379,,,,,,,2.0,1.0,,,2.0,,,,,,,3.65,1.29,,,2.754095,,,,,,,3.0,1.0,,,2.240758,,,,,,,3.0,2.0,,,3.0,,,,,,,4.77,1.64,,,3.581787,,,,,,,4.0,1.0,,,2.861137,,,,,,,3.0,1.0,,,3.0
labs,platelet_count,10^3/ul,,,,,,,15591.0,18671.0,,,34262,,,,,,,330453.0,363146.0,,,693599,,,,,,,330453.0,363146.0,,,693599,,,,,,,20.49,12.6,,,16.190362,,,,,,,491.87,302.37,,,388.6024,,,,,,,21.2,19.45,,,20.246341,,,,,,,13.0,12.0,,,12.455052,,,,,,,18.0,18.0,,,18.0,,,,,,,2.76,2.79,,,2.776348,,,,,,,2.0,2.0,,,2.0,,,,,,,2.0,2.0,,,2.0,,,,,,,4.46,4.54,,,4.503596,,,,,,,4.0,4.0,,,4.0,,,,,,,3.0,4.0,,,4.0,,,,,,,5.83,5.96,,,5.900843,,,,,,,5.0,5.0,,,5.0,,,,,,,3.0,5.0,,,5.0
labs,eosinophils_absolute,10*3/ul,,,,,,,,,30606.0,7669.0,38275,,,,,,,,,162667.0,85059.0,247726,,,,,,,,,162667.0,85059.0,247726,,,,,,,,,13.33,16.16,13.897035,,,,,,,,,319.92,387.75,333.51081,,,,,,,,,5.31,11.09,6.468114,,,,,,,,,2.0,6.0,2.801463,,,,,,,,,4.0,11.0,11.0,,,,,,,,,0.9,1.22,0.964117,,,,,,,,,1.0,1.0,1.0,,,,,,,,,1.0,2.0,2.0,,,,,,,,,1.41,2.04,1.53623,,,,,,,,,1.0,2.0,1.200366,,,,,,,,,1.0,2.0,2.0,,,,,,,,,1.82,2.77,2.010347,,,,,,,,,1.0,2.0,1.200366,,,,,,,,,1.0,3.0,3.0
labs,pt,s,,,,,,,,,2994.0,1.0,2995,,,,,,,,,20877.0,1.0,20878,,,,,,,,,20877.0,1.0,20878,,,,,,,,,13.49,2.27,13.486254,,,,,,,,,323.71,54.38,323.620073,,,,,,,,,6.97,1.0,6.968007,,,,,,,,,2.0,1.0,1.999666,,,,,,,,,6.0,0.0,6.0,,,,,,,,,1.85,0.0,1.849382,,,,,,,,,2.0,0.0,1.999332,,,,,,,,,1.0,0.0,1.0,,,,,,,,,2.5,0.0,2.499165,,,,,,,,,2.0,0.0,1.999332,,,,,,,,,2.0,0.0,2.0,,,,,,,,,3.01,1.0,3.009329,,,,,,,,,2.0,1.0,1.999666,,,,,,,,,3.0,0.0,3.0
labs,lymphocytes_absolute,10*3/ul,,,,,,,,,30318.0,7796.0,38114,,,,,,,,,160855.0,86255.0,247110,,,,,,,,,160855.0,86255.0,247110,,,,,,,,,13.37,15.94,13.895679,,,,,,,,,320.77,382.58,333.412881,,,,,,,,,5.31,11.06,6.48613,,,,,,,,,2.0,6.0,2.818177,,,,,,,,,4.0,11.0,11.0,,,,,,,,,0.9,1.25,0.97159,,,,,,,,,1.0,1.0,1.0,,,,,,,,,1.0,2.0,2.0,,,,,,,,,1.41,2.08,1.547045,,,,,,,,,1.0,2.0,1.204544,,,,,,,,,1.0,2.0,2.0,,,,,,,,,1.83,2.81,2.030453,,,,,,,,,1.0,2.0,1.204544,,,,,,,,,1.0,3.0,3.0
labs,ptt,s,,,,,,,,,28250.0,,28250,,,,,,,,,157085.0,,157085,,,,,,,,,157085.0,,157085,,,,,,,,,13.02,,13.02,,,,,,,,,312.46,,312.46,,,,,,,,,5.56,,5.56,,,,,,,,,2.0,,2.0,,,,,,,,,3.0,,3.0,,,,,,,,,1.88,,1.88,,,,,,,,,2.0,,2.0,,,,,,,,,1.0,,1.0,,,,,,,,,2.4,,2.4,,,,,,,,,2.0,,2.0,,,,,,,,,2.0,,2.0,,,,,,,,,2.79,,2.79,,,,,,,,,2.0,,2.0,,,,,,,,,2.0,,2.0
labs,basophils_absolute,10*3/ul,,,,,,,,,30190.0,7413.0,37603,,,,,,,,,159802.0,77783.0,237585,,,,,,,,,159802.0,77783.0,237585,,,,,,,,,13.4,16.45,14.001273,,,,,,,,,321.6,394.81,336.032512,,,,,,,,,5.29,10.49,6.31512,,,,,,,,,2.0,5.0,2.591416,,,,,,,,,4.0,10.0,10.0,,,,,,,,,0.9,1.14,0.947313,,,,,,,,,1.0,1.0,1.0,,,,,,,,,1.0,2.0,2.0,,,,,,,,,1.4,1.9,1.498569,,,,,,,,,1.0,2.0,1.197139,,,,,,,,,1.0,2.0,2.0,,,,,,,,,1.82,2.58,1.969825,,,,,,,,,1.0,2.0,1.197139,,,,,,,,,1.0,3.0,3.0
labs,monocytes_absolute,10*3/ul,,,,,,,,,30317.0,7791.0,38108,,,,,,,,,160823.0,86233.0,247056,,,,,,,,,160823.0,86233.0,247056,,,,,,,,,13.37,15.95,13.897469,,,,,,,,,320.79,382.77,333.461517,,,,,,,,,5.3,11.07,6.479649,,,,,,,,,2.0,6.0,2.817781,,,,,,,,,4.0,11.0,11.0,,,,,,,,,0.9,1.25,0.971556,,,,,,,,,1.0,1.0,1.0,,,,,,,,,1.0,2.0,2.0,,,,,,,,,1.41,2.08,1.546978,,,,,,,,,1.0,2.0,1.204445,,,,,,,,,1.0,2.0,2.0,,,,,,,,,1.82,2.81,2.022401,,,,,,,,,1.0,2.0,1.204445,,,,,,,,,1.0,3.0,3.0
labs,inr,ratio,,,,,,,,,38453.0,,38453,,,,,,,,,292129.0,,292129,,,,,,,,,292129.0,,292129,,,,,,,,,12.26,,12.26,,,,,,,,,294.25,,294.25,,,,,,,,,7.6,,7.6,,,,,,,,,3.0,,3.0,,,,,,,,,6.0,,6.0,,,,,,,,,1.87,,1.87,,,,,,,,,2.0,,2.0,,,,,,,,,2.0,,2.0,,,,,,,,,2.57,,2.57,,,,,,,,,2.0,,2.0,,,,,,,,,2.0,,2.0,,,,,,,,,3.1,,3.1,,,,,,,,,2.0,,2.0,,,,,,,,,3.0,,3.0
labs,neutrophils_absolute,10*3/ul,,,,,,,,,30322.0,7805.0,38127,,,,,,,,,160876.0,86387.0,247263,,,,,,,,,160876.0,86387.0,247263,,,,,,,,,13.36,15.92,13.884059,,,,,,,,,320.75,382.16,333.321276,,,,,,,,,5.31,11.07,6.489133,,,,,,,,,2.0,6.0,2.818842,,,,,,,,,4.0,11.0,11.0,,,,,,,,,0.9,1.26,0.973696,,,,,,,,,1.0,1.0,1.0,,,,,,,,,1.0,2.0,2.0,,,,,,,,,1.41,2.08,1.547156,,,,,,,,,1.0,2.0,1.204711,,,,,,,,,1.0,2.0,2.0,,,,,,,,,1.83,2.82,2.032663,,,,,,,,,1.0,3.0,1.409421,,,,,,,,,1.0,3.0,3.0
labs,platelet_count,k/cumm,,,,,,,,,,2875.0,2875,,,,,,,,,,22838.0,22838,,,,,,,,,,22838.0,22838,,,,,,,,,,8.61,8.61,,,,,,,,,,206.53,206.53,,,,,,,,,,7.94,7.94,,,,,,,,,,5.0,5.0,,,,,,,,,,8.0,8.0,,,,,,,,,,1.3,1.3,,,,,,,,,,1.0,1.0,,,,,,,,,,1.0,1.0,,,,,,,,,,2.21,2.21,,,,,,,,,,2.0,2.0,,,,,,,,,,2.0,2.0,,,,,,,,,,2.92,2.92,,,,,,,,,,3.0,3.0,,,,,,,,,,1.0,1.0
labs,basophils_absolute,k/cumm,,,,,,,,,,2162.0,2162,,,,,,,,,,8693.0,8693,,,,,,,,,,8693.0,8693,,,,,,,,,,9.86,9.86,,,,,,,,,,236.69,236.69,,,,,,,,,,4.02,4.02,,,,,,,,,,3.0,3.0,,,,,,,,,,4.0,4.0,,,,,,,,,,0.63,0.63,,,,,,,,,,1.0,1.0,,,,,,,,,,1.0,1.0,,,,,,,,,,1.04,1.04,,,,,,,,,,1.0,1.0,,,,,,,,,,2.0,2.0,,,,,,,,,,1.37,1.37,,,,,,,,,,1.0,1.0,,,,,,,,,,1.0,1.0
labs,ast,iu/l,,,,,,,,,,5175.0,5175,,,,,,,,,,19062.0,19062,,,,,,,,,,19062.0,19062,,,,,,,,,,8.8,8.8,,,,,,,,,,211.27,211.27,,,,,,,,,,3.68,3.68,,,,,,,,,,2.0,2.0,,,,,,,,,,4.0,4.0,,,,,,,,,,0.93,0.93,,,,,,,,,,1.0,1.0,,,,,,,,,,1.0,1.0,,,,,,,,,,1.38,1.38,,,,,,,,,,1.0,1.0,,,,,,,,,,1.0,1.0,,,,,,,,,,1.71,1.71,,,,,,,,,,1.0,1.0,,,,,,,,,,1.0,1.0
labs,eosinophils_absolute,k/ul,,,,,,,,,,3003.0,3003,,,,,,,,,,14649.0,14649,,,,,,,,,,14649.0,14649,,,,,,,,,,7.13,7.13,,,,,,,,,,171.03,171.03,,,,,,,,,,4.88,4.88,,,,,,,,,,4.0,4.0,,,,,,,,,,4.0,4.0,,,,,,,,,,0.72,0.72,,,,,,,,,,1.0,1.0,,,,,,,,,,1.0,1.0,,,,,,,,,,1.25,1.25,,,,,,,,,,1.0,1.0,,,,,,,,,,2.0,2.0,,,,,,,,,,1.92,1.92,,,,,,,,,,2.0,2.0,,,,,,,,,,2.0,2.0
labs,ptt,second(s),,,,,,,,,,48333.0,48333,,,,,,,,,,754774.0,754774,,,,,,,,,,754774.0,754774,,,,,,,,,,14.52,14.52,,,,,,,,,,348.44,348.44,,,,,,,,,,15.62,15.62,,,,,,,,,,7.0,7.0,,,,,,,,,,12.0,12.0,,,,,,,,,,1.89,1.89,,,,,,,,,,2.0,2.0,,,,,,,,,,1.0,1.0,,,,,,,,,,3.1,3.1,,,,,,,,,,3.0,3.0,,,,,,,,,,2.0,2.0,,,,,,,,,,4.14,4.14,,,,,,,,,,4.0,4.0,,,,,,,,,,3.0,3.0
labs,eosinophils_absolute,k/cumm,,,,,,,,,,2221.0,2221,,,,,,,,,,9315.0,9315,,,,,,,,,,9315.0,9315,,,,,,,,,,9.81,9.81,,,,,,,,,,235.56,235.56,,,,,,,,,,4.19,4.19,,,,,,,,,,3.0,3.0,,,,,,,,,,4.0,4.0,,,,,,,,,,0.64,0.64,,,,,,,,,,1.0,1.0,,,,,,,,,,1.0,1.0,,,,,,,,,,1.06,1.06,,,,,,,,,,1.0,1.0,,,,,,,,,,2.0,2.0,,,,,,,,,,1.4,1.4,,,,,,,,,,1.0,1.0,,,,,,,,,,1.0,1.0
labs,lymphocytes_absolute,k/cumm,,,,,,,,,,2395.0,2395,,,,,,,,,,10713.0,10713,,,,,,,,,,10713.0,10713,,,,,,,,,,9.44,9.44,,,,,,,,,,226.59,226.59,,,,,,,,,,4.47,4.47,,,,,,,,,,3.0,3.0,,,,,,,,,,4.0,4.0,,,,,,,,,,0.76,0.76,,,,,,,,,,1.0,1.0,,,,,,,,,,1.0,1.0,,,,,,,,,,1.2,1.2,,,,,,,,,,1.0,1.0,,,,,,,,,,1.0,1.0,,,,,,,,,,1.56,1.56,,,,,,,,,,1.0,1.0,,,,,,,,,,1.0,1.0
labs,pt,second(s),,,,,,,,,,48382.0,48382,,,,,,,,,,646481.0,646481,,,,,,,,,,646481.0,646481,,,,,,,,,,14.49,14.49,,,,,,,,,,347.66,347.66,,,,,,,,,,13.36,13.36,,,,,,,,,,7.0,7.0,,,,,,,,,,10.0,10.0,,,,,,,,,,1.78,1.78,,,,,,,,,,2.0,2.0,,,,,,,,,,1.0,1.0,,,,,,,,,,2.85,2.85,,,,,,,,,,3.0,3.0,,,,,,,,,,1.0,1.0,,,,,,,,,,3.76,3.76,,,,,,,,,,4.0,4.0,,,,,,,,,,2.0,2.0
labs,ldh,iu/l,,,,,,,,,,990.0,990,,,,,,,,,,1967.0,1967,,,,,,,,,,1967.0,1967,,,,,,,,,,10.79,10.79,,,,,,,,,,258.88,258.88,,,,,,,,,,1.99,1.99,,,,,,,,,,1.0,1.0,,,,,,,,,,0.0,0.0,,,,,,,,,,0.66,0.66,,,,,,,,,,1.0,1.0,,,,,,,,,,1.0,1.0,,,,,,,,,,0.86,0.86,,,,,,,,,,1.0,1.0,,,,,,,,,,1.0,1.0,,,,,,,,,,1.0,1.0,,,,,,,,,,1.0,1.0,,,,,,,,,,0.0,0.0
labs,lymphocytes_absolute,k/ul,,,,,,,,,,3204.0,3204,,,,,,,,,,17582.0,17582,,,,,,,,,,17582.0,17582,,,,,,,,,,6.8,6.8,,,,,,,,,,163.16,163.16,,,,,,,,,,5.49,5.49,,,,,,,,,,4.0,4.0,,,,,,,,,,5.0,5.0,,,,,,,,,,0.98,0.98,,,,,,,,,,1.0,1.0,,,,,,,,,,1.0,1.0,,,,,,,,,,1.62,1.62,,,,,,,,,,2.0,2.0,,,,,,,,,,1.0,1.0,,,,,,,,,,2.35,2.35,,,,,,,,,,2.0,2.0,,,,,,,,,,2.0,2.0
labs,alt,iu/l,,,,,,,,,,5175.0,5175,,,,,,,,,,19060.0,19060,,,,,,,,,,19060.0,19060,,,,,,,,,,8.8,8.8,,,,,,,,,,211.27,211.27,,,,,,,,,,3.68,3.68,,,,,,,,,,2.0,2.0,,,,,,,,,,4.0,4.0,,,,,,,,,,0.93,0.93,,,,,,,,,,1.0,1.0,,,,,,,,,,1.0,1.0,,,,,,,,,,1.38,1.38,,,,,,,,,,1.0,1.0,,,,,,,,,,1.0,1.0,,,,,,,,,,1.71,1.71,,,,,,,,,,1.0,1.0,,,,,,,,,,1.0,1.0
labs,basophils_absolute,k/ul,,,,,,,,,,2891.0,2891,,,,,,,,,,13133.0,13133,,,,,,,,,,13133.0,13133,,,,,,,,,,7.27,7.27,,,,,,,,,,174.45,174.45,,,,,,,,,,4.54,4.54,,,,,,,,,,3.0,3.0,,,,,,,,,,4.0,4.0,,,,,,,,,,0.68,0.68,,,,,,,,,,1.0,1.0,,,,,,,,,,1.0,1.0,,,,,,,,,,1.17,1.17,,,,,,,,,,1.0,1.0,,,,,,,,,,2.0,2.0,,,,,,,,,,1.82,1.82,,,,,,,,,,2.0,2.0,,,,,,,,,,2.0,2.0
labs,platelet_count,k/ul,,,,,,,,,,3370.0,3370,,,,,,,,,,24355.0,24355,,,,,,,,,,24355.0,24355,,,,,,,,,,6.67,6.67,,,,,,,,,,160.17,160.17,,,,,,,,,,7.23,7.23,,,,,,,,,,6.0,6.0,,,,,,,,,,6.0,6.0,,,,,,,,,,1.82,1.82,,,,,,,,,,1.0,1.0,,,,,,,,,,2.0,2.0,,,,,,,,,,2.8,2.8,,,,,,,,,,2.0,2.0,,,,,,,,,,2.0,2.0,,,,,,,,,,3.61,3.61,,,,,,,,,,3.0,3.0,,,,,,,,,,3.0,3.0
labs,alkaline_phosphatase,iu/l,,,,,,,,,,5174.0,5174,,,,,,,,,,19057.0,19057,,,,,,,,,,19057.0,19057,,,,,,,,,,8.8,8.8,,,,,,,,,,211.29,211.29,,,,,,,,,,3.68,3.68,,,,,,,,,,2.0,2.0,,,,,,,,,,4.0,4.0,,,,,,,,,,0.93,0.93,,,,,,,,,,1.0,1.0,,,,,,,,,,1.0,1.0,,,,,,,,,,1.38,1.38,,,,,,,,,,1.0,1.0,,,,,,,,,,1.0,1.0,,,,,,,,,,1.71,1.71,,,,,,,,,,1.0,1.0,,,,,,,,,,1.0,1.0
labs,wbc,k/cumm,,,,,,,,,,2876.0,2876,,,,,,,,,,22861.0,22861,,,,,,,,,,22861.0,22861,,,,,,,,,,8.6,8.6,,,,,,,,,,206.48,206.48,,,,,,,,,,7.95,7.95,,,,,,,,,,5.0,5.0,,,,,,,,,,8.0,8.0,,,,,,,,,,1.31,1.31,,,,,,,,,,1.0,1.0,,,,,,,,,,1.0,1.0,,,,,,,,,,2.21,2.21,,,,,,,,,,2.0,2.0,,,,,,,,,,2.0,2.0,,,,,,,,,,2.93,2.93,,,,,,,,,,3.0,3.0,,,,,,,,,,1.0,1.0
labs,neutrophils_absolute,k/ul,,,,,,,,,,3210.0,3210,,,,,,,,,,17680.0,17680,,,,,,,,,,17680.0,17680,,,,,,,,,,6.79,6.79,,,,,,,,,,162.9,162.9,,,,,,,,,,5.51,5.51,,,,,,,,,,4.0,4.0,,,,,,,,,,5.0,5.0,,,,,,,,,,0.99,0.99,,,,,,,,,,1.0,1.0,,,,,,,,,,1.0,1.0,,,,,,,,,,1.63,1.63,,,,,,,,,,2.0,2.0,,,,,,,,,,1.0,1.0,,,,,,,,,,2.36,2.36,,,,,,,,,,2.0,2.0,,,,,,,,,,2.0,2.0
labs,monocytes_absolute,k/cumm,,,,,,,,,,2397.0,2397,,,,,,,,,,10725.0,10725,,,,,,,,,,10725.0,10725,,,,,,,,,,9.43,9.43,,,,,,,,,,226.43,226.43,,,,,,,,,,4.47,4.47,,,,,,,,,,3.0,3.0,,,,,,,,,,4.0,4.0,,,,,,,,,,0.76,0.76,,,,,,,,,,1.0,1.0,,,,,,,,,,1.0,1.0,,,,,,,,,,1.2,1.2,,,,,,,,,,1.0,1.0,,,,,,,,,,1.0,1.0,,,,,,,,,,1.56,1.56,,,,,,,,,,1.0,1.0,,,,,,,,,,1.0,1.0
labs,wbc,k/ul,,,,,,,,,,3363.0,3363,,,,,,,,,,24336.0,24336,,,,,,,,,,24336.0,24336,,,,,,,,,,6.59,6.59,,,,,,,,,,158.12,158.12,,,,,,,,,,7.24,7.24,,,,,,,,,,6.0,6.0,,,,,,,,,,6.0,6.0,,,,,,,,,,1.82,1.82,,,,,,,,,,1.0,1.0,,,,,,,,,,2.0,2.0,,,,,,,,,,2.81,2.81,,,,,,,,,,2.0,2.0,,,,,,,,,,2.0,2.0,,,,,,,,,,3.61,3.61,,,,,,,,,,3.0,3.0,,,,,,,,,,3.0,3.0
labs,monocytes_absolute,k/ul,,,,,,,,,,3197.0,3197,,,,,,,,,,17432.0,17432,,,,,,,,,,17432.0,17432,,,,,,,,,,6.81,6.81,,,,,,,,,,163.43,163.43,,,,,,,,,,5.45,5.45,,,,,,,,,,4.0,4.0,,,,,,,,,,5.0,5.0,,,,,,,,,,0.96,0.96,,,,,,,,,,1.0,1.0,,,,,,,,,,1.0,1.0,,,,,,,,,,1.6,1.6,,,,,,,,,,2.0,2.0,,,,,,,,,,1.0,1.0,,,,,,,,,,2.32,2.32,,,,,,,,,,2.0,2.0,,,,,,,,,,2.0,2.0
labs,neutrophils_absolute,k/cumm,,,,,,,,,,2312.0,2312,,,,,,,,,,10252.0,10252,,,,,,,,,,10252.0,10252,,,,,,,,,,9.62,9.62,,,,,,,,,,230.78,230.78,,,,,,,,,,4.43,4.43,,,,,,,,,,3.0,3.0,,,,,,,,,,4.0,4.0,,,,,,,,,,0.74,0.74,,,,,,,,,,1.0,1.0,,,,,,,,,,1.0,1.0,,,,,,,,,,1.18,1.18,,,,,,,,,,1.0,1.0,,,,,,,,,,1.0,1.0,,,,,,,,,,1.54,1.54,,,,,,,,,,1.0,1.0,,,,,,,,,,1.0,1.0
