hour,norepinephrine_n__Emory,norepinephrine_n__JHU,norepinephrine_n__MIMIC,norepinephrine_n__NU,norepinephrine_n__OHSU,norepinephrine_n__RUSH,norepinephrine_n__Sunnybrook,norepinephrine_n__UCMC,norepinephrine_n__UCSF,norepinephrine_n__UMN,norepinephrine_n__UPenn,norepinephrine_n__ALL,epinephrine_n__Emory,epinephrine_n__JHU,epinephrine_n__MIMIC,epinephrine_n__NU,epinephrine_n__OHSU,epinephrine_n__RUSH,epinephrine_n__Sunnybrook,epinephrine_n__UCMC,epinephrine_n__UCSF,epinephrine_n__UMN,epinephrine_n__UPenn,epinephrine_n__ALL,phenylephrine_n__Emory,phenylephrine_n__JHU,phenylephrine_n__MIMIC,phenylephrine_n__NU,phenylephrine_n__OHSU,phenylephrine_n__RUSH,phenylephrine_n__Sunnybrook,phenylephrine_n__UCMC,phenylephrine_n__UCSF,phenylephrine_n__UMN,phenylephrine_n__UPenn,phenylephrine_n__ALL,vasopressin_n__Emory,vasopressin_n__JHU,vasopressin_n__MIMIC,vasopressin_n__NU,vasopressin_n__OHSU,vasopressin_n__RUSH,vasopressin_n__Sunnybrook,vasopressin_n__UCMC,vasopressin_n__UCSF,vasopressin_n__UMN,vasopressin_n__UPenn,vasopressin_n__ALL,dopamine_n__Emory,dopamine_n__JHU,dopamine_n__MIMIC,dopamine_n__NU,dopamine_n__OHSU,dopamine_n__RUSH,dopamine_n__Sunnybrook,dopamine_n__UCMC,dopamine_n__UCSF,dopamine_n__UMN,dopamine_n__UPenn,dopamine_n__ALL,propofol_n__Emory,propofol_n__JHU,propofol_n__MIMIC,propofol_n__NU,propofol_n__OHSU,propofol_n__RUSH,propofol_n__Sunnybrook,propofol_n__UCMC,propofol_n__UCSF,propofol_n__UMN,propofol_n__UPenn,propofol_n__ALL,midazolam_n__Emory,midazolam_n__JHU,midazolam_n__MIMIC,midazolam_n__NU,midazolam_n__OHSU,midazolam_n__RUSH,midazolam_n__Sunnybrook,midazolam_n__UCMC,midazolam_n__UCSF,midazolam_n__UMN,midazolam_n__UPenn,midazolam_n__ALL,lorazepam_n__Emory,lorazepam_n__JHU,lorazepam_n__MIMIC,lorazepam_n__NU,lorazepam_n__OHSU,lorazepam_n__RUSH,lorazepam_n__Sunnybrook,lorazepam_n__UCMC,lorazepam_n__UCSF,lorazepam_n__UMN,lorazepam_n__UPenn,lorazepam_n__ALL,dexmedetomidine_n__Emory,dexmedetomidine_n__JHU,dexmedetomidine_n__MIMIC,dexmedetomidine_n__NU,dexmedetomidine_n__OHSU,dexmedetomidine_n__RUSH,dexmedetomidine_n__Sunnybrook,dexmedetomidine_n__UCMC,dexmedetomidine_n__UCSF,dexmedetomidine_n__UMN,dexmedetomidine_n__UPenn,dexmedetomidine_n__ALL,fentanyl_n__Emory,fentanyl_n__JHU,fentanyl_n__MIMIC,fentanyl_n__NU,fentanyl_n__OHSU,fentanyl_n__RUSH,fentanyl_n__Sunnybrook,fentanyl_n__UCMC,fentanyl_n__UCSF,fentanyl_n__UMN,fentanyl_n__UPenn,fentanyl_n__ALL,vecuronium_n__Emory,vecuronium_n__JHU,vecuronium_n__MIMIC,vecuronium_n__NU,vecuronium_n__OHSU,vecuronium_n__RUSH,vecuronium_n__Sunnybrook,vecuronium_n__UCMC,vecuronium_n__UCSF,vecuronium_n__UMN,vecuronium_n__UPenn,vecuronium_n__ALL,rocuronium_n__Emory,rocuronium_n__JHU,rocuronium_n__MIMIC,rocuronium_n__NU,rocuronium_n__OHSU,rocuronium_n__RUSH,rocuronium_n__Sunnybrook,rocuronium_n__UCMC,rocuronium_n__UCSF,rocuronium_n__UMN,rocuronium_n__UPenn,rocuronium_n__ALL,cisatracurium_n__Emory,cisatracurium_n__JHU,cisatracurium_n__MIMIC,cisatracurium_n__NU,cisatracurium_n__OHSU,cisatracurium_n__RUSH,cisatracurium_n__Sunnybrook,cisatracurium_n__UCMC,cisatracurium_n__UCSF,cisatracurium_n__UMN,cisatracurium_n__UPenn,cisatracurium_n__ALL,pancuronium_n__Emory,pancuronium_n__JHU,pancuronium_n__MIMIC,pancuronium_n__NU,pancuronium_n__OHSU,pancuronium_n__RUSH,pancuronium_n__Sunnybrook,pancuronium_n__UCMC,pancuronium_n__UCSF,pancuronium_n__UMN,pancuronium_n__UPenn,pancuronium_n__ALL,norepinephrine_pct__Emory,norepinephrine_pct__JHU,norepinephrine_pct__MIMIC,norepinephrine_pct__NU,norepinephrine_pct__OHSU,norepinephrine_pct__RUSH,norepinephrine_pct__Sunnybrook,norepinephrine_pct__UCMC,norepinephrine_pct__UCSF,norepinephrine_pct__UMN,norepinephrine_pct__UPenn,norepinephrine_pct__ALL,epinephrine_pct__Emory,epinephrine_pct__JHU,epinephrine_pct__MIMIC,epinephrine_pct__NU,epinephrine_pct__OHSU,epinephrine_pct__RUSH,epinephrine_pct__Sunnybrook,epinephrine_pct__UCMC,epinephrine_pct__UCSF,epinephrine_pct__UMN,epinephrine_pct__UPenn,epinephrine_pct__ALL,phenylephrine_pct__Emory,phenylephrine_pct__JHU,phenylephrine_pct__MIMIC,phenylephrine_pct__NU,phenylephrine_pct__OHSU,phenylephrine_pct__RUSH,phenylephrine_pct__Sunnybrook,phenylephrine_pct__UCMC,phenylephrine_pct__UCSF,phenylephrine_pct__UMN,phenylephrine_pct__UPenn,phenylephrine_pct__ALL,vasopressin_pct__Emory,vasopressin_pct__JHU,vasopressin_pct__MIMIC,vasopressin_pct__NU,vasopressin_pct__OHSU,vasopressin_pct__RUSH,vasopressin_pct__Sunnybrook,vasopressin_pct__UCMC,vasopressin_pct__UCSF,vasopressin_pct__UMN,vasopressin_pct__UPenn,vasopressin_pct__ALL,dopamine_pct__Emory,dopamine_pct__JHU,dopamine_pct__MIMIC,dopamine_pct__NU,dopamine_pct__OHSU,dopamine_pct__RUSH,dopamine_pct__Sunnybrook,dopamine_pct__UCMC,dopamine_pct__UCSF,dopamine_pct__UMN,dopamine_pct__UPenn,dopamine_pct__ALL,propofol_pct__Emory,propofol_pct__JHU,propofol_pct__MIMIC,propofol_pct__NU,propofol_pct__OHSU,propofol_pct__RUSH,propofol_pct__Sunnybrook,propofol_pct__UCMC,propofol_pct__UCSF,propofol_pct__UMN,propofol_pct__UPenn,propofol_pct__ALL,midazolam_pct__Emory,midazolam_pct__JHU,midazolam_pct__MIMIC,midazolam_pct__NU,midazolam_pct__OHSU,midazolam_pct__RUSH,midazolam_pct__Sunnybrook,midazolam_pct__UCMC,midazolam_pct__UCSF,midazolam_pct__UMN,midazolam_pct__UPenn,midazolam_pct__ALL,lorazepam_pct__Emory,lorazepam_pct__JHU,lorazepam_pct__MIMIC,lorazepam_pct__NU,lorazepam_pct__OHSU,lorazepam_pct__RUSH,lorazepam_pct__Sunnybrook,lorazepam_pct__UCMC,lorazepam_pct__UCSF,lorazepam_pct__UMN,lorazepam_pct__UPenn,lorazepam_pct__ALL,dexmedetomidine_pct__Emory,dexmedetomidine_pct__JHU,dexmedetomidine_pct__MIMIC,dexmedetomidine_pct__NU,dexmedetomidine_pct__OHSU,dexmedetomidine_pct__RUSH,dexmedetomidine_pct__Sunnybrook,dexmedetomidine_pct__UCMC,dexmedetomidine_pct__UCSF,dexmedetomidine_pct__UMN,dexmedetomidine_pct__UPenn,dexmedetomidine_pct__ALL,fentanyl_pct__Emory,fentanyl_pct__JHU,fentanyl_pct__MIMIC,fentanyl_pct__NU,fentanyl_pct__OHSU,fentanyl_pct__RUSH,fentanyl_pct__Sunnybrook,fentanyl_pct__UCMC,fentanyl_pct__UCSF,fentanyl_pct__UMN,fentanyl_pct__UPenn,fentanyl_pct__ALL,vecuronium_pct__Emory,vecuronium_pct__JHU,vecuronium_pct__MIMIC,vecuronium_pct__NU,vecuronium_pct__OHSU,vecuronium_pct__RUSH,vecuronium_pct__Sunnybrook,vecuronium_pct__UCMC,vecuronium_pct__UCSF,vecuronium_pct__UMN,vecuronium_pct__UPenn,vecuronium_pct__ALL,rocuronium_pct__Emory,rocuronium_pct__JHU,rocuronium_pct__MIMIC,rocuronium_pct__NU,rocuronium_pct__OHSU,rocuronium_pct__RUSH,rocuronium_pct__Sunnybrook,rocuronium_pct__UCMC,rocuronium_pct__UCSF,rocuronium_pct__UMN,rocuronium_pct__UPenn,rocuronium_pct__ALL,cisatracurium_pct__Emory,cisatracurium_pct__JHU,cisatracurium_pct__MIMIC,cisatracurium_pct__NU,cisatracurium_pct__OHSU,cisatracurium_pct__RUSH,cisatracurium_pct__Sunnybrook,cisatracurium_pct__UCMC,cisatracurium_pct__UCSF,cisatracurium_pct__UMN,cisatracurium_pct__UPenn,cisatracurium_pct__ALL,pancuronium_pct__Emory,pancuronium_pct__JHU,pancuronium_pct__MIMIC,pancuronium_pct__NU,pancuronium_pct__OHSU,pancuronium_pct__RUSH,pancuronium_pct__Sunnybrook,pancuronium_pct__UCMC,pancuronium_pct__UCSF,pancuronium_pct__UMN,pancuronium_pct__UPenn,pancuronium_pct__ALL
0,10336,15891,4717,17833,8118,4458,6252,3856,7238,13197,15081,106977,3636,5084,475,3571,2352,352,383,730,1638,6347,10049,34617,654,743,2767,3546,1253,662,51,1022,1146,4015,7887,23746,2271,1596,597,3407,1650,623,752,1093,902,2824,2902,18617,91,563,705,1088,293,79,116,702,617,1312,338,5904,2699,12998,7459,16886,11163,3861,5478,7633,7954,13950,18870,108951,626,2337,2603,493,144,140,864,101,347,2016,1162,10833,3,314,2,22,7,6,3,1,9,154,19,540,4809,5846,112,5552,842,811,312,1066,1263,6411,3003,30027,3695,6603,4690,5449,1246,2670,3461,4268,1474,3170,8718,45444,4,21,4,0,0,0,0,0,9,27,85,150,0,1,18,2,12,1,68,0,0,5,5,112,16,21,77,62,41,46,0,17,109,83,264,736,0,0,0,0,0,0,0,0,0,0,0,0,13.232959,12.768676,5.539896,14.24088,14.342249,7.577638,14.048807,9.363996,9.367882,8.408678,8.980367,10.527295,4.655093,4.085076,0.557865,2.85169,4.15533,0.598324,0.860635,1.772748,2.120004,4.044092,5.983934,3.406558,0.837302,0.597013,3.249712,2.831726,2.213703,1.125257,0.114602,2.481848,1.483226,2.558221,4.696516,2.336775,2.907513,1.282412,0.701149,2.720724,2.915091,1.058966,1.689812,2.654266,1.167426,1.799356,1.72807,1.832045,0.116505,0.45238,0.82799,0.868843,0.51765,0.134283,0.260662,1.704752,0.798561,0.835962,0.201271,0.580995,3.455472,10.444103,8.760247,13.484636,19.721918,6.562867,12.309559,18.536147,10.294574,8.888464,11.236624,10.72155,0.801454,1.877817,3.057102,0.393694,0.254408,0.23797,1.941486,0.245271,0.44911,1.284526,0.691943,1.066044,0.003841,0.252304,0.002349,0.017569,0.012367,0.010199,0.006741,0.002428,0.011648,0.098124,0.011314,0.05314,6.15686,4.697356,0.131539,4.433655,1.48758,1.378525,0.701092,2.588698,1.634655,4.08487,1.788213,2.95487,4.730629,5.305617,5.508186,4.351402,2.201336,4.538424,7.777179,10.364506,1.907745,2.019816,5.191356,4.472012,0.005121,0.016874,0.004698,0.0,0.0,0,0,0,0.011648,0.017203,0.050615,0.021744,0,0.000804,0.02114,0.001597,0.021201,0.0017,0.152802,0.0,0.0,0.003186,0.002977,0.013665,0.020484,0.016874,0.090433,0.049511,0.072436,0.07819,0,0.041283,0.141075,0.052885,0.157206,0.075745,0,0,0,0,0,0,0,0,0,0,0,0
1,9643,14173,3838,15844,7125,3315,6968,4212,7273,13560,15937,101888,3331,3053,524,3116,2156,292,396,816,1158,5700,8265,28807,580,722,3337,2941,943,522,56,1148,1262,3485,7585,22581,2538,1415,367,3128,1603,385,913,1327,649,3210,3319,18854,111,439,501,821,271,51,116,749,411,1255,297,5022,2786,11093,6417,14809,10458,2779,5643,8319,8063,14771,19660,104798,514,1686,1548,446,188,140,1045,125,243,2714,1202,9851,4,246,3,28,6,4,4,2,7,53,30,387,4964,4915,176,5599,919,705,372,1416,1387,6538,3087,30078,3825,5239,2762,6208,1711,2100,3737,4791,1362,5773,9606,47114,1,52,5,1,0,0,0,0,8,81,116,264,0,2,18,5,2,2,101,1,0,4,2,137,30,26,110,86,53,38,0,40,143,145,435,1106,0,0,0,0,0,0,0,0,0,0,0,0,12.345726,11.388235,4.507552,12.652527,12.587894,5.634784,15.657723,10.228515,9.413181,8.639969,9.490094,10.026501,4.264608,2.453135,0.615414,2.488341,3.809053,0.496337,0.889848,1.981593,1.498758,3.631846,4.921606,2.834813,0.742562,0.580139,3.919151,2.348591,1.666019,0.887287,0.125837,2.787829,1.633361,2.220523,4.516682,2.22213,3.249347,1.136975,0.431024,2.497924,2.832055,0.654417,2.051593,3.222516,0.839977,2.045302,1.976383,1.855367,0.142111,0.352744,0.588401,0.655625,0.478782,0.086689,0.260662,1.818888,0.531942,0.799643,0.176856,0.4942,3.566856,8.913405,7.536467,11.826008,18.476379,4.7237,12.680329,20.202045,10.435649,9.411577,11.70705,10.312866,0.658063,1.354728,1.818054,0.356162,0.332144,0.23797,2.348209,0.303553,0.314506,1.729268,0.715762,0.969408,0.005121,0.197665,0.003523,0.02236,0.0106,0.006799,0.008988,0.004857,0.00906,0.03377,0.017864,0.038084,6.355303,3.949282,0.206704,4.471188,1.623618,1.198348,0.835917,3.438646,1.795144,4.165791,1.838233,2.959888,4.897066,4.209621,3.24384,4.957516,3.022861,3.569547,8.397375,11.634571,1.762787,3.678359,5.720138,4.636351,0.00128,0.041783,0.005872,0.000799,0.0,0,0,0,0.010354,0.05161,0.069075,0.03239,0,0.001607,0.02114,0.003993,0.003533,0.0034,0.226956,0.002428,0.0,0.002549,0.001191,0.015915,0.038408,0.020891,0.12919,0.068677,0.093636,0.064592,0,0.097137,0.18508,0.092389,0.259032,0.113823,0,0,0,0,0,0,0,0,0,0,0,0
2,9336,13332,3946,15298,7018,3042,7313,4371,6723,13238,15046,98663,3302,2677,711,2989,2175,254,425,857,957,5255,7412,27014,543,693,4389,3005,900,464,62,1232,1198,3372,6661,22519,2679,1250,402,3063,1768,307,1012,1448,565,3181,3307,18982,107,408,486,766,259,47,132,786,306,1128,254,4679,2701,10139,7465,13608,10027,2624,5521,7745,6972,13710,18687,99199,498,1415,1294,417,201,104,1186,138,192,2908,1175,9528,3,215,2,29,6,2,3,1,7,80,23,371,4678,4706,272,5792,1083,809,344,1571,1399,6049,3161,29864,3931,4593,2429,6298,1817,1735,3923,4921,1006,6288,9554,46495,3,60,8,1,0,0,0,0,8,101,139,320,0,2,20,6,5,2,139,0,1,7,6,188,38,29,109,98,74,31,0,48,122,182,433,1164,0,0,0,0,0,0,0,0,0,0,0,0,11.952681,10.712478,4.634393,12.216508,12.398855,5.170743,16.432969,10.614634,8.701336,8.434802,8.959526,9.709138,4.22748,2.151013,0.835036,2.386923,3.84262,0.431745,0.955013,2.081158,1.23861,3.348307,4.413665,2.658369,0.695191,0.556837,5.154675,2.3997,1.59005,0.7887,0.13932,2.991816,1.550528,2.148523,3.966463,2.216029,3.429866,1.004395,0.47213,2.446017,3.123565,0.521834,2.274055,3.516355,0.731259,2.026825,1.969238,1.867963,0.13699,0.327835,0.570784,0.611704,0.457581,0.07989,0.296616,1.90874,0.396045,0.718723,0.151251,0.460447,3.458032,8.146851,8.767294,10.866926,17.714922,4.460234,12.406184,18.80813,9.023607,8.735544,11.127652,9.761884,0.637579,1.136975,1.519743,0.333003,0.355111,0.176778,2.665049,0.335122,0.248499,1.852878,0.699684,0.937623,0.003841,0.172756,0.002349,0.023158,0.0106,0.0034,0.006741,0.002428,0.00906,0.050973,0.013696,0.036509,5.989143,3.781347,0.319451,4.625311,1.91336,1.375125,0.772999,3.815051,1.810675,3.854216,1.882298,2.938829,5.032775,3.69055,2.852747,5.029387,3.210134,2.949125,8.815334,11.950266,1.302029,4.006499,5.689174,4.575437,0.003841,0.048211,0.009396,0.000799,0.0,0,0,0,0.010354,0.064354,0.082771,0.03926,0,0.001607,0.023489,0.004791,0.008834,0.0034,0.312346,0.0,0.001294,0.00446,0.003573,0.020961,0.048651,0.023302,0.128015,0.07826,0.130737,0.052693,0,0.116564,0.1579,0.115964,0.257841,0.119792,0,0,0,0,0,0,0,0,0,0,0,0
3,9305,12851,4186,14934,6998,2954,7526,4285,6517,13235,14549,97340,3216,2631,767,2985,2114,235,431,822,913,5089,7178,26381,540,688,5002,2927,866,437,72,1206,1214,3290,6261,22503,2869,1222,429,2993,1880,284,1100,1386,532,3234,3463,19392,97,350,427,712,248,34,127,809,249,1075,250,4378,2687,8813,8290,12433,9299,2523,5371,7128,6265,12542,16586,91937,484,1310,1104,407,215,90,1247,133,179,2920,1277,9366,3,220,3,29,7,3,3,2,2,59,23,354,4085,4226,372,5473,1149,888,301,1600,1346,5522,3136,28098,3955,4575,2144,6308,1868,1597,3964,4870,808,6456,9601,46146,3,75,5,1,0,0,0,0,3,105,154,346,0,2,28,10,4,0,156,1,0,5,10,216,53,29,122,108,78,28,0,58,112,219,478,1285,0,0,0,0,0,0,0,0,0,0,0,0,11.912992,10.325987,4.916261,11.925829,12.363521,5.021162,16.911599,10.405789,8.434717,8.432891,8.663574,9.578946,4.117376,2.114051,0.900806,2.383728,3.73485,0.399449,0.968496,1.996163,1.181663,3.242537,4.274324,2.596077,0.69135,0.552819,5.874615,2.337411,1.529981,0.742806,0.16179,2.928677,1.571236,2.096276,3.728273,2.214455,3.673119,0.981897,0.50384,2.390117,3.321437,0.482739,2.471799,3.365793,0.688548,2.060594,2.062132,1.90831,0.124187,0.281231,0.501492,0.568581,0.438147,0.057793,0.28538,1.964594,0.322272,0.684953,0.148869,0.430826,3.440109,7.081388,9.736218,9.928608,16.428748,4.288555,12.06912,17.309794,8.108563,7.991335,9.876558,9.047252,0.619655,1.052606,1.296596,0.325018,0.379845,0.152981,2.802121,0.32298,0.231673,1.860524,0.760422,0.921681,0.003841,0.176774,0.003523,0.023158,0.012367,0.005099,0.006741,0.004857,0.002589,0.037593,0.013696,0.034836,5.229938,3.395659,0.436897,4.370568,2.029964,1.509408,0.676374,3.885476,1.742079,3.51843,1.867411,2.765042,5.063502,3.676087,2.518028,5.037373,3.300237,2.714555,8.907465,11.826416,1.045765,4.113543,5.717161,4.541093,0.003841,0.060264,0.005872,0.000799,0.0,0,0,0,0.003883,0.066902,0.091703,0.04245,0,0.001607,0.032885,0.007986,0.007067,0.0,0.350546,0.002428,0.0,0.003186,0.005955,0.026933,0.067855,0.023302,0.143283,0.086245,0.137804,0.047594,0,0.140848,0.144958,0.139539,0.284637,0.132245,0,0,0,0,0,0,0,0,0,0,0,0
4,9232,12545,4093,14622,6910,2944,7606,4344,6298,13098,14168,95860,3213,2510,790,2868,2117,236,414,819,830,4852,6886,25535,549,666,5130,2808,837,392,78,1197,1151,3239,5867,21914,2943,1286,404,2986,1956,292,1147,1437,529,3257,3552,19789,98,292,365,676,242,26,126,812,242,1050,259,4188,2718,8052,8479,11590,8851,2312,5243,6830,5485,11942,14818,86320,479,1188,896,396,222,88,1301,137,148,3020,1268,9143,5,206,3,34,5,3,3,4,4,57,25,349,3738,3566,504,5140,1244,968,309,1646,1264,4982,3079,26440,4113,4480,1955,6407,1930,1520,4041,4904,790,6671,9697,46508,3,77,7,0,0,0,0,0,4,129,148,368,0,1,28,9,4,1,178,2,0,7,9,239,71,43,135,112,96,31,0,66,87,252,520,1413,0,0,0,0,0,0,0,0,0,0,0,0,11.819532,10.080111,4.807037,11.676675,12.208049,5.004164,17.091367,10.549066,8.151274,8.345599,8.436698,9.433303,4.113535,2.016826,0.927818,2.290296,3.740151,0.401149,0.930295,1.988878,1.074239,3.091529,4.100445,2.512825,0.702873,0.535142,6.024945,2.242382,1.478746,0.666315,0.175273,2.906821,1.489698,2.06378,3.493655,2.156493,3.76786,1.033322,0.474479,2.384527,3.455708,0.496337,2.577412,3.489643,0.684666,2.075249,2.115129,1.947378,0.125467,0.234627,0.428675,0.539833,0.427547,0.044194,0.283133,1.971879,0.313212,0.669024,0.154228,0.412129,3.479797,6.469912,9.958189,9.255414,15.637257,3.929901,11.781493,16.586124,7.099037,7.609035,8.823757,8.4945,0.613253,0.954577,1.05231,0.316233,0.392212,0.149581,2.923464,0.332694,0.191551,1.924241,0.755063,0.899736,0.006401,0.165524,0.003523,0.027151,0.008834,0.005099,0.006741,0.009714,0.005177,0.036318,0.014887,0.034344,4.785681,2.865339,0.591924,4.104644,2.197802,1.645391,0.694351,3.997183,1.635949,3.17436,1.833469,2.601883,5.265786,3.599753,2.296056,5.116431,3.409774,2.583672,9.080491,11.908983,1.022468,4.250534,5.774327,4.576717,0.003841,0.061871,0.008221,0.0,0.0,0,0,0,0.005177,0.082194,0.08813,0.053345,0,0.000804,0.032885,0.007187,0.007067,0.0017,0.399982,0.004857,0.0,0.00446,0.005359,0.027764,0.0909,0.034551,0.158551,0.08944,0.169605,0.052693,0,0.160276,0.112601,0.160566,0.309647,0.145417,0,0,0,0,0,0,0,0,0,0,0,0
5,9202,12343,4122,14349,6843,2899,7730,4349,6145,12973,13812,94767,3132,2539,744,2892,2155,264,396,843,823,4710,6695,25193,533,674,5132,2843,773,406,81,1241,1126,3250,5758,21817,3045,1288,384,3012,1995,292,1191,1463,526,3308,3563,20067,103,286,341,678,236,29,119,821,228,1010,250,4101,2708,7525,8216,10943,8389,2062,5150,6638,5162,11392,13507,81692,456,1141,865,390,239,94,1344,137,120,3030,1265,9081,6,192,0,30,4,3,3,2,3,52,27,322,3513,3199,646,4822,1283,981,307,1678,1211,4578,2954,25172,4118,4428,1757,6423,1950,1592,4073,4957,681,6835,9788,46602,4,88,3,2,0,0,0,0,7,125,170,399,0,1,22,15,4,1,203,1,2,6,9,264,69,45,139,109,113,32,0,69,100,277,526,1479,0,0,0,0,0,0,0,0,0,0,0,0,11.781124,9.9178,4.841096,11.458666,12.089679,4.927674,17.370006,10.561208,7.953251,8.265953,8.224709,9.325744,4.009833,2.040128,0.873793,2.309461,3.807286,0.448743,0.889848,2.04716,1.065179,3.001051,3.986709,2.47917,0.682388,0.54157,6.027294,2.270332,1.365676,0.690112,0.182014,3.013672,1.457341,2.070789,3.428748,2.146947,3.898448,1.034929,0.45099,2.40529,3.52461,0.496337,2.676284,3.552782,0.680783,2.107745,2.121679,1.974735,0.131869,0.229806,0.400489,0.54143,0.416946,0.049294,0.267404,1.993735,0.295092,0.643538,0.148869,0.403567,3.466994,6.046459,9.649308,8.73874,14.821031,3.504955,11.572514,16.119867,6.68099,7.258594,8.043089,8.039072,0.583807,0.916812,1.015902,0.311442,0.422247,0.15978,3.020089,0.332694,0.155312,1.930613,0.753277,0.893635,0.007682,0.154275,0.0,0.023957,0.007067,0.005099,0.006741,0.004857,0.003883,0.033133,0.016078,0.034585,4.497619,2.570448,0.758697,3.8507,2.266704,1.667488,0.689857,4.074893,1.567353,2.916945,1.759035,2.477103,5.272187,3.55797,2.063514,5.129208,3.445108,2.706056,9.152398,12.037689,0.881394,4.355029,5.828515,4.585967,0.005121,0.070709,0.003523,0.001597,0.0,0,0,0,0.00906,0.079646,0.101231,0.048953,0,0.000804,0.025838,0.011979,0.007067,0.0017,0.456159,0.002428,0.002589,0.003823,0.005359,0.028143,0.088339,0.036158,0.163249,0.087044,0.19964,0.054393,0,0.167561,0.129426,0.176495,0.31322,0.15221,0,0,0,0,0,0,0,0,0,0,0,0
6,9228,11904,4018,14208,6793,2870,7842,4406,6097,12916,13450,93732,3123,2517,765,2867,2129,264,403,831,816,4735,6496,24946,544,643,4750,2753,734,409,80,1253,1129,3224,5478,20997,3118,1367,396,3110,2057,305,1200,1498,527,3315,3648,20541,98,282,343,666,234,23,111,828,202,960,242,3989,2682,7198,7492,10655,8118,1874,5155,6381,4944,11119,12537,78155,492,1102,741,330,241,80,1373,139,135,3121,1316,9070,4,183,1,25,5,3,3,2,7,63,24,320,3456,2948,796,4748,1324,958,389,1706,1205,4353,2891,24774,4177,4399,1680,6537,1956,1478,4019,4938,682,6920,9898,46684,3,100,3,1,0,0,0,0,4,146,169,426,0,1,29,9,7,0,222,1,0,4,13,286,79,46,141,112,114,31,0,77,105,290,561,1556,0,0,0,0,0,0,0,0,0,0,0,0,11.814411,9.565057,4.718953,11.346068,12.001343,4.87838,17.62168,10.699628,7.891127,8.229635,8.009147,9.223893,3.99831,2.02245,0.898457,2.289497,3.761351,0.448743,0.905577,2.018019,1.056119,3.01698,3.868209,2.454863,0.696472,0.516661,5.578653,2.19846,1.296774,0.695212,0.179767,3.042813,1.461224,2.054223,3.262015,2.066254,3.991909,1.098407,0.465084,2.483549,3.634147,0.518434,2.696508,3.637777,0.682077,2.112205,2.172295,2.02138,0.125467,0.226592,0.402837,0.531847,0.413413,0.039095,0.249427,2.010734,0.261441,0.611679,0.144105,0.392546,3.433707,5.78371,8.799004,8.508752,14.342249,3.185395,11.583749,15.495762,6.39884,7.084647,7.465477,7.691006,0.629897,0.885475,0.87027,0.263528,0.42578,0.135983,3.085255,0.337551,0.174726,1.988595,0.783646,0.892552,0.005121,0.147043,0.001174,0.019964,0.008834,0.005099,0.006741,0.004857,0.00906,0.040141,0.014291,0.03149,4.424643,2.368766,0.934865,3.791605,2.33914,1.628393,0.874118,4.142888,1.559588,2.773583,1.72152,2.437937,5.347724,3.534668,1.973082,5.220245,3.455708,2.512281,9.031055,11.991549,0.882688,4.409188,5.894017,4.594036,0.003841,0.080352,0.003523,0.000799,0.0,0,0,0,0.005177,0.093026,0.100635,0.052265,0,0.000804,0.034059,0.007187,0.012367,0.0,0.498854,0.002428,0.0,0.002549,0.007741,0.035662,0.101142,0.036962,0.165598,0.08944,0.201406,0.052693,0,0.186989,0.135898,0.184778,0.334062,0.160134,0,0,0,0,0,0,0,0,0,0,0,0
7,9017,11682,3975,13961,6725,2762,8063,4369,6148,12824,13254,92780,3081,2456,683,2836,2131,240,419,837,846,4511,6188,24228,518,640,4362,2651,694,385,88,1233,1289,3088,5318,20266,3156,1384,339,3133,2105,294,1262,1513,584,3439,3664,20873,110,289,300,649,230,22,107,834,249,926,231,3947,2726,6844,6913,10335,7867,1715,5147,6306,5143,10799,12040,75835,497,1051,684,368,254,89,1395,139,153,3163,1348,9141,7,182,3,32,6,6,2,1,7,55,19,320,3433,2781,895,4659,1328,931,448,1713,1287,4271,2795,24541,4236,4290,1636,6532,1957,1434,4037,4890,721,7021,9834,46588,5,98,4,3,0,0,0,0,9,156,169,444,0,0,35,12,5,0,238,2,1,7,9,309,87,38,166,121,115,35,0,82,114,284,554,1596,0,0,0,0,0,0,0,0,0,0,0,0,11.544272,9.386676,4.668452,11.148821,11.881206,4.694804,18.118287,10.609777,7.957134,8.171015,7.892433,9.130209,3.944538,1.973436,0.802152,2.264742,3.764885,0.407948,0.941531,2.032589,1.094947,2.874255,3.684803,2.384207,0.663184,0.51425,5.122965,2.117006,1.226105,0.654417,0.197744,2.994245,1.668306,1.967568,3.166739,1.994318,4.040559,1.112066,0.39814,2.501917,3.71895,0.499737,2.835828,3.674203,0.75585,2.191213,2.181823,2.054051,0.140831,0.232216,0.352336,0.518271,0.406346,0.037395,0.240439,2.025304,0.322272,0.590016,0.137555,0.388413,3.490039,5.499265,8.118996,8.25321,13.898802,2.91513,11.565772,15.313631,6.656399,6.880754,7.169526,7.462701,0.636298,0.844496,0.803326,0.293873,0.448747,0.151281,3.134691,0.337551,0.198022,2.015356,0.802701,0.899539,0.008962,0.14624,0.003523,0.025554,0.0106,0.010199,0.004494,0.002428,0.00906,0.035044,0.011314,0.03149,4.395196,2.234579,1.051136,3.720533,2.346207,1.582499,1.006696,4.159887,1.665718,2.721335,1.664354,2.415008,5.42326,3.447084,1.921406,5.216252,3.457475,2.43749,9.071502,11.874985,0.933164,4.473542,5.855907,4.584589,0.006401,0.078745,0.004698,0.002396,0.0,0,0,0,0.011648,0.099398,0.100635,0.054474,0,0.0,0.041106,0.009583,0.008834,0.0,0.534807,0.004857,0.001294,0.00446,0.005359,0.040938,0.111384,0.030534,0.194959,0.096627,0.203173,0.059492,0,0.199131,0.147546,0.180955,0.329893,0.164251,0,0,0,0,0,0,0,0,0,0,0,0
8,9013,11328,3934,13568,6607,2766,8071,4416,6110,12548,12852,91213,3065,2317,625,2782,2118,255,426,824,877,4431,5946,23666,526,640,3952,2589,661,360,90,1242,1203,3068,5033,19364,3229,1381,364,3111,2114,318,1317,1527,596,3461,3735,21153,97,262,288,596,221,22,107,846,277,927,228,3871,2621,6635,6200,9975,7574,1640,5112,6159,5056,10546,11637,73155,459,1022,641,384,255,86,1407,138,168,3209,1342,9111,8,165,2,32,7,4,2,2,7,58,28,315,3382,2769,872,4430,1333,867,510,1757,1280,4155,2785,24140,4288,4266,1585,6501,1953,1451,4020,4835,782,7146,9838,46665,5,114,6,1,0,0,0,0,4,170,162,462,0,1,28,9,3,3,245,1,2,9,10,311,86,44,147,121,117,31,0,81,114,297,586,1624,0,0,0,0,0,0,0,0,0,0,0,0,11.539151,9.102231,4.620299,10.834984,11.672732,4.701603,18.136264,10.723913,7.907952,7.995158,7.653052,8.976005,3.924054,1.861747,0.734033,2.221619,3.741917,0.433445,0.95726,2.00102,1.135069,2.823282,3.540698,2.328902,0.673427,0.51425,4.641439,2.067495,1.167803,0.611922,0.202238,3.0161,1.556999,1.954825,2.997029,1.905555,4.13402,1.109656,0.427501,2.484348,3.73485,0.540531,2.959418,3.708201,0.771381,2.205231,2.224101,2.081605,0.124187,0.210521,0.338243,0.475947,0.390446,0.037395,0.240439,2.054445,0.358511,0.590653,0.135768,0.380934,3.35561,5.33133,7.28161,7.965725,13.381153,2.787646,11.487124,14.956653,6.543798,6.719551,6.929549,7.19897,0.587648,0.821194,0.752825,0.30665,0.450514,0.146181,3.161656,0.335122,0.217436,2.044665,0.799128,0.896587,0.010242,0.13258,0.002349,0.025554,0.012367,0.006799,0.004494,0.004857,0.00906,0.036956,0.016673,0.030998,4.329902,2.224936,1.024123,3.537661,2.35504,1.473713,1.146016,4.266738,1.656658,2.647424,1.658399,2.375547,5.489835,3.4278,1.861508,5.191497,3.450408,2.466387,9.033302,11.741422,1.012114,4.553187,5.858289,4.592167,0.006401,0.091601,0.007047,0.000799,0.0,0,0,0,0.005177,0.108318,0.096467,0.056682,0,0.000804,0.032885,0.007187,0.0053,0.005099,0.550537,0.002428,0.002589,0.005734,0.005955,0.033153,0.110104,0.035355,0.172645,0.096627,0.206706,0.052693,0,0.196702,0.147546,0.189238,0.348949,0.167132,0,0,0,0,0,0,0,0,0,0,0,0
9,8984,10954,3745,13274,6502,2651,8125,4345,5699,12300,12566,89145,3044,2179,575,2721,2090,233,434,808,820,4291,5556,22751,520,613,3633,2534,641,376,91,1223,1106,2889,4953,18579,3204,1339,320,3132,2201,335,1368,1519,561,3432,3727,21138,91,257,284,581,210,27,106,861,225,877,222,3741,2597,6491,5721,9783,7330,1539,5005,5964,4838,10209,11213,70690,487,1054,620,388,265,81,1433,135,149,3222,1360,9194,9,164,1,31,8,5,2,2,8,65,14,309,3294,2746,872,4289,1309,888,523,1755,1230,4009,2759,23674,4252,4241,1492,6420,1944,1418,3969,4703,712,7131,9837,46119,4,110,5,3,0,0,0,0,5,168,171,466,0,1,30,14,9,1,255,1,0,9,11,331,87,48,155,122,127,33,0,87,112,307,590,1668,0,0,0,0,0,0,0,0,0,0,0,0,11.502023,8.801716,4.398328,10.600204,11.487227,4.506128,18.257606,10.551495,7.37601,7.83714,7.482746,8.7725,3.897168,1.750862,0.675311,2.172906,3.692449,0.39605,0.975237,1.962165,1.061296,2.734079,3.308462,2.23886,0.665745,0.492555,4.266789,2.023574,1.132469,0.639119,0.204485,2.96996,1.431456,1.840772,2.949391,1.828305,4.102013,1.075908,0.375825,2.501118,3.888555,0.569428,3.074019,3.688773,0.726082,2.186753,2.219337,2.080129,0.116505,0.206504,0.333545,0.463969,0.371012,0.045894,0.238192,2.090872,0.291209,0.558794,0.132196,0.368141,3.324883,5.215624,6.719047,7.8124,12.950072,2.615968,11.246686,14.48311,6.261648,6.504827,6.677068,6.956397,0.623496,0.846906,0.728161,0.309845,0.468181,0.137683,3.22008,0.327837,0.192845,2.052948,0.809847,0.904755,0.011523,0.131777,0.001174,0.024756,0.014134,0.008499,0.004494,0.004857,0.010354,0.041416,0.008337,0.030408,4.217238,2.206455,1.024123,3.425062,2.312639,1.509408,1.175228,4.261881,1.591945,2.554398,1.642917,2.329689,5.443745,3.407712,1.752284,5.126813,3.434508,2.410294,8.9187,11.42087,0.921516,4.54363,5.857693,4.538436,0.005121,0.088387,0.005872,0.002396,0.0,0,0,0,0.006471,0.107044,0.101826,0.057173,0,0.000804,0.035234,0.01118,0.0159,0.0017,0.573008,0.002428,0.0,0.005734,0.00655,0.038452,0.111384,0.038569,0.18204,0.097425,0.224374,0.056093,0,0.211273,0.144958,0.19561,0.351331,0.171661,0,0,0,0,0,0,0,0,0,0,0,0
10,8804,10896,3644,13120,6283,2667,8077,4301,5626,12139,12311,87868,3083,2099,543,2706,2068,202,436,782,811,4227,5381,22338,516,607,3366,2468,613,361,94,1172,1060,2958,4801,18016,3254,1372,285,3155,2232,351,1372,1502,545,3440,3768,21276,87,263,278,597,196,22,98,839,229,882,228,3719,2546,6222,5152,9466,7098,1496,4811,5802,4866,10093,10966,68518,455,988,595,353,271,87,1441,139,148,3224,1338,9039,8,160,1,30,7,5,1,3,3,62,18,298,3286,2667,853,4243,1294,815,510,1707,1288,4021,2740,23424,4258,4163,1446,6414,1882,1478,3889,4621,684,7120,9701,45656,6,120,5,1,0,0,0,0,8,172,169,481,0,0,36,11,6,0,262,1,0,7,12,335,104,53,156,122,122,39,0,89,115,322,604,1726,0,0,0,0,0,0,0,0,0,0,0,0,11.271573,8.755112,4.279708,10.477225,11.100314,4.533324,18.149746,10.444644,7.281528,7.734557,7.3309,8.646834,3.947099,1.68658,0.637728,2.160928,3.653581,0.343356,0.979731,1.899026,1.049648,2.6933,3.204254,2.198217,0.660624,0.487734,3.95321,1.970868,1.083001,0.613622,0.211226,2.846111,1.37192,1.884737,2.858878,1.772902,4.166027,1.102424,0.334719,2.519485,3.943324,0.596624,3.083008,3.64749,0.705374,2.191851,2.243752,2.093709,0.111384,0.211325,0.326498,0.476746,0.346278,0.037395,0.220215,2.037446,0.296386,0.56198,0.135768,0.365976,3.259589,4.999478,6.050783,7.559254,12.540193,2.542877,10.81075,14.089706,6.297888,6.430915,6.529985,6.742657,0.582527,0.793874,0.6988,0.281895,0.478782,0.147881,3.238057,0.337551,0.191551,2.054223,0.796746,0.889502,0.010242,0.128563,0.001174,0.023957,0.012367,0.008499,0.002247,0.007285,0.003883,0.039504,0.010719,0.029325,4.206995,2.142978,1.001809,3.388328,2.286138,1.385324,1.146016,4.145317,1.667012,2.562044,1.631603,2.305088,5.451426,3.345038,1.698259,5.122021,3.324971,2.512281,8.738933,11.221739,0.885276,4.536621,5.776709,4.492874,0.007682,0.096422,0.005872,0.000799,0.0,0,0,0,0.010354,0.109593,0.100635,0.059013,0,0.0,0.04228,0.008784,0.0106,0.0,0.588738,0.002428,0.0,0.00446,0.007146,0.049444,0.133149,0.042586,0.183215,0.097425,0.21554,0.066292,0,0.21613,0.14884,0.205167,0.359667,0.17763,0,0,0,0,0,0,0,0,0,0,0,0
11,8741,10462,3513,12642,6182,2577,7969,4269,5444,11923,11947,85669,3015,2009,523,2640,2021,233,430,780,761,4115,5140,21667,513,566,3214,2379,599,344,98,1175,1109,2796,4717,17510,3242,1358,307,3107,2251,301,1385,1512,561,3407,3747,21178,88,244,273,568,198,22,104,839,211,884,218,3649,2507,6012,4862,9274,6883,1450,4590,5594,4646,9844,10599,66261,469,967,551,352,254,82,1459,129,158,3140,1383,8944,6,168,2,27,11,3,1,2,3,74,17,314,3278,2605,811,4295,1311,866,474,1724,1308,3966,2707,23345,4126,4110,1393,6257,1824,1389,3885,4496,673,7258,9639,45050,6,136,2,1,0,0,0,0,5,174,165,489,0,0,33,12,7,1,271,1,1,9,9,344,96,52,170,120,128,28,0,85,124,316,610,1729,0,0,0,0,0,0,0,0,0,0,0,0,11.190915,8.406386,4.125854,10.095509,10.921876,4.380344,17.90706,10.366935,7.045972,7.596929,7.114147,8.430437,3.86004,1.614264,0.614239,2.108222,3.570545,0.39605,0.966249,1.894169,0.984935,2.621938,3.060744,2.132186,0.656783,0.45479,3.774693,1.899796,1.058266,0.584726,0.220215,2.853396,1.435339,1.781516,2.808858,1.723108,4.150663,1.091175,0.360557,2.481154,3.976891,0.511635,3.11222,3.671774,0.726082,2.170824,2.231247,2.084065,0.112665,0.196058,0.320626,0.453587,0.349811,0.037395,0.233697,2.037446,0.27309,0.563255,0.129814,0.359087,3.209658,4.830739,5.710192,7.405929,12.160348,2.464687,10.314143,13.584594,6.01315,6.272261,6.311446,6.520552,0.600451,0.777,0.647124,0.281096,0.448747,0.139382,3.278504,0.313266,0.204494,2.000701,0.823543,0.880153,0.007682,0.134991,0.002349,0.021561,0.019434,0.005099,0.002247,0.004857,0.003883,0.04715,0.010123,0.0309,4.196753,2.09316,0.952482,3.429854,2.316173,1.472013,1.065121,4.1866,1.692897,2.527,1.611952,2.297313,5.282429,3.302452,1.636013,4.996646,3.222501,2.361,8.729945,10.918186,0.87104,4.62455,5.739789,4.433239,0.007682,0.109278,0.002349,0.000799,0.0,0,0,0,0.006471,0.110867,0.098253,0.059995,0,0.0,0.038757,0.009583,0.012367,0.0017,0.608961,0.002428,0.001294,0.005734,0.005359,0.04228,0.122907,0.041783,0.199657,0.095828,0.22614,0.047594,0,0.206416,0.160489,0.201344,0.36324,0.177938,0,0,0,0,0,0,0,0,0,0,0,0
12,8604,10293,3506,12360,6001,2531,7912,4219,5430,11591,11629,84076,2943,1890,490,2555,1984,218,425,765,776,3993,4959,20998,469,591,2950,2296,592,337,99,1154,1040,2672,4629,16829,3189,1346,281,3006,2186,307,1411,1495,521,3296,3736,20774,92,232,266,557,202,19,97,810,211,858,201,3545,2399,5772,4695,8903,6665,1413,4395,5343,4538,9557,10124,63804,468,894,524,352,271,91,1451,129,150,3161,1357,8848,8,147,2,31,7,3,1,3,3,59,17,281,3231,2599,794,4220,1335,815,458,1722,1328,3944,2667,23113,4076,3879,1414,6247,1767,1403,3813,4352,675,7128,9370,44124,3,126,6,2,0,0,0,0,4,190,185,516,0,1,33,11,5,0,282,1,0,7,9,349,95,55,146,124,123,30,0,84,110,338,603,1708,0,0,0,0,0,0,0,0,0,0,0,0,11.015517,8.270592,4.117633,9.870312,10.602099,4.302154,17.778976,10.245513,7.027853,7.38539,6.924785,8.273674,3.76786,1.518646,0.575482,2.040344,3.505176,0.370553,0.955013,1.857743,1.004349,2.544203,2.952963,2.066352,0.600451,0.474878,3.464637,1.833514,1.045899,0.572827,0.222462,2.802399,1.346034,1.702507,2.756456,1.656093,4.082808,1.081533,0.330021,2.400498,3.862054,0.521834,3.170644,3.630491,0.674311,2.100099,2.224697,2.044309,0.117786,0.186416,0.312405,0.444803,0.356878,0.032296,0.217968,1.967022,0.27309,0.546688,0.119691,0.348853,3.071388,4.637895,5.514058,7.109659,11.775202,2.401795,9.875961,12.97506,5.873369,6.089394,6.028595,6.278766,0.59917,0.718343,0.615414,0.281096,0.478782,0.15468,3.260528,0.313266,0.19414,2.014081,0.80806,0.870706,0.010242,0.118117,0.002349,0.024756,0.012367,0.005099,0.002247,0.007285,0.003883,0.037593,0.010123,0.027652,4.13658,2.088339,0.932516,3.369961,2.358574,1.385324,1.029167,4.181743,1.718782,2.512982,1.588133,2.274483,5.218416,3.116839,1.660677,4.98866,3.121798,2.384797,8.568154,10.568494,0.873628,4.541718,5.579606,4.342114,0.003841,0.101243,0.007047,0.001597,0.0,0,0,0,0.005177,0.121062,0.110163,0.063307,0,0.000804,0.038757,0.008784,0.008834,0.0,0.633679,0.002428,0.0,0.00446,0.005359,0.043517,0.121626,0.044193,0.17147,0.099023,0.217307,0.050994,0,0.203987,0.142369,0.215362,0.359072,0.175777,0,0,0,0,0,0,0,0,0,0,0,0
13,8408,10077,3461,12053,5841,2485,7790,4156,5319,11405,11327,82322,2926,1804,458,2570,1916,211,416,729,727,3843,4752,20352,459,565,2948,2273,553,329,100,1130,970,2559,4442,16328,3143,1351,294,3033,2163,286,1393,1539,526,3300,3698,20726,100,217,218,568,173,18,92,796,182,855,190,3409,2355,5626,4274,8679,6406,1354,4226,5136,4249,9285,9806,61396,459,889,509,344,262,74,1452,117,151,3082,1329,8668,9,140,2,24,9,2,1,3,3,67,22,282,3150,2548,711,4103,1298,828,440,1753,1281,3899,2665,22676,4027,3943,1348,6110,1706,1415,3758,4229,696,7109,9272,43613,1,130,5,1,0,0,0,0,4,194,171,506,0,1,29,15,5,1,285,1,1,7,10,355,104,54,152,119,114,36,0,87,110,354,582,1712,0,0,0,0,0,0,0,0,0,0,0,0,10.764582,8.097033,4.064783,9.625152,10.319423,4.223964,17.504831,10.092523,6.884189,7.266877,6.744952,8.101068,3.746095,1.449543,0.5379,2.052322,3.385039,0.358654,0.934789,1.77032,0.94093,2.448629,2.8297,2.002781,0.587648,0.453987,3.462288,1.815147,0.976997,0.559229,0.224709,2.744117,1.255436,1.630508,2.645103,1.606791,4.023916,1.08555,0.345289,2.42206,3.82142,0.486138,3.130196,3.737342,0.680783,2.102647,2.202069,2.039585,0.128028,0.174363,0.256031,0.453587,0.305643,0.030596,0.206732,1.933024,0.235556,0.544777,0.11314,0.33547,3.015056,4.520582,5.019613,6.93078,11.317621,2.301508,9.496202,12.472377,5.499327,5.916085,5.839234,6.041801,0.587648,0.714326,0.597797,0.274708,0.462881,0.125784,3.262775,0.284125,0.195434,1.963745,0.791387,0.852993,0.011523,0.112492,0.002349,0.019166,0.0159,0.0034,0.002247,0.007285,0.003883,0.04269,0.0131,0.027751,4.032878,2.047359,0.835036,3.276528,2.293205,1.407421,0.98872,4.257024,1.657952,2.48431,1.586942,2.231479,5.155682,3.168264,1.583163,4.879256,3.014028,2.405195,8.444564,10.269798,0.900808,4.529612,5.52125,4.291828,0.00128,0.104457,0.005872,0.000799,0.0,0,0,0,0.005177,0.12361,0.101826,0.06208,0,0.000804,0.034059,0.011979,0.008834,0.0017,0.640421,0.002428,0.001294,0.00446,0.005955,0.037843,0.133149,0.04339,0.178517,0.09503,0.201406,0.061192,0,0.211273,0.142369,0.225557,0.346567,0.176189,0,0,0,0,0,0,0,0,0,0,0,0
14,8249,9744,3355,11745,5736,2525,7732,4040,5205,11202,10999,80532,2791,1772,444,2546,1889,219,408,733,754,3774,4514,19844,455,533,2865,2235,541,316,101,1093,978,2563,4331,16011,3121,1301,300,2946,2130,307,1395,1492,468,3237,3653,20350,86,247,233,559,174,18,84,791,163,837,196,3388,2280,5316,4016,8261,6184,1293,4055,4941,4077,9025,9418,58866,457,911,526,343,263,66,1451,118,156,3151,1362,8804,8,111,3,24,11,1,1,4,7,66,16,252,3126,2448,723,4034,1300,796,422,1720,1329,3848,2635,22381,3947,3840,1338,5990,1657,1298,3678,4133,672,7052,9063,42668,3,134,7,1,0,0,0,0,1,203,183,532,0,0,29,13,4,1,289,1,0,7,12,356,96,45,162,116,120,27,0,74,118,337,609,1704,0,0,0,0,0,0,0,0,0,0,0,0,10.561018,7.829462,3.940291,9.379192,10.133918,4.291955,17.3745,9.810826,6.736643,7.137532,6.549636,7.924919,3.573258,1.423831,0.521457,2.033157,3.337338,0.372253,0.916813,1.780034,0.975875,2.404664,2.687977,1.95279,0.582527,0.428274,3.364809,1.784802,0.955797,0.537132,0.226956,2.654266,1.26579,1.633056,2.579005,1.575596,3.995749,1.045375,0.352336,2.352584,3.763118,0.521834,3.134691,3.623206,0.605715,2.062506,2.175272,2.002584,0.110104,0.198468,0.273648,0.4464,0.30741,0.030596,0.188756,1.920882,0.210965,0.533308,0.116713,0.333403,2.919035,4.271492,4.716604,6.596978,10.925409,2.197821,9.11195,11.998834,5.276714,5.750422,5.608189,5.792831,0.585087,0.732003,0.617762,0.273909,0.464648,0.112186,3.260528,0.286554,0.201905,2.00771,0.811038,0.866376,0.010242,0.08919,0.003523,0.019166,0.019434,0.0017,0.002247,0.009714,0.00906,0.042053,0.009528,0.024799,4.002151,1.967008,0.84913,3.221427,2.296739,1.353028,0.948272,4.176886,1.720077,2.451814,1.569078,2.202449,5.05326,3.085502,1.571419,4.783428,2.927458,2.20632,8.264797,10.036669,0.869745,4.493294,5.396795,4.198833,0.003841,0.107671,0.008221,0.000799,0.0,0,0,0,0.001294,0.129345,0.108972,0.06527,0,0.0,0.034059,0.010381,0.007067,0.0017,0.649409,0.002428,0.0,0.00446,0.007146,0.048346,0.122907,0.036158,0.190261,0.092634,0.212007,0.045894,0,0.179703,0.152723,0.214725,0.362645,0.175365,0,0,0,0,0,0,0,0,0,0,0,0
15,8159,9619,3327,11492,5569,2482,7522,4015,5037,10889,10753,78864,2771,1699,420,2443,1817,193,401,715,715,3755,4351,19280,453,484,2619,2169,526,326,99,1084,946,2478,4166,15350,3112,1295,275,2898,2133,280,1409,1465,506,3259,3616,20248,95,222,240,551,179,22,84,793,187,821,200,3394,2203,5186,3888,8113,5920,1278,3921,4746,3804,8724,9010,56793,453,860,509,325,259,82,1448,115,149,3081,1333,8614,8,138,2,31,12,2,1,2,5,71,25,297,3061,2473,672,4043,1325,783,408,1704,1277,3789,2616,22151,3881,3755,1297,5763,1573,1292,3638,4028,659,7000,8796,41682,1,135,4,1,0,0,0,0,3,198,181,523,0,0,38,7,6,1,297,1,0,8,12,370,96,44,161,134,118,25,0,88,116,333,598,1713,0,0,0,0,0,0,0,0,0,0,0,0,10.445793,7.729022,3.907406,9.177155,9.838875,4.218864,16.902611,9.750115,6.519207,6.938099,6.403149,7.760776,3.547652,1.365174,0.49327,1.950904,3.210134,0.328058,0.901083,1.736322,0.925399,2.392558,2.590914,1.897289,0.579966,0.388902,3.075893,1.732096,0.929296,0.55413,0.222462,2.63241,1.224374,1.578897,2.480751,1.510549,3.984227,1.040553,0.322975,2.314253,3.768418,0.47594,3.16615,3.557639,0.654897,2.076524,2.15324,1.992547,0.121626,0.178381,0.281869,0.440011,0.316243,0.037395,0.188756,1.925739,0.242027,0.523113,0.119095,0.333994,2.820454,4.167035,4.566274,6.47879,10.458994,2.172324,8.81084,11.525292,4.92338,5.558635,5.365235,5.588834,0.579966,0.691024,0.597797,0.259535,0.457581,0.139382,3.253786,0.279269,0.192845,1.963108,0.793769,0.847679,0.010242,0.110885,0.002349,0.024756,0.021201,0.0034,0.002247,0.004857,0.006471,0.045239,0.014887,0.029227,3.918933,1.987096,0.789233,3.228614,2.340907,1.330931,0.916813,4.138032,1.652775,2.414222,1.557764,2.179815,4.968761,3.017203,1.523266,4.602153,2.779054,2.196121,8.174913,9.781685,0.85292,4.460161,5.237803,4.101804,0.00128,0.108475,0.004698,0.000799,0.0,0,0,0,0.003883,0.126159,0.107781,0.064166,0,0.0,0.044629,0.00559,0.0106,0.0017,0.667386,0.002428,0.0,0.005097,0.007146,0.050247,0.122907,0.035355,0.189087,0.107008,0.208473,0.042495,0,0.213701,0.150135,0.212176,0.356094,0.176292,0,0,0,0,0,0,0,0,0,0,0,0
16,7940,9321,3231,11162,5480,2476,7353,3943,4902,10580,10336,76724,2648,1604,412,2356,1754,216,383,714,724,3531,4138,18480,423,484,2629,2005,501,328,98,1050,872,2403,3999,14792,3015,1282,345,2850,2116,317,1379,1456,486,3127,3549,19922,99,207,225,539,172,21,86,779,168,798,198,3292,2154,4917,3829,7697,5726,1164,3807,4505,3566,8368,8635,54368,439,842,455,344,267,87,1415,127,154,3061,1306,8497,6,111,1,34,10,1,1,2,4,79,26,275,2999,2437,664,3956,1302,785,398,1690,1286,3822,2536,21875,3779,3583,1304,5634,1523,1245,3551,3887,658,6871,8590,40625,3,137,6,1,0,0,0,0,4,203,170,524,0,1,41,13,4,0,295,1,0,11,13,379,105,47,166,112,118,35,0,88,123,342,577,1713,0,0,0,0,0,0,0,0,0,0,0,0,10.165412,7.489574,3.794659,8.913627,9.681637,4.208665,16.522853,9.575269,6.344481,6.741215,6.154836,7.550185,3.390178,1.28884,0.483875,1.881428,3.09883,0.367153,0.860635,1.733893,0.937047,2.249833,2.464078,1.818563,0.541558,0.388902,3.087638,1.601131,0.885128,0.557529,0.220215,2.549843,1.128598,1.53111,2.381307,1.455638,3.86004,1.030108,0.405186,2.275922,3.738384,0.538832,3.098737,3.535783,0.629012,1.992418,2.113343,1.960466,0.126748,0.166328,0.264252,0.430429,0.303876,0.035695,0.19325,1.891741,0.217436,0.508458,0.117904,0.323956,2.75772,3.950889,4.496982,6.146585,10.11625,1.978549,8.554672,10.940042,4.615345,5.331804,5.141932,5.350196,0.562042,0.676561,0.534376,0.274708,0.471715,0.147881,3.179632,0.30841,0.199317,1.950365,0.777691,0.836165,0.007682,0.08919,0.001174,0.027151,0.017667,0.0017,0.002247,0.004857,0.005177,0.050336,0.015482,0.027062,3.839555,1.958169,0.779837,3.159139,2.300272,1.334331,0.894342,4.104034,1.664423,2.435248,1.510126,2.152655,4.838173,2.878998,1.531487,4.499138,2.690718,2.116231,7.979417,9.439277,0.851626,4.377967,5.115135,3.997788,0.003841,0.110082,0.007047,0.000799,0.0,0,0,0,0.005177,0.129345,0.101231,0.064289,0,0.000804,0.048153,0.010381,0.007067,0.0,0.662892,0.002428,0.0,0.007009,0.007741,0.047258,0.134429,0.037765,0.194959,0.08944,0.208473,0.059492,0,0.213701,0.159194,0.217911,0.343589,0.176292,0,0,0,0,0,0,0,0,0,0,0,0
17,7703,9040,3130,10698,5326,2374,7236,3825,4807,10284,9967,74390,2581,1553,399,2269,1700,201,368,705,670,3498,3992,17936,421,479,2457,1896,471,332,99,990,911,2269,3823,14148,2989,1290,371,2762,2072,314,1388,1399,524,3162,3485,19756,95,185,220,537,165,19,83,790,175,786,203,3258,2099,4803,3623,7291,5479,1090,3701,4226,3543,8060,8240,52155,438,844,399,329,270,77,1410,121,156,2994,1315,8353,7,115,1,32,11,3,1,2,4,71,19,266,2941,2416,672,3697,1282,771,406,1657,1294,3731,2618,21485,3718,3483,1173,5407,1434,1196,3519,3765,672,6707,8376,39450,3,148,3,1,0,0,0,0,3,210,169,537,0,1,32,8,5,2,301,1,1,11,14,376,100,47,149,125,123,30,0,89,103,339,588,1693,0,0,0,0,0,0,0,0,0,0,0,0,9.861986,7.263786,3.676039,8.543091,9.409561,4.035288,16.259943,9.288715,6.221526,6.552614,5.935105,7.320503,3.304399,1.247861,0.468607,1.811953,3.003427,0.341657,0.826929,1.712038,0.867157,2.228806,2.377139,1.765029,0.538997,0.384884,2.885632,1.514087,0.832126,0.564328,0.222462,2.404138,1.179074,1.445729,2.276503,1.392263,3.826753,1.036536,0.435722,2.205647,3.660648,0.533732,3.118961,3.397363,0.678194,2.014719,2.075232,1.94413,0.121626,0.14865,0.25838,0.428832,0.291509,0.032296,0.186508,1.918454,0.226496,0.500812,0.120882,0.32061,2.687305,3.859288,4.255044,5.822366,9.67987,1.852765,8.31648,10.262512,4.585577,5.135557,4.906719,5.132421,0.560762,0.678168,0.468607,0.262729,0.477015,0.130883,3.168397,0.293839,0.201905,1.907675,0.78305,0.821994,0.008962,0.092404,0.001174,0.025554,0.019434,0.005099,0.002247,0.004857,0.005177,0.045239,0.011314,0.026176,3.765299,1.941295,0.789233,2.952309,2.264938,1.310534,0.912319,4.023896,1.674777,2.377266,1.558955,2.114276,4.760076,2.798647,1.377634,4.317862,2.533479,2.032942,7.90751,9.14301,0.869745,4.273472,4.987703,3.882159,0.003841,0.11892,0.003523,0.000799,0.0,0,0,0,0.003883,0.133805,0.100635,0.065884,0,0.000804,0.037583,0.006389,0.008834,0.0034,0.676374,0.002428,0.001294,0.007009,0.008337,0.040082,0.128028,0.037765,0.174994,0.099821,0.217307,0.050994,0,0.21613,0.133309,0.215999,0.35014,0.174233,0,0,0,0,0,0,0,0,0,0,0,0
18,7530,8982,3047,10338,5163,2403,7092,3787,4721,10085,9831,72979,2452,1504,387,2248,1625,185,359,673,653,3409,3811,17306,399,451,2429,1856,469,311,100,971,867,2177,3675,13705,2916,1250,341,2717,2042,287,1375,1414,486,3045,3455,19328,84,195,211,517,151,22,77,802,175,768,197,3199,2012,4592,3526,6954,5261,1016,3599,4097,3328,7857,8006,50248,421,810,445,343,270,80,1400,120,120,3058,1301,8368,5,121,1,30,12,5,1,2,4,58,23,262,2823,2392,680,3622,1283,764,412,1649,1293,3741,2554,21213,3632,3403,1207,5184,1361,1218,3435,3686,662,6585,8177,38550,1,139,8,1,0,0,0,0,4,201,170,524,0,1,32,12,6,1,311,1,0,8,12,384,97,40,164,121,108,29,0,89,108,343,565,1664,0,0,0,0,0,0,0,0,0,0,0,0,9.640498,7.217182,3.578559,8.255606,9.121586,4.084581,15.936362,9.196435,6.11022,6.425818,5.85412,7.181651,3.139243,1.208488,0.454513,1.795183,2.870923,0.31446,0.806705,1.634328,0.845154,2.172099,2.269357,1.703033,0.510831,0.362386,2.852747,1.482144,0.828593,0.528633,0.224709,2.357998,1.122127,1.38711,2.188373,1.348669,3.733292,1.004395,0.400489,2.169712,3.607646,0.487838,3.089749,3.433789,0.629012,1.94017,2.057368,1.902012,0.107543,0.156686,0.24781,0.41286,0.266775,0.037395,0.173026,1.947595,0.226496,0.489343,0.117309,0.314804,2.575921,3.689746,4.141122,5.553249,9.294725,1.726981,8.087277,9.949246,4.30731,5.006212,4.767377,4.944759,0.538997,0.650848,0.522632,0.273909,0.477015,0.135983,3.145926,0.291411,0.155312,1.948453,0.774714,0.82347,0.006401,0.097225,0.001174,0.023957,0.021201,0.008499,0.002247,0.004857,0.005177,0.036956,0.013696,0.025783,3.614226,1.922011,0.798628,2.892417,2.266704,1.298635,0.925801,4.004468,1.673483,2.383638,1.520845,2.087509,4.649972,2.734366,1.417565,4.139782,2.404509,2.070337,7.718754,8.951164,0.856803,4.195737,4.869204,3.793593,0.00128,0.111689,0.009396,0.000799,0.0,0,0,0,0.005177,0.12807,0.101231,0.064289,0,0.000804,0.037583,0.009583,0.0106,0.0017,0.698845,0.002428,0.0,0.005097,0.007146,0.044609,0.124187,0.032141,0.19261,0.096627,0.190806,0.049294,0,0.21613,0.13978,0.218548,0.336444,0.171249,0,0,0,0,0,0,0,0,0,0,0,0
19,7303,8500,3004,10011,5035,2318,6975,3726,4631,9894,9451,70848,2348,1434,390,2168,1577,163,358,656,642,3174,3629,16539,392,486,2378,1855,446,307,93,913,810,2104,3516,13300,2865,1176,338,2756,2024,325,1364,1359,488,3037,3380,19112,91,198,190,514,148,21,79,786,173,767,176,3143,1955,4412,3444,6763,5118,989,3485,3929,3238,7620,7660,48613,402,777,448,370,269,71,1386,125,134,2950,1284,8216,5,105,1,26,11,2,1,3,3,64,29,250,2861,2407,661,3513,1248,733,406,1624,1268,3645,2456,20822,3480,3368,1153,5092,1334,1145,3383,3550,677,6513,8093,37788,0,136,2,0,0,0,0,0,2,212,164,516,0,1,27,12,4,1,302,1,0,13,12,373,100,42,156,130,111,30,0,92,109,327,554,1651,0,0,0,0,0,0,0,0,0,0,0,0,9.349875,6.829888,3.528058,7.994474,8.895445,3.9401,15.673453,9.048301,5.993736,6.304119,5.62784,6.971945,3.006094,1.152242,0.458037,1.731298,2.786121,0.277065,0.804458,1.593045,0.830917,2.022365,2.160981,1.627555,0.501869,0.390509,2.79285,1.481345,0.787958,0.521834,0.208979,2.21715,1.048354,1.340597,2.093692,1.308814,3.667998,0.944935,0.396965,2.200856,3.575845,0.55243,3.065031,3.300226,0.631601,1.935073,2.012707,1.880756,0.116505,0.159096,0.223146,0.410464,0.261475,0.035695,0.17752,1.90874,0.223908,0.488706,0.104804,0.309293,2.502945,3.545113,4.044817,5.400722,9.042083,1.681087,7.831109,9.541271,4.190826,4.855204,4.561343,4.783864,0.514672,0.624332,0.526155,0.295471,0.475248,0.120685,3.114467,0.303553,0.173431,1.879639,0.764591,0.808513,0.006401,0.084369,0.001174,0.020763,0.019434,0.0034,0.002247,0.007285,0.003883,0.040779,0.017269,0.024602,3.662877,1.934063,0.776314,2.805373,2.204869,1.245942,0.912319,3.943758,1.641127,2.32247,1.462488,2.049032,4.455369,2.706243,1.354145,4.066313,2.356807,1.946253,7.601906,8.620899,0.876217,4.149861,4.819184,3.718607,0.0,0.109278,0.002349,0.0,0.0,0,0,0,0.002589,0.135079,0.097658,0.084349,0,0.000804,0.03171,0.009583,0.007067,0.0017,0.678621,0.002428,0.0,0.008283,0.007146,0.043331,0.128028,0.033748,0.183215,0.103814,0.196106,0.050994,0,0.223415,0.141075,0.208353,0.329893,0.169911,0,0,0,0,0,0,0,0,0,0,0,0
20,7127,8386,2936,9695,4899,2250,6873,3658,4441,9544,9169,68978,2232,1367,360,2079,1523,180,343,635,604,3072,3472,15867,363,439,2308,1768,413,314,95,895,777,1967,3292,12631,2860,1188,291,2708,1981,312,1353,1359,451,2931,3316,18750,98,177,172,486,148,21,78,754,159,749,171,3013,1952,4300,3275,6508,4982,921,3381,3820,3124,7315,7319,46897,409,723,442,316,259,66,1364,126,131,2990,1307,8133,6,103,0,29,10,2,1,2,5,61,21,240,2804,2321,665,3314,1251,691,405,1586,1244,3535,2480,20296,3482,3296,1173,4872,1293,1073,3270,3485,665,6354,7853,36816,0,137,5,0,0,0,0,0,3,211,171,527,0,1,33,16,3,1,304,0,0,15,13,386,107,37,153,128,116,32,0,82,128,335,543,1661,0,0,0,0,0,0,0,0,0,0,0,0,9.124546,6.738287,3.448195,7.742126,8.655171,3.824514,15.44425,8.883169,5.747826,6.081111,5.459916,6.787924,2.857582,1.098407,0.422803,1.660225,2.690718,0.305961,0.770752,1.542048,0.781735,1.957374,2.067491,1.561425,0.464741,0.352744,2.710638,1.41187,0.729656,0.533732,0.213474,2.173438,1.005643,1.253305,1.960306,1.24298,3.661597,0.954577,0.341766,2.162525,3.499876,0.530333,3.040313,3.300226,0.583713,1.867533,1.974597,1.845133,0.125467,0.142222,0.202006,0.388105,0.261475,0.035695,0.175273,1.83103,0.205788,0.477237,0.101826,0.296501,2.499104,3.45512,3.846335,5.197087,8.801809,1.565501,7.597411,9.276573,4.04328,4.660868,4.358286,4.614997,0.523634,0.580942,0.519108,0.252348,0.457581,0.112186,3.065031,0.305981,0.169549,1.905126,0.778287,0.800345,0.007682,0.082762,0.0,0.023158,0.017667,0.0034,0.002247,0.004857,0.006471,0.038867,0.012505,0.025778,3.589901,1.864961,0.781011,2.646458,2.210169,1.174551,0.910071,3.851478,1.610064,2.252381,1.476779,1.99727,4.45793,2.648389,1.377634,3.890628,2.284372,1.823868,7.347984,8.463052,0.860685,4.048552,4.67627,3.622955,0.0,0.110082,0.005872,0.0,0.0,0,0,0,0.003883,0.134442,0.101826,0.086148,0,0.000804,0.038757,0.012777,0.0053,0.0017,0.683115,0.0,0.0,0.009557,0.007741,0.047094,0.13699,0.02973,0.179691,0.102217,0.20494,0.054393,0,0.199131,0.165666,0.213451,0.323343,0.17094,0,0,0,0,0,0,0,0,0,0,0,0
21,6950,8257,2862,9375,4764,2090,6746,3587,4338,9359,8837,67165,2086,1259,357,2033,1469,166,337,620,598,2932,3334,15191,356,420,2252,1685,412,281,100,859,807,1877,3150,12199,2763,1187,303,2709,1969,274,1370,1323,479,2927,3234,18538,90,188,186,453,136,18,76,767,175,749,156,2994,1868,4160,3053,6287,4798,902,3291,3779,3137,7185,7113,45573,396,718,431,343,252,74,1356,129,132,2973,1314,8118,6,100,0,32,10,2,1,2,3,66,27,249,2735,2299,663,3286,1233,651,409,1575,1257,3544,2445,20097,3432,3232,1109,4854,1297,977,3227,3432,691,6365,7627,36243,1,135,0,0,0,0,0,0,0,216,170,522,0,1,33,11,2,1,305,1,0,12,12,378,99,50,161,128,128,27,0,88,109,351,545,1686,0,0,0,0,0,0,0,0,0,0,0,0,8.897936,6.634633,3.361285,7.486584,8.416664,3.552549,15.158869,8.710751,5.614516,5.963236,5.262218,6.609512,2.670661,1.011627,0.41928,1.623491,2.595315,0.282164,0.757269,1.505622,0.77397,1.86817,1.985316,1.494902,0.455779,0.337477,2.644869,1.345589,0.727889,0.477639,0.224709,2.086015,1.044471,1.19596,1.875748,1.200468,3.53741,0.953774,0.355859,2.163323,3.478676,0.465741,3.078513,3.212803,0.619952,1.864985,1.925768,1.824271,0.115225,0.151061,0.218448,0.361752,0.240274,0.030596,0.170779,1.8626,0.226496,0.477237,0.092894,0.294631,2.39156,3.342627,3.585606,5.020603,8.476732,1.533205,7.395173,9.177008,4.060106,4.578037,4.235618,4.484706,0.50699,0.576925,0.506189,0.273909,0.445214,0.125784,3.047054,0.313266,0.170843,1.894294,0.782455,0.798869,0.007682,0.080352,0.0,0.025554,0.017667,0.0034,0.002247,0.004857,0.003883,0.042053,0.016078,0.026744,3.501562,1.847284,0.778663,2.624098,2.178368,1.106559,0.91906,3.824765,1.62689,2.258116,1.455938,1.977687,4.393916,2.596964,1.302469,3.876254,2.291438,1.660689,7.251359,8.334345,0.894336,4.055561,4.541692,3.566568,0.00128,0.108475,0.0,0.0,0.0,0,0,0,0.0,0.137628,0.101231,0.098969,0,0.000804,0.038757,0.008784,0.003533,0.0017,0.685362,0.002428,0.0,0.007646,0.007146,0.043912,0.126748,0.040176,0.189087,0.102217,0.22614,0.045894,0,0.213701,0.141075,0.223645,0.324534,0.173513,0,0,0,0,0,0,0,0,0,0,0,0
22,6805,8037,2795,9021,4695,2078,6656,3589,4277,9136,8728,65817,1999,1214,349,1971,1442,164,339,601,553,2800,3132,14564,351,410,2113,1602,389,278,94,832,776,1825,3022,11692,2688,1132,339,2621,1950,272,1353,1315,497,2871,3202,18240,75,182,176,448,133,15,79,758,143,721,157,2887,1827,4058,2942,6157,4751,864,3243,3699,3071,7004,6989,44605,399,709,416,306,250,53,1337,133,139,2923,1309,7974,5,94,2,29,12,3,1,3,6,68,19,242,2749,2238,647,3142,1235,707,431,1554,1234,3522,2403,19862,3337,3191,1058,4762,1264,988,3183,3418,721,6227,7500,35649,0,121,3,0,0,0,0,0,3,221,179,527,0,1,38,9,1,1,308,1,1,15,14,389,97,43,153,121,130,25,0,96,97,333,543,1638,0,0,0,0,0,0,0,0,0,0,0,0,8.712296,6.45786,3.282597,7.203891,8.29476,3.532151,14.956631,8.715607,5.535566,5.821148,5.197311,6.476859,2.559277,0.975469,0.409884,1.573979,2.547613,0.278765,0.761764,1.459482,0.715728,1.784064,1.86503,1.433201,0.449378,0.329442,2.48162,1.279307,0.687255,0.47254,0.211226,2.020447,1.004349,1.162828,1.799527,1.150576,3.441389,0.90958,0.39814,2.093049,3.445108,0.462341,3.040313,3.193375,0.643249,1.829303,1.906713,1.794945,0.096021,0.14624,0.206704,0.357759,0.234974,0.025497,0.17752,1.840744,0.18508,0.459397,0.09349,0.284101,2.339069,3.260669,3.455242,4.916789,8.393696,1.468613,7.287313,8.982734,3.974684,4.46271,4.161779,4.389448,0.510831,0.569693,0.488573,0.244362,0.441681,0.090089,3.004359,0.32298,0.179903,1.862436,0.779478,0.784698,0.006401,0.075531,0.002349,0.023158,0.021201,0.005099,0.002247,0.007285,0.007766,0.043327,0.011314,0.023815,3.519486,1.798269,0.759871,2.509104,2.181902,1.201747,0.968496,3.773768,1.597122,2.244098,1.430928,1.954562,4.27229,2.56402,1.242572,3.802785,2.233137,1.679387,7.152488,8.300347,0.933164,3.967632,4.466067,3.508114,0.0,0.097225,0.003523,0.0,0.0,0,0,0,0.003883,0.140814,0.10659,0.086148,0,0.000804,0.044629,0.007187,0.001767,0.0017,0.692104,0.002428,0.001294,0.009557,0.008337,0.041468,0.124187,0.034551,0.179691,0.096627,0.229674,0.042495,0,0.233129,0.125544,0.212176,0.323343,0.168573,0,0,0,0,0,0,0,0,0,0,0,0
23,6748,7842,2747,8767,4484,2069,6548,3524,4199,8848,8527,64303,1969,1226,329,1937,1396,161,326,583,571,2704,3106,14308,334,393,2125,1556,374,292,100,789,730,1699,2878,11270,2706,1130,302,2605,1860,286,1336,1327,462,2861,3139,18014,86,164,153,442,126,15,70,727,158,692,168,2801,1803,4065,2864,5990,4596,847,3197,3688,2964,6839,6845,43698,402,697,396,324,250,58,1336,133,144,2928,1282,7950,5,105,2,26,13,2,2,3,1,54,21,234,2769,2263,655,3116,1165,643,419,1555,1251,3549,2401,19786,3347,3183,1057,4622,1211,911,3156,3343,698,6241,7431,35200,1,117,4,0,0,0,0,0,3,230,174,529,0,1,37,10,2,1,307,1,0,13,12,384,87,39,151,113,114,22,0,98,92,326,546,1588,0,0,0,0,0,0,0,0,0,0,0,0,8.63932,6.301174,3.226223,7.001054,7.921982,3.516853,14.713945,8.55776,5.434614,5.637644,5.07762,6.327871,2.520869,0.985111,0.386395,1.546828,2.466344,0.273665,0.732551,1.41577,0.739025,1.722897,1.849547,1.408009,0.427613,0.315782,2.495713,1.242573,0.660754,0.496337,0.224709,1.916025,0.944813,1.082545,1.713779,1.109048,3.464434,0.907973,0.354685,2.080272,3.286103,0.486138,3.002112,3.222516,0.59795,1.822932,1.869198,1.772705,0.110104,0.131777,0.179691,0.352967,0.222607,0.025497,0.157296,1.765463,0.204494,0.440919,0.10004,0.275638,2.308342,3.266293,3.363634,4.783428,8.119854,1.439717,7.183947,8.956021,3.836198,4.357577,4.07603,4.300193,0.514672,0.560051,0.465084,0.258736,0.441681,0.098587,3.002112,0.32298,0.186374,1.865622,0.7634,0.782336,0.006401,0.084369,0.002349,0.020763,0.022967,0.0034,0.004494,0.007285,0.001294,0.034407,0.012505,0.023027,3.545091,1.818357,0.769267,2.488341,2.058231,1.092961,0.941531,3.776197,1.619124,2.261302,1.429737,1.947083,4.285092,2.557592,1.241397,3.690986,2.1395,1.548503,7.091816,8.118216,0.903396,3.976552,4.424979,3.463929,0.00128,0.094011,0.004698,0.0,0.0,0,0,0,0.003883,0.146548,0.103613,0.076683,0,0.000804,0.043455,0.007986,0.003533,0.0017,0.689857,0.002428,0.0,0.008283,0.007146,0.044609,0.111384,0.031337,0.177342,0.090238,0.201406,0.037395,0,0.237985,0.119072,0.207716,0.32513,0.163427,0,0,0,0,0,0,0,0,0,0,0,0
24,6535,7647,2659,8512,4366,2028,6454,3468,3966,8683,8373,62691,1959,1144,298,1904,1371,159,322,580,578,2669,3004,13988,318,376,2008,1488,364,238,99,781,703,1571,2806,10752,2681,1099,296,2441,1842,257,1323,1318,485,2803,3116,17661,71,177,165,405,115,19,69,752,155,674,149,2751,1802,3874,2684,5811,4446,836,3124,3644,2831,6839,6653,42544,392,652,356,317,245,67,1337,133,127,2931,1288,7845,6,86,3,32,11,2,2,3,6,58,24,233,2731,2231,646,3039,1183,648,423,1521,1273,3421,2386,19502,3332,3018,964,4514,1186,927,3094,3345,660,6204,7320,34564,0,115,3,0,0,0,0,0,3,223,178,522,0,1,30,10,1,1,307,2,1,10,11,374,103,34,168,122,117,27,0,88,101,315,544,1619,0,0,0,0,0,0,0,0,0,0,0,0,8.366621,6.144488,3.122871,6.797419,7.713508,3.447162,14.502719,8.421768,5.13305,5.532511,4.985917,6.169239,2.508066,0.919223,0.349987,1.520475,2.422176,0.270266,0.723563,1.408485,0.748084,1.700596,1.788809,1.376518,0.407129,0.302122,2.358302,1.188271,0.643087,0.404549,0.222462,1.896598,0.909867,1.000988,1.670904,1.058073,3.432427,0.883064,0.347638,1.949307,3.254302,0.436845,2.9729,3.200661,0.627718,1.785976,1.855502,1.737968,0.0909,0.142222,0.193785,0.32342,0.203173,0.032296,0.155049,1.826174,0.200611,0.42945,0.088726,0.270718,2.307062,3.112822,3.152233,4.640484,7.854846,1.42102,7.019909,8.849171,3.664061,4.357577,3.961699,4.186631,0.501869,0.523893,0.418105,0.253146,0.432847,0.113886,3.004359,0.32298,0.164372,1.867533,0.766973,0.772004,0.007682,0.069102,0.003523,0.025554,0.019434,0.0034,0.004494,0.007285,0.007766,0.036956,0.014291,0.022929,3.496441,1.792645,0.758697,2.426851,2.090032,1.10146,0.950519,3.69363,1.647598,2.179744,1.420805,1.919135,4.265888,2.425012,1.132173,3.60474,2.095332,1.5757,6.952497,8.123072,0.854214,3.952977,4.358881,3.401342,0.0,0.092404,0.003523,0.0,0.0,0,0,0,0.003883,0.142088,0.105995,0.08533,0,0.000804,0.035234,0.007986,0.001767,0.0017,0.689857,0.004857,0.001294,0.006372,0.00655,0.039869,0.131869,0.02732,0.197308,0.097425,0.206706,0.045894,0,0.213701,0.130721,0.200707,0.323939,0.166618,0,0,0,0,0,0,0,0,0,0,0,0
25,6397,7493,2647,8255,4343,1967,6359,3469,3986,8517,8276,61709,1900,1102,266,1872,1350,153,313,570,517,2612,2907,13562,317,373,1902,1440,330,241,96,773,668,1532,2757,10429,2670,1123,298,2429,1818,254,1297,1315,438,2804,3013,17459,84,164,174,423,116,11,69,739,134,652,159,2725,1772,3754,2480,5749,4369,795,3051,3573,2787,6748,6602,41680,387,678,375,320,254,53,1322,132,98,2927,1290,7836,5,89,4,29,10,1,1,3,3,59,22,226,2705,2213,636,3017,1129,624,417,1529,1199,3479,2423,19371,3284,3043,1062,4483,1183,883,3050,3318,641,6224,7254,34425,0,118,4,0,0,0,0,0,2,222,168,514,0,0,33,8,3,0,307,2,0,15,12,380,98,46,152,105,115,29,0,88,87,312,523,1555,0,0,0,0,0,0,0,0,0,0,0,0,8.189942,6.020747,3.108778,6.592187,7.672874,3.343475,14.289245,8.424197,5.158936,5.426742,4.928156,6.072603,2.432529,0.885475,0.312405,1.494921,2.385075,0.260067,0.703339,1.384201,0.669134,1.664277,1.731048,1.334597,0.405848,0.299712,2.23381,1.149939,0.583018,0.409648,0.215721,1.87717,0.864568,0.976138,1.641726,1.026287,3.418344,0.902349,0.349987,1.939724,3.211901,0.431745,2.914476,3.193375,0.566888,1.786613,1.794168,1.718089,0.107543,0.131777,0.204355,0.337795,0.20494,0.018698,0.155049,1.794604,0.173431,0.415432,0.094681,0.268159,2.268654,3.0164,2.912644,4.590973,7.718809,1.351328,6.855872,8.676753,3.607113,4.299595,3.93133,4.101607,0.495468,0.544784,0.44042,0.255542,0.448747,0.090089,2.970653,0.320552,0.126838,1.864985,0.768163,0.771118,0.006401,0.071513,0.004698,0.023158,0.017667,0.0017,0.002247,0.007285,0.003883,0.037593,0.0131,0.02224,3.463154,1.778181,0.746952,2.409283,1.994629,1.060665,0.937037,3.713058,1.551822,2.2167,1.442837,1.906244,4.204435,2.4451,1.247269,3.579985,2.090032,1.500909,6.853625,8.057505,0.829623,3.96572,4.31958,3.387664,0.0,0.094815,0.004698,0.0,0.0,0,0,0,0.002589,0.141451,0.10004,0.084022,0,0.0,0.038757,0.006389,0.0053,0.0,0.689857,0.004857,0.0,0.009557,0.007146,0.056086,0.125467,0.036962,0.178517,0.08385,0.203173,0.049294,0,0.213701,0.112601,0.198796,0.311434,0.160031,0,0,0,0,0,0,0,0,0,0,0,0
26,6249,7217,2541,7998,4261,1962,6256,3401,3937,8368,8043,60233,1894,1077,246,1799,1328,151,304,527,473,2568,2935,13302,291,360,1782,1408,315,247,97,743,697,1461,2687,10088,2547,1081,251,2367,1780,223,1286,1289,432,2783,3029,17068,77,171,156,418,112,14,65,713,125,634,139,2624,1734,3802,2482,5582,4292,833,3026,3548,2787,6604,6574,41264,372,686,330,299,248,51,1316,133,107,2894,1266,7702,5,98,0,23,7,1,1,4,3,50,23,215,2687,2209,571,3054,1106,626,413,1526,1240,3354,2392,19178,3273,3019,993,4526,1167,858,3044,3259,603,6179,7226,34147,0,114,3,0,0,0,0,0,4,220,182,523,0,0,35,11,3,0,298,2,0,10,12,371,95,44,161,113,118,27,0,87,88,320,555,1608,0,0,0,0,0,0,0,0,0,0,0,0,8.000461,5.798976,2.984286,6.386955,7.528003,3.334976,14.057795,8.259064,5.095517,5.331804,4.78941,5.927354,2.424848,0.865387,0.288916,1.436626,2.346207,0.256667,0.683115,1.279779,0.612187,1.636242,1.747721,1.309011,0.372561,0.289266,2.092876,1.124385,0.556517,0.419847,0.217968,1.804318,0.902102,0.930899,1.600043,0.992731,3.26087,0.868601,0.294788,1.890213,3.144765,0.379052,2.889758,3.130236,0.559122,1.773233,1.803696,1.679612,0.098581,0.137401,0.183215,0.333802,0.197873,0.023797,0.146061,1.731465,0.161783,0.403963,0.082771,0.25822,2.220003,3.054969,2.914993,4.457612,7.582771,1.41592,6.799694,8.616042,3.607113,4.207844,3.914656,4.06067,0.476264,0.551212,0.38757,0.238772,0.438147,0.086689,2.95717,0.32298,0.138486,1.843958,0.753872,0.757931,0.006401,0.078745,0.0,0.018367,0.012367,0.0017,0.002247,0.009714,0.003883,0.031858,0.013696,0.023092,3.440109,1.774967,0.670613,2.43883,1.953995,1.064065,0.928048,3.705772,1.604887,2.137054,1.424378,1.887251,4.190352,2.425815,1.166232,3.614323,2.061765,1.458415,6.840142,7.914228,0.780441,3.937048,4.302907,3.360307,0.0,0.091601,0.003523,0.0,0.0,0,0,0,0.005177,0.140176,0.108377,0.085494,0,0.0,0.041106,0.008784,0.0053,0.0,0.669633,0.004857,0.0,0.006372,0.007146,0.054758,0.121626,0.035355,0.189087,0.090238,0.208473,0.045894,0,0.211273,0.113895,0.203893,0.330489,0.165486,0,0,0,0,0,0,0,0,0,0,0,0
27,6175,7059,2465,7814,4135,1939,6167,3370,3863,8238,7938,59163,1853,1097,199,1764,1287,146,308,524,498,2489,2830,12995,300,368,1714,1336,295,226,92,732,631,1396,2569,9659,2539,1058,257,2334,1739,235,1264,1286,420,2711,2950,16793,74,129,149,399,111,9,57,751,120,650,146,2595,1709,3720,2383,5501,4153,724,2988,3487,2602,6468,6448,40183,361,652,362,317,245,69,1315,135,100,2840,1286,7682,7,96,1,31,8,3,1,5,4,52,20,228,2750,2206,543,3081,1135,665,434,1548,1134,3331,2338,19165,3306,3023,943,4447,1145,844,2996,3248,525,6139,7123,33739,0,119,2,0,0,0,0,0,3,207,173,504,0,0,38,12,2,0,288,2,0,17,11,370,95,41,157,120,114,36,0,85,105,310,537,1600,0,0,0,0,0,0,0,0,0,0,0,0,7.90572,5.672021,2.895027,6.240018,7.305396,3.295881,13.857804,8.183783,4.999741,5.248973,4.726885,5.822058,2.372356,0.881457,0.233716,1.408676,2.273771,0.248168,0.692104,1.272493,0.644543,1.585906,1.685196,1.2788,0.384084,0.295694,2.013013,1.066888,0.521183,0.384151,0.206732,1.777605,0.81668,0.889484,1.529777,0.950514,3.250627,0.85012,0.301834,1.86386,3.07233,0.399449,2.840322,3.122951,0.543591,1.727357,1.756653,1.65255,0.094741,0.103654,0.174994,0.318629,0.196106,0.015298,0.128084,1.823745,0.155312,0.414158,0.086939,0.255366,2.187996,2.98908,2.798722,4.392928,7.337197,1.230644,6.714305,8.467908,3.367674,4.121189,3.839627,3.954292,0.462181,0.523893,0.425152,0.253146,0.432847,0.117285,2.954923,0.327837,0.129426,1.809551,0.765782,0.755963,0.008962,0.077138,0.001174,0.024756,0.014134,0.005099,0.002247,0.012142,0.005177,0.033133,0.01191,0.022437,3.520766,1.772557,0.637728,2.460391,2.005229,1.130356,0.975237,3.759198,1.467695,2.1224,1.392222,1.885972,4.232601,2.429029,1.107509,3.551236,2.022897,1.434618,6.732282,7.887515,0.679489,3.911561,4.241573,3.320157,0.0,0.095618,0.002349,0.0,0.0,0,0,0,0.003883,0.131893,0.103017,0.082388,0,0.0,0.044629,0.009583,0.003533,0.0,0.647162,0.004857,0.0,0.010832,0.00655,0.05461,0.121626,0.032944,0.184389,0.095828,0.201406,0.061192,0,0.206416,0.135898,0.197521,0.31977,0.164662,0,0,0,0,0,0,0,0,0,0,0,0
28,6071,6884,2475,7595,4074,1903,6080,3304,3692,8063,7796,57937,1842,1023,198,1705,1241,143,307,520,449,2466,2737,12631,283,366,1571,1338,300,224,93,723,623,1345,2523,9389,2529,1060,247,2257,1711,227,1248,1254,405,2654,2894,16486,74,159,145,399,111,15,61,744,102,631,133,2574,1707,3630,2338,5338,4124,726,2934,3429,2553,6446,6332,39557,385,655,372,291,252,56,1301,139,106,2785,1288,7630,5,71,0,25,8,1,1,4,7,46,19,187,2723,2130,580,3037,1173,652,423,1529,1159,3304,2328,19038,3272,2941,953,4392,1099,821,2925,3183,562,6181,7081,33410,0,110,2,1,0,0,0,0,0,215,174,502,0,0,24,8,2,0,288,2,0,12,11,347,99,41,111,112,115,24,0,84,93,322,539,1540,0,0,0,0,0,0,0,0,0,0,0,0,7.772571,5.531405,2.906772,6.065131,7.197626,3.234689,13.662307,8.023507,4.778422,5.137469,4.642328,5.701411,2.358273,0.821997,0.232542,1.36156,2.192502,0.243069,0.689857,1.26278,0.581124,1.571251,1.629817,1.24298,0.362319,0.294087,1.845066,1.068485,0.530017,0.380752,0.208979,1.755749,0.806326,0.856988,1.502385,0.923944,3.237825,0.851727,0.29009,1.80237,3.022861,0.385851,2.804368,3.045242,0.524177,1.691038,1.723306,1.622339,0.094741,0.127759,0.170296,0.318629,0.196106,0.025497,0.137072,1.806746,0.132015,0.402052,0.079198,0.2533,2.185436,2.916764,2.745872,4.262761,7.285962,1.234043,6.592962,8.32706,3.304256,4.107171,3.770551,3.892689,0.492907,0.526303,0.436897,0.232384,0.445214,0.095188,2.923464,0.337551,0.137192,1.774507,0.766973,0.750846,0.006401,0.05705,0.0,0.019964,0.014134,0.0017,0.002247,0.009714,0.00906,0.02931,0.011314,0.020085,3.486199,1.711489,0.681183,2.425254,2.072365,1.108259,0.950519,3.713058,1.500052,2.105196,1.386267,1.873474,4.189072,2.363141,1.119254,3.507315,1.941628,1.395523,6.572738,7.729668,0.727376,3.938322,4.216563,3.287781,0.0,0.088387,0.002349,0.000799,0.0,0,0,0,0.0,0.136991,0.103613,0.076095,0,0.0,0.028187,0.006389,0.003533,0.0,0.647162,0.004857,0.0,0.007646,0.00655,0.051215,0.126748,0.032944,0.130364,0.08944,0.203173,0.040795,0,0.203987,0.120367,0.205167,0.320961,0.158488,0,0,0,0,0,0,0,0,0,0,0,0
29,6004,6826,2418,7385,3940,1841,6009,3283,3655,7883,7672,56916,1827,1035,193,1676,1233,133,299,521,480,2384,2751,12532,300,352,1525,1293,289,220,92,718,584,1308,2494,9175,2495,1056,245,2269,1685,230,1225,1249,420,2617,2894,16385,67,138,141,394,105,10,62,747,94,621,141,2520,1720,3545,2305,5284,4014,717,2898,3339,2558,6376,6196,38952,381,667,329,309,245,41,1286,137,98,2804,1292,7589,5,89,0,31,8,2,1,4,3,49,20,212,2708,2116,555,2988,1162,627,426,1512,1137,3388,2342,18961,3229,2934,946,4372,1068,820,2943,3137,570,6195,7080,33294,0,113,0,0,0,0,0,0,8,208,183,512,0,1,32,12,1,0,282,2,0,13,10,353,96,43,154,117,108,26,0,85,79,310,540,1558,0,0,0,0,0,0,0,0,0,0,0,0,7.686793,5.484801,2.839828,5.897432,6.960885,3.129303,13.502764,7.97251,4.730534,5.022779,4.568489,5.600938,2.339069,0.831639,0.226669,1.338402,2.178368,0.226071,0.67188,1.265208,0.621247,1.519003,1.638153,1.233238,0.384084,0.282838,1.791041,1.03255,0.510583,0.373953,0.206732,1.743607,0.75585,0.833413,1.485116,0.902885,3.194295,0.848513,0.287741,1.811953,2.976927,0.39095,2.752685,3.033099,0.543591,1.667463,1.723306,1.6124,0.085779,0.110885,0.165598,0.314636,0.185506,0.016998,0.13932,1.814031,0.121661,0.39568,0.083962,0.247986,2.202079,2.848465,2.707115,4.219638,7.091622,1.218745,6.512067,8.108502,3.310727,4.06257,3.689567,3.833153,0.487786,0.535945,0.386395,0.246758,0.432847,0.069691,2.889758,0.332694,0.126838,1.786613,0.769354,0.746811,0.006401,0.071513,0.0,0.024756,0.014134,0.0034,0.002247,0.009714,0.003883,0.031221,0.01191,0.02277,3.466994,1.70024,0.651822,2.386124,2.052931,1.065765,0.95726,3.671774,1.471578,2.158718,1.394604,1.865897,4.13402,2.357516,1.111033,3.491344,1.886859,1.393823,6.613186,7.617961,0.73773,3.947243,4.215967,3.276365,0.0,0.090797,0.0,0.0,0.0,0,0,0,0.010354,0.132531,0.108972,0.097228,0,0.000804,0.037583,0.009583,0.001767,0.0,0.633679,0.004857,0.0,0.008283,0.005955,0.044016,0.122907,0.034551,0.180866,0.093433,0.190806,0.044194,0,0.206416,0.102247,0.197521,0.321557,0.16034,0,0,0,0,0,0,0,0,0,0,0,0
30,5938,6612,2351,7200,3851,1846,5890,3208,3537,7738,7598,55769,1808,1009,188,1645,1224,126,290,511,441,2358,2765,12365,302,329,1488,1242,308,215,94,691,580,1289,2429,8967,2496,1040,241,2224,1663,243,1215,1232,404,2616,2854,16228,77,145,137,359,103,8,63,743,100,628,143,2506,1673,3514,2314,5264,3960,737,2831,3292,2486,6340,6114,38525,381,675,348,288,258,57,1278,137,108,2772,1289,7591,6,75,0,37,10,1,1,4,2,52,19,207,2766,2228,562,2949,1160,630,451,1485,1177,3333,2239,18980,3269,2955,964,4384,1070,782,2892,3094,533,6121,6937,33001,1,111,4,0,0,0,0,0,2,206,174,498,0,0,32,4,2,0,283,2,1,10,10,344,95,42,137,121,113,33,0,81,86,307,535,1550,0,0,0,0,0,0,0,0,0,0,0,0,7.602294,5.312849,2.76114,5.749697,6.803647,3.137801,13.23536,7.790379,4.577811,4.93039,4.524423,5.488065,2.314744,0.810748,0.220797,1.313646,2.162468,0.214173,0.651656,1.240924,0.57077,1.502437,1.64649,1.216804,0.386644,0.264357,1.747586,0.991823,0.54415,0.365454,0.211226,1.67804,0.750673,0.821307,1.44641,0.882416,3.195575,0.835657,0.283043,1.776017,2.938059,0.413048,2.730214,2.991816,0.522883,1.666826,1.699487,1.59695,0.098581,0.11651,0.1609,0.286686,0.181972,0.013598,0.141567,1.804318,0.129426,0.40014,0.085153,0.246608,2.141906,2.823556,2.717685,4.203667,6.996219,1.252741,6.361512,7.994366,3.21754,4.039632,3.640738,3.791133,0.487786,0.542373,0.40871,0.229988,0.455814,0.096888,2.871781,0.332694,0.13978,1.766224,0.767568,0.747008,0.007682,0.060264,0.0,0.029547,0.017667,0.0017,0.002247,0.009714,0.002589,0.033133,0.011314,0.022233,3.541251,1.790234,0.660043,2.35498,2.049398,1.070864,1.013438,3.606207,1.523349,2.123674,1.33327,1.867766,4.185231,2.37439,1.132173,3.500926,1.890393,1.329231,6.498584,7.513538,0.689843,3.900092,4.130814,3.247532,0.00128,0.08919,0.004698,0.0,0.0,0,0,0,0.002589,0.131256,0.103613,0.07219,0,0.0,0.037583,0.003194,0.003533,0.0,0.635926,0.004857,0.001294,0.006372,0.005955,0.045575,0.121626,0.033748,0.1609,0.096627,0.19964,0.056093,0,0.196702,0.111307,0.19561,0.318579,0.159517,0,0,0,0,0,0,0,0,0,0,0,0
31,5825,6460,2253,7102,3784,1763,5773,3184,3510,7646,7465,54765,1793,966,161,1619,1198,131,292,504,428,2337,2673,12102,287,341,1418,1223,283,206,86,685,544,1259,2396,8728,2477,991,234,2170,1649,234,1202,1202,383,2573,2819,15934,68,146,125,358,103,17,62,737,94,595,122,2427,1629,3523,2205,5160,3878,673,2733,3228,2370,6259,6092,37750,381,695,334,286,258,44,1266,131,100,2759,1263,7517,6,88,0,30,9,1,1,4,6,55,20,220,2763,2183,590,3017,1152,639,457,1463,1141,3321,2238,18964,3186,2869,902,4364,1063,809,2825,3019,486,6104,6858,32485,1,100,4,0,0,0,0,0,4,208,166,483,0,0,26,9,2,0,283,2,1,12,13,348,91,41,158,112,128,32,0,85,90,268,528,1533,0,0,0,0,0,0,0,0,0,0,0,0,7.457623,5.190715,2.646043,5.671437,6.685276,2.996719,12.972451,7.732096,4.542866,4.87177,4.445225,5.389264,2.29554,0.776197,0.189087,1.292883,2.116533,0.222672,0.65615,1.223925,0.553945,1.489057,1.591706,1.190923,0.36744,0.273999,1.665375,0.97665,0.499982,0.350156,0.19325,1.663469,0.70408,0.802192,1.426759,0.858897,3.17125,0.796285,0.274822,1.732895,2.913325,0.397749,2.701002,2.918964,0.495703,1.639428,1.678646,1.568018,0.087059,0.117313,0.146807,0.285888,0.181972,0.028896,0.13932,1.789747,0.121661,0.379114,0.072648,0.238834,2.085574,2.830788,2.58967,4.120616,6.851348,1.143955,6.141297,7.838947,3.067405,3.988021,3.627637,3.714867,0.487786,0.558444,0.392267,0.228391,0.455814,0.074791,2.844816,0.318123,0.129426,1.757941,0.752086,0.739726,0.007682,0.070709,0.0,0.023957,0.0159,0.0017,0.002247,0.009714,0.007766,0.035044,0.01191,0.023629,3.53741,1.754076,0.692927,2.409283,2.035264,1.086162,1.02692,3.552782,1.476755,2.116028,1.332674,1.866192,4.078968,2.305288,1.059357,3.484955,1.878026,1.375125,6.348029,7.331407,0.629012,3.889261,4.083772,3.196754,0.00128,0.080352,0.004698,0.0,0.0,0,0,0,0.005177,0.132531,0.098849,0.070015,0,0.0,0.030536,0.007187,0.003533,0.0,0.635926,0.004857,0.001294,0.007646,0.007741,0.046105,0.116505,0.032944,0.185564,0.08944,0.22614,0.054393,0,0.206416,0.116484,0.17076,0.314411,0.157767,0,0,0,0,0,0,0,0,0,0,0,0
32,5720,6302,2267,6840,3716,1682,5655,3113,3374,7396,7393,53458,1771,945,158,1584,1180,134,285,491,389,2291,2652,11880,284,314,1361,1221,287,204,90,680,569,1182,2349,8541,2438,982,216,2139,1586,247,1196,1194,402,2500,2857,15757,73,133,121,350,97,16,61,716,110,563,122,2362,1587,3431,2150,5071,3780,691,2678,3124,2325,6117,6132,37086,395,631,363,284,250,44,1238,130,104,2759,1279,7477,4,77,0,27,10,1,1,2,4,48,18,192,2688,2159,579,3023,1144,642,460,1467,1099,3270,2269,18800,3125,2829,982,4239,1031,833,2794,2982,497,5991,6929,32232,1,101,3,0,0,0,0,0,2,207,169,483,0,1,20,11,3,1,267,2,1,15,12,333,90,35,136,110,120,25,0,87,107,262,540,1512,0,0,0,0,0,0,0,0,0,0,0,0,7.323194,5.063759,2.662486,5.462212,6.565139,2.859037,12.707294,7.559678,4.366846,4.712479,4.402351,5.260646,2.267373,0.759323,0.185564,1.264933,2.084732,0.227771,0.640421,1.192355,0.503469,1.459747,1.579201,1.169076,0.363599,0.252304,1.598431,0.975053,0.507049,0.346756,0.202238,1.651327,0.736436,0.75313,1.398772,0.840495,3.121319,0.789053,0.253682,1.708139,2.802021,0.419847,2.68752,2.899536,0.520294,1.592915,1.701274,1.5506,0.09346,0.106868,0.142109,0.279499,0.171372,0.027197,0.137072,1.73875,0.142369,0.358724,0.072648,0.232438,2.031802,2.756864,2.525075,4.049543,6.678209,1.174551,6.017707,7.586391,3.009163,3.897544,3.651456,3.649525,0.50571,0.507019,0.426327,0.226794,0.441681,0.074791,2.781897,0.315695,0.134603,1.757941,0.761613,0.73579,0.005121,0.061871,0.0,0.021561,0.017667,0.0017,0.002247,0.004857,0.005177,0.030584,0.010719,0.020622,3.441389,1.734791,0.680008,2.414074,2.02113,1.091261,1.033661,3.562495,1.422396,2.083532,1.351134,1.850053,4.000871,2.273147,1.153313,3.385134,1.82149,1.41592,6.27837,7.241555,0.643249,3.817261,4.12605,3.171857,0.00128,0.081155,0.003523,0.0,0.0,0,0,0,0.002589,0.131893,0.100635,0.070015,0,0.000804,0.023489,0.008784,0.0053,0.0017,0.599973,0.004857,0.001294,0.009557,0.007146,0.035498,0.115225,0.028123,0.159726,0.087843,0.212007,0.042495,0,0.211273,0.138486,0.166937,0.321557,0.155606,0,0,0,0,0,0,0,0,0,0,0,0
33,5610,6227,2174,6817,3655,1721,5558,3094,3269,7185,7180,52490,1730,933,162,1561,1146,129,275,478,405,2263,2616,11698,292,302,1307,1164,273,209,94,675,541,1189,2344,8390,2366,1004,291,2163,1564,228,1176,1184,385,2441,2727,15529,73,125,133,363,90,15,61,729,96,571,131,2387,1574,3397,2151,5076,3716,666,2611,3107,2240,6048,5879,36465,363,645,350,278,257,52,1233,130,90,2744,1263,7405,5,93,1,33,7,2,1,4,2,48,18,214,2687,2152,540,3025,1149,644,478,1476,1101,3372,2286,18910,3068,2851,956,4301,1028,836,2728,2935,459,5964,6774,31900,0,108,5,0,0,0,0,0,3,197,158,471,0,0,17,7,3,0,264,2,0,12,11,316,78,36,142,122,120,22,0,85,95,255,513,1468,0,0,0,0,0,0,0,0,0,0,0,0,7.182363,5.003495,2.553261,5.443845,6.457369,2.925328,12.489326,7.513538,4.230948,4.578037,4.275515,5.165388,2.214882,0.749681,0.190261,1.246566,2.024663,0.219272,0.61795,1.160786,0.524177,1.441906,1.557764,1.151166,0.373841,0.242662,1.53501,0.929534,0.482315,0.355255,0.211226,1.639185,0.700197,0.75759,1.395795,0.825635,3.029139,0.80673,0.341766,1.727305,2.763153,0.387551,2.642578,2.875252,0.498292,1.555322,1.623862,1.528164,0.09346,0.10044,0.156202,0.289881,0.159005,0.025497,0.137072,1.77032,0.124249,0.363822,0.078007,0.234898,2.015158,2.729544,2.526249,4.053536,6.565139,1.132056,5.867152,7.545108,2.899151,3.853579,3.500801,3.588414,0.464741,0.518268,0.411059,0.222002,0.454048,0.088389,2.770662,0.315695,0.116484,1.748383,0.752086,0.728704,0.006401,0.074727,0.001174,0.026353,0.012367,0.0034,0.002247,0.009714,0.002589,0.030584,0.010719,0.021059,3.440109,1.729167,0.634205,2.415671,2.029964,1.094661,1.074109,3.584351,1.424984,2.148523,1.361257,1.860878,3.927895,2.290825,1.122777,3.434645,1.81619,1.42102,6.130062,7.127419,0.594067,3.800057,4.033752,3.139186,0.0,0.08678,0.005872,0.0,0.0,0,0,0,0.003883,0.125522,0.094085,0.076993,0,0.0,0.019966,0.00559,0.0053,0.0,0.593232,0.004857,0.0,0.007646,0.00655,0.04664,0.099862,0.028927,0.166772,0.097425,0.212007,0.037395,0,0.206416,0.122955,0.162477,0.305479,0.151078,0,0,0,0,0,0,0,0,0,0,0,0
34,5496,6153,2182,6664,3552,1747,5432,3024,3239,7069,6969,51527,1686,895,166,1553,1109,132,268,465,400,2189,2603,11466,281,302,1268,1141,271,213,93,660,547,1188,2246,8210,2326,976,254,2085,1511,251,1166,1153,377,2455,2704,15258,75,150,123,347,96,5,55,712,88,550,134,2335,1573,3320,2128,4901,3676,646,2519,3036,2219,5986,5749,35753,375,641,350,287,259,52,1228,122,102,2731,1261,7408,6,88,1,24,10,3,1,4,3,54,20,214,2679,2180,556,2976,1131,669,479,1437,1140,3280,2250,18777,3072,2808,954,4164,1002,832,2638,2855,485,5928,6743,31481,0,117,0,2,0,0,0,0,1,201,163,484,0,0,19,8,3,0,266,2,1,15,10,324,93,46,133,125,119,25,0,78,87,228,486,1420,0,0,0,0,0,0,0,0,0,0,0,0,7.036411,4.944035,2.562657,5.321664,6.275397,2.969523,12.206193,7.343549,4.192121,4.504126,4.149869,5.070622,2.15855,0.719147,0.194959,1.240178,1.959295,0.224372,0.60222,1.129216,0.517706,1.394756,1.550023,1.128336,0.359758,0.242662,1.489207,0.911167,0.478782,0.362054,0.208979,1.602759,0.707962,0.756953,1.337438,0.807922,2.977928,0.784232,0.298311,1.665016,2.669517,0.426646,2.620107,2.799971,0.487937,1.564242,1.610166,1.501495,0.096021,0.120527,0.144458,0.277103,0.169605,0.008499,0.12359,1.729037,0.113895,0.350441,0.079794,0.229781,2.013878,2.667674,2.499237,3.913786,6.49447,1.098061,5.66042,7.37269,2.871971,3.814075,3.423389,3.518348,0.480104,0.515054,0.411059,0.229189,0.457581,0.088389,2.759427,0.296268,0.132015,1.7401,0.750895,0.729,0.007682,0.070709,0.001174,0.019166,0.017667,0.005099,0.002247,0.009714,0.003883,0.034407,0.01191,0.021059,3.429866,1.751665,0.652996,2.376541,1.998163,1.137156,1.076356,3.489643,1.475461,2.089904,1.33982,1.84779,3.933016,2.256273,1.120428,3.325241,1.770255,1.41422,5.927823,6.933146,0.627718,3.777119,4.015292,3.097953,0.0,0.094011,0.0,0.001597,0.0,0,0,0,0.001294,0.12807,0.097063,0.074254,0,0.0,0.022315,0.006389,0.0053,0.0,0.597726,0.004857,0.001294,0.009557,0.005955,0.042926,0.119066,0.036962,0.156202,0.099821,0.21024,0.042495,0,0.189417,0.112601,0.145274,0.289401,0.146138,0,0,0,0,0,0,0,0,0,0,0,0
35,5338,5975,2079,6467,3453,1658,5297,2953,3074,6936,6915,50145,1700,895,146,1516,1081,123,261,447,368,2163,2588,11288,284,283,1250,1150,272,207,91,635,527,1151,2227,8077,2305,906,208,2029,1461,219,1142,1111,378,2427,2622,14808,63,124,125,356,90,15,59,724,83,561,105,2305,1507,3292,2031,4841,3617,659,2465,2983,2148,6015,5728,35286,355,614,326,271,251,55,1211,135,92,2667,1231,7208,5,85,1,30,6,5,1,4,2,51,21,211,2657,2135,568,2976,1091,588,473,1435,1074,3297,2265,18559,3024,2762,928,4161,932,779,2593,2805,521,5847,6667,31019,1,94,2,0,0,0,0,0,2,200,160,459,0,0,20,9,4,0,272,2,0,15,10,332,90,46,131,108,119,33,0,80,105,222,494,1428,0,0,0,0,0,0,0,0,0,0,0,0,6.834127,4.801009,2.441688,5.164345,6.100491,2.818242,11.902836,7.171131,3.978567,4.419383,4.117714,4.934623,2.176474,0.719147,0.17147,1.210631,1.909827,0.209073,0.58649,1.085505,0.476289,1.37819,1.541091,1.110819,0.363599,0.227395,1.468067,0.918354,0.480548,0.351855,0.204485,1.542048,0.682077,0.733378,1.326124,0.794834,2.951042,0.727986,0.244286,1.620296,2.581181,0.372253,2.566177,2.697977,0.489232,1.546402,1.561337,1.457212,0.080658,0.099636,0.146807,0.284291,0.159005,0.025497,0.132578,1.758178,0.107424,0.35745,0.062525,0.226828,1.92938,2.645175,2.385315,3.865872,6.390234,1.120158,5.539077,7.243984,2.780079,3.832553,3.410884,3.472392,0.454499,0.493359,0.382872,0.216412,0.443447,0.093488,2.721226,0.327837,0.119072,1.699321,0.73303,0.709318,0.006401,0.068299,0.001174,0.023957,0.0106,0.008499,0.002247,0.009714,0.002589,0.032495,0.012505,0.020764,3.4017,1.715507,0.667089,2.376541,1.927494,0.999473,1.062874,3.484786,1.390039,2.100736,1.348752,1.826337,3.871562,2.219312,1.089893,3.322845,1.646585,1.324132,5.826704,6.811724,0.674311,3.725509,3.970036,3.052489,0.00128,0.075531,0.002349,0.0,0.0,0,0,0,0.002589,0.127433,0.095276,0.066536,0,0.0,0.023489,0.007187,0.007067,0.0,0.611208,0.004857,0.0,0.009557,0.005955,0.049001,0.115225,0.036962,0.153853,0.086245,0.21024,0.056093,0,0.194274,0.135898,0.141451,0.294165,0.146961,0,0,0,0,0,0,0,0,0,0,0,0
36,5174,5809,2070,6135,3381,1663,5204,2854,3035,6641,6785,48751,1657,864,121,1457,1057,125,250,458,357,2090,2533,10969,279,304,1245,1102,256,223,88,636,470,1138,2174,7915,2241,883,242,1953,1450,250,1113,1112,345,2312,2624,14525,72,114,119,332,91,8,60,703,71,544,131,2245,1461,3141,2055,4770,3536,675,2391,2894,2108,5767,5595,34393,338,602,375,284,258,54,1190,136,114,2623,1237,7211,4,83,1,32,7,2,1,3,5,57,26,221,2636,2088,541,2961,1128,636,481,1423,1100,3237,2271,18502,2914,2707,876,4039,941,834,2537,2722,495,5771,6565,30401,0,102,2,0,0,0,0,0,4,203,148,459,0,0,25,12,6,0,271,2,0,10,11,337,89,37,133,111,122,31,0,83,78,219,478,1381,0,0,0,0,0,0,0,0,0,0,0,0,6.624161,4.667626,2.431118,4.899221,5.973287,2.826741,11.693856,6.930717,3.928091,4.231419,4.040302,4.797444,2.121422,0.694238,0.142109,1.163515,1.867425,0.212473,0.561773,1.112217,0.462052,1.331677,1.50834,1.079427,0.357198,0.244269,1.462194,0.880023,0.452281,0.379052,0.197744,1.544477,0.608304,0.725095,1.294564,0.778892,2.869104,0.709505,0.284218,1.559605,2.561747,0.424946,2.501011,2.700406,0.446521,1.473128,1.562528,1.429363,0.09218,0.091601,0.13976,0.265125,0.160772,0.013598,0.134825,1.707181,0.091893,0.346618,0.078007,0.220924,1.870487,2.523844,2.413502,3.809174,6.247129,1.147354,5.372792,7.027854,2.728308,3.674536,3.331686,3.384515,0.432734,0.483717,0.44042,0.226794,0.455814,0.091788,2.674037,0.330265,0.147546,1.671286,0.736603,0.709613,0.005121,0.066692,0.001174,0.025554,0.012367,0.0034,0.002247,0.007285,0.006471,0.036318,0.015482,0.021748,3.374814,1.677742,0.635379,2.364563,1.992862,1.081063,1.08085,3.455645,1.42369,2.062506,1.352325,1.820728,3.730732,2.175118,1.028821,3.22542,1.662485,1.41762,5.700867,6.610165,0.640661,3.677084,3.909297,2.991674,0.0,0.081959,0.002349,0.0,0.0,0,0,0,0.005177,0.129345,0.08813,0.075032,0,0.0,0.029361,0.009583,0.0106,0.0,0.608961,0.004857,0.0,0.006372,0.00655,0.049739,0.113945,0.02973,0.156202,0.088641,0.21554,0.052693,0,0.201559,0.100953,0.139539,0.284637,0.142124,0,0,0,0,0,0,0,0,0,0,0,0
37,5066,5671,2030,6127,3314,1594,5131,2823,2977,6513,6619,47865,1644,859,150,1450,1053,127,241,452,365,2073,2459,10873,248,289,1167,1090,258,209,90,627,448,1094,2101,7621,2144,888,235,1950,1397,224,1085,1112,351,2284,2588,14258,68,130,109,336,88,14,58,684,81,549,115,2232,1463,3042,2006,4694,3435,638,2318,2860,2103,5706,5487,33752,363,606,323,302,242,47,1161,133,108,2558,1250,7093,4,83,1,24,10,1,1,3,5,50,20,202,2559,2129,575,3006,1093,627,500,1378,1164,3212,2231,18474,2878,2640,972,3959,914,765,2485,2653,483,5701,6430,29880,0,106,1,0,0,0,0,0,3,194,148,452,0,0,22,12,4,0,270,2,1,10,9,330,93,38,127,109,122,17,0,78,88,216,445,1333,0,0,0,0,0,0,0,0,0,0,0,0,6.485891,4.55674,2.38414,4.892832,5.854917,2.709456,11.529819,6.855436,3.853023,4.149861,3.941453,4.710255,2.104778,0.69022,0.176168,1.157925,1.860358,0.215873,0.541549,1.097647,0.472406,1.320845,1.464274,1.06998,0.317509,0.232216,1.370587,0.87044,0.455814,0.355255,0.202238,1.522621,0.57983,0.697059,1.251094,0.74996,2.744917,0.713522,0.275997,1.557209,2.468111,0.380752,2.438093,2.700406,0.454287,1.455287,1.541091,1.403088,0.087059,0.104457,0.128015,0.268319,0.155472,0.023797,0.130331,1.661041,0.104835,0.349804,0.06848,0.219645,1.873048,2.444296,2.355953,3.748483,6.06869,1.084462,5.208755,6.945288,2.721837,3.635669,3.267374,3.321436,0.464741,0.486931,0.379348,0.241168,0.427547,0.07989,2.608872,0.32298,0.13978,1.62987,0.744344,0.698001,0.005121,0.066692,0.001174,0.019166,0.017667,0.0017,0.002247,0.007285,0.006471,0.031858,0.01191,0.019878,3.276233,1.710686,0.675311,2.400498,1.931027,1.065765,1.123545,3.346366,1.506523,2.046577,1.328506,1.817972,3.684642,2.121283,1.141569,3.161535,1.614784,1.300335,5.584019,6.442604,0.625129,3.632483,3.828908,2.940404,0.0,0.085173,0.001174,0.0,0.0,0,0,0,0.003883,0.12361,0.08813,0.073887,0,0.0,0.025838,0.009583,0.007067,0.0,0.606714,0.004857,0.001294,0.006372,0.005359,0.04372,0.119066,0.030534,0.149156,0.087044,0.21554,0.028896,0,0.189417,0.113895,0.137628,0.264987,0.137184,0,0,0,0,0,0,0,0,0,0,0,0
38,4870,5621,1979,6037,3212,1633,5051,2773,2831,6347,6515,46869,1589,837,115,1434,1025,104,239,422,327,1979,2442,10513,243,258,1130,1042,250,178,87,626,431,1082,2026,7353,2113,895,226,1946,1400,235,1079,1084,353,2262,2547,14140,72,131,123,344,89,15,52,670,80,542,120,2238,1396,2966,1951,4589,3333,640,2270,2780,2042,5561,5285,32813,348,614,312,287,246,63,1149,135,97,2560,1251,7062,7,77,1,27,7,1,1,4,4,57,19,205,2512,2069,580,2960,1089,627,491,1370,1107,3170,2201,18176,2805,2638,913,3933,891,800,2462,2655,434,5601,6338,29470,0,102,1,0,0,0,0,0,2,206,145,456,0,0,16,7,5,1,265,2,1,9,9,315,84,35,135,97,114,34,0,77,87,206,436,1305,0,0,0,0,0,0,0,0,0,0,0,0,6.234957,4.516564,2.324243,4.820961,5.674711,2.775747,11.350052,6.734015,3.664061,4.044092,3.879523,4.612242,2.034363,0.672543,0.135062,1.145148,1.81089,0.176778,0.537055,1.024794,0.423224,1.260951,1.454151,1.034554,0.311108,0.207307,1.327132,0.832109,0.441681,0.302562,0.195497,1.520192,0.557828,0.689413,1.206434,0.723587,2.705229,0.719147,0.265426,1.554015,2.473411,0.399449,2.42461,2.63241,0.456875,1.441269,1.516676,1.391476,0.09218,0.105261,0.144458,0.274708,0.157238,0.025497,0.116849,1.627043,0.103541,0.345344,0.071457,0.220235,1.787269,2.383229,2.291358,3.664633,5.888485,1.087862,5.100894,6.751014,2.642887,3.543279,3.147088,3.229032,0.445537,0.493359,0.366429,0.229189,0.434614,0.107086,2.581906,0.327837,0.125544,1.631145,0.74494,0.694951,0.008962,0.061871,0.001174,0.021561,0.012367,0.0017,0.002247,0.009714,0.005177,0.036318,0.011314,0.020173,3.21606,1.662475,0.681183,2.363764,1.92396,1.065765,1.103321,3.326938,1.43275,2.019816,1.310642,1.788647,3.591181,2.119676,1.072276,3.140772,1.574149,1.359827,5.532336,6.447461,0.56171,3.568766,3.774124,2.900057,0.0,0.081959,0.001174,0.0,0.0,0,0,0,0.002589,0.131256,0.086344,0.074541,0,0.0,0.018791,0.00559,0.008834,0.0017,0.595479,0.004857,0.001294,0.005734,0.005359,0.038716,0.107543,0.028123,0.158551,0.077461,0.201406,0.057793,0,0.186989,0.112601,0.131256,0.259627,0.134303,0,0,0,0,0,0,0,0,0,0,0,0
39,4805,5440,1945,5882,3103,1579,4988,2692,2790,6208,6378,45810,1554,814,144,1420,986,125,236,424,343,1964,2380,10390,255,262,1151,1059,253,195,84,615,432,1035,2041,7382,2056,838,214,1869,1337,202,1063,1070,378,2185,2466,13678,73,113,105,344,78,6,50,674,83,556,112,2194,1390,2899,1918,4480,3245,642,2230,2681,1964,5456,5204,32109,355,589,346,274,246,66,1141,137,101,2542,1201,6998,6,89,1,29,6,1,1,3,2,62,17,217,2473,2096,551,2894,1070,642,503,1348,1120,3128,2185,18010,2741,2511,876,3859,850,766,2430,2533,457,5535,6248,28806,0,89,1,0,0,0,0,0,4,192,140,426,0,0,9,11,5,0,264,2,1,6,9,307,87,37,103,103,112,31,0,78,80,197,411,1239,0,0,0,0,0,0,0,0,0,0,0,0,6.151739,4.371128,2.284312,4.697183,5.482138,2.683959,11.208485,6.537313,3.610996,3.955526,3.797943,4.508029,1.989553,0.654062,0.169121,1.133968,1.741988,0.212473,0.530313,1.029651,0.443932,1.251394,1.417232,1.02245,0.326471,0.210521,1.351796,0.845685,0.446981,0.331458,0.188756,1.49348,0.559122,0.659467,1.215366,0.726441,2.632253,0.673347,0.251333,1.492525,2.362107,0.343356,2.388657,2.598412,0.489232,1.392207,1.468443,1.346012,0.09346,0.090797,0.123318,0.274708,0.137804,0.010199,0.112355,1.636757,0.107424,0.354264,0.066693,0.215905,1.779587,2.329393,2.252601,3.577589,5.733013,1.091261,5.011011,6.5106,2.541934,3.476377,3.098855,3.159753,0.454499,0.473271,0.406361,0.218808,0.434614,0.112186,2.56393,0.332694,0.130721,1.619676,0.715166,0.688653,0.007682,0.071513,0.001174,0.023158,0.0106,0.0017,0.002247,0.007285,0.002589,0.039504,0.010123,0.021354,3.166129,1.68417,0.647124,2.311059,1.890393,1.091261,1.130286,3.273513,1.449575,1.993055,1.301114,1.772312,3.509244,2.017629,1.028821,3.081678,1.501714,1.302035,5.460429,6.151194,0.591479,3.526713,3.720531,2.834714,0.0,0.071513,0.001174,0.0,0.0,0,0,0,0.005177,0.122336,0.083367,0.069637,0,0.0,0.01057,0.008784,0.008834,0.0,0.593232,0.004857,0.001294,0.003823,0.005359,0.040673,0.111384,0.02973,0.120969,0.082253,0.197873,0.052693,0,0.189417,0.103541,0.125522,0.24474,0.12751,0,0,0,0,0,0,0,0,0,0,0,0
40,4665,5237,1929,5601,3010,1501,4809,2661,2789,6063,6129,44394,1537,803,137,1364,972,117,232,410,302,1886,2348,10108,237,248,1092,1053,250,197,84,578,440,999,1912,7090,2056,791,201,1812,1332,205,1043,1045,349,2160,2463,13457,69,113,113,345,87,11,52,649,78,511,98,2126,1377,2852,1847,4399,3252,660,2187,2593,1971,5330,5084,31552,333,574,364,281,247,60,1142,139,108,2474,1177,6899,6,73,0,29,8,2,1,3,5,48,15,190,2458,2058,553,2834,1110,616,506,1348,1120,3112,2154,17869,2680,2536,901,3786,822,748,2384,2508,505,5437,6071,28378,0,108,1,1,0,0,0,0,3,184,136,433,0,0,15,8,4,0,265,3,3,5,11,314,75,29,117,105,105,25,0,77,81,193,403,1210,0,0,0,0,0,0,0,0,0,0,0,0,5.9725,4.208014,2.26552,4.472785,5.317833,2.551376,10.806256,6.462032,3.609702,3.863137,3.64967,4.368684,1.967788,0.645223,0.1609,1.089248,1.717254,0.198875,0.521325,0.995653,0.390868,1.201695,1.398177,0.994699,0.303426,0.199272,1.282503,0.840893,0.441681,0.334857,0.188756,1.403628,0.569476,0.636529,1.138549,0.697706,2.632253,0.635581,0.236065,1.447007,2.353274,0.348456,2.343715,2.537701,0.451698,1.376278,1.466656,1.324264,0.088339,0.090797,0.132713,0.275506,0.153705,0.018698,0.116849,1.576046,0.100953,0.325592,0.058357,0.209213,1.762944,2.291628,2.169215,3.512905,5.74538,1.121858,4.914386,6.296899,2.550994,3.396094,3.027398,3.10494,0.426333,0.461218,0.427501,0.224398,0.43638,0.101987,2.566177,0.337551,0.13978,1.576348,0.700875,0.67891,0.007682,0.058657,0.0,0.023158,0.014134,0.0034,0.002247,0.007285,0.006471,0.030584,0.008932,0.020407,3.146925,1.653636,0.649473,2.263144,1.961061,1.047067,1.137028,3.273513,1.449575,1.98286,1.282654,1.758436,3.431147,2.037717,1.058182,3.023382,1.452246,1.271439,5.357063,6.090483,0.653603,3.464271,3.615132,2.792596,0.0,0.08678,0.001174,0.000799,0.0,0,0,0,0.003883,0.117239,0.080985,0.058754,0,0.0,0.017617,0.006389,0.007067,0.0,0.595479,0.007285,0.003883,0.003186,0.00655,0.041601,0.096021,0.023302,0.137411,0.08385,0.185506,0.042495,0,0.186989,0.104835,0.122973,0.239977,0.124526,0,0,0,0,0,0,0,0,0,0,0,0
41,4626,5074,1850,5505,2944,1558,4741,2629,2766,6013,5991,43697,1466,775,131,1361,963,129,223,390,318,1791,2333,9880,229,231,1075,1049,243,198,83,569,404,970,1875,6926,2025,796,230,1801,1292,223,1010,1032,357,2095,2400,13261,70,112,98,313,81,12,51,639,84,541,104,2105,1317,2789,1840,4319,3185,614,2176,2573,1962,5185,4914,30874,328,563,331,262,246,55,1124,134,101,2445,1223,6812,6,79,1,31,8,0,1,2,4,50,23,205,2372,2088,515,2855,1104,600,506,1328,1068,3124,2170,17730,2669,2488,874,3694,822,766,2322,2473,467,5343,6005,27923,0,108,1,1,0,0,0,0,3,187,143,443,0,2,21,8,3,0,263,3,1,9,10,320,87,35,112,97,112,26,0,76,79,200,397,1221,0,0,0,0,0,0,0,0,0,0,0,0,5.922569,4.077041,2.172739,4.396122,5.20123,2.648264,10.653454,6.384322,3.579934,3.831278,3.567494,4.300094,1.876888,0.622725,0.153853,1.086852,1.701353,0.219272,0.501101,0.947085,0.411576,1.141164,1.389245,0.972262,0.293184,0.185612,1.262537,0.837699,0.429313,0.336557,0.186508,1.381772,0.522883,0.618051,1.116517,0.681567,2.592564,0.639599,0.270124,1.438223,2.282605,0.379052,2.269561,2.506132,0.462052,1.334863,1.429141,1.304976,0.08962,0.089994,0.115096,0.249952,0.143104,0.020397,0.114602,1.551762,0.108718,0.344707,0.061929,0.207147,1.686127,2.241007,2.160994,3.449019,5.62701,1.043667,4.889668,6.24833,2.539346,3.303705,2.926167,3.03822,0.419931,0.45238,0.388744,0.209225,0.434614,0.093488,2.525729,0.325409,0.130721,1.557871,0.728267,0.670349,0.007682,0.063478,0.001174,0.024756,0.014134,0.0,0.002247,0.004857,0.005177,0.031858,0.013696,0.021413,3.036821,1.677742,0.604843,2.279914,1.950461,1.01987,1.137028,3.224945,1.382274,1.990506,1.292182,1.744758,3.417064,1.999148,1.026472,2.949914,1.452246,1.302035,5.217743,6.005488,0.604421,3.404377,3.575831,2.747821,0.0,0.08678,0.001174,0.000799,0.0,0,0,0,0.003883,0.11915,0.085153,0.060111,0,0.001607,0.024664,0.006389,0.0053,0.0,0.590985,0.007285,0.001294,0.005734,0.005955,0.036395,0.111384,0.028123,0.131539,0.077461,0.197873,0.044194,0,0.18456,0.102247,0.127433,0.236404,0.125658,0,0,0,0,0,0,0,0,0,0,0,0
42,4525,5041,1820,5355,2894,1461,4661,2574,2717,5744,5924,42716,1455,790,126,1320,934,112,209,379,317,1761,2225,9628,214,240,1052,1022,235,221,78,546,403,988,1793,6792,1969,795,215,1733,1286,214,1004,1013,351,2072,2412,13064,65,113,106,303,79,12,52,651,86,502,98,2067,1299,2784,1851,4137,3115,579,2108,2527,1906,5038,4890,30234,341,562,330,288,245,53,1125,132,103,2432,1206,6817,6,72,1,31,5,0,2,3,2,53,24,199,2359,2067,568,2872,1067,571,514,1317,1139,3113,2136,17723,2587,2434,851,3672,791,692,2270,2403,555,5304,5954,27513,0,98,1,0,0,0,0,0,3,181,136,419,0,0,20,7,4,0,268,3,1,7,10,320,79,32,114,105,124,27,0,73,78,194,378,1204,0,0,0,0,0,0,0,0,0,0,0,0,5.793261,4.050525,2.137505,4.276337,5.112894,2.483385,10.473687,6.250759,3.516515,3.659881,3.527597,4.203557,1.862805,0.634778,0.147981,1.054111,1.650118,0.190376,0.469642,0.920372,0.410282,1.122049,1.324933,0.947463,0.27398,0.192844,1.235525,0.816137,0.41518,0.375652,0.175273,1.325919,0.521588,0.62952,1.067688,0.668381,2.520869,0.638795,0.252507,1.38392,2.272005,0.363754,2.256078,2.459992,0.454287,1.320208,1.436287,1.28559,0.083218,0.090797,0.124492,0.241966,0.139571,0.020397,0.116849,1.580903,0.111307,0.319857,0.058357,0.203407,1.663082,2.236989,2.173913,3.30368,5.503339,0.984175,4.736866,6.136623,2.466867,3.210042,2.911876,2.97524,0.436575,0.451576,0.38757,0.229988,0.432847,0.090089,2.527976,0.320552,0.133309,1.549587,0.718144,0.670841,0.007682,0.057853,0.001174,0.024756,0.008834,0.0,0.004494,0.007285,0.002589,0.03377,0.014291,0.020786,3.020177,1.660868,0.667089,2.29349,1.885092,0.970577,1.155004,3.198232,1.474166,1.983497,1.271936,1.744069,3.312081,1.955758,0.99946,2.932345,1.397477,1.176251,5.100894,5.835499,0.718316,3.379528,3.545462,2.707474,0.0,0.078745,0.001174,0.0,0.0,0,0,0,0.003883,0.115327,0.080985,0.068493,0,0.0,0.023489,0.00559,0.007067,0.0,0.60222,0.007285,0.001294,0.00446,0.005955,0.042396,0.101142,0.025713,0.133888,0.08385,0.219074,0.045894,0,0.177275,0.100953,0.12361,0.22509,0.123908,0,0,0,0,0,0,0,0,0,0,0,0
43,4399,4877,1821,5254,2784,1473,4578,2536,2604,5700,5833,41859,1410,738,126,1326,908,110,208,387,308,1671,2245,9437,192,214,1036,997,213,184,82,533,399,919,1773,6542,1934,791,203,1697,1231,214,988,990,331,2029,2337,12745,59,110,111,325,69,13,54,648,79,485,96,2049,1276,2671,1836,4107,3014,561,2077,2498,1893,4973,4868,29774,322,541,338,277,238,57,1111,130,97,2366,1175,6652,7,68,1,27,6,1,2,1,4,58,19,194,2350,2022,543,2775,1037,587,511,1326,1056,3032,2130,17369,2549,2439,809,3571,779,712,2233,2407,473,5172,5897,27041,0,84,1,0,1,0,0,0,3,189,123,401,0,1,13,10,3,0,269,1,2,5,10,314,75,39,123,107,115,27,0,71,74,180,370,1181,0,0,0,0,0,0,0,0,0,0,0,0,5.631946,3.918748,2.138679,4.195681,4.918554,2.503782,10.287178,6.158479,3.370263,3.631846,3.473409,4.119222,1.805193,0.592995,0.147981,1.058902,1.604184,0.186976,0.467395,0.939799,0.398633,1.064704,1.336843,0.928668,0.245813,0.171952,1.216734,0.796173,0.376312,0.31276,0.184261,1.294349,0.516411,0.585555,1.055778,0.643779,2.476059,0.635581,0.238414,1.355172,2.174835,0.363754,2.220125,2.404138,0.428401,1.29281,1.391626,1.254198,0.075536,0.088387,0.130364,0.259535,0.121904,0.022097,0.121343,1.573618,0.102247,0.309025,0.057166,0.201636,1.633635,2.146192,2.156296,3.279723,5.3249,0.953579,4.667206,6.066199,2.450041,3.168626,2.898775,2.929973,0.41225,0.434702,0.396965,0.221204,0.42048,0.096888,2.496517,0.315695,0.125544,1.507534,0.699684,0.654604,0.008962,0.054639,0.001174,0.021561,0.0106,0.0017,0.004494,0.002428,0.005177,0.036956,0.011314,0.019091,3.008655,1.62471,0.637728,2.216029,1.832091,0.997773,1.148263,3.220088,1.366743,1.931887,1.268363,1.709233,3.26343,1.959776,0.950133,2.85169,1.376276,1.210246,5.017752,5.845212,0.612187,3.295422,3.511519,2.661026,0.0,0.067495,0.001174,0.0,0.001767,0,0,0,0.003883,0.120424,0.073243,0.059999,0,0.000804,0.015268,0.007986,0.0053,0.0,0.604467,0.002428,0.002589,0.003186,0.005955,0.035712,0.096021,0.031337,0.144458,0.085447,0.203173,0.045894,0,0.172418,0.095776,0.11469,0.220326,0.121541,0,0,0,0,0,0,0,0,0,0,0,0
44,4353,4842,1800,5013,2725,1394,4525,2504,2588,5518,5705,40967,1394,698,129,1280,894,114,203,369,323,1665,2117,9186,189,207,1042,937,210,193,82,547,409,887,1710,6413,1943,774,208,1661,1210,204,976,1000,321,1961,2320,12578,60,98,92,312,65,8,52,634,66,461,104,1952,1247,2631,1767,3943,2978,588,2059,2462,1830,4877,4742,29124,329,525,313,262,254,51,1101,132,91,2326,1182,6566,7,73,0,27,9,2,2,1,2,57,22,202,2320,2013,564,2745,997,566,526,1329,1136,3019,2119,17334,2545,2351,767,3535,742,707,2222,2387,494,5090,5776,26616,1,85,2,0,1,0,0,0,3,177,119,388,0,0,12,12,4,0,266,1,1,4,13,313,75,34,100,107,115,30,0,73,82,175,354,1145,0,0,0,0,0,0,0,0,0,0,0,0,5.573053,3.890625,2.114016,4.003226,4.814318,2.369499,10.168082,6.080769,3.349555,3.515881,3.397188,4.031443,1.784708,0.560854,0.151504,1.022168,1.579449,0.193775,0.456159,0.896088,0.418047,1.060881,1.260622,0.903967,0.241973,0.166328,1.22378,0.748259,0.371012,0.328058,0.184261,1.328347,0.529354,0.565166,1.018263,0.631085,2.487581,0.621922,0.244286,1.326423,2.137734,0.346756,2.19316,2.428422,0.415459,1.249482,1.381503,1.237764,0.076817,0.078745,0.10805,0.249154,0.114837,0.013598,0.116849,1.53962,0.085421,0.293733,0.061929,0.192091,1.596507,2.114051,2.075259,3.148757,5.261298,0.999473,4.626758,5.978776,2.368503,3.107458,2.823745,2.866008,0.421212,0.421846,0.367604,0.209225,0.448747,0.086689,2.474046,0.320552,0.117778,1.482048,0.703852,0.646141,0.008962,0.058657,0.0,0.021561,0.0159,0.0034,0.004494,0.002428,0.002589,0.036318,0.0131,0.021696,2.970246,1.617478,0.662392,2.192072,1.761422,0.962078,1.181969,3.227373,1.470284,1.923604,1.261813,1.705788,3.258309,1.889067,0.900806,2.822941,1.310908,1.201747,4.993034,5.796644,0.639366,3.243174,3.439467,2.619203,0.00128,0.068299,0.002349,0.0,0.001767,0,0,0,0.003883,0.112778,0.070862,0.051979,0,0.0,0.014093,0.009583,0.007067,0.0,0.597726,0.002428,0.001294,0.002549,0.007741,0.041468,0.096021,0.02732,0.117445,0.085447,0.203173,0.050994,0,0.177275,0.10613,0.111504,0.210798,0.117837,0,0,0,0,0,0,0,0,0,0,0,0
45,4236,4613,1711,5043,2660,1487,4429,2479,2608,5422,5589,40277,1364,675,125,1271,886,108,197,371,327,1618,2100,9042,191,198,1020,936,211,171,83,543,374,853,1650,6230,1899,771,198,1623,1205,206,971,985,320,1908,2240,12326,67,94,94,296,67,13,50,625,77,467,84,1934,1202,2582,1722,3898,2945,585,2044,2411,1771,4759,4624,28543,321,526,324,285,237,62,1083,134,105,2319,1176,6572,5,69,0,26,8,2,2,2,3,53,22,192,2296,2011,576,2785,1012,595,514,1331,1069,2984,2097,17270,2490,2246,793,3446,752,673,2186,2370,511,5045,5723,26235,0,89,2,0,0,0,0,0,0,182,129,402,0,0,20,8,4,0,263,2,0,6,11,314,75,35,117,100,114,19,0,69,82,178,347,1136,0,0,0,0,0,0,0,0,0,0,0,0,5.42326,3.70662,2.00949,4.027183,4.699481,2.527579,9.952362,6.020059,3.37544,3.454713,3.328113,3.963542,1.7463,0.542373,0.146807,1.014981,1.565316,0.183577,0.442677,0.900945,0.423224,1.030934,1.250499,0.889797,0.244533,0.159096,1.197942,0.747461,0.372778,0.290663,0.186508,1.318633,0.484055,0.543503,0.982535,0.613076,2.431249,0.619511,0.232542,1.296077,2.1289,0.350156,2.181924,2.391996,0.414164,1.215713,1.333865,1.212966,0.085779,0.075531,0.110399,0.236376,0.11837,0.022097,0.112355,1.517764,0.099658,0.297556,0.05002,0.190319,1.538895,2.074679,2.022409,3.112822,5.202996,0.994374,4.593052,5.854926,2.292141,3.032272,2.753479,2.808833,0.410969,0.42265,0.380523,0.227592,0.418713,0.105387,2.433598,0.325409,0.135898,1.477588,0.700279,0.646731,0.006401,0.055443,0.0,0.020763,0.014134,0.0034,0.004494,0.004857,0.003883,0.03377,0.0131,0.020622,2.93952,1.615871,0.676485,2.224015,1.787923,1.011372,1.155004,3.23223,1.383568,1.901303,1.248712,1.69949,3.187894,1.804697,0.931341,2.751869,1.328575,1.143955,4.912139,5.755361,0.661369,3.214502,3.407907,2.58171,0.0,0.071513,0.002349,0.0,0.0,0,0,0,0.0,0.115964,0.076816,0.075214,0,0.0,0.023489,0.006389,0.007067,0.0,0.590985,0.004857,0.0,0.003823,0.00655,0.046345,0.096021,0.028123,0.137411,0.079857,0.201406,0.032296,0,0.167561,0.10613,0.113416,0.20663,0.11691,0,0,0,0,0,0,0,0,0,0,0,0
46,4174,4545,1648,4901,2650,1424,4340,2447,2495,5274,5494,39392,1329,660,113,1226,849,103,195,368,275,1576,2022,8716,176,194,1027,891,220,165,80,517,362,891,1635,6158,1879,733,208,1643,1174,215,945,983,334,1898,2196,12208,61,110,87,312,67,14,53,640,76,458,86,1964,1184,2510,1723,3781,2858,624,2007,2385,1759,4682,4530,28043,333,516,321,270,241,54,1075,140,91,2308,1154,6503,4,64,3,31,10,2,1,2,2,41,11,171,2297,2006,568,2698,986,587,508,1325,1092,2990,2118,17175,2433,2355,788,3411,758,701,2156,2322,467,5037,5557,25985,1,91,1,0,0,0,0,0,0,178,132,403,0,1,13,11,5,0,258,2,0,8,11,309,72,36,103,98,108,24,0,72,84,176,329,1102,0,0,0,0,0,0,0,0,0,0,0,0,5.343883,3.651981,1.935499,3.913786,4.681813,2.420493,9.752371,5.942349,3.229188,3.360413,3.271543,3.876452,1.70149,0.530321,0.132713,0.979046,1.499947,0.175078,0.438183,0.893659,0.355923,1.004173,1.204052,0.857716,0.225329,0.155882,1.206164,0.711525,0.388679,0.280464,0.179767,1.255494,0.468524,0.567715,0.973603,0.605991,2.405643,0.588977,0.244286,1.312049,2.074132,0.365454,2.1235,2.387139,0.432284,1.209341,1.307664,1.201354,0.078097,0.088387,0.102177,0.249154,0.11837,0.023797,0.119096,1.55419,0.098364,0.291822,0.051211,0.193272,1.51585,2.016826,2.023583,3.019389,5.049292,1.060665,4.50991,5.791787,2.27661,2.983211,2.697504,2.75963,0.426333,0.414614,0.377,0.215614,0.42578,0.091788,2.415622,0.339979,0.117778,1.470579,0.687179,0.639941,0.005121,0.051425,0.003523,0.024756,0.017667,0.0034,0.002247,0.004857,0.002589,0.026124,0.00655,0.016828,2.9408,1.611853,0.667089,2.154539,1.741988,0.997773,1.141522,3.217659,1.413336,1.905126,1.261217,1.690142,3.114918,1.892281,0.925469,2.723919,1.339175,1.191549,4.844726,5.638796,0.604421,3.209405,3.309058,2.557108,0.00128,0.07312,0.001174,0.0,0.0,0,0,0,0.0,0.113416,0.078603,0.065787,0,0.000804,0.015268,0.008784,0.008834,0.0,0.579749,0.004857,0.0,0.005097,0.00655,0.038529,0.09218,0.028927,0.120969,0.07826,0.190806,0.040795,0,0.174846,0.108718,0.112141,0.195911,0.113411,0,0,0,0,0,0,0,0,0,0,0,0
47,4079,4544,1602,4841,2575,1319,4280,2411,2461,5230,5458,38800,1310,660,112,1211,836,121,195,365,303,1508,2004,8625,175,199,1017,908,210,136,75,513,364,824,1585,6006,1796,725,200,1556,1162,184,943,948,301,1870,2233,11918,62,94,86,288,63,10,51,639,69,472,83,1917,1167,2495,1662,3762,2831,558,1993,2347,1731,4598,4512,27656,299,512,285,280,242,46,1060,137,86,2242,1142,6331,4,61,4,27,6,1,1,2,3,45,21,175,2308,1954,558,2665,980,524,514,1312,1067,2940,2070,16892,2397,2278,719,3337,726,647,2124,2293,499,4937,5601,25558,1,103,2,0,1,0,0,0,4,176,118,405,0,2,13,8,3,0,263,2,1,5,10,307,72,30,98,96,114,23,0,68,73,184,323,1081,0,0,0,0,0,0,0,0,0,0,0,0,5.222256,3.651178,1.881474,3.865872,4.549309,2.242015,9.617545,5.854926,3.185183,3.332378,3.250106,3.818195,1.677165,0.530321,0.131539,0.967067,1.47698,0.205674,0.438183,0.886374,0.392162,0.960846,1.193333,0.848761,0.224049,0.1599,1.194419,0.725101,0.371012,0.231171,0.168532,1.245781,0.471112,0.525025,0.943829,0.591033,2.29938,0.582549,0.234891,1.242573,2.052931,0.31276,2.119006,2.302144,0.389573,1.1915,1.329697,1.172816,0.079377,0.075531,0.101003,0.229988,0.111303,0.016998,0.114602,1.551762,0.089304,0.300742,0.049424,0.188646,1.494085,2.004773,1.951941,3.004216,5.00159,0.94848,4.47845,5.699507,2.240371,2.929689,2.686786,2.721546,0.382803,0.4114,0.334719,0.223599,0.427547,0.07819,2.381915,0.332694,0.111307,1.428526,0.680033,0.623015,0.005121,0.049014,0.004698,0.021561,0.0106,0.0017,0.002247,0.004857,0.003883,0.028672,0.012505,0.017221,2.954883,1.570071,0.655345,2.128186,1.731388,0.890687,1.155004,3.18609,1.380979,1.873268,1.232634,1.662292,3.068828,1.83041,0.844432,2.664825,1.28264,1.09976,4.772819,5.568372,0.645838,3.145688,3.335259,2.515088,0.00128,0.082762,0.002349,0.0,0.001767,0,0,0,0.005177,0.112141,0.070266,0.054257,0,0.001607,0.015268,0.006389,0.0053,0.0,0.590985,0.004857,0.001294,0.003186,0.005955,0.034916,0.09218,0.024105,0.115096,0.076663,0.201406,0.039095,0,0.165133,0.094481,0.117239,0.192339,0.11125,0,0,0,0,0,0,0,0,0,0,0,0
48,4067,4385,1559,4585,2573,1302,4244,2358,2441,5087,5309,37910,1321,645,129,1163,828,106,193,370,299,1507,1986,8547,172,175,922,856,194,147,76,479,351,836,1529,5737,1782,685,206,1518,1127,186,922,908,302,1822,2190,11648,59,89,88,274,64,7,50,622,70,465,82,1870,1173,2406,1621,3703,2827,521,1961,2352,1611,4474,4433,27082,324,498,267,249,253,58,1056,134,96,2223,1142,6300,5,59,2,28,7,3,2,2,4,46,15,173,2283,1969,561,2613,982,541,516,1292,1034,2871,2091,16753,2391,2284,748,3259,721,650,2081,2234,491,4921,5459,25239,2,92,0,1,1,0,0,0,2,171,122,391,0,1,10,10,4,0,261,2,0,6,11,305,79,38,105,86,118,34,0,70,79,181,348,1138,0,0,0,0,0,0,0,0,0,0,0,0,5.206893,3.523418,1.830973,3.661439,4.545776,2.213119,9.53665,5.72622,3.159298,3.241263,3.16138,3.730613,1.691248,0.518268,0.151504,0.928736,1.462846,0.180177,0.433688,0.898516,0.386985,0.960209,1.182614,0.841085,0.220208,0.140615,1.082846,0.683575,0.342744,0.249868,0.170779,1.163214,0.454287,0.532671,0.910482,0.564561,2.281456,0.550409,0.241937,1.212228,1.991096,0.31616,2.071817,2.205007,0.390868,1.160916,1.304092,1.146246,0.075536,0.071513,0.103352,0.218808,0.11307,0.011898,0.112355,1.510479,0.090598,0.296282,0.048829,0.184021,1.501767,1.93326,1.903789,2.957101,4.994523,0.885588,4.406544,5.711649,2.085059,2.85068,2.639743,2.665061,0.41481,0.400151,0.313579,0.198844,0.446981,0.098587,2.372927,0.325409,0.124249,1.41642,0.680033,0.619965,0.006401,0.047407,0.002349,0.02236,0.012367,0.005099,0.004494,0.004857,0.005177,0.02931,0.008932,0.017024,2.922876,1.582123,0.658868,2.086661,1.734921,0.919583,1.159498,3.137522,1.338269,1.829303,1.245139,1.648614,3.061146,1.835231,0.878491,2.602536,1.273807,1.10486,4.676194,5.425095,0.635484,3.135493,3.250701,2.483696,0.002561,0.073923,0.0,0.000799,0.001767,0,0,0,0.002589,0.108955,0.072648,0.049712,0,0.000804,0.011745,0.007986,0.007067,0.0,0.58649,0.004857,0.0,0.003823,0.00655,0.038031,0.101142,0.030534,0.123318,0.068677,0.208473,0.057793,0,0.16999,0.102247,0.115327,0.207226,0.117116,0,0,0,0,0,0,0,0,0,0,0,0
49,4011,4399,1611,4628,2515,1359,4180,2373,2352,4976,5274,37678,1299,626,121,1168,821,106,195,371,256,1467,1968,8398,175,182,915,820,186,147,79,494,335,767,1542,5642,1795,737,195,1511,1117,160,916,916,319,1852,2190,11708,62,105,80,275,54,12,51,626,75,463,81,1884,1144,2432,1519,3663,2769,542,1953,2336,1698,4487,4380,26923,326,490,271,265,243,50,1064,144,99,2220,1176,6348,7,72,3,27,8,3,1,2,1,42,22,188,2232,2009,558,2584,998,545,522,1256,1015,2881,2053,16653,2366,2247,692,3291,717,599,2046,2263,488,4905,5500,25114,2,101,0,1,0,0,0,0,1,164,125,394,0,2,14,8,6,0,255,2,2,7,11,307,74,30,99,104,122,16,0,76,75,186,330,1112,0,0,0,0,0,0,0,0,0,0,0,0,5.135197,3.534668,1.892044,3.695777,4.443306,2.310007,9.392836,5.762646,3.044109,3.170537,3.140538,3.707782,1.663082,0.503001,0.142109,0.932729,1.450479,0.180177,0.438183,0.900945,0.331332,0.934722,1.171896,0.826423,0.224049,0.14624,1.074625,0.654827,0.32861,0.249868,0.17752,1.199641,0.433578,0.488706,0.918223,0.555213,2.2981,0.592191,0.229018,1.206638,1.973429,0.271965,2.058334,2.224435,0.41287,1.180031,1.304092,1.15215,0.079377,0.084369,0.093956,0.219606,0.095403,0.020397,0.114602,1.520192,0.09707,0.295008,0.048234,0.185399,1.464639,1.954151,1.783995,2.925158,4.892053,0.921283,4.388567,5.672794,2.19766,2.858963,2.608183,2.649414,0.417371,0.393723,0.318277,0.211621,0.429313,0.084989,2.390904,0.349693,0.128132,1.414508,0.700279,0.624688,0.008962,0.057853,0.003523,0.021561,0.014134,0.005099,0.002247,0.004857,0.001294,0.026761,0.0131,0.018501,2.857582,1.614264,0.655345,2.063502,1.763189,0.926382,1.172981,3.050098,1.313678,1.835675,1.222511,1.638773,3.029139,1.805501,0.812722,2.62809,1.26674,1.018171,4.597546,5.49552,0.631601,3.125299,3.275116,2.471396,0.002561,0.081155,0.0,0.000799,0.0,0,0,0,0.001294,0.104495,0.074434,0.053978,0,0.001607,0.016442,0.006389,0.0106,0.0,0.573008,0.004857,0.002589,0.00446,0.00655,0.034916,0.094741,0.024105,0.116271,0.083051,0.21554,0.027197,0,0.18456,0.09707,0.118513,0.196507,0.11444,0,0,0,0,0,0,0,0,0,0,0,0
50,3918,4392,1550,4500,2431,1244,4078,2348,2324,4896,5206,36887,1288,633,110,1145,784,100,184,353,272,1469,1902,8240,161,163,872,773,186,148,77,482,333,756,1481,5432,1757,727,220,1496,1066,170,904,886,318,1754,2157,11455,55,102,80,262,55,12,48,614,69,456,74,1827,1145,2347,1479,3538,2737,521,1922,2293,1612,4352,4358,26304,334,523,270,248,254,54,1054,138,79,2211,1140,6305,8,59,4,27,6,3,1,3,1,46,15,173,2299,1939,511,2581,970,530,538,1273,1063,2907,2053,16664,2344,2203,738,3272,695,621,2042,2210,417,4913,5404,24859,1,102,1,0,0,0,0,0,5,163,114,386,0,3,15,10,4,0,257,2,0,5,11,307,78,35,93,90,110,19,0,69,69,173,311,1047,0,0,0,0,0,0,0,0,0,0,0,0,5.016132,3.529043,1.820403,3.59356,4.294901,2.114531,9.163633,5.701935,3.007869,3.119564,3.100046,3.629942,1.648999,0.508626,0.12919,0.914361,1.38511,0.169978,0.413465,0.857233,0.35204,0.935997,1.132595,0.810874,0.206125,0.130973,1.024123,0.617294,0.32861,0.251568,0.173026,1.1705,0.43099,0.481697,0.881899,0.534547,2.249449,0.584156,0.25838,1.194659,1.883326,0.288963,2.031369,2.151582,0.411576,1.117589,1.284441,1.127253,0.070415,0.081959,0.093956,0.209225,0.09717,0.020397,0.10786,1.491051,0.089304,0.290548,0.044065,0.17979,1.465919,1.885852,1.737016,2.825337,4.835518,0.885588,4.318907,5.568372,2.086353,2.772946,2.595083,2.5885,0.427613,0.420239,0.317102,0.198045,0.448747,0.091788,2.368433,0.335122,0.102247,1.408774,0.678842,0.620457,0.010242,0.047407,0.004698,0.021561,0.0106,0.005099,0.002247,0.007285,0.001294,0.02931,0.008932,0.017024,2.94336,1.558018,0.600146,2.061106,1.71372,0.900886,1.208934,3.091382,1.375802,1.852241,1.222511,1.639856,3.000973,1.770146,0.866747,2.612918,1.227872,1.055566,4.588558,5.366813,0.539708,3.130396,3.21795,2.446302,0.00128,0.081959,0.001174,0.0,0.0,0,0,0,0.006471,0.103858,0.067884,0.055954,0,0.002411,0.017617,0.007986,0.007067,0.0,0.577502,0.004857,0.0,0.003186,0.00655,0.03828,0.099862,0.028123,0.109224,0.071871,0.194339,0.032296,0,0.167561,0.089304,0.11023,0.185193,0.107751,0,0,0,0,0,0,0,0,0,0,0,0
51,3851,4206,1516,4481,2375,1314,4047,2293,2228,4807,5138,36256,1284,612,105,1116,780,104,178,355,258,1455,1921,8168,162,175,836,754,184,150,79,494,328,727,1450,5339,1724,707,225,1481,1042,170,881,877,261,1753,2054,11175,61,95,79,264,56,10,45,632,72,440,78,1832,1151,2302,1527,3548,2701,546,1911,2265,1583,4285,4313,26132,308,477,250,250,243,53,1049,139,88,2180,1146,6183,6,60,3,19,8,1,2,3,3,44,16,165,2279,1917,537,2525,982,514,544,1258,1024,2826,1999,16405,2328,2140,678,3291,690,612,2029,2193,438,4764,5394,24557,1,97,0,0,0,0,0,0,1,164,122,385,0,2,14,10,3,0,253,2,1,7,11,303,77,31,94,94,106,27,0,76,79,177,333,1094,0,0,0,0,0,0,0,0,0,0,0,0,4.930353,3.379589,1.780471,3.578388,4.195965,2.233516,9.093973,5.568372,2.88362,3.062856,3.059554,3.567847,1.643878,0.491752,0.123318,0.891203,1.378043,0.176778,0.399982,0.86209,0.33392,0.927076,1.143909,0.803789,0.207405,0.140615,0.981843,0.602121,0.325077,0.254968,0.17752,1.199641,0.424519,0.46322,0.86344,0.525395,2.2072,0.568086,0.264252,1.182681,1.840924,0.288963,1.979686,2.129726,0.337803,1.116952,1.223107,1.099699,0.078097,0.076334,0.092782,0.210822,0.098936,0.016998,0.101119,1.534763,0.093187,0.280353,0.046447,0.180282,1.473601,1.849694,1.79339,2.833323,4.771916,0.928082,4.294189,5.500376,2.04882,2.730256,2.568286,2.571574,0.394326,0.383277,0.293613,0.199642,0.429313,0.090089,2.357197,0.337551,0.113895,1.389022,0.682415,0.608451,0.007682,0.048211,0.003523,0.015173,0.014134,0.0017,0.004494,0.007285,0.003883,0.028035,0.009528,0.016237,2.917755,1.540341,0.630681,2.016387,1.734921,0.873689,1.222417,3.054955,1.325326,1.800631,1.190356,1.614368,2.980489,1.719525,0.796279,2.62809,1.219038,1.040268,4.559346,5.32553,0.566888,3.035458,3.211995,2.416583,0.00128,0.077941,0.0,0.0,0.0,0,0,0,0.001294,0.104495,0.072648,0.063668,0,0.001607,0.016442,0.007986,0.0053,0.0,0.568514,0.004857,0.001294,0.00446,0.00655,0.034461,0.098581,0.024909,0.110399,0.075065,0.187273,0.045894,0,0.18456,0.102247,0.112778,0.198293,0.112588,0,0,0,0,0,0,0,0,0,0,0,0
52,3819,4125,1511,4368,2320,1305,4014,2314,2163,4711,5056,35706,1244,622,85,1115,775,96,175,351,250,1408,1882,8003,170,174,815,750,163,137,78,488,302,712,1423,5212,1700,692,173,1441,1027,178,861,912,301,1701,2019,11005,64,98,74,259,54,9,43,620,63,446,78,1808,1114,2226,1486,3495,2687,540,1890,2220,1606,4291,4255,25810,325,480,264,234,240,51,1039,144,71,2162,1128,6138,7,68,2,35,9,2,2,2,1,47,18,193,2330,1960,522,2520,951,547,538,1261,983,2820,2005,16437,2355,2111,679,3146,683,649,2009,2165,395,4813,5412,24417,2,93,0,0,0,0,0,0,4,162,125,386,0,1,8,7,2,0,256,1,0,5,12,292,70,32,105,78,108,23,0,70,67,174,320,1047,0,0,0,0,0,0,0,0,0,0,0,0,4.889384,3.314504,1.774599,3.488149,4.098795,2.218218,9.019819,5.619369,2.799493,3.001688,3.010725,3.513723,1.592667,0.499787,0.099829,0.890404,1.36921,0.163179,0.393241,0.852376,0.323566,0.89713,1.120685,0.787552,0.217647,0.139812,0.957179,0.598927,0.287976,0.23287,0.175273,1.18507,0.390868,0.453662,0.847362,0.512898,2.176474,0.556033,0.20318,1.150738,1.814424,0.302562,1.934745,2.214721,0.389573,1.083819,1.202265,1.08297,0.081938,0.078745,0.08691,0.206829,0.095403,0.015298,0.096625,1.505622,0.081539,0.284176,0.046447,0.17792,1.42623,1.788627,1.745238,2.790999,4.747182,0.917883,4.247,5.391097,2.078588,2.734079,2.533749,2.539887,0.416091,0.385688,0.310056,0.186865,0.424013,0.086689,2.334727,0.349693,0.091893,1.377553,0.671696,0.604023,0.008962,0.054639,0.002349,0.02795,0.0159,0.0034,0.004494,0.004857,0.001294,0.029947,0.010719,0.018993,2.983049,1.574892,0.613065,2.012394,1.680153,0.929782,1.208934,3.06224,1.272261,1.796808,1.193929,1.617517,3.015056,1.696223,0.797454,2.512298,1.206671,1.10316,4.514404,5.257534,0.511234,3.066679,3.222714,2.402806,0.002561,0.074727,0.0,0.0,0.0,0,0,0,0.005177,0.103221,0.074434,0.063833,0,0.000804,0.009396,0.00559,0.003533,0.0,0.575255,0.002428,0.0,0.003186,0.007146,0.03641,0.08962,0.025713,0.123318,0.062288,0.190806,0.039095,0,0.16999,0.086716,0.110867,0.190552,0.107751,0,0,0,0,0,0,0,0,0,0,0,0
53,3757,4128,1485,4412,2321,1224,3932,2290,2183,4663,4994,35389,1266,592,103,1113,765,109,170,351,244,1389,1850,7952,156,171,807,696,159,149,77,477,330,688,1470,5180,1707,693,199,1479,1015,170,861,876,255,1698,2039,10992,58,95,66,236,50,7,45,633,78,440,78,1786,1096,2316,1486,3448,2648,477,1862,2195,1581,4233,4185,25527,317,515,222,263,238,51,1036,139,94,2139,1146,6160,8,61,1,32,8,3,3,3,0,43,24,186,2311,1903,508,2547,969,503,541,1275,1013,2849,1970,16389,2337,2154,631,3201,687,603,1975,2181,389,4713,5346,24217,1,101,0,0,0,0,0,0,3,162,118,385,0,2,10,8,2,0,256,2,0,9,12,301,79,44,96,110,110,28,0,68,86,172,320,1113,0,0,0,0,0,0,0,0,0,0,0,0,4.810007,3.316915,1.744063,3.523286,4.100562,2.080536,8.835558,5.561087,2.825378,2.971105,2.973805,3.482528,1.620833,0.475682,0.120969,0.888807,1.351542,0.185276,0.382005,0.852376,0.3158,0.885023,1.10163,0.782533,0.199723,0.137401,0.947784,0.555804,0.280909,0.253268,0.173026,1.158357,0.427107,0.43837,0.875349,0.509749,2.185436,0.556837,0.233716,1.181083,1.793223,0.288963,1.934745,2.127298,0.330037,1.081908,1.214175,1.081691,0.074256,0.076334,0.077514,0.188462,0.088336,0.011898,0.101119,1.537191,0.100953,0.280353,0.046447,0.175755,1.403185,1.860943,1.745238,2.753466,4.67828,0.810797,4.184082,5.330387,2.046231,2.697123,2.492065,2.512038,0.405848,0.413811,0.260729,0.210024,0.42048,0.086689,2.327985,0.337551,0.121661,1.362898,0.682415,0.606188,0.010242,0.049014,0.001174,0.025554,0.014134,0.005099,0.006741,0.007285,0.0,0.027398,0.014291,0.01981,2.958724,1.529091,0.596622,2.033955,1.711954,0.854991,1.215676,3.096238,1.311089,1.815286,1.173087,1.612794,2.992011,1.730774,0.74108,2.556219,1.213738,1.02497,4.438003,5.296389,0.503469,3.002963,3.183412,2.383124,0.00128,0.081155,0.0,0.0,0.0,0,0,0,0.003883,0.103221,0.070266,0.063668,0,0.001607,0.011745,0.006389,0.003533,0.0,0.575255,0.004857,0.0,0.005734,0.007146,0.037532,0.101142,0.035355,0.112748,0.087843,0.194339,0.047594,0,0.165133,0.111307,0.109593,0.190552,0.114543,0,0,0,0,0,0,0,0,0,0,0,0
54,3704,4037,1436,4243,2271,1216,3858,2246,2139,4636,4834,34620,1254,604,96,1107,750,103,165,345,227,1386,1865,7902,166,182,770,702,162,147,77,473,297,689,1417,5082,1685,689,198,1432,1010,174,852,860,276,1673,2004,10853,52,88,70,227,51,8,44,636,69,433,65,1743,1077,2220,1424,3412,2632,491,1820,2195,1542,4214,4214,25241,317,511,280,235,244,54,1027,138,85,2116,1120,6127,5,57,1,26,9,0,3,3,2,38,18,162,2313,1992,477,2507,931,553,553,1254,1025,2798,1965,16368,2277,2079,670,3114,654,627,1935,2110,404,4756,5335,23961,2,98,0,1,0,0,0,0,3,159,117,380,0,1,20,5,3,0,256,2,1,5,13,306,76,50,84,97,108,24,0,73,72,175,310,1069,0,0,0,0,0,0,0,0,0,0,0,0,4.742152,3.243795,1.686515,3.388328,4.012226,2.066937,8.669273,5.454236,2.76843,2.953901,2.878529,3.406853,1.605469,0.485324,0.112748,0.884016,1.325042,0.175078,0.37077,0.837806,0.293798,0.883112,1.110562,0.777613,0.212526,0.14624,0.904329,0.560595,0.286209,0.249868,0.173026,1.148644,0.384396,0.439007,0.843789,0.500105,2.157269,0.553623,0.232542,1.143551,1.784389,0.295762,1.914521,2.088443,0.357217,1.065979,1.193333,1.068012,0.066574,0.070709,0.082212,0.181275,0.090103,0.013598,0.098872,1.544477,0.089304,0.275893,0.038706,0.171524,1.37886,1.783806,1.672421,2.724717,4.650012,0.834594,4.089704,5.330387,1.995755,2.685017,2.509334,2.483893,0.405848,0.410597,0.328847,0.187664,0.43108,0.091788,2.307761,0.335122,0.110012,1.348243,0.666933,0.60294,0.006401,0.0458,0.001174,0.020763,0.0159,0.0,0.006741,0.007285,0.002589,0.024212,0.010719,0.016922,2.961284,1.600604,0.560214,2.002012,1.644818,0.939981,1.242641,3.045242,1.32662,1.78279,1.17011,1.610727,2.915194,1.67051,0.786884,2.486744,1.155436,1.065765,4.348119,5.123971,0.522883,3.030361,3.176862,2.357932,0.002561,0.078745,0.0,0.000799,0.0,0,0,0,0.003883,0.101309,0.069671,0.05206,0,0.000804,0.023489,0.003993,0.0053,0.0,0.575255,0.004857,0.001294,0.003186,0.007741,0.034802,0.097301,0.040176,0.098654,0.077461,0.190806,0.040795,0,0.177275,0.093187,0.111504,0.184597,0.110015,0,0,0,0,0,0,0,0,0,0,0,0
55,3684,3989,1444,4193,2251,1214,3785,2202,2050,4543,4815,34170,1226,596,91,1099,739,89,162,339,238,1365,1847,7791,150,179,726,705,167,141,75,460,277,692,1377,4949,1621,682,161,1438,975,158,840,848,271,1667,2019,10680,57,79,62,243,58,3,44,638,50,429,73,1736,1111,2202,1457,3401,2563,517,1808,2177,1525,4142,4160,25063,303,474,264,246,244,45,1020,134,73,2102,1137,6042,2,50,1,24,7,0,3,3,3,43,20,156,2329,1899,493,2538,975,521,556,1277,995,2849,1978,16410,2281,2139,679,3167,654,603,1927,2108,422,4694,5182,23856,1,88,0,1,0,0,0,0,2,162,102,356,0,1,13,6,6,0,244,2,2,5,12,291,78,38,76,91,104,22,0,67,66,171,308,1021,0,0,0,0,0,0,0,0,0,0,0,0,4.716546,3.205226,1.695911,3.3484,3.976891,2.063538,8.505236,5.347386,2.653241,2.894645,2.867215,3.36257,1.569622,0.478896,0.106875,0.877627,1.305608,0.151281,0.364029,0.823235,0.308035,0.869731,1.099843,0.76669,0.192042,0.143829,0.852653,0.562991,0.295043,0.23967,0.168532,1.117074,0.358511,0.440919,0.81997,0.487017,2.075332,0.547998,0.189087,1.148342,1.722554,0.268566,1.887556,2.059302,0.350745,1.062156,1.202265,1.050988,0.072976,0.063478,0.072816,0.194052,0.10247,0.005099,0.098872,1.549333,0.064713,0.273344,0.04347,0.170835,1.42239,1.769343,1.711178,2.715933,4.528109,0.878788,4.062739,5.286675,1.973752,2.639141,2.477178,2.466377,0.387924,0.380867,0.310056,0.196448,0.43108,0.07649,2.292032,0.325409,0.094481,1.339323,0.677056,0.594576,0.002561,0.040176,0.001174,0.019166,0.012367,0.0,0.006741,0.007285,0.003883,0.027398,0.01191,0.016295,2.981769,1.525877,0.579005,2.026768,1.722554,0.885588,1.249382,3.101095,1.287793,1.815286,1.177851,1.61486,2.920315,1.718721,0.797454,2.529068,1.155436,1.02497,4.330142,5.119114,0.546179,2.990857,3.085754,2.347599,0.00128,0.070709,0.0,0.000799,0.0,0,0,0,0.002589,0.103221,0.060739,0.048772,0,0.000804,0.015268,0.004791,0.0106,0.0,0.54829,0.004857,0.002589,0.003186,0.007146,0.033096,0.099862,0.030534,0.089258,0.07267,0.183739,0.037395,0,0.162704,0.085421,0.108955,0.183406,0.105075,0,0,0,0,0,0,0,0,0,0,0,0
56,3584,3898,1414,4138,2180,1218,3716,2164,2062,4444,4761,33579,1222,584,89,1077,734,91,162,328,217,1343,1819,7666,161,159,769,694,169,155,79,458,289,664,1362,4959,1623,671,175,1365,954,163,823,828,256,1630,2007,10495,66,102,61,242,58,5,43,620,62,434,75,1768,1068,2147,1432,3314,2554,499,1758,2141,1454,4119,4061,24547,297,479,228,239,247,46,1015,128,79,2100,1099,5957,3,49,0,22,8,0,3,4,4,45,14,152,2274,1950,514,2578,957,513,558,1250,977,2819,2003,16393,2238,2080,639,3112,651,582,1900,2065,382,4726,5203,23578,1,92,0,1,0,0,0,0,1,158,108,361,0,1,16,4,4,0,240,2,0,5,15,287,75,36,104,81,107,28,0,61,59,182,319,1052,0,0,0,0,0,0,0,0,0,0,0,0,4.588518,3.132106,1.660677,3.304478,3.851454,2.070337,8.350187,5.255106,2.668772,2.831565,2.835059,3.304411,1.5645,0.469253,0.104526,0.860059,1.296774,0.15468,0.364029,0.796522,0.280855,0.855714,1.08317,0.754389,0.206125,0.127759,0.903155,0.554207,0.298576,0.263467,0.17752,1.112217,0.374042,0.423078,0.811038,0.488001,2.077892,0.539159,0.205529,1.090047,1.685453,0.277065,1.849355,2.010734,0.331332,1.03858,1.195119,1.032782,0.084498,0.081959,0.071642,0.193254,0.10247,0.008499,0.096625,1.505622,0.080244,0.27653,0.044661,0.173984,1.367338,1.725149,1.681817,2.646458,4.512208,0.848192,3.950384,5.199252,1.88186,2.624486,2.418226,2.415599,0.380243,0.384884,0.267775,0.190858,0.43638,0.07819,2.280796,0.310838,0.102247,1.338048,0.654428,0.586211,0.003841,0.039372,0.0,0.017569,0.014134,0.0,0.006741,0.009714,0.005177,0.028672,0.008337,0.017427,2.911354,1.566857,0.603669,2.058711,1.690753,0.871989,1.253876,3.035528,1.264496,1.796171,1.192738,1.613187,2.865263,1.671314,0.750476,2.485147,1.150136,0.989274,4.269471,5.014692,0.494409,3.011246,3.098259,2.320242,0.00128,0.073923,0.0,0.000799,0.0,0,0,0,0.001294,0.100672,0.064311,0.049457,0,0.000804,0.018791,0.003194,0.007067,0.0,0.539302,0.004857,0.0,0.003186,0.008932,0.035786,0.096021,0.028927,0.122143,0.064684,0.189039,0.047594,0,0.148134,0.076362,0.115964,0.189957,0.108266,0,0,0,0,0,0,0,0,0,0,0,0
57,3533,3888,1394,4029,2137,1169,3640,2128,1963,4365,4675,32921,1213,578,87,1065,713,90,162,323,209,1321,1807,7568,159,158,715,693,159,143,77,447,295,683,1329,4858,1615,630,148,1372,937,148,818,815,266,1574,1987,10310,64,107,66,234,54,11,40,625,54,386,78,1719,1075,2216,1411,3304,2568,511,1714,2099,1423,4051,4037,24409,324,519,233,236,230,45,1008,129,80,2072,1182,6058,5,52,1,23,7,0,2,3,4,41,20,158,2257,1928,478,2590,974,546,574,1225,932,2768,1990,16262,2237,2135,615,3113,629,577,1878,2031,371,4627,5184,23397,1,99,0,0,0,0,0,0,2,148,107,357,0,1,17,4,4,0,234,2,0,5,11,278,78,38,72,88,108,15,0,60,76,169,310,1014,0,0,0,0,0,0,0,0,0,0,0,0,4.523224,3.124071,1.637188,3.217434,3.775485,1.987048,8.179408,5.167683,2.54064,2.781229,2.783848,3.23966,1.552978,0.464432,0.102177,0.850476,1.259673,0.152981,0.364029,0.78438,0.270501,0.841696,1.076024,0.744745,0.203564,0.126956,0.839734,0.553408,0.280909,0.243069,0.173026,1.085505,0.381808,0.435184,0.791387,0.478062,2.06765,0.506215,0.173819,1.095637,1.655419,0.251568,1.83812,1.979164,0.344274,1.002899,1.18321,1.014577,0.081938,0.085976,0.077514,0.186865,0.095403,0.018698,0.089884,1.517764,0.06989,0.245946,0.046447,0.169162,1.376299,1.780592,1.657154,2.638472,4.536942,0.86859,3.851512,5.097258,1.841737,2.581159,2.403935,2.402019,0.41481,0.417025,0.273648,0.188462,0.406346,0.07649,2.265067,0.313266,0.103541,1.320208,0.703852,0.59615,0.006401,0.041783,0.001174,0.018367,0.012367,0.0,0.004494,0.007285,0.005177,0.026124,0.01191,0.016504,2.889589,1.549179,0.561389,2.068294,1.720787,0.928082,1.28983,2.974817,1.206254,1.763675,1.184996,1.600296,2.863983,1.715507,0.722289,2.485945,1.111268,0.980775,4.220035,4.932126,0.480172,2.948167,3.086945,2.302431,0.00128,0.079548,0.0,0.0,0.0,0,0,0,0.002589,0.094301,0.063716,0.059037,0,0.000804,0.019966,0.003194,0.007067,0.0,0.525819,0.004857,0.0,0.003186,0.00655,0.034664,0.099862,0.030534,0.084561,0.070274,0.190806,0.025497,0,0.145705,0.098364,0.107681,0.184597,0.104355,0,0,0,0,0,0,0,0,0,0,0,0
58,3417,3751,1351,4017,2119,1200,3577,2072,1930,4248,4619,32301,1193,553,77,1054,704,89,160,321,185,1299,1768,7403,149,171,713,708,183,127,74,456,289,660,1302,4832,1562,627,161,1362,907,158,822,783,250,1545,1924,10101,58,97,65,234,57,8,41,616,48,402,76,1702,1054,2179,1398,3305,2520,531,1679,2058,1407,4031,4034,24196,290,483,240,245,242,42,1015,133,63,2062,1151,5966,4,41,2,29,7,2,2,3,2,48,25,165,2252,1903,492,2507,971,562,577,1228,948,2749,1918,16107,2152,2040,633,3055,625,619,1859,1973,388,4623,5099,23066,1,104,0,2,0,0,0,0,2,148,97,354,0,1,20,5,4,0,239,2,1,5,11,288,83,38,95,86,100,25,0,62,70,174,330,1063,0,0,0,0,0,0,0,0,0,0,0,0,4.374712,3.013989,1.586686,3.207852,3.743684,2.039741,8.037841,5.031691,2.497929,2.706681,2.750502,3.178647,1.527372,0.444344,0.090433,0.841692,1.243772,0.151281,0.359534,0.779524,0.239439,0.827678,1.052801,0.728508,0.190762,0.137401,0.837385,0.565387,0.32331,0.215873,0.166285,1.107361,0.374042,0.420529,0.775309,0.475503,1.999795,0.503805,0.189087,1.087651,1.602417,0.268566,1.847108,1.901455,0.323566,0.984421,1.145695,0.99401,0.074256,0.077941,0.076339,0.186865,0.100703,0.013598,0.092131,1.495908,0.062125,0.256141,0.045256,0.167489,1.349414,1.750862,1.641886,2.63927,4.45214,0.902585,3.772864,4.997693,1.821029,2.568416,2.402148,2.381058,0.371281,0.388098,0.281869,0.195649,0.427547,0.071391,2.280796,0.32298,0.081539,1.313836,0.685392,0.587097,0.005121,0.032944,0.002349,0.023158,0.012367,0.0034,0.004494,0.007285,0.002589,0.030584,0.014887,0.016237,2.883187,1.529091,0.577831,2.002012,1.715487,0.955279,1.296571,2.982103,1.226962,1.751569,1.142122,1.585043,2.75516,1.639173,0.743429,2.439628,1.104201,1.052166,4.17734,4.791277,0.502174,2.945618,3.03633,2.269858,0.00128,0.083566,0.0,0.001597,0.0,0,0,0,0.002589,0.094301,0.057761,0.048498,0,0.000804,0.023489,0.003993,0.007067,0.0,0.537055,0.004857,0.001294,0.003186,0.00655,0.032755,0.106263,0.030534,0.111573,0.068677,0.176672,0.042495,0,0.150562,0.090598,0.110867,0.196507,0.109398,0,0,0,0,0,0,0,0,0,0,0,0
59,3380,3702,1398,3926,2082,1135,3535,2038,1974,4178,4466,31814,1178,560,83,1067,699,84,165,305,217,1270,1739,7367,143,167,699,701,176,131,73,436,274,631,1300,4731,1539,646,144,1317,897,137,810,757,240,1524,1888,9899,58,85,59,233,57,11,39,613,52,402,74,1683,1062,2155,1446,3254,2474,481,1650,1999,1425,4016,3926,23888,290,446,254,246,238,46,1011,140,89,2014,1146,5920,4,54,1,25,8,2,1,2,4,44,15,160,2206,1866,511,2495,959,502,576,1206,944,2753,1961,15979,2190,2048,614,3037,598,562,1838,1957,388,4583,5044,22859,0,100,0,0,0,0,0,0,1,145,95,341,0,3,11,4,5,0,235,2,0,5,11,276,65,38,90,95,86,23,0,63,64,153,318,995,0,0,0,0,0,0,0,0,0,0,0,0,4.327342,2.974617,1.641886,3.135182,3.678315,1.929255,7.943463,4.949125,2.554877,2.662079,2.659394,3.130723,1.508168,0.449969,0.09748,0.852073,1.234939,0.142782,0.37077,0.740669,0.280855,0.809201,1.035532,0.724965,0.18308,0.134187,0.820943,0.559797,0.310943,0.222672,0.164038,1.058792,0.354628,0.402052,0.774118,0.465564,1.970349,0.519071,0.169121,1.051715,1.58475,0.23287,1.820143,1.838316,0.310623,0.971041,1.124258,0.974132,0.074256,0.068299,0.069293,0.186067,0.100703,0.018698,0.087637,1.488623,0.067302,0.256141,0.044065,0.165619,1.359656,1.731577,1.698259,2.598543,4.37087,0.817596,3.707699,4.854416,1.844326,2.558858,2.337837,2.350748,0.371281,0.358368,0.298311,0.196448,0.42048,0.07819,2.271808,0.339979,0.115189,1.283252,0.682415,0.58257,0.005121,0.04339,0.001174,0.019964,0.014134,0.0034,0.002247,0.004857,0.005177,0.028035,0.008932,0.015745,2.824295,1.499361,0.600146,1.99243,1.694286,0.853292,1.294324,2.928677,1.221785,1.754118,1.167728,1.572447,2.80381,1.645601,0.721114,2.425254,1.0565,0.955279,4.130151,4.752422,0.502174,2.920131,3.003579,2.249488,0.0,0.080352,0.0,0.0,0.0,0,0,0,0.001294,0.092389,0.05657,0.064756,0,0.002411,0.012919,0.003194,0.008834,0.0,0.528066,0.004857,0.0,0.003186,0.00655,0.034415,0.083218,0.030534,0.105701,0.075864,0.151938,0.039095,0,0.152991,0.082833,0.097486,0.189361,0.102399,0,0,0,0,0,0,0,0,0,0,0,0
60,3288,3620,1361,3883,2029,1180,3487,2023,1879,4070,4380,31200,1152,532,104,1045,689,77,161,298,199,1267,1726,7250,150,152,698,691,169,128,71,418,271,633,1260,4641,1528,624,128,1300,872,153,788,763,263,1501,1834,9754,61,99,79,235,56,8,44,586,49,384,70,1671,1014,2001,1401,3226,2429,487,1611,1971,1396,3999,3904,23439,291,434,267,255,229,52,995,142,97,2031,1096,5889,2,41,3,22,6,1,1,2,0,43,21,142,2226,1865,514,2554,937,522,556,1196,987,2749,1939,16045,2106,1924,652,3000,599,592,1805,1923,385,4585,4980,22551,0,84,0,1,0,0,0,0,2,147,104,338,0,1,12,4,3,0,230,2,1,11,11,275,70,36,84,80,83,21,0,63,64,167,293,961,0,0,0,0,0,0,0,0,0,0,0,0,4.209556,2.908729,1.598431,3.100843,3.584679,2.005745,7.835603,4.912698,2.431922,2.593265,2.608183,3.070301,1.474881,0.427471,0.122143,0.834505,1.217271,0.130883,0.361781,0.72367,0.257559,0.807289,1.027791,0.713451,0.192042,0.122134,0.819768,0.551811,0.298576,0.217572,0.159543,1.015081,0.350745,0.403326,0.750299,0.456707,1.956266,0.501394,0.15033,1.03814,1.540582,0.260067,1.770707,1.852886,0.340391,0.956386,1.092102,0.959863,0.078097,0.079548,0.092782,0.187664,0.098936,0.013598,0.098872,1.423055,0.063419,0.244672,0.041683,0.164438,1.298202,1.607836,1.645409,2.576183,4.291368,0.827795,3.620062,4.78642,1.806792,2.548026,2.324737,2.306564,0.372561,0.348726,0.313579,0.203635,0.404579,0.088389,2.235855,0.344836,0.125544,1.294084,0.652641,0.579519,0.002561,0.032944,0.003523,0.017569,0.0106,0.0017,0.002247,0.004857,0.0,0.027398,0.012505,0.015124,2.8499,1.498558,0.603669,2.039545,1.655419,0.887287,1.249382,2.904393,1.277438,1.751569,1.154627,1.578942,2.696267,1.545965,0.765744,2.395707,1.058266,1.006272,4.055997,4.669856,0.498292,2.921406,2.965468,2.219178,0.0,0.067495,0.0,0.000799,0.0,0,0,0,0.002589,0.093663,0.061929,0.051855,0,0.000804,0.014093,0.003194,0.0053,0.0,0.516831,0.004857,0.001294,0.007009,0.00655,0.031277,0.08962,0.028927,0.098654,0.063886,0.146638,0.035695,0,0.152991,0.082833,0.106407,0.174474,0.0989,0,0,0,0,0,0,0,0,0,0,0,0
61,3236,3568,1315,3857,2005,1109,3429,2024,1891,4056,4319,30809,1176,536,77,1019,679,81,156,287,231,1254,1720,7216,138,151,691,695,163,154,66,423,241,610,1218,4550,1469,644,166,1282,851,139,775,759,265,1468,1757,9575,52,80,59,216,57,5,42,585,57,365,65,1583,1022,2073,1368,3206,2390,487,1567,1975,1343,3900,3791,23122,297,466,231,240,221,62,986,147,84,2057,1138,5929,0,50,1,24,7,2,1,2,0,43,18,148,2186,1838,511,2579,950,555,569,1172,939,2700,1960,15959,2061,1938,646,2962,597,634,1739,1908,371,4459,4900,22215,0,83,1,2,0,0,0,0,3,149,98,336,0,2,17,5,5,0,231,2,2,5,12,281,71,35,90,78,92,19,0,61,76,167,314,1003,0,0,0,0,0,0,0,0,0,0,0,0,4.142982,2.866946,1.544406,3.08008,3.542278,1.885061,7.705272,4.915127,2.447453,2.584345,2.571859,3.031824,1.505608,0.430685,0.090433,0.813742,1.199604,0.137683,0.350546,0.696957,0.298975,0.799006,1.024218,0.710106,0.176678,0.121331,0.811547,0.555005,0.287976,0.261767,0.148308,1.027223,0.311918,0.388671,0.725289,0.447752,1.880729,0.517464,0.194959,1.023765,1.50348,0.23627,1.741495,1.843172,0.34298,0.93536,1.046251,0.942248,0.066574,0.064281,0.069293,0.172491,0.100703,0.008499,0.094378,1.420627,0.073773,0.232566,0.038706,0.155778,1.308445,1.665689,1.606652,2.560212,4.222466,0.827795,3.52119,4.796134,1.738196,2.484947,2.257448,2.275369,0.380243,0.374439,0.271299,0.191657,0.390446,0.105387,2.215631,0.356978,0.108718,1.31065,0.677651,0.583456,0.0,0.040176,0.001174,0.019166,0.012367,0.0034,0.002247,0.004857,0.0,0.027398,0.010719,0.017193,2.798689,1.476863,0.600146,2.059509,1.678386,0.94338,1.278594,2.846111,1.215314,1.720348,1.167132,1.570479,2.638654,1.557214,0.758697,2.365361,1.054733,1.077663,3.90769,4.63343,0.480172,2.841123,2.91783,2.186113,0.0,0.066692,0.001174,0.001597,0.0,0,0,0,0.003883,0.094938,0.058357,0.045592,0,0.001607,0.019966,0.003993,0.008834,0.0,0.519078,0.004857,0.002589,0.003186,0.007146,0.031959,0.0909,0.028123,0.105701,0.062288,0.162538,0.032296,0,0.148134,0.098364,0.106407,0.186979,0.103223,0,0,0,0,0,0,0,0,0,0,0,0
62,3214,3518,1384,3677,1950,1074,3375,1956,1832,3939,4280,30199,1122,511,79,1022,671,84,148,280,181,1218,1713,7029,135,149,722,688,153,142,64,435,241,610,1223,4562,1408,596,136,1277,815,130,761,757,234,1435,1825,9374,60,92,58,207,49,10,41,572,52,368,63,1572,972,1944,1298,3204,2355,477,1508,1919,1299,3821,3709,22506,286,485,247,238,228,56,981,138,86,1984,1118,5847,4,45,1,28,5,2,1,2,5,50,20,163,2113,1840,546,2514,940,523,571,1129,951,2726,1914,15767,2035,1909,684,2932,592,592,1730,1884,405,4450,4851,22064,1,82,0,0,0,0,0,0,1,148,100,332,0,2,16,6,3,0,232,2,0,8,11,280,67,37,91,74,92,19,0,59,64,170,307,980,0,0,0,0,0,0,0,0,0,0,0,0,4.114815,2.82677,1.625443,2.936338,3.445108,1.825568,7.583929,4.749994,2.371091,2.509796,2.548635,2.971796,1.436473,0.410597,0.092782,0.816137,1.18547,0.142782,0.332569,0.679958,0.234262,0.776068,1.02005,0.691703,0.172838,0.119724,0.847955,0.549415,0.270308,0.241369,0.143814,1.056364,0.311918,0.388671,0.728267,0.448933,1.802632,0.478896,0.159726,1.019773,1.439878,0.220972,1.710036,1.838316,0.302858,0.914333,1.086743,0.922468,0.076817,0.073923,0.068118,0.165304,0.086569,0.016998,0.092131,1.389058,0.067302,0.234477,0.037515,0.154696,1.244431,1.562035,1.52444,2.558615,4.16063,0.810797,3.388612,4.660142,1.681249,2.434611,2.208619,2.21475,0.36616,0.389705,0.29009,0.190059,0.402813,0.095188,2.204395,0.335122,0.111307,1.264137,0.665742,0.575386,0.005121,0.036158,0.001174,0.02236,0.008834,0.0034,0.002247,0.004857,0.006471,0.031858,0.01191,0.01604,2.705229,1.47847,0.641251,2.007602,1.660719,0.888987,1.283088,2.741689,1.230845,1.736914,1.13974,1.551585,2.605367,1.533912,0.803326,2.341404,1.045899,1.006272,3.887466,4.575148,0.524177,2.835388,2.888652,2.171254,0.00128,0.065888,0.0,0.0,0.0,0,0,0,0.001294,0.094301,0.059548,0.054903,0,0.001607,0.018791,0.004791,0.0053,0.0,0.521325,0.004857,0.0,0.005097,0.00655,0.034913,0.085779,0.02973,0.106875,0.059094,0.162538,0.032296,0,0.143277,0.082833,0.108318,0.182811,0.100856,0,0,0,0,0,0,0,0,0,0,0,0
63,3137,3456,1259,3644,1917,1081,3292,1947,1820,3834,4214,29601,1113,521,99,1010,665,75,148,289,229,1187,1667,7003,133,138,692,696,169,131,69,428,241,600,1201,4498,1411,578,151,1272,805,143,740,746,227,1427,1755,9255,51,67,70,199,55,6,39,570,49,356,65,1527,994,1945,1360,3136,2341,451,1496,1895,1323,3833,3729,22503,308,467,264,215,227,55,976,140,79,1944,1096,5771,3,54,1,27,6,0,1,3,4,53,16,168,2063,1808,501,2484,911,525,558,1160,878,2714,1987,15589,2007,1974,618,2932,554,603,1707,1839,410,4377,4800,21821,1,75,0,1,0,0,0,0,0,156,96,329,0,1,16,3,6,0,229,2,1,8,11,277,62,47,90,92,84,20,0,53,64,158,297,967,0,0,0,0,0,0,0,0,0,0,0,0,4.016234,2.776952,1.478637,2.909985,3.386806,1.837467,7.39742,4.728138,2.35556,2.442894,2.509334,2.912948,1.42495,0.418632,0.116271,0.806555,1.17487,0.127484,0.332569,0.701814,0.296386,0.756316,0.992658,0.689145,0.170277,0.110885,0.812722,0.555804,0.298576,0.222672,0.155049,1.039365,0.311918,0.3823,0.715166,0.442635,1.806473,0.464432,0.177342,1.01578,1.422211,0.243069,1.662847,1.811603,0.293798,0.909236,1.04506,0.910758,0.065294,0.053836,0.082212,0.158915,0.09717,0.010199,0.087637,1.384201,0.063419,0.226831,0.038706,0.150268,1.272597,1.562839,1.597256,2.504312,4.135896,0.766603,3.361647,4.60186,1.712311,2.442257,2.220528,2.214455,0.394326,0.375242,0.310056,0.171692,0.401046,0.093488,2.19316,0.339979,0.102247,1.23865,0.652641,0.567907,0.003841,0.04339,0.001174,0.021561,0.0106,0.0,0.002247,0.007285,0.005177,0.03377,0.009528,0.017548,2.641215,1.452757,0.588401,1.983645,1.609484,0.892387,1.253876,2.81697,1.136364,1.729268,1.18321,1.534068,2.569519,1.586141,0.725812,2.341404,0.978764,1.02497,3.835783,4.465869,0.530648,2.788875,2.858283,2.147341,0.00128,0.060264,0.0,0.000799,0.0,0,0,0,0.0,0.099398,0.057166,0.050409,0,0.000804,0.018791,0.002396,0.0106,0.0,0.514584,0.004857,0.001294,0.005097,0.00655,0.031504,0.079377,0.037765,0.105701,0.073468,0.148405,0.033996,0,0.128706,0.082833,0.100672,0.176856,0.099518,0,0,0,0,0,0,0,0,0,0,0,0
64,3096,3298,1245,3621,1907,1118,3222,1896,1779,3817,4100,29099,1101,512,79,985,659,94,141,282,190,1156,1659,6858,141,136,645,700,190,123,67,439,232,637,1158,4468,1399,538,159,1222,780,157,743,736,244,1390,1713,9081,48,79,44,199,56,6,38,572,57,376,57,1532,939,1913,1319,3143,2303,463,1484,1884,1311,3702,3665,22126,292,442,228,266,227,62,965,144,84,1964,1107,5781,1,50,0,23,8,4,2,2,1,44,16,151,2050,1801,491,2504,909,534,563,1126,931,2665,1924,15498,1956,1859,637,2897,545,575,1668,1815,376,4314,4753,21395,1,83,0,0,0,0,0,0,3,145,94,326,0,1,12,2,5,0,224,2,1,8,10,265,56,37,71,94,93,22,0,61,78,160,312,984,0,0,0,0,0,0,0,0,0,0,0,0,3.963743,2.649996,1.462194,2.891618,3.369139,1.900359,7.240124,4.604289,2.302495,2.432062,2.44145,2.863548,1.409587,0.4114,0.092782,0.78659,1.16427,0.15978,0.31684,0.684815,0.24591,0.736564,0.987894,0.674876,0.180519,0.109278,0.757522,0.558998,0.335677,0.209073,0.150555,1.066077,0.300269,0.405875,0.689561,0.439683,1.79111,0.432292,0.186738,0.975851,1.378043,0.266866,1.669588,1.787319,0.3158,0.885661,1.02005,0.893635,0.061453,0.063478,0.051676,0.158915,0.098936,0.010199,0.085389,1.389058,0.073773,0.239574,0.033942,0.15076,1.202182,1.537126,1.549104,2.509902,4.068761,0.787,3.334682,4.575148,1.69678,2.358788,2.182418,2.177355,0.373841,0.355154,0.267775,0.212419,0.401046,0.105387,2.168442,0.349693,0.108718,1.251394,0.659191,0.568891,0.00128,0.040176,0.0,0.018367,0.014134,0.006799,0.004494,0.004857,0.001294,0.028035,0.009528,0.016218,2.624571,1.447133,0.576657,1.999617,1.60595,0.907685,1.265112,2.734403,1.20496,1.698047,1.145695,1.525113,2.504225,1.493737,0.748127,2.313454,0.962864,0.977376,3.748146,4.407586,0.486643,2.748734,2.830295,2.10542,0.00128,0.066692,0.0,0.0,0.0,0,0,0,0.003883,0.092389,0.055975,0.053911,0,0.000804,0.014093,0.001597,0.008834,0.0,0.503348,0.004857,0.001294,0.005097,0.005955,0.030139,0.071696,0.02973,0.083386,0.075065,0.164305,0.037395,0,0.148134,0.100953,0.101947,0.185788,0.101267,0,0,0,0,0,0,0,0,0,0,0,0
65,3005,3287,1235,3514,1845,1056,3165,1852,1757,3719,4020,28455,1078,472,76,960,644,82,132,291,181,1139,1624,6679,122,117,654,658,193,112,66,413,225,617,1142,4319,1364,555,154,1227,770,146,728,716,229,1345,1682,8916,49,96,63,207,51,11,37,563,54,374,57,1562,936,1923,1291,3071,2242,441,1456,1798,1329,3626,3575,21688,300,458,256,243,221,57,953,151,92,1946,1090,5767,1,55,1,18,7,5,1,2,2,48,18,158,2069,1796,499,2398,909,516,543,1141,962,2543,1941,15317,1905,1917,662,2799,537,581,1643,1826,400,4260,4715,21245,0,89,2,0,0,0,0,0,5,159,101,356,0,1,10,1,5,0,217,2,0,7,7,250,63,27,84,101,88,22,0,55,61,147,314,962,0,0,0,0,0,0,0,0,0,0,0,0,3.847237,2.641158,1.45045,2.806171,3.259602,1.794972,7.11204,4.497438,2.274022,2.36962,2.393812,2.800174,1.38014,0.37926,0.089258,0.766626,1.137769,0.139382,0.296616,0.706671,0.234262,0.725732,0.967052,0.657261,0.156194,0.094011,0.768092,0.525458,0.340977,0.190376,0.148308,1.002938,0.291209,0.393131,0.680033,0.42502,1.7463,0.445951,0.180866,0.979844,1.360376,0.248168,1.635882,1.73875,0.296386,0.856988,1.00159,0.877398,0.062734,0.077138,0.073991,0.165304,0.090103,0.018698,0.083142,1.367202,0.06989,0.2383,0.033942,0.153712,1.198341,1.545162,1.516219,2.452405,3.960991,0.749605,3.271763,4.366303,1.720077,2.310364,2.128825,2.134253,0.384084,0.36801,0.30066,0.194052,0.390446,0.096888,2.141477,0.366692,0.119072,1.239925,0.649068,0.567514,0.00128,0.044193,0.001174,0.014374,0.012367,0.008499,0.002247,0.004857,0.002589,0.030584,0.010719,0.015548,2.648896,1.443115,0.586052,1.914968,1.60595,0.877089,1.22017,2.77083,1.245082,1.620313,1.155818,1.507301,2.438931,1.540341,0.777488,2.235195,0.94873,0.987575,3.691969,4.434299,0.517706,2.714327,2.807667,2.090659,0.0,0.071513,0.002349,0.0,0.0,0,0,0,0.006471,0.101309,0.060143,0.058195,0,0.000804,0.011745,0.000799,0.008834,0.0,0.487619,0.004857,0.0,0.00446,0.004168,0.031173,0.080658,0.021695,0.098654,0.080655,0.155472,0.037395,0,0.133563,0.07895,0.093663,0.186979,0.099003,0,0,0,0,0,0,0,0,0,0,0,0
66,2960,3256,1216,3493,1803,1025,3101,1806,1758,3738,3924,28080,1059,482,81,941,630,79,131,284,199,1113,1559,6558,132,127,665,630,172,113,62,408,224,607,1058,4198,1293,554,162,1228,752,132,720,697,260,1329,1618,8745,50,85,54,207,51,12,38,550,63,362,61,1533,950,1870,1342,3049,2229,486,1414,1769,1286,3590,3532,21517,312,500,252,264,217,57,937,152,83,1877,1078,5729,3,49,0,24,7,1,1,2,2,37,20,146,2029,1795,527,2396,907,491,555,1111,953,2612,1917,15293,1883,1865,634,2797,517,567,1619,1774,401,4182,4616,20855,1,92,3,0,0,0,0,0,0,158,91,345,0,2,11,5,4,0,221,2,2,8,9,264,60,31,75,80,84,18,0,53,56,164,314,935,0,0,0,0,0,0,0,0,0,0,0,0,3.789625,2.616249,1.428135,2.789401,3.1854,1.742279,6.968226,4.385731,2.275316,2.381726,2.336646,2.763271,1.355815,0.387295,0.095131,0.751453,1.113035,0.134283,0.294369,0.689672,0.257559,0.709166,0.928346,0.645354,0.168997,0.102047,0.781011,0.503098,0.303876,0.192076,0.13932,0.990796,0.289915,0.38676,0.630013,0.413113,1.6554,0.445148,0.190261,0.980643,1.328575,0.224372,1.617905,1.69261,0.336509,0.846793,0.963479,0.86057,0.064014,0.068299,0.06342,0.165304,0.090103,0.020397,0.085389,1.335632,0.081539,0.230654,0.036324,0.150858,1.216265,1.502575,1.576116,2.434837,3.938023,0.826095,3.177385,4.295879,1.664423,2.287426,2.10322,2.117425,0.399447,0.401758,0.295962,0.210822,0.383379,0.096888,2.105523,0.36912,0.107424,1.19596,0.641923,0.563774,0.003841,0.039372,0.0,0.019166,0.012367,0.0017,0.002247,0.004857,0.002589,0.023575,0.01191,0.015681,2.597685,1.442312,0.618937,1.913371,1.602417,0.834594,1.247135,2.697977,1.233433,1.664277,1.141527,1.50494,2.410765,1.498558,0.744603,2.233597,0.913395,0.963778,3.638039,4.308021,0.519,2.664628,2.748715,2.05228,0.00128,0.073923,0.003523,0.0,0.0,0,0,0,0.0,0.100672,0.054188,0.056319,0,0.001607,0.012919,0.003993,0.007067,0.0,0.496607,0.004857,0.002589,0.005097,0.005359,0.030026,0.076817,0.024909,0.088084,0.063886,0.148405,0.030596,0,0.128706,0.072479,0.104495,0.186979,0.096225,0,0,0,0,0,0,0,0,0,0,0,0
67,2905,3187,1241,3403,1751,993,3079,1800,1734,3629,3934,27656,1075,469,84,937,630,80,127,272,189,1109,1558,6530,118,134,643,622,160,123,65,392,240,577,1110,4184,1314,555,144,1193,753,133,707,683,234,1293,1610,8619,50,75,53,205,50,8,41,531,63,346,57,1479,915,1806,1286,2970,2123,490,1404,1757,1345,3500,3411,21007,280,453,246,242,216,41,922,152,89,1890,1063,5594,3,49,0,21,8,2,1,2,7,47,12,152,2023,1757,530,2374,872,508,552,1101,898,2604,1895,15114,1850,1864,629,2751,505,543,1570,1753,415,4136,4562,20578,1,79,2,2,0,0,0,0,3,157,111,355,0,0,13,7,5,0,218,2,0,9,9,263,55,36,68,93,85,22,0,57,58,138,292,904,0,0,0,0,0,0,0,0,0,0,0,0,3.719209,2.560806,1.457497,2.71753,3.09353,1.687886,6.91879,4.37116,2.244253,2.312275,2.342601,2.721546,1.376299,0.376849,0.098654,0.748259,1.113035,0.135983,0.28538,0.660531,0.244616,0.706617,0.927751,0.642598,0.151073,0.107671,0.755173,0.49671,0.282676,0.209073,0.146061,0.951942,0.310623,0.367645,0.660978,0.411735,1.682286,0.445951,0.169121,0.952693,1.330342,0.226071,1.588693,1.658612,0.302858,0.823855,0.958716,0.848171,0.064014,0.060264,0.062246,0.163707,0.088336,0.013598,0.092131,1.289492,0.081539,0.220459,0.033942,0.145544,1.171455,1.45115,1.510347,2.37175,3.750751,0.832894,3.154914,4.266738,1.740785,2.230081,2.031167,2.067238,0.358478,0.363993,0.288916,0.193254,0.381612,0.069691,2.071817,0.36912,0.115189,1.204244,0.632991,0.550489,0.003841,0.039372,0.0,0.01677,0.014134,0.0034,0.002247,0.004857,0.00906,0.029947,0.007146,0.016326,2.590004,1.411778,0.62246,1.895803,1.540582,0.86349,1.240394,2.673693,1.162249,1.65918,1.128426,1.487325,2.368515,1.497754,0.738731,2.196863,0.892195,0.922983,3.527931,4.257024,0.537119,2.635318,2.71656,2.025021,0.00128,0.063478,0.002349,0.001597,0.0,0,0,0,0.003883,0.100035,0.066098,0.043554,0,0.0,0.015268,0.00559,0.008834,0.0,0.489866,0.004857,0.0,0.005734,0.005359,0.038817,0.070415,0.028927,0.079863,0.074267,0.150171,0.037395,0,0.13842,0.075067,0.087929,0.173879,0.093034,0,0,0,0,0,0,0,0,0,0,0,0
68,2927,3104,1195,3336,1771,955,3018,1777,1795,3587,3798,27263,1013,457,85,909,616,79,129,266,219,1070,1531,6374,125,115,646,611,153,133,62,386,228,573,1074,4106,1307,513,178,1183,747,133,700,707,249,1319,1602,8638,45,82,62,177,46,5,33,530,61,333,49,1423,928,1745,1203,2908,2149,439,1406,1747,1228,3488,3415,20656,274,429,242,244,211,48,912,152,90,1884,1065,5551,2,41,2,22,7,3,1,2,1,45,16,142,1983,1723,495,2359,887,490,542,1100,908,2587,1861,14935,1908,1782,609,2677,502,553,1569,1756,435,4121,4510,20422,1,83,1,0,0,0,0,0,5,153,104,347,0,1,14,5,4,0,211,2,0,9,10,256,55,38,70,85,84,20,0,51,61,149,299,912,0,0,0,0,0,0,0,0,0,0,0,0,3.747375,2.494114,1.403472,2.664026,3.128865,1.623294,6.781718,4.315306,2.323204,2.285514,2.261616,2.682872,1.296922,0.367207,0.099829,0.725899,1.088301,0.134283,0.289875,0.64596,0.283444,0.681767,0.911673,0.627247,0.160035,0.092404,0.758697,0.487926,0.270308,0.226071,0.13932,0.937371,0.295092,0.365096,0.639541,0.404059,1.673324,0.412204,0.209053,0.944707,1.319741,0.226071,1.572963,1.716895,0.322272,0.840422,0.953952,0.85004,0.057613,0.065888,0.072816,0.141347,0.081269,0.008499,0.074154,1.287064,0.07895,0.212176,0.029178,0.140033,1.188099,1.402136,1.412867,2.322239,3.796686,0.746205,3.159409,4.242454,1.589356,2.222435,2.033549,2.032697,0.350796,0.344708,0.284218,0.194851,0.372778,0.08159,2.049346,0.36912,0.116484,1.200421,0.634181,0.546258,0.002561,0.032944,0.002349,0.017569,0.012367,0.005099,0.002247,0.004857,0.001294,0.028672,0.009528,0.013974,2.538792,1.384458,0.581354,1.883824,1.567082,0.832894,1.217923,2.671264,1.175192,1.648348,1.10818,1.46971,2.442772,1.431866,0.715242,2.137769,0.886894,0.939981,3.525684,4.264309,0.563005,2.625761,2.685595,2.009669,0.00128,0.066692,0.001174,0.0,0.0,0,0,0,0.006471,0.097486,0.061929,0.050301,0,0.000804,0.016442,0.003993,0.007067,0.0,0.474136,0.004857,0.0,0.005734,0.005955,0.031921,0.070415,0.030534,0.082212,0.067878,0.148405,0.033996,0,0.12385,0.07895,0.094938,0.178047,0.093858,0,0,0,0,0,0,0,0,0,0,0,0
69,2871,3078,1169,3310,1735,957,2956,1740,1699,3503,3863,26881,1018,451,99,884,612,76,128,273,183,1018,1504,6246,130,117,610,617,147,104,66,393,240,546,1037,4007,1279,495,153,1195,736,133,691,695,210,1274,1584,8445,49,72,53,177,42,13,32,527,50,344,49,1408,921,1793,1208,2947,2101,430,1394,1705,1255,3444,3307,20505,263,434,216,236,210,45,917,143,79,1866,1075,5484,3,52,1,29,8,3,1,1,2,44,23,167,2000,1760,494,2272,838,497,552,1074,908,2522,1849,14766,1824,1732,587,2691,501,564,1517,1730,382,4080,4532,20140,0,75,0,0,0,0,0,0,2,164,107,348,0,1,10,2,3,0,214,2,0,11,9,252,54,29,71,85,78,17,0,58,71,154,294,911,0,0,0,0,0,0,0,0,0,0,0,0,3.67568,2.473223,1.372936,2.643263,3.065263,1.626693,6.642398,4.225455,2.198954,2.231992,2.300322,2.645281,1.303324,0.362386,0.116271,0.705935,1.081234,0.129184,0.287628,0.662959,0.23685,0.648635,0.895595,0.614651,0.166436,0.094011,0.716417,0.492717,0.259708,0.176778,0.148308,0.95437,0.310623,0.347893,0.617508,0.394317,1.637476,0.397741,0.179691,0.95429,1.300307,0.226071,1.552739,1.687753,0.271795,0.811749,0.943233,0.831048,0.062734,0.057853,0.062246,0.141347,0.074202,0.022097,0.071907,1.279779,0.064713,0.219185,0.029178,0.138557,1.179137,1.440705,1.41874,2.353383,3.711883,0.730907,3.132443,4.14046,1.624301,2.194399,1.969238,2.017837,0.336713,0.348726,0.253682,0.188462,0.371012,0.07649,2.060582,0.347264,0.102247,1.188952,0.640136,0.539664,0.003841,0.041783,0.001174,0.023158,0.014134,0.005099,0.002247,0.002428,0.002589,0.028035,0.013696,0.016434,2.560557,1.414188,0.58018,1.814349,1.480513,0.844793,1.240394,2.608126,1.175192,1.606932,1.101034,1.453079,2.335228,1.39169,0.689404,2.148949,0.885128,0.958678,3.408836,4.20117,0.494409,2.599637,2.698695,1.981919,0.0,0.060264,0.0,0.0,0.0,0,0,0,0.002589,0.104495,0.063716,0.066085,0,0.000804,0.011745,0.001597,0.0053,0.0,0.480877,0.004857,0.0,0.007009,0.005359,0.031422,0.069135,0.023302,0.083386,0.067878,0.137804,0.028896,0,0.140848,0.091893,0.098124,0.17507,0.093755,0,0,0,0,0,0,0,0,0,0,0,0
70,2827,3012,1192,3211,1690,974,2944,1756,1668,3492,3743,26509,1016,468,104,876,590,82,129,265,216,1007,1467,6220,114,114,642,613,147,108,66,386,229,526,1071,4016,1275,515,147,1195,712,139,680,679,235,1234,1533,8344,44,83,54,187,37,3,33,526,52,311,52,1382,898,1732,1192,2841,2113,436,1386,1744,1222,3376,3277,20217,256,419,252,229,212,49,903,155,73,1866,1059,5473,2,40,1,26,8,2,1,1,0,38,21,140,1968,1716,525,2250,853,509,555,1094,882,2518,1865,14735,1857,1779,577,2668,481,537,1548,1747,424,4095,4520,20233,1,86,1,0,0,0,0,0,1,152,99,340,0,0,12,3,2,0,216,2,1,6,10,252,54,38,71,85,80,19,0,60,74,164,301,946,0,0,0,0,0,0,0,0,0,0,0,0,3.619348,2.420191,1.399948,2.564205,2.98576,1.65559,6.615433,4.264309,2.158832,2.224983,2.228865,2.608673,1.300763,0.376046,0.122143,0.699546,1.042366,0.139382,0.289875,0.643532,0.279561,0.641626,0.873563,0.612092,0.145952,0.091601,0.753999,0.489523,0.259708,0.183577,0.148308,0.937371,0.296386,0.335149,0.637754,0.395203,1.632355,0.413811,0.172645,0.95429,1.257906,0.23627,1.528021,1.648899,0.304152,0.786263,0.912864,0.821109,0.056332,0.066692,0.06342,0.149332,0.065369,0.005099,0.074154,1.27735,0.067302,0.198159,0.030965,0.135999,1.14969,1.39169,1.399948,2.268734,3.733084,0.741106,3.114467,4.235168,1.58159,2.151072,1.951373,1.989496,0.327751,0.336673,0.295962,0.182872,0.374545,0.083289,2.029122,0.376405,0.094481,1.188952,0.630609,0.538582,0.002561,0.032141,0.001174,0.020763,0.014134,0.0034,0.002247,0.002428,0.0,0.024212,0.012505,0.014911,2.519588,1.378834,0.616588,1.79678,1.507014,0.86519,1.247135,2.656694,1.141541,1.604384,1.110562,1.450028,2.377477,1.429455,0.67766,2.130582,0.849793,0.912784,3.478495,4.242454,0.548768,2.609194,2.69155,1.991071,0.00128,0.069102,0.001174,0.0,0.0,0,0,0,0.001294,0.096849,0.058952,0.049286,0,0.0,0.014093,0.002396,0.003533,0.0,0.485371,0.004857,0.001294,0.003823,0.005955,0.033387,0.069135,0.030534,0.083386,0.067878,0.141338,0.032296,0,0.145705,0.095776,0.104495,0.179238,0.097357,0,0,0,0,0,0,0,0,0,0,0,0
71,2821,2983,1151,3178,1667,962,2896,1730,1692,3488,3736,26304,1015,457,91,869,594,55,127,271,201,987,1485,6152,122,106,595,608,145,114,66,361,225,531,1048,3921,1256,504,152,1159,693,125,662,663,220,1264,1532,8230,49,83,53,193,41,10,31,517,48,302,54,1381,884,1772,1218,2813,2099,440,1370,1710,1200,3332,3251,20089,271,428,204,240,214,41,899,165,82,1871,1063,5478,3,46,0,24,7,2,0,2,1,37,23,145,1930,1709,458,2257,837,460,555,1102,884,2490,1822,14504,1823,1776,574,2626,473,501,1515,1736,406,4060,4370,19860,1,80,1,2,0,0,0,0,2,152,103,341,0,1,8,4,5,0,211,2,0,8,10,249,58,30,73,79,79,15,0,58,68,149,289,898,0,0,0,0,0,0,0,0,0,0,0,0,3.611666,2.396889,1.351796,2.537852,2.945126,1.635192,6.507573,4.20117,2.189894,2.222435,2.224697,2.5885,1.299483,0.367207,0.106875,0.693956,1.049433,0.093488,0.28538,0.658102,0.260147,0.628883,0.884281,0.6054,0.156194,0.085173,0.6988,0.48553,0.256175,0.193775,0.148308,0.87666,0.291209,0.338335,0.624058,0.385854,1.60803,0.404972,0.178517,0.925541,1.224338,0.212473,1.487574,1.610044,0.284738,0.805378,0.912269,0.80989,0.062734,0.066692,0.062246,0.154124,0.072436,0.016998,0.06966,1.255494,0.062125,0.192424,0.032156,0.1359,1.131766,1.423831,1.430484,2.246374,3.70835,0.747905,3.078513,4.152602,1.553117,2.123037,1.935891,1.9769,0.346955,0.343905,0.239588,0.191657,0.378079,0.069691,2.020134,0.40069,0.10613,1.192137,0.632991,0.539074,0.003841,0.036962,0.0,0.019166,0.012367,0.0034,0.0,0.004857,0.001294,0.023575,0.013696,0.016356,2.470938,1.373209,0.5379,1.80237,1.478746,0.781901,1.247135,2.676121,1.144129,1.586543,1.084957,1.427296,2.333948,1.427045,0.674136,2.097042,0.83566,0.851592,3.404341,4.215741,0.525471,2.586893,2.602228,1.954365,0.00128,0.064281,0.001174,0.001597,0.0,0,0,0,0.002589,0.096849,0.061334,0.041837,0,0.000804,0.009396,0.003194,0.008834,0.0,0.474136,0.004857,0.0,0.005097,0.005955,0.031048,0.074256,0.024105,0.085735,0.063087,0.139571,0.025497,0,0.140848,0.08801,0.094938,0.172092,0.092417,0,0,0,0,0,0,0,0,0,0,0,0
72,2743,2975,1099,3161,1669,921,2844,1693,1577,3392,3638,25712,984,463,84,862,591,67,121,280,179,982,1489,6102,113,110,540,570,132,113,61,365,217,495,1015,3731,1252,474,143,1142,697,143,642,657,228,1247,1512,8137,48,73,53,174,42,6,31,528,55,307,51,1368,894,1692,1137,2796,2101,434,1360,1689,1224,3368,3229,19924,280,408,198,225,212,44,911,156,66,1864,1032,5396,4,48,1,26,8,2,1,4,3,40,23,160,1980,1673,476,2190,833,494,558,1089,891,2518,1806,14508,1796,1705,550,2664,466,515,1455,1708,392,4042,4322,19615,1,81,0,1,0,0,0,0,2,150,112,347,0,1,9,3,3,0,208,2,1,6,10,243,67,39,66,75,83,21,0,53,59,166,276,905,0,0,0,0,0,0,0,0,0,0,0,0,3.511804,2.390461,1.290724,2.524276,2.948659,1.565501,6.390724,4.111319,2.041054,2.161267,2.16634,2.530243,1.259794,0.372028,0.098654,0.688366,1.044133,0.113886,0.271898,0.679958,0.231673,0.625697,0.886663,0.60048,0.144671,0.088387,0.634205,0.455184,0.233207,0.192076,0.137072,0.886374,0.280855,0.315397,0.604408,0.367157,1.602909,0.380867,0.167947,0.911966,1.231405,0.243069,1.442632,1.595473,0.295092,0.794546,0.900359,0.800738,0.061453,0.058657,0.062246,0.138951,0.074202,0.010199,0.06966,1.282207,0.071185,0.19561,0.030369,0.134621,1.144569,1.359549,1.335353,2.232799,3.711883,0.737706,3.056042,4.101605,1.584179,2.145975,1.922791,1.960663,0.358478,0.327835,0.232542,0.179678,0.374545,0.074791,2.047099,0.378834,0.085421,1.187677,0.614531,0.531005,0.005121,0.038569,0.001174,0.020763,0.014134,0.0034,0.002247,0.009714,0.003883,0.025487,0.013696,0.015745,2.534952,1.344283,0.55904,1.748866,1.471679,0.839693,1.253876,2.644552,1.153189,1.604384,1.075429,1.42769,2.29938,1.369995,0.645949,2.127388,0.823292,0.875389,3.269516,4.147745,0.507351,2.575425,2.573645,1.930255,0.00128,0.065085,0.0,0.000799,0.0,0,0,0,0.002589,0.095575,0.066693,0.047539,0,0.000804,0.01057,0.002396,0.0053,0.0,0.467395,0.004857,0.001294,0.003823,0.005955,0.027637,0.085779,0.031337,0.077514,0.059893,0.146638,0.035695,0,0.128706,0.076362,0.10577,0.164351,0.093137,0,0,0,0,0,0,0,0,0,0,0,0
73,2722,2935,1070,3166,1636,919,2806,1678,1645,3330,3568,25475,959,435,81,854,595,69,124,255,185,956,1444,5957,123,113,532,587,121,106,59,367,227,500,997,3732,1190,489,140,1187,683,129,640,663,214,1232,1479,8046,53,70,47,168,40,4,34,523,42,314,50,1345,887,1738,1162,2758,2079,437,1346,1680,1123,3326,3276,19812,262,447,219,226,203,50,917,144,101,1817,1063,5449,3,50,2,26,7,0,1,3,2,32,20,146,1974,1755,502,2199,828,483,553,1077,875,2473,1841,14560,1785,1724,547,2653,465,500,1489,1689,415,3984,4401,19652,0,98,0,0,0,0,0,0,0,150,108,356,0,1,6,4,5,0,212,2,1,6,9,246,68,26,60,80,78,23,0,50,67,149,271,872,0,0,0,0,0,0,0,0,0,0,0,0,3.484918,2.35832,1.256665,2.528269,2.890357,1.562102,6.305335,4.074893,2.129064,2.121762,2.124657,2.50692,1.227787,0.34953,0.095131,0.681978,1.0512,0.117285,0.278639,0.619248,0.239439,0.609131,0.859867,0.586211,0.157474,0.090797,0.624809,0.46876,0.213773,0.180177,0.132578,0.891231,0.293798,0.318583,0.593689,0.367255,1.523532,0.392919,0.164423,0.947901,1.206671,0.219272,1.438138,1.610044,0.276972,0.784988,0.880708,0.791783,0.067855,0.056246,0.055199,0.13416,0.070669,0.006799,0.076401,1.270065,0.054359,0.20007,0.029774,0.132358,1.135607,1.396511,1.364715,2.202453,3.673015,0.742806,3.024583,4.079749,1.453458,2.119214,1.950778,1.949641,0.335433,0.359172,0.257205,0.180477,0.358645,0.084989,2.060582,0.349693,0.130721,1.15773,0.632991,0.53622,0.003841,0.040176,0.002349,0.020763,0.012367,0.0,0.002247,0.007285,0.002589,0.020389,0.01191,0.01525,2.52727,1.410171,0.589576,1.756053,1.462846,0.820996,1.242641,2.615411,1.132481,1.575711,1.096271,1.432807,2.285297,1.385262,0.642426,2.118603,0.821526,0.849892,3.345917,4.101605,0.537119,2.538469,2.620688,1.933896,0.0,0.078745,0.0,0.0,0.0,0,0,0,0.0,0.095575,0.064311,0.079229,0,0.000804,0.007047,0.003194,0.008834,0.0,0.476383,0.004857,0.001294,0.003823,0.005359,0.027978,0.087059,0.020891,0.070467,0.063886,0.137804,0.039095,0,0.121421,0.086716,0.094938,0.161374,0.089741,0,0,0,0,0,0,0,0,0,0,0,0
74,2603,2933,1065,3152,1591,843,2761,1657,1624,3303,3571,25103,986,445,79,843,580,58,121,252,188,943,1426,5921,112,108,533,564,125,105,59,366,230,497,975,3674,1167,515,127,1119,684,115,642,672,221,1192,1482,7936,53,82,45,175,38,4,33,516,49,302,45,1342,889,1723,1135,2736,2041,431,1340,1684,1162,3273,3183,19597,259,449,195,209,202,44,900,156,78,1833,1058,5383,4,51,1,33,9,2,1,3,1,36,18,159,1918,1745,451,2213,809,466,549,1090,861,2485,1791,14378,1790,1741,516,2547,466,487,1462,1702,367,4040,4396,19514,1,88,0,1,0,0,0,0,0,145,105,340,0,1,9,3,4,0,210,2,0,7,9,245,55,30,67,75,84,17,0,52,69,159,273,881,0,0,0,0,0,0,0,0,0,0,0,0,3.332565,2.356713,1.250793,2.517089,2.810855,1.432918,6.204216,4.023896,2.101884,2.104559,2.126443,2.470313,1.262355,0.357565,0.092782,0.673194,1.024699,0.098587,0.271898,0.611962,0.243322,0.600847,0.849148,0.582668,0.143391,0.08678,0.625984,0.450393,0.22084,0.178477,0.132578,0.888803,0.297681,0.316671,0.580589,0.361548,1.494085,0.413811,0.149156,0.893599,1.208438,0.195475,1.442632,1.6319,0.286032,0.759502,0.882495,0.780959,0.067855,0.065888,0.05285,0.13975,0.067135,0.006799,0.074154,1.253066,0.063419,0.192424,0.026796,0.132062,1.138168,1.384458,1.333004,2.184885,3.60588,0.732607,3.011101,4.089463,1.503935,2.085444,1.895399,1.928484,0.331592,0.360779,0.229018,0.166901,0.356878,0.074791,2.022381,0.378834,0.100953,1.167925,0.630013,0.529725,0.005121,0.040979,0.001174,0.026353,0.0159,0.0034,0.002247,0.007285,0.001294,0.022938,0.010719,0.015647,2.455574,1.402136,0.529678,1.767233,1.429278,0.792099,1.233652,2.64698,1.114361,1.583357,1.066497,1.414897,2.291699,1.398922,0.606018,2.033955,0.823292,0.827795,3.285246,4.133175,0.474995,2.57415,2.617711,1.920316,0.00128,0.070709,0.0,0.000799,0.0,0,0,0,0.0,0.092389,0.062525,0.052094,0,0.000804,0.01057,0.002396,0.007067,0.0,0.471889,0.004857,0.0,0.00446,0.005359,0.030549,0.070415,0.024105,0.078688,0.059893,0.148405,0.028896,0,0.126278,0.089304,0.101309,0.162565,0.090667,0,0,0,0,0,0,0,0,0,0,0,0
75,2655,2895,1047,3092,1567,857,2710,1648,1634,3235,3537,24877,967,441,66,820,578,61,114,233,164,952,1391,5787,113,120,562,543,121,118,60,357,216,477,996,3683,1170,489,130,1084,663,120,630,640,207,1203,1469,7805,49,78,59,178,38,5,33,511,40,305,33,1329,882,1688,1109,2747,2058,392,1333,1658,1215,3265,3203,19550,249,447,201,222,207,38,899,158,74,1800,1009,5304,2,37,2,24,9,0,1,2,4,35,22,138,1979,1728,460,2251,815,450,566,1087,870,2446,1820,14472,1779,1735,545,2631,452,481,1436,1684,384,3964,4267,19358,0,86,0,1,0,0,0,0,1,145,114,347,0,1,5,4,6,0,217,2,0,7,10,252,52,34,88,81,73,17,0,52,60,153,284,894,0,0,0,0,0,0,0,0,0,0,0,0,3.39914,2.326179,1.229653,2.469175,2.768453,1.456715,6.089614,4.00204,2.114827,2.061232,2.106197,2.448073,1.238029,0.354351,0.077514,0.654827,1.021165,0.103687,0.256168,0.565822,0.212259,0.606582,0.828307,0.569482,0.144671,0.096422,0.660043,0.433623,0.213773,0.200575,0.134825,0.866947,0.279561,0.303928,0.593094,0.362433,1.497926,0.392919,0.152679,0.865649,1.171337,0.203974,1.415667,1.55419,0.267913,0.766511,0.874754,0.768067,0.062734,0.062674,0.069293,0.142145,0.067135,0.008499,0.074154,1.240924,0.051771,0.194336,0.019651,0.130783,1.129206,1.356335,1.302469,2.193669,3.635914,0.666315,2.995371,4.026324,1.572531,2.080347,1.907308,1.923859,0.318789,0.359172,0.236065,0.177282,0.365711,0.064592,2.020134,0.383691,0.095776,1.146899,0.600835,0.521951,0.002561,0.02973,0.002349,0.019166,0.0159,0.0,0.002247,0.004857,0.005177,0.022301,0.0131,0.014415,2.533671,1.388476,0.540249,1.797579,1.439878,0.764903,1.271853,2.639695,1.12601,1.558508,1.083766,1.424147,2.277616,1.394101,0.640077,2.101035,0.798558,0.817596,3.226821,4.089463,0.496997,2.525726,2.540894,1.904964,0.0,0.069102,0.0,0.000799,0.0,0,0,0,0.001294,0.092389,0.067884,0.053236,0,0.000804,0.005872,0.003194,0.0106,0.0,0.487619,0.004857,0.0,0.00446,0.005955,0.031422,0.066574,0.02732,0.103352,0.064684,0.128971,0.028896,0,0.126278,0.077656,0.097486,0.169115,0.092005,0,0,0,0,0,0,0,0,0,0,0,0
76,2609,2819,1044,3007,1566,844,2712,1618,1557,3252,3478,24506,971,447,67,802,564,66,112,251,170,931,1393,5774,121,111,510,539,103,100,63,361,227,457,973,3565,1149,478,129,1061,653,126,626,633,229,1157,1423,7664,46,71,36,163,37,4,32,498,52,298,41,1278,882,1653,1142,2674,1966,413,1319,1605,1096,3264,3112,19126,266,418,192,222,196,50,896,156,69,1815,1055,5335,1,37,0,27,12,2,1,1,1,39,19,140,1961,1690,421,2210,801,466,561,1085,884,2407,1825,14311,1833,1679,520,2537,440,473,1437,1639,394,3984,4222,19158,0,90,0,2,0,0,0,0,3,156,109,360,0,1,14,3,5,0,214,2,0,7,11,257,56,39,85,72,76,14,0,51,61,154,294,902,0,0,0,0,0,0,0,0,0,0,0,0,3.340247,2.265112,1.226129,2.401297,2.766687,1.434618,6.094108,3.929187,2.015169,2.072063,2.071064,2.411564,1.243151,0.359172,0.078688,0.640452,0.996431,0.112186,0.251674,0.609534,0.220025,0.593201,0.829497,0.568203,0.154914,0.08919,0.598971,0.430429,0.181972,0.169978,0.141567,0.87666,0.293798,0.291185,0.579398,0.350821,1.47104,0.384081,0.151504,0.847282,1.153669,0.214173,1.406678,1.537191,0.296386,0.737201,0.847362,0.754192,0.058893,0.05705,0.04228,0.130167,0.065369,0.006799,0.071907,1.209354,0.067302,0.189875,0.024414,0.125764,1.129206,1.328212,1.341226,2.135373,3.473375,0.702011,2.963912,3.897618,1.418513,2.079709,1.85312,1.882134,0.340554,0.33587,0.225495,0.177282,0.346278,0.084989,2.013393,0.378834,0.089304,1.156456,0.628227,0.525002,0.00128,0.02973,0.0,0.021561,0.021201,0.0034,0.002247,0.002428,0.001294,0.024849,0.011314,0.015037,2.510626,1.357942,0.494445,1.764837,1.415144,0.792099,1.260618,2.634838,1.144129,1.533658,1.086743,1.408304,2.346751,1.349104,0.610716,2.025969,0.777358,0.803998,3.229068,3.980184,0.50994,2.538469,2.514098,1.885283,0.0,0.072316,0.0,0.001597,0.0,0,0,0,0.003883,0.099398,0.064907,0.05523,0,0.000804,0.016442,0.002396,0.008834,0.0,0.480877,0.004857,0.0,0.00446,0.00655,0.032046,0.071696,0.031337,0.099829,0.057497,0.134271,0.023797,0,0.12385,0.07895,0.098124,0.17507,0.092828,0,0,0,0,0,0,0,0,0,0,0,0
77,2582,2894,1028,3039,1502,862,2700,1599,1575,3211,3494,24486,958,442,70,805,577,71,112,244,162,931,1379,5751,115,105,498,524,115,109,60,375,182,465,932,3480,1149,486,125,1081,657,131,602,640,207,1165,1465,7708,44,77,47,165,39,2,32,487,40,298,48,1279,859,1720,1084,2719,2019,419,1317,1595,1117,3183,3139,19171,252,419,178,220,194,43,898,158,71,1796,1020,5249,2,49,0,23,12,4,1,1,1,36,26,155,1942,1739,451,2165,814,458,548,1081,838,2463,1774,14273,1762,1694,508,2574,429,481,1438,1618,371,3937,4286,19098,0,90,0,0,0,0,0,0,4,155,99,348,0,0,6,5,4,0,214,2,2,6,9,248,51,34,61,78,82,20,0,48,67,148,299,888,0,0,0,0,0,0,0,0,0,0,0,0,3.305679,2.325376,1.207338,2.426851,2.653616,1.465214,6.067143,3.883047,2.038466,2.04594,2.080592,2.409596,1.226507,0.355154,0.082212,0.642848,1.019399,0.120685,0.251674,0.592535,0.209671,0.593201,0.821161,0.565939,0.147232,0.084369,0.584878,0.41845,0.203173,0.185276,0.134825,0.910658,0.235556,0.296282,0.554983,0.342457,1.47104,0.390509,0.146807,0.863253,1.160736,0.222672,1.352748,1.55419,0.267913,0.742298,0.872372,0.758522,0.056332,0.061871,0.055199,0.131764,0.068902,0.0034,0.071907,1.182642,0.051771,0.189875,0.028583,0.125863,1.099759,1.382048,1.273107,2.171309,3.567012,0.71221,2.959418,3.873333,1.445693,2.028099,1.869198,1.886562,0.32263,0.336673,0.209053,0.175685,0.342744,0.073091,2.017887,0.383691,0.091893,1.14435,0.607385,0.516539,0.002561,0.039372,0.0,0.018367,0.021201,0.006799,0.002247,0.002428,0.001294,0.022938,0.015482,0.016648,2.486301,1.397315,0.529678,1.728902,1.438112,0.778501,1.231405,2.625124,1.084593,1.56934,1.056374,1.404564,2.255851,1.361156,0.596622,2.055517,0.757924,0.817596,3.231315,3.929187,0.480172,2.508522,2.552208,1.879379,0.0,0.072316,0.0,0.0,0.0,0,0,0,0.005177,0.098761,0.058952,0.066085,0,0.0,0.007047,0.003993,0.007067,0.0,0.480877,0.004857,0.002589,0.003823,0.005359,0.032857,0.065294,0.02732,0.071642,0.062288,0.144871,0.033996,0,0.116564,0.086716,0.094301,0.178047,0.091388,0,0,0,0,0,0,0,0,0,0,0,0
78,2573,2762,1026,2980,1493,880,2682,1589,1523,3145,3397,24050,952,433,63,807,565,52,109,236,179,923,1314,5633,116,109,486,499,113,93,60,349,203,447,908,3383,1116,518,124,1075,643,132,602,630,214,1160,1406,7620,44,82,35,157,40,4,31,480,52,304,41,1270,855,1657,1123,2642,1971,371,1305,1605,1112,3289,3102,19032,243,429,199,211,207,39,892,163,73,1828,1044,5328,0,40,0,26,10,1,1,2,3,32,21,136,1984,1754,440,2148,828,457,561,1078,843,2423,1787,14303,1744,1664,497,2584,432,486,1414,1626,314,3966,4227,18954,0,86,0,1,0,0,0,0,2,149,103,341,0,1,11,5,4,0,215,2,0,13,12,263,61,35,66,74,83,22,0,52,61,153,287,894,0,0,0,0,0,0,0,0,0,0,0,0,3.294157,2.219312,1.204989,2.379736,2.637716,1.49581,6.026695,3.858763,1.971164,2.003887,2.022831,2.36669,1.218825,0.347923,0.073991,0.644445,0.998198,0.088389,0.244933,0.573108,0.231673,0.588104,0.782455,0.554327,0.148512,0.087583,0.570784,0.398486,0.19964,0.15808,0.134825,0.847519,0.262736,0.284813,0.540692,0.332911,1.428791,0.416221,0.145632,0.858462,1.136002,0.224372,1.352748,1.529906,0.276972,0.739112,0.837239,0.749862,0.056332,0.065888,0.041106,0.125375,0.070669,0.006799,0.06966,1.165643,0.067302,0.193698,0.024414,0.124977,1.094638,1.331426,1.318911,2.109819,3.482209,0.63062,2.932452,3.897618,1.439221,2.095639,1.847165,1.872884,0.311108,0.344708,0.233716,0.168498,0.365711,0.066292,2.004404,0.395833,0.094481,1.164739,0.621677,0.524313,0.0,0.032141,0.0,0.020763,0.017667,0.0017,0.002247,0.004857,0.003883,0.020389,0.012505,0.015945,2.540073,1.409367,0.516759,1.715326,1.462846,0.776801,1.260618,2.617839,1.091064,1.543853,1.064115,1.407517,2.232806,1.337051,0.583703,2.063502,0.763224,0.826095,3.177385,3.948615,0.406399,2.527,2.517075,1.865208,0.0,0.069102,0.0,0.000799,0.0,0,0,0,0.002589,0.094938,0.061334,0.052315,0,0.000804,0.012919,0.003993,0.007067,0.0,0.483124,0.004857,0.0,0.008283,0.007146,0.032794,0.078097,0.028123,0.077514,0.059094,0.146638,0.037395,0,0.126278,0.07895,0.097486,0.170901,0.092005,0,0,0,0,0,0,0,0,0,0,0,0
79,2550,2776,965,2994,1491,857,2678,1586,1517,3068,3358,23840,931,407,52,799,557,63,107,232,166,908,1370,5592,116,104,500,524,112,105,59,345,207,450,926,3448,1130,482,125,1065,637,115,594,634,187,1165,1386,7520,55,75,35,160,40,2,32,476,42,294,50,1261,840,1688,1059,2640,1977,399,1286,1578,1094,3194,3138,18893,236,404,190,233,206,41,896,154,76,1784,1045,5265,3,39,1,24,11,5,1,3,1,36,18,142,1958,1747,472,2193,805,455,552,1050,786,2496,1780,14294,1745,1650,508,2576,430,489,1393,1601,325,3909,4256,18882,0,73,1,1,0,0,0,0,2,139,105,321,0,1,7,2,5,0,217,2,0,9,10,253,59,36,65,94,74,17,0,47,73,142,277,884,0,0,0,0,0,0,0,0,0,0,0,0,3.26471,2.230561,1.133347,2.390915,2.634183,1.456715,6.017707,3.851478,1.963398,1.954825,1.999607,2.346025,1.191939,0.327031,0.061072,0.638057,0.984064,0.107086,0.240439,0.563394,0.214848,0.578547,0.815802,0.550292,0.148512,0.083566,0.587227,0.41845,0.197873,0.178477,0.132578,0.837806,0.267913,0.286725,0.55141,0.339308,1.446715,0.387295,0.146807,0.850476,1.125402,0.195475,1.334771,1.53962,0.242027,0.742298,0.825329,0.740021,0.070415,0.060264,0.041106,0.127771,0.070669,0.0034,0.071907,1.155929,0.054359,0.187327,0.029774,0.124091,1.075434,1.356335,1.243746,2.108222,3.492809,0.678214,2.889758,3.83205,1.415925,2.035108,1.868602,1.859205,0.302146,0.324621,0.223146,0.186067,0.363945,0.069691,2.013393,0.373977,0.098364,1.136704,0.622272,0.518113,0.003841,0.031337,0.001174,0.019166,0.019434,0.008499,0.002247,0.007285,0.001294,0.022938,0.010719,0.013974,2.506785,1.403743,0.554342,1.751262,1.422211,0.773402,1.240394,2.549843,1.017291,1.590366,1.059947,1.406631,2.234086,1.325802,0.596622,2.057114,0.75969,0.831194,3.130196,3.887904,0.420636,2.490681,2.534344,1.858123,0.0,0.058657,0.001174,0.000799,0.0,0,0,0,0.002589,0.088566,0.062525,0.043557,0,0.000804,0.008221,0.001597,0.008834,0.0,0.487619,0.004857,0.0,0.005734,0.005955,0.031547,0.075536,0.028927,0.076339,0.075065,0.130737,0.028896,0,0.114136,0.094481,0.090478,0.164947,0.090976,0,0,0,0,0,0,0,0,0,0,0,0
80,2483,2746,967,2957,1449,883,2624,1545,1446,3053,3395,23548,936,428,62,809,551,68,98,232,151,872,1367,5574,118,103,475,520,111,100,57,348,192,453,902,3379,1114,448,117,1061,608,127,586,598,197,1113,1374,7343,58,68,29,145,39,5,31,472,40,280,49,1216,821,1616,1079,2610,1928,405,1271,1571,1126,3165,3044,18636,252,382,187,240,206,38,886,158,78,1803,1033,5263,3,33,1,25,8,3,1,2,3,35,16,130,1933,1702,473,2133,820,433,543,1051,826,2428,1812,14154,1719,1555,541,2536,431,492,1380,1607,299,3877,4191,18628,1,65,0,1,0,0,0,0,1,139,110,317,0,1,10,2,4,0,219,2,0,8,10,256,46,35,69,87,71,15,0,49,68,146,289,875,0,0,0,0,0,0,0,0,0,0,0,0,3.178932,2.206455,1.135696,2.361368,2.55998,1.500909,5.896364,3.751912,1.871505,1.945267,2.02164,2.31729,1.198341,0.343905,0.072816,0.646042,0.973464,0.115585,0.220215,0.563394,0.195434,0.555609,0.814015,0.548521,0.151073,0.082762,0.557865,0.415256,0.196106,0.169978,0.128084,0.845091,0.248499,0.288636,0.537119,0.332518,1.42623,0.359975,0.137411,0.847282,1.074167,0.215873,1.316795,1.452197,0.25497,0.709166,0.818183,0.722603,0.074256,0.054639,0.034059,0.115792,0.068902,0.008499,0.06966,1.146215,0.051771,0.178406,0.029178,0.119663,1.051109,1.298482,1.267235,2.084265,3.40624,0.688413,2.856051,3.815051,1.457341,2.01663,1.812628,1.833914,0.32263,0.306943,0.219623,0.191657,0.363945,0.064592,1.990922,0.383691,0.100953,1.14881,0.615126,0.517916,0.003841,0.026516,0.001174,0.019964,0.014134,0.005099,0.002247,0.004857,0.003883,0.022301,0.009528,0.012793,2.474779,1.367585,0.555516,1.703348,1.448712,0.736007,1.22017,2.552272,1.069062,1.547039,1.079002,1.392854,2.200799,1.249468,0.635379,2.025171,0.761457,0.836294,3.100984,3.902475,0.386985,2.470292,2.495638,1.833127,0.00128,0.052229,0.0,0.000799,0.0,0,0,0,0.001294,0.088566,0.065502,0.043429,0,0.000804,0.011745,0.001597,0.007067,0.0,0.492113,0.004857,0.0,0.005097,0.005955,0.031921,0.058893,0.028123,0.081037,0.069475,0.125437,0.025497,0,0.118993,0.08801,0.093026,0.172092,0.09005,0,0,0,0,0,0,0,0,0,0,0,0
81,2461,2739,965,2894,1437,832,2559,1549,1427,2995,3320,23178,911,421,49,789,551,67,100,228,148,888,1357,5509,94,105,473,541,107,84,58,338,187,428,876,3291,1076,436,127,1000,619,134,568,600,189,1131,1345,7225,51,62,29,139,37,8,31,478,35,309,48,1227,828,1629,1068,2627,1914,396,1250,1562,1057,3158,3021,18510,254,409,195,228,209,30,873,148,73,1789,1043,5251,3,39,1,22,10,2,1,1,2,39,21,141,1862,1709,462,2148,811,460,549,1021,807,2438,1796,14063,1689,1628,536,2473,421,506,1357,1565,303,3818,4182,18478,0,81,0,0,0,0,0,0,0,150,111,342,0,1,13,6,3,0,217,2,1,9,6,258,59,35,67,80,76,10,0,51,63,132,289,862,0,0,0,0,0,0,0,0,0,0,0,0,3.150766,2.200831,1.133347,2.311059,2.53878,1.41422,5.750303,3.761626,1.846914,1.908312,1.976979,2.280879,1.166334,0.33828,0.057548,0.630071,0.973464,0.113886,0.224709,0.55368,0.191551,0.565803,0.80806,0.542125,0.120346,0.084369,0.555516,0.432026,0.189039,0.142782,0.130331,0.820807,0.242027,0.272707,0.521637,0.323858,1.37758,0.350333,0.149156,0.798569,1.093601,0.227771,1.276347,1.457053,0.244616,0.720635,0.800915,0.710991,0.065294,0.049818,0.034059,0.111001,0.065369,0.013598,0.06966,1.160786,0.045299,0.196884,0.028583,0.120745,1.060071,1.308928,1.254316,2.097841,3.381506,0.673115,2.808863,3.793196,1.368037,2.01217,1.798932,1.821515,0.325191,0.328638,0.229018,0.182074,0.369245,0.050994,1.96171,0.359406,0.094481,1.13989,0.621081,0.516736,0.003841,0.031337,0.001174,0.017569,0.017667,0.0034,0.002247,0.002428,0.002589,0.024849,0.012505,0.013875,2.383879,1.373209,0.542597,1.715326,1.432812,0.781901,1.233652,2.479419,1.044471,1.55341,1.069474,1.383899,2.162391,1.308124,0.629507,1.974861,0.74379,0.860091,3.049301,3.800481,0.392162,2.432699,2.490279,1.818366,0.0,0.065085,0.0,0.0,0.0,0,0,0,0.0,0.095575,0.066098,0.076113,0,0.000804,0.015268,0.004791,0.0053,0.0,0.487619,0.004857,0.001294,0.005734,0.003573,0.029343,0.075536,0.028123,0.078688,0.063886,0.134271,0.016998,0,0.12385,0.081539,0.084106,0.172092,0.088712,0,0,0,0,0,0,0,0,0,0,0,0
82,2409,2697,983,2849,1435,852,2550,1530,1455,2977,3250,22987,920,413,46,784,536,71,94,220,158,847,1329,5418,111,106,473,508,121,99,56,326,182,427,898,3307,1079,473,132,1014,587,127,561,602,190,1100,1370,7235,52,66,21,144,38,7,29,484,35,285,46,1207,823,1622,1047,2559,1920,384,1209,1534,1078,3185,3009,18370,240,399,205,222,212,32,861,142,76,1790,1055,5234,4,39,1,16,9,4,1,2,2,36,16,130,1923,1683,433,2106,807,445,534,1039,837,2417,1758,13982,1678,1653,564,2436,421,501,1338,1540,337,3850,4146,18464,0,79,0,0,0,0,0,0,0,139,112,330,0,1,12,5,5,0,221,2,1,11,10,268,52,27,57,62,79,24,0,46,60,142,291,840,0,0,0,0,0,0,0,0,0,0,0,0,3.084191,2.167083,1.154488,2.275123,2.535246,1.448216,5.73008,3.715486,1.883154,1.896843,1.935296,2.262084,1.177856,0.331852,0.054025,0.626078,0.946963,0.120685,0.211226,0.534253,0.204494,0.53968,0.791387,0.53317,0.142111,0.085173,0.555516,0.405673,0.213773,0.168279,0.125837,0.791666,0.235556,0.27207,0.534737,0.325432,1.381421,0.380063,0.155028,0.809749,1.037066,0.215873,1.260618,1.46191,0.24591,0.700882,0.815802,0.711975,0.066574,0.053032,0.024664,0.114994,0.067135,0.011898,0.065166,1.175356,0.045299,0.181592,0.027392,0.118777,1.053669,1.303303,1.229653,2.043538,3.392106,0.652717,2.716732,3.7252,1.395216,2.029373,1.791786,1.807738,0.307267,0.320603,0.240763,0.177282,0.374545,0.054393,1.934745,0.344836,0.098364,1.140527,0.628227,0.515063,0.005121,0.031337,0.001174,0.012777,0.0159,0.006799,0.002247,0.004857,0.002589,0.022938,0.009528,0.012793,2.461976,1.352318,0.508538,1.681786,1.425745,0.756404,1.199946,2.523131,1.083299,1.54003,1.046846,1.375928,2.148307,1.328212,0.662392,1.945314,0.74379,0.851592,3.006606,3.73977,0.436167,2.453089,2.468842,1.816988,0.0,0.063478,0.0,0.0,0.0,0,0,0,0.0,0.088566,0.066693,0.073443,0,0.000804,0.014093,0.003993,0.008834,0.0,0.496607,0.004857,0.001294,0.007009,0.005955,0.030481,0.066574,0.021695,0.066944,0.049511,0.139571,0.040795,0,0.111707,0.077656,0.090478,0.173283,0.086448,0,0,0,0,0,0,0,0,0,0,0,0
83,2357,2687,984,2824,1445,848,2490,1510,1458,2877,3230,22710,901,396,58,774,534,66,94,214,176,875,1338,5426,110,98,504,512,116,84,53,329,187,409,865,3267,1078,437,136,1014,594,121,553,592,203,1078,1338,7144,48,63,23,151,36,8,29,468,31,283,44,1184,809,1634,1122,2592,1913,388,1202,1495,1079,3148,2982,18364,228,384,196,224,201,40,858,149,64,1741,1036,5121,4,32,2,22,7,1,1,1,3,33,15,121,1841,1653,457,2153,833,457,547,1042,808,2395,1782,13968,1638,1601,532,2494,415,502,1315,1549,314,3811,4107,18278,1,67,0,0,0,0,0,0,1,133,108,310,0,1,17,2,5,0,222,2,0,8,8,265,57,29,51,90,81,20,0,48,66,135,248,825,0,0,0,0,0,0,0,0,0,0,0,0,3.017617,2.159048,1.155662,2.255159,2.552913,1.441417,5.595254,3.666918,1.887037,1.833126,1.923386,2.234825,1.153531,0.318192,0.068118,0.618092,0.94343,0.112186,0.211226,0.519682,0.22779,0.55752,0.796746,0.533957,0.140831,0.078745,0.591924,0.408867,0.20494,0.142782,0.119096,0.798951,0.242027,0.260601,0.515086,0.321496,1.38014,0.351137,0.159726,0.809749,1.049433,0.205674,1.242641,1.437626,0.262736,0.686865,0.796746,0.70302,0.061453,0.050622,0.027012,0.120584,0.063602,0.013598,0.065166,1.136502,0.040122,0.180318,0.026201,0.116514,1.035745,1.312945,1.317737,2.069891,3.379739,0.659516,2.701002,3.630491,1.396511,2.005798,1.775708,1.807148,0.291904,0.30855,0.230193,0.178879,0.355111,0.067991,1.928003,0.361835,0.082833,1.109306,0.616913,0.503943,0.005121,0.025713,0.002349,0.017569,0.012367,0.0017,0.002247,0.002428,0.003883,0.021026,0.008932,0.011907,2.356993,1.328212,0.536725,1.719319,1.471679,0.776801,1.229158,2.530416,1.045765,1.526012,1.061137,1.37455,2.097096,1.286429,0.624809,1.991631,0.73319,0.853292,2.954923,3.761626,0.406399,2.428239,2.445618,1.798685,0.00128,0.053836,0.0,0.0,0.0,0,0,0,0.001294,0.084743,0.064311,0.051265,0,0.000804,0.019966,0.001597,0.008834,0.0,0.498854,0.004857,0.0,0.005097,0.004764,0.033043,0.072976,0.023302,0.059897,0.071871,0.143104,0.033996,0,0.116564,0.085421,0.086017,0.147678,0.084904,0,0,0,0,0,0,0,0,0,0,0,0
84,2324,2632,986,2802,1405,836,2439,1502,1461,2869,3195,22451,900,398,67,759,522,64,94,220,151,862,1290,5327,109,107,473,515,114,100,51,330,189,437,864,3289,1021,437,147,1000,588,127,545,611,191,1080,1333,7080,49,45,31,149,34,4,27,470,41,279,46,1175,772,1600,1059,2557,1851,388,1184,1474,1072,3147,2901,18005,237,360,209,233,199,41,861,145,77,1715,1043,5120,1,33,1,20,7,2,1,1,3,37,18,124,1841,1621,476,2128,790,435,546,1004,835,2434,1733,13843,1660,1526,564,2473,407,528,1317,1519,327,3811,4104,18236,0,64,0,3,0,0,0,0,1,143,102,313,0,2,8,2,5,0,215,2,0,7,9,250,52,30,80,76,75,29,0,46,72,124,280,864,0,0,0,0,0,0,0,0,0,0,0,0,2.975367,2.114855,1.158011,2.23759,2.482244,1.42102,5.480653,3.64749,1.890919,1.828029,1.902544,2.209337,1.152251,0.319799,0.078688,0.606114,0.922229,0.108786,0.211226,0.534253,0.195434,0.549237,0.768163,0.524215,0.13955,0.085976,0.555516,0.411263,0.201406,0.169978,0.114602,0.801379,0.244616,0.278441,0.514491,0.323661,1.307164,0.351137,0.172645,0.798569,1.038833,0.215873,1.224664,1.483766,0.247204,0.688139,0.793769,0.696722,0.062734,0.036158,0.036408,0.118987,0.060069,0.006799,0.060671,1.141358,0.053065,0.177769,0.027392,0.115628,0.988375,1.285626,1.243746,2.041941,3.270202,0.659516,2.660555,3.579494,1.387451,2.005161,1.727475,1.77182,0.303426,0.289266,0.245461,0.186067,0.351578,0.069691,1.934745,0.352121,0.099658,1.092739,0.621081,0.503844,0.00128,0.026516,0.001174,0.015971,0.012367,0.0034,0.002247,0.002428,0.003883,0.023575,0.010719,0.012202,2.356993,1.3025,0.55904,1.699355,1.39571,0.739406,1.226911,2.438136,1.08071,1.550862,1.031959,1.362249,2.125262,1.226166,0.662392,1.974861,0.719056,0.897486,2.959418,3.688773,0.423224,2.428239,2.443832,1.794552,0.0,0.051425,0.0,0.002396,0.0,0,0,0,0.001294,0.091115,0.060739,0.048019,0,0.001607,0.009396,0.001597,0.008834,0.0,0.483124,0.004857,0.0,0.00446,0.005359,0.031173,0.066574,0.024105,0.093956,0.060691,0.132504,0.049294,0,0.111707,0.093187,0.079009,0.166733,0.088918,0,0,0,0,0,0,0,0,0,0,0,0
85,2282,2590,929,2828,1372,823,2416,1461,1436,2778,3125,22040,906,401,46,761,506,54,93,220,151,834,1301,5273,104,90,467,507,110,89,50,332,181,440,829,3199,1056,434,111,973,575,120,536,587,212,1037,1320,6961,51,67,40,140,34,4,30,474,45,277,43,1205,773,1533,1068,2570,1852,370,1146,1471,1035,3037,2904,17759,219,388,182,233,213,35,843,153,68,1686,1022,5042,3,40,0,19,7,1,1,1,6,34,29,141,1784,1604,484,2087,820,452,528,1004,806,2405,1709,13683,1621,1550,551,2426,404,477,1275,1496,316,3713,4044,17873,0,63,0,1,0,0,0,0,0,143,108,315,0,1,6,3,4,0,212,1,0,11,9,247,55,29,64,85,80,18,0,48,61,121,273,834,0,0,0,0,0,0,0,0,0,0,0,0,2.921596,2.081107,1.091067,2.258353,2.423943,1.398922,5.428969,3.547925,1.858563,1.770047,1.860861,2.168892,1.159932,0.32221,0.054025,0.607711,0.893961,0.091788,0.208979,0.534253,0.195434,0.531396,0.774714,0.518901,0.133149,0.072316,0.54847,0.404874,0.194339,0.151281,0.112355,0.806236,0.234262,0.280353,0.493649,0.314804,1.351974,0.348726,0.130364,0.777008,1.015865,0.203974,1.20444,1.425484,0.274384,0.660741,0.786028,0.685012,0.065294,0.053836,0.046978,0.1118,0.060069,0.006799,0.067413,1.151072,0.058242,0.176495,0.025605,0.118581,0.989655,1.23179,1.254316,2.052322,3.271969,0.62892,2.575165,3.572209,1.339563,1.935073,1.729261,1.747611,0.280381,0.311764,0.21375,0.186067,0.376312,0.059492,1.894297,0.371549,0.08801,1.074262,0.608576,0.496169,0.003841,0.032141,0.0,0.015173,0.012367,0.0017,0.002247,0.002428,0.007766,0.021664,0.017269,0.015144,2.284017,1.28884,0.568435,1.666613,1.448712,0.768302,1.186464,2.438136,1.043177,1.532384,1.017668,1.346504,2.075332,1.24545,0.647124,1.937328,0.713756,0.810797,2.86504,3.63292,0.408987,2.365797,2.408103,1.75883,0.0,0.050622,0.0,0.000799,0.0,0,0,0,0.0,0.091115,0.064311,0.054825,0,0.000804,0.007047,0.002396,0.007067,0.0,0.476383,0.002428,0.0,0.007009,0.005359,0.030799,0.070415,0.023302,0.075165,0.067878,0.141338,0.030596,0,0.116564,0.07895,0.077097,0.162565,0.08583,0,0,0,0,0,0,0,0,0,0,0,0
86,2238,2538,970,2702,1386,850,2378,1453,1440,2771,3153,21879,894,406,58,760,492,47,94,216,169,826,1264,5226,117,95,463,513,108,89,51,334,190,414,847,3221,1035,453,122,964,574,108,523,581,187,1043,1320,6910,42,69,40,141,34,6,30,465,44,263,47,1181,767,1572,1035,2533,1837,359,1116,1453,1045,3047,2873,17637,210,396,220,234,205,32,831,154,71,1728,1058,5139,2,38,2,24,8,2,1,0,5,42,22,146,1759,1607,450,2052,830,452,530,966,764,2382,1713,13505,1586,1527,521,2376,383,480,1264,1477,317,3749,4028,17708,0,73,0,0,0,0,0,0,2,145,110,330,0,1,15,4,5,0,210,2,0,10,9,256,53,31,63,85,86,13,0,45,74,123,280,853,0,0,0,0,0,0,0,0,0,0,0,0,2.865263,2.039324,1.13922,2.157733,2.448677,1.444817,5.34358,3.528498,1.86374,1.765587,1.877534,2.153049,1.144569,0.326228,0.068118,0.606912,0.869227,0.07989,0.211226,0.524539,0.218731,0.526299,0.752681,0.514275,0.149793,0.076334,0.543772,0.409666,0.190806,0.151281,0.114602,0.811093,0.24591,0.263787,0.504368,0.316969,1.325088,0.363993,0.143283,0.76982,1.014098,0.183577,1.175228,1.410913,0.242027,0.664564,0.786028,0.679993,0.053772,0.055443,0.046978,0.112598,0.060069,0.010199,0.067413,1.129216,0.056948,0.167575,0.027987,0.116219,0.981974,1.263127,1.215559,2.022775,3.245468,0.610223,2.507752,3.528498,1.352506,1.941444,1.710801,1.735606,0.268859,0.318192,0.25838,0.186865,0.362178,0.054393,1.867332,0.373977,0.091893,1.101023,0.630013,0.505714,0.002561,0.030534,0.002349,0.019166,0.014134,0.0034,0.002247,0.0,0.006471,0.026761,0.0131,0.014974,2.25201,1.291251,0.528504,1.638664,1.466379,0.768302,1.190958,2.345856,0.988818,1.517729,1.02005,1.328988,2.030522,1.226969,0.61189,1.8974,0.676655,0.815896,2.840322,3.58678,0.410282,2.388735,2.398576,1.742593,0.0,0.058657,0.0,0.0,0.0,0,0,0,0.002589,0.092389,0.065502,0.062667,0,0.000804,0.017617,0.003194,0.008834,0.0,0.471889,0.004857,0.0,0.006372,0.005359,0.031921,0.067855,0.024909,0.073991,0.067878,0.151938,0.022097,0,0.109279,0.095776,0.078371,0.166733,0.087786,0,0,0,0,0,0,0,0,0,0,0,0
87,2253,2473,941,2670,1360,777,2339,1412,1467,2713,3041,21446,854,377,76,730,499,53,92,215,140,813,1275,5124,113,86,441,522,105,90,52,312,189,414,796,3120,1027,425,149,966,560,125,516,564,204,994,1295,6825,50,64,32,154,37,4,32,457,32,228,37,1127,758,1484,1039,2502,1817,358,1111,1435,996,2996,2818,17314,225,362,205,214,213,34,831,150,75,1698,1029,5036,3,37,2,21,4,1,1,1,2,40,21,133,1756,1654,445,2058,835,428,517,966,775,2283,1734,13451,1579,1557,565,2381,370,451,1232,1436,349,3687,3969,17576,0,71,1,0,0,0,0,0,1,134,111,318,0,0,15,5,5,0,208,1,2,9,7,252,51,27,64,91,76,20,0,47,54,127,268,825,0,0,0,0,0,0,0,0,0,0,0,0,2.884468,1.987096,1.105161,2.132179,2.402742,1.320732,5.255944,3.428932,1.898685,1.728631,1.810841,2.110438,1.093358,0.302926,0.089258,0.582955,0.881594,0.090089,0.206732,0.522111,0.181197,0.518016,0.759231,0.504238,0.144671,0.069102,0.517934,0.416853,0.185506,0.152981,0.116849,0.757668,0.244616,0.263787,0.473999,0.30703,1.314846,0.341494,0.174994,0.771418,0.989364,0.212473,1.159498,1.36963,0.26403,0.633343,0.771141,0.671628,0.064014,0.051425,0.037583,0.12298,0.065369,0.006799,0.071907,1.109789,0.041416,0.145274,0.022033,0.110905,0.970451,1.192418,1.220257,1.99802,3.210134,0.608523,2.496517,3.484786,1.289087,1.908949,1.67805,1.70382,0.288063,0.290873,0.240763,0.170894,0.376312,0.057793,1.867332,0.364263,0.09707,1.081908,0.612744,0.495578,0.003841,0.02973,0.002349,0.01677,0.007067,0.0017,0.002247,0.002428,0.002589,0.025487,0.012505,0.013088,2.248169,1.329016,0.522632,1.643455,1.475213,0.727508,1.161746,2.345856,1.003054,1.45465,1.032555,1.323674,2.02156,1.251075,0.663566,1.901393,0.653687,0.766603,2.768415,3.487214,0.451698,2.349231,2.363443,1.729603,0.0,0.05705,0.001174,0.0,0.0,0,0,0,0.001294,0.08538,0.066098,0.051983,0,0.0,0.017617,0.003993,0.008834,0.0,0.467395,0.002428,0.002589,0.005734,0.004168,0.033387,0.065294,0.021695,0.075165,0.07267,0.134271,0.033996,0,0.114136,0.06989,0.08092,0.159587,0.084904,0,0,0,0,0,0,0,0,0,0,0,0
88,2191,2457,946,2651,1328,790,2270,1398,1366,2710,3065,21172,876,394,58,719,488,64,93,220,169,827,1247,5155,98,94,447,504,108,90,51,313,193,399,802,3099,998,408,141,957,551,119,516,571,194,975,1246,6676,47,76,29,145,35,3,34,456,42,249,35,1151,745,1528,1021,2536,1766,362,1112,1437,1040,2955,2779,17281,233,371,210,233,207,43,826,143,93,1669,1045,5073,3,37,1,17,7,4,1,1,1,42,21,135,1712,1636,469,2045,824,425,538,962,800,2313,1733,13457,1582,1554,498,2351,378,516,1224,1429,355,3671,3943,17501,1,71,0,1,0,0,0,0,4,131,106,314,0,0,13,3,4,0,209,1,0,12,11,253,54,37,69,78,79,22,0,48,73,123,279,862,0,0,0,0,0,0,0,0,0,0,0,0,2.80509,1.974239,1.111033,2.117006,2.346207,1.342829,5.100894,3.394934,1.767964,1.72672,1.825133,2.083475,1.121524,0.316585,0.068118,0.574171,0.86216,0.108786,0.208979,0.534253,0.218731,0.526936,0.742558,0.507289,0.125467,0.075531,0.524981,0.402479,0.190806,0.152981,0.114602,0.760096,0.249793,0.254229,0.477571,0.304964,1.277718,0.327835,0.165598,0.76423,0.973464,0.202274,1.159498,1.386629,0.251087,0.621237,0.741963,0.656966,0.060173,0.061067,0.034059,0.115792,0.061835,0.005099,0.076401,1.107361,0.054359,0.158654,0.020842,0.113267,0.953808,1.227773,1.199117,2.025171,3.120031,0.615322,2.498764,3.489643,1.346034,1.882825,1.654827,1.700573,0.298305,0.298105,0.246635,0.186067,0.365711,0.073091,1.856096,0.347264,0.120367,1.06343,0.622272,0.499219,0.003841,0.02973,0.001174,0.013576,0.012367,0.006799,0.002247,0.002428,0.001294,0.026761,0.012505,0.013285,2.191837,1.314552,0.550819,1.633074,1.455779,0.722408,1.208934,2.336142,1.035411,1.473765,1.031959,1.324264,2.025401,1.248664,0.584878,1.877436,0.667821,0.877089,2.750438,3.470215,0.459464,2.339036,2.34796,1.722222,0.00128,0.05705,0.0,0.000799,0.0,0,0,0,0.005177,0.083469,0.06312,0.043018,0,0.0,0.015268,0.002396,0.007067,0.0,0.469642,0.002428,0.0,0.007646,0.00655,0.037341,0.069135,0.02973,0.081037,0.062288,0.139571,0.037395,0,0.116564,0.094481,0.078371,0.166138,0.088712,0,0,0,0,0,0,0,0,0,0,0,0
89,2155,2399,896,2699,1306,822,2239,1400,1363,2651,2983,20913,872,402,59,712,483,47,93,225,155,787,1179,5014,99,91,422,483,110,87,52,329,203,383,783,3042,986,441,134,940,523,101,504,574,192,949,1194,6538,42,73,32,146,40,3,31,447,44,241,36,1135,736,1482,1008,2467,1733,365,1103,1401,1026,2928,2759,17008,240,366,194,218,200,34,811,143,94,1663,1022,4985,4,36,3,25,5,3,1,1,4,35,20,137,1696,1586,436,2032,803,404,531,968,815,2221,1721,13213,1555,1531,523,2340,378,481,1204,1430,356,3601,3849,17248,1,65,0,1,0,0,0,0,3,129,102,301,0,0,12,4,5,0,210,1,1,12,8,253,55,28,57,78,76,12,0,44,54,120,257,781,0,0,0,0,0,0,0,0,0,0,0,0,2.759,1.927635,1.05231,2.155338,2.307339,1.397223,5.031235,3.399791,1.764082,1.689127,1.776304,2.057987,1.116403,0.323014,0.069293,0.568581,0.853327,0.07989,0.208979,0.546395,0.200611,0.50145,0.702066,0.493413,0.126748,0.07312,0.495619,0.385709,0.194339,0.147881,0.116849,0.798951,0.262736,0.244035,0.466257,0.299354,1.262355,0.354351,0.157377,0.750655,0.923996,0.171678,1.132533,1.393914,0.248499,0.60467,0.710998,0.643386,0.053772,0.058657,0.037583,0.116591,0.070669,0.005099,0.06966,1.085505,0.056948,0.153557,0.021437,0.111692,0.942285,1.190811,1.183849,1.97007,3.061729,0.620421,2.47854,3.40222,1.327915,1.865622,1.642917,1.673708,0.307267,0.294087,0.227844,0.174088,0.353344,0.057793,1.82239,0.347264,0.121661,1.059607,0.608576,0.490559,0.005121,0.028927,0.003523,0.019964,0.008834,0.005099,0.002247,0.002428,0.005177,0.022301,0.01191,0.013482,2.171352,1.274377,0.512062,1.622692,1.418678,0.686713,1.193205,2.350713,1.054825,1.415145,1.024813,1.300253,1.990833,1.230183,0.614239,1.868651,0.667821,0.817596,2.705496,3.472644,0.460758,2.294434,2.291985,1.697325,0.00128,0.052229,0.0,0.000799,0.0,0,0,0,0.003883,0.082194,0.060739,0.041237,0,0.0,0.014093,0.003194,0.008834,0.0,0.471889,0.002428,0.001294,0.007646,0.004764,0.033519,0.070415,0.022498,0.066944,0.062288,0.134271,0.020397,0,0.106851,0.06989,0.07646,0.153037,0.080376,0,0,0,0,0,0,0,0,0,0,0,0
90,2091,2487,909,2614,1288,778,2218,1390,1416,2625,3001,20817,810,357,65,703,469,48,90,222,156,802,1185,4907,92,87,426,486,96,74,51,327,196,397,793,3025,947,410,101,909,516,127,497,542,198,944,1258,6449,45,70,35,143,41,1,29,439,41,246,45,1135,710,1494,1006,2435,1735,355,1070,1413,974,2861,2709,16762,219,396,173,226,197,41,822,136,98,1667,1016,4991,7,40,2,24,9,2,1,1,4,41,23,154,1707,1609,432,1995,781,420,530,969,791,2264,1674,13172,1541,1547,514,2283,351,479,1187,1438,346,3596,3856,17138,1,71,0,0,0,0,0,0,4,128,103,307,0,0,11,3,5,0,209,1,0,12,11,252,49,23,48,82,69,25,0,45,61,129,284,815,0,0,0,0,0,0,0,0,0,0,0,0,2.677063,1.998345,1.067578,2.087459,2.275538,1.322432,4.984046,3.375507,1.832678,1.67256,1.787022,2.04854,1.037026,0.286855,0.076339,0.561394,0.828593,0.08159,0.202238,0.53911,0.201905,0.511007,0.705639,0.482884,0.117786,0.069906,0.500317,0.388105,0.169605,0.125784,0.114602,0.794094,0.253676,0.252955,0.472212,0.297681,1.212424,0.329442,0.11862,0.725899,0.911629,0.215873,1.116804,1.316205,0.256264,0.601485,0.749108,0.634627,0.057613,0.056246,0.041106,0.114195,0.072436,0.0017,0.065166,1.066077,0.053065,0.156743,0.026796,0.111692,0.908998,1.200453,1.1815,1.944515,3.065263,0.603423,2.404386,3.431361,1.260613,1.822932,1.613143,1.6495,0.280381,0.318192,0.20318,0.180477,0.348044,0.069691,1.847108,0.330265,0.126838,1.062156,0.605003,0.49115,0.008962,0.032141,0.002349,0.019166,0.0159,0.0034,0.002247,0.002428,0.005177,0.026124,0.013696,0.015155,2.185436,1.292858,0.507364,1.593145,1.37981,0.713909,1.190958,2.353141,1.023763,1.442544,0.996826,1.296218,1.972909,1.24304,0.603669,1.823133,0.620119,0.814197,2.667296,3.492071,0.447815,2.291249,2.296154,1.686501,0.00128,0.05705,0.0,0.0,0.0,0,0,0,0.005177,0.081557,0.061334,0.050769,0,0.0,0.012919,0.002396,0.008834,0.0,0.469642,0.002428,0.0,0.007646,0.00655,0.037194,0.062734,0.018481,0.056374,0.065483,0.121904,0.042495,0,0.109279,0.07895,0.082194,0.169115,0.083875,0,0,0,0,0,0,0,0,0,0,0,0
91,2171,2436,885,2606,1266,745,2199,1390,1370,2585,2974,20627,842,370,53,684,466,46,90,212,141,754,1158,4816,99,85,452,469,107,93,49,329,197,386,766,3032,970,397,109,946,503,111,494,541,163,928,1247,6409,49,62,29,144,36,1,29,437,38,246,37,1108,724,1438,1025,2408,1710,339,1067,1374,1026,2878,2709,16698,226,337,182,224,210,41,820,138,91,1603,979,4851,5,40,1,19,7,2,1,1,6,39,13,134,1639,1563,464,1987,803,415,535,947,813,2241,1694,13101,1524,1474,492,2318,350,444,1177,1405,333,3552,3762,16831,1,71,0,0,0,0,0,0,1,133,109,315,0,0,12,3,6,0,208,0,1,15,8,253,54,33,49,79,76,20,0,42,52,124,276,805,0,0,0,0,0,0,0,0,0,0,0,0,2.779485,1.957365,1.039391,2.081071,2.23667,1.266339,4.941351,3.375507,1.773141,1.647074,1.770944,2.029843,1.077995,0.297301,0.062246,0.546221,0.823292,0.07819,0.202238,0.514826,0.182491,0.480423,0.689561,0.473929,0.126748,0.068299,0.530853,0.374529,0.189039,0.15808,0.110107,0.798951,0.25497,0.245946,0.456134,0.29837,1.24187,0.318996,0.128015,0.755446,0.888661,0.188676,1.110062,1.313776,0.210965,0.59129,0.742558,0.630691,0.062734,0.049818,0.034059,0.114994,0.063602,0.0017,0.065166,1.061221,0.049182,0.156743,0.022033,0.109035,0.926922,1.155456,1.203815,1.922954,3.021095,0.576227,2.397645,3.336652,1.327915,1.833763,1.613143,1.643201,0.289343,0.270785,0.21375,0.178879,0.371012,0.069691,1.842614,0.335122,0.117778,1.021377,0.582971,0.477373,0.006401,0.032141,0.001174,0.015173,0.012367,0.0034,0.002247,0.002428,0.007766,0.024849,0.007741,0.013187,2.098377,1.255896,0.544946,1.586757,1.418678,0.70541,1.202193,2.299716,1.052236,1.427889,1.008736,1.289231,1.951145,1.184383,0.577831,1.851083,0.618353,0.754704,2.644825,3.411933,0.43099,2.263213,2.240179,1.65629,0.00128,0.05705,0.0,0.0,0.0,0,0,0,0.001294,0.084743,0.064907,0.052092,0,0.0,0.014093,0.002396,0.0106,0.0,0.467395,0.0,0.001294,0.009557,0.004764,0.035453,0.069135,0.026516,0.057548,0.063087,0.134271,0.033996,0,0.101994,0.067302,0.079009,0.164351,0.082846,0,0,0,0,0,0,0,0,0,0,0,0
92,2143,2399,865,2486,1254,747,2190,1376,1370,2557,2962,20349,812,354,60,690,460,46,82,220,137,758,1212,4831,104,91,452,453,106,86,46,319,202,392,786,3037,957,406,113,896,502,104,490,534,177,947,1251,6377,45,60,32,138,39,3,27,436,37,233,36,1086,694,1378,1016,2373,1693,346,1062,1366,946,2767,2683,16324,236,374,171,222,185,36,811,140,62,1625,1014,4876,6,37,1,13,6,3,1,0,2,42,24,135,1669,1551,462,1995,797,435,544,934,783,2239,1683,13092,1536,1474,474,2277,363,468,1168,1384,335,3515,3792,16786,2,74,0,0,0,0,0,0,0,135,102,313,0,0,10,1,3,0,208,0,1,10,9,242,51,28,57,77,72,23,0,41,65,128,297,839,0,0,0,0,0,0,0,0,0,0,0,0,2.743637,1.927635,1.015902,1.985242,2.215469,1.269739,4.921127,3.341509,1.773141,1.629233,1.763799,2.002486,1.039586,0.284445,0.070467,0.551013,0.812692,0.07819,0.184261,0.534253,0.177314,0.482972,0.721716,0.475405,0.133149,0.07312,0.530853,0.361752,0.187273,0.146181,0.103366,0.774667,0.261441,0.249769,0.468044,0.298862,1.225227,0.326228,0.132713,0.715518,0.886894,0.176778,1.101074,1.296777,0.229085,0.603396,0.74494,0.627542,0.057613,0.048211,0.037583,0.110203,0.068902,0.005099,0.060671,1.058792,0.047888,0.14846,0.021437,0.10687,0.888513,1.107245,1.193245,1.895004,2.99106,0.588125,2.38641,3.317225,1.224374,1.763038,1.597661,1.606397,0.302146,0.300515,0.200832,0.177282,0.326844,0.061192,1.82239,0.339979,0.080244,1.035395,0.603812,0.479833,0.007682,0.02973,0.001174,0.010381,0.0106,0.005099,0.002247,0.0,0.002589,0.026761,0.014291,0.013846,2.136785,1.246254,0.542597,1.593145,1.408077,0.739406,1.222417,2.268146,1.013409,1.426614,1.002185,1.288346,1.966508,1.184383,0.556691,1.818342,0.64132,0.795499,2.624601,3.360936,0.433578,2.239638,2.258043,1.651861,0.002561,0.05946,0.0,0.0,0.0,0,0,0,0.0,0.086017,0.060739,0.059343,0,0.0,0.011745,0.000799,0.0053,0.0,0.467395,0.0,0.001294,0.006372,0.005359,0.033912,0.065294,0.022498,0.066944,0.06149,0.127204,0.039095,0,0.099565,0.084127,0.081557,0.176856,0.086345,0,0,0,0,0,0,0,0,0,0,0,0
93,2134,2370,838,2475,1245,798,2149,1365,1388,2578,2911,20251,807,345,52,683,449,41,78,207,147,751,1164,4724,88,94,418,447,101,69,47,309,199,385,762,2919,952,404,119,925,486,111,486,541,176,941,1168,6309,43,70,34,138,38,5,26,435,32,237,35,1093,679,1365,1017,2355,1690,345,1069,1359,971,2789,2646,16285,216,363,170,209,199,32,800,147,77,1583,976,4772,5,37,0,21,5,2,1,1,3,36,18,129,1661,1534,428,2003,799,437,530,948,757,2227,1644,12968,1500,1498,438,2258,351,457,1136,1426,362,3518,3717,16661,2,60,0,2,0,0,0,0,2,130,99,295,0,0,11,3,4,0,208,1,0,9,7,243,49,32,49,66,72,20,0,47,67,135,257,794,0,0,0,0,0,0,0,0,0,0,0,0,2.732115,1.904333,0.984192,1.976458,2.199569,1.356428,4.828996,3.314796,1.796438,1.642614,1.733429,1.992842,1.033185,0.277213,0.061072,0.545423,0.793258,0.069691,0.175273,0.502683,0.190257,0.478512,0.693134,0.464875,0.112665,0.075531,0.490921,0.35696,0.178439,0.117285,0.105613,0.750382,0.257559,0.245309,0.453752,0.28725,1.218825,0.324621,0.13976,0.738676,0.858627,0.188676,1.092086,1.313776,0.22779,0.599573,0.695515,0.62085,0.055052,0.056246,0.039931,0.110203,0.067135,0.008499,0.058424,1.056364,0.041416,0.151008,0.020842,0.107559,0.869309,1.0968,1.194419,1.88063,2.98576,0.586426,2.402139,3.300226,1.25673,1.777056,1.575628,1.602559,0.27654,0.291676,0.199657,0.166901,0.351578,0.054393,1.797672,0.356978,0.099658,1.008634,0.581184,0.469599,0.006401,0.02973,0.0,0.01677,0.008834,0.0034,0.002247,0.002428,0.003883,0.022938,0.010719,0.013855,2.126543,1.232594,0.502666,1.599534,1.411611,0.742806,1.190958,2.302144,0.979758,1.418968,0.978962,1.276143,1.920418,1.203667,0.514411,1.803169,0.620119,0.776801,2.552694,3.46293,0.468524,2.24155,2.213383,1.63956,0.002561,0.048211,0.0,0.001597,0.0,0,0,0,0.002589,0.082832,0.058952,0.040415,0,0.0,0.012919,0.002396,0.007067,0.0,0.467395,0.002428,0.0,0.005734,0.004168,0.035866,0.062734,0.025713,0.057548,0.052706,0.127204,0.033996,0,0.114136,0.086716,0.086017,0.153037,0.081714,0,0,0,0,0,0,0,0,0,0,0,0
94,2130,2346,891,2474,1232,780,2123,1352,1409,2475,2929,20141,798,360,67,682,440,42,84,209,155,737,1168,4742,101,84,419,441,100,101,52,310,195,369,738,2910,919,385,110,882,481,122,480,532,193,898,1141,6143,45,71,38,132,33,3,27,431,33,247,34,1094,682,1383,978,2315,1688,334,1053,1385,960,2729,2639,16146,233,368,183,233,187,31,811,140,75,1570,995,4826,8,40,1,26,7,6,1,1,0,37,26,153,1638,1515,455,1986,772,410,521,967,745,2221,1674,12904,1458,1465,463,2244,340,426,1147,1401,349,3478,3734,16505,1,69,0,1,0,0,0,0,2,141,103,317,0,0,5,1,7,0,212,1,0,15,8,249,50,29,71,64,72,17,0,45,64,136,266,814,0,0,0,0,0,0,0,0,0,0,0,0,2.726993,1.885049,1.046438,1.97566,2.176602,1.325832,4.770572,3.283227,1.823618,1.576986,1.744148,1.982017,1.021662,0.289266,0.078688,0.544624,0.777358,0.071391,0.188756,0.50754,0.200611,0.469591,0.695515,0.466646,0.129308,0.067495,0.492096,0.352169,0.176672,0.171678,0.116849,0.752811,0.252381,0.235114,0.439461,0.286365,1.176576,0.309354,0.12919,0.704338,0.849793,0.207374,1.078603,1.291921,0.249793,0.572175,0.679438,0.604515,0.057613,0.05705,0.044629,0.105411,0.058302,0.005099,0.060671,1.04665,0.042711,0.15738,0.020246,0.107657,0.87315,1.111263,1.148615,1.848687,2.982227,0.567728,2.366186,3.363365,1.242493,1.738826,1.57146,1.588881,0.298305,0.295694,0.214925,0.186067,0.330377,0.052693,1.82239,0.339979,0.09707,1.00035,0.592498,0.474913,0.010242,0.032141,0.001174,0.020763,0.012367,0.010199,0.002247,0.002428,0.0,0.023575,0.015482,0.016295,2.097096,1.217327,0.534376,1.585958,1.363909,0.696911,1.170734,2.348284,0.964227,1.415145,0.996826,1.269845,1.866646,1.177151,0.543772,1.791989,0.600685,0.724108,2.577412,3.40222,0.451698,2.216063,2.223506,1.624209,0.00128,0.055443,0.0,0.000799,0.0,0,0,0,0.002589,0.08984,0.061334,0.043429,0,0.0,0.005872,0.000799,0.012367,0.0,0.476383,0.002428,0.0,0.009557,0.004764,0.036751,0.064014,0.023302,0.083386,0.051108,0.127204,0.028896,0,0.109279,0.082833,0.086655,0.158397,0.083772,0,0,0,0,0,0,0,0,0,0,0,0
95,2080,2331,806,2432,1237,773,2160,1333,1313,2526,2913,19904,804,333,61,648,431,52,81,212,152,757,1155,4686,102,78,407,430,92,82,51,306,188,364,716,2816,936,388,92,884,473,107,484,532,167,910,1200,6173,50,53,36,133,31,2,27,427,35,226,37,1057,684,1381,916,2321,1626,347,1059,1359,981,2771,2590,16035,224,373,179,204,192,34,821,146,72,1569,962,4776,6,38,2,23,7,0,1,0,4,37,20,138,1659,1532,454,1917,784,369,528,956,793,2151,1660,12803,1491,1473,453,2260,349,409,1132,1393,356,3410,3688,16414,1,70,0,0,0,0,0,0,2,125,107,305,0,0,9,1,7,0,213,1,1,10,8,250,49,33,48,68,63,10,0,45,60,123,268,767,0,0,0,0,0,0,0,0,0,0,0,0,2.662979,1.872996,0.946609,1.94212,2.185435,1.313933,4.853714,3.237087,1.699368,1.609481,1.73462,1.958695,1.029344,0.267571,0.071642,0.517473,0.761457,0.088389,0.182014,0.514826,0.196728,0.482335,0.687774,0.461136,0.130588,0.062674,0.478002,0.343385,0.162538,0.139382,0.114602,0.743097,0.243322,0.231928,0.426361,0.277114,1.198341,0.311764,0.10805,0.705935,0.83566,0.181877,1.087592,1.291921,0.216142,0.579821,0.714571,0.607467,0.064014,0.042586,0.04228,0.10621,0.054768,0.0034,0.060671,1.036936,0.045299,0.143999,0.022033,0.104016,0.875711,1.109656,1.075799,1.853479,2.87269,0.589825,2.379668,3.300226,1.269673,1.765587,1.542282,1.577958,0.286782,0.299712,0.210227,0.162908,0.339211,0.057793,1.844861,0.35455,0.093187,0.999713,0.572848,0.469992,0.007682,0.030534,0.002349,0.018367,0.012367,0.0,0.002247,0.0,0.005177,0.023575,0.01191,0.015063,2.123982,1.230987,0.533202,1.530857,1.38511,0.62722,1.186464,2.321572,1.026351,1.370544,0.988489,1.259906,1.908895,1.183579,0.532027,1.804766,0.616586,0.695212,2.543706,3.382792,0.460758,2.172736,2.196114,1.615254,0.00128,0.056246,0.0,0.0,0.0,0,0,0,0.002589,0.079646,0.063716,0.050438,0,0.0,0.01057,0.000799,0.012367,0.0,0.47863,0.002428,0.001294,0.006372,0.004764,0.033122,0.062734,0.026516,0.056374,0.054303,0.111303,0.016998,0,0.109279,0.077656,0.078371,0.159587,0.078935,0,0,0,0,0,0,0,0,0,0,0,0
96,2038,2267,849,2382,1181,785,2157,1347,1367,2496,2827,19696,790,333,51,644,414,44,80,214,150,728,1127,4575,105,83,428,450,84,89,48,308,171,351,769,2886,874,392,92,850,463,112,475,539,198,900,1147,6042,47,61,29,126,31,2,29,434,31,227,28,1045,674,1317,927,2274,1596,346,1053,1352,984,2696,2596,15815,222,372,182,223,193,34,827,136,78,1598,961,4826,5,35,1,14,8,2,1,3,1,33,25,128,1638,1518,439,1955,742,415,521,968,751,2091,1688,12726,1460,1441,420,2220,342,438,1122,1403,351,3483,3677,16357,2,72,0,0,0,0,0,0,1,131,101,307,0,0,10,3,4,0,218,1,0,15,9,260,48,28,52,74,70,14,0,47,60,126,253,772,0,0,0,0,0,0,0,0,0,0,0,0,2.609208,1.821571,0.997111,1.902191,2.086499,1.334331,4.846973,3.271085,1.769259,1.590366,1.683409,1.938226,1.01142,0.267571,0.059897,0.514278,0.731423,0.074791,0.179767,0.519682,0.19414,0.463857,0.671101,0.450212,0.134429,0.066692,0.502666,0.359356,0.148405,0.151281,0.10786,0.747954,0.221319,0.223645,0.457921,0.284003,1.118963,0.314978,0.10805,0.678784,0.817992,0.190376,1.067368,1.30892,0.256264,0.573449,0.68301,0.594576,0.060173,0.049014,0.034059,0.10062,0.054768,0.0034,0.065166,1.053935,0.040122,0.144637,0.016673,0.102835,0.862908,1.058231,1.088718,1.815946,2.819688,0.588125,2.366186,3.283227,1.273556,1.717799,1.545855,1.556308,0.284222,0.298908,0.21375,0.178081,0.340977,0.057793,1.858343,0.330265,0.100953,1.018191,0.572252,0.474913,0.006401,0.028123,0.001174,0.01118,0.014134,0.0034,0.002247,0.007285,0.001294,0.021026,0.014887,0.012596,2.097096,1.219738,0.515585,1.561202,1.310908,0.70541,1.170734,2.350713,0.971992,1.332314,1.005163,1.252329,1.869207,1.157867,0.49327,1.772823,0.604219,0.744505,2.521235,3.407076,0.454287,2.219249,2.189564,1.609645,0.002561,0.057853,0.0,0.0,0.0,0,0,0,0.001294,0.083469,0.060143,0.050769,0,0.0,0.011745,0.002396,0.007067,0.0,0.489866,0.002428,0.0,0.009557,0.005359,0.038375,0.061453,0.022498,0.061072,0.059094,0.123671,0.023797,0,0.114136,0.077656,0.080283,0.150655,0.07945,0,0,0,0,0,0,0,0,0,0,0,0
97,2059,2293,832,2396,1180,728,2121,1343,1247,2484,2830,19513,759,343,50,647,425,49,79,215,137,703,1084,4491,98,83,393,425,86,70,47,304,170,355,763,2794,896,378,109,858,474,113,469,535,192,903,1136,6063,45,67,33,130,31,5,29,435,40,229,29,1073,703,1336,907,2241,1625,329,1058,1343,921,2733,2586,15782,201,362,191,204,196,33,829,137,76,1561,955,4745,5,36,1,19,6,3,1,1,4,39,20,135,1629,1509,436,1952,751,408,515,954,753,2086,1704,12697,1449,1444,465,2171,332,410,1134,1415,348,3395,3626,16189,1,71,0,1,0,0,0,0,1,130,100,304,0,1,7,0,5,0,224,1,1,12,8,259,44,33,55,72,68,15,0,43,65,123,255,773,0,0,0,0,0,0,0,0,0,0,0,0,2.636094,1.842463,0.977145,1.913371,2.084732,1.237443,4.766078,3.261371,1.613947,1.58272,1.685196,1.920217,0.971731,0.275606,0.058723,0.516674,0.750857,0.083289,0.17752,0.522111,0.177314,0.447928,0.645496,0.441946,0.125467,0.066692,0.46156,0.339392,0.151938,0.118985,0.105613,0.73824,0.220025,0.226194,0.454348,0.274949,1.14713,0.303729,0.128015,0.685172,0.837426,0.192076,1.053885,1.299206,0.248499,0.575361,0.67646,0.596642,0.057613,0.053836,0.038757,0.103814,0.054768,0.008499,0.065166,1.056364,0.051771,0.145911,0.017269,0.105591,0.900036,1.073498,1.065229,1.789593,2.870923,0.559229,2.377421,3.261371,1.192017,1.741374,1.5399,1.553061,0.257336,0.290873,0.224321,0.162908,0.346278,0.056093,1.862838,0.332694,0.098364,0.994616,0.568679,0.466942,0.006401,0.028927,0.001174,0.015173,0.0106,0.005099,0.002247,0.002428,0.005177,0.024849,0.01191,0.013285,2.085574,1.212506,0.512062,1.558807,1.326808,0.693512,1.157251,2.316715,0.974581,1.329128,1.01469,1.249475,1.855124,1.160277,0.546121,1.733693,0.586552,0.696911,2.5482,3.436217,0.450404,2.163178,2.159194,1.593112,0.00128,0.05705,0.0,0.000799,0.0,0,0,0,0.001294,0.082832,0.059548,0.041648,0,0.000804,0.008221,0.0,0.008834,0.0,0.503348,0.002428,0.001294,0.007646,0.004764,0.034349,0.056332,0.026516,0.064595,0.057497,0.120137,0.025497,0,0.104422,0.084127,0.078371,0.151846,0.079553,0,0,0,0,0,0,0,0,0,0,0,0
98,2011,2348,831,2323,1190,771,2121,1284,1244,2462,2841,19426,778,338,54,646,425,42,81,209,146,727,1108,4554,97,78,386,418,82,74,45,299,175,355,731,2740,872,370,101,885,461,108,464,540,171,915,1162,6049,42,69,16,123,30,2,28,429,37,225,29,1030,674,1364,892,2186,1623,328,1035,1350,915,2645,2523,15535,212,358,149,216,209,34,832,132,74,1581,926,4723,6,32,1,20,9,1,1,3,2,40,17,132,1673,1547,410,1919,746,400,511,952,727,2150,1673,12708,1454,1447,394,2167,312,392,1126,1420,326,3465,3582,16085,1,79,0,1,0,0,0,0,2,133,99,315,0,0,8,5,5,0,226,1,0,11,7,263,44,24,39,72,64,13,0,44,60,138,266,764,0,0,0,0,0,0,0,0,0,0,0,0,2.57464,1.886656,0.975971,1.855076,2.102399,1.310534,4.766078,3.118094,1.610064,1.568702,1.691746,1.911656,0.996057,0.271588,0.06342,0.515876,0.750857,0.071391,0.182014,0.50754,0.188963,0.46322,0.659787,0.448146,0.124187,0.062674,0.453339,0.333802,0.144871,0.125784,0.101119,0.726098,0.226496,0.226194,0.435293,0.269635,1.116403,0.297301,0.11862,0.706734,0.814459,0.183577,1.04265,1.311348,0.221319,0.583007,0.691943,0.595264,0.053772,0.055443,0.018791,0.098224,0.053002,0.0034,0.062919,1.041793,0.047888,0.143362,0.017269,0.101359,0.862908,1.095996,1.047612,1.745672,2.86739,0.557529,2.325738,3.27837,1.184251,1.685304,1.502385,1.528754,0.271419,0.287659,0.174994,0.172491,0.369245,0.057793,1.869579,0.320552,0.095776,1.007359,0.55141,0.464777,0.007682,0.025713,0.001174,0.015971,0.0159,0.0017,0.002247,0.007285,0.002589,0.025487,0.010123,0.01299,2.141906,1.24304,0.481526,1.532454,1.317975,0.679914,1.148263,2.311858,0.94093,1.369907,0.996231,1.250557,1.861525,1.162688,0.462735,1.730499,0.551217,0.666315,2.530223,3.44836,0.42193,2.20778,2.132994,1.582878,0.00128,0.063478,0.0,0.000799,0.0,0,0,0,0.002589,0.084743,0.058952,0.043155,0,0.0,0.009396,0.003993,0.008834,0.0,0.507842,0.002428,0.0,0.007009,0.004168,0.038817,0.056332,0.019284,0.045804,0.057497,0.11307,0.022097,0,0.106851,0.077656,0.087929,0.158397,0.078626,0,0,0,0,0,0,0,0,0,0,0,0
99,1995,2297,808,2384,1193,694,2118,1271,1210,2447,2796,19213,783,325,60,641,419,48,81,202,153,725,1106,4543,96,79,394,422,77,67,46,296,187,337,728,2729,901,371,95,844,443,103,465,520,165,873,1131,5911,49,59,28,126,27,2,31,413,29,229,38,1031,680,1359,909,2202,1586,328,1033,1348,911,2694,2510,15560,217,362,154,207,208,29,817,137,63,1555,909,4658,8,33,1,16,6,0,1,3,2,31,18,119,1626,1523,420,1845,741,406,503,941,703,2147,1648,12503,1417,1491,406,2167,319,423,1108,1388,322,3423,3570,16034,2,67,0,0,0,0,0,0,1,134,96,300,0,0,7,3,6,0,222,1,0,12,8,259,52,36,44,74,68,18,0,43,63,132,266,796,0,0,0,0,0,0,0,0,0,0,0,0,2.554156,1.845677,0.948958,1.903788,2.107699,1.17965,4.759337,3.086525,1.566059,1.559145,1.66495,1.890695,1.002458,0.261143,0.070467,0.511883,0.740257,0.08159,0.182014,0.490541,0.198022,0.461945,0.658596,0.447063,0.122907,0.063478,0.462735,0.336996,0.136038,0.113886,0.103366,0.718813,0.242027,0.214725,0.433506,0.268553,1.153531,0.298105,0.111573,0.673992,0.782658,0.175078,1.044897,1.26278,0.213554,0.556246,0.673483,0.581684,0.062734,0.047407,0.032885,0.10062,0.047701,0.0034,0.06966,1.002938,0.037534,0.145911,0.022628,0.101458,0.870589,1.091978,1.067578,1.758449,2.802021,0.557529,2.321244,3.273513,1.179074,1.716525,1.494644,1.531214,0.27782,0.290873,0.180866,0.165304,0.367478,0.049294,1.835873,0.332694,0.081539,0.990793,0.541287,0.45838,0.010242,0.026516,0.001174,0.012777,0.0106,0.0,0.002247,0.007285,0.002589,0.019752,0.010719,0.01243,2.081733,1.223755,0.49327,1.47336,1.309141,0.690112,1.130286,2.285145,0.909867,1.367995,0.981344,1.230384,1.814155,1.198043,0.476828,1.730499,0.563584,0.719009,2.489776,3.37065,0.416753,2.181019,2.125848,1.577859,0.002561,0.053836,0.0,0.0,0.0,0,0,0,0.001294,0.08538,0.057166,0.049611,0,0.0,0.008221,0.002396,0.0106,0.0,0.498854,0.002428,0.0,0.007646,0.004764,0.038227,0.066574,0.028927,0.051676,0.059094,0.120137,0.030596,0,0.104422,0.081539,0.084106,0.158397,0.08192,0,0,0,0,0,0,0,0,0,0,0,0
100,2031,2228,791,2347,1178,703,2079,1292,1206,2419,2810,19084,739,343,46,640,425,57,80,195,147,700,1111,4483,92,81,396,417,84,69,44,299,178,343,703,2706,881,366,104,847,445,102,463,540,172,886,1116,5922,50,65,25,127,29,2,29,420,35,223,35,1040,678,1313,894,2157,1567,323,1027,1334,933,2681,2496,15403,216,366,176,186,198,42,818,147,67,1580,965,4761,4,33,0,11,6,3,1,3,5,37,15,118,1654,1536,447,1875,738,386,506,935,702,2113,1674,12566,1449,1441,463,2193,312,380,1107,1382,300,3462,3609,16098,2,74,0,1,0,0,0,0,1,121,98,297,0,0,6,2,7,0,227,0,0,12,7,261,41,29,56,79,61,9,0,45,66,142,282,810,0,0,0,0,0,0,0,0,0,0,0,0,2.600246,1.790234,0.928993,1.874241,2.081199,1.194948,4.6717,3.137522,1.560882,1.541304,1.673286,1.878001,0.946126,0.275606,0.054025,0.511084,0.750857,0.096888,0.179767,0.473542,0.190257,0.446016,0.661573,0.441159,0.117786,0.065085,0.465084,0.333003,0.148405,0.117285,0.098872,0.726098,0.230379,0.218548,0.418619,0.26629,1.127925,0.294087,0.122143,0.676388,0.786191,0.173378,1.040403,1.311348,0.222613,0.564529,0.664551,0.582767,0.064014,0.052229,0.029361,0.101418,0.051235,0.0034,0.065166,1.019937,0.045299,0.142088,0.020842,0.102343,0.868029,1.055017,1.049961,1.722513,2.768453,0.54903,2.307761,3.239515,1.207548,1.708242,1.486307,1.515764,0.27654,0.294087,0.206704,0.148534,0.349811,0.071391,1.83812,0.356978,0.086716,1.006722,0.574634,0.468516,0.005121,0.026516,0.0,0.008784,0.0106,0.005099,0.002247,0.007285,0.006471,0.023575,0.008932,0.012674,2.117581,1.234201,0.524981,1.497317,1.303841,0.656117,1.137028,2.270575,0.908573,1.346332,0.996826,1.236583,1.855124,1.157867,0.543772,1.751262,0.551217,0.645918,2.487529,3.35608,0.388279,2.205868,2.149071,1.584157,0.002561,0.05946,0.0,0.000799,0.0,0,0,0,0.001294,0.077097,0.058357,0.040689,0,0.0,0.007047,0.001597,0.012367,0.0,0.510089,0.0,0.0,0.007646,0.004168,0.041015,0.052491,0.023302,0.065769,0.063087,0.10777,0.015298,0,0.109279,0.085421,0.090478,0.167924,0.08336,0,0,0,0,0,0,0,0,0,0,0,0
101,2011,2235,803,2291,1156,676,2066,1260,1215,2388,2751,18852,766,345,48,624,421,40,79,201,137,699,1137,4497,95,77,346,420,80,62,44,287,183,342,716,2652,909,393,103,841,451,113,456,521,162,863,1113,5925,49,60,20,116,30,2,27,426,29,221,32,1012,660,1317,930,2196,1572,325,1030,1314,922,2616,2483,15365,196,355,166,192,206,36,816,143,66,1535,935,4646,4,30,0,17,6,4,1,2,3,37,19,123,1677,1491,407,1921,736,368,514,955,683,2156,1650,12558,1439,1426,423,2207,315,411,1075,1377,307,3420,3573,15973,2,71,0,0,0,0,0,0,1,116,107,297,0,0,14,3,6,0,225,1,0,13,8,270,47,31,52,77,69,17,0,45,60,127,258,783,0,0,0,0,0,0,0,0,0,0,0,0,2.57464,1.795859,0.943086,1.829521,2.042331,1.149054,4.642488,3.059812,1.572531,1.521552,1.638153,1.85517,0.980693,0.277213,0.056374,0.498307,0.74379,0.067991,0.17752,0.488113,0.177314,0.445379,0.677056,0.442537,0.121626,0.061871,0.406361,0.335399,0.141338,0.105387,0.098872,0.696957,0.23685,0.217911,0.426361,0.260976,1.163773,0.315782,0.120969,0.671596,0.796792,0.192076,1.024673,1.265208,0.209671,0.549874,0.662764,0.583062,0.062734,0.048211,0.023489,0.092634,0.053002,0.0034,0.060671,1.034508,0.037534,0.140814,0.019055,0.099588,0.844984,1.058231,1.092242,1.753657,2.777287,0.55243,2.314503,3.190947,1.193311,1.666826,1.478566,1.512025,0.250935,0.285248,0.194959,0.153325,0.363945,0.061192,1.833625,0.347264,0.085421,0.97805,0.55677,0.457199,0.005121,0.024105,0.0,0.013576,0.0106,0.006799,0.002247,0.004857,0.003883,0.023575,0.011314,0.013211,2.147027,1.198043,0.478002,1.534051,1.300307,0.625521,1.155004,2.319143,0.883982,1.37373,0.982535,1.235796,1.842321,1.145814,0.496794,1.762442,0.556517,0.698611,2.415622,3.343937,0.397339,2.179107,2.127634,1.571856,0.002561,0.05705,0.0,0.0,0.0,0,0,0,0.001294,0.073911,0.063716,0.049115,0,0.0,0.016442,0.002396,0.0106,0.0,0.505595,0.002428,0.0,0.008283,0.004764,0.039851,0.060173,0.024909,0.061072,0.06149,0.121904,0.028896,0,0.109279,0.077656,0.08092,0.153633,0.080582,0,0,0,0,0,0,0,0,0,0,0,0
102,1919,2200,818,2312,1175,701,2068,1272,1185,2387,2734,18771,783,340,51,618,414,54,80,199,141,708,1112,4500,99,72,362,402,72,79,49,290,178,324,731,2658,901,410,108,831,427,129,451,520,173,863,1123,5936,45,60,23,121,29,2,27,428,25,220,27,1007,682,1343,829,2126,1592,297,1011,1328,869,2639,2491,15207,216,407,164,193,204,49,809,148,65,1551,933,4739,4,32,0,13,8,3,1,3,4,34,20,122,1627,1536,395,1909,737,387,493,922,704,2151,1662,12523,1394,1481,440,2137,324,367,1064,1360,300,3426,3572,15865,2,76,1,1,0,0,0,0,1,124,99,304,0,0,11,1,7,0,220,1,2,12,8,262,45,27,52,62,69,22,0,43,62,132,253,767,0,0,0,0,0,0,0,0,0,0,0,0,2.456855,1.767736,0.960703,1.846291,2.075898,1.191549,4.646982,3.088953,1.533703,1.520915,1.62803,1.847199,1.002458,0.273196,0.059897,0.493516,0.731423,0.091788,0.179767,0.483256,0.182491,0.451113,0.662169,0.442832,0.126748,0.057853,0.425152,0.321025,0.127204,0.134283,0.110107,0.704242,0.230379,0.206442,0.435293,0.261566,1.153531,0.329442,0.126841,0.663611,0.75439,0.219272,1.013438,1.26278,0.223908,0.549874,0.668719,0.584144,0.057613,0.048211,0.027012,0.096627,0.051235,0.0034,0.060671,1.039365,0.032357,0.140176,0.016078,0.099096,0.87315,1.079122,0.973622,1.697758,2.812621,0.504836,2.271808,3.224945,1.124715,1.681481,1.48333,1.496477,0.27654,0.327031,0.19261,0.154124,0.360411,0.083289,1.817896,0.359406,0.084127,0.988244,0.555579,0.466351,0.005121,0.025713,0.0,0.010381,0.014134,0.005099,0.002247,0.007285,0.005177,0.021664,0.01191,0.013104,2.083013,1.234201,0.463909,1.524468,1.302074,0.657816,1.107815,2.239005,0.911162,1.370544,0.98968,1.232352,1.784708,1.190007,0.516759,1.706542,0.572418,0.623821,2.390904,3.302654,0.388279,2.18293,2.127039,1.561228,0.002561,0.061067,0.001174,0.000799,0.0,0,0,0,0.001294,0.079009,0.058952,0.037297,0,0.0,0.012919,0.000799,0.012367,0.0,0.49436,0.002428,0.002589,0.007646,0.004764,0.034711,0.057613,0.021695,0.061072,0.049511,0.121904,0.037395,0,0.104422,0.080244,0.084106,0.150655,0.078935,0,0,0,0,0,0,0,0,0,0,0,0
103,1936,2156,761,2326,1135,682,2047,1288,1148,2330,2689,18498,757,337,26,613,417,45,83,203,139,685,1110,4415,100,82,355,428,83,75,47,268,171,331,730,2670,877,396,91,817,445,103,441,530,152,851,1113,5816,46,56,23,123,29,1,23,422,28,228,32,1011,685,1352,883,2161,1582,293,999,1318,928,2632,2503,15336,221,361,167,216,204,32,808,143,76,1513,928,4669,4,30,1,15,5,0,1,3,2,27,15,103,1600,1473,430,1862,729,404,508,913,735,2174,1618,12446,1427,1403,410,2141,318,418,1054,1374,271,3376,3552,15744,1,60,0,0,0,0,0,0,2,131,102,296,0,0,9,0,7,0,222,1,0,9,7,255,49,30,56,68,61,20,0,47,61,124,245,761,0,0,0,0,0,0,0,0,0,0,0,0,2.478619,1.732381,0.893759,1.857471,2.005229,1.159253,4.599793,3.127808,1.485815,1.484597,1.601234,1.820334,0.969171,0.270785,0.030536,0.489523,0.736723,0.07649,0.186508,0.49297,0.179903,0.436459,0.660978,0.434467,0.128028,0.065888,0.416931,0.341788,0.146638,0.127484,0.105613,0.650817,0.221319,0.210902,0.434697,0.262747,1.122804,0.318192,0.106875,0.652431,0.786191,0.175078,0.990967,1.287064,0.196728,0.542228,0.662764,0.572336,0.058893,0.044997,0.027012,0.098224,0.051235,0.0017,0.051683,1.024794,0.036239,0.145274,0.019055,0.09949,0.876991,1.086354,1.037042,1.725708,2.794954,0.498037,2.244843,3.200661,1.201077,1.677021,1.490475,1.509171,0.282942,0.290069,0.196134,0.172491,0.360411,0.054393,1.815649,0.347264,0.098364,0.964032,0.552601,0.459463,0.005121,0.024105,0.001174,0.011979,0.008834,0.0,0.002247,0.007285,0.002589,0.017203,0.008932,0.010759,2.048446,1.183579,0.505015,1.486935,1.28794,0.686713,1.141522,2.21715,0.951284,1.385199,0.963479,1.224775,1.826958,1.127333,0.481526,1.709736,0.561818,0.71051,2.368433,3.336652,0.350745,2.151072,2.115129,1.549321,0.00128,0.048211,0.0,0.0,0.0,0,0,0,0.002589,0.083469,0.060739,0.04895,0,0.0,0.01057,0.0,0.012367,0.0,0.498854,0.002428,0.0,0.005734,0.004168,0.04617,0.062734,0.024105,0.065769,0.054303,0.10777,0.033996,0,0.114136,0.07895,0.079009,0.145892,0.078318,0,0,0,0,0,0,0,0,0,0,0,0
104,1920,2100,784,2259,1127,703,2035,1277,1198,2325,2693,18421,746,334,56,611,421,38,82,202,131,673,1090,4384,86,80,355,389,70,76,45,265,157,315,738,2576,871,356,104,796,427,111,447,511,171,852,1117,5763,49,61,30,124,30,2,22,424,27,225,36,1030,657,1327,871,2119,1528,321,988,1293,892,2585,2427,15008,206,364,146,212,210,26,797,142,73,1527,924,4627,4,28,5,15,7,1,1,2,3,36,13,115,1603,1459,401,1911,733,399,501,900,702,2137,1614,12360,1407,1335,391,2155,307,403,1049,1328,272,3410,3526,15583,2,64,1,0,0,0,0,0,2,133,93,295,0,1,11,0,5,0,226,1,0,10,8,262,38,28,52,87,66,16,0,47,63,128,264,789,0,0,0,0,0,0,0,0,0,0,0,0,2.458135,1.687384,0.920771,1.803967,1.991096,1.194948,4.572828,3.101095,1.550528,1.481411,1.603616,1.812757,0.955088,0.268374,0.065769,0.487926,0.74379,0.064592,0.184261,0.490541,0.169549,0.428813,0.649068,0.431417,0.110104,0.064281,0.416931,0.310643,0.123671,0.129184,0.101119,0.643532,0.203199,0.200707,0.439461,0.253497,1.115123,0.286052,0.122143,0.635661,0.75439,0.188676,1.004449,1.240924,0.221319,0.542865,0.665146,0.56712,0.062734,0.049014,0.035234,0.099023,0.053002,0.0034,0.049436,1.029651,0.034945,0.143362,0.021437,0.101359,0.841143,1.066266,1.022949,1.692168,2.699551,0.545631,2.220125,3.13995,1.154483,1.647074,1.445219,1.476894,0.263737,0.29248,0.17147,0.169297,0.371012,0.044194,1.790931,0.344836,0.094481,0.972952,0.550219,0.45533,0.005121,0.022498,0.005872,0.011979,0.012367,0.0017,0.002247,0.004857,0.003883,0.022938,0.007741,0.011317,2.052287,1.17233,0.470956,1.526065,1.295007,0.678214,1.125792,2.18558,0.908573,1.361623,0.961098,1.216312,1.801352,1.072694,0.459211,1.720916,0.542384,0.685013,2.357197,3.224945,0.35204,2.172736,2.099647,1.533478,0.002561,0.051425,0.001174,0.0,0.0,0,0,0,0.002589,0.084743,0.055379,0.042763,0,0.000804,0.012919,0.0,0.008834,0.0,0.507842,0.002428,0.0,0.006372,0.004764,0.038714,0.048651,0.022498,0.061072,0.069475,0.116604,0.027197,0,0.114136,0.081539,0.081557,0.157206,0.081199,0,0,0,0,0,0,0,0,0,0,0,0
105,1925,2125,807,2237,1127,726,1975,1238,1207,2325,2660,18352,748,326,50,598,417,49,86,196,136,694,1078,4378,92,74,372,423,66,64,45,259,176,314,724,2609,872,380,104,802,435,99,442,520,179,846,1075,5754,42,62,17,116,29,2,24,420,24,210,30,976,649,1271,901,2109,1529,312,974,1298,893,2600,2442,14978,201,340,154,204,213,32,800,145,55,1497,892,4533,4,25,0,17,5,2,1,3,3,35,20,115,1605,1463,378,1880,712,395,511,898,707,2133,1640,12322,1394,1315,415,2131,305,393,1037,1319,259,3349,3489,15406,2,68,0,0,0,0,0,0,1,124,100,295,0,0,12,1,8,0,232,1,0,11,8,273,37,35,56,67,60,14,0,42,64,123,233,731,0,0,0,0,0,0,0,0,0,0,0,0,2.464536,1.707472,0.947784,1.786399,1.991096,1.234043,4.438003,3.006387,1.562176,1.481411,1.583965,1.805967,0.957648,0.261946,0.058723,0.477544,0.736723,0.083289,0.19325,0.475971,0.17602,0.442193,0.641923,0.430826,0.117786,0.05946,0.436897,0.337795,0.116604,0.108786,0.101119,0.628961,0.22779,0.20007,0.431124,0.256744,1.116403,0.305336,0.122143,0.640452,0.768524,0.168279,0.993214,1.26278,0.231673,0.539042,0.640136,0.566234,0.053772,0.049818,0.019966,0.092634,0.051235,0.0034,0.05393,1.019937,0.031062,0.133805,0.017864,0.096045,0.830901,1.021269,1.058182,1.684182,2.701318,0.530333,2.188666,3.152092,1.155778,1.656631,1.454151,1.473941,0.257336,0.273196,0.180866,0.162908,0.376312,0.054393,1.797672,0.352121,0.071185,0.953837,0.531164,0.446079,0.005121,0.020088,0.0,0.013576,0.008834,0.0034,0.002247,0.007285,0.003883,0.022301,0.01191,0.012352,2.054847,1.175544,0.443943,1.50131,1.257906,0.671415,1.148263,2.180723,0.915045,1.359075,0.97658,1.212572,1.784708,1.056624,0.487398,1.70175,0.53885,0.668015,2.330232,3.203089,0.335214,2.133869,2.077614,1.51606,0.002561,0.054639,0.0,0.0,0.0,0,0,0,0.001294,0.079009,0.059548,0.048784,0,0.0,0.014093,0.000799,0.014134,0.0,0.521325,0.002428,0.0,0.007009,0.004764,0.040293,0.04737,0.028123,0.065769,0.053504,0.106003,0.023797,0,0.101994,0.082833,0.078371,0.138746,0.07523,0,0,0,0,0,0,0,0,0,0,0,0
106,1877,2133,807,2245,1108,682,1976,1225,1148,2337,2686,18224,748,308,34,599,410,44,90,189,120,668,1013,4223,92,81,348,402,73,83,44,253,163,322,685,2546,858,350,105,803,429,92,440,498,150,849,1086,5660,46,61,22,120,27,4,22,402,25,224,40,993,646,1325,893,2104,1530,276,968,1288,890,2620,2359,14899,214,362,169,201,209,33,785,142,68,1521,915,4619,6,26,1,13,7,2,1,3,2,37,15,113,1580,1447,415,1858,705,398,513,878,707,2155,1619,12275,1381,1353,399,2049,303,404,1024,1295,277,3381,3478,15344,2,65,0,1,0,0,0,0,0,131,91,290,0,0,6,2,8,0,231,2,0,9,7,265,41,36,54,64,65,13,0,49,74,129,254,779,0,0,0,0,0,0,0,0,0,0,0,0,2.403083,1.7139,0.947784,1.792787,1.957528,1.159253,4.44025,2.974817,1.485815,1.489057,1.599447,1.793371,0.957648,0.247483,0.039931,0.478343,0.724356,0.074791,0.202238,0.458972,0.155312,0.425627,0.603217,0.415573,0.117786,0.065085,0.40871,0.321025,0.128971,0.141082,0.098872,0.614391,0.210965,0.205167,0.407901,0.250544,1.098479,0.281231,0.123318,0.641251,0.757924,0.15638,0.98872,1.209354,0.19414,0.540954,0.646686,0.556984,0.058893,0.049014,0.025838,0.095828,0.047701,0.006799,0.049436,0.976226,0.032357,0.142725,0.023819,0.097718,0.82706,1.064659,1.048787,1.680189,2.703085,0.46914,2.175183,3.127808,1.151895,1.669375,1.404727,1.466167,0.27398,0.290873,0.198483,0.160512,0.369245,0.056093,1.763966,0.344836,0.08801,0.969129,0.54486,0.454542,0.007682,0.020891,0.001174,0.010381,0.012367,0.0034,0.002247,0.007285,0.002589,0.023575,0.008932,0.01112,2.02284,1.162688,0.487398,1.483741,1.245539,0.676514,1.152757,2.132155,0.915045,1.373092,0.964075,1.207947,1.768065,1.087157,0.468607,1.636268,0.535317,0.686713,2.30102,3.144807,0.358511,2.154258,2.071064,1.509958,0.002561,0.052229,0.0,0.000799,0.0,0,0,0,0.0,0.083469,0.054188,0.044433,0,0.0,0.007047,0.001597,0.014134,0.0,0.519078,0.004857,0.0,0.005734,0.004168,0.039113,0.052491,0.028927,0.06342,0.051108,0.114837,0.022097,0,0.118993,0.095776,0.082194,0.151251,0.08017,0,0,0,0,0,0,0,0,0,0,0,0
107,1860,2129,752,2253,1077,658,1960,1230,1193,2292,2609,18013,748,327,37,589,403,47,80,195,127,672,1052,4277,94,72,368,414,70,78,45,245,162,321,706,2575,873,348,87,808,417,100,448,503,151,827,1068,5630,45,64,25,120,26,4,23,403,30,203,39,982,663,1258,876,2063,1508,289,961,1251,855,2561,2380,14665,214,374,167,198,211,37,776,144,68,1523,880,4592,4,18,2,11,5,1,1,1,2,26,17,88,1517,1457,394,1898,708,417,511,891,653,2152,1618,12216,1344,1346,437,2005,303,421,1017,1281,308,3343,3480,15285,2,70,0,0,0,0,0,0,1,110,96,279,0,0,13,4,8,0,227,2,2,10,6,272,41,33,48,68,71,19,0,47,76,134,245,782,0,0,0,0,0,0,0,0,0,0,0,0,2.381318,1.710686,0.883189,1.799176,1.90276,1.118458,4.404296,2.986959,1.544057,1.460384,1.553596,1.772607,0.957648,0.26275,0.043455,0.470357,0.711989,0.07989,0.179767,0.473542,0.164372,0.428175,0.62644,0.420887,0.120346,0.057853,0.432199,0.330608,0.123671,0.132583,0.101119,0.594963,0.209671,0.20453,0.420406,0.253398,1.117683,0.279624,0.102177,0.645244,0.736723,0.169978,1.006696,1.221496,0.195434,0.526936,0.635968,0.554032,0.057613,0.051425,0.029361,0.095828,0.045935,0.006799,0.051683,0.978654,0.038828,0.129345,0.023224,0.096636,0.848825,1.010823,1.028821,1.647448,2.664217,0.491238,2.159454,3.037956,1.106596,1.631782,1.417232,1.44314,0.27398,0.300515,0.196134,0.158117,0.372778,0.062892,1.743742,0.349693,0.08801,0.970404,0.524019,0.451885,0.005121,0.014463,0.002349,0.008784,0.008834,0.0017,0.002247,0.002428,0.002589,0.016566,0.010123,0.00866,1.942183,1.170723,0.462735,1.515684,1.250839,0.70881,1.148263,2.163724,0.845154,1.371181,0.963479,1.202141,1.720694,1.081533,0.513236,1.601131,0.535317,0.715609,2.285291,3.110809,0.398633,2.130046,2.072255,1.504152,0.002561,0.056246,0.0,0.0,0.0,0,0,0,0.001294,0.070088,0.057166,0.046138,0,0.0,0.015268,0.003194,0.014134,0.0,0.510089,0.004857,0.002589,0.006372,0.003573,0.036036,0.052491,0.026516,0.056374,0.054303,0.125437,0.032296,0,0.114136,0.098364,0.08538,0.145892,0.080479,0,0,0,0,0,0,0,0,0,0,0,0
108,1878,2084,755,2167,1089,684,1936,1210,1180,2273,2641,17897,747,300,36,574,394,45,78,186,126,654,1069,4209,88,73,347,413,77,84,46,259,165,325,666,2543,811,378,94,785,416,111,449,494,159,817,1071,5585,45,58,25,123,25,4,21,400,34,208,36,979,649,1227,864,2099,1487,324,924,1255,854,2576,2335,14594,200,365,162,187,211,30,768,139,57,1495,935,4549,4,23,3,12,5,4,1,2,3,28,24,109,1557,1423,399,1820,700,401,500,864,670,2132,1587,12053,1339,1308,406,2043,309,441,985,1251,274,3312,3453,15121,2,57,0,0,0,0,0,0,1,122,95,277,0,1,7,6,5,0,221,3,0,9,7,259,42,29,71,64,69,14,0,46,76,126,260,797,0,0,0,0,0,0,0,0,0,0,0,0,2.404363,1.674528,0.886712,1.730499,1.92396,1.162652,4.350366,2.938391,1.527231,1.448278,1.572651,1.761192,0.956368,0.241055,0.04228,0.458379,0.696088,0.07649,0.175273,0.451687,0.163077,0.416706,0.636563,0.414195,0.112665,0.058657,0.407535,0.329809,0.136038,0.142782,0.103366,0.628961,0.213554,0.207079,0.396587,0.250249,1.038306,0.303729,0.110399,0.626877,0.734956,0.188676,1.008943,1.199641,0.205788,0.520565,0.637754,0.549604,0.057613,0.046604,0.029361,0.098224,0.044168,0.006799,0.047189,0.971369,0.044005,0.132531,0.021437,0.096341,0.830901,0.985914,1.014728,1.676196,2.627116,0.55073,2.076311,3.04767,1.105301,1.641339,1.390435,1.436153,0.256056,0.293283,0.190261,0.149332,0.372778,0.050994,1.725765,0.337551,0.073773,0.952563,0.55677,0.447654,0.005121,0.018481,0.003523,0.009583,0.008834,0.006799,0.002247,0.004857,0.003883,0.017841,0.014291,0.010726,1.993394,1.143404,0.468607,1.453396,1.236705,0.681613,1.123545,2.098157,0.867157,1.358438,0.94502,1.186101,1.714293,1.050999,0.476828,1.631476,0.545917,0.749605,2.213384,3.037956,0.354628,2.110293,2.056177,1.488014,0.002561,0.0458,0.0,0.0,0.0,0,0,0,0.001294,0.077734,0.05657,0.045808,0,0.000804,0.008221,0.004791,0.008834,0.0,0.496607,0.007285,0.0,0.005734,0.004168,0.032295,0.053772,0.023302,0.083386,0.051108,0.121904,0.023797,0,0.111707,0.098364,0.080283,0.154824,0.082022,0,0,0,0,0,0,0,0,0,0,0,0
109,1808,1999,751,2182,1080,673,1926,1198,1183,2189,2614,17603,746,297,39,582,384,48,81,190,108,644,1054,4173,83,83,358,406,79,87,46,277,159,318,663,2559,835,328,99,780,418,85,445,490,159,808,1057,5504,36,63,22,117,22,4,21,388,27,206,29,935,645,1254,844,2100,1486,305,915,1225,871,2550,2312,14507,186,319,162,189,215,32,756,138,73,1471,922,4463,7,26,2,20,4,2,1,2,2,32,16,114,1504,1417,406,1900,702,411,502,857,693,2120,1612,12124,1311,1296,438,2051,302,415,1005,1240,287,3265,3438,15048,1,49,1,1,0,0,0,0,1,120,101,274,0,1,12,3,7,0,220,1,1,11,6,262,48,31,59,63,62,17,0,51,58,130,260,779,0,0,0,0,0,0,0,0,0,0,0,0,2.314744,1.606229,0.882014,1.742477,1.90806,1.143955,4.327895,2.90925,1.531114,1.394756,1.556573,1.73226,0.955088,0.238644,0.045804,0.464767,0.678421,0.08159,0.182014,0.4614,0.13978,0.410335,0.627631,0.410653,0.106263,0.066692,0.420454,0.324219,0.139571,0.147881,0.103366,0.672673,0.205788,0.202619,0.3948,0.251824,1.069033,0.263553,0.116271,0.622884,0.73849,0.144482,0.999955,1.189927,0.205788,0.51483,0.629418,0.541633,0.04609,0.050622,0.025838,0.093433,0.038868,0.006799,0.047189,0.942228,0.034945,0.131256,0.017269,0.092011,0.82578,1.007609,0.991239,1.676995,2.625349,0.518434,2.056087,2.974817,1.127304,1.624773,1.37674,1.427592,0.238132,0.256322,0.190261,0.15093,0.379845,0.054393,1.6988,0.335122,0.094481,0.937271,0.549028,0.439191,0.008962,0.020891,0.002349,0.015971,0.007067,0.0034,0.002247,0.004857,0.002589,0.020389,0.009528,0.011218,1.925539,1.138582,0.476828,1.517281,1.240239,0.698611,1.128039,2.081158,0.896925,1.350792,0.959907,1.193087,1.678445,1.041357,0.514411,1.637865,0.53355,0.70541,2.258325,3.011244,0.371454,2.080347,2.047245,1.48083,0.00128,0.039372,0.001174,0.000799,0.0,0,0,0,0.001294,0.07646,0.060143,0.033617,0,0.000804,0.014093,0.002396,0.012367,0.0,0.49436,0.002428,0.001294,0.007009,0.003573,0.029798,0.061453,0.024909,0.069293,0.05031,0.109537,0.028896,0,0.12385,0.075067,0.082832,0.154824,0.08017,0,0,0,0,0,0,0,0,0,0,0,0
110,1840,2021,748,2141,1056,684,1896,1173,1165,2193,2519,17436,720,304,36,571,388,48,78,170,135,629,1044,4123,77,69,361,421,61,77,46,273,185,328,668,2566,831,318,101,760,414,87,436,487,195,795,1012,5436,38,58,18,115,23,3,24,381,29,207,30,926,598,1282,905,2025,1453,300,906,1191,857,2537,2216,14270,192,346,148,190,212,37,763,137,69,1493,910,4497,7,31,2,15,6,1,1,1,3,33,23,123,1458,1440,422,1773,708,400,490,869,689,2067,1588,11904,1283,1311,426,2009,290,398,983,1223,279,3231,3313,14746,3,60,0,1,0,0,0,0,2,125,101,292,0,0,9,2,6,0,214,2,0,8,6,247,47,26,45,62,67,19,0,49,53,125,269,762,0,0,0,0,0,0,0,0,0,0,0,0,2.355713,1.623906,0.878491,1.709736,1.865658,1.162652,4.260483,2.848539,1.507817,1.397305,1.500003,1.715826,0.921801,0.244269,0.04228,0.455983,0.685488,0.08159,0.175273,0.412832,0.174726,0.400777,0.621677,0.405732,0.098581,0.055443,0.423978,0.336198,0.10777,0.130883,0.103366,0.662959,0.239439,0.20899,0.397778,0.252513,1.063912,0.255518,0.11862,0.606912,0.731423,0.147881,0.979731,1.182642,0.252381,0.506547,0.602621,0.534941,0.048651,0.046604,0.02114,0.091835,0.040635,0.005099,0.05393,0.925229,0.037534,0.131893,0.017864,0.091125,0.765607,1.030108,1.06288,1.617102,2.567047,0.509935,2.035864,2.892251,1.109184,1.61649,1.319574,1.404269,0.245813,0.278017,0.173819,0.151728,0.374545,0.062892,1.71453,0.332694,0.089304,0.951289,0.541883,0.442537,0.008962,0.024909,0.002349,0.011979,0.0106,0.0017,0.002247,0.002428,0.003883,0.021026,0.013696,0.012104,1.866646,1.157063,0.495619,1.415863,1.250839,0.679914,1.101074,2.110299,0.891748,1.317022,0.945615,1.171438,1.642597,1.05341,0.500317,1.604325,0.512349,0.676514,2.208889,2.96996,0.3611,2.058683,1.972811,1.451111,0.003841,0.048211,0.0,0.000799,0.0,0,0,0,0.002589,0.079646,0.060143,0.040004,0,0.0,0.01057,0.001597,0.0106,0.0,0.480877,0.004857,0.0,0.005097,0.003573,0.036456,0.060173,0.020891,0.05285,0.049511,0.11837,0.032296,0,0.118993,0.068596,0.079646,0.160183,0.07842,0,0,0,0,0,0,0,0,0,0,0,0
111,1791,2005,736,2131,1058,661,1860,1168,1128,2176,2558,17272,724,316,39,557,384,41,79,182,119,631,1042,4114,77,74,339,402,75,66,45,255,166,333,699,2531,828,334,103,774,389,87,429,473,159,783,999,5358,42,57,22,116,24,1,22,379,26,217,28,934,626,1221,826,2025,1428,296,895,1195,800,2495,2281,14088,188,348,157,198,213,37,757,141,65,1459,905,4468,9,32,1,13,6,1,1,2,1,33,13,112,1463,1388,417,1818,706,394,486,860,677,2073,1563,11845,1271,1262,420,2025,303,393,987,1208,309,3230,3335,14743,3,63,0,0,0,0,0,0,2,131,101,300,0,0,5,1,5,0,207,2,0,8,5,233,51,29,52,72,63,11,0,44,52,139,257,770,0,0,0,0,0,0,0,0,0,0,0,0,2.292979,1.61105,0.864398,1.70175,1.869192,1.123557,4.179587,2.836397,1.45993,1.386473,1.523227,1.699687,0.926922,0.253911,0.045804,0.444803,0.678421,0.069691,0.17752,0.441973,0.154017,0.402052,0.620486,0.404847,0.098581,0.05946,0.39814,0.321025,0.132504,0.112186,0.101119,0.619248,0.214848,0.212176,0.416237,0.249068,1.060071,0.268374,0.120969,0.618092,0.687255,0.147881,0.964002,1.148644,0.205788,0.498901,0.59488,0.527265,0.053772,0.0458,0.025838,0.092634,0.042401,0.0017,0.049436,0.920372,0.033651,0.138265,0.016673,0.091912,0.801454,0.981093,0.970098,1.617102,2.522879,0.503136,2.011146,2.901965,1.035411,1.589729,1.35828,1.386359,0.240692,0.279624,0.184389,0.158117,0.376312,0.062892,1.701047,0.342408,0.084127,0.929625,0.538905,0.439683,0.011523,0.025713,0.001174,0.010381,0.0106,0.0017,0.002247,0.004857,0.001294,0.021026,0.007741,0.011022,1.873048,1.11528,0.489747,1.451798,1.247306,0.669715,1.092086,2.088443,0.876217,1.320845,0.930728,1.165632,1.627234,1.014037,0.49327,1.617102,0.535317,0.668015,2.217878,2.933534,0.399928,2.058046,1.985911,1.450816,0.003841,0.050622,0.0,0.0,0.0,0,0,0,0.002589,0.083469,0.060143,0.049611,0,0.0,0.005872,0.000799,0.008834,0.0,0.465148,0.004857,0.0,0.005097,0.002977,0.03439,0.065294,0.023302,0.061072,0.057497,0.111303,0.018698,0,0.106851,0.067302,0.088566,0.153037,0.079244,0,0,0,0,0,0,0,0,0,0,0,0
112,1790,1981,726,2091,1058,658,1849,1193,1156,2172,2482,17156,718,317,37,540,379,46,74,176,115,613,1024,4039,77,80,356,406,74,77,41,266,155,339,667,2538,787,337,93,751,394,92,419,480,166,762,1023,5304,42,43,21,111,26,5,23,371,32,194,32,900,619,1208,836,1980,1406,297,893,1168,869,2453,2216,13945,195,338,143,189,209,36,751,144,73,1462,930,4470,7,22,0,18,4,4,1,2,4,33,15,110,1444,1414,380,1797,715,388,485,844,680,2088,1548,11783,1277,1281,432,1992,289,412,977,1184,315,3177,3275,14611,2,70,0,0,0,0,0,0,4,123,98,297,0,0,12,1,5,0,202,1,0,6,7,234,43,23,51,64,67,20,0,45,65,128,274,780,0,0,0,0,0,0,0,0,0,0,0,0,2.291699,1.591766,0.852653,1.669808,1.869192,1.118458,4.154869,2.897108,1.496169,1.383924,1.47797,1.688272,0.91924,0.254715,0.043455,0.431227,0.669588,0.07819,0.166285,0.427402,0.14884,0.390583,0.609767,0.397466,0.098581,0.064281,0.418105,0.324219,0.130737,0.130883,0.092131,0.64596,0.200611,0.215999,0.397182,0.249757,1.007579,0.270785,0.109224,0.599725,0.696088,0.15638,0.941531,1.165643,0.214848,0.48552,0.609172,0.521951,0.053772,0.034551,0.024664,0.088641,0.045935,0.008499,0.051683,0.900945,0.041416,0.12361,0.019055,0.088566,0.792492,0.970648,0.981843,1.581167,2.484011,0.504836,2.006651,2.836397,1.124715,1.562968,1.319574,1.372287,0.249654,0.271588,0.167947,0.15093,0.369245,0.061192,1.687565,0.349693,0.094481,0.931537,0.553792,0.43988,0.008962,0.017677,0.0,0.014374,0.007067,0.006799,0.002247,0.004857,0.005177,0.021026,0.008932,0.011815,1.848722,1.136172,0.446292,1.435028,1.263206,0.659516,1.089839,2.049588,0.880099,1.330402,0.921796,1.159531,1.634916,1.029304,0.507364,1.590749,0.510583,0.700311,2.195407,2.875252,0.407693,2.024276,1.950183,1.437826,0.002561,0.056246,0.0,0.0,0.0,0,0,0,0.005177,0.078371,0.058357,0.049115,0,0.0,0.014093,0.000799,0.008834,0.0,0.453912,0.002428,0.0,0.003823,0.004168,0.034537,0.055052,0.018481,0.059897,0.051108,0.11837,0.033996,0,0.109279,0.084127,0.081557,0.16316,0.080273,0,0,0,0,0,0,0,0,0,0,0,0
113,1790,1983,753,2104,1043,672,1819,1140,1131,2122,2465,17022,730,306,37,547,368,44,68,179,125,604,1009,4017,71,82,340,384,77,68,39,270,173,336,639,2479,793,320,107,736,392,99,418,484,176,760,1022,5307,42,55,18,124,31,1,23,352,24,210,29,909,629,1176,838,1998,1393,285,889,1161,812,2461,2177,13819,203,320,174,192,201,41,740,138,80,1453,884,4426,5,22,0,11,4,6,0,2,2,26,15,93,1431,1392,376,1781,711,356,484,843,685,2020,1502,11581,1255,1242,432,1990,293,442,955,1204,284,3191,3295,14583,2,61,0,0,0,0,0,0,3,122,106,294,0,0,11,2,5,0,199,2,1,8,6,234,44,35,53,69,66,18,0,43,72,123,250,773,0,0,0,0,0,0,0,0,0,0,0,0,2.291699,1.593373,0.884363,1.680189,1.842691,1.142255,4.087457,2.768401,1.463812,1.352066,1.467847,1.675085,0.934603,0.245876,0.043455,0.436817,0.650154,0.074791,0.152802,0.434688,0.161783,0.384848,0.600835,0.395301,0.0909,0.065888,0.399314,0.30665,0.136038,0.115585,0.087637,0.655674,0.223908,0.214088,0.380509,0.243951,1.015261,0.257125,0.125667,0.587747,0.692555,0.168279,0.939284,1.175356,0.22779,0.484246,0.608576,0.522246,0.053772,0.044193,0.02114,0.099023,0.054768,0.0017,0.051683,0.854805,0.031062,0.133805,0.017269,0.089452,0.805295,0.944935,0.984192,1.595541,2.461044,0.484438,1.997663,2.819398,1.050942,1.568065,1.29635,1.359888,0.259897,0.257125,0.204355,0.153325,0.355111,0.069691,1.662847,0.335122,0.103541,0.925802,0.5264,0.43555,0.006401,0.017677,0.0,0.008784,0.007067,0.010199,0.0,0.004857,0.002589,0.016566,0.008932,0.01049,1.832079,1.118495,0.441594,1.422251,1.256139,0.605123,1.087592,2.04716,0.886571,1.287075,0.894404,1.139652,1.60675,0.997967,0.507364,1.589152,0.51765,0.751305,2.145971,2.92382,0.367571,2.033196,1.962092,1.435071,0.002561,0.049014,0.0,0.0,0.0,0,0,0,0.003883,0.077734,0.06312,0.048619,0,0.0,0.012919,0.001597,0.008834,0.0,0.447171,0.004857,0.001294,0.005097,0.003573,0.031002,0.056332,0.028123,0.062246,0.055101,0.116604,0.030596,0,0.104422,0.093187,0.078371,0.148869,0.079553,0,0,0,0,0,0,0,0,0,0,0,0
114,1794,1993,720,2079,1023,658,1804,1156,1170,2052,2499,16948,724,318,39,542,362,35,72,161,112,592,993,3950,73,72,315,382,65,74,41,270,165,314,694,2465,802,331,90,747,391,89,414,467,150,757,1016,5254,39,42,22,118,25,2,23,380,27,201,27,906,616,1186,812,1916,1393,255,888,1149,866,2366,2190,13637,192,324,161,175,195,35,744,137,74,1444,877,4358,5,25,1,19,6,5,0,3,2,27,19,112,1396,1433,373,1704,698,386,470,845,673,2002,1497,11477,1251,1256,423,1953,279,390,963,1176,288,3106,3189,14274,1,69,0,1,0,0,0,0,0,119,106,296,0,0,10,5,6,0,203,2,0,8,6,240,48,31,63,62,65,17,0,45,57,124,240,752,0,0,0,0,0,0,0,0,0,0,0,0,2.29682,1.601408,0.845606,1.660225,1.807357,1.118458,4.05375,2.807256,1.514289,1.307464,1.488093,1.667803,0.926922,0.255518,0.045804,0.432824,0.639553,0.059492,0.16179,0.390976,0.144958,0.377202,0.591307,0.388708,0.09346,0.057853,0.369953,0.305053,0.114837,0.125784,0.092131,0.655674,0.213554,0.20007,0.41326,0.242573,1.026783,0.265964,0.105701,0.596531,0.690788,0.151281,0.930295,1.134073,0.19414,0.482335,0.605003,0.517031,0.049931,0.033748,0.025838,0.094231,0.044168,0.0034,0.051683,0.9228,0.034945,0.12807,0.016078,0.089157,0.788652,0.95297,0.953656,1.530058,2.461044,0.433445,1.995416,2.790257,1.120832,1.507534,1.304092,1.341977,0.245813,0.260339,0.189087,0.13975,0.344511,0.059492,1.671835,0.332694,0.095776,0.920068,0.522232,0.428858,0.006401,0.020088,0.001174,0.015173,0.0106,0.008499,0.0,0.007285,0.002589,0.017203,0.011314,0.011526,1.787269,1.151439,0.438071,1.360762,1.233172,0.656117,1.056132,2.052017,0.87104,1.275606,0.891427,1.129418,1.601629,1.009216,0.496794,1.559605,0.492915,0.662916,2.163948,2.855825,0.372748,1.979037,1.898972,1.404663,0.00128,0.055443,0.0,0.000799,0.0,0,0,0,0.0,0.075823,0.06312,0.045353,0,0.0,0.011745,0.003993,0.0106,0.0,0.456159,0.004857,0.0,0.005097,0.003573,0.035423,0.061453,0.024909,0.073991,0.049511,0.114837,0.028896,0,0.109279,0.073773,0.079009,0.142914,0.077391,0,0,0,0,0,0,0,0,0,0,0,0
115,1717,1921,717,2064,1017,627,1800,1146,1196,2066,2475,16746,719,327,44,533,350,47,75,175,112,557,998,3937,74,66,316,396,76,67,43,272,186,323,687,2506,769,319,88,755,371,92,416,466,152,708,992,5128,39,54,26,106,24,2,22,355,27,200,25,880,618,1139,834,1940,1359,296,878,1128,840,2387,2154,13573,182,315,147,182,203,30,731,136,79,1374,879,4258,7,28,0,19,4,4,0,2,1,29,21,115,1401,1340,414,1779,690,384,483,858,669,2000,1506,11524,1253,1266,433,1926,279,397,936,1157,308,3073,3225,14253,3,64,1,0,0,0,0,0,1,127,111,307,0,0,8,3,6,0,204,2,0,10,6,239,43,21,50,67,65,10,0,43,66,128,240,733,0,0,0,0,0,0,0,0,0,0,0,0,2.198238,1.543555,0.842083,1.648246,1.796756,1.065765,4.044762,2.782972,1.54794,1.316385,1.473802,1.647925,0.92052,0.26275,0.051676,0.425637,0.618353,0.07989,0.168532,0.424974,0.144958,0.354901,0.594285,0.387429,0.094741,0.053032,0.371127,0.316233,0.134271,0.113886,0.096625,0.660531,0.240733,0.205805,0.409092,0.246608,0.984534,0.256322,0.103352,0.60292,0.655454,0.15638,0.934789,1.131645,0.196728,0.451113,0.590712,0.504632,0.049931,0.04339,0.030536,0.084648,0.042401,0.0034,0.049436,0.86209,0.034945,0.127433,0.014887,0.086598,0.791212,0.915205,0.979494,1.549224,2.400975,0.503136,1.972945,2.73926,1.087182,1.520915,1.282654,1.335679,0.233011,0.253108,0.172645,0.14534,0.358645,0.050994,1.642623,0.330265,0.102247,0.875466,0.523423,0.419017,0.008962,0.022498,0.0,0.015173,0.007067,0.006799,0.0,0.004857,0.001294,0.018478,0.012505,0.012972,1.79367,1.076712,0.486224,1.420654,1.219038,0.652717,1.085344,2.083586,0.865862,1.274332,0.896786,1.134043,1.604189,1.017251,0.508538,1.538044,0.492915,0.674814,2.103276,2.809685,0.398633,1.958011,1.920409,1.402596,0.003841,0.051425,0.001174,0.0,0.0,0,0,0,0.001294,0.08092,0.066098,0.044502,0,0.0,0.009396,0.002396,0.0106,0.0,0.458406,0.004857,0.0,0.006372,0.003573,0.035275,0.055052,0.016874,0.058723,0.053504,0.114837,0.016998,0,0.104422,0.085421,0.081557,0.142914,0.075436,0,0,0,0,0,0,0,0,0,0,0,0
116,1734,1894,726,2004,998,632,1791,1133,1144,2071,2472,16599,727,287,38,527,343,40,78,166,90,577,995,3868,68,73,332,402,80,69,43,269,165,324,677,2502,764,311,106,718,378,86,415,450,135,739,1022,5124,39,55,16,107,22,2,22,360,25,194,36,878,615,1142,814,1916,1360,294,868,1146,843,2302,2180,13480,192,316,145,171,205,40,745,140,75,1372,865,4266,4,27,3,26,4,3,0,2,2,32,19,122,1403,1386,390,1705,664,359,481,864,627,1952,1510,11341,1198,1246,396,1852,278,375,927,1176,295,3031,3225,13999,1,64,0,1,0,0,0,0,3,119,111,299,0,0,12,3,6,0,203,2,1,8,7,242,47,29,50,69,59,22,0,43,56,117,246,738,0,0,0,0,0,0,0,0,0,0,0,0,2.220003,1.52186,0.852653,1.600332,1.763189,1.074264,4.024538,2.751402,1.480638,1.319571,1.472016,1.633459,0.930763,0.230609,0.044629,0.420846,0.605986,0.067991,0.175273,0.403118,0.116484,0.367645,0.592498,0.380639,0.087059,0.058657,0.389918,0.321025,0.141338,0.117285,0.096625,0.653246,0.213554,0.206442,0.403137,0.246215,0.978133,0.249894,0.124492,0.573373,0.667821,0.146181,0.932542,1.09279,0.174726,0.470866,0.608576,0.504238,0.049931,0.044193,0.018791,0.085447,0.038868,0.0034,0.049436,0.874232,0.032357,0.12361,0.021437,0.086401,0.787371,0.917615,0.956005,1.530058,2.402742,0.499737,1.950474,2.782972,1.091064,1.466756,1.298137,1.326527,0.245813,0.253911,0.170296,0.136555,0.362178,0.067991,1.674082,0.339979,0.09707,0.874192,0.515086,0.419805,0.005121,0.021695,0.003523,0.020763,0.007067,0.005099,0.0,0.004857,0.002589,0.020389,0.011314,0.012556,1.796231,1.113673,0.458037,1.36156,1.173103,0.610223,1.08085,2.098157,0.811503,1.243748,0.899168,1.116035,1.533774,1.001181,0.465084,1.47895,0.491149,0.637419,2.083052,2.855825,0.381808,1.93125,1.920409,1.377601,0.00128,0.051425,0.0,0.000799,0.0,0,0,0,0.003883,0.075823,0.066098,0.040963,0,0.0,0.014093,0.002396,0.0106,0.0,0.456159,0.004857,0.001294,0.005097,0.004168,0.032062,0.060173,0.023302,0.058723,0.055101,0.104237,0.037395,0,0.104422,0.072479,0.074548,0.146487,0.075951,0,0,0,0,0,0,0,0,0,0,0,0
117,1677,1918,697,2001,1020,665,1771,1127,1146,2039,2431,16492,721,294,33,507,343,40,77,169,123,563,1015,3885,72,76,341,400,78,67,44,274,163,296,641,2452,779,307,93,727,383,87,410,470,158,695,965,5074,40,51,23,103,26,2,21,358,24,201,29,878,604,1152,763,1880,1339,298,881,1120,823,2408,2106,13374,188,308,145,164,206,31,733,141,78,1351,874,4219,6,20,3,24,8,3,0,2,4,26,25,121,1378,1336,390,1729,674,370,471,838,709,1991,1480,11366,1228,1240,408,1908,272,367,916,1179,304,3059,3156,14037,2,58,0,0,0,0,0,0,4,128,105,297,0,0,14,1,7,0,202,2,0,10,5,241,44,23,54,71,58,20,0,44,68,117,240,739,0,0,0,0,0,0,0,0,0,0,0,0,2.147027,1.541144,0.818594,1.597936,1.802056,1.130356,3.979596,2.736832,1.483226,1.299181,1.447601,1.62293,0.923081,0.236234,0.038757,0.404874,0.605986,0.067991,0.173026,0.410403,0.159194,0.358724,0.604408,0.382312,0.09218,0.061067,0.400489,0.319428,0.137804,0.113886,0.098872,0.665388,0.210965,0.188601,0.3817,0.241294,0.997337,0.246679,0.109224,0.58056,0.676655,0.147881,0.921307,1.141358,0.204494,0.44283,0.574634,0.499318,0.051211,0.040979,0.027012,0.082253,0.045935,0.0034,0.047189,0.869375,0.031062,0.12807,0.017269,0.086401,0.773288,0.925651,0.896108,1.50131,2.365641,0.506536,1.979686,2.719833,1.065179,1.534295,1.254072,1.316096,0.240692,0.247483,0.170296,0.130965,0.363945,0.052693,1.647117,0.342408,0.100953,0.860811,0.520446,0.415179,0.007682,0.01607,0.003523,0.019166,0.014134,0.005099,0.0,0.004857,0.005177,0.016566,0.014887,0.012453,1.764224,1.073498,0.458037,1.380726,1.190771,0.62892,1.058379,2.035018,0.917633,1.268597,0.881304,1.118495,1.572182,0.99636,0.479177,1.52367,0.480548,0.623821,2.058334,2.86311,0.393456,1.94909,1.879321,1.38134,0.002561,0.046604,0.0,0.0,0.0,0,0,0,0.005177,0.081557,0.062525,0.049115,0,0.0,0.016442,0.000799,0.012367,0.0,0.453912,0.004857,0.0,0.006372,0.002977,0.03557,0.056332,0.018481,0.06342,0.056698,0.10247,0.033996,0,0.106851,0.08801,0.074548,0.142914,0.076053,0,0,0,0,0,0,0,0,0,0,0,0
118,1642,1927,647,2000,1000,639,1761,1115,1186,2034,2329,16280,692,295,39,494,347,58,75,172,125,565,989,3851,59,76,330,398,76,79,40,273,176,320,639,2466,779,296,87,741,382,91,411,451,162,708,961,5069,42,44,25,95,28,4,23,373,35,193,35,897,603,1138,723,1833,1327,307,882,1109,820,2326,2094,13162,179,314,154,165,180,32,743,135,62,1342,845,4151,7,19,2,13,6,5,0,2,0,33,25,112,1375,1357,387,1676,645,349,465,842,663,1936,1492,11187,1213,1232,362,1857,273,391,902,1186,307,3012,3136,13871,2,58,1,1,0,0,0,0,2,114,109,287,0,0,7,2,5,0,194,2,1,8,7,226,47,24,42,58,58,13,0,46,63,125,236,712,0,0,0,0,0,0,0,0,0,0,0,0,2.102217,1.548376,0.759871,1.597138,1.766722,1.086162,3.957126,2.707691,1.534997,1.295995,1.386863,1.602067,0.885953,0.237037,0.045804,0.394493,0.613053,0.098587,0.168532,0.417689,0.161783,0.359999,0.588925,0.378966,0.075536,0.061067,0.38757,0.31783,0.134271,0.134283,0.089884,0.662959,0.22779,0.203893,0.380509,0.242672,0.997337,0.237841,0.102177,0.59174,0.674888,0.15468,0.923554,1.095218,0.209671,0.451113,0.572252,0.498826,0.053772,0.035355,0.029361,0.075864,0.049468,0.006799,0.051683,0.905802,0.045299,0.122973,0.020842,0.088271,0.772008,0.914401,0.84913,1.463777,2.34444,0.521834,1.981933,2.69312,1.061296,1.482048,1.246926,1.295234,0.22917,0.252304,0.180866,0.131764,0.31801,0.054393,1.669588,0.327837,0.080244,0.855077,0.503177,0.408488,0.008962,0.015267,0.002349,0.010381,0.0106,0.008499,0.0,0.004857,0.0,0.021026,0.014887,0.012522,1.760383,1.090371,0.454513,1.338402,1.139536,0.593225,1.044897,2.044732,0.858097,1.233553,0.88845,1.10088,1.552978,0.989932,0.425152,1.482943,0.482315,0.664616,2.026875,2.880109,0.397339,1.919144,1.867411,1.365005,0.002561,0.046604,0.001174,0.000799,0.0,0,0,0,0.002589,0.072637,0.064907,0.035212,0,0.0,0.008221,0.001597,0.008834,0.0,0.435935,0.004857,0.001294,0.005097,0.004168,0.029942,0.060173,0.019284,0.049327,0.046317,0.10247,0.022097,0,0.111707,0.081539,0.079646,0.140532,0.073275,0,0,0,0,0,0,0,0,0,0,0,0
119,1672,1903,717,1951,992,625,1769,1088,1090,2033,2380,16220,697,300,35,503,331,37,72,168,125,559,988,3815,66,72,340,377,68,43,44,259,176,307,630,2382,776,294,93,731,372,75,401,444,148,709,966,5009,46,49,34,100,26,1,24,350,34,198,28,890,588,1151,801,1851,1283,261,884,1128,793,2334,2133,13207,175,333,159,176,201,38,742,130,65,1283,863,4165,6,19,2,15,5,1,0,1,2,23,20,94,1379,1378,386,1715,650,320,457,843,673,1943,1490,11234,1240,1236,407,1860,271,361,889,1163,301,2993,3127,13848,1,57,1,0,0,0,0,0,2,113,111,285,0,0,10,2,5,0,193,2,0,7,6,225,45,25,49,57,52,15,0,44,63,125,237,712,0,0,0,0,0,0,0,0,0,0,0,0,2.140626,1.529091,0.842083,1.558008,1.752588,1.062365,3.975102,2.642123,1.410748,1.295358,1.417232,1.596163,0.892354,0.241055,0.041106,0.40168,0.584785,0.062892,0.16179,0.407975,0.161783,0.356176,0.58833,0.375423,0.084498,0.057853,0.399314,0.30106,0.120137,0.073091,0.098872,0.628961,0.22779,0.19561,0.37515,0.234406,0.993496,0.236234,0.109224,0.583754,0.657221,0.127484,0.901083,1.078219,0.191551,0.451751,0.575229,0.492921,0.058893,0.039372,0.039931,0.079857,0.045935,0.0017,0.05393,0.849948,0.044005,0.126159,0.016673,0.087582,0.752804,0.924847,0.940737,1.478151,2.266704,0.443644,1.986428,2.73926,1.026351,1.487145,1.270149,1.299662,0.224049,0.267571,0.186738,0.140548,0.355111,0.064592,1.667341,0.315695,0.084127,0.817484,0.513895,0.409866,0.007682,0.015267,0.002349,0.011979,0.008834,0.0017,0.0,0.002428,0.002589,0.014655,0.01191,0.009674,1.765504,1.107245,0.453339,1.369546,1.148369,0.543931,1.02692,2.04716,0.87104,1.238013,0.887259,1.105505,1.587545,0.993146,0.478002,1.485338,0.478782,0.613622,1.997663,2.824255,0.389573,1.907037,1.862052,1.362741,0.00128,0.0458,0.001174,0.0,0.0,0,0,0,0.002589,0.072,0.066098,0.041313,0,0.0,0.011745,0.001597,0.008834,0.0,0.433688,0.004857,0.0,0.00446,0.003573,0.033209,0.057613,0.020088,0.057548,0.045518,0.09187,0.025497,0,0.106851,0.081539,0.079646,0.141128,0.073275,0,0,0,0,0,0,0,0,0,0,0,0
120,1685,1893,705,1979,985,614,1768,1066,1080,2025,2385,16185,669,288,33,480,325,39,72,169,95,570,938,3678,65,70,331,358,67,51,41,258,193,300,626,2360,753,318,72,739,379,102,386,441,169,694,978,5031,39,52,15,94,27,2,21,351,24,180,36,841,575,1079,783,1788,1305,282,890,1116,743,2333,2102,12996,182,325,142,165,199,28,739,134,69,1320,839,4142,4,24,1,16,4,4,0,2,2,31,17,105,1389,1344,376,1699,646,348,449,858,649,1924,1497,11179,1187,1210,364,1888,269,372,867,1163,259,2970,3122,13671,2,66,0,1,0,0,0,0,3,127,112,311,0,0,8,1,5,0,195,1,0,8,5,223,49,29,51,63,53,18,0,44,63,123,227,720,0,0,0,0,0,0,0,0,0,0,0,0,2.157269,1.521056,0.82799,1.580368,1.740221,1.043667,3.972855,2.588698,1.397805,1.290261,1.420209,1.592719,0.856506,0.231413,0.038757,0.383313,0.574185,0.066292,0.16179,0.410403,0.122955,0.363185,0.558556,0.361941,0.083218,0.056246,0.388744,0.285888,0.11837,0.086689,0.092131,0.626533,0.249793,0.19115,0.372768,0.232241,0.96405,0.255518,0.084561,0.590142,0.669588,0.173378,0.867377,1.070934,0.218731,0.442193,0.582375,0.495086,0.049931,0.041783,0.017617,0.075065,0.047701,0.0034,0.047189,0.852376,0.031062,0.11469,0.021437,0.08276,0.73616,0.866994,0.919597,1.427841,2.305572,0.479339,1.99991,2.710119,0.961638,1.486508,1.25169,1.278898,0.233011,0.261143,0.166772,0.131764,0.351578,0.047594,1.6606,0.325409,0.089304,0.841059,0.499604,0.407602,0.005121,0.019284,0.001174,0.012777,0.007067,0.006799,0.0,0.004857,0.002589,0.019752,0.010123,0.010806,1.778307,1.079926,0.441594,1.356769,1.141302,0.591525,1.008943,2.083586,0.839977,1.225907,0.891427,1.100093,1.519691,0.972255,0.427501,1.507698,0.475248,0.63232,1.948227,2.824255,0.335214,1.892383,1.859075,1.345323,0.002561,0.053032,0.0,0.000799,0.0,0,0,0,0.003883,0.08092,0.066693,0.042607,0,0.0,0.009396,0.000799,0.008834,0.0,0.438183,0.002428,0.0,0.005097,0.002977,0.032914,0.062734,0.023302,0.059897,0.05031,0.093636,0.030596,0,0.106851,0.081539,0.078371,0.135173,0.074098,0,0,0,0,0,0,0,0,0,0,0,0
121,1669,1879,685,1937,963,614,1744,1061,1040,1983,2363,15938,702,284,30,489,317,44,69,173,96,548,949,3701,71,74,326,344,66,66,43,249,184,310,621,2354,748,300,92,703,371,78,384,448,137,719,987,4967,40,54,23,102,25,1,25,347,29,191,29,866,584,1109,771,1803,1274,302,904,1137,792,2292,2092,13060,180,324,132,167,189,26,733,140,62,1343,845,4141,6,24,1,19,5,3,0,2,3,24,20,107,1364,1325,367,1723,618,336,450,851,619,1960,1478,11091,1205,1238,386,1869,262,393,880,1168,299,2985,3132,13817,1,58,1,1,0,0,0,0,1,135,110,307,0,0,9,0,6,0,194,2,0,7,4,222,44,26,50,59,51,11,0,47,64,123,219,694,0,0,0,0,0,0,0,0,0,0,0,0,2.136785,1.509807,0.804501,1.546828,1.701353,1.043667,3.918925,2.576556,1.346034,1.2635,1.407109,1.568412,0.898756,0.228199,0.035234,0.3905,0.560051,0.074791,0.155049,0.420117,0.124249,0.349167,0.565106,0.364205,0.0909,0.05946,0.382872,0.274708,0.116604,0.112186,0.096625,0.604677,0.238145,0.197521,0.36979,0.23165,0.957648,0.241055,0.10805,0.561394,0.655454,0.132583,0.862883,1.087933,0.177314,0.458122,0.587734,0.488788,0.051211,0.04339,0.027012,0.081454,0.044168,0.0017,0.056177,0.842663,0.037534,0.121699,0.017269,0.085221,0.747683,0.891099,0.905503,1.43982,2.250804,0.513335,2.031369,2.761116,1.025057,1.460384,1.245735,1.285197,0.23045,0.260339,0.155028,0.133361,0.33391,0.044194,1.647117,0.339979,0.080244,0.855714,0.503177,0.407504,0.007682,0.019284,0.001174,0.015173,0.008834,0.005099,0.0,0.004857,0.003883,0.015292,0.01191,0.011012,1.7463,1.064659,0.431024,1.375934,1.091834,0.571127,1.011191,2.066587,0.801149,1.248845,0.880113,1.091433,1.542736,0.994753,0.453339,1.492525,0.462881,0.668015,1.977439,2.836397,0.386985,1.90194,1.86503,1.359691,0.00128,0.046604,0.001174,0.000799,0.0,0,0,0,0.001294,0.086017,0.065502,0.037665,0,0.0,0.01057,0.0,0.0106,0.0,0.435935,0.004857,0.0,0.00446,0.002382,0.040195,0.056332,0.020891,0.058723,0.047116,0.090103,0.018698,0,0.114136,0.082833,0.078371,0.130409,0.071422,0,0,0,0,0,0,0,0,0,0,0,0
122,1651,1869,667,1942,974,668,1738,1049,1060,1989,2312,15919,694,284,31,486,316,46,65,169,101,552,967,3711,73,58,301,343,74,66,40,248,185,306,645,2339,781,291,98,712,370,82,381,428,156,687,951,4937,40,40,17,96,22,0,23,347,24,186,26,821,573,1095,715,1766,1295,268,897,1099,823,2274,2060,12865,181,337,137,165,194,35,732,138,65,1342,835,4161,6,23,0,18,7,3,0,2,2,29,21,111,1404,1295,347,1699,637,341,445,837,622,1944,1439,11010,1220,1255,369,1875,248,370,882,1161,277,2985,3112,13754,1,62,0,2,0,0,0,0,5,120,105,295,0,0,8,3,6,0,194,2,0,9,7,229,48,19,42,55,55,20,0,46,53,131,246,715,0,0,0,0,0,0,0,0,0,0,0,0,2.11374,1.501772,0.78336,1.550821,1.720787,1.135456,3.905442,2.547415,1.37192,1.267323,1.37674,1.566542,0.888513,0.228199,0.036408,0.388105,0.558284,0.07819,0.146061,0.410403,0.130721,0.351716,0.575825,0.365189,0.09346,0.046604,0.35351,0.273909,0.130737,0.112186,0.089884,0.602249,0.239439,0.194973,0.384082,0.230174,0.999898,0.233823,0.115096,0.568581,0.653687,0.139382,0.856141,1.039365,0.201905,0.437733,0.566297,0.485836,0.051211,0.032141,0.019966,0.076663,0.038868,0.0,0.051683,0.842663,0.031062,0.118513,0.015482,0.085757,0.7336,0.87985,0.839734,1.410273,2.287905,0.455542,2.01564,2.668836,1.065179,1.448915,1.22668,1.266007,0.23173,0.270785,0.1609,0.131764,0.342744,0.059492,1.64487,0.335122,0.084127,0.855077,0.497222,0.409472,0.007682,0.018481,0.0,0.014374,0.012367,0.005099,0.0,0.004857,0.002589,0.018478,0.012505,0.012521,1.797511,1.040553,0.407535,1.356769,1.125402,0.579626,0.999955,2.032589,0.805032,1.23865,0.856889,1.083462,1.56194,1.008413,0.433373,1.497317,0.438147,0.62892,1.981933,2.819398,0.358511,1.90194,1.85312,1.353491,0.00128,0.049818,0.0,0.001597,0.0,0,0,0,0.006471,0.07646,0.062525,0.040415,0,0.0,0.009396,0.002396,0.0106,0.0,0.435935,0.004857,0.0,0.005734,0.004168,0.033799,0.061453,0.015267,0.049327,0.043921,0.09717,0.033996,0,0.111707,0.068596,0.083469,0.146487,0.073584,0,0,0,0,0,0,0,0,0,0,0,0
123,1640,1899,633,1982,952,588,1725,1036,1046,1954,2340,15795,685,277,31,484,315,49,66,164,81,536,932,3620,69,68,295,340,66,57,38,255,165,274,627,2254,741,314,73,719,380,79,375,439,163,664,970,4917,40,45,21,97,26,1,23,353,21,192,29,848,551,1111,784,1740,1273,258,903,1108,787,2283,2039,12837,176,323,148,170,193,24,723,137,70,1370,849,4183,4,20,2,12,4,2,0,2,3,26,17,92,1417,1313,336,1651,639,301,443,851,641,1915,1441,10948,1153,1210,355,1853,258,332,865,1171,291,2968,3035,13491,1,58,0,0,0,0,0,0,0,119,106,284,0,0,4,2,5,0,189,2,1,11,6,220,52,26,45,61,52,18,0,50,51,128,247,730,0,0,0,0,0,0,0,0,0,0,0,0,2.099657,1.525877,0.743429,1.582764,1.681919,0.999473,3.87623,2.515845,1.3538,1.245022,1.393413,1.55434,0.876991,0.222574,0.036408,0.386507,0.556517,0.083289,0.148308,0.398261,0.104835,0.341521,0.554983,0.356234,0.088339,0.054639,0.346464,0.271513,0.116604,0.096888,0.085389,0.619248,0.213554,0.174583,0.373363,0.22181,0.948686,0.252304,0.085735,0.574171,0.671354,0.134283,0.842659,1.066077,0.210965,0.423078,0.577611,0.483868,0.051211,0.036158,0.024664,0.077461,0.045935,0.0017,0.051683,0.857233,0.02718,0.122336,0.017269,0.083449,0.705434,0.892706,0.920771,1.38951,2.249037,0.438544,2.029122,2.690692,1.018586,1.45465,1.214175,1.263252,0.225329,0.259536,0.173819,0.135757,0.340977,0.040795,1.624646,0.332694,0.090598,0.872917,0.505559,0.411637,0.005121,0.01607,0.002349,0.009583,0.007067,0.0034,0.0,0.004857,0.003883,0.016566,0.010123,0.009468,1.814155,1.055017,0.394616,1.318437,1.128935,0.511635,0.995461,2.066587,0.829623,1.220173,0.85808,1.077361,1.476161,0.972255,0.416931,1.479748,0.455814,0.564328,1.943733,2.843682,0.376631,1.891108,1.807268,1.32761,0.00128,0.046604,0.0,0.0,0.0,0,0,0,0.0,0.075823,0.06312,0.053845,0,0.0,0.004698,0.001597,0.008834,0.0,0.4247,0.004857,0.001294,0.007009,0.003573,0.029147,0.066574,0.020891,0.05285,0.048713,0.09187,0.030596,0,0.121421,0.066007,0.081557,0.147082,0.075127,0,0,0,0,0,0,0,0,0,0,0,0
124,1652,1836,629,1923,939,611,1718,1030,1038,1943,2318,15637,700,287,30,478,308,36,64,166,105,538,948,3660,76,55,294,331,70,61,41,251,167,281,640,2267,759,274,94,697,381,99,366,440,153,662,925,4850,42,38,22,98,24,0,21,355,25,189,32,846,547,1101,744,1744,1253,288,887,1087,779,2245,2068,12743,188,345,131,163,191,28,721,137,65,1303,869,4141,5,24,1,17,5,2,0,2,1,24,13,94,1365,1304,376,1665,635,345,446,834,628,1902,1446,10946,1156,1206,337,1876,266,368,872,1162,303,2898,3075,13519,1,69,1,2,0,0,0,0,2,123,110,308,0,0,12,1,5,0,192,3,0,10,7,230,49,26,45,61,58,24,0,46,56,127,240,732,0,0,0,0,0,0,0,0,0,0,0,0,2.11502,1.475256,0.738731,1.535648,1.658952,1.038568,3.860501,2.501275,1.343446,1.238013,1.380312,1.538792,0.896195,0.230609,0.035234,0.381716,0.54415,0.061192,0.143814,0.403118,0.135898,0.342795,0.564511,0.36017,0.097301,0.044193,0.345289,0.264326,0.123671,0.103687,0.092131,0.609534,0.216142,0.179044,0.381104,0.223089,0.971731,0.220163,0.110399,0.556603,0.673121,0.168279,0.822435,1.068506,0.198022,0.421804,0.550815,0.477274,0.053772,0.030534,0.025838,0.07826,0.042401,0.0,0.047189,0.86209,0.032357,0.120424,0.019055,0.088368,0.700312,0.884671,0.873793,1.392704,2.213703,0.489538,1.993169,2.639695,1.008232,1.430437,1.231443,1.254001,0.240692,0.277213,0.153853,0.130167,0.337444,0.047594,1.620152,0.332694,0.084127,0.830227,0.517468,0.407504,0.006401,0.019284,0.001174,0.013576,0.008834,0.0034,0.0,0.004857,0.001294,0.015292,0.007741,0.009674,1.74758,1.047785,0.441594,1.329617,1.121868,0.586426,1.002202,2.025304,0.812798,1.21189,0.861058,1.077164,1.480002,0.969041,0.395791,1.498115,0.469948,0.625521,1.959462,2.821827,0.392162,1.846507,1.831087,1.330365,0.00128,0.055443,0.001174,0.001597,0.0,0,0,0,0.002589,0.078371,0.065502,0.037788,0,0.0,0.014093,0.000799,0.008834,0.0,0.431441,0.007285,0.0,0.006372,0.004168,0.033947,0.062734,0.020891,0.05285,0.048713,0.10247,0.040795,0,0.111707,0.072479,0.08092,0.142914,0.075333,0,0,0,0,0,0,0,0,0,0,0,0
125,1649,1911,671,1942,945,568,1728,1032,1018,1998,2296,15758,698,284,21,485,307,34,65,157,94,552,902,3599,67,56,299,320,67,58,38,238,159,274,629,2205,735,314,76,712,386,77,378,430,158,681,948,4895,38,49,19,104,25,0,22,345,29,197,23,851,557,1109,683,1759,1266,265,890,1112,776,2239,2073,12729,182,301,115,162,202,24,728,125,61,1345,825,4070,6,21,0,20,6,7,0,2,3,30,20,115,1369,1310,342,1645,642,322,438,830,630,1950,1435,10913,1202,1218,345,1884,252,344,852,1162,251,2960,3104,13574,1,66,0,1,0,0,0,0,3,123,96,290,0,0,11,3,3,0,194,3,1,11,6,232,41,31,53,56,53,15,0,46,55,129,241,720,0,0,0,0,0,0,0,0,0,0,0,0,2.111179,1.535519,0.788058,1.550821,1.669552,0.965477,3.882972,2.506132,1.317561,1.273057,1.367212,1.550699,0.893634,0.228199,0.024664,0.387306,0.542384,0.057793,0.146061,0.381262,0.121661,0.351716,0.537119,0.354167,0.085779,0.044997,0.351162,0.255542,0.11837,0.098587,0.085389,0.577964,0.205788,0.174583,0.374554,0.216988,0.941005,0.252304,0.089258,0.568581,0.681955,0.130883,0.8494,1.044222,0.204494,0.43391,0.564511,0.481703,0.048651,0.039372,0.022315,0.083051,0.044168,0.0,0.049436,0.837806,0.037534,0.125522,0.013696,0.088891,0.713115,0.891099,0.802152,1.404683,2.23667,0.450443,1.99991,2.700406,1.004349,1.426614,1.234421,1.252624,0.233011,0.241858,0.135062,0.129368,0.356878,0.040795,1.635882,0.303553,0.07895,0.856988,0.491267,0.400517,0.007682,0.016874,0.0,0.015971,0.0106,0.011898,0.0,0.004857,0.003883,0.019115,0.01191,0.012972,1.752701,1.052606,0.401663,1.313646,1.134236,0.54733,0.984225,2.01559,0.815386,1.242473,0.854507,1.073917,1.538895,0.978683,0.405186,1.504504,0.445214,0.584726,1.914521,2.821827,0.32486,1.886011,1.848356,1.335778,0.00128,0.053032,0.0,0.000799,0.0,0,0,0,0.003883,0.078371,0.057166,0.03973,0,0.0,0.012919,0.002396,0.0053,0.0,0.435935,0.007285,0.001294,0.007009,0.003573,0.030737,0.052491,0.024909,0.062246,0.04472,0.093636,0.025497,0,0.111707,0.071185,0.082194,0.14351,0.074098,0,0,0,0,0,0,0,0,0,0,0,0
126,1628,1831,620,1876,966,574,1717,1052,1016,1949,2242,15471,681,268,28,490,301,47,66,167,112,536,921,3617,74,61,302,327,77,63,41,240,165,271,646,2267,752,287,76,680,384,89,373,435,140,675,919,4810,37,35,18,88,27,1,20,365,26,202,24,843,570,1082,677,1687,1233,250,896,1071,742,2259,2031,12498,173,339,136,147,188,36,727,132,64,1330,862,4134,4,16,1,17,8,3,0,1,3,27,21,101,1379,1309,383,1600,621,316,447,813,595,1947,1448,10858,1163,1231,362,1880,244,367,865,1110,247,2972,3060,13501,1,66,0,2,0,0,0,0,1,122,116,308,0,0,4,0,2,0,188,3,0,10,6,213,42,30,46,51,50,13,0,43,45,124,243,687,0,0,0,0,0,0,0,0,0,0,0,0,2.084294,1.471238,0.728161,1.498115,1.706653,0.975676,3.858254,2.5547,1.314972,1.241836,1.335056,1.522456,0.87187,0.215342,0.032885,0.391299,0.531783,0.07989,0.148308,0.405547,0.144958,0.341521,0.548433,0.355938,0.094741,0.049014,0.354685,0.261132,0.136038,0.107086,0.092131,0.582821,0.213554,0.172672,0.384677,0.223089,0.962769,0.230609,0.089258,0.543027,0.678421,0.151281,0.838165,1.056364,0.181197,0.430087,0.547242,0.473338,0.04737,0.028123,0.02114,0.070274,0.047701,0.0017,0.044942,0.886374,0.033651,0.128708,0.014291,0.082957,0.729759,0.869405,0.795105,1.347186,2.178368,0.424946,2.013393,2.60084,0.960344,1.439358,1.209411,1.229892,0.221488,0.272392,0.159726,0.11739,0.332144,0.061192,1.633634,0.320552,0.082833,0.847431,0.5133,0.406815,0.005121,0.012856,0.001174,0.013576,0.014134,0.005099,0.0,0.002428,0.003883,0.017203,0.012505,0.010394,1.765504,1.051803,0.449816,1.27771,1.097134,0.537132,1.004449,1.974307,0.770087,1.240562,0.862249,1.068504,1.488964,0.989128,0.425152,1.50131,0.43108,0.623821,1.943733,2.695549,0.319683,1.893657,1.822155,1.328594,0.00128,0.053032,0.0,0.001597,0.0,0,0,0,0.001294,0.077734,0.069075,0.042196,0,0.0,0.004698,0.0,0.003533,0.0,0.422453,0.007285,0.0,0.006372,0.003573,0.038566,0.053772,0.024105,0.054025,0.040727,0.088336,0.022097,0,0.104422,0.058242,0.079009,0.144701,0.070702,0,0,0,0,0,0,0,0,0,0,0,0
127,1646,1913,639,1845,934,576,1699,1025,995,1995,2253,15520,674,278,30,482,303,51,65,165,96,517,906,3567,57,72,267,322,65,63,39,239,155,282,636,2197,747,305,76,663,361,86,367,429,131,682,936,4783,38,38,17,91,25,0,21,346,25,190,28,819,543,1086,743,1766,1237,245,888,1068,692,2290,2026,12584,169,318,114,164,188,27,725,127,72,1346,807,4057,5,22,1,16,6,5,0,3,1,28,13,100,1386,1316,349,1660,639,323,444,820,595,1954,1437,10923,1139,1234,347,1866,247,319,851,1110,251,2983,3059,13406,1,70,0,1,0,0,0,0,3,118,113,306,0,0,6,0,4,0,189,3,0,11,6,219,46,22,38,59,52,12,0,44,57,115,237,682,0,0,0,0,0,0,0,0,0,0,0,0,2.107339,1.537126,0.750476,1.47336,1.650118,0.979076,3.817806,2.489133,1.287793,1.271146,1.341606,1.527278,0.862908,0.223377,0.035234,0.38491,0.535317,0.086689,0.146061,0.40069,0.124249,0.329415,0.539501,0.351018,0.072976,0.057853,0.313579,0.257139,0.114837,0.107086,0.087637,0.580393,0.200611,0.179681,0.378722,0.2162,0.956368,0.245072,0.089258,0.529451,0.637787,0.146181,0.824682,1.041793,0.169549,0.434547,0.557365,0.470681,0.048651,0.030534,0.019966,0.07267,0.044168,0.0,0.047189,0.840234,0.032357,0.121062,0.016673,0.085548,0.695191,0.872619,0.872619,1.410273,2.185435,0.416447,1.995416,2.593555,0.895631,1.45911,1.206434,1.238355,0.216367,0.255518,0.133888,0.130965,0.332144,0.045894,1.62914,0.30841,0.093187,0.857625,0.480549,0.399238,0.006401,0.017677,0.001174,0.012777,0.0106,0.008499,0.0,0.007285,0.001294,0.017841,0.007741,0.010291,1.774466,1.057427,0.409884,1.325624,1.128935,0.54903,0.997708,1.991306,0.770087,1.245022,0.855698,1.074901,1.458237,0.991539,0.407535,1.49013,0.43638,0.542231,1.912274,2.695549,0.32486,1.900666,1.82156,1.319245,0.00128,0.056246,0.0,0.000799,0.0,0,0,0,0.003883,0.075186,0.067289,0.041922,0,0.0,0.007047,0.0,0.007067,0.0,0.4247,0.007285,0.0,0.007009,0.003573,0.039652,0.058893,0.017677,0.044629,0.047116,0.09187,0.020397,0,0.106851,0.073773,0.073274,0.141128,0.070187,0,0,0,0,0,0,0,0,0,0,0,0
128,1591,1821,623,1884,919,576,1674,1036,1041,1909,2293,15367,663,278,45,477,301,37,62,171,101,525,909,3569,59,66,292,302,65,64,41,245,153,276,611,2174,734,297,88,664,369,81,367,417,156,661,950,4784,39,52,12,91,25,1,19,345,27,191,35,837,551,1068,700,1729,1246,255,868,1076,727,2218,2009,12447,179,313,128,173,182,29,726,130,72,1296,847,4075,2,16,1,10,7,3,0,4,1,23,17,84,1356,1282,381,1638,629,346,447,807,627,1940,1414,10867,1138,1205,365,1844,244,361,842,1137,235,2896,3049,13316,0,67,0,1,0,0,0,0,4,116,118,306,0,0,9,1,5,0,187,2,0,10,7,221,39,23,50,61,55,16,0,48,51,118,252,713,0,0,0,0,0,0,0,0,0,0,0,0,2.036923,1.463203,0.731684,1.504504,1.623618,0.979076,3.761629,2.515845,1.347329,1.21635,1.365425,1.512222,0.848825,0.223377,0.05285,0.380917,0.531783,0.062892,0.13932,0.41526,0.130721,0.334512,0.541287,0.351215,0.075536,0.053032,0.34294,0.241168,0.114837,0.108786,0.092131,0.594963,0.198022,0.175858,0.363836,0.213937,0.939724,0.238644,0.103352,0.53025,0.65192,0.137683,0.824682,1.012652,0.201905,0.421167,0.565702,0.470779,0.049931,0.041783,0.014093,0.07267,0.044168,0.0017,0.042695,0.837806,0.034945,0.121699,0.020842,0.082367,0.705434,0.858155,0.822117,1.380726,2.201336,0.433445,1.950474,2.612982,0.94093,1.413234,1.19631,1.224873,0.22917,0.251501,0.15033,0.138152,0.321543,0.049294,1.631387,0.315695,0.093187,0.825767,0.504368,0.401009,0.002561,0.012856,0.001174,0.007986,0.012367,0.005099,0.0,0.009714,0.001294,0.014655,0.010123,0.008645,1.736058,1.030108,0.447467,1.308056,1.111268,0.588125,1.004449,1.959737,0.811503,1.236102,0.842002,1.06939,1.456957,0.968237,0.428675,1.472561,0.43108,0.613622,1.89205,2.761116,0.304152,1.845232,1.815605,1.310389,0.0,0.053836,0.0,0.000799,0.0,0,0,0,0.005177,0.073911,0.070266,0.046946,0,0.0,0.01057,0.000799,0.008834,0.0,0.420206,0.004857,0.0,0.006372,0.004168,0.032618,0.049931,0.018481,0.058723,0.048713,0.09717,0.027197,0,0.116564,0.066007,0.075186,0.15006,0.073378,0,0,0,0,0,0,0,0,0,0,0,0
129,1613,1813,618,1886,924,584,1672,1014,1005,1957,2250,15336,666,281,38,476,305,45,61,157,82,542,908,3561,66,69,273,307,74,57,39,244,160,275,655,2219,727,319,62,667,359,80,367,421,116,677,929,4724,38,50,10,87,23,0,20,353,25,196,27,829,562,1054,702,1727,1228,255,859,1061,704,2273,2042,12467,172,320,121,146,202,29,718,125,57,1311,831,4032,4,20,0,14,8,3,0,4,0,28,24,105,1341,1282,365,1657,622,338,457,802,596,1896,1437,10793,1148,1197,342,1847,239,378,825,1099,269,2918,3050,13312,1,78,0,1,0,0,0,0,2,107,112,301,0,0,6,4,2,0,184,1,1,12,7,217,42,31,42,61,62,22,0,47,57,114,244,722,0,0,0,0,0,0,0,0,0,0,0,0,2.065089,1.456775,0.725812,1.506101,1.632451,0.992674,3.757135,2.46242,1.300735,1.246934,1.33982,1.509171,0.852666,0.225788,0.044629,0.380119,0.53885,0.07649,0.137072,0.381262,0.10613,0.345344,0.540692,0.350428,0.084498,0.055443,0.320626,0.245161,0.130737,0.096888,0.087637,0.592535,0.207082,0.175221,0.390037,0.218365,0.930763,0.256322,0.072816,0.532645,0.634253,0.135983,0.824682,1.022366,0.150135,0.431361,0.553197,0.464875,0.048651,0.040176,0.011745,0.069475,0.040635,0.0,0.044942,0.857233,0.032357,0.124885,0.016078,0.086593,0.719517,0.846906,0.824466,1.379129,2.169535,0.433445,1.93025,2.576556,0.911162,1.448278,1.215961,1.226841,0.220208,0.257125,0.142109,0.116591,0.356878,0.049294,1.613411,0.303553,0.073773,0.835324,0.49484,0.396777,0.005121,0.01607,0.0,0.01118,0.014134,0.005099,0.0,0.009714,0.0,0.017841,0.014291,0.012975,1.716854,1.030108,0.428675,1.323229,1.098901,0.574527,1.02692,1.947595,0.771381,1.208067,0.855698,1.062108,1.46976,0.961809,0.401663,1.474957,0.422247,0.642518,1.853849,2.668836,0.348157,1.85925,1.816201,1.309995,0.00128,0.062674,0.0,0.000799,0.0,0,0,0,0.002589,0.068177,0.066693,0.041237,0,0.0,0.007047,0.003194,0.003533,0.0,0.413465,0.002428,0.001294,0.007646,0.004168,0.02875,0.053772,0.024909,0.049327,0.048713,0.109537,0.037395,0,0.114136,0.073773,0.072637,0.145296,0.074304,0,0,0,0,0,0,0,0,0,0,0,0
130,1565,1815,603,1825,914,615,1654,990,1009,1952,2254,15196,677,277,34,474,294,45,55,161,94,531,896,3538,71,75,264,318,77,58,40,234,155,278,615,2185,730,294,72,689,350,72,369,414,130,658,940,4718,30,43,16,89,21,1,17,353,15,191,33,809,549,1035,710,1674,1239,247,849,1052,737,2185,2013,12290,174,322,135,169,188,30,717,127,44,1280,833,4019,5,13,1,11,8,4,0,4,2,31,18,97,1334,1254,348,1626,642,343,442,801,588,1895,1406,10679,1130,1193,350,1774,240,349,829,1095,241,2880,3006,13087,1,59,0,1,0,0,0,0,2,112,113,288,0,0,10,5,3,0,183,3,1,9,8,222,44,26,52,59,61,14,0,48,45,117,241,707,0,0,0,0,0,0,0,0,0,0,0,0,2.003636,1.458382,0.708195,1.457388,1.614784,1.045367,3.716687,2.404138,1.305912,1.243748,1.342202,1.495394,0.866749,0.222574,0.039931,0.378522,0.519416,0.07649,0.12359,0.390976,0.121661,0.338335,0.533546,0.348164,0.0909,0.060264,0.310056,0.253945,0.136038,0.098587,0.089884,0.568251,0.200611,0.177132,0.366217,0.215019,0.934603,0.236234,0.084561,0.550214,0.618353,0.122384,0.829176,1.005367,0.168254,0.419255,0.559747,0.464285,0.038408,0.034551,0.018791,0.071073,0.037101,0.0017,0.038201,0.857233,0.019414,0.121699,0.019651,0.079611,0.702873,0.831639,0.833862,1.336804,2.188969,0.419847,1.907779,2.5547,0.953872,1.392207,1.198692,1.209423,0.222768,0.258732,0.158551,0.134958,0.332144,0.050994,1.611164,0.30841,0.056948,0.815572,0.496031,0.395498,0.006401,0.010446,0.001174,0.008784,0.014134,0.006799,0.0,0.009714,0.002589,0.019752,0.010719,0.009983,1.707892,1.007609,0.40871,1.298473,1.134236,0.583026,0.993214,1.945166,0.761027,1.207429,0.837239,1.050889,1.446715,0.958595,0.411059,1.416661,0.424013,0.593225,1.862838,2.659122,0.311918,1.835038,1.79,1.287854,0.00128,0.047407,0.0,0.000799,0.0,0,0,0,0.002589,0.071363,0.067289,0.039456,0,0.0,0.011745,0.003993,0.0053,0.0,0.411217,0.007285,0.001294,0.005734,0.004764,0.029412,0.056332,0.020891,0.061072,0.047116,0.10777,0.023797,0,0.116564,0.058242,0.074548,0.14351,0.07276,0,0,0,0,0,0,0,0,0,0,0,0
131,1559,1799,605,1847,880,584,1640,995,1030,1942,2268,15149,667,292,32,470,306,42,55,159,110,520,933,3586,65,70,304,327,82,65,38,243,173,256,610,2233,723,308,81,668,359,87,357,409,146,667,944,4749,36,39,17,85,22,1,17,350,15,170,31,783,519,1058,721,1720,1221,236,840,1059,686,2192,1991,12243,166,314,148,181,185,33,718,127,68,1301,813,4054,5,12,1,17,8,0,0,4,3,30,20,100,1302,1248,344,1595,622,331,442,795,605,1897,1391,10572,1148,1186,338,1761,235,341,806,1088,260,2876,2985,13024,1,68,0,0,0,0,0,0,3,111,107,290,0,0,10,4,5,0,186,2,1,9,9,226,45,21,51,61,54,15,0,45,62,121,250,725,0,0,0,0,0,0,0,0,0,0,0,0,1.995954,1.445526,0.710544,1.474957,1.554715,0.992674,3.685228,2.41628,1.333092,1.237376,1.350539,1.490769,0.853946,0.234627,0.037583,0.375327,0.540617,0.071391,0.12359,0.386119,0.142369,0.331326,0.555579,0.352888,0.083218,0.056246,0.357034,0.261132,0.144871,0.110486,0.085389,0.590107,0.223908,0.163114,0.36324,0.219743,0.925641,0.247483,0.095131,0.533444,0.634253,0.147881,0.802211,0.993225,0.188963,0.42499,0.562129,0.467335,0.04609,0.031337,0.019966,0.067878,0.038868,0.0017,0.038201,0.849948,0.019414,0.108318,0.01846,0.077053,0.664465,0.85012,0.846781,1.373539,2.157168,0.401149,1.887556,2.571699,0.887865,1.396668,1.185592,1.204798,0.212526,0.252304,0.173819,0.144541,0.326844,0.056093,1.613411,0.30841,0.08801,0.828953,0.484122,0.398942,0.006401,0.009642,0.001174,0.013576,0.014134,0.0,0.0,0.009714,0.003883,0.019115,0.01191,0.010955,1.666923,1.002788,0.404012,1.273717,1.098901,0.562629,0.993214,1.930596,0.78303,1.208704,0.828307,1.04036,1.46976,0.95297,0.396965,1.40628,0.41518,0.579626,1.811155,2.642123,0.336509,1.832489,1.777495,1.281654,0.00128,0.054639,0.0,0.0,0.0,0,0,0,0.003883,0.070725,0.063716,0.047957,0,0.0,0.011745,0.003194,0.008834,0.0,0.417959,0.004857,0.001294,0.005734,0.005359,0.029942,0.057613,0.016874,0.059897,0.048713,0.095403,0.025497,0,0.109279,0.080244,0.077097,0.148869,0.074613,0,0,0,0,0,0,0,0,0,0,0,0
132,1541,1803,633,1820,865,596,1587,992,985,1911,2238,14971,655,259,39,460,306,37,57,159,89,516,891,3468,58,68,289,335,84,64,38,250,155,259,604,2204,712,306,69,670,349,94,352,412,148,648,934,4694,36,41,17,90,19,1,18,330,27,182,30,791,526,1030,676,1717,1199,256,827,1027,673,2185,1955,12071,170,309,139,169,187,34,714,129,66,1320,818,4055,5,11,0,13,8,2,0,3,2,26,19,89,1315,1278,336,1644,625,323,446,785,588,1867,1384,10591,1132,1137,358,1748,235,381,807,1068,256,2846,2941,12909,1,78,0,1,0,0,0,0,0,113,107,300,0,0,8,2,7,0,187,3,1,10,9,227,44,27,36,61,45,17,0,46,58,121,240,695,0,0,0,0,0,0,0,0,0,0,0,0,1.972909,1.44874,0.743429,1.453396,1.528215,1.013071,3.566132,2.408995,1.27485,1.217624,1.332674,1.473252,0.838582,0.208111,0.045804,0.367342,0.540617,0.062892,0.128084,0.386119,0.115189,0.328778,0.530569,0.341276,0.074256,0.054639,0.339417,0.267521,0.148405,0.108786,0.085389,0.607106,0.200611,0.165026,0.359667,0.216889,0.911558,0.245876,0.081037,0.535041,0.616586,0.15978,0.790976,1.00051,0.191551,0.412883,0.556174,0.461923,0.04609,0.032944,0.019966,0.071871,0.033568,0.0017,0.040448,0.801379,0.034945,0.115964,0.017864,0.07784,0.673427,0.827622,0.79393,1.371143,2.1183,0.435145,1.858343,2.49399,0.87104,1.392207,1.164155,1.187872,0.217647,0.248287,0.163249,0.134958,0.330377,0.057793,1.604422,0.313266,0.085421,0.841059,0.487099,0.399041,0.006401,0.008839,0.0,0.010381,0.014134,0.0034,0.0,0.007285,0.002589,0.016566,0.011314,0.010039,1.683566,1.026894,0.394616,1.312847,1.104201,0.54903,1.002202,1.906311,0.761027,1.189589,0.824138,1.042229,1.449275,0.913598,0.420454,1.395899,0.41518,0.647618,1.813402,2.593555,0.331332,1.813374,1.751294,1.270337,0.00128,0.062674,0.0,0.000799,0.0,0,0,0,0.0,0.072,0.063716,0.045966,0,0.0,0.009396,0.001597,0.012367,0.0,0.420206,0.007285,0.001294,0.006372,0.005359,0.030074,0.056332,0.021695,0.04228,0.048713,0.079502,0.028896,0,0.111707,0.075067,0.077097,0.142914,0.071525,0,0,0,0,0,0,0,0,0,0,0,0
133,1557,1766,607,1863,889,565,1586,968,998,1890,2173,14862,655,272,28,458,297,32,57,155,112,519,882,3467,63,56,284,338,79,63,39,242,156,261,601,2182,697,297,67,666,355,85,355,403,130,639,911,4605,32,38,13,92,19,0,18,348,9,186,32,787,525,1045,725,1711,1207,236,818,1035,728,2169,1981,12180,177,309,124,151,191,28,708,122,72,1300,833,4015,5,15,0,12,8,4,0,3,2,32,17,98,1279,1193,366,1598,648,321,443,798,609,1863,1339,10457,1148,1163,374,1769,236,369,801,1063,261,2825,2925,12934,1,75,0,0,0,0,0,0,3,126,106,311,0,0,8,3,4,0,180,2,0,11,7,215,47,23,48,55,49,17,0,47,56,118,228,688,0,0,0,0,0,0,0,0,0,0,0,0,1.993394,1.41901,0.712893,1.487734,1.570616,0.960378,3.563885,2.350713,1.291675,1.204244,1.293968,1.462526,0.838582,0.218556,0.032885,0.365745,0.524716,0.054393,0.128084,0.376405,0.144958,0.330689,0.525209,0.341177,0.080658,0.044997,0.333545,0.269916,0.139571,0.107086,0.087637,0.587678,0.201905,0.1663,0.357881,0.214724,0.892354,0.238644,0.078688,0.531847,0.627186,0.144482,0.797717,0.978654,0.168254,0.407149,0.542478,0.453165,0.040969,0.030534,0.015268,0.073468,0.033568,0.0,0.040448,0.845091,0.011648,0.118513,0.019055,0.082206,0.672146,0.839674,0.851479,1.366351,2.132433,0.401149,1.83812,2.513417,0.942224,1.382013,1.179637,1.198598,0.226609,0.248287,0.145632,0.120584,0.337444,0.047594,1.59094,0.296268,0.093187,0.828316,0.496031,0.395104,0.006401,0.012053,0.0,0.009583,0.014134,0.006799,0.0,0.007285,0.002589,0.020389,0.010123,0.011054,1.637476,0.958595,0.42985,1.276113,1.144836,0.545631,0.995461,1.937881,0.788207,1.18704,0.797342,1.029043,1.46976,0.934489,0.439246,1.412668,0.416946,0.62722,1.799919,2.581413,0.337803,1.799994,1.741766,1.272797,0.00128,0.060264,0.0,0.0,0.0,0,0,0,0.003883,0.080283,0.06312,0.05143,0,0.0,0.009396,0.002396,0.007067,0.0,0.404476,0.004857,0.0,0.007009,0.004168,0.031733,0.060173,0.018481,0.056374,0.043921,0.086569,0.028896,0,0.114136,0.072479,0.075186,0.135768,0.070805,0,0,0,0,0,0,0,0,0,0,0,0
134,1514,1797,637,1821,889,576,1584,980,960,1878,2221,14857,650,271,27,463,299,50,61,154,95,517,847,3434,64,55,297,322,72,61,38,241,154,273,583,2160,693,293,82,664,354,82,356,392,146,639,899,4600,37,38,17,95,17,2,18,345,17,182,29,797,524,1047,708,1678,1197,254,789,1019,693,2164,1938,12011,165,317,151,157,188,30,711,126,65,1277,820,4007,4,16,0,13,8,3,0,4,1,29,17,95,1263,1238,355,1570,623,347,438,788,577,1869,1376,10444,1111,1193,351,1730,225,356,790,1056,246,2826,2885,12769,1,69,0,2,0,0,0,0,4,112,103,291,0,0,13,5,5,0,178,2,0,10,8,221,47,32,41,51,50,20,0,42,54,136,248,721,0,0,0,0,0,0,0,0,0,0,0,0,1.938342,1.443919,0.748127,1.454194,1.570616,0.979076,3.559391,2.379854,1.242493,1.196598,1.322551,1.462034,0.832181,0.217753,0.03171,0.369737,0.52825,0.084989,0.137072,0.373977,0.122955,0.329415,0.504368,0.33793,0.081938,0.044193,0.348813,0.257139,0.127204,0.103687,0.085389,0.58525,0.199317,0.173946,0.347162,0.212559,0.887233,0.23543,0.096305,0.53025,0.62542,0.139382,0.799964,0.951942,0.188963,0.407149,0.535333,0.452673,0.04737,0.030534,0.019966,0.075864,0.030034,0.0034,0.040448,0.837806,0.022002,0.115964,0.017269,0.07843,0.670866,0.841281,0.831513,1.339999,2.114766,0.431745,1.772954,2.474562,0.896925,1.378827,1.154032,1.181967,0.211246,0.254715,0.177342,0.125375,0.332144,0.050994,1.597681,0.305981,0.084127,0.813661,0.48829,0.394317,0.005121,0.012856,0.0,0.010381,0.014134,0.005099,0.0,0.009714,0.001294,0.018478,0.010123,0.010716,1.616992,0.994753,0.416931,1.253753,1.100668,0.589825,0.984225,1.913597,0.74679,1.190863,0.819374,1.027764,1.42239,0.958595,0.412233,1.381524,0.397512,0.605123,1.775201,2.564414,0.318389,1.800631,1.717947,1.25656,0.00128,0.055443,0.0,0.001597,0.0,0,0,0,0.005177,0.071363,0.061334,0.039867,0,0.0,0.015268,0.003993,0.008834,0.0,0.399982,0.004857,0.0,0.006372,0.004764,0.032618,0.060173,0.025713,0.048153,0.040727,0.088336,0.033996,0,0.101994,0.06989,0.086655,0.147678,0.074201,0,0,0,0,0,0,0,0,0,0,0,0
135,1550,1760,584,1781,863,601,1551,966,1019,1814,2180,14669,637,275,34,448,290,32,54,158,104,511,849,3392,57,62,273,315,79,63,36,240,155,261,605,2146,707,293,70,666,348,81,350,402,130,635,919,4601,30,36,22,93,19,3,19,340,19,189,20,790,488,1002,692,1658,1184,269,766,1012,654,2163,1928,11816,163,305,139,174,188,35,707,123,70,1266,817,3987,5,11,1,14,9,4,0,4,4,37,18,107,1222,1257,350,1559,613,334,424,797,607,1805,1333,10301,1110,1213,375,1766,229,361,774,1054,268,2777,2889,12816,2,77,0,1,0,0,0,0,2,115,104,301,0,0,8,2,6,0,166,2,0,8,7,199,44,28,46,68,48,30,0,42,55,118,233,712,0,0,0,0,0,0,0,0,0,0,0,0,1.984432,1.414188,0.685881,1.422251,1.524681,1.02157,3.485237,2.345856,1.318855,1.155819,1.298137,1.443534,0.815537,0.220967,0.039931,0.357759,0.512349,0.054393,0.121343,0.383691,0.134603,0.325592,0.505559,0.333797,0.072976,0.049818,0.320626,0.251549,0.139571,0.107086,0.080895,0.582821,0.200611,0.1663,0.360263,0.211182,0.905157,0.23543,0.082212,0.531847,0.614819,0.137683,0.786482,0.976226,0.168254,0.4046,0.547242,0.452771,0.038408,0.028927,0.025838,0.074267,0.033568,0.005099,0.042695,0.825664,0.024591,0.120424,0.01191,0.077742,0.624776,0.805123,0.812722,1.324027,2.091799,0.457242,1.721271,2.457563,0.846449,1.37819,1.148077,1.162778,0.208685,0.245072,0.163249,0.138951,0.332144,0.059492,1.588693,0.298696,0.090598,0.806652,0.486504,0.392349,0.006401,0.008839,0.001174,0.01118,0.0159,0.006799,0.0,0.009714,0.005177,0.023575,0.010719,0.011012,1.5645,1.01002,0.411059,1.244969,1.083001,0.567728,0.952766,1.935453,0.785618,1.150084,0.793769,1.013691,1.421109,0.974665,0.44042,1.410273,0.404579,0.613622,1.739248,2.559557,0.346863,1.76941,1.720329,1.261185,0.002561,0.061871,0.0,0.000799,0.0,0,0,0,0.002589,0.073274,0.061929,0.041237,0,0.0,0.009396,0.001597,0.0106,0.0,0.373017,0.004857,0.0,0.005097,0.004168,0.029371,0.056332,0.022498,0.054025,0.054303,0.084803,0.050994,0,0.101994,0.071185,0.075186,0.138746,0.073275,0,0,0,0,0,0,0,0,0,0,0,0
136,1480,1743,580,1791,848,574,1554,953,987,1828,2149,14487,632,288,31,447,293,43,53,159,82,504,840,3372,55,58,272,327,76,52,38,255,160,261,570,2124,689,292,59,663,325,88,345,428,152,635,941,4617,31,37,16,84,17,3,19,339,24,179,25,774,488,969,738,1702,1167,248,750,1020,675,2113,1885,11755,166,294,142,179,170,29,709,130,68,1253,792,3932,2,12,0,15,6,2,0,4,1,26,14,82,1205,1215,354,1576,617,327,418,792,583,1804,1292,10183,1093,1156,386,1712,223,373,771,1077,274,2785,2822,12672,1,68,0,2,0,0,0,0,2,102,99,274,0,0,10,3,7,0,162,3,0,10,10,205,41,22,59,58,47,18,0,49,60,124,233,711,0,0,0,0,0,0,0,0,0,0,0,0,1.894812,1.400529,0.681183,1.430237,1.49818,0.975676,3.491978,2.314286,1.277438,1.164739,1.279677,1.425623,0.809136,0.231413,0.036408,0.35696,0.51765,0.073091,0.119096,0.386119,0.10613,0.321132,0.500199,0.331829,0.070415,0.046604,0.319451,0.261132,0.134271,0.088389,0.085389,0.619248,0.207082,0.1663,0.339421,0.209017,0.882112,0.234627,0.069293,0.529451,0.574185,0.149581,0.775246,1.039365,0.196728,0.4046,0.560343,0.454346,0.039689,0.02973,0.018791,0.06708,0.030034,0.005099,0.042695,0.823235,0.031062,0.114053,0.014887,0.076167,0.624776,0.778607,0.866747,1.359164,2.061765,0.421546,1.685318,2.476991,0.873628,1.346332,1.122471,1.156775,0.212526,0.236234,0.166772,0.142944,0.300343,0.049294,1.593187,0.315695,0.08801,0.798369,0.471617,0.386937,0.002561,0.009642,0.0,0.011979,0.0106,0.0034,0.0,0.009714,0.001294,0.016566,0.008337,0.009249,1.542736,0.976272,0.415756,1.258545,1.090067,0.555829,0.939284,1.92331,0.754556,1.149447,0.769354,1.002079,1.399344,0.928865,0.453339,1.36715,0.393979,0.634019,1.732506,2.615411,0.354628,1.774507,1.680432,1.247015,0.00128,0.054639,0.0,0.001597,0.0,0,0,0,0.002589,0.064991,0.058952,0.037538,0,0.0,0.011745,0.002396,0.012367,0.0,0.364029,0.007285,0.0,0.006372,0.005955,0.030257,0.052491,0.017677,0.069293,0.046317,0.083036,0.030596,0,0.118993,0.077656,0.079009,0.138746,0.073172,0,0,0,0,0,0,0,0,0,0,0,0
137,1489,1763,607,1744,829,570,1532,947,1044,1830,2142,14497,626,255,30,435,285,33,55,157,89,498,838,3301,55,61,281,332,79,55,40,238,158,256,600,2155,667,299,77,662,328,102,333,417,172,639,904,4600,29,45,15,93,18,2,19,336,14,174,26,771,497,994,690,1644,1153,241,740,1015,648,2095,1891,11608,166,298,130,160,176,41,693,123,78,1214,814,3893,4,13,0,14,8,5,0,4,1,29,14,92,1218,1212,364,1567,605,305,420,790,582,1764,1360,10187,1121,1096,334,1686,210,332,755,1056,277,2737,2850,12454,1,66,0,0,0,0,0,0,1,115,98,281,0,0,7,0,8,0,162,3,1,9,9,199,39,21,49,58,49,15,0,51,55,106,237,680,0,0,0,0,0,0,0,0,0,0,0,0,1.906335,1.416599,0.712893,1.392704,1.464613,0.968877,3.442542,2.299716,1.351211,1.166014,1.275509,1.426608,0.801454,0.204897,0.035234,0.347377,0.503516,0.056093,0.12359,0.381262,0.115189,0.317309,0.499009,0.324842,0.070415,0.049014,0.330021,0.265125,0.139571,0.093488,0.089884,0.577964,0.204494,0.163114,0.357285,0.212067,0.853946,0.240251,0.090433,0.528653,0.579485,0.173378,0.748281,1.012652,0.222613,0.407149,0.53831,0.452673,0.037128,0.036158,0.017617,0.074267,0.031801,0.0034,0.042695,0.81595,0.01812,0.110867,0.015482,0.075872,0.636298,0.798695,0.810373,1.312847,2.03703,0.409648,1.662847,2.464849,0.838683,1.334863,1.126044,1.142309,0.212526,0.239448,0.152679,0.127771,0.310943,0.069691,1.557233,0.298696,0.100953,0.773519,0.484717,0.383099,0.005121,0.010446,0.0,0.01118,0.014134,0.008499,0.0,0.009714,0.001294,0.018478,0.008337,0.010377,1.559379,0.973862,0.427501,1.251358,1.068867,0.518434,0.943778,1.918454,0.753262,1.123961,0.809847,1.002473,1.435192,0.880654,0.392267,1.346387,0.371012,0.564328,1.696553,2.564414,0.358511,1.743923,1.697105,1.225562,0.00128,0.053032,0.0,0.0,0.0,0,0,0,0.001294,0.073274,0.058357,0.046469,0,0.0,0.008221,0.0,0.014134,0.0,0.364029,0.007285,0.001294,0.005734,0.005359,0.031609,0.049931,0.016874,0.057548,0.046317,0.086569,0.025497,0,0.12385,0.071185,0.06754,0.141128,0.069982,0,0,0,0,0,0,0,0,0,0,0,0
138,1472,1695,581,1782,846,576,1510,949,1015,1795,2116,14337,596,285,30,453,290,40,55,159,91,498,803,3300,58,61,295,332,76,59,45,244,166,272,571,2179,666,282,73,643,312,92,333,406,141,627,898,4473,32,34,17,86,19,2,20,325,23,172,28,758,473,995,672,1657,1170,251,755,985,679,2095,1870,11602,167,309,127,167,173,37,690,123,56,1279,803,3931,4,10,0,18,7,5,1,4,2,25,12,88,1211,1196,371,1596,611,316,422,786,569,1745,1302,10125,1083,1118,355,1674,221,329,740,1018,229,2751,2816,12334,1,73,0,2,0,0,0,0,0,112,96,284,0,0,9,1,4,0,163,3,0,8,8,196,37,28,48,53,40,14,0,50,65,126,240,701,0,0,0,0,0,0,0,0,0,0,0,0,1.88457,1.36196,0.682357,1.42305,1.494647,0.979076,3.393106,2.304573,1.313678,1.143713,1.260026,1.410862,0.763046,0.229002,0.035234,0.361752,0.512349,0.067991,0.12359,0.386119,0.117778,0.317309,0.478167,0.324743,0.074256,0.049014,0.346464,0.265125,0.134271,0.100287,0.101119,0.592535,0.214848,0.173309,0.340017,0.214429,0.852666,0.226592,0.085735,0.51348,0.551217,0.15638,0.748281,0.985939,0.182491,0.399503,0.534737,0.440175,0.040969,0.02732,0.019966,0.068677,0.033568,0.0034,0.044942,0.789237,0.029768,0.109593,0.016673,0.074593,0.605572,0.799499,0.789233,1.323229,2.067065,0.426646,1.696553,2.391996,0.878805,1.334863,1.113539,1.141719,0.213807,0.248287,0.149156,0.133361,0.305643,0.062892,1.550492,0.298696,0.072479,0.814935,0.478167,0.386838,0.005121,0.008035,0.0,0.014374,0.012367,0.008499,0.002247,0.009714,0.002589,0.015929,0.007146,0.009452,1.550417,0.961005,0.435722,1.274516,1.079467,0.537132,0.948272,1.90874,0.736436,1.111854,0.775309,0.996372,1.386542,0.898331,0.416931,1.336804,0.390446,0.559229,1.662847,2.472134,0.296386,1.752843,1.676859,1.213753,0.00128,0.058657,0.0,0.001597,0.0,0,0,0,0.0,0.071363,0.057166,0.043514,0,0.0,0.01057,0.000799,0.007067,0.0,0.366276,0.007285,0.0,0.005097,0.004764,0.028929,0.04737,0.022498,0.056374,0.042324,0.070669,0.023797,0,0.121421,0.084127,0.080283,0.142914,0.072143,0,0,0,0,0,0,0,0,0,0,0,0
139,1464,1640,569,1767,839,557,1490,941,1003,1831,2112,14213,629,256,36,442,283,41,52,146,85,483,853,3306,51,61,253,322,73,57,44,238,151,244,570,2064,650,297,65,663,327,84,320,407,125,613,925,4476,36,43,13,85,19,2,21,323,24,166,26,758,471,1000,692,1603,1174,262,734,992,689,2054,1873,11544,161,311,141,169,173,25,683,122,67,1219,799,3870,7,11,1,19,7,4,0,4,0,32,16,101,1148,1194,368,1537,582,336,416,770,582,1717,1316,9966,1079,1093,384,1641,216,349,745,1024,275,2686,2837,12329,2,61,0,1,0,0,0,0,1,113,104,282,0,0,10,3,6,0,166,4,1,8,9,207,40,22,38,65,45,19,0,51,59,118,228,685,0,0,0,0,0,0,0,0,0,0,0,0,1.874328,1.317767,0.668264,1.411071,1.48228,0.94678,3.348164,2.285145,1.298147,1.166651,1.257644,1.39866,0.805295,0.2057,0.04228,0.352967,0.499982,0.069691,0.116849,0.35455,0.110012,0.307751,0.507941,0.325334,0.065294,0.049014,0.297137,0.257139,0.128971,0.096888,0.098872,0.577964,0.195434,0.155468,0.339421,0.203112,0.832181,0.238644,0.076339,0.529451,0.577718,0.142782,0.719069,0.988368,0.161783,0.390583,0.550815,0.44047,0.04609,0.034551,0.015268,0.067878,0.033568,0.0034,0.047189,0.78438,0.031062,0.10577,0.015482,0.074593,0.603011,0.803516,0.812722,1.280106,2.074132,0.445343,1.649364,2.408995,0.891748,1.308739,1.115326,1.136011,0.206125,0.249894,0.165598,0.134958,0.305643,0.042495,1.534762,0.296268,0.086716,0.776705,0.475785,0.380835,0.008962,0.008839,0.001174,0.015173,0.012367,0.006799,0.0,0.009714,0.0,0.020389,0.009528,0.011292,1.46976,0.959398,0.432199,1.2274,1.028232,0.571127,0.934789,1.869885,0.753262,1.094014,0.783646,0.980725,1.381421,0.878243,0.45099,1.310452,0.381612,0.593225,1.674082,2.486704,0.355923,1.711428,1.689364,1.213261,0.002561,0.049014,0.0,0.000799,0.0,0,0,0,0.001294,0.072,0.061929,0.038634,0,0.0,0.011745,0.002396,0.0106,0.0,0.373017,0.009714,0.001294,0.005097,0.005359,0.027425,0.051211,0.017677,0.044629,0.051907,0.079502,0.032296,0,0.12385,0.076362,0.075186,0.135768,0.070496,0,0,0,0,0,0,0,0,0,0,0,0
140,1419,1703,583,1712,836,549,1478,924,965,1799,2085,14053,615,249,26,448,282,38,49,152,86,483,822,3250,52,53,273,334,76,65,43,228,155,254,569,2102,628,286,72,661,336,73,326,407,152,621,905,4467,38,38,14,83,20,2,20,314,15,171,26,741,458,942,671,1606,1161,231,742,979,669,2052,1804,11315,163,289,120,148,157,38,681,120,67,1228,793,3804,3,13,0,21,6,5,0,4,2,36,14,104,1165,1163,330,1521,559,297,417,787,585,1781,1319,9924,1045,1112,370,1676,205,308,728,1010,269,2706,2755,12184,0,77,0,2,0,0,0,0,3,101,84,267,0,0,7,2,5,0,163,2,0,6,10,195,34,14,39,62,50,17,0,49,71,112,211,659,0,0,0,0,0,0,0,0,0,0,0,0,1.816715,1.368388,0.684706,1.36715,1.47698,0.933181,3.321199,2.243862,1.248965,1.146261,1.241567,1.382915,0.787371,0.200076,0.030536,0.357759,0.498216,0.064592,0.110107,0.36912,0.111307,0.307751,0.489481,0.319823,0.066574,0.042586,0.320626,0.266722,0.134271,0.110486,0.096625,0.55368,0.200611,0.16184,0.338826,0.206852,0.804015,0.229806,0.084561,0.527854,0.593619,0.124084,0.732551,0.988368,0.196728,0.39568,0.538905,0.439584,0.048651,0.030534,0.016442,0.066281,0.035334,0.0034,0.044942,0.762525,0.019414,0.108955,0.015482,0.07292,0.586368,0.756912,0.788058,1.282502,2.051164,0.39265,1.667341,2.377425,0.865862,1.307464,1.074238,1.113476,0.208685,0.232216,0.140934,0.118188,0.277375,0.064592,1.530268,0.291411,0.086716,0.78244,0.472212,0.374341,0.003841,0.010446,0.0,0.01677,0.0106,0.008499,0.0,0.009714,0.002589,0.022938,0.008337,0.011731,1.491525,0.934489,0.38757,1.214623,0.987598,0.504836,0.937037,1.911168,0.757144,1.134792,0.785432,0.976592,1.337891,0.89351,0.434548,1.338402,0.362178,0.523534,1.635882,2.452706,0.348157,1.724171,1.640535,1.198992,0.0,0.061871,0.0,0.001597,0.0,0,0,0,0.003883,0.064354,0.05002,0.040962,0,0.0,0.008221,0.001597,0.008834,0.0,0.366276,0.004857,0.0,0.003823,0.005955,0.028781,0.043529,0.011249,0.045804,0.049511,0.088336,0.028896,0,0.118993,0.091893,0.071363,0.125645,0.06782,0,0,0,0,0,0,0,0,0,0,0,0
141,1415,1619,627,1725,820,600,1478,919,980,1735,2076,13994,585,256,33,455,272,41,48,145,86,466,808,3195,60,52,270,303,71,52,43,227,148,252,554,2032,656,266,67,655,331,101,320,404,131,632,896,4459,31,42,22,89,18,3,21,300,25,166,22,739,473,934,707,1560,1141,254,728,967,642,2030,1804,11240,153,296,131,161,162,29,680,120,68,1206,784,3790,6,7,0,19,6,4,0,4,1,33,9,89,1206,1152,324,1533,554,339,409,790,606,1692,1310,9915,1062,1085,348,1598,206,370,722,1012,299,2661,2785,12148,2,66,0,1,1,0,0,0,2,110,102,284,0,0,4,2,4,0,164,1,0,8,9,192,34,23,42,58,50,20,0,51,57,118,224,677,0,0,0,0,0,0,0,0,0,0,0,0,1.811594,1.300893,0.736382,1.377531,1.448712,1.01987,3.321199,2.23172,1.268379,1.105483,1.236207,1.377109,0.748963,0.2057,0.038757,0.363349,0.480548,0.069691,0.10786,0.352121,0.111307,0.296919,0.481144,0.314411,0.076817,0.041783,0.317102,0.241966,0.125437,0.088389,0.096625,0.551252,0.191551,0.160566,0.329893,0.199963,0.839863,0.213735,0.078688,0.523063,0.584785,0.171678,0.719069,0.981083,0.169549,0.402689,0.533546,0.438797,0.039689,0.033748,0.025838,0.071073,0.031801,0.005099,0.047189,0.728527,0.032357,0.10577,0.0131,0.072723,0.605572,0.750484,0.830338,1.245768,2.01583,0.431745,1.635882,2.348284,0.830917,1.293447,1.074238,1.106096,0.195883,0.237841,0.153853,0.12857,0.286209,0.049294,1.528021,0.291411,0.08801,0.768422,0.466853,0.372963,0.007682,0.005625,0.0,0.015173,0.0106,0.006799,0.0,0.009714,0.001294,0.021026,0.005359,0.010039,1.544016,0.925651,0.380523,1.224206,0.978764,0.576227,0.91906,1.918454,0.784324,1.078085,0.780073,0.975706,1.359656,0.871815,0.40871,1.276113,0.363945,0.62892,1.622399,2.457563,0.386985,1.695498,1.658399,1.195449,0.002561,0.053032,0.0,0.000799,0.001767,0,0,0,0.002589,0.070088,0.060739,0.036108,0,0.0,0.004698,0.001597,0.007067,0.0,0.368523,0.002428,0.0,0.005097,0.005359,0.028338,0.043529,0.018481,0.049327,0.046317,0.088336,0.033996,0,0.12385,0.073773,0.075186,0.133387,0.069673,0,0,0,0,0,0,0,0,0,0,0,0
142,1443,1606,589,1691,828,554,1456,924,953,1784,2065,13893,599,249,28,439,271,39,45,143,90,469,809,3181,44,52,292,310,66,54,41,223,183,261,558,2084,637,257,74,657,331,75,315,388,155,630,913,4432,36,30,22,87,17,6,21,297,25,166,30,737,458,950,686,1584,1123,242,742,949,661,2053,1816,11264,167,293,127,163,162,29,677,122,67,1247,808,3862,6,15,1,20,7,7,0,4,0,28,17,105,1150,1139,319,1498,547,311,407,775,554,1734,1296,9730,1068,1085,341,1606,199,327,712,1023,274,2696,2754,12085,1,66,0,0,1,0,0,0,2,111,102,283,0,0,10,2,4,0,167,1,0,6,6,196,38,24,45,52,52,18,0,47,51,126,216,669,0,0,0,0,0,0,0,0,0,0,0,0,1.847442,1.290447,0.691753,1.35038,1.462846,0.94168,3.271763,2.243862,1.233433,1.136704,1.229657,1.36717,0.766887,0.200076,0.032885,0.350572,0.478782,0.066292,0.101119,0.347264,0.116484,0.298831,0.48174,0.313033,0.056332,0.041783,0.34294,0.247556,0.116604,0.091788,0.092131,0.541538,0.23685,0.1663,0.332275,0.20508,0.815537,0.206504,0.08691,0.52466,0.584785,0.127484,0.707833,0.942228,0.200611,0.401415,0.543669,0.43614,0.04609,0.024105,0.025838,0.069475,0.030034,0.010199,0.047189,0.721241,0.032357,0.10577,0.017864,0.072526,0.586368,0.76334,0.805675,1.264933,1.984029,0.411348,1.667341,2.304573,0.855508,1.308102,1.081384,1.108457,0.213807,0.23543,0.149156,0.130167,0.286209,0.049294,1.52128,0.296268,0.086716,0.794546,0.481144,0.380048,0.007682,0.012053,0.001174,0.015971,0.012367,0.011898,0.0,0.009714,0.0,0.017841,0.010123,0.011739,1.47232,0.915205,0.374651,1.196256,0.966397,0.528633,0.914566,1.882027,0.717022,1.104846,0.771736,0.957501,1.367338,0.871815,0.400489,1.282502,0.351578,0.555829,1.599928,2.484276,0.354628,1.717799,1.63994,1.18925,0.00128,0.053032,0.0,0.0,0.001767,0,0,0,0.002589,0.070725,0.060739,0.042794,0,0.0,0.011745,0.001597,0.007067,0.0,0.375264,0.002428,0.0,0.003823,0.003573,0.028929,0.048651,0.019284,0.05285,0.041526,0.09187,0.030596,0,0.114136,0.066007,0.080283,0.128623,0.068849,0,0,0,0,0,0,0,0,0,0,0,0
143,1436,1650,608,1663,816,573,1456,908,939,1766,2066,13881,582,259,33,433,265,35,45,142,92,466,831,3183,60,58,266,305,65,57,38,208,157,256,528,1998,634,281,80,642,308,71,311,389,136,625,900,4377,30,43,24,80,18,4,23,299,21,154,26,722,460,895,700,1557,1124,231,740,978,630,2019,1743,11077,169,309,144,158,162,28,672,123,58,1168,789,3780,6,7,0,11,6,0,1,3,1,28,14,77,1165,1124,341,1503,564,285,421,769,571,1718,1280,9741,1020,1080,334,1577,200,303,729,1021,232,2671,2677,11844,1,73,0,1,1,0,0,0,1,110,110,297,0,0,10,2,5,0,168,2,1,7,8,203,39,24,34,61,44,20,0,53,58,114,212,659,0,0,0,0,0,0,0,0,0,0,0,0,1.83848,1.325802,0.714068,1.32802,1.441645,0.973976,3.271763,2.205007,1.215314,1.125235,1.230253,1.365989,0.745122,0.208111,0.038757,0.34578,0.468181,0.059492,0.101119,0.344836,0.119072,0.296919,0.49484,0.31323,0.076817,0.046604,0.312405,0.243564,0.114837,0.096888,0.085389,0.505112,0.203199,0.163114,0.314411,0.196617,0.811697,0.225788,0.093956,0.512681,0.54415,0.120685,0.698845,0.944656,0.17602,0.398229,0.535928,0.430728,0.038408,0.034551,0.028187,0.063886,0.031801,0.006799,0.051683,0.726098,0.02718,0.098124,0.015482,0.07105,0.588928,0.719147,0.822117,1.243372,1.985796,0.39265,1.662847,2.374997,0.815386,1.286438,1.037914,1.090055,0.216367,0.248287,0.169121,0.126174,0.286209,0.047594,1.510044,0.298696,0.075067,0.74421,0.46983,0.371979,0.007682,0.005625,0.0,0.008784,0.0106,0.0,0.002247,0.007285,0.001294,0.017841,0.008337,0.008828,1.491525,0.903152,0.400489,1.200249,0.996431,0.484438,0.946025,1.867457,0.739025,1.094651,0.762209,0.958583,1.305884,0.867797,0.392267,1.259343,0.353344,0.515035,1.638129,2.479419,0.300269,1.70187,1.594088,1.165534,0.00128,0.058657,0.0,0.000799,0.001767,0,0,0,0.001294,0.070088,0.065502,0.037761,0,0.0,0.011745,0.001597,0.008834,0.0,0.377511,0.004857,0.001294,0.00446,0.004764,0.026895,0.049931,0.019284,0.039931,0.048713,0.077736,0.033996,0,0.128706,0.075067,0.072637,0.126241,0.06782,0,0,0,0,0,0,0,0,0,0,0,0
144,1448,1661,556,1692,796,544,1460,916,996,1737,2032,13838,587,242,30,452,269,31,46,141,77,456,846,3177,53,59,278,308,66,58,39,211,160,252,562,2046,651,260,91,645,322,75,308,393,137,617,910,4409,33,34,16,83,17,5,22,302,16,168,18,714,473,900,664,1557,1089,224,742,961,649,1974,1755,10988,167,287,118,139,158,23,670,120,79,1199,768,3728,8,10,1,17,5,3,1,4,1,32,21,103,1185,1136,328,1510,559,306,405,765,523,1739,1312,9768,1045,1076,300,1592,194,306,720,994,233,2653,2672,11785,1,60,0,1,1,0,0,0,0,114,113,290,0,0,9,5,5,0,167,2,1,6,8,203,36,21,34,61,53,23,0,54,64,123,209,678,0,0,0,0,0,0,0,0,0,0,0,0,1.853843,1.33464,0.652996,1.351179,1.406311,0.924683,3.280751,2.224435,1.289087,1.106757,1.210006,1.361757,0.751524,0.194451,0.035234,0.360953,0.475248,0.052693,0.103366,0.342408,0.099658,0.290548,0.503772,0.312639,0.067855,0.047407,0.326498,0.245959,0.116604,0.098587,0.087637,0.512397,0.207082,0.160566,0.334657,0.201341,0.833461,0.208914,0.106875,0.515077,0.568884,0.127484,0.692104,0.95437,0.177314,0.393131,0.541883,0.433877,0.042249,0.02732,0.018791,0.066281,0.030034,0.008499,0.049436,0.733384,0.020708,0.107044,0.010719,0.070263,0.605572,0.723165,0.779837,1.243372,1.92396,0.380752,1.667341,2.333714,0.839977,1.257765,1.04506,1.081297,0.213807,0.230609,0.138585,0.111001,0.279142,0.039095,1.50555,0.291411,0.102247,0.763962,0.457325,0.366862,0.010242,0.008035,0.001174,0.013576,0.008834,0.005099,0.002247,0.009714,0.001294,0.020389,0.012505,0.010136,1.51713,0.912794,0.385221,1.205839,0.987598,0.520134,0.910071,1.857743,0.6769,1.108031,0.781264,0.96124,1.337891,0.864583,0.352336,1.271322,0.342744,0.520134,1.617905,2.413852,0.301563,1.690401,1.591111,1.159727,0.00128,0.048211,0.0,0.000799,0.001767,0,0,0,0.0,0.072637,0.067289,0.040887,0,0.0,0.01057,0.003993,0.008834,0.0,0.375264,0.004857,0.001294,0.003823,0.004764,0.026895,0.04609,0.016874,0.039931,0.048713,0.093636,0.039095,0,0.131135,0.082833,0.078371,0.124454,0.069776,0,0,0,0,0,0,0,0,0,0,0,0
145,1455,1630,546,1663,795,563,1439,914,930,1710,1980,13625,584,249,25,437,264,34,53,140,72,471,830,3159,48,56,273,296,54,52,42,215,143,234,554,1967,631,257,75,631,309,63,311,386,143,608,851,4265,38,51,9,84,15,1,21,299,23,162,23,726,460,937,597,1533,1072,228,734,953,633,1999,1773,10919,161,280,121,162,164,27,670,123,60,1196,795,3759,7,14,0,13,4,3,1,4,1,25,15,87,1125,1138,329,1500,540,309,399,769,547,1772,1253,9681,1011,1053,306,1598,197,313,711,998,249,2637,2692,11765,1,70,0,0,0,0,0,0,1,120,104,296,0,0,3,0,3,0,167,2,0,6,9,190,35,19,35,51,51,18,0,50,61,118,227,665,0,0,0,0,0,0,0,0,0,0,0,0,1.862805,1.309731,0.641251,1.32802,1.404544,0.956978,3.233563,2.219578,1.203665,1.089554,1.179042,1.340797,0.747683,0.200076,0.029361,0.348975,0.466415,0.057793,0.119096,0.339979,0.093187,0.300105,0.494245,0.310868,0.061453,0.044997,0.320626,0.236376,0.095403,0.088389,0.094378,0.522111,0.18508,0.149097,0.329893,0.193567,0.807856,0.206504,0.088084,0.503897,0.545917,0.107086,0.698845,0.937371,0.18508,0.387397,0.50675,0.419706,0.048651,0.040979,0.01057,0.06708,0.026501,0.0017,0.047189,0.726098,0.029768,0.103221,0.013696,0.071444,0.588928,0.752895,0.701149,1.224206,1.893926,0.387551,1.649364,2.314286,0.819269,1.273695,1.055778,1.074507,0.206125,0.224985,0.142109,0.129368,0.289742,0.045894,1.50555,0.298696,0.077656,0.76205,0.473403,0.369912,0.008962,0.011249,0.0,0.010381,0.007067,0.005099,0.002247,0.009714,0.001294,0.015929,0.008932,0.009344,1.440313,0.914401,0.386395,1.197853,0.95403,0.525233,0.896589,1.867457,0.707962,1.129058,0.746131,0.952679,1.294362,0.846103,0.359383,1.276113,0.348044,0.532032,1.597681,2.423565,0.322272,1.680206,1.60302,1.157759,0.00128,0.056246,0.0,0.0,0.0,0,0,0,0.001294,0.07646,0.061929,0.04895,0,0.0,0.003523,0.0,0.0053,0.0,0.375264,0.004857,0.0,0.003823,0.005359,0.034401,0.04481,0.015267,0.041106,0.040727,0.090103,0.030596,0,0.121421,0.07895,0.075186,0.135173,0.068438,0,0,0,0,0,0,0,0,0,0,0,0
146,1441,1628,555,1657,782,552,1411,882,994,1683,1988,13573,593,243,29,436,264,31,49,141,88,440,832,3146,57,65,279,302,55,50,44,198,159,262,567,2038,633,267,72,619,332,65,299,382,140,604,892,4305,32,28,18,85,17,5,20,304,18,173,22,722,470,919,609,1499,1075,235,738,960,649,1974,1735,10863,164,293,115,148,166,32,662,123,61,1202,786,3752,7,9,0,11,6,4,1,3,0,26,13,80,1158,1125,337,1433,547,290,393,756,528,1721,1242,9530,1017,1064,296,1582,204,287,717,1011,217,2660,2683,11738,1,62,0,0,0,0,0,0,4,116,118,301,0,0,6,0,4,0,167,3,0,6,8,194,37,16,38,50,55,22,0,49,64,124,207,662,0,0,0,0,0,0,0,0,0,0,0,0,1.844881,1.308124,0.651822,1.323229,1.381577,0.938281,3.170644,2.141868,1.286498,1.07235,1.183805,1.335679,0.759205,0.195254,0.034059,0.348176,0.466415,0.052693,0.110107,0.342408,0.113895,0.280353,0.495436,0.309589,0.072976,0.052229,0.327672,0.241168,0.09717,0.084989,0.098872,0.480828,0.205788,0.166937,0.337635,0.200554,0.810416,0.214539,0.084561,0.494314,0.586552,0.110486,0.67188,0.927657,0.181197,0.384848,0.531164,0.423642,0.040969,0.022498,0.02114,0.067878,0.030034,0.008499,0.044942,0.73824,0.023297,0.11023,0.0131,0.07105,0.601731,0.738431,0.715242,1.197055,1.899226,0.399449,1.658352,2.331285,0.839977,1.257765,1.03315,1.068996,0.209966,0.23543,0.135062,0.118188,0.293276,0.054393,1.487574,0.298696,0.07895,0.765873,0.468044,0.369223,0.008962,0.007232,0.0,0.008784,0.0106,0.006799,0.002247,0.007285,0.0,0.016566,0.007741,0.00937,1.482563,0.903956,0.395791,1.144349,0.966397,0.492937,0.883106,1.835887,0.683371,1.096562,0.739581,0.93782,1.302043,0.854941,0.347638,1.263336,0.360411,0.487838,1.611164,2.455135,0.280855,1.694861,1.597661,1.155102,0.00128,0.049818,0.0,0.0,0.0,0,0,0,0.005177,0.073911,0.070266,0.049777,0,0.0,0.007047,0.0,0.007067,0.0,0.375264,0.007285,0.0,0.003823,0.004764,0.035125,0.04737,0.012856,0.044629,0.039928,0.09717,0.037395,0,0.118993,0.082833,0.079009,0.123263,0.068129,0,0,0,0,0,0,0,0,0,0,0,0
147,1450,1611,536,1649,799,493,1402,899,983,1709,2001,13532,598,255,36,432,268,40,50,149,94,456,837,3215,57,46,285,290,64,52,44,202,174,231,588,2033,622,267,70,625,323,65,305,382,133,614,876,4282,40,40,15,82,16,2,17,313,18,156,26,725,464,933,619,1506,1052,218,738,960,636,1980,1754,10860,155,304,125,144,159,21,661,125,46,1199,778,3717,7,13,0,12,7,2,1,3,2,23,15,85,1153,1142,310,1416,548,280,394,776,498,1716,1250,9483,1011,1067,294,1594,188,309,701,1014,240,2635,2685,11738,1,69,0,0,0,0,0,0,3,122,118,313,0,0,8,2,3,0,168,3,1,6,7,198,35,24,34,49,49,11,0,50,50,114,214,630,0,0,0,0,0,0,0,0,0,0,0,0,1.856404,1.294465,0.629507,1.31684,1.411611,0.837994,3.15042,2.183152,1.272261,1.088916,1.191547,1.331645,0.765607,0.204897,0.04228,0.344982,0.473482,0.067991,0.112355,0.361835,0.121661,0.290548,0.498413,0.316379,0.072976,0.036962,0.334719,0.231585,0.11307,0.088389,0.098872,0.490541,0.225202,0.147185,0.35014,0.200062,0.796333,0.214539,0.082212,0.499106,0.570651,0.110486,0.685362,0.927657,0.172137,0.39122,0.521637,0.421379,0.051211,0.032141,0.017617,0.065483,0.028268,0.0034,0.038201,0.760096,0.023297,0.099398,0.015482,0.071345,0.594049,0.749681,0.726987,1.202645,1.858592,0.370553,1.658352,2.331285,0.823152,1.261588,1.044464,1.068701,0.198443,0.244269,0.146807,0.114994,0.280909,0.035695,1.485327,0.303553,0.059536,0.763962,0.46328,0.365779,0.008962,0.010446,0.0,0.009583,0.012367,0.0034,0.002247,0.007285,0.002589,0.014655,0.008932,0.00913,1.476161,0.917615,0.364081,1.130774,0.968164,0.47594,0.885353,1.884456,0.644543,1.093377,0.744344,0.933194,1.294362,0.857352,0.345289,1.272919,0.332144,0.525233,1.57521,2.46242,0.310623,1.678932,1.598852,1.155102,0.00128,0.055443,0.0,0.0,0.0,0,0,0,0.003883,0.077734,0.070266,0.051761,0,0.0,0.009396,0.001597,0.0053,0.0,0.377511,0.007285,0.001294,0.003823,0.004168,0.026232,0.04481,0.019284,0.039931,0.03913,0.086569,0.018698,0,0.121421,0.064713,0.072637,0.127432,0.064836,0,0,0,0,0,0,0,0,0,0,0,0
148,1476,1580,550,1633,795,514,1397,902,965,1694,1988,13494,573,247,23,421,269,39,49,147,80,463,797,3108,58,57,264,269,64,57,44,201,151,248,581,1994,616,278,77,610,320,65,303,389,148,620,876,4302,35,38,12,87,15,6,14,303,16,157,17,700,481,920,610,1500,1043,239,728,961,630,1950,1712,10774,151,265,123,139,164,22,659,126,64,1192,793,3698,7,8,0,11,6,1,1,3,1,25,10,73,1160,1094,305,1444,566,295,391,781,508,1711,1235,9490,996,1029,300,1621,200,319,689,1018,203,2646,2674,11695,1,55,0,0,0,0,0,0,1,124,111,292,0,0,8,1,5,0,167,4,0,6,8,199,35,21,32,60,45,19,0,49,54,120,226,661,0,0,0,0,0,0,0,0,0,0,0,0,1.889691,1.269556,0.645949,1.304063,1.404544,0.873689,3.139185,2.190437,1.248965,1.079359,1.183805,1.327905,0.7336,0.198468,0.027012,0.336198,0.475248,0.066292,0.110107,0.356978,0.103541,0.295008,0.474594,0.305849,0.074256,0.0458,0.310056,0.214815,0.11307,0.096888,0.098872,0.488113,0.195434,0.158017,0.345971,0.196224,0.788652,0.223377,0.090433,0.487127,0.565351,0.110486,0.680868,0.944656,0.191551,0.395043,0.521637,0.423347,0.04481,0.030534,0.014093,0.069475,0.026501,0.010199,0.031459,0.735812,0.020708,0.100035,0.010123,0.068885,0.615814,0.739235,0.716417,1.197853,1.842691,0.406248,1.635882,2.333714,0.815386,1.242473,1.019454,1.060238,0.193322,0.212932,0.144458,0.111001,0.289742,0.037395,1.480832,0.305981,0.082833,0.759502,0.472212,0.363909,0.008962,0.006428,0.0,0.008784,0.0106,0.0017,0.002247,0.007285,0.001294,0.015929,0.005955,0.007841,1.485123,0.879047,0.358208,1.153134,0.999965,0.501436,0.878612,1.896598,0.657486,1.090191,0.735412,0.933883,1.275157,0.826818,0.352336,1.29448,0.353344,0.542231,1.548245,2.472134,0.262736,1.685941,1.592302,1.150871,0.00128,0.044193,0.0,0.0,0.0,0,0,0,0.001294,0.079009,0.066098,0.048288,0,0.0,0.009396,0.000799,0.008834,0.0,0.375264,0.009714,0.0,0.003823,0.004764,0.029371,0.04481,0.016874,0.037583,0.047914,0.079502,0.032296,0,0.118993,0.06989,0.07646,0.134577,0.068026,0,0,0,0,0,0,0,0,0,0,0,0
149,1461,1609,532,1605,784,473,1431,894,920,1680,2025,13414,556,240,29,423,264,32,50,142,90,460,766,3052,47,49,260,264,64,41,42,200,157,245,574,1943,645,281,69,637,322,63,302,384,155,614,882,4354,40,42,16,77,17,6,18,304,21,163,23,727,476,919,645,1483,1027,206,740,943,663,2002,1748,10852,159,283,114,148,165,23,658,121,63,1184,794,3712,5,6,0,16,5,3,1,3,1,24,17,81,1152,1141,289,1480,562,247,388,764,517,1672,1208,9420,1008,1063,293,1606,193,293,696,1013,234,2607,2658,11664,1,77,0,1,1,0,0,0,2,125,104,311,0,0,7,2,3,0,165,3,0,7,7,194,36,17,48,56,54,21,0,47,63,122,222,686,0,0,0,0,0,0,0,0,0,0,0,0,1.870487,1.292858,0.624809,1.281703,1.38511,0.803998,3.215586,2.171009,1.190723,1.070439,1.205838,1.320033,0.711835,0.192844,0.034059,0.337795,0.466415,0.054393,0.112355,0.344836,0.116484,0.293096,0.456134,0.300338,0.060173,0.039372,0.305358,0.210822,0.11307,0.069691,0.094378,0.485684,0.203199,0.156106,0.341803,0.191205,0.82578,0.225788,0.081037,0.508688,0.568884,0.107086,0.678621,0.932514,0.200611,0.39122,0.525209,0.428464,0.051211,0.033748,0.018791,0.06149,0.030034,0.010199,0.040448,0.73824,0.02718,0.103858,0.013696,0.071542,0.609413,0.738431,0.757522,1.184278,1.814424,0.350156,1.662847,2.290002,0.858097,1.275606,1.040891,1.067914,0.203564,0.227395,0.133888,0.118188,0.291509,0.039095,1.478585,0.293839,0.081539,0.754404,0.472808,0.365287,0.006401,0.004821,0.0,0.012777,0.008834,0.005099,0.002247,0.007285,0.001294,0.015292,0.010123,0.0087,1.474881,0.916812,0.339417,1.181882,0.992898,0.419847,0.871871,1.855315,0.669134,1.065341,0.719334,0.926995,1.290521,0.854138,0.344115,1.282502,0.340977,0.498037,1.563975,2.459992,0.302858,1.661091,1.582774,1.14782,0.00128,0.061871,0.0,0.000799,0.001767,0,0,0,0.002589,0.079646,0.061929,0.039541,0,0.0,0.008221,0.001597,0.0053,0.0,0.37077,0.007285,0.0,0.00446,0.004168,0.028633,0.04609,0.01366,0.056374,0.04472,0.095403,0.035695,0,0.114136,0.081539,0.077734,0.132196,0.070599,0,0,0,0,0,0,0,0,0,0,0,0
150,1459,1611,541,1629,789,538,1416,891,930,1693,1986,13483,579,250,34,419,261,34,53,144,88,470,814,3146,50,61,271,286,63,46,45,193,149,246,562,1972,631,266,65,619,318,82,304,375,149,630,865,4304,34,38,16,79,16,3,18,308,16,161,26,715,477,919,605,1457,1017,242,723,937,623,1903,1742,10645,151,299,126,135,165,27,651,120,62,1210,773,3719,6,8,1,13,7,1,1,3,2,27,13,82,1136,1184,310,1377,537,282,387,754,508,1723,1217,9415,1018,1082,316,1525,189,297,701,999,214,2632,2622,11595,1,56,0,0,1,0,0,0,0,120,106,284,0,0,7,3,3,0,165,3,0,6,7,194,33,24,40,51,53,20,0,44,55,113,218,651,0,0,0,0,0,0,0,0,0,0,0,0,1.867926,1.294465,0.635379,1.300869,1.393944,0.914484,3.181879,2.163724,1.203665,1.078722,1.182614,1.326823,0.741281,0.200879,0.039931,0.3346,0.461114,0.057793,0.119096,0.349693,0.113895,0.299468,0.484717,0.309589,0.064014,0.049014,0.318277,0.228391,0.111303,0.07819,0.101119,0.468685,0.192845,0.156743,0.334657,0.194059,0.807856,0.213735,0.076339,0.494314,0.561818,0.139382,0.683115,0.910658,0.192845,0.401415,0.515086,0.423544,0.043529,0.030534,0.018791,0.063087,0.028268,0.005099,0.040448,0.747954,0.020708,0.102584,0.015482,0.070361,0.610693,0.738431,0.710544,1.163515,1.796756,0.411348,1.624646,2.275432,0.806326,1.212527,1.037318,1.047543,0.193322,0.240251,0.147981,0.107807,0.291509,0.045894,1.462856,0.291411,0.080244,0.770971,0.460303,0.365976,0.007682,0.006428,0.001174,0.010381,0.012367,0.0017,0.002247,0.007285,0.002589,0.017203,0.007741,0.008069,1.454396,0.951363,0.364081,1.099629,0.94873,0.479339,0.869624,1.83103,0.657486,1.097837,0.724694,0.926503,1.303324,0.869405,0.371127,1.217818,0.33391,0.504836,1.57521,2.425994,0.276972,1.677021,1.561337,1.14103,0.00128,0.044997,0.0,0.0,0.001767,0,0,0,0.0,0.07646,0.06312,0.048627,0,0.0,0.008221,0.002396,0.0053,0.0,0.37077,0.007285,0.0,0.003823,0.004168,0.028633,0.042249,0.019284,0.046978,0.040727,0.093636,0.033996,0,0.106851,0.071185,0.072,0.129814,0.066997,0,0,0,0,0,0,0,0,0,0,0,0
151,1426,1571,586,1599,808,514,1405,887,936,1684,1990,13406,557,271,26,413,262,34,54,147,89,470,781,3104,55,58,283,258,65,57,45,193,146,236,547,1943,617,282,61,614,333,74,289,386,129,598,845,4228,39,43,13,80,17,1,18,307,19,167,22,726,466,887,625,1490,1022,216,716,932,649,2001,1749,10753,151,262,122,136,158,18,656,116,48,1175,773,3615,6,12,1,10,7,2,1,3,0,24,11,77,1125,1170,310,1417,562,287,387,757,505,1632,1223,9375,992,1087,290,1560,193,333,700,981,229,2597,2631,11593,1,55,0,0,1,0,0,0,4,123,104,288,0,0,9,2,4,0,167,3,2,7,10,204,33,18,39,57,45,15,0,47,36,113,211,614,0,0,0,0,0,0,0,0,0,0,0,0,1.825677,1.262324,0.68823,1.276912,1.427511,0.873689,3.157161,2.154011,1.211431,1.072987,1.184996,1.319245,0.713115,0.217753,0.030536,0.329809,0.462881,0.057793,0.121343,0.356978,0.115189,0.299468,0.465066,0.305456,0.070415,0.046604,0.33237,0.206031,0.114837,0.096888,0.101119,0.468685,0.188963,0.150371,0.325725,0.191205,0.789932,0.226592,0.071642,0.490321,0.588318,0.125784,0.649409,0.937371,0.16696,0.381025,0.503177,0.416065,0.049931,0.034551,0.015268,0.063886,0.030034,0.0017,0.040448,0.745526,0.024591,0.106407,0.0131,0.071444,0.59661,0.712719,0.734033,1.189868,1.80559,0.367153,1.608916,2.26329,0.839977,1.274969,1.041487,1.058171,0.193322,0.210521,0.143283,0.108605,0.279142,0.030596,1.474091,0.281697,0.062125,0.74867,0.460303,0.355742,0.007682,0.009642,0.001174,0.007986,0.012367,0.0034,0.002247,0.007285,0.0,0.015292,0.00655,0.008201,1.440313,0.940114,0.364081,1.131572,0.992898,0.487838,0.869624,1.838316,0.653603,1.039855,0.728267,0.922566,1.270036,0.873422,0.340591,1.245768,0.340977,0.566028,1.572963,2.382282,0.296386,1.65472,1.566696,1.140833,0.00128,0.044193,0.0,0.0,0.001767,0,0,0,0.005177,0.078371,0.061929,0.04355,0,0.0,0.01057,0.001597,0.007067,0.0,0.375264,0.007285,0.002589,0.00446,0.005955,0.027027,0.042249,0.014463,0.045804,0.045518,0.079502,0.025497,0,0.114136,0.046593,0.072,0.125645,0.063189,0,0,0,0,0,0,0,0,0,0,0,0
152,1429,1632,546,1606,790,522,1385,900,896,1714,2035,13455,573,247,23,409,252,29,54,147,85,474,788,3081,54,60,274,276,61,53,44,190,134,244,535,1925,619,265,71,603,322,76,290,376,150,601,838,4211,41,34,10,73,19,1,19,303,19,158,23,700,475,916,611,1438,1010,259,714,922,617,1963,1736,10661,147,283,103,139,165,22,650,115,47,1220,785,3676,5,8,0,10,6,3,1,3,1,29,10,76,1134,1128,304,1445,530,261,404,745,539,1724,1239,9453,978,1048,302,1559,196,298,689,988,203,2641,2665,11567,0,54,0,3,0,0,0,0,3,125,106,291,0,0,7,3,2,0,169,2,0,7,11,201,28,15,29,51,47,22,0,43,61,119,238,653,0,0,0,0,0,0,0,0,0,0,0,0,1.829518,1.311338,0.641251,1.282502,1.39571,0.887287,3.11222,2.18558,1.15966,1.092102,1.211793,1.324067,0.7336,0.198468,0.027012,0.326615,0.445214,0.049294,0.121343,0.356978,0.110012,0.302017,0.469235,0.303192,0.069135,0.048211,0.3218,0.220405,0.10777,0.090089,0.098872,0.4614,0.173431,0.155468,0.318579,0.189434,0.792492,0.212932,0.083386,0.481537,0.568884,0.129184,0.651656,0.913087,0.19414,0.382937,0.499009,0.414392,0.052491,0.02732,0.011745,0.058296,0.033568,0.0017,0.042695,0.735812,0.024591,0.100672,0.013696,0.068885,0.608132,0.736021,0.717591,1.148342,1.784389,0.440244,1.604422,2.239005,0.798561,1.250757,1.033746,1.049118,0.188201,0.227395,0.120969,0.111001,0.291509,0.037395,1.460609,0.279269,0.06083,0.777342,0.467448,0.361744,0.006401,0.006428,0.0,0.007986,0.0106,0.005099,0.002247,0.007285,0.001294,0.018478,0.005955,0.008163,1.451836,0.906366,0.357034,1.153932,0.936363,0.443644,0.907824,1.809175,0.697608,1.098474,0.737794,0.930242,1.252112,0.842085,0.354685,1.244969,0.346278,0.506536,1.548245,2.399281,0.262736,1.682755,1.586942,1.138275,0.0,0.04339,0.0,0.002396,0.0,0,0,0,0.003883,0.079646,0.06312,0.044644,0,0.0,0.008221,0.002396,0.003533,0.0,0.379758,0.004857,0.0,0.00446,0.00655,0.029667,0.035848,0.012053,0.034059,0.040727,0.083036,0.037395,0,0.104422,0.07895,0.075823,0.141723,0.067203,0,0,0,0,0,0,0,0,0,0,0,0
153,1420,1592,503,1621,791,546,1409,892,881,1659,2021,13335,564,239,18,418,257,33,53,139,78,451,784,3034,52,59,274,275,60,51,42,202,147,228,527,1917,617,248,69,616,308,77,290,379,131,600,843,4178,39,46,14,76,17,2,19,305,13,159,23,713,490,860,591,1468,1011,212,713,905,605,1943,1746,10544,151,281,114,138,160,22,648,111,62,1218,752,3657,4,7,0,10,7,3,1,2,4,27,12,77,1096,1146,304,1450,522,287,388,752,544,1636,1251,9376,1011,1028,269,1506,183,312,698,991,222,2597,2637,11454,1,57,0,0,0,0,0,0,3,120,106,287,0,0,8,0,4,0,168,2,0,7,11,200,30,16,44,52,49,14,0,43,51,124,218,641,0,0,0,0,0,0,0,0,0,0,0,0,1.817996,1.279198,0.59075,1.29448,1.397477,0.928082,3.16615,2.166153,1.140246,1.057058,1.203456,1.312258,0.722077,0.19204,0.02114,0.333802,0.454048,0.056093,0.119096,0.337551,0.100953,0.287362,0.466853,0.298567,0.066574,0.047407,0.3218,0.219606,0.106003,0.086689,0.094378,0.490541,0.190257,0.145274,0.313816,0.188646,0.789932,0.199272,0.081037,0.491918,0.54415,0.130883,0.651656,0.920372,0.169549,0.3823,0.501986,0.411145,0.049931,0.036962,0.016442,0.060691,0.030034,0.0034,0.042695,0.740669,0.016825,0.101309,0.013696,0.070164,0.627337,0.691024,0.694102,1.172299,1.786156,0.360354,1.602175,2.197722,0.78303,1.238013,1.0397,1.037604,0.193322,0.225788,0.133888,0.110203,0.282676,0.037395,1.456114,0.269555,0.080244,0.776068,0.447798,0.359875,0.005121,0.005625,0.0,0.007986,0.012367,0.005099,0.002247,0.004857,0.005177,0.017203,0.007146,0.00827,1.403185,0.92083,0.357034,1.157925,0.922229,0.487838,0.871871,1.826174,0.70408,1.042403,0.74494,0.922665,1.294362,0.826015,0.315928,1.202645,0.32331,0.530333,1.568469,2.406566,0.287327,1.65472,1.570269,1.127155,0.00128,0.0458,0.0,0.0,0.0,0,0,0,0.003883,0.07646,0.06312,0.047461,0,0.0,0.009396,0.0,0.007067,0.0,0.377511,0.004857,0.0,0.00446,0.00655,0.036212,0.038408,0.012856,0.051676,0.041526,0.086569,0.023797,0,0.104422,0.066007,0.079009,0.129814,0.065968,0,0,0,0,0,0,0,0,0,0,0,0
154,1412,1522,513,1576,777,528,1393,878,896,1652,1979,13126,569,245,21,412,249,21,51,145,81,449,746,2989,54,60,252,269,66,53,44,201,139,233,500,1871,615,252,80,640,308,57,292,379,143,604,816,4186,33,34,10,67,16,1,19,302,21,169,34,706,466,885,606,1446,986,237,701,904,623,1967,1675,10496,138,274,123,154,157,19,648,121,56,1194,764,3648,5,9,1,17,6,10,1,2,1,20,13,85,1112,1140,284,1397,534,275,390,738,519,1688,1229,9306,990,972,327,1536,191,285,687,976,223,2559,2568,11314,1,59,0,1,0,0,0,0,1,114,102,278,0,0,13,4,5,0,165,4,0,7,9,207,34,23,48,42,47,23,0,40,58,107,216,638,0,0,0,0,0,0,0,0,0,0,0,0,1.807753,1.222952,0.602495,1.258545,1.372743,0.897486,3.130196,2.132155,1.15966,1.052598,1.178446,1.291691,0.728479,0.196861,0.024664,0.32901,0.439914,0.035695,0.114602,0.352121,0.104835,0.286087,0.444225,0.294139,0.069135,0.048211,0.295962,0.214815,0.116604,0.090089,0.098872,0.488113,0.179903,0.14846,0.297738,0.18412,0.787371,0.202486,0.093956,0.511084,0.54415,0.096888,0.65615,0.920372,0.18508,0.384848,0.485908,0.411932,0.042249,0.02732,0.011745,0.053504,0.028268,0.0017,0.042695,0.733384,0.02718,0.107681,0.020246,0.069475,0.59661,0.711112,0.711719,1.154731,1.741988,0.402849,1.57521,2.195294,0.806326,1.253305,0.997422,1.032881,0.176678,0.220163,0.144458,0.12298,0.277375,0.032296,1.456114,0.293839,0.072479,0.760776,0.454943,0.358989,0.006401,0.007232,0.001174,0.013576,0.0106,0.016998,0.002247,0.004857,0.001294,0.012743,0.007741,0.008365,1.42367,0.916008,0.333545,1.115601,0.94343,0.467441,0.876365,1.792176,0.671723,1.075536,0.731839,0.915776,1.267476,0.781018,0.384046,1.226602,0.337444,0.484438,1.543751,2.37014,0.288621,1.630508,1.529181,1.113378,0.00128,0.047407,0.0,0.000799,0.0,0,0,0,0.001294,0.072637,0.060739,0.038086,0,0.0,0.015268,0.003194,0.008834,0.0,0.37077,0.009714,0.0,0.00446,0.005359,0.030552,0.043529,0.018481,0.056374,0.03354,0.083036,0.039095,0,0.097137,0.075067,0.068177,0.128623,0.065659,0,0,0,0,0,0,0,0,0,0,0,0
155,1403,1547,568,1600,762,506,1366,863,906,1657,2018,13196,583,253,26,399,244,26,48,148,65,466,769,3027,52,48,248,283,59,62,45,201,132,249,521,1900,649,255,63,600,301,65,286,377,123,609,855,4183,39,38,9,70,18,4,19,287,20,158,29,691,465,882,603,1462,1009,222,708,890,593,1904,1696,10434,149,276,119,145,167,33,639,112,73,1200,738,3651,5,11,0,12,5,4,1,3,1,30,15,87,1103,1124,311,1392,541,272,387,748,528,1678,1243,9327,1002,1050,300,1562,178,285,672,956,229,2545,2579,11358,1,70,0,0,0,0,0,0,2,112,95,280,0,0,6,3,4,0,169,2,0,7,10,201,33,17,30,48,48,27,0,36,64,115,209,627,0,0,0,0,0,0,0,0,0,0,0,0,1.796231,1.24304,0.667089,1.27771,1.346242,0.860091,3.069525,2.095728,1.172603,1.055784,1.20167,1.29858,0.746402,0.20329,0.030536,0.318629,0.43108,0.044194,0.10786,0.359406,0.084127,0.296919,0.457921,0.297878,0.066574,0.038569,0.291264,0.225995,0.104237,0.105387,0.101119,0.488113,0.170843,0.158654,0.310243,0.186973,0.830901,0.204897,0.073991,0.479141,0.531783,0.110486,0.642668,0.915515,0.159194,0.388034,0.509132,0.411637,0.049931,0.030534,0.01057,0.0559,0.031801,0.006799,0.042695,0.696957,0.025885,0.100672,0.017269,0.067999,0.59533,0.708701,0.708195,1.167508,1.782623,0.377352,1.59094,2.161296,0.767498,1.213164,1.009927,1.02678,0.190762,0.22177,0.13976,0.115792,0.295043,0.056093,1.435891,0.271983,0.094481,0.764599,0.439461,0.359284,0.006401,0.008839,0.0,0.009583,0.008834,0.006799,0.002247,0.007285,0.001294,0.019115,0.008932,0.009344,1.412147,0.903152,0.365255,1.111608,0.955797,0.462341,0.869624,1.81646,0.683371,1.069164,0.740176,0.917843,1.282839,0.843692,0.352336,1.247365,0.314477,0.484438,1.510044,2.321572,0.296386,1.621587,1.535732,1.117708,0.00128,0.056246,0.0,0.0,0.0,0,0,0,0.002589,0.071363,0.05657,0.046304,0,0.0,0.007047,0.002396,0.007067,0.0,0.379758,0.004857,0.0,0.00446,0.005955,0.029667,0.042249,0.01366,0.035234,0.038331,0.084803,0.045894,0,0.087423,0.082833,0.073274,0.124454,0.064527,0,0,0,0,0,0,0,0,0,0,0,0
156,1389,1540,541,1545,756,495,1350,872,905,1609,2023,13025,577,253,26,402,249,34,48,149,80,448,766,3032,53,56,244,266,64,52,44,193,148,229,528,1877,620,224,54,580,302,69,281,376,131,572,853,4062,37,33,6,67,17,1,18,288,18,150,22,657,455,834,603,1433,996,231,700,888,590,1950,1724,10404,140,265,121,142,157,27,636,117,50,1174,760,3589,5,8,0,13,6,3,1,3,3,25,20,87,1087,1137,322,1408,543,296,376,763,507,1684,1228,9351,982,1010,326,1539,191,291,669,941,205,2516,2585,11255,1,60,0,2,0,0,0,0,2,107,93,265,0,0,9,2,6,0,168,3,0,7,10,205,32,16,39,50,44,18,0,39,40,122,207,607,0,0,0,0,0,0,0,0,0,0,0,0,1.778307,1.237415,0.635379,1.233789,1.335642,0.841393,3.033572,2.117584,1.171309,1.0252,1.204647,1.281752,0.738721,0.20329,0.030536,0.321025,0.439914,0.057793,0.10786,0.361835,0.103541,0.28545,0.456134,0.29837,0.067855,0.044997,0.286567,0.212419,0.11307,0.088389,0.098872,0.468685,0.191551,0.145911,0.314411,0.18471,0.793773,0.179988,0.06342,0.46317,0.53355,0.117285,0.631432,0.913087,0.169549,0.364459,0.507941,0.39973,0.04737,0.026516,0.007047,0.053504,0.030034,0.0017,0.040448,0.699386,0.023297,0.095575,0.0131,0.064653,0.582527,0.670132,0.708195,1.144349,1.759655,0.39265,1.572963,2.156439,0.763616,1.242473,1.0266,1.023827,0.179239,0.212932,0.142109,0.113397,0.277375,0.045894,1.429149,0.284125,0.064713,0.748033,0.452561,0.353183,0.006401,0.006428,0.0,0.010381,0.0106,0.005099,0.002247,0.007285,0.003883,0.015929,0.01191,0.009344,1.391663,0.913598,0.378174,1.124385,0.95933,0.503136,0.844906,1.852886,0.656192,1.072987,0.731244,0.920205,1.257234,0.811551,0.382872,1.228998,0.337444,0.494637,1.503303,2.285145,0.265324,1.603109,1.539304,1.107572,0.00128,0.048211,0.0,0.001597,0.0,0,0,0,0.002589,0.068177,0.055379,0.036305,0,0.0,0.01057,0.001597,0.0106,0.0,0.377511,0.007285,0.0,0.00446,0.005955,0.030257,0.040969,0.012856,0.045804,0.039928,0.077736,0.030596,0,0.094708,0.051771,0.077734,0.123263,0.062469,0,0,0,0,0,0,0,0,0,0,0,0
157,1391,1521,537,1556,746,466,1348,855,928,1584,1995,12927,572,257,20,406,244,21,47,139,72,455,725,2958,44,42,236,277,72,51,46,191,143,239,509,1850,643,242,55,612,310,65,287,373,145,550,838,4120,34,31,10,62,19,6,17,282,13,149,23,646,445,826,634,1439,980,211,694,867,590,1895,1679,10260,161,287,115,151,156,22,634,115,54,1186,752,3633,3,7,0,8,7,3,1,3,0,31,16,79,1085,1113,319,1431,560,281,391,735,515,1669,1229,9328,976,1032,290,1488,183,297,662,911,241,2470,2530,11080,1,72,0,0,0,0,0,0,3,117,99,292,0,0,6,2,2,0,168,3,1,7,9,198,34,27,44,48,47,20,0,38,46,115,207,626,0,0,0,0,0,0,0,0,0,0,0,0,1.780868,1.222148,0.630681,1.242573,1.317975,0.792099,3.029077,2.076301,1.201077,1.009271,1.187974,1.272108,0.732319,0.206504,0.023489,0.324219,0.43108,0.035695,0.105613,0.337551,0.093187,0.28991,0.43172,0.291088,0.056332,0.033748,0.277171,0.221204,0.127204,0.086689,0.103366,0.463829,0.18508,0.152283,0.303097,0.182053,0.823219,0.194451,0.064595,0.488724,0.547684,0.110486,0.644915,0.905802,0.187668,0.350441,0.499009,0.405437,0.043529,0.024909,0.011745,0.049511,0.033568,0.010199,0.038201,0.684815,0.016825,0.094938,0.013696,0.063571,0.569724,0.663704,0.744603,1.149141,1.731388,0.358654,1.55948,2.105442,0.763616,1.207429,0.999803,1.009657,0.206125,0.230609,0.135062,0.120584,0.275609,0.037395,1.424655,0.279269,0.06989,0.755679,0.447798,0.357513,0.003841,0.005625,0.0,0.006389,0.012367,0.005099,0.002247,0.007285,0.0,0.019752,0.009528,0.009253,1.389102,0.894314,0.374651,1.142752,0.989364,0.477639,0.878612,1.78489,0.666546,1.06343,0.731839,0.917941,1.249552,0.829229,0.340591,1.188271,0.32331,0.504836,1.487574,2.212293,0.311918,1.5738,1.506553,1.09035,0.00128,0.057853,0.0,0.0,0.0,0,0,0,0.003883,0.074548,0.058952,0.048288,0,0.0,0.007047,0.001597,0.003533,0.0,0.377511,0.007285,0.001294,0.00446,0.005359,0.026232,0.043529,0.021695,0.051676,0.038331,0.083036,0.033996,0,0.09228,0.059536,0.073274,0.123263,0.064424,0,0,0,0,0,0,0,0,0,0,0,0
158,1368,1466,558,1542,766,476,1333,846,925,1570,1976,12826,573,256,30,399,246,28,46,148,73,453,736,2988,48,50,257,273,69,56,45,204,151,238,502,1893,615,234,74,630,290,69,278,380,128,573,851,4122,34,30,16,67,21,6,15,283,14,142,26,654,409,842,560,1421,1004,205,669,854,587,1912,1654,10117,148,282,119,146,166,29,636,118,68,1172,744,3628,4,14,1,13,7,6,1,3,1,33,23,106,1058,1086,298,1382,546,290,380,705,539,1645,1182,9111,934,984,303,1460,190,310,668,925,230,2499,2497,11000,1,68,0,1,0,0,0,0,1,118,92,281,0,0,8,0,4,0,166,4,1,7,11,201,34,16,33,52,49,20,0,39,55,109,217,624,0,0,0,0,0,0,0,0,0,0,0,0,1.751421,1.177955,0.655345,1.231393,1.353309,0.809097,2.995371,2.054445,1.197194,1.00035,1.17666,1.262169,0.7336,0.2057,0.035234,0.318629,0.434614,0.047594,0.103366,0.359406,0.094481,0.288636,0.43827,0.29404,0.061453,0.040176,0.301834,0.218009,0.121904,0.095188,0.101119,0.495398,0.195434,0.151645,0.298929,0.186285,0.787371,0.188023,0.08691,0.503098,0.512349,0.117285,0.624691,0.9228,0.165666,0.365096,0.50675,0.405634,0.043529,0.024105,0.018791,0.053504,0.037101,0.010199,0.033706,0.687243,0.01812,0.090478,0.015482,0.064358,0.523634,0.676561,0.657694,1.134766,1.773789,0.348456,1.503303,2.073873,0.759733,1.218261,0.984917,0.995584,0.189481,0.226592,0.13976,0.116591,0.293276,0.049294,1.429149,0.286554,0.08801,0.746758,0.443034,0.357021,0.005121,0.011249,0.001174,0.010381,0.012367,0.010199,0.002247,0.007285,0.001294,0.021026,0.013696,0.010431,1.354535,0.872619,0.349987,1.103622,0.96463,0.492937,0.853894,1.712038,0.697608,1.048138,0.703852,0.896587,1.19578,0.79066,0.355859,1.165911,0.335677,0.526933,1.501056,2.246291,0.297681,1.592278,1.486903,1.082478,0.00128,0.054639,0.0,0.000799,0.0,0,0,0,0.001294,0.075186,0.054784,0.038497,0,0.0,0.009396,0.0,0.007067,0.0,0.373017,0.009714,0.001294,0.00446,0.00655,0.031927,0.043529,0.012856,0.038757,0.041526,0.086569,0.033996,0,0.094708,0.071185,0.069451,0.129218,0.064218,0,0,0,0,0,0,0,0,0,0,0,0
159,1362,1472,547,1556,771,473,1341,854,925,1584,1951,12836,560,240,27,389,250,26,45,130,79,447,739,2932,47,47,239,286,64,50,43,194,144,236,532,1882,612,222,68,617,292,63,277,377,119,568,846,4061,31,35,15,69,21,3,16,279,26,146,20,661,430,805,601,1427,993,215,653,851,593,1842,1649,10059,150,289,117,146,155,23,630,115,74,1135,723,3557,4,11,0,14,7,4,1,3,1,34,21,100,1031,1076,311,1447,548,297,371,704,505,1622,1192,9104,964,991,310,1451,176,308,663,915,206,2452,2426,10862,1,63,0,1,0,0,0,0,2,116,94,277,0,0,6,3,2,0,166,4,0,8,9,198,43,19,46,52,43,15,0,39,51,116,209,633,0,0,0,0,0,0,0,0,0,0,0,0,1.743739,1.182776,0.642426,1.242573,1.362143,0.803998,3.013348,2.073873,1.197194,1.009271,1.161773,1.263153,0.716956,0.192844,0.03171,0.310643,0.441681,0.044194,0.101119,0.315695,0.102247,0.284813,0.440056,0.28853,0.060173,0.037765,0.280694,0.228391,0.11307,0.084989,0.096625,0.471114,0.186374,0.150371,0.316793,0.185202,0.78353,0.178381,0.079863,0.492717,0.515883,0.107086,0.622444,0.915515,0.154017,0.36191,0.503772,0.399631,0.039689,0.028123,0.017617,0.055101,0.037101,0.005099,0.035953,0.67753,0.033651,0.093026,0.01191,0.065047,0.55052,0.646831,0.705846,1.139558,1.754355,0.365454,1.46735,2.066587,0.767498,1.17366,0.981939,0.989877,0.192042,0.232216,0.137411,0.116591,0.273842,0.039095,1.415667,0.279269,0.095776,0.723183,0.430529,0.350034,0.005121,0.008839,0.0,0.01118,0.012367,0.006799,0.002247,0.007285,0.001294,0.021664,0.012505,0.010741,1.319967,0.864583,0.365255,1.155529,0.968164,0.504836,0.83367,1.709609,0.653603,1.033483,0.709807,0.895898,1.234189,0.796285,0.364081,1.158724,0.310943,0.523534,1.489821,2.222006,0.266618,1.562331,1.444624,1.068898,0.00128,0.050622,0.0,0.000799,0.0,0,0,0,0.002589,0.073911,0.055975,0.037949,0,0.0,0.007047,0.002396,0.003533,0.0,0.373017,0.009714,0.0,0.005097,0.005359,0.029224,0.055052,0.015267,0.054025,0.041526,0.075969,0.025497,0,0.094708,0.066007,0.073911,0.124454,0.065145,0,0,0,0,0,0,0,0,0,0,0,0
160,1329,1421,545,1534,735,476,1335,824,901,1580,1939,12619,566,250,28,395,245,32,43,130,84,432,753,2958,45,46,258,269,65,62,41,185,143,228,497,1839,616,244,59,598,297,65,279,366,125,555,843,4047,29,40,21,73,21,4,17,285,22,150,23,685,419,798,596,1408,972,219,657,850,560,1883,1604,9966,140,248,129,149,147,25,616,117,52,1138,755,3516,7,12,1,16,5,2,1,3,1,40,12,100,1045,1066,319,1357,554,277,363,703,509,1630,1166,8989,928,957,344,1468,179,322,652,900,209,2442,2451,10852,1,51,0,0,0,0,0,0,1,120,85,258,0,0,11,3,3,0,159,4,1,7,9,197,26,13,44,56,40,25,0,40,44,125,224,637,0,0,0,0,0,0,0,0,0,0,0,0,1.70149,1.141797,0.640077,1.225005,1.298541,0.809097,2.999865,2.00102,1.166132,1.006722,1.154627,1.241799,0.724638,0.200879,0.032885,0.315435,0.432847,0.054393,0.096625,0.315695,0.108718,0.275256,0.448393,0.291088,0.057613,0.036962,0.303009,0.214815,0.114837,0.105387,0.092131,0.449258,0.18508,0.145274,0.295951,0.180971,0.788652,0.196058,0.069293,0.477544,0.524716,0.110486,0.626938,0.888803,0.161783,0.353627,0.501986,0.398253,0.037128,0.032141,0.024664,0.058296,0.037101,0.006799,0.038201,0.6921,0.028474,0.095575,0.013696,0.067409,0.536437,0.641206,0.699974,1.124385,1.717254,0.372253,1.476338,2.064159,0.724788,1.199783,0.955143,0.980725,0.179239,0.199272,0.151504,0.118987,0.259708,0.042495,1.384207,0.284125,0.067302,0.725095,0.449584,0.345999,0.008962,0.009642,0.001174,0.012777,0.008834,0.0034,0.002247,0.007285,0.001294,0.025487,0.007146,0.009841,1.337891,0.856548,0.374651,1.083658,0.978764,0.47084,0.815694,1.707181,0.65878,1.03858,0.694325,0.884581,1.188099,0.768965,0.404012,1.172299,0.316243,0.54733,1.465103,2.18558,0.270501,1.555959,1.459511,1.067914,0.00128,0.040979,0.0,0.0,0.0,0,0,0,0.001294,0.07646,0.050615,0.042666,0,0.0,0.012919,0.002396,0.0053,0.0,0.357287,0.009714,0.001294,0.00446,0.005359,0.0261,0.033287,0.010446,0.051676,0.04472,0.070669,0.042495,0,0.097137,0.056948,0.079646,0.133387,0.065556,0,0,0,0,0,0,0,0,0,0,0,0
161,1333,1446,500,1533,745,494,1310,828,941,1642,1926,12698,546,230,29,391,238,25,41,128,81,434,731,2874,46,51,240,278,64,52,41,186,139,236,509,1842,607,224,52,600,296,71,283,359,134,559,801,3986,35,40,12,71,20,4,16,278,17,137,23,653,419,793,570,1432,946,216,648,845,632,1842,1653,9996,136,281,113,140,157,30,613,107,60,1106,723,3466,5,8,0,12,5,2,1,3,0,30,20,86,1028,1045,306,1357,544,271,371,727,496,1593,1167,8905,918,987,285,1433,175,307,637,931,234,2371,2435,10713,1,68,0,0,1,0,0,0,2,126,94,292,0,0,9,0,3,0,162,4,0,9,7,194,34,23,41,54,41,10,0,40,55,106,202,606,0,0,0,0,0,0,0,0,0,0,0,0,1.706611,1.161884,0.587227,1.224206,1.316208,0.839693,2.943688,2.010734,1.217902,1.046226,1.146886,1.249573,0.699032,0.184809,0.034059,0.31224,0.42048,0.042495,0.092131,0.310838,0.104835,0.27653,0.435293,0.282822,0.058893,0.040979,0.281869,0.222002,0.11307,0.088389,0.092131,0.451687,0.179903,0.150371,0.303097,0.181266,0.777129,0.179988,0.061072,0.479141,0.52295,0.120685,0.635926,0.871804,0.173431,0.356176,0.476976,0.392251,0.04481,0.032141,0.014093,0.056698,0.035334,0.006799,0.035953,0.675101,0.022002,0.087292,0.013696,0.06426,0.536437,0.637188,0.669438,1.143551,1.671319,0.367153,1.456114,2.052017,0.817975,1.17366,0.984321,0.983677,0.174118,0.225788,0.132713,0.1118,0.277375,0.050994,1.377466,0.259841,0.077656,0.704705,0.430529,0.341079,0.006401,0.006428,0.0,0.009583,0.008834,0.0034,0.002247,0.007285,0.0,0.019115,0.01191,0.010073,1.316126,0.839674,0.359383,1.083658,0.961097,0.460641,0.83367,1.765463,0.641955,1.015005,0.69492,0.876315,1.175296,0.79307,0.334719,1.144349,0.309176,0.521834,1.431396,2.260861,0.302858,1.51072,1.449983,1.054235,0.00128,0.054639,0.0,0.0,0.001767,0,0,0,0.002589,0.080283,0.055975,0.044155,0,0.0,0.01057,0.0,0.0053,0.0,0.364029,0.009714,0.0,0.005734,0.004168,0.035125,0.043529,0.018481,0.048153,0.043123,0.072436,0.016998,0,0.097137,0.071185,0.06754,0.120286,0.062366,0,0,0,0,0,0,0,0,0,0,0,0
162,1358,1460,507,1539,735,517,1287,821,849,1553,1917,12543,547,245,23,392,239,30,41,120,78,423,721,2859,37,36,261,261,65,63,42,185,144,238,535,1867,621,238,62,608,298,83,275,356,113,550,860,4064,36,36,10,73,18,5,17,278,10,139,24,646,415,827,567,1390,946,205,645,836,573,1837,1615,9856,147,269,119,145,152,34,610,117,63,1126,738,3520,5,15,0,16,7,2,1,3,0,29,22,100,1038,1032,307,1320,552,286,372,715,499,1606,1147,8874,936,988,305,1417,169,327,643,946,195,2399,2475,10800,1,58,0,1,0,0,0,0,1,119,92,272,0,0,9,2,7,0,161,4,1,6,7,197,28,26,44,59,44,18,0,45,48,104,219,635,0,0,0,0,0,0,0,0,0,0,0,0,1.738618,1.173134,0.595448,1.228998,1.298541,0.878788,2.892005,1.993735,1.09883,0.989519,1.141527,1.23432,0.700312,0.196861,0.027012,0.313039,0.422247,0.050994,0.092131,0.291411,0.100953,0.269521,0.429338,0.281346,0.04737,0.028927,0.306532,0.208426,0.114837,0.107086,0.094378,0.449258,0.186374,0.151645,0.318579,0.183726,0.795053,0.191237,0.072816,0.48553,0.526483,0.141082,0.61795,0.864518,0.146252,0.350441,0.512109,0.399926,0.04609,0.028927,0.011745,0.058296,0.031801,0.008499,0.038201,0.675101,0.012943,0.088566,0.014291,0.063571,0.531316,0.664508,0.665915,1.110011,1.671319,0.348456,1.449373,2.030161,0.741613,1.170474,0.961693,0.9699,0.188201,0.216146,0.13976,0.115792,0.268542,0.057793,1.370725,0.284125,0.081539,0.717449,0.439461,0.346393,0.006401,0.012053,0.0,0.012777,0.012367,0.0034,0.002247,0.007285,0.0,0.018478,0.0131,0.011713,1.328929,0.829229,0.360557,1.054111,0.975231,0.486138,0.835917,1.736322,0.645838,1.023288,0.68301,0.873264,1.198341,0.793874,0.358208,1.131572,0.298576,0.555829,1.444879,2.297287,0.252381,1.528561,1.473802,1.062797,0.00128,0.046604,0.0,0.000799,0.0,0,0,0,0.001294,0.075823,0.054784,0.037264,0,0.0,0.01057,0.001597,0.012367,0.0,0.361781,0.009714,0.001294,0.003823,0.004168,0.0261,0.035848,0.020891,0.051676,0.047116,0.077736,0.030596,0,0.109279,0.062125,0.066265,0.130409,0.06535,0,0,0,0,0,0,0,0,0,0,0,0
163,1325,1401,528,1540,709,481,1283,824,966,1591,1943,12591,537,250,35,385,229,31,42,126,85,432,716,2868,42,42,254,285,68,56,40,192,155,243,519,1896,619,219,64,612,290,66,275,358,154,546,839,4042,32,42,17,70,18,2,16,268,20,130,25,640,402,774,581,1373,922,208,640,847,577,1831,1607,9762,141,276,119,141,154,22,607,114,60,1116,738,3488,5,11,0,8,6,3,1,3,0,28,24,89,1058,1030,305,1363,529,311,361,699,491,1586,1158,8891,897,932,278,1414,158,274,623,916,237,2351,2424,10504,1,59,0,0,0,0,0,0,2,109,95,266,0,0,8,0,3,0,160,4,1,6,7,189,34,15,41,49,43,13,0,41,52,111,207,606,0,0,0,0,0,0,0,0,0,0,0,0,1.696369,1.125726,0.620111,1.229796,1.252606,0.817596,2.883016,2.00102,1.250259,1.013731,1.157009,1.239044,0.68751,0.200879,0.041106,0.307449,0.404579,0.052693,0.094378,0.305981,0.110012,0.275256,0.426361,0.282232,0.053772,0.033748,0.298311,0.227592,0.120137,0.095188,0.089884,0.466257,0.200611,0.154831,0.309052,0.18658,0.792492,0.17597,0.075165,0.488724,0.512349,0.112186,0.61795,0.869375,0.199317,0.347893,0.499604,0.397761,0.040969,0.033748,0.019966,0.0559,0.031801,0.0034,0.035953,0.650817,0.025885,0.082832,0.014887,0.062981,0.514672,0.621922,0.682357,1.096435,1.628918,0.353555,1.438138,2.056874,0.74679,1.166651,0.956929,0.96065,0.180519,0.22177,0.13976,0.112598,0.272075,0.037395,1.363984,0.27684,0.077656,0.711077,0.439461,0.343244,0.006401,0.008839,0.0,0.006389,0.0106,0.005099,0.002247,0.007285,0.0,0.017841,0.014291,0.010424,1.354535,0.827622,0.358208,1.088449,0.934596,0.528633,0.811199,1.697467,0.635484,1.010545,0.689561,0.874937,1.14841,0.748877,0.326498,1.129177,0.279142,0.465741,1.399937,2.224435,0.306741,1.497977,1.443433,1.033668,0.00128,0.047407,0.0,0.0,0.0,0,0,0,0.002589,0.069451,0.05657,0.043989,0,0.0,0.009396,0.0,0.0053,0.0,0.359534,0.009714,0.001294,0.003823,0.004168,0.03002,0.043529,0.012053,0.048153,0.03913,0.075969,0.022097,0,0.099565,0.067302,0.070725,0.123263,0.062366,0,0,0,0,0,0,0,0,0,0,0,0
164,1323,1405,529,1534,728,482,1286,810,891,1572,1961,12521,542,233,34,403,219,25,44,115,70,422,744,2851,45,47,253,283,74,49,41,193,152,225,492,1854,592,220,70,597,287,71,281,349,147,575,869,4058,41,26,13,69,18,4,17,282,11,138,26,645,408,760,545,1366,928,211,630,857,552,1821,1666,9744,139,256,126,148,147,19,600,121,52,1066,741,3415,3,10,0,12,5,3,1,3,1,32,21,91,1024,975,305,1327,532,280,364,700,491,1592,1135,8725,917,944,269,1397,158,289,624,921,216,2334,2465,10534,0,62,0,0,0,0,0,0,2,108,99,271,0,0,8,1,4,0,162,4,0,7,8,194,33,15,29,48,47,20,0,42,52,101,208,595,0,0,0,0,0,0,0,0,0,0,0,0,1.693809,1.12894,0.621286,1.225005,1.286174,0.819296,2.889758,1.967022,1.153189,1.001625,1.167728,1.232155,0.693911,0.187219,0.039931,0.321823,0.386912,0.042495,0.098872,0.279269,0.090598,0.268884,0.443034,0.280559,0.057613,0.037765,0.297137,0.225995,0.130737,0.083289,0.092131,0.468685,0.196728,0.143362,0.292974,0.182447,0.757925,0.176774,0.082212,0.476746,0.507049,0.120685,0.631432,0.847519,0.190257,0.36637,0.517468,0.399336,0.052491,0.020891,0.015268,0.055101,0.031801,0.006799,0.038201,0.684815,0.014237,0.087929,0.015482,0.063473,0.522354,0.610672,0.640077,1.090845,1.639518,0.358654,1.415667,2.081158,0.714434,1.160279,0.992062,0.958879,0.177959,0.2057,0.147981,0.118188,0.259708,0.032296,1.348254,0.293839,0.067302,0.679219,0.441247,0.33606,0.003841,0.008035,0.0,0.009583,0.008834,0.005099,0.002247,0.007285,0.001294,0.020389,0.012505,0.009774,1.311005,0.783428,0.358208,1.059701,0.939896,0.47594,0.817941,1.699896,0.635484,1.014368,0.675865,0.858602,1.174015,0.758519,0.315928,1.115601,0.279142,0.491238,1.402184,2.236577,0.279561,1.487145,1.467847,1.03662,0.0,0.049818,0.0,0.0,0.0,0,0,0,0.002589,0.068814,0.058952,0.051463,0,0.0,0.009396,0.000799,0.007067,0.0,0.364029,0.009714,0.0,0.00446,0.004764,0.028633,0.042249,0.012053,0.034059,0.038331,0.083036,0.033996,0,0.101994,0.067302,0.064354,0.123859,0.061234,0,0,0,0,0,0,0,0,0,0,0,0
165,1298,1372,500,1544,715,461,1273,791,904,1527,1918,12303,555,233,26,390,219,34,47,120,83,405,705,2817,50,45,260,264,75,46,39,197,136,217,513,1842,605,226,69,585,270,64,278,345,147,568,821,3978,42,32,15,66,17,2,17,276,12,141,20,640,409,807,603,1360,927,212,644,848,584,1779,1634,9807,130,274,105,137,144,23,596,114,53,1035,739,3350,3,10,0,12,5,4,1,3,0,30,19,87,1012,954,296,1335,523,257,367,679,508,1604,1142,8677,898,972,295,1391,145,291,612,928,230,2307,2446,10515,0,60,0,0,0,0,0,0,2,103,97,262,0,0,11,2,5,0,159,4,1,8,9,199,36,17,37,64,42,8,0,39,45,96,202,586,0,0,0,0,0,0,0,0,0,0,0,0,1.661802,1.102424,0.587227,1.23299,1.263206,0.7836,2.860546,1.920882,1.170014,0.972952,1.142122,1.210702,0.710555,0.187219,0.030536,0.311442,0.386912,0.057793,0.105613,0.291411,0.107424,0.258052,0.41981,0.277213,0.064014,0.036158,0.305358,0.210822,0.132504,0.07819,0.087637,0.478399,0.17602,0.138265,0.305479,0.181266,0.774569,0.181595,0.081037,0.467163,0.477015,0.108786,0.624691,0.837806,0.190257,0.36191,0.488885,0.391463,0.053772,0.025713,0.017617,0.052706,0.030034,0.0034,0.038201,0.670245,0.015531,0.08984,0.01191,0.062981,0.523634,0.648438,0.708195,1.086054,1.637751,0.360354,1.447126,2.059302,0.75585,1.133518,0.973007,0.965078,0.166436,0.220163,0.123318,0.109404,0.254408,0.039095,1.339266,0.27684,0.068596,0.659467,0.440056,0.329664,0.003841,0.008035,0.0,0.009583,0.008834,0.006799,0.002247,0.007285,0.0,0.019115,0.011314,0.01019,1.295642,0.766554,0.347638,1.06609,0.923996,0.436845,0.824682,1.648899,0.657486,1.022014,0.680033,0.853878,1.14969,0.781018,0.346464,1.110809,0.256175,0.494637,1.375219,2.253576,0.297681,1.469942,1.456533,1.03475,0.0,0.048211,0.0,0.0,0.0,0,0,0,0.002589,0.065628,0.057761,0.049754,0,0.0,0.012919,0.001597,0.008834,0.0,0.357287,0.009714,0.001294,0.005097,0.005359,0.026365,0.04609,0.01366,0.043455,0.051108,0.074202,0.013598,0,0.094708,0.058242,0.061168,0.120286,0.060308,0,0,0,0,0,0,0,0,0,0,0,0
166,1252,1429,487,1489,725,471,1278,804,897,1534,1935,12301,556,226,27,393,230,34,50,116,81,402,701,2816,47,58,252,261,70,37,35,187,145,234,516,1842,594,228,64,606,282,74,281,348,136,578,867,4058,33,35,15,67,19,4,17,262,13,136,21,622,405,746,574,1342,906,201,634,828,572,1828,1606,9642,126,257,99,139,145,30,597,108,58,1070,709,3338,4,9,0,14,6,7,1,3,0,32,21,97,1014,1005,297,1341,522,267,359,679,484,1583,1133,8684,875,945,242,1395,150,278,612,918,221,2337,2377,10350,1,66,0,2,0,0,0,0,0,104,101,274,0,0,11,1,6,0,160,3,0,7,7,195,33,25,31,50,44,10,0,41,55,105,197,591,0,0,0,0,0,0,0,0,0,0,0,0,1.602909,1.148225,0.571959,1.189069,1.280873,0.800598,2.871781,1.952451,1.160955,0.977412,1.152245,1.210506,0.711835,0.181595,0.03171,0.313838,0.406346,0.057793,0.112355,0.281697,0.104835,0.256141,0.417428,0.277114,0.060173,0.046604,0.295962,0.208426,0.123671,0.062892,0.078648,0.454115,0.187668,0.149097,0.307265,0.181266,0.760485,0.183202,0.075165,0.483933,0.498216,0.125784,0.631432,0.845091,0.17602,0.368282,0.516277,0.399336,0.042249,0.028123,0.017617,0.053504,0.033568,0.006799,0.038201,0.636247,0.016825,0.086655,0.012505,0.061209,0.518513,0.599423,0.674136,1.07168,1.60065,0.341657,1.424655,2.010734,0.740319,1.164739,0.956334,0.948841,0.161315,0.206504,0.116271,0.111001,0.256175,0.050994,1.341513,0.26227,0.075067,0.681767,0.422192,0.328483,0.005121,0.007232,0.0,0.01118,0.0106,0.011898,0.002247,0.007285,0.0,0.020389,0.012505,0.011361,1.298202,0.807534,0.348813,1.070881,0.922229,0.453842,0.806705,1.648899,0.626424,1.008634,0.674674,0.854567,1.120244,0.759323,0.284218,1.114004,0.265008,0.47254,1.375219,2.229292,0.286032,1.489057,1.415445,1.018513,0.00128,0.053032,0.0,0.001597,0.0,0,0,0,0.0,0.066265,0.060143,0.041982,0,0.0,0.012919,0.000799,0.0106,0.0,0.359534,0.007285,0.0,0.00446,0.004168,0.028781,0.042249,0.020088,0.036408,0.039928,0.077736,0.016998,0,0.099565,0.071185,0.066902,0.117309,0.060822,0,0,0,0,0,0,0,0,0,0,0,0
167,1291,1415,526,1514,694,447,1285,801,903,1511,1931,12318,547,239,28,395,215,34,54,118,87,406,719,2842,49,45,277,268,59,45,36,191,135,201,527,1833,595,214,68,581,281,66,279,364,129,573,858,4008,39,38,14,65,16,2,19,264,21,131,27,636,403,744,540,1373,893,223,632,820,588,1769,1599,9584,117,279,99,131,146,33,592,113,55,1031,718,3314,5,13,0,9,5,2,1,4,0,32,18,89,987,1009,309,1331,518,267,367,676,463,1551,1125,8603,852,986,293,1399,145,276,614,906,223,2297,2419,10410,1,56,0,0,1,0,0,0,2,100,93,253,0,0,7,1,7,0,160,4,0,6,8,193,33,17,37,50,41,10,0,41,48,97,192,566,0,0,0,0,0,0,0,0,0,0,0,0,1.65284,1.136975,0.617762,1.209033,1.226105,0.759804,2.887511,1.945166,1.16872,0.962758,1.149863,1.212178,0.700312,0.19204,0.032885,0.315435,0.379845,0.057793,0.121343,0.286554,0.112601,0.258689,0.428147,0.279673,0.062734,0.036158,0.325324,0.214016,0.104237,0.07649,0.080895,0.463829,0.174726,0.12807,0.313816,0.18038,0.761766,0.171952,0.079863,0.463969,0.496449,0.112186,0.626938,0.883946,0.16696,0.365096,0.510918,0.394416,0.049931,0.030534,0.016442,0.051907,0.028268,0.0034,0.042695,0.641103,0.02718,0.083469,0.016078,0.062587,0.515952,0.597816,0.634205,1.096435,1.577683,0.379052,1.420161,1.991306,0.761027,1.127146,0.952165,0.943133,0.149793,0.224181,0.116271,0.104613,0.257941,0.056093,1.330277,0.274412,0.071185,0.656918,0.427551,0.326121,0.006401,0.010446,0.0,0.007187,0.008834,0.0034,0.002247,0.009714,0.0,0.020389,0.010719,0.010424,1.263635,0.810748,0.362906,1.062895,0.915162,0.453842,0.824682,1.641613,0.599244,0.988244,0.66991,0.846596,1.090797,0.792267,0.344115,1.117198,0.256175,0.46914,1.379713,2.200151,0.288621,1.46357,1.440455,1.024418,0.00128,0.044997,0.0,0.0,0.001767,0,0,0,0.002589,0.063717,0.055379,0.038258,0,0.0,0.008221,0.000799,0.012367,0.0,0.359534,0.009714,0.0,0.003823,0.004764,0.028486,0.042249,0.01366,0.043455,0.039928,0.072436,0.016998,0,0.099565,0.062125,0.061805,0.114331,0.058249,0,0,0,0,0,0,0,0,0,0,0,0
