Variable,Overall__Emory,Overall__MIMIC,Overall__NU,Overall__OHSU,Overall__RUSH,Overall__Sunnybrook,Overall__UCMC,Overall__UCSF,Overall__UMN,Overall__UPenn,Overall__ALL,2022__Emory,2022__MIMIC,2022__NU,2022__OHSU,2022__RUSH,2022__Sunnybrook,2022__UCMC,2022__UCSF,2022__UMN,2022__UPenn,2022__ALL,2023__Emory,2023__MIMIC,2023__NU,2023__OHSU,2023__RUSH,2023__Sunnybrook,2023__UCMC,2023__UCSF,2023__UMN,2023__UPenn,2023__ALL,2024__Emory,2024__MIMIC,2024__NU,2024__OHSU,2024__RUSH,2024__Sunnybrook,2024__UCMC,2024__UCSF,2024__UMN,2024__UPenn,2024__ALL,2025__Emory,2025__MIMIC,2025__NU,2025__OHSU,2025__RUSH,2025__Sunnybrook,2025__UCMC,2025__UCSF,2025__UMN,2025__UPenn,2025__ALL,2026__Emory,2026__MIMIC,2026__NU,2026__OHSU,2026__RUSH,2026__Sunnybrook,2026__UCMC,2026__UCSF,2026__UMN,2026__UPenn,2026__ALL
N: Encounter blocks,"78,108","85,146","125,224","56,602","58,831","44,502","41,179","77,264","156,945","167,933","891,734","4,926",,"15,668","5,388","6,205","4,880","5,749","5,754","9,324","20,121","78,015","20,978",,"17,913","5,172","6,559","5,337","5,913","5,867","9,906","18,203","95,848","22,552",,"18,120","5,660","6,982","5,758","6,181","5,800","10,295","18,531","99,879","24,237",,"18,303","2,851","7,206","4,740",,"6,304","10,414","17,673","91,728","5,415",,,,"2,032",,,820,"1,424",,"9,691"
N: Unique patients,"61,384","64,952","99,636","48,373","42,460","39,849","33,659","62,306","113,460","125,963","692,042","4,663",,"14,097","5,071","5,348","4,635","5,225","5,266","8,502","17,725","70,532","18,236",,"16,012","4,822","5,538","5,055","5,421","5,391","8,967","16,075","85,517","19,270",,"16,260","5,269","5,907","5,421","5,671","5,319","9,254","16,402","88,773","20,833",,"16,411","2,699","6,107","4,499",,"5,755","9,408","15,555","81,267","5,109",,,,"1,860",,,807,"1,389",,"9,165"
N: Hospitals,10,1,10,2,1,1,1,7,12,9,54,9,,10,2,1,1,1,5,10,9,48,10,,10,2,1,1,1,4,10,8,47,9,,10,2,1,1,1,5,10,8,47,9,,10,2,1,1,,6,10,8,47,9,,,,1,,,6,10,,26
"Age at admission, median [Q1, Q3]","64 [52, 74]","66 [54, 78]","66 [54, 76]","63 [49, 73]","63 [50, 73]","68 [55, 79]","61 [46, 71]","61 [48, 71]","64 [51, 75]","65 [52, 74]","64.3 [46, 79]","64 [51, 74]",,"67 [54, 76]","63 [49, 74]","62 [49, 72]","68 [56, 79]","61 [46, 71]","62 [48, 72]","64 [52, 74]","64 [52, 74]","63.5 [46, 79]","64 [51, 74]",,"67 [54, 76]","63 [48, 73]","63 [50, 73]","68 [56, 78]","61 [45, 71]","62 [47, 72]","64 [51, 74]","65 [52, 74]","63.8 [45, 78]","64 [51, 74]",,"66 [54, 76]","64 [49, 74]","64 [51, 73]","68 [56, 79]","62 [46, 71]","62 [48, 72]","64 [51, 75]","65 [52, 74]","64.2 [46, 79]","64 [51, 74]",,"67 [55, 76]","64 [49, 73]","64 [51, 74]","69 [57, 79]",,"62 [47, 72]","64 [51, 75]","65 [51, 75]","64.5 [47, 79]","64 [51, 74]",,,,"63 [49, 73]",,,"63 [49, 73]","65 [52, 75]",,"64.0 [49, 75]"
  Race: Black or African American,"29,174 (47.5%)","6,060 (9.3%)","12,336 (12.4%)","1,102 (2.3%)","14,844 (35.0%)",,"19,118 (56.8%)","4,710 (7.6%)","6,981 (6.2%)","36,874 (29.3%)","131,199 (20.1%)","2,266 (48.6%)",,"1,741 (12.4%)",125 (2.5%),"1,952 (36.5%)",,"2,985 (57.1%)",401 (7.6%),584 (6.9%),"5,577 (31.5%)","15,631 (23.7%)","8,897 (48.8%)",,"1,930 (12.1%)",138 (2.9%),"1,938 (35.0%)",,"2,942 (54.3%)",464 (8.6%),617 (6.9%),"4,838 (30.1%)","21,764 (27.0%)","9,420 (48.9%)",,"2,007 (12.3%)",149 (2.8%),"1,969 (33.3%)",,"3,067 (54.1%)",404 (7.6%),737 (8.0%),"4,912 (29.9%)","22,665 (27.2%)","10,324 (49.6%)",,"2,029 (12.4%)",79 (2.9%),"2,097 (34.3%)",,,478 (8.3%),684 (7.3%),"4,486 (28.8%)","20,177 (26.3%)","2,587 (50.6%)",,,,694 (37.3%),,,71 (8.8%),97 (7.0%),,"3,449 (37.6%)"
  Race: unknown,,,,,,,,,,"6,667 (5.3%)","6,667 (5.3%)",,,,,,,,,,901 (5.1%),901 (5.1%),,,,,,,,,,815 (5.1%),815 (5.1%),,,,,,,,,,865 (5.3%),865 (5.3%),,,,,,,,,,807 (5.2%),807 (5.2%),,,,,,,,,,,
  Race: White,"24,398 (39.7%)","43,794 (67.4%)","72,893 (73.2%)","40,828 (84.4%)","18,130 (42.7%)",,"10,129 (30.1%)","33,797 (54.2%)","95,617 (84.3%)","72,976 (57.9%)","412,562 (63.3%)","1,802 (38.6%)",,"10,403 (73.8%)","3,998 (78.8%)","2,216 (41.4%)",,"1,537 (29.4%)","2,733 (51.9%)","7,111 (83.6%)","9,889 (55.8%)","39,689 (60.2%)","7,112 (39.0%)",,"11,760 (73.4%)","4,054 (84.1%)","2,287 (41.3%)",,"1,543 (28.5%)","2,746 (50.9%)","7,384 (82.3%)","9,055 (56.3%)","45,941 (57.1%)","7,414 (38.5%)",,"11,687 (71.9%)","4,485 (85.1%)","2,497 (42.3%)",,"1,581 (27.9%)","2,643 (49.7%)","7,554 (81.6%)","9,117 (55.6%)","46,978 (56.4%)","8,081 (38.8%)",,"11,696 (71.3%)","2,288 (84.8%)","2,454 (40.2%)",,,"2,777 (48.3%)","7,674 (81.6%)","8,798 (56.6%)","43,768 (57.0%)","1,913 (37.4%)",,,,710 (38.2%),,,387 (48.0%),"1,144 (82.4%)",,"4,154 (45.3%)"
Race: Other,"5,219 (8.5%)","13,121 (20.2%)","10,755 (10.7%)","5,148 (10.6%)","8,040 (18.9%)","39,849 (100.0%)","3,736 (11.1%)","13,763 (22.1%)","5,367 (4.7%)","4,457 (3.5%)","109,455 (15.8%)",431 (9.2%),,"1,419 (10.1%)",813 (16.0%),998 (18.7%),"4,635 (100.0%)",601 (11.5%),"1,198 (22.7%)",369 (4.3%),625 (3.5%),"11,089 (15.7%)","1,508 (8.2%)",,"1,730 (10.8%)",487 (10.1%),"1,123 (20.3%)","5,055 (100.0%)",831 (15.4%),"1,236 (22.9%)",436 (4.9%),664 (4.1%),"13,070 (15.3%)","1,620 (8.4%)",,"1,971 (12.1%)",455 (8.7%),"1,214 (20.6%)","5,421 (100.0%)",905 (16.0%),"1,288 (24.2%)",420 (4.5%),740 (4.5%),"14,034 (15.8%)","1,542 (7.3%)",,"2,072 (12.7%)",248 (9.2%),"1,325 (21.7%)","4,499 (100.0%)",,"1,493 (26.0%)",472 (5.1%),786 (5.1%),"12,437 (15.3%)",377 (7.3%),,,,381 (20.5%),,,203 (25.1%),73 (5.3%),,"1,034 (11.3%)"
  Race: american indian or alaska native,,,,,,,,,,266 (0.2%),266 (0.2%),,,,,,,,,,38 (0.2%),38 (0.2%),,,,,,,,,,47 (0.3%),47 (0.3%),,,,,,,,,,46 (0.3%),46 (0.3%),,,,,,,,,,23 (0.1%),23 (0.1%),,,,,,,,,,,
  Race: native hawaiian or other pacific islander,,,,,,,,,,197 (0.2%),197 (0.2%),,,,,,,,,,25 (0.1%),25 (0.1%),,,,,,,,,,39 (0.2%),39 (0.2%),,,,,,,,,,33 (0.2%),33 (0.2%),,,,,,,,,,36 (0.2%),36 (0.2%),,,,,,,,,,,
  Race: Asian,"2,593 (4.2%)","1,977 (3.0%)","3,652 (3.7%)","1,295 (2.7%)","1,446 (3.4%)",,676 (2.0%),"10,036 (16.1%)","5,495 (4.8%)","4,526 (3.6%)","31,696 (4.9%)",164 (3.5%),,534 (3.8%),135 (2.7%),182 (3.4%),,102 (2.0%),934 (17.7%),438 (5.2%),670 (3.8%),"3,159 (4.8%)",719 (3.9%),,592 (3.7%),143 (3.0%),190 (3.4%),,105 (1.9%),945 (17.5%),530 (5.9%),617 (3.8%),"3,841 (4.8%)",816 (4.2%),,595 (3.7%),180 (3.4%),227 (3.8%),,118 (2.1%),984 (18.5%),543 (5.9%),689 (4.2%),"4,152 (5.0%)",886 (4.3%),,614 (3.7%),84 (3.1%),231 (3.8%),,,"1,007 (17.5%)",578 (6.1%),619 (4.0%),"4,019 (5.2%)",232 (4.5%),,,,75 (4.0%),,,146 (18.1%),75 (5.4%),,528 (5.8%)
  Ethnicity: Non-Hispanic,"54,469 (88.7%)","52,051 (80.1%)","86,743 (87.1%)","41,386 (85.6%)","34,144 (80.4%)",,"29,574 (87.9%)","50,008 (80.3%)","111,511 (98.3%)","118,139 (93.8%)","578,025 (88.6%)","4,070 (87.3%)",,"12,416 (88.1%)","4,113 (81.1%)","4,306 (80.5%)",,"4,608 (88.2%)","4,150 (78.8%)","8,312 (97.8%)","16,674 (94.1%)","58,649 (89.0%)","16,126 (88.4%)",,"13,976 (87.3%)","4,126 (85.6%)","4,332 (78.2%)",,"4,502 (83.0%)","4,208 (78.1%)","8,755 (97.6%)","15,119 (94.1%)","71,144 (88.4%)","17,108 (88.8%)",,"14,068 (86.5%)","4,565 (86.6%)","4,606 (78.0%)",,"4,631 (81.7%)","4,173 (78.5%)","9,026 (97.5%)","15,341 (93.5%)","73,518 (88.2%)","18,878 (90.6%)",,"14,117 (86.0%)","2,304 (85.4%)","4,763 (78.0%)",,,"4,461 (77.5%)","9,119 (96.9%)","14,443 (92.9%)","68,085 (88.7%)","4,644 (90.9%)",,,,"1,450 (78.0%)",,,636 (78.8%),"1,360 (97.9%)",,"8,090 (88.3%)"
  Ethnicity: Unknown,"4,212 (6.9%)","10,549 (16.2%)","3,482 (3.5%)","3,628 (7.5%)",574 (1.4%),"39,849 (100.0%)","2,017 (6.0%)","2,265 (3.6%)",40 (0.0%),"2,988 (2.4%)","69,604 (10.1%)",416 (8.9%),,455 (3.2%),570 (11.2%),60 (1.1%),"4,635 (100.0%)",311 (6.0%),205 (3.9%),,353 (2.0%),"7,005 (11.3%)","1,380 (7.6%)",,580 (3.6%),264 (5.5%),88 (1.6%),"5,055 (100.0%)",555 (10.2%),229 (4.2%),,291 (1.8%),"8,442 (11.0%)","1,257 (6.5%)",,675 (4.2%),207 (3.9%),100 (1.7%),"5,421 (100.0%)",628 (11.1%),145 (2.7%),,353 (2.2%),"8,786 (11.0%)","1,060 (5.1%)",,713 (4.3%),144 (5.3%),75 (1.2%),"4,499 (100.0%)",,213 (3.7%),,423 (2.7%),"7,127 (9.9%)",246 (4.8%),,,,13 (0.7%),,,36 (4.5%),,,295 (3.8%)
  Ethnicity: Hispanic,"2,643 (4.3%)","2,352 (3.6%)","9,409 (9.4%)","3,359 (6.9%)","7,742 (18.2%)",,"2,068 (6.1%)","10,033 (16.1%)","1,909 (1.7%)","4,836 (3.8%)","44,351 (6.8%)",175 (3.8%),,"1,225 (8.7%)",388 (7.7%),982 (18.4%),,306 (5.9%),911 (17.3%),190 (2.2%),698 (3.9%),"4,875 (7.4%)",718 (3.9%),,"1,456 (9.1%)",432 (9.0%),"1,118 (20.2%)",,364 (6.7%),954 (17.7%),212 (2.4%),665 (4.1%),"5,919 (7.4%)",865 (4.5%),,"1,516 (9.3%)",497 (9.4%),"1,201 (20.3%)",,412 (7.3%),"1,001 (18.8%)",228 (2.5%),708 (4.3%),"6,428 (7.7%)",888 (4.3%),,"1,580 (9.6%)",251 (9.3%),"1,269 (20.8%)",,,"1,081 (18.8%)",289 (3.1%),689 (4.4%),"6,047 (7.9%)",219 (4.3%),,,,397 (21.3%),,,135 (16.7%),29 (2.1%),,780 (8.5%)
  Ethnicity: Missing,60 (0.1%),,<10,,,,,,,,60 (0.1%),<10,,<10,,,,,,,,,12 (0.1%),,,,,,,,,,12 (0.1%),40 (0.2%),,<10,,,,,,,,40 (0.2%),<10,,<10,,,,,,,,,,,,,,,,,,,
  Sex: Male,"32,817 (53.5%)","36,823 (56.7%)","55,337 (55.5%)","27,987 (57.9%)","22,218 (52.3%)","25,365 (63.7%)","19,100 (56.7%)","33,224 (53.3%)","60,886 (53.7%)","69,304 (55.0%)","383,061 (55.4%)","2,463 (52.8%)",,"7,827 (55.5%)","2,948 (58.1%)","2,861 (53.5%)","2,966 (64.0%)","2,964 (56.7%)","2,809 (53.3%)","4,651 (54.7%)","9,837 (55.5%)","39,326 (55.8%)","9,745 (53.4%)",,"9,016 (56.3%)","2,802 (58.1%)","2,880 (52.0%)","3,190 (63.1%)","3,033 (55.9%)","2,933 (54.4%)","4,917 (54.8%)","8,936 (55.6%)","47,452 (55.5%)","10,251 (53.2%)",,"9,009 (55.4%)","2,955 (56.1%)","3,109 (52.6%)","3,474 (64.1%)","3,289 (58.0%)","2,931 (55.1%)","5,109 (55.2%)","9,131 (55.7%)","49,258 (55.5%)","11,065 (53.1%)",,"9,243 (56.3%)","1,512 (56.0%)","3,185 (52.2%)","2,797 (62.2%)",,"3,111 (54.1%)","5,147 (54.7%)","8,663 (55.7%)","44,723 (55.0%)","2,736 (53.6%)",,,,963 (51.8%),,,459 (56.9%),758 (54.6%),,"4,916 (53.6%)"
  Sex: Female,"28,477 (46.4%)","28,129 (43.3%)","44,283 (44.4%)","20,383 (42.1%)","20,242 (47.7%)","14,484 (36.3%)","14,559 (43.3%)","29,057 (46.6%)","52,553 (46.3%)","56,654 (45.0%)","308,821 (44.6%)","2,198 (47.1%)",,"6,268 (44.5%)","2,123 (41.9%)","2,487 (46.5%)","1,669 (36.0%)","2,261 (43.3%)","2,455 (46.6%)","3,849 (45.3%)","7,887 (44.5%)","31,197 (44.2%)","8,475 (46.5%)",,"6,993 (43.7%)","2,020 (41.9%)","2,658 (48.0%)","1,865 (36.9%)","2,388 (44.1%)","2,453 (45.5%)","4,048 (45.1%)","7,138 (44.4%)","38,038 (44.5%)","8,976 (46.6%)",,"7,246 (44.6%)","2,313 (43.9%)","2,798 (47.4%)","1,947 (35.9%)","2,382 (42.0%)","2,386 (44.9%)","4,141 (44.7%)","7,270 (44.3%)","39,459 (44.4%)","9,741 (46.8%)",,"7,165 (43.7%)","1,187 (44.0%)","2,922 (47.8%)","1,702 (37.8%)",,"2,639 (45.9%)","4,259 (45.3%)","6,891 (44.3%)","36,506 (44.9%)","2,369 (46.4%)",,,,897 (48.2%),,,346 (42.9%),629 (45.3%),,"4,241 (46.3%)"
  Sex: Missing,60 (0.1%),,<10,,,,,,,,60 (0.1%),<10,,<10,,,,,,,,,12 (0.1%),,,,,,,,,,12 (0.1%),40 (0.2%),,<10,,,,,,,,40 (0.2%),<10,,<10,,,,,,,,,,,,,,,,,,,
  Sex: Unknown,30 (0.0%),,14 (0.0%),<10,,,,25 (0.0%),15 (0.0%),<10,84 (0.0%),,,<10,,,,,<10,<10,<10,,<10,,<10,,,,,<10,<10,<10,,<10,,<10,<10,,,,<10,<10,<10,,20 (0.1%),,<10,,,,,<10,<10,<10,,<10,,,,,,,<10,<10,,
  Sex: Other,,,,,,,,,<10,,,,,,,,,,,<10,,,,,,,,,,,<10,,,,,,,,,,,<10,,,,,,,,,,,,,,,,,,,,,,,,
Encounter Types,,,,,,,,,,,,,,,,,,,,,,,,,,,,,,,,,,,,,,,,,,,,,,,,,,,,,,,,,,,,,,,,,,
"  ICU encounters, n (%)","78,108 (100.0%)","85,146 (100.0%)","125,224 (100.0%)","56,602 (100.0%)","58,831 (100.0%)","44,502 (100.0%)","41,179 (100.0%)","77,264 (100.0%)","156,945 (100.0%)","167,933 (100.0%)","891,734 (100.0%)","4,926 (100.0%)",,"15,668 (100.0%)","5,388 (100.0%)","6,205 (100.0%)","4,880 (100.0%)","5,749 (100.0%)","5,754 (100.0%)","9,324 (100.0%)","20,121 (100.0%)","78,015 (100.0%)","20,978 (100.0%)",,"17,913 (100.0%)","5,172 (100.0%)","6,559 (100.0%)","5,337 (100.0%)","5,913 (100.0%)","5,867 (100.0%)","9,906 (100.0%)","18,203 (100.0%)","95,848 (100.0%)","22,552 (100.0%)",,"18,120 (100.0%)","5,660 (100.0%)","6,982 (100.0%)","5,758 (100.0%)","6,181 (100.0%)","5,800 (100.0%)","10,295 (100.0%)","18,531 (100.0%)","99,879 (100.0%)","24,237 (100.0%)",,"18,303 (100.0%)","2,851 (100.0%)","7,206 (100.0%)","4,740 (100.0%)",,"6,304 (100.0%)","10,414 (100.0%)","17,673 (100.0%)","91,728 (100.0%)","5,415 (100.0%)",,,,"2,032 (100.0%)",,,820 (100.0%),"1,424 (100.0%)",,"9,691 (100.0%)"
"  Advanced respiratory support, n (%)","33,340 (42.7%)","40,683 (47.8%)","56,341 (45.0%)","25,410 (44.9%)","20,981 (35.7%)","3,197 (7.2%)","23,246 (56.5%)","33,374 (43.2%)","69,284 (44.1%)","72,099 (42.9%)","377,955 (42.4%)","2,159 (43.8%)",,"6,875 (43.9%)","2,638 (49.0%)","2,292 (36.9%)",356 (7.3%),"3,442 (59.9%)","2,628 (45.7%)","4,598 (49.3%)","8,640 (42.9%)","33,628 (43.1%)","8,756 (41.7%)",,"8,090 (45.2%)","2,615 (50.6%)","2,320 (35.4%)",398 (7.5%),"3,444 (58.2%)","2,781 (47.4%)","4,815 (48.6%)","8,706 (47.8%)","41,925 (43.7%)","9,546 (42.3%)",,"8,435 (46.6%)","2,617 (46.2%)","2,628 (37.6%)",434 (7.5%),"3,543 (57.3%)","2,738 (47.2%)","5,085 (49.4%)","8,907 (48.1%)","43,933 (44.0%)","10,558 (43.6%)",,"8,616 (47.1%)",195 (6.8%),"2,669 (37.0%)",344 (7.3%),,"2,866 (45.5%)","5,063 (48.6%)","8,295 (46.9%)","38,606 (42.1%)","2,321 (42.9%)",,,,753 (37.1%),,,350 (42.7%),712 (50.0%),,"4,136 (42.7%)"
"  Vasoactive support, n (%)","28,870 (37.0%)","27,022 (31.7%)","57,876 (46.2%)","27,746 (49.0%)","15,093 (25.7%)","15,900 (35.7%)","18,494 (44.9%)","27,230 (35.2%)","54,583 (34.8%)","57,451 (34.2%)","330,265 (37.0%)","1,728 (35.1%)",,"7,327 (46.8%)","2,978 (55.3%)","1,761 (28.4%)","1,996 (40.9%)","2,992 (52.0%)","2,395 (41.6%)","4,479 (48.0%)","6,888 (34.2%)","32,544 (41.7%)","7,067 (33.7%)",,"8,914 (49.8%)","2,991 (57.8%)","1,759 (26.8%)","2,087 (39.1%)","3,208 (54.3%)","2,518 (42.9%)","4,935 (49.8%)","7,319 (40.2%)","40,798 (42.6%)","7,587 (33.6%)",,"9,415 (52.0%)","3,361 (59.4%)","1,994 (28.6%)","2,329 (40.4%)","3,437 (55.6%)","2,543 (43.8%)","5,063 (49.2%)","7,783 (42.0%)","43,512 (43.6%)","10,197 (42.1%)",,"10,012 (54.7%)","1,687 (59.2%)","2,433 (33.8%)","1,692 (35.7%)",,"2,791 (44.3%)","5,293 (50.8%)","7,232 (40.9%)","41,337 (45.1%)","2,291 (42.3%)",,,,481 (23.7%),,,340 (41.5%),747 (52.5%),,"3,859 (39.8%)"
"  Other critically ill, n (%)",0 (0.0%),0 (0.0%),0 (0.0%),0 (0.0%),0 (0.0%),0 (0.0%),0 (0.0%),0 (0.0%),0 (0.0%),0 (0.0%),0 (0.0%),0 (0.0%),,0 (0.0%),0 (0.0%),0 (0.0%),0 (0.0%),0 (0.0%),0 (0.0%),0 (0.0%),0 (0.0%),0 (0.0%),0 (0.0%),,0 (0.0%),0 (0.0%),0 (0.0%),0 (0.0%),0 (0.0%),0 (0.0%),0 (0.0%),0 (0.0%),0 (0.0%),0 (0.0%),,0 (0.0%),0 (0.0%),0 (0.0%),0 (0.0%),0 (0.0%),0 (0.0%),0 (0.0%),0 (0.0%),0 (0.0%),0 (0.0%),,0 (0.0%),0 (0.0%),0 (0.0%),0 (0.0%),,0 (0.0%),0 (0.0%),0 (0.0%),0 (0.0%),0 (0.0%),,,,0 (0.0%),,,0 (0.0%),0 (0.0%),,0 (0.0%)
"ICU episodes, total n","90,685","96,091","135,739","61,611","63,927","48,450","45,804","129,375","166,016","180,577","1,018,275","5,622",,"16,918","5,873","6,837","5,347","6,443","9,672","9,844","21,634","88,190","23,889",,"19,418","5,612","7,134","5,833","6,533","10,124","10,451","19,711","108,705","26,371",,"19,737","6,146","7,584","6,279","6,892","10,542","10,827","20,026","114,404","28,508",,"19,796","3,104","7,797","5,162",,"11,420","10,993","18,984","105,764","6,295",,,,"2,215",,,"1,281","1,477",,"11,268"
"Encounters with >=1 ICU episode, n (%)","78,108 (100.0%)","85,146 (100.0%)","125,224 (100.0%)","56,602 (100.0%)","58,831 (100.0%)","44,502 (100.0%)","41,179 (100.0%)","77,264 (100.0%)","156,945 (100.0%)","167,933 (100.0%)","891,734 (100.0%)","4,926 (100.0%)",,"15,668 (100.0%)","5,388 (100.0%)","6,205 (100.0%)","4,880 (100.0%)","5,749 (100.0%)","5,754 (100.0%)","9,324 (100.0%)","20,121 (100.0%)","78,015 (100.0%)","20,978 (100.0%)",,"17,913 (100.0%)","5,172 (100.0%)","6,559 (100.0%)","5,337 (100.0%)","5,913 (100.0%)","5,867 (100.0%)","9,906 (100.0%)","18,203 (100.0%)","95,848 (100.0%)","22,552 (100.0%)",,"18,120 (100.0%)","5,660 (100.0%)","6,982 (100.0%)","5,758 (100.0%)","6,181 (100.0%)","5,800 (100.0%)","10,295 (100.0%)","18,531 (100.0%)","99,879 (100.0%)","24,237 (100.0%)",,"18,303 (100.0%)","2,851 (100.0%)","7,206 (100.0%)","4,740 (100.0%)",,"6,304 (100.0%)","10,414 (100.0%)","17,673 (100.0%)","91,728 (100.0%)","5,415 (100.0%)",,,,"2,032 (100.0%)",,,820 (100.0%),"1,424 (100.0%)",,"9,691 (100.0%)"
"Hospital mortality, n (%)","10,559 (13.5%)","11,868 (13.9%)","16,999 (13.6%)","6,833 (12.1%)","6,602 (11.2%)","5,699 (12.8%)","6,835 (16.6%)","8,073 (10.4%)","18,775 (12.0%)","20,373 (12.1%)","112,616 (12.6%)",794 (16.1%),,"2,250 (14.4%)",793 (14.7%),781 (12.6%),698 (14.3%),"1,015 (17.7%)",640 (11.1%),"1,332 (14.3%)","2,560 (12.7%)","10,863 (13.9%)","2,812 (13.4%)",,"2,512 (14.0%)",726 (14.0%),737 (11.2%),724 (13.6%),"1,012 (17.1%)",662 (11.3%),"1,304 (13.2%)","2,398 (13.2%)","12,887 (13.4%)","2,956 (13.1%)",,"2,519 (13.9%)",792 (14.0%),779 (11.2%),721 (12.5%),"1,024 (16.6%)",690 (11.9%),"1,434 (13.9%)","2,517 (13.6%)","13,432 (13.4%)","3,267 (13.5%)",,"2,541 (13.9%)",333 (11.7%),786 (10.9%),595 (12.6%),,756 (12.0%),"1,367 (13.1%)","2,286 (12.9%)","11,931 (13.0%)",730 (13.5%),,,,191 (9.4%),,,104 (12.7%),211 (14.8%),,"1,236 (12.8%)"
"  Discharged to hospice, n (%)","2,857 (3.7%)","2,090 (2.5%)","4,860 (3.9%)","1,749 (3.1%)","2,555 (4.3%)",770 (1.7%),"1,197 (2.9%)","1,334 (1.7%)","3,883 (2.5%)","5,883 (3.5%)","27,178 (3.0%)",120 (2.4%),,559 (3.6%),222 (4.1%),252 (4.1%),106 (2.2%),129 (2.2%),143 (2.5%),209 (2.2%),666 (3.3%),"2,406 (3.1%)",465 (2.2%),,722 (4.0%),177 (3.4%),249 (3.8%),137 (2.6%),155 (2.6%),149 (2.5%),224 (2.3%),551 (3.0%),"2,829 (3.0%)",543 (2.4%),,738 (4.1%),121 (2.1%),275 (3.9%),127 (2.2%),161 (2.6%),175 (3.0%),279 (2.7%),620 (3.3%),"3,039 (3.0%)","1,254 (5.2%)",,737 (4.0%),50 (1.8%),282 (3.9%),116 (2.4%),,184 (2.9%),257 (2.5%),673 (3.8%),"3,553 (3.9%)",475 (8.8%),,,,58 (2.9%),,,19 (2.3%),38 (2.7%),,590 (6.1%)
"  Expired, n (%)","8,924 (11.4%)","10,019 (11.8%)","12,147 (9.7%)","5,086 (9.0%)","5,342 (9.1%)","4,929 (11.1%)","5,639 (13.7%)","6,739 (8.7%)","14,897 (9.5%)","16,146 (9.6%)","89,868 (10.1%)",695 (14.1%),,"1,691 (10.8%)",572 (10.6%),651 (10.5%),592 (12.1%),886 (15.4%),497 (8.6%),"1,123 (12.0%)","2,054 (10.2%)","8,761 (11.2%)","2,425 (11.6%)",,"1,790 (10.0%)",550 (10.6%),611 (9.3%),587 (11.0%),857 (14.5%),513 (8.7%),"1,080 (10.9%)","2,049 (11.3%)","10,462 (10.9%)","2,511 (11.1%)",,"1,782 (9.8%)",671 (11.9%),641 (9.2%),594 (10.3%),863 (14.0%),515 (8.9%),"1,155 (11.2%)","2,139 (11.5%)","10,871 (10.9%)","2,691 (11.1%)",,"1,806 (9.9%)",283 (9.9%),619 (8.6%),479 (10.1%),,572 (9.1%),"1,111 (10.7%)","1,965 (11.1%)","9,526 (10.4%)",602 (11.1%),,,,155 (7.6%),,,85 (10.4%),173 (12.1%),,"1,015 (10.5%)"
  First admission location: ed,"50,937 (65.2%)","15,680 (18.4%)","81,683 (65.2%)","21,314 (37.7%)","28,201 (47.9%)","24,754 (55.6%)","25,826 (62.7%)",473 (0.6%),"114,082 (72.7%)","25,741 (15.3%)","388,691 (43.6%)","3,275 (66.5%)",,"10,728 (68.5%)","2,667 (49.5%)","3,050 (49.2%)","2,883 (59.1%)","3,619 (63.0%)",58 (1.0%),"6,934 (74.4%)","3,030 (15.1%)","36,244 (46.5%)","13,704 (65.3%)",,"12,122 (67.7%)","2,575 (49.8%)","3,308 (50.4%)","3,073 (57.6%)","3,676 (62.2%)",62 (1.1%),"7,277 (73.5%)","2,648 (14.5%)","48,445 (50.5%)","14,650 (65.0%)",,"12,105 (66.8%)","2,728 (48.2%)","3,422 (49.0%)","3,207 (55.7%)","3,829 (61.9%)",64 (1.1%),"7,600 (73.8%)","2,714 (14.6%)","50,319 (50.4%)","15,797 (65.2%)",,"12,019 (65.7%)","1,351 (47.4%)","3,583 (49.7%)","2,650 (55.9%)",,65 (1.0%),"7,770 (74.6%)","2,673 (15.1%)","45,908 (50.0%)","3,511 (64.8%)",,,,986 (48.5%),,,<10,"1,053 (73.9%)",,"5,550 (62.6%)"
  First admission location: stepdown,,"4,318 (5.1%)",635 (0.5%),"1,052 (1.9%)","1,484 (2.5%)",,,"4,015 (5.2%)","1,157 (0.7%)",<10,"12,661 (2.2%)",,,79 (0.5%),63 (1.2%),199 (3.2%),,,316 (5.5%),52 (0.6%),,709 (1.7%),,,64 (0.4%),66 (1.3%),183 (2.8%),,,328 (5.6%),86 (0.9%),,727 (1.7%),,,74 (0.4%),89 (1.6%),132 (1.9%),,,338 (5.8%),140 (1.4%),,773 (1.6%),,,91 (0.5%),69 (2.4%),151 (2.1%),,,294 (4.7%),146 (1.4%),,751 (1.7%),,,,,53 (2.6%),,,13 (1.6%),14 (1.0%),,80 (1.9%)
  First admission location: ward,"9,590 (12.3%)","28,740 (33.8%)","7,305 (5.8%)","3,971 (7.0%)","4,085 (6.9%)","4,146 (9.3%)","3,423 (8.3%)","32,943 (42.6%)","7,511 (4.8%)","40,137 (23.9%)","141,851 (15.9%)",548 (11.1%),,905 (5.8%),222 (4.1%),500 (8.1%),530 (10.9%),527 (9.2%),"2,024 (35.2%)",346 (3.7%),"4,602 (22.9%)","10,204 (13.1%)","2,522 (12.0%)",,996 (5.6%),247 (4.8%),499 (7.6%),500 (9.4%),477 (8.1%),"1,993 (34.0%)",322 (3.3%),"4,573 (25.1%)","12,129 (12.7%)","2,871 (12.7%)",,967 (5.3%),296 (5.2%),541 (7.7%),543 (9.4%),572 (9.3%),"2,020 (34.8%)",297 (2.9%),"4,692 (25.3%)","12,799 (12.8%)","3,009 (12.4%)",,"1,018 (5.6%)",174 (6.1%),566 (7.9%),414 (8.7%),,"2,012 (31.9%)",313 (3.0%),"4,328 (24.5%)","11,834 (12.9%)",640 (11.8%),,,,180 (8.9%),,,218 (26.6%),45 (3.2%),,"1,083 (11.2%)"
  First admission location: icu,"9,366 (12.0%)","30,412 (35.7%)","10,644 (8.5%)","15,287 (27.0%)","14,246 (24.2%)","12,415 (27.9%)","4,469 (10.9%)","26,382 (34.1%)","8,718 (5.6%)","73,887 (44.0%)","205,826 (23.1%)",524 (10.6%),,"1,090 (7.0%)","1,220 (22.6%)","1,442 (23.2%)","1,327 (27.2%)",569 (9.9%),"2,060 (35.8%)",445 (4.8%),"8,817 (43.8%)","17,494 (22.4%)","2,388 (11.4%)",,"1,219 (6.8%)",992 (19.2%),"1,417 (21.6%)","1,576 (29.5%)",682 (11.5%),"2,076 (35.4%)",423 (4.3%),"7,567 (41.6%)","18,340 (19.1%)","2,705 (12.0%)",,"1,318 (7.3%)","1,161 (20.5%)","1,527 (21.9%)","1,800 (31.3%)",720 (11.6%),"1,957 (33.7%)",480 (4.7%),"7,685 (41.5%)","19,353 (19.4%)","3,026 (12.5%)",,"1,484 (8.1%)",509 (17.9%),"1,500 (20.8%)","1,508 (31.8%)",,"2,190 (34.7%)",463 (4.4%),"7,377 (41.7%)","18,057 (19.7%)",723 (13.4%),,,,404 (19.9%),,,354 (43.2%),37 (2.6%),,"1,518 (15.7%)"
  First admission location: procedural,"7,725 (9.9%)","2,473 (2.9%)","22,610 (18.1%)","14,748 (26.1%)","10,726 (18.2%)","2,912 (6.5%)","7,365 (17.9%)","10,535 (13.6%)","24,838 (15.8%)","27,218 (16.2%)","131,150 (14.7%)",545 (11.1%),,"2,615 (16.7%)","1,205 (22.4%)","1,008 (16.2%)",106 (2.2%),"1,019 (17.7%)","1,011 (17.6%)","1,503 (16.1%)","3,598 (17.9%)","12,610 (16.2%)","2,265 (10.8%)",,"3,177 (17.7%)","1,267 (24.5%)","1,138 (17.4%)",134 (2.5%),"1,061 (17.9%)","1,187 (20.2%)","1,741 (17.6%)","3,359 (18.5%)","15,329 (16.0%)","2,185 (9.7%)",,"3,244 (17.9%)","1,351 (23.9%)","1,347 (19.3%)",154 (2.7%),"1,055 (17.1%)","1,254 (21.6%)","1,725 (16.8%)","3,391 (18.3%)","15,706 (15.7%)","2,240 (9.2%)",,"3,286 (18.0%)",735 (25.8%),"1,398 (19.4%)",129 (2.7%),,"1,477 (23.4%)","1,677 (16.1%)","3,237 (18.3%)","14,179 (15.5%)",490 (9.0%),,,,407 (20.0%),,,162 (19.8%),262 (18.4%),,"1,321 (13.6%)"
  First admission location: other,146 (0.2%),"3,451 (4.1%)","1,865 (1.5%)",<10,,154 (0.3%),<10,"1,334 (1.7%)",,170 (0.1%),"7,120 (1.2%)",23 (0.5%),,193 (1.2%),,,17 (0.3%),,111 (1.9%),,22 (0.1%),366 (0.7%),28 (0.1%),,274 (1.5%),,,34 (0.6%),<10,69 (1.2%),,12 (0.1%),417 (0.6%),30 (0.1%),,358 (2.0%),<10,,38 (0.7%),,45 (0.8%),,13 (0.1%),484 (0.7%),48 (0.2%),,359 (2.0%),,,30 (0.6%),,92 (1.5%),,21 (0.1%),550 (0.7%),17 (0.3%),,,,,,,44 (5.4%),,,61 (1.0%)
  First admission location: radiology,139 (0.2%),,,,,,,"1,314 (1.7%)",10 (0.0%),230 (0.1%),"1,693 (0.3%)",<10,,,,,,,144 (2.5%),,14 (0.1%),158 (0.8%),28 (0.1%),,,,,,,131 (2.2%),,<10,159 (0.5%),52 (0.2%),,,,,,,105 (1.8%),,<10,157 (0.5%),47 (0.2%),,,,,,,150 (2.4%),,<10,197 (0.6%),11 (0.2%),,,,,,,18 (2.2%),,,29 (0.5%)
  First admission location: l&d,133 (0.2%),68 (0.1%),482 (0.4%),211 (0.4%),76 (0.1%),121 (0.3%),94 (0.2%),246 (0.3%),628 (0.4%),224 (0.1%),"2,283 (0.2%)",<10,,58 (0.4%),10 (0.2%),<10,17 (0.3%),15 (0.3%),26 (0.5%),44 (0.5%),22 (0.1%),192 (0.3%),16 (0.1%),,61 (0.3%),23 (0.4%),11 (0.2%),20 (0.4%),16 (0.3%),16 (0.3%),57 (0.6%),25 (0.1%),245 (0.2%),40 (0.2%),,54 (0.3%),29 (0.5%),12 (0.2%),16 (0.3%),<10,16 (0.3%),53 (0.5%),28 (0.2%),248 (0.3%),55 (0.2%),,46 (0.3%),13 (0.5%),<10,<10,,24 (0.4%),45 (0.4%),25 (0.1%),208 (0.2%),16 (0.3%),,,,<10,,,<10,13 (0.9%),,29 (0.4%)
  First admission location: hospice,,,,,12 (0.0%),,,,,,12 (0.0%),,,,,<10,,,,,,,,,,,<10,,,,,,,,,,,<10,,,,,,,,,,,<10,,,,,,,,,,,,,,,,,
  First admission location: rehab,70 (0.1%),,,,,,,22 (0.0%),<10,67 (0.0%),159 (0.1%),<10,,,,,,,<10,,14 (0.1%),,26 (0.1%),,,,,,,<10,,13 (0.1%),39 (0.1%),18 (0.1%),,,,,,,<10,,<10,,15 (0.1%),,,,,,,,,<10,15 (0.1%),<10,,,,,,,,,,
  First admission location: psych,<10,<10,,14 (0.0%),<10,,,,,<10,,,,,<10,,,,,,<10,,<10,,,<10,,,,,,,,<10,,,<10,,,,,,,,,,,,,,,,,,,,,,,,,,,,,
  First admission location: dialysis,,,,<10,,,,,,255 (0.2%),255 (0.2%),,,,,,,,,,<10,,,,,,,,,,,<10,,,,,,,,,,,,,,,,,,,,,,<10,,,,,,,,,,,,
  Admission type: ed,"63,928 (81.8%)","74,185 (87.1%)","95,583 (76.3%)","25,050 (44.3%)","36,823 (62.6%)","29,932 (67.3%)","29,818 (72.4%)","51,257 (66.3%)","127,527 (81.3%)","96,845 (57.7%)","630,948 (70.8%)","4,120 (83.6%)",,"12,143 (77.5%)","2,683 (49.8%)","3,982 (64.2%)","3,365 (69.0%)","4,074 (70.9%)","3,982 (69.2%)","7,465 (80.1%)","11,167 (55.5%)","52,981 (67.9%)","17,504 (83.4%)",,"13,909 (77.6%)","2,592 (50.1%)","4,299 (65.5%)","3,622 (67.9%)","4,057 (68.6%)","4,069 (69.4%)","7,471 (75.4%)","10,174 (55.9%)","67,697 (70.6%)","18,679 (82.8%)",,"13,843 (76.4%)","2,744 (48.5%)","4,491 (64.3%)","3,792 (65.9%)","4,149 (67.1%)","4,176 (72.0%)","7,712 (74.9%)","10,360 (55.9%)","69,946 (70.0%)","19,356 (79.9%)",,"13,871 (75.8%)","1,351 (47.4%)","4,624 (64.2%)","3,115 (65.7%)",,"4,540 (72.0%)","7,815 (75.0%)","10,154 (57.5%)","64,826 (70.7%)","4,269 (78.8%)",,,,"1,283 (63.1%)",,,640 (78.0%),"1,057 (74.2%)",,"7,249 (74.8%)"
  Admission type: osh,"10,750 (13.8%)",,"13,732 (11.0%)","15,698 (27.7%)",26 (0.0%),,"8,304 (20.2%)",28 (0.0%),"7,913 (5.0%)","25,449 (15.2%)","81,900 (10.7%)",596 (12.1%),,"1,502 (9.6%)","1,414 (26.2%)",,,"1,162 (20.2%)",<10,373 (4.0%),"2,852 (14.2%)","7,899 (12.9%)","2,594 (12.4%)",,"1,643 (9.2%)","1,195 (23.1%)",<10,,"1,498 (25.3%)",<10,410 (4.1%),"2,811 (15.4%)","10,151 (13.0%)","2,823 (12.5%)",,"1,706 (9.4%)","1,397 (24.7%)",<10,,"1,653 (26.7%)",<10,422 (4.1%),"2,894 (15.6%)","10,895 (13.4%)","3,849 (15.9%)",,"1,930 (10.5%)",670 (23.5%),<10,,,<10,406 (3.9%),"2,544 (14.4%)","9,399 (12.8%)",888 (16.4%),,,,<10,,,,48 (3.4%),,936 (13.7%)
  Admission type: facility,"3,332 (4.3%)",,"7,008 (5.6%)",36 (0.1%),"7,915 (13.5%)",,"1,502 (3.6%)",57 (0.1%),"6,144 (3.9%)","1,991 (1.2%)","27,985 (3.9%)",203 (4.1%),,"1,102 (7.0%)",<10,800 (12.9%),,319 (5.5%),<10,342 (3.7%),407 (2.0%),"3,173 (5.1%)",859 (4.1%),,"1,454 (8.1%)",<10,748 (11.4%),,184 (3.1%),16 (0.3%),437 (4.4%),542 (3.0%),"4,240 (5.0%)","1,024 (4.5%)",,"1,540 (8.5%)",,798 (11.4%),,212 (3.4%),<10,476 (4.6%),478 (2.6%),"4,528 (5.5%)",999 (4.1%),,"1,456 (8.0%)",<10,799 (11.1%),,,<10,533 (5.1%),509 (2.9%),"4,296 (5.5%)",247 (4.6%),,,,212 (10.4%),,,,73 (5.1%),,532 (6.0%)
  Admission type: other,,,"1,890 (1.5%)","8,365 (14.8%)",<10,483 (1.1%),<10,"6,743 (8.7%)",33 (0.0%),212 (0.1%),"17,726 (2.6%)",,,106 (0.7%),"1,213 (22.5%)",,<10,<10,"1,131 (19.7%)",<10,52 (0.3%),"2,502 (5.7%)",,,124 (0.7%),"1,310 (25.3%)",,<10,,"1,302 (22.2%)",<10,65 (0.4%),"2,801 (6.2%)",,,113 (0.6%),"1,412 (24.9%)",,,,"1,136 (19.6%)",<10,26 (0.1%),"2,687 (4.8%)",,,116 (0.6%),777 (27.3%),,<10,,"1,395 (22.1%)",,19 (0.1%),"2,307 (4.9%)",,,,,,,,160 (19.5%),<10,,160 (19.5%)
  Admission type: direct,60 (0.1%),229 (0.3%),"7,011 (5.6%)","7,355 (13.0%)","5,702 (9.7%)",,"1,546 (3.8%)","19,179 (24.8%)","6,198 (3.9%)","1,277 (0.8%)","48,557 (5.9%)",<10,,815 (5.2%),68 (1.3%),459 (7.4%),,186 (3.2%),631 (11.0%),241 (2.6%),227 (1.1%),"2,627 (3.9%)",12 (0.1%),,783 (4.4%),59 (1.1%),788 (12.0%),,174 (2.9%),479 (8.2%),226 (2.3%),223 (1.2%),"2,744 (3.4%)",19 (0.1%),,918 (5.1%),88 (1.6%),"1,008 (14.4%)",,167 (2.7%),476 (8.2%),296 (2.9%),321 (1.7%),"3,293 (3.6%)",19 (0.1%),,930 (5.1%),42 (1.5%),"1,060 (14.7%)",,,353 (5.6%),274 (2.6%),267 (1.5%),"2,945 (3.6%)",<10,,,,339 (16.7%),,,20 (2.4%),45 (3.2%),,404 (9.4%)
  Admission type: elective,38 (0.0%),"10,732 (12.6%)",,98 (0.2%),"8,364 (14.2%)","14,087 (31.7%)",,,"9,130 (5.8%)","42,159 (25.1%)","84,608 (13.2%)",<10,,,<10,964 (15.5%),"1,513 (31.0%)",,,897 (9.6%),"5,416 (26.9%)","8,790 (21.7%)",<10,,,15 (0.3%),723 (11.0%),"1,714 (32.1%)",,,"1,359 (13.7%)","4,388 (24.1%)","8,199 (18.1%)",<10,,,19 (0.3%),678 (9.7%),"1,966 (34.1%)",,,"1,385 (13.5%)","4,452 (24.0%)","8,500 (17.7%)",14 (0.1%),,,10 (0.4%),717 (10.0%),"1,623 (34.2%)",,,"1,386 (13.3%)","4,180 (23.7%)","7,930 (14.0%)",<10,,,,194 (9.5%),,,,200 (14.0%),,394 (11.4%)
"ICU length of stay (days), median [Q1, Q3]","1.9 [1.0, 3.5]","1.4 [0.8, 2.8]","1.5 [0.8, 2.8]","1.5 [0.8, 2.8]","1.8 [0.9, 3.1]","2.1 [1.0, 4.5]","1.8 [1.0, 3.3]","1.0 [0.4, 1.9]","1.6 [0.8, 3.0]","1.7 [0.9, 3.0]","1.6 [0.4, 4.5]","2.1 [1.1, 3.8]",,"1.5 [0.8, 2.9]","1.8 [0.9, 3.2]","1.9 [1.0, 3.1]","2.2 [1.0, 4.7]","1.8 [1.0, 3.6]","1.0 [0.4, 2.0]","2.0 [1.0, 3.8]","1.8 [0.9, 3.4]","1.8 [0.4, 4.7]","2.0 [1.1, 3.7]",,"1.7 [0.9, 3.0]","1.8 [0.9, 3.4]","1.9 [1.0, 3.5]","2.2 [1.0, 4.7]","1.8 [1.0, 3.6]","1.0 [0.4, 1.9]","1.9 [1.0, 3.5]","1.7 [0.9, 3.0]","1.8 [0.4, 4.7]","1.8 [1.0, 3.3]",,"1.6 [0.8, 3.0]","1.7 [0.8, 3.1]","1.9 [1.0, 3.3]","2.3 [1.0, 4.7]","1.7 [0.9, 3.2]","0.9 [0.3, 1.9]","1.8 [0.9, 3.2]","1.7 [0.9, 3.1]","1.7 [0.3, 4.7]","1.8 [1.0, 3.3]",,"1.6 [0.9, 3.0]","1.6 [0.8, 3.1]","1.9 [1.0, 3.3]","2.2 [1.0, 4.7]",,"0.9 [0.4, 1.9]","1.8 [0.9, 3.2]","1.7 [0.9, 3.0]","1.7 [0.4, 4.7]","1.8 [1.0, 3.2]",,,,"1.8 [0.9, 3.1]",,,"0.9 [0.3, 1.8]","1.9 [0.9, 3.1]",,"1.8 [0.3, 3.2]"
"Hospital length of stay (days), median [Q1, Q3]","7.0 [3.8, 13.4]","7.0 [4.2, 12.4]","6.1 [3.2, 11.3]","6.5 [3.3, 12.1]","6.0 [3.2, 11.1]","7.8 [3.3, 15.7]","7.9 [4.2, 14.9]","7.4 [4.2, 14.1]","5.2 [2.7, 9.9]","6.2 [3.2, 11.8]","6.4 [2.7, 15.7]","7.5 [4.1, 14.5]",,"6.1 [3.2, 11.8]","7.0 [3.6, 14.0]","6.6 [3.6, 12.1]","8.9 [4.0, 17.8]","8.5 [4.4, 16.0]","8.4 [4.6, 16.2]","6.2 [3.1, 11.9]","6.4 [3.3, 12.1]","7.3 [3.1, 17.8]","7.2 [3.9, 14.1]",,"6.2 [3.3, 11.6]","7.4 [3.8, 14.7]","6.3 [3.5, 11.8]","8.1 [3.3, 16.4]","7.9 [4.2, 14.9]","8.2 [4.5, 15.9]","6.1 [3.2, 11.7]","6.8 [3.6, 12.8]","7.3 [3.2, 16.4]","6.8 [3.7, 13.1]",,"6.3 [3.3, 11.6]","7.4 [3.8, 13.8]","6.2 [3.3, 11.3]","7.9 [3.4, 15.2]","7.7 [4.1, 15.0]","8.4 [4.7, 16.0]","6.0 [3.1, 11.2]","6.9 [3.8, 13.0]","7.1 [3.1, 16]","7.0 [3.8, 13.4]",,"6.3 [3.4, 11.7]","7.2 [3.7, 13.3]","6.2 [3.4, 11.0]","7.2 [3.0, 14.2]",,"8.2 [4.4, 15.4]","6.0 [3.0, 11.0]","6.7 [3.7, 12.3]","7.1 [3, 15.4]","6.5 [3.7, 11.9]",,,,"5.4 [3.0, 10.3]",,,"5.7 [2.8, 11.0]","5.9 [3.0, 9.9]",,"6.5 [2.8, 11.9]"
"28-day VFD (IMV encounters), n (%)","21,476 (27.5%)","35,724 (42.0%)","38,460 (30.7%)","20,904 (36.9%)","13,937 (23.7%)",320 (0.7%),"18,211 (44.2%)","26,740 (34.6%)","45,994 (29.3%)","49,099 (29.2%)","270,865 (30.4%)","1,390 (28.2%)",,"4,744 (30.3%)","2,124 (39.4%)","1,497 (24.1%)",32 (0.7%),"2,832 (49.3%)","2,084 (36.2%)","3,134 (33.6%)","5,821 (28.9%)","23,658 (30.4%)","5,647 (26.9%)",,"5,499 (30.7%)","2,100 (40.6%)","1,498 (22.8%)",45 (0.8%),"2,916 (49.3%)","2,217 (37.8%)","3,262 (32.9%)","5,891 (32.4%)","29,075 (30.2%)","6,196 (27.5%)",,"5,892 (32.5%)","2,290 (40.5%)","1,661 (23.8%)",49 (0.9%),"2,902 (47.0%)","2,164 (37.3%)","3,359 (32.6%)","5,948 (32.1%)","30,461 (30.6%)","6,795 (28.0%)",,"5,985 (32.7%)",177 (6.2%),"1,716 (23.8%)",29 (0.6%),,"2,273 (36.1%)","3,243 (31.1%)","5,629 (31.9%)","25,847 (28.2%)","1,448 (26.7%)",,,,490 (24.1%),,,269 (32.8%),436 (30.6%),,"2,643 (27.3%)"
"  VFD, median [Q1, Q3]","24 [0, 26]","25 [9, 26]","25 [0, 26]","26 [20, 27]","24 [0, 26]","25 [11, 27]","21 [0, 26]","25 [12, 27]","25 [2, 26]","25 [0, 26]","24.7 [0, 27]","22 [0, 26]",,"24 [0, 26]","26 [16, 27]","23 [0, 26]","24 [16, 27]","22 [0, 26]","26 [12, 27]","25 [0, 26]","25 [0, 26]","24.6 [0, 27]","23 [0, 26]",,"25 [0, 26]","26 [18, 27]","24 [0, 26]","23 [0, 26]","20 [0, 25]","26 [14, 27]","25 [3, 26]","25 [0, 26]","24.2 [0, 27]","24 [0, 26]",,"25 [0, 26]","26 [18, 27]","24 [0, 26]","25 [0, 26]","20 [0, 24]","25 [12, 26]","25 [4, 26]","25 [0, 26]","24.5 [0, 27]","24 [0, 26]",,"25 [0, 26]","24 [15, 26]","25 [4, 26]","25 [14, 26]",,"25 [11, 26]","25 [0, 26]","25 [0, 26]","24.3 [0, 26]","24 [0, 26]",,,,"24 [0, 26]",,,"25 [3, 26]","26 [0, 26]",,"24.0 [0, 26]"
"Charlson Comorbidity Index, median [Q1, Q3]","2 [1, 4]","2 [0, 4]","2 [1, 4]","2 [0, 4]","3 [1, 5]","2 [0, 6]","2 [1, 4]","2 [1, 4]","2 [0, 4]","2 [0, 4]","2.1 [0, 6]","2 [1, 4]",,"2 [1, 4]","2 [0, 4]","3 [1, 5]","2 [0, 6]","2 [1, 4]","2 [1, 5]","2 [1, 4]","2 [0, 4]","2.1 [0, 6]","2 [1, 4]",,"2 [1, 5]","2 [0, 4]","3 [1, 5]","2 [0, 6]","2 [0, 4]","2 [1, 5]","2 [1, 4]","2 [0, 4]","2.1 [0, 6]","2 [1, 4]",,"3 [1, 5]","2 [0, 4]","3 [1, 5]","2 [0, 6]","2 [0, 4]","3 [1, 5]","2 [1, 4]","2 [1, 4]","2.1 [0, 6]","3 [1, 4]",,"3 [1, 5]","2 [0, 4]","3 [1, 5]","2 [0, 6]",,"2 [1, 5]","2 [1, 4]","2 [1, 4]","2.4 [0, 6]","3 [1, 4]",,,,,,,"2 [0, 4]","0 [0, 2]",,"3.0 [0, 4]"
"Comorbidities, n (%)",,,,,,,,,,,,,,,,,,,,,,,,,,,,,,,,,,,,,,,,,,,,,,,,,,,,,,,,,,,,,,,,,,
  Congestive Heart Failure,"30,706 (39.3%)","12,527 (14.7%)","44,168 (35.3%)","14,550 (25.7%)","18,110 (30.8%)","9,963 (22.4%)","13,209 (32.1%)","17,988 (23.3%)","46,058 (29.3%)","55,412 (33.0%)","262,691 (29.5%)","1,772 (36.0%)",,"5,397 (34.4%)","1,498 (27.8%)","2,074 (33.4%)","1,127 (23.1%)","1,872 (32.6%)","1,547 (26.9%)","3,103 (33.3%)","6,471 (32.2%)","24,861 (31.9%)","7,925 (37.8%)",,"6,646 (37.1%)","1,448 (28.0%)","2,193 (33.4%)","1,144 (21.4%)","2,052 (34.7%)","1,628 (27.7%)","3,263 (32.9%)","6,163 (33.9%)","32,462 (33.9%)","8,902 (39.5%)",,"6,875 (37.9%)","1,688 (29.8%)","2,470 (35.4%)","1,183 (20.5%)","2,237 (36.2%)","1,752 (30.2%)","3,615 (35.1%)","6,874 (37.1%)","35,596 (35.6%)","9,892 (40.8%)",,"7,121 (38.9%)",928 (32.5%),"1,818 (25.2%)",939 (19.8%),,"1,830 (29.0%)","3,811 (36.6%)","7,212 (40.8%)","33,551 (36.6%)","2,215 (40.9%)",,,,,,,224 (27.3%),41 (2.9%),,"2,480 (32.4%)"
  Renal Disease,"27,935 (35.8%)","9,780 (11.5%)","37,179 (29.7%)","10,614 (18.8%)","18,816 (32.0%)","6,222 (14.0%)","10,380 (25.2%)","18,843 (24.4%)","42,348 (27.0%)","45,494 (27.1%)","227,611 (25.5%)","1,643 (33.4%)",,"4,493 (28.7%)","1,079 (20.0%)","2,251 (36.3%)",704 (14.4%),"1,467 (25.5%)","1,555 (27.0%)","2,832 (30.4%)","5,539 (27.5%)","21,563 (27.6%)","7,199 (34.3%)",,"5,593 (31.2%)","1,064 (20.6%)","2,341 (35.7%)",693 (13.0%),"1,613 (27.3%)","1,661 (28.3%)","2,952 (29.8%)","5,250 (28.8%)","28,366 (29.6%)","8,078 (35.8%)",,"6,151 (33.9%)","1,147 (20.3%)","2,472 (35.4%)",779 (13.5%),"1,842 (29.8%)","1,735 (29.9%)","3,347 (32.5%)","5,830 (31.5%)","31,381 (31.4%)","9,016 (37.2%)",,"6,281 (34.3%)",630 (22.1%),"1,808 (25.1%)",595 (12.6%),,"1,873 (29.7%)","3,440 (33.0%)","5,311 (30.1%)","28,954 (31.6%)","1,999 (36.9%)",,,,,,,190 (23.2%),31 (2.2%),,"2,220 (29.0%)"
  Chronic Pulmonary Disease,"20,438 (26.2%)","9,585 (11.3%)","32,415 (25.9%)","12,614 (22.3%)","14,952 (25.4%)","8,772 (19.7%)","10,539 (25.6%)","17,271 (22.4%)","43,802 (27.9%)","44,039 (26.2%)","214,427 (24.0%)","1,234 (25.1%)",,"4,131 (26.4%)","1,237 (23.0%)","1,799 (29.0%)",906 (18.6%),"1,470 (25.6%)","1,268 (22.0%)","2,454 (26.3%)","5,138 (25.5%)","19,637 (25.2%)","5,226 (24.9%)",,"4,821 (26.9%)","1,195 (23.1%)","1,891 (28.8%)","1,049 (19.7%)","1,605 (27.1%)","1,396 (23.8%)","2,633 (26.6%)","4,764 (26.2%)","24,580 (25.6%)","5,817 (25.8%)",,"4,920 (27.2%)","1,386 (24.5%)","1,992 (28.5%)","1,141 (19.8%)","1,847 (29.9%)","1,446 (24.9%)","2,886 (28.0%)","5,386 (29.1%)","26,821 (26.9%)","6,605 (27.3%)",,"4,781 (26.1%)",681 (23.9%),"1,420 (19.7%)",930 (19.6%),,"1,465 (23.2%)","3,115 (29.9%)","5,110 (28.9%)","24,107 (26.3%)","1,556 (28.7%)",,,,,,,164 (20.0%),29 (2.0%),,"1,749 (22.8%)"
  Diabetes With Complications,"18,943 (24.3%)","6,571 (7.7%)","24,515 (19.6%)","7,135 (12.6%)","13,965 (23.7%)",,"6,314 (15.3%)","8,238 (10.7%)","24,826 (15.8%)","29,102 (17.3%)","139,609 (16.5%)","1,104 (22.4%)",,"3,081 (19.7%)",799 (14.8%),"1,614 (26.0%)",,912 (15.9%),758 (13.2%),"1,949 (20.9%)","3,424 (17.0%)","13,641 (18.7%)","4,845 (23.1%)",,"3,655 (20.4%)",759 (14.7%),"1,670 (25.5%)",,"1,019 (17.2%)",857 (14.6%),"2,010 (20.3%)","3,255 (17.9%)","18,070 (20.0%)","5,359 (23.8%)",,"3,894 (21.5%)",845 (14.9%),"1,855 (26.6%)",,"1,192 (19.3%)",937 (16.2%),"2,316 (22.5%)","3,996 (21.6%)","20,394 (21.7%)","6,260 (25.8%)",,"3,935 (21.5%)",520 (18.2%),"1,339 (18.6%)",,,956 (15.2%),"2,444 (23.5%)","3,590 (20.3%)","19,044 (21.9%)","1,375 (25.4%)",,,,,,,87 (10.6%),18 (1.3%),,"1,480 (19.3%)"
  Peripheral Vascular Disease,"14,164 (18.1%)","4,821 (5.7%)","25,321 (20.2%)","7,096 (12.5%)","12,079 (20.5%)","8,095 (18.2%)","3,329 (8.1%)","12,413 (16.1%)","20,774 (13.2%)","30,293 (18.0%)","138,385 (15.5%)",732 (14.9%),,"3,134 (20.0%)",687 (12.8%),"1,560 (25.1%)","1,047 (21.5%)",475 (8.3%),965 (16.8%),"1,265 (13.6%)","3,682 (18.3%)","13,547 (17.4%)","3,579 (17.1%)",,"3,926 (21.9%)",741 (14.3%),"1,610 (24.5%)","1,072 (20.1%)",579 (9.8%),"1,214 (20.7%)","1,467 (14.8%)","3,513 (19.3%)","17,701 (18.5%)","4,227 (18.7%)",,"4,241 (23.4%)",751 (13.3%),"1,719 (24.6%)",945 (16.4%),633 (10.2%),"1,216 (21.0%)","1,603 (15.6%)","3,555 (19.2%)","18,890 (18.9%)","4,585 (18.9%)",,"4,349 (23.8%)",424 (14.9%),"1,248 (17.3%)",563 (11.9%),,"1,262 (20.0%)","1,772 (17.0%)","3,304 (18.7%)","17,507 (19.1%)","1,041 (19.2%)",,,,,,,126 (15.4%),16 (1.1%),,"1,183 (15.4%)"
  Cerebrovascular Disease,"14,007 (17.9%)","6,007 (7.1%)","28,717 (22.9%)","9,598 (17.0%)","16,349 (27.8%)","18,291 (41.1%)","5,484 (13.3%)","18,319 (23.7%)","26,491 (16.9%)","24,759 (14.7%)","168,022 (18.8%)",916 (18.6%),,"3,819 (24.4%)",968 (18.0%),"2,101 (33.9%)","2,018 (41.4%)",836 (14.5%),"1,382 (24.0%)","1,771 (19.0%)","3,069 (15.3%)","16,880 (21.6%)","3,730 (17.8%)",,"4,262 (23.8%)",919 (17.8%),"2,158 (32.9%)","2,273 (42.6%)","1,091 (18.5%)","1,484 (25.3%)","1,912 (19.3%)","2,901 (15.9%)","20,730 (21.6%)","3,907 (17.3%)",,"4,367 (24.1%)","1,001 (17.7%)","2,213 (31.7%)","2,399 (41.7%)","1,164 (18.8%)","1,547 (26.7%)","1,903 (18.5%)","3,179 (17.2%)","21,680 (21.7%)","4,449 (18.4%)",,"4,449 (24.3%)",502 (17.6%),"1,614 (22.4%)","2,050 (43.2%)",,"1,592 (25.3%)","1,894 (18.2%)","2,741 (15.5%)","19,291 (21.0%)","1,005 (18.6%)",,,,,,,173 (21.1%),26 (1.8%),,"1,204 (15.7%)"
  Diabetes Uncomplicated,"12,694 (16.3%)","6,485 (7.6%)","19,065 (15.2%)","8,304 (14.7%)","7,103 (12.1%)","14,545 (32.7%)","5,143 (12.5%)","12,541 (16.2%)","27,449 (17.5%)","26,924 (16.0%)","140,253 (15.7%)",798 (16.2%),,"2,433 (15.5%)",749 (13.9%),781 (12.6%),"1,571 (32.2%)",657 (11.4%),871 (15.1%),"1,367 (14.7%)","3,167 (15.7%)","12,394 (15.9%)","3,490 (16.6%)",,"2,770 (15.5%)",694 (13.4%),877 (13.4%),"1,777 (33.3%)",866 (14.6%),846 (14.4%),"1,545 (15.6%)","2,893 (15.9%)","15,758 (16.4%)","3,638 (16.1%)",,"2,800 (15.5%)",787 (13.9%),912 (13.1%),"1,957 (34.0%)",936 (15.1%),896 (15.4%),"1,542 (15.0%)","2,788 (15.0%)","16,256 (16.3%)","3,882 (16.0%)",,"2,785 (15.2%)",372 (13.0%),718 (10.0%),"1,530 (32.3%)",,927 (14.7%),"1,527 (14.7%)","2,635 (14.9%)","14,376 (15.7%)",886 (16.4%),,,,,,,128 (15.6%),17 (1.2%),,"1,031 (13.5%)"
  Myocardial Infarction,"11,905 (15.2%)","7,822 (9.2%)","22,642 (18.1%)","8,233 (14.5%)","13,393 (22.8%)","11,959 (26.9%)","4,170 (10.1%)","9,830 (12.7%)","26,109 (16.6%)","23,008 (13.7%)","139,071 (15.6%)",647 (13.1%),,"2,872 (18.3%)",924 (17.1%),"1,742 (28.1%)","1,309 (26.8%)",680 (11.8%),897 (15.6%),"1,661 (17.8%)","2,576 (12.8%)","13,308 (17.1%)","2,929 (14.0%)",,"3,336 (18.6%)",774 (15.0%),"1,634 (24.9%)","1,389 (26.0%)",729 (12.3%),922 (15.7%),"1,713 (17.3%)","2,463 (13.5%)","15,889 (16.6%)","3,468 (15.4%)",,"3,447 (19.0%)",887 (15.7%),"1,768 (25.3%)","1,529 (26.6%)",605 (9.8%),"1,117 (19.3%)","1,900 (18.5%)","2,886 (15.6%)","17,607 (17.6%)","3,940 (16.3%)",,"3,469 (19.0%)",455 (16.0%),"1,083 (15.0%)","1,133 (23.9%)",,"1,005 (15.9%)","1,972 (18.9%)","2,698 (15.3%)","15,755 (17.2%)",921 (17.0%),,,,,,,144 (17.6%),27 (1.9%),,"1,092 (14.3%)"
  Cancer,"6,248 (8.0%)","3,429 (4.0%)","14,773 (11.8%)","5,970 (10.5%)","6,737 (11.5%)",694 (1.6%),"2,939 (7.1%)","14,259 (18.5%)","14,594 (9.3%)","15,286 (9.1%)","84,929 (9.5%)",413 (8.4%),,"1,891 (12.1%)",548 (10.2%),817 (13.2%),105 (2.2%),349 (6.1%),972 (16.9%),841 (9.0%),"2,145 (10.7%)","8,081 (10.4%)","1,669 (8.0%)",,"2,142 (12.0%)",544 (10.5%),835 (12.7%),102 (1.9%),427 (7.2%),999 (17.0%),848 (8.6%),"1,532 (8.4%)","9,098 (9.5%)","1,800 (8.0%)",,"2,213 (12.2%)",601 (10.6%),851 (12.2%),64 (1.1%),444 (7.2%),997 (17.2%),870 (8.5%),"1,555 (8.4%)","9,395 (9.4%)","1,952 (8.1%)",,"2,232 (12.2%)",312 (10.9%),639 (8.9%),66 (1.4%),,"1,048 (16.6%)",935 (9.0%),"1,422 (8.0%)","8,606 (9.4%)",414 (7.6%),,,,,,,118 (14.4%),<10,,532 (8.5%)
  Mild Liver Disease,"5,702 (7.3%)","2,558 (3.0%)","9,083 (7.3%)","4,161 (7.4%)","5,100 (8.7%)","1,413 (3.2%)","1,879 (4.6%)","6,180 (8.0%)","11,283 (7.2%)","10,483 (6.2%)","57,842 (6.5%)",296 (6.0%),,"1,080 (6.9%)",432 (8.0%),706 (11.4%),165 (3.4%),278 (4.8%),385 (6.7%),755 (8.1%),"1,193 (5.9%)","5,290 (6.8%)","1,454 (6.9%)",,"1,512 (8.4%)",433 (8.4%),808 (12.3%),164 (3.1%),304 (5.1%),446 (7.6%),889 (9.0%),"1,181 (6.5%)","7,191 (7.5%)","1,633 (7.2%)",,"1,505 (8.3%)",458 (8.1%),806 (11.5%),197 (3.4%),366 (5.9%),478 (8.2%),923 (9.0%),"1,470 (7.9%)","7,836 (7.8%)","1,879 (7.8%)",,"1,547 (8.5%)",201 (7.1%),544 (7.5%),165 (3.5%),,500 (7.9%),"1,057 (10.1%)","1,382 (7.8%)","7,275 (7.9%)",440 (8.1%),,,,,,,60 (7.3%),<10,,500 (8.0%)
  Metastatic Solid Tumor,"5,144 (6.6%)","2,476 (2.9%)","12,644 (10.1%)","3,583 (6.3%)","5,703 (9.7%)","12,963 (29.1%)","2,641 (6.4%)","8,739 (11.3%)","7,612 (4.9%)","11,371 (6.8%)","72,876 (8.2%)",295 (6.0%),,"1,747 (11.2%)",310 (5.8%),758 (12.2%),"1,500 (30.7%)",350 (6.1%),711 (12.4%),493 (5.3%),"1,460 (7.3%)","7,624 (9.8%)","1,418 (6.8%)",,"1,936 (10.8%)",316 (6.1%),773 (11.8%),"1,607 (30.1%)",384 (6.5%),726 (12.4%),542 (5.5%),"1,200 (6.6%)","8,902 (9.3%)","1,498 (6.6%)",,"1,868 (10.3%)",366 (6.5%),779 (11.2%),"1,700 (29.5%)",443 (7.2%),721 (12.4%),569 (5.5%),"1,181 (6.4%)","9,125 (9.1%)","1,575 (6.5%)",,"1,930 (10.5%)",166 (5.8%),490 (6.8%),"1,364 (28.8%)",,802 (12.7%),517 (5.0%),"1,064 (6.0%)","7,908 (8.6%)",358 (6.6%),,,,,,,62 (7.6%),<10,,420 (6.7%)
  Dementia,"5,130 (6.6%)","2,364 (2.8%)","7,380 (5.9%)","2,230 (3.9%)","2,861 (4.9%)","3,583 (8.1%)","1,697 (4.1%)","2,714 (3.5%)","8,517 (5.4%)","7,204 (4.3%)","43,680 (4.9%)",333 (6.8%),,967 (6.2%),210 (3.9%),324 (5.2%),467 (9.6%),223 (3.9%),224 (3.9%),424 (4.5%),784 (3.9%),"3,956 (5.1%)","1,329 (6.3%)",,"1,106 (6.2%)",217 (4.2%),307 (4.7%),441 (8.3%),290 (4.9%),202 (3.4%),506 (5.1%),754 (4.1%),"5,152 (5.4%)","1,403 (6.2%)",,"1,030 (5.7%)",263 (4.6%),310 (4.4%),448 (7.8%),315 (5.1%),202 (3.5%),561 (5.4%),933 (5.0%),"5,465 (5.5%)","1,667 (6.9%)",,"1,118 (6.1%)",111 (3.9%),250 (3.5%),373 (7.9%),,234 (3.7%),581 (5.6%),848 (4.8%),"5,182 (5.6%)",398 (7.3%),,,,,,,32 (3.9%),<10,,430 (6.9%)
  Hemiplegia,"4,050 (5.2%)","2,315 (2.7%)","8,873 (7.1%)","3,940 (7.0%)","4,950 (8.4%)",,"2,552 (6.2%)","6,320 (8.2%)","7,519 (4.8%)","7,722 (4.6%)","48,241 (5.7%)",292 (5.9%),,"1,171 (7.5%)",364 (6.8%),571 (9.2%),,355 (6.2%),506 (8.8%),498 (5.3%),928 (4.6%),"4,685 (6.4%)","1,036 (4.9%)",,"1,209 (6.7%)",370 (7.2%),589 (9.0%),,547 (9.3%),502 (8.6%),606 (6.1%),861 (4.7%),"5,720 (6.3%)","1,124 (5.0%)",,"1,242 (6.9%)",393 (6.9%),625 (9.0%),,545 (8.8%),561 (9.7%),544 (5.3%),868 (4.7%),"5,902 (6.3%)","1,295 (5.3%)",,"1,231 (6.7%)",207 (7.3%),404 (5.6%),,,528 (8.4%),533 (5.1%),768 (4.3%),"4,966 (5.7%)",303 (5.6%),,,,,,,42 (5.1%),<10,,345 (5.5%)
  Moderate Severe Liver Disease,"3,045 (3.9%)","2,407 (2.8%)","5,289 (4.2%)","2,630 (4.6%)","3,032 (5.2%)",194 (0.4%),"1,677 (4.1%)","5,867 (7.6%)","6,915 (4.4%)","5,311 (3.2%)","36,367 (4.1%)",189 (3.8%),,637 (4.1%),247 (4.6%),402 (6.5%),25 (0.5%),240 (4.2%),469 (8.2%),471 (5.1%),609 (3.0%),"3,289 (4.2%)",757 (3.6%),,794 (4.4%),272 (5.3%),408 (6.2%),19 (0.4%),299 (5.1%),483 (8.2%),496 (5.0%),625 (3.4%),"4,153 (4.4%)",882 (3.9%),,761 (4.2%),299 (5.3%),421 (6.0%),25 (0.4%),278 (4.5%),500 (8.6%),536 (5.2%),779 (4.2%),"4,481 (4.5%)",985 (4.1%),,800 (4.4%),180 (6.3%),282 (3.9%),25 (0.5%),,497 (7.9%),480 (4.6%),703 (4.0%),"3,952 (4.3%)",232 (4.3%),,,,,,,40 (4.9%),<10,,272 (4.4%)
  Connective Tissue Disease,"2,990 (3.8%)","1,378 (1.6%)","5,465 (4.4%)","1,647 (2.9%)","2,495 (4.2%)",370 (0.8%),"1,018 (2.5%)","2,580 (3.3%)","6,279 (4.0%)","5,750 (3.4%)","29,972 (3.4%)",177 (3.6%),,705 (4.5%),182 (3.4%),286 (4.6%),37 (0.8%),145 (2.5%),207 (3.6%),378 (4.1%),638 (3.2%),"2,755 (3.5%)",756 (3.6%),,848 (4.7%),181 (3.5%),298 (4.5%),52 (1.0%),160 (2.7%),257 (4.4%),380 (3.8%),598 (3.3%),"3,530 (3.7%)",829 (3.7%),,804 (4.4%),172 (3.0%),323 (4.6%),30 (0.5%),163 (2.6%),238 (4.1%),421 (4.1%),744 (4.0%),"3,724 (3.7%)","1,013 (4.2%)",,801 (4.4%),82 (2.9%),206 (2.9%),39 (0.8%),,234 (3.7%),409 (3.9%),625 (3.5%),"3,409 (3.7%)",215 (4.0%),,,,,,,20 (2.4%),<10,,235 (3.8%)
  Peptic Ulcer Disease,"1,968 (2.5%)","1,221 (1.4%)","4,909 (3.9%)","1,221 (2.2%)","1,487 (2.5%)",826 (1.9%),"1,009 (2.5%)","1,852 (2.4%)","4,515 (2.9%)","3,436 (2.0%)","22,444 (2.5%)",105 (2.1%),,617 (3.9%),119 (2.2%),203 (3.3%),105 (2.2%),163 (2.8%),101 (1.8%),275 (2.9%),375 (1.9%),"2,063 (2.6%)",537 (2.6%),,791 (4.4%),108 (2.1%),173 (2.6%),89 (1.7%),164 (2.8%),146 (2.5%),265 (2.7%),395 (2.2%),"2,668 (2.8%)",582 (2.6%),,724 (4.0%),114 (2.0%),174 (2.5%),93 (1.6%),163 (2.6%),155 (2.7%),313 (3.0%),414 (2.2%),"2,732 (2.7%)",615 (2.5%),,715 (3.9%),48 (1.7%),106 (1.5%),72 (1.5%),,178 (2.8%),291 (2.8%),362 (2.0%),"2,387 (2.6%)",129 (2.4%),,,,,,,24 (2.9%),,,153 (2.5%)
  Aids,948 (1.2%),231 (0.3%),402 (0.3%),263 (0.5%),521 (0.9%),"4,214 (9.5%)",273 (0.7%),"1,125 (1.5%)",295 (0.2%),967 (0.6%),"9,239 (1.1%)",69 (1.4%),,53 (0.3%),24 (0.4%),63 (1.0%),494 (10.1%),28 (0.5%),73 (1.3%),16 (0.2%),108 (0.5%),928 (1.1%),235 (1.1%),,47 (0.3%),30 (0.6%),55 (0.8%),528 (9.9%),39 (0.7%),82 (1.4%),14 (0.1%),85 (0.5%),"1,115 (1.2%)",295 (1.3%),,55 (0.3%),26 (0.5%),43 (0.6%),704 (12.2%),53 (0.9%),78 (1.3%),14 (0.1%),108 (0.6%),"1,376 (1.3%)",289 (1.2%),,51 (0.3%),12 (0.4%),34 (0.5%),565 (11.9%),,99 (1.6%),11 (0.1%),102 (0.6%),"1,163 (1.3%)",60 (1.1%),,,,,,,15 (1.8%),,,75 (1.2%)
SOFA Scores,,,,,,,,,,,,,,,,,,,,,,,,,,,,,,,,,,,,,,,,,,,,,,,,,,,,,,,,,,,,,,,,,,
"  Total SOFA score, median [Q1, Q3]","3.0 [1.0, 6.0]","3.0 [2.0, 6.0]","3.0 [1.0, 6.0]","3.0 [1.0, 6.0]","2.0 [1.0, 5.0]","3.0 [1.0, 6.0]","4.0 [1.0, 8.0]","3.0 [1.0, 7.0]","2.0 [1.0, 6.0]","2.0 [1.0, 5.0]","2.6 [1, 8]","3.0 [1.0, 6.0]",,"3.0 [1.0, 6.0]","3.0 [1.0, 6.0]","2.0 [1.0, 5.0]","3.0 [2.0, 6.0]","4.0 [1.0, 8.0]","4.0 [2.0, 7.0]","3.0 [1.0, 7.0]","2.0 [1.0, 5.0]","2.9 [1, 8]","3.0 [1.0, 6.0]",,"3.0 [1.0, 7.0]","4.0 [1.0, 7.0]","2.0 [1.0, 5.0]","3.0 [1.0, 6.0]","4.0 [1.0, 8.0]","4.0 [2.0, 8.0]","3.0 [1.0, 7.0]","3.0 [1.0, 5.0]","3.3 [1, 8]","3.0 [1.0, 6.0]",,"3.0 [1.0, 7.0]","4.0 [1.0, 7.0]","2.0 [1.0, 5.0]","3.0 [1.0, 6.0]","4.0 [1.0, 8.0]","4.0 [2.0, 8.0]","3.0 [1.0, 7.0]","3.0 [1.0, 5.0]","3.3 [1, 8]","3.0 [1.0, 6.0]",,"4.0 [1.0, 7.0]","3.0 [1.0, 5.0]","3.0 [1.0, 5.0]","3.0 [1.0, 6.0]",,"4.0 [2.0, 7.0]","3.0 [1.0, 7.0]","3.0 [1.0, 5.0]","3.1 [1, 7]","3.0 [1.0, 6.0]",,,,"1.0 [0.0, 3.0]",,,"3.0 [1.0, 7.0]","3.0 [1.0, 6.0]",,"3.0 [0, 7]"
"    Respiratory, median [Q1, Q3]","0.0 [0.0, 0.0]","0.0 [0.0, 1.0]","0.0 [0.0, 0.0]","0.0 [0.0, 0.0]","0.0 [0.0, 0.0]","0.0 [0.0, 0.0]","0.0 [0.0, 1.0]","0.0 [0.0, 0.0]","0.0 [0.0, 0.0]","0.0 [0.0, 0.0]","0 [0, 1]","0.0 [0.0, 0.0]",,"0.0 [0.0, 0.0]","0.0 [0.0, 0.0]","0.0 [0.0, 0.0]","0.0 [0.0, 1.0]","0.0 [0.0, 1.0]","0.0 [0.0, 0.0]","0.0 [0.0, 1.0]","0.0 [0.0, 0.0]","0 [0, 1]","0.0 [0.0, 0.0]",,"0.0 [0.0, 0.0]","0.0 [0.0, 0.0]","0.0 [0.0, 0.0]","0.0 [0.0, 1.0]","0.0 [0.0, 1.0]","0.0 [0.0, 0.0]","0.0 [0.0, 1.0]","0.0 [0.0, 0.0]","0 [0, 1]","0.0 [0.0, 0.0]",,"0.0 [0.0, 0.0]","0.0 [0.0, 0.0]","0.0 [0.0, 0.0]","0.0 [0.0, 1.0]","0.0 [0.0, 1.0]","0.0 [0.0, 0.0]","0.0 [0.0, 1.0]","0.0 [0.0, 0.0]","0 [0, 1]","0.0 [0.0, 0.0]",,"0.0 [0.0, 0.0]","0.0 [0.0, 0.0]","0.0 [0.0, 0.0]","0.0 [0.0, 0.0]",,"0.0 [0.0, 0.0]","0.0 [0.0, 0.0]","0.0 [0.0, 0.0]","0 [0, 0]","0.0 [0.0, 0.0]",,,,"0.0 [0.0, 0.0]",,,"0.0 [0.0, 0.0]","0.0 [0.0, 0.0]",,"0 [0, 0]"
"    Coagulation, median [Q1, Q3]","0.0 [0.0, 1.0]","0.0 [0.0, 1.0]","0.0 [0.0, 1.0]","0.0 [0.0, 1.0]","0.0 [0.0, 1.0]","0.0 [0.0, 1.0]","0.0 [0.0, 1.0]","0.0 [0.0, 1.0]","0.0 [0.0, 1.0]","0.0 [0.0, 1.0]","0 [0, 1]","0.0 [0.0, 1.0]",,"0.0 [0.0, 1.0]","0.0 [0.0, 1.0]","0.0 [0.0, 1.0]","0.0 [0.0, 1.0]","0.0 [0.0, 1.0]","0.0 [0.0, 1.0]","0.0 [0.0, 1.0]","0.0 [0.0, 1.0]","0 [0, 1]","0.0 [0.0, 1.0]",,"0.0 [0.0, 1.0]","0.0 [0.0, 1.0]","0.0 [0.0, 1.0]","0.0 [0.0, 1.0]","0.0 [0.0, 1.0]","0.0 [0.0, 1.0]","0.0 [0.0, 1.0]","0.0 [0.0, 1.0]","0 [0, 1]","0.0 [0.0, 1.0]",,"0.0 [0.0, 1.0]","0.0 [0.0, 1.0]","0.0 [0.0, 1.0]","0.0 [0.0, 1.0]","0.0 [0.0, 1.0]","0.0 [0.0, 1.0]","0.0 [0.0, 1.0]","0.0 [0.0, 1.0]","0 [0, 1]","0.0 [0.0, 1.0]",,"0.0 [0.0, 1.0]","0.0 [0.0, 1.0]","0.0 [0.0, 1.0]","0.0 [0.0, 1.0]",,"0.0 [0.0, 1.0]","0.0 [0.0, 1.0]","0.0 [0.0, 1.0]","0 [0, 1]","0.0 [0.0, 1.0]",,,,"0.0 [0.0, 0.0]",,,"0.0 [0.0, 1.0]","0.0 [0.0, 1.0]",,"0 [0, 1]"
"    Liver, median [Q1, Q3]","0.0 [0.0, 0.0]","0.0 [0.0, 0.0]","0.0 [0.0, 0.0]","0.0 [0.0, 0.0]","0.0 [0.0, 0.0]","0.0 [0.0, 0.0]","0.0 [0.0, 0.0]","0.0 [0.0, 0.0]","0.0 [0.0, 0.0]","0.0 [0.0, 0.0]","0 [0, 0]","0.0 [0.0, 0.0]",,"0.0 [0.0, 0.0]","0.0 [0.0, 0.0]","0.0 [0.0, 0.0]","0.0 [0.0, 0.0]","0.0 [0.0, 0.0]","0.0 [0.0, 0.0]","0.0 [0.0, 0.0]","0.0 [0.0, 0.0]","0 [0, 0]","0.0 [0.0, 0.0]",,"0.0 [0.0, 0.0]","0.0 [0.0, 0.0]","0.0 [0.0, 0.0]","0.0 [0.0, 0.0]","0.0 [0.0, 0.0]","0.0 [0.0, 0.0]","0.0 [0.0, 0.0]","0.0 [0.0, 0.0]","0 [0, 0]","0.0 [0.0, 0.0]",,"0.0 [0.0, 0.0]","0.0 [0.0, 0.0]","0.0 [0.0, 0.0]","0.0 [0.0, 0.0]","0.0 [0.0, 0.0]","0.0 [0.0, 0.0]","0.0 [0.0, 0.0]","0.0 [0.0, 0.0]","0 [0, 0]","0.0 [0.0, 0.0]",,"0.0 [0.0, 0.0]","0.0 [0.0, 0.0]","0.0 [0.0, 0.0]","0.0 [0.0, 0.0]",,"0.0 [0.0, 0.0]","0.0 [0.0, 0.0]","0.0 [0.0, 0.0]","0 [0, 0]","0.0 [0.0, 0.0]",,,,"0.0 [0.0, 0.0]",,,"0.0 [0.0, 0.0]","0.0 [0.0, 0.0]",,"0 [0, 0]"
"    Cardiovascular, median [Q1, Q3]","1.0 [0.0, 3.0]","1.0 [1.0, 1.0]","1.0 [0.0, 3.0]","1.0 [0.0, 3.0]","1.0 [0.0, 1.0]","1.0 [0.0, 1.0]","1.0 [0.0, 1.0]","1.0 [0.0, 2.0]","1.0 [0.0, 1.0]","0.0 [0.0, 1.0]","0.8 [0, 3]","1.0 [0.0, 3.0]",,"1.0 [0.0, 3.0]","1.0 [0.0, 3.0]","1.0 [0.0, 1.0]","1.0 [0.0, 1.0]","1.0 [0.0, 2.0]","1.0 [0.0, 3.0]","1.0 [0.0, 3.0]","0.0 [0.0, 1.0]","0.8 [0, 3]","1.0 [0.0, 3.0]",,"1.0 [0.0, 3.0]","1.0 [0.0, 3.0]","1.0 [0.0, 1.0]","1.0 [0.0, 1.0]","1.0 [0.0, 3.0]","1.0 [0.0, 3.0]","1.0 [0.0, 3.0]","1.0 [0.0, 1.0]","1 [0, 3]","1.0 [0.0, 2.0]",,"1.0 [0.0, 3.0]","1.0 [0.0, 3.0]","1.0 [0.0, 1.0]","1.0 [0.0, 1.0]","1.0 [0.0, 3.0]","1.0 [0.0, 3.0]","1.0 [0.0, 3.0]","1.0 [0.0, 1.0]","1 [0, 3]","1.0 [0.0, 3.0]",,"1.0 [0.0, 3.0]","1.0 [0.0, 3.0]","1.0 [0.0, 1.0]","1.0 [0.0, 1.0]",,"1.0 [0.0, 3.0]","1.0 [0.0, 3.0]","0.0 [0.0, 1.0]","0.9 [0, 3]","1.0 [0.0, 3.0]",,,,"1.0 [0.0, 1.0]",,,"1.0 [0.0, 3.0]","1.0 [0.0, 3.0]",,"1 [0, 3]"
"    CNS, median [Q1, Q3]","0.0 [0.0, 1.0]","0.0 [0.0, 1.0]","0.0 [0.0, 2.0]","0.0 [0.0, 2.0]","0.0 [0.0, 1.0]","1.0 [0.0, 3.0]","1.0 [0.0, 3.0]","1.0 [0.0, 3.0]","0.0 [0.0, 1.0]","0.0 [0.0, 1.0]","0.2 [0, 3]","0.0 [0.0, 1.0]",,"0.0 [0.0, 2.0]","0.0 [0.0, 1.0]","0.0 [0.0, 1.0]","1.0 [0.0, 4.0]","1.0 [0.0, 3.0]","1.0 [0.0, 3.0]","1.0 [0.0, 3.0]","0.0 [0.0, 1.0]","0.4 [0, 4]","0.0 [0.0, 1.0]",,"0.0 [0.0, 2.0]","0.0 [0.0, 1.0]","0.0 [0.0, 1.0]","1.0 [0.0, 4.0]","1.0 [0.0, 3.0]","1.0 [0.0, 3.0]","1.0 [0.0, 3.0]","0.0 [0.0, 1.0]","0.3 [0, 4]","0.0 [0.0, 1.0]",,"1.0 [0.0, 2.0]","0.0 [0.0, 1.0]","0.0 [0.0, 1.0]","1.0 [0.0, 4.0]","1.0 [0.0, 3.0]","1.0 [0.0, 3.0]","1.0 [0.0, 3.0]","0.0 [0.0, 1.0]","0.3 [0, 4]","0.0 [0.0, 1.0]",,"1.0 [0.0, 2.0]","0.0 [0.0, 0.0]","0.0 [0.0, 1.0]","1.0 [0.0, 3.0]",,"1.0 [0.0, 2.0]","0.0 [0.0, 2.0]","0.0 [0.0, 1.0]","0.2 [0, 3]","0.0 [0.0, 1.0]",,,,"0.0 [0.0, 0.0]",,,"0.0 [0.0, 2.0]","0.0 [0.0, 1.0]",,"0 [0, 2]"
"    Renal, median [Q1, Q3]","0.0 [0.0, 1.0]","0.0 [0.0, 1.0]","0.0 [0.0, 1.0]","0.0 [0.0, 1.0]","0.0 [0.0, 1.0]","0.0 [0.0, 1.0]","0.0 [0.0, 1.0]","0.0 [0.0, 1.0]","0.0 [0.0, 1.0]","0.0 [0.0, 1.0]","0 [0, 1]","0.0 [0.0, 2.0]",,"0.0 [0.0, 1.0]","0.0 [0.0, 2.0]","0.0 [0.0, 1.0]","0.0 [0.0, 1.0]","0.0 [0.0, 1.0]","0.0 [0.0, 1.0]","0.0 [0.0, 1.0]","0.0 [0.0, 1.0]","0 [0, 2]","0.0 [0.0, 1.0]",,"0.0 [0.0, 1.0]","0.0 [0.0, 2.0]","0.0 [0.0, 1.0]","0.0 [0.0, 1.0]","0.0 [0.0, 1.0]","0.0 [0.0, 1.0]","0.0 [0.0, 1.0]","0.0 [0.0, 1.0]","0 [0, 2]","0.0 [0.0, 1.0]",,"0.0 [0.0, 1.0]","0.0 [0.0, 1.0]","0.0 [0.0, 1.0]","0.0 [0.0, 1.0]","0.0 [0.0, 1.0]","0.0 [0.0, 1.0]","0.0 [0.0, 1.0]","0.0 [0.0, 1.0]","0 [0, 1]","0.0 [0.0, 1.0]",,"0.0 [0.0, 1.0]","0.0 [0.0, 1.0]","0.0 [0.0, 1.0]","0.0 [0.0, 1.0]",,"0.0 [0.0, 1.0]","0.0 [0.0, 1.0]","0.0 [0.0, 1.0]","0 [0, 1]","0.0 [0.0, 1.0]",,,,"0.0 [0.0, 0.0]",,,"0.0 [0.0, 1.0]","0.0 [0.0, 1.0]",,"0 [0, 1]"
"  P/F ratio, median [Q1, Q3]","225 [130, 348]","175 [100, 275]","246 [153, 353]","240 [130, 385]","323 [175, 462]","284 [198, 367]","250 [156, 352]","209 [113, 322]","212 [136, 308]","226 [130, 362]","231.2 [100, 462]","218 [117, 340]",,"252 [155, 362]","222 [118, 363]","317 [172, 457]","283 [198, 368]","248 [157, 351]","233 [128, 336]","212 [135, 300]","230 [134, 368]","240.6 [117, 457]","220 [130, 342]",,"260 [160, 370]","240 [129, 380]","338 [191, 455]","287 [200, 367]","268 [182, 360]","230 [128, 330]","212 [137, 302]","242 [144, 376]","244.4 [128, 455]","228 [130, 351]",,"256 [161, 358]","226 [118, 367]","347 [205, 476]","295 [206, 371]","262 [178, 354]","228 [130, 329]","210 [140, 296]","250 [148, 378]","245.5 [118, 476]","232 [133, 365]",,"262 [166, 365]","198 [110, 373]","342 [202, 463]","293 [202, 380]",,"231 [135, 340]","212 [136, 305]","243 [150, 380]","235.1 [110, 463]","322 [159, 595]",,,,"310 [172, 430]",,,"236 [144, 348]","217 [155, 290]",,"322.0 [144, 595]"
"  P/F ratio (imputed), median [Q1, Q3]","121 [69, 189]","84 [64, 136]","122 [71, 168]","153 [81, 236]","164 [106, 236]","147 [113, 205]","117 [73, 153]","82 [61, 151]","106 [69, 153]","151 [94, 205]","123.2 [61, 236]","117 [67, 174]",,"122 [73, 168]","148 [75, 252]","168 [104, 236]","151 [109, 205]","118 [72, 153]","81 [61, 153]","112 [73, 153]","147 [91, 203]","134.6 [61, 252]","118 [68, 184]",,"118 [71, 168]","168 [84, 252]","177 [117, 252]","150 [112, 212]","126 [82, 159]","76 [59, 151]","113 [73, 156]","153 [97, 205]","137.6 [59, 252]","122 [71, 189]",,"118 [71, 164]","142 [73, 252]","168 [118, 252]","162 [117, 216]","125 [83, 159]","82 [59, 164]","112 [75, 155]","155 [98, 213]","133.7 [59, 252]","118 [68, 177]",,"118 [73, 168]","143 [72, 246]","168 [118, 238]","151 [113, 213]",,"78 [61, 153]","113 [71, 159]","158 [98, 216]","132.1 [61, 246]","99 [63, 148]",,,,"168 [110, 241]",,,"89 [63, 159]","116 [77, 153]",,"99.0 [63, 241]"
"CRRT, n (%)","6,063 (7.8%)","3,405 (4.0%)","4,779 (3.8%)","1,706 (3.0%)","6,959 (11.8%)","1,068 (2.4%)","3,135 (7.6%)","1,761 (2.3%)","3,981 (2.5%)","6,747 (4.0%)","39,604 (4.4%)",249 (5.1%),,624 (4.0%),239 (4.4%),841 (13.6%),122 (2.5%),509 (8.9%),91 (1.6%),316 (3.4%),853 (4.2%),"3,844 (4.9%)","1,073 (5.1%)",,681 (3.8%),251 (4.9%),786 (12.0%),131 (2.5%),473 (8.0%),442 (7.5%),383 (3.9%),893 (4.9%),"5,113 (5.3%)","1,272 (5.6%)",,803 (4.4%),239 (4.2%),825 (11.8%),151 (2.6%),510 (8.3%),499 (8.6%),358 (3.5%),862 (4.7%),"5,519 (5.5%)","2,870 (11.8%)",,796 (4.3%),0 (0.0%),675 (9.4%),121 (2.6%),,500 (7.9%),381 (3.7%),781 (4.4%),"6,124 (6.7%)",599 (11.1%),,,,0 (0.0%),,,46 (5.6%),47 (3.3%),,692 (7.1%)
"Sepsis events (CDC ASE), n","32,635","20,740","51,601","21,245","19,061","9,354","23,190","38,073","15,937","61,427","293,263","1,890",,"6,546","2,493","2,326","1,191","3,288","3,025","2,762","7,476","30,997","8,363",,"8,388","2,477","2,391","1,170","3,313","3,083","2,958","7,995","40,138","8,131",,"8,441","2,847","2,694","1,160","3,248","3,018","2,580","7,277","39,396","11,825",,"8,298","1,055","1,956",868,,"3,263","2,619","6,917","36,801","2,426",,,,0,,,390,349,,"3,165"
"Encounters with >=1 sepsis event, n (%)","17,196 (22.0%)","10,384 (12.2%)","27,407 (21.9%)","10,458 (18.5%)","9,935 (16.9%)","6,348 (14.3%)","13,244 (32.2%)","18,826 (24.4%)","9,206 (5.9%)","35,744 (21.3%)","158,748 (17.8%)","1,061 (21.5%)",,"3,523 (22.5%)","1,183 (22.0%)","1,253 (20.2%)",797 (16.3%),"1,936 (33.7%)","1,455 (25.3%)","1,478 (15.9%)","4,225 (21.0%)","16,911 (21.7%)","4,368 (20.8%)",,"4,421 (24.7%)","1,199 (23.2%)","1,246 (19.0%)",810 (15.2%),"1,914 (32.4%)","1,534 (26.1%)","1,535 (15.5%)","4,557 (25.0%)","21,584 (22.5%)","4,353 (19.3%)",,"4,623 (25.5%)","1,394 (24.6%)","1,381 (19.8%)",815 (14.2%),"1,952 (31.6%)","1,567 (27.0%)","1,543 (15.0%)","4,663 (25.2%)","22,291 (22.3%)","6,101 (25.2%)",,"4,690 (25.6%)",538 (18.9%),"1,002 (13.9%)",601 (12.7%),,"1,692 (26.8%)","1,491 (14.3%)","4,364 (24.7%)","20,479 (22.3%)","1,313 (24.2%)",,,,0 (0.0%),,,210 (25.6%),202 (14.2%),,"1,725 (17.8%)"
"Invasive mechanical ventilation, n (%)","21,476 (27.5%)","35,724 (42.0%)","38,460 (30.7%)","20,904 (36.9%)","13,937 (23.7%)",320 (0.7%),"18,211 (44.2%)","26,740 (34.6%)","45,994 (29.3%)","49,099 (29.2%)","270,865 (30.4%)","1,390 (28.2%)",,"4,744 (30.3%)","2,124 (39.4%)","1,497 (24.1%)",32 (0.7%),"2,832 (49.3%)","2,084 (36.2%)","3,134 (33.6%)","5,821 (28.9%)","23,658 (30.4%)","5,647 (26.9%)",,"5,499 (30.7%)","2,100 (40.6%)","1,498 (22.8%)",45 (0.8%),"2,916 (49.3%)","2,217 (37.8%)","3,262 (32.9%)","5,891 (32.4%)","29,075 (30.2%)","6,196 (27.5%)",,"5,892 (32.5%)","2,290 (40.5%)","1,661 (23.8%)",49 (0.9%),"2,902 (47.0%)","2,164 (37.3%)","3,359 (32.6%)","5,948 (32.1%)","30,461 (30.6%)","6,795 (28.0%)",,"5,985 (32.7%)",177 (6.2%),"1,716 (23.8%)",29 (0.6%),,"2,273 (36.1%)","3,243 (31.1%)","5,629 (31.9%)","25,847 (28.2%)","1,448 (26.7%)",,,,490 (24.1%),,,269 (32.8%),436 (30.6%),,"2,643 (27.3%)"
Ventilator hours (millions),2.47,3.01,4.18,1.32,1.46,0.05,2.43,2.77,4.97,5.89,29,0.19,,0.56,0.17,0.18,,0.39,0.21,0.34,0.72,3,0.69,,0.54,0.15,0.14,,0.44,0.22,0.37,0.65,3,0.72,,0.61,0.18,0.15,0.01,0.45,0.23,0.36,0.66,3,0.75,,0.57,,0.16,,,0.24,0.32,0.56,3,0.13,,,,0.04,,,0.03,0.03,,0
  First location at IMV start: icu,"13,453 (62.6%)","35,112 (98.3%)","29,514 (76.7%)","7,831 (37.5%)","11,818 (84.8%)",111 (34.7%),"12,842 (70.5%)","18,875 (70.6%)","34,685 (75.4%)","41,089 (83.7%)","205,330 (75.8%)","1,033 (74.3%)",,"3,595 (75.8%)",829 (39.0%),"1,278 (85.4%)",11 (34.4%),"1,924 (67.9%)","1,484 (71.2%)","2,383 (76.0%)","4,864 (83.6%)","17,401 (73.6%)","3,802 (67.3%)",,"4,139 (75.3%)",818 (39.0%),"1,279 (85.4%)",19 (42.2%),"2,002 (68.7%)","1,599 (72.1%)","2,520 (77.3%)","4,925 (83.6%)","21,103 (72.6%)","4,059 (65.5%)",,"4,503 (76.4%)",900 (39.3%),"1,412 (85.0%)",15 (30.6%),"2,042 (70.4%)","1,563 (72.2%)","2,603 (77.5%)","4,998 (84.0%)","22,095 (72.5%)","3,847 (56.6%)",,"4,669 (78.0%)",47 (26.6%),"1,387 (80.8%)",<10,,"1,646 (72.4%)","2,588 (79.8%)","4,652 (82.6%)","18,836 (72.9%)",712 (49.2%),,,,406 (82.9%),,,186 (69.1%),340 (78.0%),,"1,644 (62.2%)"
  First location at IMV start: ed,"4,186 (19.5%)",59 (0.2%),"6,947 (18.1%)","1,722 (8.2%)","1,241 (8.9%)",91 (28.4%),"4,769 (26.2%)","2,352 (8.8%)","6,329 (13.8%)","6,091 (12.4%)","33,787 (12.8%)",251 (18.1%),,927 (19.5%),224 (10.5%),133 (8.9%),<10,818 (28.9%),206 (9.9%),512 (16.3%),700 (12.0%),"3,771 (15.9%)","1,035 (18.3%)",,"1,054 (19.2%)",207 (9.9%),152 (10.1%),11 (24.4%),829 (28.4%),196 (8.8%),518 (15.9%),728 (12.4%),"4,730 (16.3%)","1,143 (18.4%)",,"1,050 (17.8%)",216 (9.4%),161 (9.7%),18 (36.7%),754 (26.0%),171 (7.9%),511 (15.2%),731 (12.3%),"4,755 (15.6%)","1,432 (21.1%)",,"1,034 (17.3%)",20 (11.3%),226 (13.2%),<10,,180 (7.9%),461 (14.2%),760 (13.5%),"4,113 (15.9%)",325 (22.4%),,,,54 (11.0%),,,36 (13.4%),67 (15.4%),,482 (18.2%)
  First location at IMV start: other,,33 (0.1%),70 (0.2%),,,<10,,"1,934 (7.2%)",<10,<10,"2,037 (2.1%)",,,<10,,,,,23 (1.1%),,,23 (1.1%),,,18 (0.3%),,,<10,,42 (1.9%),,,60 (0.7%),,,20 (0.3%),,,,,50 (2.3%),,,70 (0.8%),,,15 (0.3%),,,<10,,62 (2.7%),,,77 (1.1%),,,,,,,,<10,,,
  First location at IMV start: procedural,"2,437 (11.3%)",160 (0.4%),"1,481 (3.9%)","10,869 (52.0%)",701 (5.0%),12 (3.8%),429 (2.4%),"2,408 (9.0%)","4,558 (9.9%)","1,538 (3.1%)","24,593 (8.9%)",31 (2.2%),,165 (3.5%),"1,030 (48.5%)",69 (4.6%),<10,61 (2.2%),264 (12.7%),221 (7.1%),213 (3.7%),"2,054 (8.8%)",504 (8.9%),,245 (4.5%),"1,027 (48.9%)",51 (3.4%),,63 (2.2%),291 (13.1%),208 (6.4%),196 (3.3%),"2,585 (8.9%)",595 (9.6%),,268 (4.5%),"1,115 (48.7%)",74 (4.5%),,78 (2.7%),267 (12.3%),228 (6.8%),183 (3.1%),"2,808 (9.2%)","1,015 (14.9%)",,228 (3.8%),102 (57.6%),74 (4.3%),<10,,247 (10.9%),176 (5.4%),182 (3.2%),"2,024 (7.8%)",292 (20.2%),,,,20 (4.1%),,,26 (9.7%),27 (6.2%),,365 (13.8%)
  First location at IMV start: stepdown,,61 (0.2%),61 (0.2%),50 (0.2%),54 (0.4%),,,21 (0.1%),102 (0.2%),,349 (0.2%),,,<10,10 (0.5%),<10,,,,<10,,,,,<10,<10,<10,,,,<10,,,,,<10,11 (0.5%),<10,,,<10,<10,,,,,<10,<10,<10,,,<10,<10,,,,,,,<10,,,<10,<10,,
  First location at IMV start: ward,"1,323 (6.2%)",299 (0.8%),383 (1.0%),395 (1.9%),96 (0.7%),104 (32.5%),171 (0.9%),86 (0.3%),311 (0.7%),362 (0.7%),"3,530 (1.3%)",72 (5.2%),,47 (1.0%),28 (1.3%),<10,13 (40.6%),29 (1.0%),<10,12 (0.4%),40 (0.7%),241 (1.2%),290 (5.1%),,34 (0.6%),41 (2.0%),<10,14 (31.1%),22 (0.8%),<10,12 (0.4%),42 (0.7%),455 (1.8%),385 (6.2%),,48 (0.8%),42 (1.8%),10 (0.6%),16 (32.7%),28 (1.0%),<10,14 (0.4%),36 (0.6%),579 (2.0%),465 (6.8%),,32 (0.5%),<10,21 (1.2%),<10,,18 (0.8%),13 (0.4%),35 (0.6%),584 (2.2%),111 (7.7%),,,,<10,,,<10,<10,,
  First location at IMV start: hospice,27 (0.1%),,,<10,25 (0.2%),,,,,,52 (0.1%),<10,,,,<10,,,,,,,<10,,,,<10,,,,,,,<10,,,,<10,,,,,,,10 (0.1%),,,,<10,,,,,,10 (0.1%),,,,,,,,,,,
  First location at IMV start: radiology,20 (0.1%),,,,,,,874 (3.3%),<10,15 (0.0%),909 (0.4%),,,,,,,,84 (4.0%),,<10,84 (4.0%),<10,,,,,,,72 (3.2%),<10,,,<10,,,,,,,81 (3.7%),,,81 (3.7%),11 (0.2%),,,,,,,103 (4.5%),,,114 (1.5%),<10,,,,,,,11 (4.1%),,,11 (4.1%)
  First location at IMV start: l&d,16 (0.1%),,<10,20 (0.1%),<10,,,<10,<10,,,,,,<10,,,,<10,,,,<10,,,<10,,,,<10,,,,<10,,,<10,,,,,,,,<10,,,,,,,<10,,,,<10,,,,,,,,,,
  First location at IMV start: dialysis,,,,16 (0.1%),,,,,<10,<10,,,,,<10,,,,,,,,,,,<10,,,,,,,,,,,<10,,,,,,,,,,,,,,,,,,,,,,,,,,,,,
  First location at IMV start: rehab,14 (0.1%),,,,,,,182 (0.7%),,,196 (0.5%),<10,,,,,,,15 (0.7%),,,15 (0.7%),<10,,,,,,,12 (0.5%),,,12 (0.5%),<10,,,,,,,22 (1.0%),,,22 (1.0%),<10,,,,,,,11 (0.5%),,,11 (0.5%),,,,,,,,,,,
  Initial ventilator mode: pressure-regulated volume control,"9,808 (45.7%)","13,470 (37.7%)","2,364 (6.1%)",433 (2.1%),"10,484 (75.2%)",,41 (0.2%),200 (0.7%),412 (0.9%),<10,"37,212 (16.5%)",460 (33.1%),,217 (4.6%),16 (0.8%),"1,116 (74.5%)",,<10,14 (0.7%),<10,<10,"1,823 (15.7%)","2,026 (35.9%)",,492 (8.9%),67 (3.2%),"1,140 (76.1%)",,<10,15 (0.7%),<10,<10,"3,740 (22.1%)","2,737 (44.2%)",,512 (8.7%),275 (12.0%),"1,330 (80.1%)",,21 (0.7%),15 (0.7%),<10,,"4,890 (23.1%)","3,755 (55.3%)",,532 (8.9%),20 (11.3%),"1,333 (77.7%)",,,17 (0.7%),78 (2.4%),,"5,735 (28.2%)",830 (57.3%),,,,373 (76.1%),,,<10,13 (3.0%),,"1,216 (51.3%)"
  Initial ventilator mode: assist control-volume control,"6,046 (28.2%)","18,597 (52.1%)","30,261 (78.7%)","10,562 (50.5%)","1,147 (8.2%)",251 (78.4%),"16,416 (90.1%)","21,727 (81.3%)","39,967 (86.9%)","30,299 (61.7%)","175,273 (64.7%)",587 (42.2%),,"3,926 (82.8%)","1,176 (55.4%)",105 (7.0%),25 (78.1%),"2,622 (92.6%)","1,662 (79.8%)","2,903 (92.6%)","3,652 (62.7%)","16,658 (70.4%)","2,122 (37.6%)",,"4,278 (77.8%)","1,148 (54.7%)",113 (7.5%),38 (84.4%),"2,676 (91.8%)","1,755 (79.2%)","3,041 (93.2%)","3,610 (61.3%)","18,781 (64.6%)","1,726 (27.9%)",,"4,519 (76.7%)","1,055 (46.1%)",50 (3.0%),36 (73.5%),"2,684 (92.5%)","1,688 (78.0%)","3,104 (92.4%)","3,580 (60.2%)","18,442 (60.6%)","1,342 (19.7%)",,"4,709 (78.7%)",49 (27.7%),38 (2.2%),18 (62.1%),,"1,760 (77.4%)","2,962 (91.3%)","3,367 (59.8%)","14,245 (55.0%)",269 (18.6%),,,,<10,,,208 (77.3%),406 (93.1%),,883 (41.0%)
  Initial ventilator mode: simv,"2,617 (12.2%)",572 (1.6%),"2,459 (6.4%)",416 (2.0%),113 (0.8%),,221 (1.2%),327 (1.2%),"2,570 (5.6%)","15,159 (30.9%)","24,454 (9.0%)",169 (12.2%),,221 (4.7%),30 (1.4%),26 (1.7%),,27 (1.0%),29 (1.4%),35 (1.1%),"1,757 (30.2%)","2,294 (9.7%)",745 (13.2%),,305 (5.5%),34 (1.6%),<10,,30 (1.0%),33 (1.5%),41 (1.3%),"1,908 (32.4%)","3,096 (11.2%)",779 (12.6%),,291 (4.9%),52 (2.3%),21 (1.3%),,33 (1.1%),24 (1.1%),26 (0.8%),"1,978 (33.3%)","3,204 (10.6%)",779 (11.5%),,263 (4.4%),<10,15 (0.9%),,,13 (0.6%),25 (0.8%),"1,868 (33.2%)","2,963 (11.7%)",145 (10.0%),,,,<10,,,<10,<10,,
  Initial ventilator mode: pressure support/cpap,"1,372 (6.4%)","2,354 (6.6%)",965 (2.5%),"2,530 (12.1%)",372 (2.7%),32 (10.0%),812 (4.5%),905 (3.4%),"1,032 (2.2%)","2,556 (5.2%)","12,930 (4.8%)",52 (3.7%),,121 (2.6%),231 (10.9%),48 (3.2%),<10,88 (3.1%),40 (1.9%),56 (1.8%),300 (5.2%),936 (4.0%),243 (4.3%),,118 (2.1%),249 (11.9%),30 (2.0%),<10,102 (3.5%),45 (2.0%),42 (1.3%),260 (4.4%),"1,089 (3.7%)",501 (8.1%),,120 (2.0%),249 (10.9%),42 (2.5%),<10,93 (3.2%),70 (3.2%),59 (1.8%),279 (4.7%),"1,413 (4.6%)",472 (6.9%),,97 (1.6%),21 (11.9%),34 (2.0%),<10,,84 (3.7%),51 (1.6%),263 (4.7%),"1,022 (4.0%)",104 (7.2%),,,,21 (4.3%),,,<10,<10,,125 (6.5%)
  Initial ventilator mode: Missing,649 (3.0%),290 (0.8%),"1,016 (2.6%)",344 (1.6%),150 (1.1%),,271 (1.5%),"2,700 (10.1%)",418 (0.9%),615 (1.3%),"6,453 (2.4%)",48 (3.5%),,94 (2.0%),31 (1.5%),17 (1.1%),,38 (1.3%),286 (13.7%),30 (1.0%),68 (1.2%),612 (2.6%),196 (3.5%),,101 (1.8%),18 (0.9%),21 (1.4%),,35 (1.2%),304 (13.7%),34 (1.0%),74 (1.3%),783 (2.7%),195 (3.1%),,133 (2.3%),17 (0.7%),13 (0.8%),,19 (0.7%),274 (12.7%),24 (0.7%),53 (0.9%),728 (2.4%),172 (2.5%),,129 (2.2%),<10,13 (0.8%),,,251 (11.0%),25 (0.8%),66 (1.2%),656 (2.6%),38 (2.6%),,,,<10,,,24 (8.9%),<10,,62 (3.6%)
  Initial ventilator mode: standby,,,,51 (0.2%),,,,,,,51 (0.2%),,,,<10,,,,,,,,,,,<10,,,,,,,,,,,17 (0.7%),,,,,,,17 (0.7%),,,,27 (15.3%),,,,,,,27 (15.3%),,,,,,,,,,,
  Initial ventilator mode: pressure control,597 (2.8%),194 (0.5%),"1,256 (3.3%)","5,451 (26.1%)","1,583 (11.4%)",37 (11.6%),358 (2.0%),694 (2.6%),507 (1.1%),308 (0.6%),"10,985 (4.0%)",41 (2.9%),,155 (3.3%),607 (28.6%),173 (11.6%),<10,40 (1.4%),44 (2.1%),47 (1.5%),29 (0.5%),"1,136 (4.8%)",165 (2.9%),,185 (3.4%),547 (26.0%),176 (11.7%),<10,52 (1.8%),56 (2.5%),50 (1.5%),26 (0.4%),"1,257 (4.2%)",156 (2.5%),,305 (5.2%),592 (25.9%),186 (11.2%),<10,43 (1.5%),87 (4.0%),62 (1.8%),37 (0.6%),"1,468 (4.8%)",190 (2.8%),,232 (3.9%),50 (28.2%),272 (15.9%),<10,,131 (5.8%),62 (1.9%),44 (0.8%),981 (3.8%),45 (3.1%),,,,77 (15.7%),,,23 (8.6%),<10,,145 (6.6%)
  Initial ventilator mode: other,362 (1.7%),223 (0.6%),122 (0.3%),"1,104 (5.3%)",86 (0.6%),,84 (0.5%),153 (0.6%),268 (0.6%),154 (0.3%),"2,556 (0.9%)",30 (2.2%),,<10,32 (1.5%),11 (0.7%),,10 (0.4%),<10,41 (1.3%),13 (0.2%),137 (0.8%),144 (2.6%),,19 (0.3%),33 (1.6%),<10,,12 (0.4%),<10,35 (1.1%),12 (0.2%),255 (1.0%),95 (1.5%),,10 (0.2%),32 (1.4%),19 (1.1%),,<10,<10,55 (1.6%),21 (0.4%),232 (1.0%),80 (1.2%),,18 (0.3%),<10,11 (0.6%),,,11 (0.5%),24 (0.7%),21 (0.4%),165 (0.7%),13 (0.9%),,,,<10,,,,<10,,
  Initial ventilator mode: aprv,,,,,,,,,46 (0.1%),,46 (0.1%),,,,,,,,,<10,,,,,,,,,,,<10,,,,,,,,,,,<10,,,,,,,,,,,<10,,,,,,,,,,,,,
  Initial ventilator mode: blow by,25 (0.1%),21 (0.1%),15 (0.0%),,<10,,<10,34 (0.1%),774 (1.7%),,869 (0.3%),<10,,<10,,<10,,<10,<10,15 (0.5%),,,<10,,<10,,,,<10,<10,11 (0.3%),,,<10,,<10,,,,,<10,15 (0.4%),,,<10,,<10,,,,,<10,<10,,,<10,,,,,,,,,,
  Initial ventilator mode: ,,,<10,,,,,,,,,,,,,,,,,,,,,,,,,,,,,,,,,,,,,,,,,,,,<10,,,,,,,,,,,,,,,,,,,
  Initial ventilator mode: volume support,,<10,,13 (0.1%),,,<10,,,<10,,,,,,,,<10,,,,,,,,,,,,,,,,,,,<10,,,<10,,,,,,,,,,,,,,,,,,,,,,,,,,
"  FiO2 (%), median [Q1, Q3]","0.3 [0.2, 0.4]","0.4 [0.4, 0.5]","0.3 [0.2, 0.4]","0.3 [0.2, 0.5]","0.3 [0.2, 0.4]","0.3 [0.2, 0.4]","0.4 [0.4, 0.4]","0.3 [0.2, 0.4]","0.3 [0.2, 0.4]","0.3 [0.2, 0.4]","0.3 [0.2, 0.5]","0.3 [0.3, 0.4]",,"0.3 [0.2, 0.4]","0.3 [0.2, 0.5]","0.3 [0.2, 0.4]","0.3 [0.2, 0.3]","0.4 [0.4, 0.4]","0.3 [0.2, 0.4]","0.3 [0.2, 0.3]","0.3 [0.2, 0.4]","0.3 [0.2, 0.5]","0.3 [0.2, 0.4]",,"0.3 [0.2, 0.4]","0.3 [0.2, 0.5]","0.3 [0.2, 0.3]","0.3 [0.3, 0.4]","0.4 [0.4, 0.4]","0.3 [0.2, 0.4]","0.3 [0.2, 0.3]","0.3 [0.2, 0.4]","0.3 [0.2, 0.5]","0.3 [0.2, 0.4]",,"0.3 [0.2, 0.4]","0.3 [0.2, 0.5]","0.3 [0.2, 0.3]","0.3 [0.2, 0.3]","0.4 [0.4, 0.4]","0.3 [0.2, 0.4]","0.3 [0.2, 0.3]","0.3 [0.2, 0.4]","0.3 [0.2, 0.5]","0.3 [0.2, 0.4]",,"0.3 [0.2, 0.4]","0.4 [0.3, 0.6]","0.3 [0.2, 0.3]","0.3 [0.2, 0.4]",,"0.3 [0.2, 0.4]","0.3 [0.2, 0.3]","0.3 [0.2, 0.4]","0.3 [0.2, 0.6]","0.3 [0.2, 0.4]",,,,"0.3 [0.2, 0.3]",,,"0.3 [0.2, 0.4]","0.3 [0.2, 0.3]",,"0.3 [0.2, 0.4]"
"  PEEP (cmH2O), median [Q1, Q3]","6.0 [6.0, 6.0]","5.0 [5.0, 5.0]","5.0 [5.0, 5.0]","5.0 [5.0, 6.0]","8.0 [8.0, 8.0]","5.0 [5.0, 5.0]","5.0 [5.0, 5.0]","5.0 [5.0, 5.0]","5.0 [5.0, 5.0]","5.0 [5.0, 5.1]","5.3 [5, 8]","6.0 [6.0, 6.0]",,"5.0 [5.0, 5.0]","5.0 [5.0, 6.0]","8.0 [8.0, 8.0]","5.0 [5.0, 5.0]","5.0 [5.0, 5.0]","5.0 [5.0, 5.0]","5.0 [5.0, 5.0]","5.0 [5.0, 5.1]","5.4 [5, 8]","6.0 [6.0, 6.0]",,"5.0 [5.0, 5.0]","5.0 [5.0, 6.0]","8.0 [8.0, 8.0]","5.0 [5.0, 8.0]","5.0 [5.0, 5.0]","5.0 [5.0, 5.0]","5.0 [5.0, 5.0]","5.0 [5.0, 5.2]","5.5 [5, 8]","6.0 [6.0, 6.0]",,"5.0 [5.0, 5.0]","5.0 [5.0, 7.0]","8.0 [8.0, 8.0]","5.0 [5.0, 8.0]","5.0 [5.0, 5.0]","5.0 [5.0, 5.0]","5.0 [5.0, 5.0]","5.0 [5.0, 5.2]","5.5 [5, 8]","6.0 [6.0, 6.0]",,"5.0 [5.0, 5.0]","5.0 [5.0, 6.0]","8.0 [8.0, 8.0]","5.0 [5.0, 5.0]",,"5.0 [5.0, 5.0]","6.0 [5.0, 8.0]","5.0 [5.0, 5.1]","5.5 [5, 8]","6.0 [6.0, 6.0]",,,,"8.0 [8.0, 8.0]",,,"5.0 [5.0, 5.0]","8.0 [5.0, 8.0]",,"6.0 [5, 8]"
"  Respiratory rate (breaths/min), median [Q1, Q3]","16.0 [16.0, 18.0]","16.0 [16.0, 17.0]","16.0 [16.0, 16.0]","16.0 [14.0, 18.0]","16.0 [16.0, 16.0]","7.0 [0.0, 18.0]","15.0 [14.0, 16.0]","16.0 [14.0, 16.0]","16.0 [15.0, 16.0]","19.0 [17.0, 20.0]","16.1 [0, 20]","18.0 [16.0, 18.0]",,"16.0 [15.0, 16.0]","16.0 [14.0, 17.0]","16.0 [16.0, 16.0]","6.0 [0.0, 20.0]","15.0 [14.0, 16.0]","16.0 [15.0, 16.0]","16.0 [16.0, 16.0]","19.0 [18.0, 20.0]","15.5 [0, 20]","16.0 [16.0, 18.0]",,"16.0 [16.0, 16.0]","16.0 [14.0, 17.0]","16.0 [16.0, 16.0]","14.0 [0.0, 18.0]","15.0 [14.0, 16.0]","16.0 [15.0, 16.0]","16.0 [16.0, 16.0]","19.0 [18.0, 20.0]","16.1 [0, 20]","16.0 [16.0, 18.0]",,"16.0 [16.0, 16.0]","16.0 [14.0, 18.0]","16.0 [16.0, 16.0]","12.0 [0.0, 16.0]","15.0 [14.0, 16.0]","16.0 [15.0, 16.0]","16.0 [16.0, 16.5]","18.5 [18.0, 20.0]","15.9 [0, 20]","16.0 [16.0, 18.0]",,"16.0 [16.0, 16.0]","16.0 [15.0, 17.0]","16.0 [16.0, 16.0]","8.0 [0.0, 18.0]",,"16.0 [14.0, 16.0]","16.0 [16.0, 16.0]","18.0 [18.0, 20.0]","15.3 [0, 20]","16.0 [16.0, 18.0]",,,,"16.0 [16.0, 16.0]",,,"15.0 [14.0, 16.0]","16.0 [16.0, 16.0]",,"16.0 [14, 18]"
"  Tidal volume (mL), median [Q1, Q3]","420.0 [410.0, 420.0]","450.0 [450.0, 450.0]","450.0 [450.0, 470.0]","450.0 [450.0, 475.0]","400.0 [400.0, 400.0]","400.0 [400.0, 410.0]","450.0 [420.0, 450.0]","450.0 [440.0, 450.0]","500.0 [480.0, 500.0]","450.0 [450.0, 450.0]","450.4 [400, 500]","407.5 [400.0, 420.0]",,"450.0 [450.0, 450.0]","450.0 [450.0, 460.0]","400.0 [400.0, 400.0]","360.0 [360.0, 360.0]","440.0 [420.0, 450.0]","400.0 [400.0, 420.0]","450.0 [450.0, 450.0]","450.0 [450.0, 450.0]","426.3 [360, 460]","420.0 [410.0, 420.0]",,"450.0 [450.0, 450.0]","450.0 [450.0, 460.0]","400.0 [400.0, 400.0]","400.0 [400.0, 400.0]","440.0 [430.0, 450.0]","410.0 [400.0, 420.0]","450.0 [450.0, 450.0]","450.0 [440.0, 450.0]","430.6 [400, 460]","410.0 [400.0, 420.0]",,"450.0 [450.0, 450.0]","450.0 [450.0, 450.0]","400.0 [400.0, 400.0]","400.0 [400.0, 400.0]","450.0 [440.0, 450.0]","400.0 [400.0, 410.0]","450.0 [450.0, 450.0]","450.0 [440.0, 450.0]","427.3 [400, 450]","420.0 [410.0, 420.0]",,"450.0 [450.0, 450.0]","450.0 [445.0, 450.0]","410.0 [400.0, 420.0]","405.0 [390.0, 405.0]",,"400.0 [400.0, 420.0]","450.0 [450.0, 450.0]","450.0 [440.0, 450.0]","428.0 [390, 450]","420.0 [420.0, 430.0]",,,,"400.0 [400.0, 400.0]",,,"400.0 [400.0, 400.0]","450.0 [450.0, 450.0]",,"420.0 [400, 450]"
"Time to extubation (hrs), median [Q1, Q3]","30.5 [10.4, 80.8]","42.0 [15.9, 113.7]","34.0 [13.2, 88.6]","18.3 [7.1, 50.2]","22.8 [11.7, 63.5]","23.1 [6.6, 94.5]","40.7 [18.7, 89.0]","22.6 [11.0, 61.6]","35.7 [12.8, 92.7]","24.7 [9.5, 74.9]","30.0 [6.6, 113.7]","45.1 [11.7, 120.1]",,"36.6 [13.7, 93.8]","19.5 [7.6, 51.9]","22.1 [12.5, 58.0]","82.2 [82.2, 82.2]","42.2 [19.0, 87.7]","22.1 [9.1, 65.0]","34.1 [13.0, 81.6]","28.2 [9.7, 85.4]","33.7 [7.6, 120.1]","34.9 [14.0, 89.3]",,"34.4 [13.5, 80.7]","21.0 [7.3, 57.7]","24.3 [13.2, 65.1]","44.6 [10.5, 79.6]","60.8 [28.4, 126.6]","21.9 [9.6, 64.7]","36.1 [13.5, 85.0]","24.8 [8.6, 76.2]","31.4 [7.3, 126.6]","33.8 [13.1, 82.6]",,"32.0 [12.3, 81.8]","21.0 [8.2, 59.9]","21.7 [11.0, 57.8]","9.2 [4.0, 67.5]","59.2 [30.1, 121.7]","25.5 [11.9, 67.3]","35.5 [12.4, 87.2]","21.5 [7.9, 68.0]","27.7 [4, 121.7]","23.9 [7.9, 71.4]",,"33.8 [13.2, 85.8]","17.2 [4.9, 25.3]","22.3 [11.4, 54.9]","32.1 [17.8, 48.6]",,"25.2 [10.4, 69.1]","27.0 [8.5, 83.5]","22.7 [7.7, 66.4]","22.8 [4.9, 85.8]","19.5 [5.8, 57.5]",,,,"22.7 [8.0, 59.5]",,,"25.6 [11.9, 91.6]","20.7 [7.4, 46.2]",,"19.5 [5.8, 91.6]"
  Extubation outcome: extubated,"13,472 (62.7%)","22,331 (62.5%)","21,672 (56.3%)","17,054 (81.6%)","8,983 (64.5%)",220 (68.8%),"9,545 (52.4%)","19,182 (71.7%)","27,657 (60.1%)","30,369 (61.9%)","170,485 (62.9%)",815 (58.6%),,"2,637 (55.6%)","1,685 (79.3%)",952 (63.6%),23 (71.9%),"1,589 (56.1%)","1,463 (70.2%)","1,947 (62.1%)","3,616 (62.1%)","14,727 (62.2%)","3,645 (64.5%)",,"3,061 (55.7%)","1,736 (82.7%)",966 (64.5%),31 (68.9%),"1,411 (48.4%)","1,550 (69.9%)","1,969 (60.4%)","3,704 (62.9%)","18,073 (62.2%)","3,916 (63.2%)",,"3,355 (56.9%)","1,912 (83.5%)","1,112 (66.9%)",36 (73.5%),"1,328 (45.8%)","1,521 (70.3%)","1,965 (58.5%)","3,635 (61.1%)","18,780 (61.6%)","4,200 (61.8%)",,"3,365 (56.2%)",95 (53.7%),"1,132 (66.0%)",20 (69.0%),,"1,595 (70.2%)","1,907 (58.8%)","3,269 (58.1%)","15,583 (60.3%)",896 (61.9%),,,,309 (63.1%),,,180 (66.9%),249 (57.1%),,"1,634 (61.8%)"
  Extubation outcome: death_on_imv,"3,891 (18.1%)","5,349 (15.0%)","6,009 (15.6%)","2,051 (9.8%)","2,415 (17.3%)",20 (6.2%),"3,564 (19.6%)","2,729 (10.2%)","6,842 (14.9%)","7,470 (15.2%)","40,340 (14.9%)",322 (23.2%),,858 (18.1%),256 (12.1%),308 (20.6%),<10,552 (19.5%),224 (10.7%),526 (16.8%),957 (16.4%),"4,003 (16.9%)","1,085 (19.2%)",,838 (15.2%),213 (10.1%),236 (15.8%),<10,566 (19.4%),199 (9.0%),504 (15.5%),877 (14.9%),"4,518 (15.6%)","1,098 (17.7%)",,820 (13.9%),228 (10.0%),247 (14.9%),,598 (20.6%),187 (8.6%),504 (15.0%),895 (15.0%),"4,577 (15.0%)","1,110 (16.3%)",,815 (13.6%),18 (10.2%),220 (12.8%),,,222 (9.8%),490 (15.1%),809 (14.4%),"3,684 (14.3%)",276 (19.1%),,,,69 (14.1%),,,25 (9.3%),80 (18.3%),,450 (17.0%)
  Extubation outcome: discharged_on_imv,"3,632 (16.9%)","7,503 (21.0%)","10,031 (26.1%)","1,661 (7.9%)","2,357 (16.9%)",72 (22.5%),"4,719 (25.9%)","4,396 (16.4%)","10,751 (23.4%)","10,356 (21.1%)","55,478 (20.5%)",232 (16.7%),,"1,172 (24.7%)",166 (7.8%),214 (14.3%),<10,602 (21.3%),377 (18.1%),627 (20.0%),"1,151 (19.8%)","4,541 (19.2%)",802 (14.2%),,"1,470 (26.7%)",136 (6.5%),268 (17.9%),<10,895 (30.7%),443 (20.0%),752 (23.1%),"1,225 (20.8%)","5,991 (20.6%)","1,064 (17.2%)",,"1,578 (26.8%)",136 (5.9%),281 (16.9%),12 (24.5%),922 (31.8%),431 (19.9%),844 (25.1%),"1,319 (22.2%)","6,587 (21.6%)","1,287 (18.9%)",,"1,686 (28.2%)",64 (36.2%),341 (19.9%),<10,,420 (18.5%),796 (24.5%),"1,440 (25.6%)","6,034 (23.4%)",247 (17.1%),,,,103 (21.0%),,,59 (21.9%),101 (23.2%),,510 (19.3%)
  Extubation outcome: failed_attempt,481 (2.2%),541 (1.5%),748 (1.9%),138 (0.7%),180 (1.3%),<10,383 (2.1%),433 (1.6%),744 (1.6%),904 (1.8%),"4,552 (1.7%)",21 (1.5%),,77 (1.6%),17 (0.8%),23 (1.5%),<10,89 (3.1%),20 (1.0%),34 (1.1%),97 (1.7%),378 (1.6%),115 (2.0%),,130 (2.4%),15 (0.7%),28 (1.9%),<10,44 (1.5%),25 (1.1%),37 (1.1%),85 (1.4%),479 (1.6%),118 (1.9%),,139 (2.4%),14 (0.6%),21 (1.3%),<10,54 (1.9%),25 (1.2%),46 (1.4%),99 (1.7%),516 (1.7%),198 (2.9%),,119 (2.0%),,23 (1.3%),,,36 (1.6%),50 (1.5%),111 (2.0%),537 (2.1%),29 (2.0%),,,,<10,,,<10,<10,,
  Extubation outcome: unknown,,,,,<10,,,,,,,,,,,,,,,,,,,,,,,,,,,,,,,,,,,,,,,,,,,,,,,,,,,,,,,<10,,,,,,
"Pre-admit IMV (excluded from time-to-extubation), n (%)","5,920 (7.6%)","23,562 (27.7%)","5,573 (4.5%)","10,273 (18.1%)","3,948 (6.7%)",200 (0.4%),"5,489 (13.3%)","7,266 (9.4%)","8,920 (5.7%)","11,519 (6.9%)","82,670 (9.2%)",540 (11.0%),,670 (4.3%),"1,053 (19.5%)",364 (5.9%),25 (0.5%),891 (15.5%),574 (10.0%),600 (6.4%),"1,394 (6.9%)","6,111 (7.8%)","1,590 (7.6%)",,740 (4.1%),918 (17.7%),357 (5.4%),30 (0.6%),"1,026 (17.4%)",614 (10.5%),632 (6.4%),"1,369 (7.5%)","7,276 (7.6%)","1,749 (7.8%)",,902 (5.0%),"1,010 (17.8%)",404 (5.8%),33 (0.6%),935 (15.1%),559 (9.6%),637 (6.2%),"1,284 (6.9%)","7,513 (7.5%)","1,669 (6.9%)",,906 (5.0%),100 (3.5%),419 (5.8%),15 (0.3%),,596 (9.5%),553 (5.3%),"1,114 (6.3%)","5,372 (5.8%)",372 (6.9%),,,,109 (5.4%),,,69 (8.4%),76 (5.3%),,626 (6.5%)
"Intubated ≤24hr of admission, n (%)","3,234 (4.1%)","2,505 (2.9%)","8,442 (6.7%)","4,313 (7.6%)","2,674 (4.5%)",<10,"4,619 (11.2%)","5,384 (7.0%)","10,055 (6.4%)","8,970 (5.3%)","50,196 (5.9%)",164 (3.3%),,"1,069 (6.8%)",430 (8.0%),299 (4.8%),0 (0.0%),744 (12.9%),396 (6.9%),783 (8.4%),"1,060 (5.3%)","4,945 (6.3%)",822 (3.9%),,"1,210 (6.8%)",557 (10.8%),315 (4.8%),<10,777 (13.1%),403 (6.9%),738 (7.5%),"1,056 (5.8%)","5,878 (6.5%)",902 (4.0%),,"1,178 (6.5%)",569 (10.1%),347 (5.0%),0 (0.0%),795 (12.9%),391 (6.7%),763 (7.4%),"1,113 (6.0%)","6,058 (6.1%)","1,108 (4.6%)",,"1,171 (6.4%)",31 (1.1%),391 (5.4%),0 (0.0%),,417 (6.6%),709 (6.8%),"1,015 (5.7%)","4,842 (5.3%)",238 (4.4%),,,,112 (5.5%),,,52 (6.3%),106 (7.4%),,508 (5.2%)
"Reintubation (≥2 IMV episodes), n (%)","3,870 (5.0%)","3,216 (3.8%)","4,550 (3.6%)","2,129 (3.8%)","1,943 (3.3%)",42 (0.1%),"2,442 (5.9%)","4,448 (5.8%)","4,836 (3.1%)","6,924 (4.1%)","34,400 (3.9%)",247 (5.0%),,501 (3.2%),227 (4.2%),253 (4.1%),<10,427 (7.4%),328 (5.7%),315 (3.4%),801 (4.0%),"3,099 (4.2%)",897 (4.3%),,598 (3.3%),227 (4.4%),184 (2.8%),<10,388 (6.6%),392 (6.7%),321 (3.2%),789 (4.3%),"3,796 (4.2%)","1,003 (4.4%)",,775 (4.3%),295 (5.2%),225 (3.2%),12 (0.2%),346 (5.6%),360 (6.2%),334 (3.2%),783 (4.2%),"4,133 (4.1%)","1,429 (5.9%)",,744 (4.1%),<10,239 (3.3%),<10,,381 (6.0%),311 (3.0%),738 (4.2%),"3,842 (4.6%)",294 (5.4%),,,,64 (3.1%),,,48 (5.9%),20 (1.4%),,426 (4.4%)
"  Time to reintubation (hrs), median [Q1, Q3]","4.7 [2.2, 33.5]","37.0 [11.6, 107.0]","16.5 [3.8, 89.6]","47.4 [13.2, 124.0]","35.2 [10.2, 120.7]","24.4 [6.6, 84.1]","25.2 [5.5, 89.6]","14.4 [3.0, 80.4]","24.9 [6.2, 98.0]","15.2 [3.6, 82.8]","22.5 [2.2, 124]","5.7 [2.9, 28.7]",,"19.1 [5.0, 93.3]","52.0 [17.5, 133.3]","45.6 [11.1, 133.8]","47.2 [27.4, 67.0]","23.8 [4.8, 84.9]","9.0 [2.5, 89.2]","35.3 [5.7, 112.5]","18.3 [3.6, 97.2]","33.2 [2.5, 133.8]","8.1 [3.3, 61.0]",,"21.1 [4.4, 99.7]","51.8 [13.2, 145.6]","29.9 [8.7, 81.7]","70.2 [35.2, 126.6]","21.4 [5.5, 104.2]","13.5 [3.0, 79.2]","26.0 [7.4, 108.5]","21.1 [4.0, 91.7]","29.2 [3, 145.6]","4.9 [2.4, 38.8]",,"11.7 [3.4, 82.4]","41.0 [9.8, 118.7]","39.5 [10.4, 138.7]","9.7 [3.0, 39.4]","25.0 [4.1, 84.8]","16.2 [3.9, 98.8]","31.0 [7.4, 102.4]","20.6 [4.1, 100.2]","21.9 [2.4, 138.7]","3.8 [1.8, 14.4]",,"20.5 [4.0, 99.3]","20.0 [17.0, 46.6]","26.8 [9.5, 107.0]","6.8 [3.7, 673.6]",,"25.3 [3.9, 92.4]","39.8 [9.0, 123.4]","16.6 [3.9, 84.0]","12.7 [1.8, 673.6]","3.9 [1.9, 11.4]",,,,"26.1 [6.6, 78.8]",,,"9.7 [2.6, 79.1]","20.4 [7.1, 48.9]",,"3.9 [1.9, 79.1]"
"  Extubation failure ≤48hr, n (% of extubated)","3,025 (22.5%)","1,790 (8.0%)","2,897 (13.4%)","1,073 (6.3%)","1,077 (12.0%)",26 (11.8%),"1,521 (15.9%)","2,906 (15.1%)","2,934 (10.6%)","4,550 (15.0%)","21,799 (12.8%)",201 (24.7%),,313 (11.9%),112 (6.6%),132 (13.9%),<10,270 (17.0%),226 (15.4%),173 (8.9%),500 (13.8%),"1,927 (13.1%)",643 (17.6%),,372 (12.2%),109 (6.3%),107 (11.1%),<10,243 (17.2%),255 (16.5%),190 (9.6%),506 (13.7%),"2,425 (13.5%)",779 (19.9%),,515 (15.4%),156 (8.2%),121 (10.9%),11 (30.6%),220 (16.6%),234 (15.4%),192 (9.8%),479 (13.2%),"2,707 (14.4%)","1,158 (27.6%)",,450 (13.4%),<10,143 (12.6%),<10,,235 (14.7%),171 (9.0%),479 (14.7%),"2,636 (17.1%)",244 (27.2%),,,,38 (12.3%),,,33 (18.3%),14 (5.6%),,329 (20.1%)
"28-day NIDFD (NIPPV/HFNC encounters), n (%)","20,106 (25.7%)","7,759 (9.1%)","29,000 (23.2%)","7,209 (12.7%)","8,689 (14.8%)",149 (0.3%),"8,780 (21.3%)","11,241 (14.5%)","39,857 (25.4%)","43,467 (25.9%)","176,257 (19.7%)","1,247 (25.3%)",,"3,367 (21.5%)",841 (15.6%),"1,005 (16.2%)",15 (0.3%),"1,233 (21.4%)",897 (15.6%),"2,655 (28.5%)","5,375 (26.7%)","16,635 (21.3%)","5,144 (24.5%)",,"3,949 (22.0%)",826 (16.0%),"1,004 (15.3%)",27 (0.5%),"1,032 (17.5%)","1,023 (17.4%)","2,893 (29.2%)","5,364 (29.5%)","21,262 (22.2%)","5,700 (25.3%)",,"4,577 (25.3%)",432 (7.6%),"1,104 (15.8%)",33 (0.6%),"1,168 (18.9%)","1,060 (18.3%)","3,108 (30.2%)","5,643 (30.5%)","22,825 (22.9%)","6,567 (27.1%)",,"4,961 (27.1%)",18 (0.6%),"1,233 (17.1%)",16 (0.3%),,"1,090 (17.3%)","3,200 (30.7%)","5,071 (28.7%)","22,156 (24.0%)","1,448 (26.7%)",,,,358 (17.6%),,,150 (18.3%),444 (31.2%),,"2,400 (24.8%)"
"  NIDFD, median [Q1, Q3]","23 [9, 26]","25 [0, 27]","23 [4, 26]","23 [4, 26]","23 [1, 26]","25 [10, 26]","23 [4, 26]","23 [1, 26]","24 [9, 26]","24 [12, 26]","23.7 [0, 27]","24 [5, 26]",,"23 [0, 26]","23 [0, 26]","22 [0, 26]","25 [8, 26]","22 [0, 26]","22 [1, 26]","23 [3, 26]","23 [12, 26]","23.0 [0, 26]","24 [7, 26]",,"23 [0, 26]","22 [0, 26]","24 [6, 26]","22 [11, 25]","22 [2, 26]","21 [0, 26]","23 [7, 26]","23 [12, 26]","22.8 [0, 26]","23 [9, 26]",,"23 [4, 26]","23 [9, 26]","23 [0, 26]","25 [9, 26]","23 [9, 26]","21 [0, 26]","23 [8, 26]","24 [11, 26]","23.1 [0, 26]","23 [9, 26]",,"24 [9, 26]","26 [21, 27]","24 [7, 26]","26 [21, 26]",,"21 [0, 26]","23 [8, 26]","23 [11, 26]","24.1 [0, 27]","23 [10, 26]",,,,"24 [15, 26]",,,"23 [0, 26]","23 [3, 26]",,"23.0 [0, 26]"
"Vasopressor encounters, n (%)","28,867 (37.0%)","27,022 (31.7%)","57,875 (46.2%)","27,746 (49.0%)","15,093 (25.7%)","15,900 (35.7%)","18,491 (44.9%)","27,230 (35.2%)","54,583 (34.8%)","57,451 (34.2%)","330,258 (37.0%)","1,727 (35.1%)",,"7,327 (46.8%)","2,978 (55.3%)","1,761 (28.4%)","1,996 (40.9%)","2,992 (52.0%)","2,395 (41.6%)","4,479 (48.0%)","6,888 (34.2%)","32,543 (41.7%)","7,066 (33.7%)",,"8,914 (49.8%)","2,991 (57.8%)","1,759 (26.8%)","2,087 (39.1%)","3,207 (54.2%)","2,518 (42.9%)","4,935 (49.8%)","7,319 (40.2%)","40,796 (42.6%)","7,587 (33.6%)",,"9,415 (52.0%)","3,361 (59.4%)","1,994 (28.6%)","2,329 (40.4%)","3,436 (55.6%)","2,543 (43.8%)","5,063 (49.2%)","7,783 (42.0%)","43,511 (43.6%)","10,196 (42.1%)",,"10,012 (54.7%)","1,687 (59.2%)","2,433 (33.8%)","1,692 (35.7%)",,"2,791 (44.3%)","5,293 (50.8%)","7,232 (40.9%)","41,336 (45.1%)","2,291 (42.3%)",,,,481 (23.7%),,,340 (41.5%),747 (52.5%),,"3,859 (39.8%)"
"  Norepinephrine, n (%)","26,535 (34.0%)","15,121 (17.8%)","40,952 (32.7%)","20,956 (37.0%)","13,337 (22.7%)","15,606 (35.1%)","12,376 (30.1%)","22,584 (29.2%)","35,572 (22.7%)","42,550 (25.3%)","245,589 (27.5%)","1,616 (32.8%)",,"5,139 (32.8%)","2,359 (43.8%)","1,570 (25.3%)","1,969 (40.3%)","1,998 (34.8%)","2,212 (38.4%)","3,135 (33.6%)","5,690 (28.3%)","25,688 (32.9%)","6,592 (31.4%)",,"6,305 (35.2%)","2,386 (46.1%)","1,591 (24.3%)","2,066 (38.7%)","2,121 (35.9%)","2,355 (40.1%)","3,514 (35.5%)","6,201 (34.1%)","33,131 (34.6%)","7,025 (31.2%)",,"6,942 (38.3%)","2,821 (49.8%)","1,874 (26.8%)","2,296 (39.9%)","2,307 (37.3%)","2,375 (40.9%)","3,720 (36.1%)","6,774 (36.6%)","36,134 (36.2%)","9,219 (38.0%)",,"7,451 (40.7%)","1,451 (50.9%)","2,327 (32.3%)","1,672 (35.3%)",,"2,619 (41.5%)","4,236 (40.7%)","6,467 (36.6%)","35,442 (38.6%)","2,083 (38.5%)",,,,460 (22.6%),,,319 (38.9%),606 (42.6%),,"3,468 (35.8%)"
"    Norepinephrine dose (mcg/kg/min), median [Q1, Q3]","0.05 [0.03, 0.06]","0.07 [0.03, 0.10]","0.05 [0.02, 0.07]","0.02 [0.02, 0.04]","0.06 [0.04, 0.09]","0.06 [0.04, 0.09]","0.08 [0.04, 0.12]","0.05 [0.03, 0.08]","0.04 [0.03, 0.07]","0.05 [0.03, 0.07]","0.1 [0.0, 0.1]","0.05 [0.03, 0.07]",,"0.05 [0.03, 0.08]","0.03 [0.02, 0.04]","0.07 [0.04, 0.09]","0.05 [0.03, 0.08]","0.08 [0.04, 0.12]","0.05 [0.03, 0.07]","0.04 [0.03, 0.06]","0.04 [0.02, 0.06]","0.0 [0.0, 0.1]","0.05 [0.03, 0.07]",,"0.05 [0.02, 0.07]","0.02 [0.02, 0.04]","0.06 [0.03, 0.09]","0.06 [0.03, 0.09]","0.08 [0.04, 0.12]","0.05 [0.03, 0.07]","0.04 [0.03, 0.06]","0.04 [0.03, 0.07]","0.0 [0.0, 0.1]","0.05 [0.03, 0.06]",,"0.04 [0.02, 0.07]","0.03 [0.02, 0.04]","0.06 [0.03, 0.08]","0.06 [0.03, 0.09]","0.07 [0.04, 0.10]","0.05 [0.03, 0.07]","0.04 [0.02, 0.06]","0.04 [0.03, 0.06]","0.0 [0.0, 0.1]","0.05 [0.03, 0.06]",,"0.04 [0.02, 0.07]","0.02 [0.02, 0.04]","0.05 [0.03, 0.07]","0.06 [0.03, 0.08]",,"0.05 [0.03, 0.07]","0.04 [0.02, 0.06]","0.04 [0.03, 0.07]","0.0 [0.0, 0.1]","0.05 [0.03, 0.07]",,,,"0.05 [0.03, 0.08]",,,"0.05 [0.03, 0.07]","0.04 [0.02, 0.06]",,"0.0 [0.0, 0.1]"
"  Epinephrine, n (%)","9,389 (12.0%)","3,786 (4.4%)","10,147 (8.1%)","5,968 (10.5%)","3,040 (5.2%)","1,741 (3.9%)","4,343 (10.5%)","5,931 (7.7%)","16,509 (10.5%)","22,728 (13.5%)","83,582 (9.4%)",556 (11.3%),,"1,244 (7.9%)",662 (12.3%),366 (5.9%),180 (3.7%),712 (12.4%),591 (10.3%),"1,495 (16.0%)","3,231 (16.1%)","9,037 (11.6%)","2,359 (11.2%)",,"1,496 (8.4%)",709 (13.7%),269 (4.1%),207 (3.9%),630 (10.7%),577 (9.8%),"1,645 (16.6%)","3,297 (18.1%)","11,189 (11.7%)","2,546 (11.3%)",,"1,814 (10.0%)",769 (13.6%),318 (4.6%),245 (4.3%),630 (10.2%),596 (10.3%),"1,623 (15.8%)","2,840 (15.3%)","11,381 (11.4%)","3,239 (13.4%)",,"1,929 (10.5%)",374 (13.1%),277 (3.8%),174 (3.7%),,591 (9.4%),"1,739 (16.7%)",65 (0.4%),"8,388 (9.3%)",689 (12.7%),,,,47 (2.3%),,,77 (9.4%),247 (17.3%),,"1,060 (10.9%)"
"    Epinephrine dose (mcg/kg/min), median [Q1, Q3]","0.04 [0.03, 0.05]","0.02 [0.01, 0.04]","0.03 [0.02, 0.04]","0.02 [0.02, 0.03]","0.04 [0.02, 0.07]","0.09 [0.06, 0.11]","0.10 [0.05, 0.16]","0.04 [0.03, 0.05]","0.03 [0.02, 0.04]","0.03 [0.02, 0.03]","0.0 [0.0, 0.2]","0.04 [0.03, 0.06]",,"0.03 [0.02, 0.04]","0.02 [0.02, 0.04]","0.07 [0.03, 0.11]","0.08 [0.06, 0.12]","0.10 [0.05, 0.16]","0.04 [0.02, 0.05]","0.03 [0.02, 0.04]","0.02 [0.02, 0.03]","0.0 [0.0, 0.2]","0.04 [0.03, 0.06]",,"0.03 [0.02, 0.05]","0.03 [0.02, 0.04]","0.05 [0.02, 0.08]","0.09 [0.07, 0.14]","0.10 [0.06, 0.20]","0.04 [0.03, 0.05]","0.03 [0.02, 0.04]","0.03 [0.02, 0.03]","0.0 [0.0, 0.2]","0.04 [0.03, 0.05]",,"0.03 [0.02, 0.04]","0.03 [0.02, 0.04]","0.04 [0.02, 0.07]","0.08 [0.06, 0.10]","0.10 [0.05, 0.17]","0.04 [0.03, 0.05]","0.03 [0.02, 0.04]","0.03 [0.02, 0.04]","0.0 [0.0, 0.2]","0.04 [0.03, 0.05]",,"0.03 [0.02, 0.04]","0.02 [0.02, 0.04]","0.03 [0.02, 0.06]","0.07 [0.05, 0.08]",,"0.04 [0.03, 0.05]","0.03 [0.02, 0.04]","0.07 [0.04, 0.08]","0.0 [0.0, 0.1]","0.04 [0.03, 0.05]",,,,"0.02 [0.01, 0.03]",,,"0.04 [0.03, 0.05]","0.03 [0.02, 0.04]",,"0.0 [0.0, 0.1]"
"  Phenylephrine, n (%)","4,469 (5.7%)","17,295 (20.3%)","26,731 (21.3%)","10,348 (18.3%)","3,833 (6.5%)",523 (1.2%),"10,334 (25.1%)","5,688 (7.4%)","23,020 (14.7%)","26,336 (15.7%)","128,577 (14.4%)",195 (4.0%),,"3,452 (22.0%)","1,193 (22.1%)",440 (7.1%),53 (1.1%),"1,784 (31.0%)",235 (4.1%),"1,882 (20.2%)","2,783 (13.8%)","12,017 (15.4%)",722 (3.4%),,"4,234 (23.6%)","1,136 (22.0%)",389 (5.9%),73 (1.4%),"1,928 (32.6%)",165 (2.8%),"2,052 (20.7%)","2,727 (15.0%)","13,426 (14.0%)",684 (3.0%),,"4,262 (23.5%)","1,063 (18.8%)",358 (5.1%),65 (1.1%),"2,025 (32.8%)",167 (2.9%),"1,945 (18.9%)","2,720 (14.7%)","13,289 (13.3%)","2,320 (9.6%)",,"4,471 (24.4%)",464 (16.3%),379 (5.3%),55 (1.2%),,174 (2.8%),"1,714 (16.5%)","2,373 (13.4%)","11,950 (13.0%)",548 (10.1%),,,,90 (4.4%),,,24 (2.9%),232 (16.3%),,894 (9.2%)
"    Phenylephrine dose (mcg/kg/min), median [Q1, Q3]","0.50 [0.30, 0.58]","0.50 [0.25, 0.80]","0.41 [0.23, 0.58]","0.07 [0.04, 0.10]","0.42 [0.31, 0.56]","0.95 [0.69, 1.14]","0.50 [0.30, 0.70]","0.47 [0.31, 0.64]","0.30 [0.20, 0.47]","0.46 [0.26, 0.69]","0.4 [0.0, 1.1]","0.40 [0.25, 0.50]",,"0.40 [0.23, 0.58]","0.06 [0.03, 0.09]","0.50 [0.32, 0.75]","1.89 [1.61, 1.89]","0.50 [0.30, 0.70]","0.50 [0.31, 0.69]","0.30 [0.20, 0.45]","0.40 [0.24, 0.63]","0.5 [0.0, 1.9]","0.50 [0.30, 0.58]",,"0.39 [0.22, 0.57]","0.06 [0.03, 0.09]","0.41 [0.29, 0.57]","0.91 [0.77, 1.04]","0.50 [0.30, 0.70]","0.56 [0.38, 0.75]","0.30 [0.20, 0.50]","0.54 [0.32, 0.80]","0.4 [0.0, 1.0]","0.50 [0.30, 0.55]",,"0.42 [0.24, 0.60]","0.07 [0.04, 0.10]","0.42 [0.28, 0.64]","0.92 [0.61, 0.92]","0.50 [0.30, 0.65]","0.48 [0.32, 0.66]","0.30 [0.20, 0.47]","0.57 [0.32, 0.83]","0.4 [0.0, 0.9]","0.50 [0.30, 0.60]",,"0.40 [0.23, 0.57]","0.08 [0.05, 0.12]","0.44 [0.27, 0.68]","0.65 [0.43, 0.79]",,"0.57 [0.36, 0.76]","0.35 [0.20, 0.50]","0.58 [0.33, 0.88]","0.4 [0.1, 0.9]","0.50 [0.30, 0.55]",,,,"0.56 [0.27, 0.86]",,,"0.56 [0.39, 0.79]","0.30 [0.20, 0.50]",,"0.5 [0.2, 0.9]"
"  Vasopressin, n (%)","12,184 (15.6%)","5,478 (6.4%)","16,363 (13.1%)","7,302 (12.9%)","4,854 (8.3%)","4,091 (9.2%)","6,564 (15.9%)","6,106 (7.9%)","15,069 (9.6%)","17,605 (10.5%)","95,616 (10.7%)",780 (15.8%),,"2,211 (14.1%)",857 (15.9%),611 (9.8%),460 (9.4%),"1,057 (18.4%)",566 (9.8%),"1,284 (13.8%)","2,043 (10.2%)","9,869 (12.7%)","3,123 (14.9%)",,"2,475 (13.8%)",942 (18.2%),596 (9.1%),505 (9.5%),"1,066 (18.0%)",805 (13.7%),"1,522 (15.4%)","2,178 (12.0%)","13,212 (13.8%)","3,379 (15.0%)",,"2,647 (14.6%)","1,047 (18.5%)",677 (9.7%),538 (9.3%),"1,136 (18.4%)",869 (15.0%),"1,508 (14.6%)","2,328 (12.6%)","14,129 (14.1%)","4,026 (16.6%)",,"2,830 (15.5%)",490 (17.2%),774 (10.7%),406 (8.6%),,909 (14.4%),"1,651 (15.9%)","2,250 (12.7%)","13,336 (14.5%)",876 (16.2%),,,,157 (7.7%),,,107 (13.0%),229 (16.1%),,"1,369 (14.1%)"
"  Dopamine, n (%)",520 (0.7%),"2,101 (2.5%)","3,518 (2.8%)",919 (1.6%),313 (0.5%),444 (1.0%),"3,214 (7.8%)","1,804 (2.3%)","5,378 (3.4%)","1,317 (0.8%)","19,528 (2.2%)",25 (0.5%),,520 (3.3%),59 (1.1%),53 (0.9%),37 (0.8%),463 (8.1%),68 (1.2%),222 (2.4%),136 (0.7%),"1,583 (2.0%)",143 (0.7%),,490 (2.7%),41 (0.8%),29 (0.4%),29 (0.5%),346 (5.9%),49 (0.8%),177 (1.8%),114 (0.6%),"1,418 (1.5%)",147 (0.7%),,436 (2.4%),36 (0.6%),21 (0.3%),25 (0.4%),322 (5.2%),53 (0.9%),157 (1.5%),114 (0.6%),"1,311 (1.3%)",173 (0.7%),,385 (2.1%),18 (0.6%),24 (0.3%),<10,,71 (1.1%),137 (1.3%),99 (0.6%),907 (1.0%),32 (0.6%),,,,<10,,,<10,<10,,
"    Dopamine dose (mcg/kg/min), median [Q1, Q3]","5.00 [3.00, 5.00]","4.50 [2.00, 6.00]","3.00 [2.00, 4.99]","2.76 [2.00, 3.75]","5.00 [2.50, 5.00]","5.00 [4.00, 5.00]","4.00 [2.50, 5.00]","3.00 [3.00, 4.00]","4.00 [2.50, 5.00]","4.00 [2.50, 5.00]","3.9 [2, 6]","5.00 [3.75, 5.00]",,"2.00 [1.25, 3.50]","4.38 [2.50, 5.00]","4.75 [2.50, 5.00]","5.00 [5.00, 5.00]","3.00 [2.50, 5.00]","3.25 [3.00, 4.25]","3.00 [2.00, 4.25]","5.00 [2.50, 5.00]","4.3 [1.2, 5]","5.00 [2.50, 5.00]",,"3.00 [2.00, 4.00]","3.00 [2.50, 5.00]","3.75 [2.50, 5.00]","7.50 [5.00, 7.50]","3.50 [2.50, 5.00]","4.00 [3.00, 5.00]","3.00 [2.12, 4.12]","4.00 [2.50, 5.00]","4.2 [2, 7.5]","5.00 [3.00, 5.00]",,"3.00 [2.00, 5.00]","3.00 [2.00, 3.75]","2.50 [1.25, 4.06]","3.75 [2.12, 5.25]","3.00 [2.50, 3.88]","3.00 [3.00, 4.75]","3.88 [2.50, 5.00]","4.25 [2.50, 5.00]","3.8 [1.2, 5.2]","5.00 [3.00, 5.00]",,"3.00 [2.00, 4.00]","1.75 [1.00, 2.62]","5.00 [2.50, 5.50]","2.50 [2.00, 2.50]",,"3.00 [2.75, 3.00]","4.00 [2.25, 5.00]","5.00 [2.50, 5.00]","3.6 [1, 5.5]","3.00 [2.75, 3.50]",,,,"5.00 [5.00, 5.00]",,,"2.00 [1.25, 2.75]","5.50 [3.25, 7.25]",,"3.0 [1.2, 7.2]"
"Sedatives and analgesics, n (%)",,,,,,,,,,,,,,,,,,,,,,,,,,,,,,,,,,,,,,,,,,,,,,,,,,,,,,,,,,,,,,,,,,
  Propofol,"9,041 (11.6%)","27,170 (31.9%)","48,585 (38.8%)","28,210 (49.8%)","9,032 (15.4%)","10,440 (23.5%)","19,317 (46.9%)","22,112 (28.6%)","40,778 (26.0%)","40,853 (24.3%)","255,538 (28.7%)",556 (11.3%),,"6,093 (38.9%)","2,757 (51.2%)","1,060 (17.1%)","1,301 (26.7%)","3,023 (52.6%)","1,673 (29.1%)","3,054 (32.8%)","4,911 (24.4%)","24,428 (31.3%)","2,294 (10.9%)",,"6,942 (38.8%)","2,797 (54.1%)","1,018 (15.5%)","1,367 (25.6%)","3,149 (53.3%)","1,760 (30.0%)","3,381 (34.1%)","5,057 (27.8%)","27,765 (29.0%)","2,495 (11.1%)",,"7,483 (41.3%)","3,053 (53.9%)","1,134 (16.2%)","1,486 (25.8%)","3,266 (52.8%)","1,708 (29.4%)","3,530 (34.3%)","5,192 (28.0%)","29,347 (29.4%)","3,047 (12.6%)",,"7,733 (42.2%)","1,489 (52.2%)","1,154 (16.0%)","1,076 (22.7%)",,"1,771 (28.1%)","3,589 (34.5%)","4,955 (28.0%)","24,814 (27.1%)",649 (12.0%),,,,207 (10.2%),,,187 (22.8%),473 (33.2%),,"1,516 (15.6%)"
  Midazolam,"2,674 (3.4%)","7,491 (8.8%)","2,948 (2.4%)","1,561 (2.8%)",924 (1.6%),"4,115 (9.2%)","1,002 (2.4%)","3,722 (4.8%)","12,813 (8.2%)","7,316 (4.4%)","44,566 (5.0%)",202 (4.1%),,436 (2.8%),247 (4.6%),97 (1.6%),462 (9.5%),168 (2.9%),301 (5.2%),947 (10.2%),"1,047 (5.2%)","3,907 (5.0%)",712 (3.4%),,410 (2.3%),137 (2.6%),93 (1.4%),491 (9.2%),82 (1.4%),277 (4.7%),950 (9.6%),899 (4.9%),"4,051 (4.2%)",709 (3.1%),,386 (2.1%),128 (2.3%),76 (1.1%),516 (9.0%),109 (1.8%),318 (5.5%),889 (8.6%),904 (4.9%),"4,035 (4.0%)",886 (3.7%),,366 (2.0%),66 (2.3%),77 (1.1%),295 (6.2%),,347 (5.5%),784 (7.5%),823 (4.7%),"3,644 (4.0%)",165 (3.0%),,,,16 (0.8%),,,36 (4.4%),98 (6.9%),,315 (3.3%)
  Lorazepam,56 (0.1%),42 (0.0%),569 (0.5%),155 (0.3%),83 (0.1%),19 (0.0%),27 (0.1%),97 (0.1%),"4,654 (3.0%)",686 (0.4%),"6,388 (0.7%)",<10,,36 (0.2%),<10,<10,<10,<10,<10,250 (2.7%),13 (0.1%),,33 (0.2%),,23 (0.1%),<10,<10,<10,<10,0 (0.0%),213 (2.2%),16 (0.1%),285 (0.4%),<10,,11 (0.1%),38 (0.7%),0 (0.0%),<10,0 (0.0%),<10,236 (2.3%),10 (0.1%),295 (0.6%),<10,,<10,36 (1.3%),0 (0.0%),0 (0.0%),,<10,215 (2.1%),<10,251 (1.0%),<10,,,,0 (0.0%),,,0 (0.0%),22 (1.5%),,22 (0.5%)
  Dexmedetomidine,"18,068 (23.1%)","7,995 (9.4%)","27,085 (21.6%)","13,597 (24.0%)","8,307 (14.1%)","3,459 (7.8%)","8,860 (21.5%)","13,438 (17.4%)","29,434 (18.8%)","16,803 (10.0%)","147,046 (16.5%)","1,095 (22.2%)",,"3,713 (23.7%)","1,546 (28.7%)","1,051 (16.9%)",575 (11.8%),"1,232 (21.4%)","1,182 (20.5%)","2,297 (24.6%)","2,071 (10.3%)","14,762 (18.9%)","4,660 (22.2%)",,"4,415 (24.6%)","1,469 (28.4%)","1,105 (16.8%)",658 (12.3%),"1,210 (20.5%)","1,322 (22.5%)","2,444 (24.7%)","2,346 (12.9%)","19,629 (20.5%)","4,974 (22.1%)",,"4,690 (25.9%)","1,449 (25.6%)","1,069 (15.3%)",759 (13.2%),"1,325 (21.4%)","1,368 (23.6%)","2,612 (25.4%)","2,784 (15.0%)","21,030 (21.1%)","6,031 (24.9%)",,"4,776 (26.1%)",678 (23.8%),"1,073 (14.9%)",622 (13.1%),,"1,467 (23.3%)","2,535 (24.3%)","3,809 (21.6%)","20,991 (22.9%)","1,308 (24.2%)",,,,184 (9.1%),,,169 (20.6%),309 (21.7%),,"1,970 (20.3%)"
  Fentanyl,"12,040 (15.4%)","14,355 (16.9%)","20,564 (16.4%)","4,293 (7.6%)","8,975 (15.3%)","6,822 (15.3%)","11,562 (28.1%)","13,379 (17.3%)","23,155 (14.8%)","28,381 (16.9%)","143,526 (16.1%)",853 (17.3%),,"2,624 (16.7%)",241 (4.5%),"1,064 (17.1%)",736 (15.1%),"1,895 (33.0%)",868 (15.1%),"1,831 (19.6%)","3,472 (17.3%)","13,584 (17.4%)","3,273 (15.6%)",,"2,913 (16.3%)",207 (4.0%),978 (14.9%),870 (16.3%),"1,956 (33.1%)",845 (14.4%),"1,892 (19.1%)","3,421 (18.8%)","16,355 (17.1%)","3,354 (14.9%)",,"3,074 (17.0%)",163 (2.9%),"1,048 (15.0%)",964 (16.7%),"2,004 (32.4%)",890 (15.3%),"1,944 (18.9%)","3,530 (19.0%)","16,971 (17.0%)","3,773 (15.6%)",,"3,237 (17.7%)",64 (2.2%),"1,097 (15.2%)",560 (11.8%),,874 (13.9%),"1,855 (17.8%)","3,303 (18.7%)","14,763 (16.1%)",787 (14.5%),,,,192 (9.4%),,,96 (11.7%),218 (15.3%),,"1,293 (13.3%)"
"Neuromuscular blocking agents, n (%)",,,,,,,,,,,,,,,,,,,,,,,,,,,,,,,,,,,,,,,,,,,,,,,,,,,,,,,,,,,,,,,,,,
  Cisatracurium,556 (0.7%),"1,716 (2.0%)","1,348 (1.1%)",673 (1.2%),660 (1.1%),,590 (1.4%),"1,438 (1.9%)","1,877 (1.2%)","3,669 (2.2%)","12,527 (1.5%)",41 (0.8%),,159 (1.0%),82 (1.5%),61 (1.0%),,97 (1.7%),100 (1.7%),98 (1.1%),420 (2.1%),"1,058 (1.4%)",162 (0.8%),,119 (0.7%),55 (1.1%),37 (0.6%),,54 (0.9%),99 (1.7%),90 (0.9%),339 (1.9%),955 (1.1%),158 (0.7%),,124 (0.7%),46 (0.8%),41 (0.6%),,76 (1.2%),105 (1.8%),61 (0.6%),304 (1.6%),915 (1.0%),161 (0.7%),,100 (0.5%),13 (0.5%),40 (0.6%),,,113 (1.8%),59 (0.6%),284 (1.6%),770 (0.9%),34 (0.6%),,,,<10,,,<10,<10,,
  Rocuronium,,313 (0.4%),141 (0.1%),552 (1.0%),10 (0.0%),"1,155 (2.6%)",29 (0.1%),10 (0.0%),288 (0.2%),77 (0.0%),"2,575 (0.3%)",,,12 (0.1%),72 (1.3%),0 (0.0%),157 (3.2%),<10,<10,29 (0.3%),<10,270 (0.7%),,,18 (0.1%),56 (1.1%),<10,134 (2.5%),0 (0.0%),<10,29 (0.3%),<10,237 (0.5%),,,18 (0.1%),27 (0.5%),0 (0.0%),145 (2.5%),<10,<10,21 (0.2%),<10,211 (0.5%),,,14 (0.1%),0 (0.0%),<10,89 (1.9%),,<10,21 (0.2%),10 (0.1%),134 (0.3%),,,,,0 (0.0%),,,0 (0.0%),<10,,0 (0.0%)
"Medications during IMV (N=270,865)",,,,,,,,,,,,,,,,,,,,,,,,,,,,,,,,,,,,,,,,,,,,,,,,,,,,,,,,,,,,,,,,,,
"  Vasopressors, n (%)","17,210 (80.1%)","21,228 (59.4%)","31,198 (81.1%)","16,365 (78.3%)","9,158 (65.7%)",124 (38.8%),"12,513 (68.7%)","17,896 (66.9%)","32,677 (71.0%)","38,018 (77.4%)","196,387 (72.5%)","1,092 (78.6%)",,"3,927 (82.8%)","1,812 (85.3%)","1,080 (72.1%)",10 (31.2%),"2,065 (72.9%)","1,507 (72.3%)","2,611 (83.3%)","4,595 (78.9%)","18,699 (79.0%)","4,464 (79.1%)",,"4,594 (83.5%)","1,809 (86.1%)","1,042 (69.6%)",20 (44.4%),"2,159 (74.0%)","1,598 (72.1%)","2,725 (83.5%)","4,740 (80.5%)","23,151 (79.6%)","4,782 (77.2%)",,"5,044 (85.6%)","1,984 (86.6%)","1,164 (70.1%)",21 (42.9%),"2,303 (79.4%)","1,572 (72.6%)","2,822 (84.0%)","4,862 (81.7%)","24,554 (80.6%)","5,674 (83.5%)",,"5,182 (86.6%)",150 (84.7%),"1,287 (75.0%)",10 (34.5%),,"1,661 (73.1%)","2,833 (87.4%)","4,559 (81.0%)","21,356 (82.6%)","1,198 (82.7%)",,,,258 (52.7%),,,190 (70.6%),359 (82.3%),,"2,005 (75.8%)"
"    Norepinephrine, n (%)","16,606 (77.3%)","11,381 (31.9%)","28,218 (73.4%)","13,497 (64.6%)","8,631 (61.9%)",121 (37.8%),"9,797 (53.8%)","15,431 (57.7%)","23,932 (52.0%)","29,677 (60.4%)","157,291 (58.1%)","1,058 (76.1%)",,"3,541 (74.6%)","1,572 (74.0%)","1,022 (68.3%)",10 (31.2%),"1,615 (57.0%)","1,422 (68.2%)","2,027 (64.7%)","4,079 (70.1%)","16,346 (69.1%)","4,306 (76.3%)",,"4,173 (75.9%)","1,573 (74.9%)",991 (66.2%),20 (44.4%),"1,660 (56.9%)","1,500 (67.7%)","2,241 (68.7%)","4,332 (73.5%)","20,796 (71.5%)","4,585 (74.0%)",,"4,633 (78.6%)","1,780 (77.7%)","1,123 (67.6%)",21 (42.9%),"1,810 (62.4%)","1,481 (68.4%)","2,380 (70.9%)","4,523 (76.0%)","22,336 (73.3%)","5,504 (81.0%)",,"4,777 (79.8%)",131 (74.0%),"1,260 (73.4%)",10 (34.5%),,"1,581 (69.6%)","2,624 (80.9%)","4,303 (76.4%)","20,190 (78.1%)","1,153 (79.6%)",,,,251 (51.2%),,,181 (67.3%),332 (76.1%),,"1,917 (72.5%)"
"      Norepinephrine dose (mcg/kg/min), median [Q1, Q3]","0.05 [0.03, 0.07]","0.07 [0.03, 0.12]","0.05 [0.02, 0.07]","0.02 [0.02, 0.04]","0.06 [0.04, 0.10]","0.06 [0.04, 0.09]","0.08 [0.05, 0.13]","0.05 [0.03, 0.08]","0.05 [0.03, 0.07]","0.05 [0.03, 0.07]","0.1 [0.0, 0.1]","0.05 [0.03, 0.07]",,"0.05 [0.03, 0.08]","0.03 [0.02, 0.05]","0.07 [0.04, 0.11]","0.02 [0.02, 0.02]","0.08 [0.05, 0.13]","0.05 [0.03, 0.08]","0.04 [0.03, 0.07]","0.04 [0.02, 0.06]","0.0 [0.0, 0.1]","0.05 [0.03, 0.07]",,"0.05 [0.02, 0.07]","0.03 [0.02, 0.05]","0.07 [0.04, 0.10]","0.11 [0.04, 0.21]","0.08 [0.05, 0.12]","0.05 [0.03, 0.07]","0.04 [0.03, 0.07]","0.04 [0.03, 0.07]","0.1 [0.0, 0.2]","0.05 [0.03, 0.07]",,"0.04 [0.02, 0.07]","0.03 [0.02, 0.06]","0.06 [0.03, 0.08]","0.05 [0.03, 0.08]","0.08 [0.04, 0.12]","0.05 [0.03, 0.07]","0.04 [0.02, 0.06]","0.04 [0.03, 0.07]","0.0 [0.0, 0.1]","0.05 [0.03, 0.07]",,"0.04 [0.02, 0.07]","0.02 [0.02, 0.06]","0.05 [0.03, 0.08]","0.11 [0.09, 0.16]",,"0.05 [0.03, 0.08]","0.04 [0.02, 0.06]","0.04 [0.03, 0.07]","0.0 [0.0, 0.2]","0.05 [0.03, 0.08]",,,,"0.06 [0.03, 0.09]",,,"0.04 [0.03, 0.06]","0.04 [0.02, 0.06]",,"0.0 [0.0, 0.1]"
"    Epinephrine, n (%)","8,214 (38.2%)","3,661 (10.2%)","9,284 (24.1%)","4,664 (22.3%)","2,543 (18.2%)",13 (4.1%),"4,029 (22.1%)","5,257 (19.7%)","15,244 (33.1%)","19,991 (40.7%)","72,900 (26.9%)",491 (35.3%),,"1,133 (23.9%)",524 (24.7%),318 (21.2%),,656 (23.2%),513 (24.6%),"1,378 (44.0%)","2,831 (48.6%)","7,844 (33.2%)","2,117 (37.5%)",,"1,371 (24.9%)",536 (25.5%),224 (15.0%),<10,579 (19.9%),506 (22.8%),"1,501 (46.0%)","2,846 (48.3%)","9,680 (33.3%)","2,261 (36.5%)",,"1,665 (28.3%)",621 (27.1%),267 (16.1%),,583 (20.1%),524 (24.2%),"1,497 (44.6%)","2,371 (39.9%)","9,789 (32.2%)","2,762 (40.6%)",,"1,724 (28.8%)",46 (26.0%),216 (12.6%),<10,,500 (22.0%),"1,575 (48.6%)",41 (0.7%),"6,864 (26.3%)",583 (40.3%),,,,40 (8.2%),,,64 (23.8%),219 (50.2%),,906 (34.3%)
"      Epinephrine dose (mcg/kg/min), median [Q1, Q3]","0.04 [0.03, 0.05]","0.02 [0.01, 0.03]","0.03 [0.02, 0.04]","0.02 [0.02, 0.03]","0.05 [0.02, 0.08]","0.11 [0.10, 0.15]","0.10 [0.05, 0.17]","0.04 [0.03, 0.05]","0.03 [0.02, 0.04]","0.03 [0.02, 0.04]","0.0 [0.0, 0.2]","0.05 [0.03, 0.06]",,"0.03 [0.02, 0.04]","0.02 [0.01, 0.04]","0.06 [0.03, 0.10]",,"0.10 [0.05, 0.17]","0.03 [0.02, 0.04]","0.03 [0.02, 0.04]","0.03 [0.02, 0.03]","0.0 [0.0, 0.2]","0.04 [0.03, 0.06]",,"0.03 [0.02, 0.04]","0.03 [0.02, 0.04]","0.07 [0.02, 0.10]","0.17 [0.17, 0.17]","0.11 [0.06, 0.20]","0.03 [0.02, 0.05]","0.03 [0.02, 0.04]","0.03 [0.02, 0.03]","0.1 [0.0, 0.2]","0.04 [0.03, 0.05]",,"0.03 [0.02, 0.04]","0.03 [0.02, 0.04]","0.04 [0.02, 0.08]",,"0.10 [0.05, 0.18]","0.04 [0.03, 0.05]","0.03 [0.02, 0.04]","0.03 [0.02, 0.04]","0.0 [0.0, 0.2]","0.04 [0.03, 0.05]",,"0.03 [0.02, 0.04]","0.03 [0.02, 0.04]","0.03 [0.02, 0.06]","nan [nan, nan]",,"0.04 [0.03, 0.05]","0.03 [0.02, 0.04]","0.08 [0.07, 0.17]","0.0 [0.0, 0.2]","0.04 [0.03, 0.05]",,,,"0.02 [0.01, 0.02]",,,"0.04 [0.02, 0.05]","0.03 [0.02, 0.03]",,"0.0 [0.0, 0.1]"
"    Phenylephrine, n (%)","2,257 (10.5%)","15,106 (42.3%)","11,204 (29.1%)","5,764 (27.6%)","2,272 (16.3%)",<10,"6,773 (37.2%)","3,506 (13.1%)","12,779 (27.8%)","18,243 (37.2%)","77,904 (28.8%)",103 (7.4%),,"1,444 (30.4%)",711 (33.5%),281 (18.8%),,"1,193 (42.1%)",134 (6.4%),"1,031 (32.9%)","1,849 (31.8%)","6,746 (28.5%)",378 (6.7%),,"1,726 (31.4%)",664 (31.6%),231 (15.4%),<10,"1,271 (43.6%)",96 (4.3%),983 (30.1%),"1,763 (29.9%)","7,112 (24.5%)",347 (5.6%),,"1,840 (31.2%)",605 (26.4%),244 (14.7%),<10,"1,299 (44.8%)",103 (4.8%),910 (27.1%),"1,705 (28.7%)","7,053 (23.2%)","1,173 (17.3%)",,"1,860 (31.1%)",53 (29.9%),226 (13.2%),,,107 (4.7%),728 (22.4%),"1,542 (27.4%)","5,689 (22.0%)",256 (17.7%),,,,62 (12.7%),,,12 (4.5%),84 (19.3%),,414 (15.7%)
"      Phenylephrine dose (mcg/kg/min), median [Q1, Q3]","0.55 [0.45, 0.80]","0.50 [0.25, 0.80]","0.59 [0.32, 0.90]","0.07 [0.04, 0.10]","0.59 [0.35, 0.93]","1.03 [0.81, 1.12]","0.58 [0.45, 1.00]","0.50 [0.33, 0.69]","0.35 [0.20, 0.50]","0.50 [0.27, 0.75]","0.5 [0.0, 1.1]","0.53 [0.50, 0.70]",,"0.62 [0.33, 0.95]","0.06 [0.03, 0.09]","0.65 [0.37, 1.10]",,"0.50 [0.40, 0.87]","0.55 [0.40, 0.78]","0.30 [0.20, 0.50]","0.45 [0.25, 0.68]","0.4 [0.0, 1.1]","0.60 [0.50, 0.80]",,"0.55 [0.30, 0.86]","0.06 [0.03, 0.09]","0.53 [0.32, 0.80]","nan [nan, nan]","0.50 [0.38, 0.85]","0.56 [0.39, 0.77]","0.30 [0.20, 0.50]","0.62 [0.35, 0.92]","0.4 [0.0, 0.9]","0.60 [0.49, 0.80]",,"0.60 [0.33, 0.91]","0.08 [0.04, 0.11]","0.48 [0.29, 0.83]","nan [nan, nan]","0.50 [0.38, 0.80]","0.62 [0.41, 0.83]","0.30 [0.20, 0.50]","0.65 [0.35, 0.97]","0.4 [0.0, 1.0]","0.50 [0.40, 0.80]",,"0.55 [0.30, 0.81]","0.08 [0.04, 0.11]","0.48 [0.29, 0.81]",,,"0.66 [0.42, 0.95]","0.40 [0.20, 0.50]","0.66 [0.36, 0.98]","0.4 [0.0, 1.0]","0.65 [0.45, 0.85]",,,,"0.66 [0.34, 1.03]",,,"0.76 [0.46, 1.08]","0.40 [0.20, 0.50]",,"0.6 [0.2, 1.1]"
"    Vasopressin, n (%)","9,599 (44.7%)","4,955 (13.9%)","13,507 (35.1%)","5,498 (26.3%)","3,892 (27.9%)",32 (10.0%),"5,774 (31.7%)","4,996 (18.7%)","12,630 (27.5%)","15,054 (30.7%)","75,937 (28.1%)",611 (44.0%),,"1,792 (37.8%)",674 (31.7%),497 (33.2%),<10,943 (33.3%),452 (21.7%),"1,059 (33.8%)","1,774 (30.5%)","7,802 (33.0%)","2,448 (43.4%)",,"2,023 (36.8%)",733 (34.9%),479 (32.0%),<10,954 (32.7%),631 (28.5%),"1,244 (38.1%)","1,823 (30.9%)","10,335 (35.6%)","2,681 (43.3%)",,"2,143 (36.4%)",808 (35.3%),496 (29.9%),<10,"1,004 (34.6%)",676 (31.2%),"1,232 (36.7%)","1,953 (32.8%)","10,993 (36.2%)","3,179 (46.8%)",,"2,269 (37.9%)",58 (32.8%),550 (32.1%),<10,,692 (30.4%),"1,331 (41.0%)","1,856 (33.0%)","9,935 (38.5%)",680 (47.0%),,,,110 (22.4%),,,72 (26.8%),168 (38.5%),,"1,030 (39.0%)"
"    Dopamine, n (%)",321 (1.5%),"1,299 (3.6%)","2,234 (5.8%)",434 (2.1%),147 (1.1%),<10,"2,406 (13.2%)","1,215 (4.5%)","3,500 (7.6%)",656 (1.3%),"12,212 (4.5%)",14 (1.0%),,370 (7.8%),21 (1.0%),14 (0.9%),,355 (12.5%),35 (1.7%),131 (4.2%),61 (1.0%),"1,001 (4.2%)",98 (1.7%),,296 (5.4%),18 (0.9%),15 (1.0%),,273 (9.4%),27 (1.2%),89 (2.7%),45 (0.8%),861 (3.0%),69 (1.1%),,263 (4.5%),17 (0.7%),<10,,265 (9.1%),30 (1.4%),84 (2.5%),50 (0.8%),778 (2.7%),118 (1.7%),,222 (3.7%),,12 (0.7%),,,32 (1.4%),59 (1.8%),44 (0.8%),487 (1.9%),22 (1.5%),,,,<10,,,<10,<10,,
"      Dopamine dose (mcg/kg/min), median [Q1, Q3]","5.00 [3.00, 5.00]","5.00 [2.00, 7.50]","3.00 [2.00, 4.00]","3.00 [2.00, 4.00]","5.00 [2.75, 5.00]","3.50 [3.50, 3.50]","4.00 [2.50, 5.00]","3.00 [3.00, 4.25]","4.00 [2.50, 5.00]","5.00 [3.00, 5.00]","4.1 [2, 7.5]","5.00 [3.31, 5.00]",,"2.00 [0.50, 2.00]","5.00 [3.00, 5.00]","5.00 [3.75, 5.00]",,"3.00 [2.50, 5.00]","3.50 [3.00, 4.38]","3.00 [2.00, 4.25]","5.00 [3.00, 5.00]","4.4 [0.5, 5]","5.00 [3.75, 5.00]",,"2.00 [1.50, 3.00]","4.50 [4.00, 5.00]","5.00 [3.75, 5.00]",,"3.00 [2.50, 5.00]","3.00 [3.00, 3.25]","3.00 [2.25, 5.00]","4.50 [2.62, 6.00]","4.3 [1.5, 6]","5.00 [5.00, 5.00]",,"3.00 [2.00, 4.00]","3.25 [2.25, 3.62]","2.50 [1.25, 3.75]",,"3.00 [2.50, 3.00]","4.00 [3.00, 5.00]","4.00 [2.50, 5.00]","5.00 [3.00, 5.00]","4.0 [1.2, 5]","5.00 [3.00, 5.00]",,"2.50 [2.00, 3.75]",,"5.00 [1.25, 5.00]",,,"3.00 [3.00, 3.00]","5.00 [3.00, 5.50]","4.50 [2.50, 5.00]","4.9 [1.2, 5.5]","3.00 [2.50, 3.00]",,,,"5.00 [5.00, 5.00]",,,"2.25 [1.50, 3.00]","6.00 [3.00, 7.50]",,"3.0 [1.5, 7.5]"
"  Sedatives and analgesics, n (%)",,,,,,,,,,,,,,,,,,,,,,,,,,,,,,,,,,,,,,,,,,,,,,,,,,,,,,,,,,,,,,,,,,
    Propofol,"9,024 (42.0%)","26,989 (75.5%)","33,265 (86.5%)","18,455 (88.3%)","8,773 (62.9%)",83 (25.9%),"15,932 (87.5%)","21,852 (81.7%)","33,851 (73.6%)","40,201 (81.9%)","208,425 (76.9%)",552 (39.7%),,"4,078 (86.0%)","1,933 (91.0%)","1,033 (69.0%)",<10,"2,517 (88.9%)","1,660 (79.7%)","2,458 (78.4%)","4,816 (82.7%)","19,047 (80.6%)","2,286 (40.5%)",,"4,766 (86.7%)","1,939 (92.3%)","1,000 (66.8%)",14 (31.1%),"2,630 (90.2%)","1,747 (78.8%)","2,591 (79.4%)","4,982 (84.6%)","21,955 (75.5%)","2,492 (40.2%)",,"5,229 (88.7%)","2,141 (93.5%)","1,100 (66.2%)",14 (28.6%),"2,680 (92.4%)","1,699 (78.5%)","2,689 (80.1%)","5,102 (85.8%)","23,146 (76.0%)","3,046 (44.8%)",,"5,352 (89.4%)",161 (91.0%),"1,132 (66.0%)",<10,,"1,756 (77.3%)","2,656 (81.9%)","4,861 (86.4%)","18,964 (73.5%)",648 (44.8%),,,,201 (41.0%),,,186 (69.1%),348 (79.8%),,"1,383 (52.3%)"
    Midazolam,"2,532 (11.8%)","7,468 (20.9%)","2,932 (7.6%)","1,328 (6.4%)",909 (6.5%),38 (11.9%),995 (5.5%),"3,420 (12.8%)","12,505 (27.2%)","7,231 (14.7%)","39,358 (14.5%)",186 (13.4%),,435 (9.2%),192 (9.0%),96 (6.4%),<10,166 (5.9%),276 (13.2%),920 (29.4%),"1,027 (17.6%)","3,298 (14.0%)",687 (12.2%),,406 (7.4%),126 (6.0%),91 (6.1%),<10,81 (2.8%),253 (11.4%),923 (28.3%),885 (15.0%),"3,452 (11.9%)",673 (10.9%),,384 (6.5%),119 (5.2%),75 (4.5%),<10,109 (3.8%),278 (12.8%),868 (25.8%),886 (14.9%),"3,392 (11.2%)",828 (12.2%),,362 (6.0%),<10,72 (4.2%),<10,,308 (13.6%),763 (23.5%),803 (14.3%),"3,136 (12.2%)",158 (10.9%),,,,16 (3.3%),,,30 (11.2%),92 (21.1%),,296 (11.2%)
    Lorazepam,50 (0.2%),37 (0.1%),487 (1.3%),96 (0.5%),75 (0.5%),,25 (0.1%),45 (0.2%),"2,630 (5.7%)",613 (1.2%),"4,058 (1.5%)",<10,,27 (0.6%),<10,<10,,<10,,136 (4.3%),<10,,29 (0.5%),,16 (0.3%),<10,<10,,<10,,102 (3.1%),10 (0.2%),157 (0.8%),<10,,<10,18 (0.8%),,,,<10,141 (4.2%),<10,,<10,,<10,<10,,,,,122 (3.8%),<10,,<10,,,,,,,,15 (3.4%),,15 (3.4%)
    Dexmedetomidine,"14,325 (66.7%)","7,512 (21.0%)","21,441 (55.7%)","8,694 (41.6%)","6,730 (48.3%)",26 (8.1%),"7,694 (42.2%)","10,981 (41.1%)","22,315 (48.5%)","13,458 (27.4%)","113,176 (41.8%)",873 (62.8%),,"2,853 (60.1%)","1,117 (52.6%)",853 (57.0%),<10,"1,063 (37.5%)",958 (46.0%),"1,823 (58.2%)","1,796 (30.9%)","11,336 (48.0%)","3,745 (66.3%)",,"3,403 (61.9%)","1,081 (51.5%)",887 (59.2%),<10,"1,079 (37.0%)","1,071 (48.3%)","1,844 (56.5%)","1,996 (33.9%)","15,106 (52.0%)","4,012 (64.8%)",,"3,716 (63.1%)","1,115 (48.7%)",871 (52.4%),10 (20.4%),"1,141 (39.3%)","1,088 (50.3%)","2,080 (61.9%)","2,226 (37.4%)","16,259 (53.4%)","4,681 (68.9%)",,"3,759 (62.8%)",64 (36.2%),855 (49.8%),<10,,"1,155 (50.8%)","2,034 (62.7%)","2,335 (41.5%)","14,883 (57.6%)","1,014 (70.0%)",,,,143 (29.2%),,,131 (48.7%),241 (55.3%),,"1,529 (57.8%)"
    Fentanyl,"11,856 (55.2%)","14,279 (40.0%)","20,109 (52.3%)","3,924 (18.8%)","8,533 (61.2%)",50 (15.6%),"11,074 (60.8%)","9,052 (33.9%)","21,464 (46.7%)","27,829 (56.7%)","128,170 (47.3%)",814 (58.6%),,"2,574 (54.3%)",226 (10.6%),"1,013 (67.7%)",<10,"1,816 (64.1%)",649 (31.1%),"1,738 (55.5%)","3,397 (58.4%)","12,227 (51.8%)","3,238 (57.3%)",,"2,853 (51.9%)",186 (8.9%),931 (62.1%),10 (22.2%),"1,882 (64.5%)",658 (29.7%),"1,800 (55.2%)","3,345 (56.8%)","14,903 (51.3%)","3,308 (53.4%)",,"2,999 (50.9%)",152 (6.6%),986 (59.4%),<10,"1,914 (66.0%)",680 (31.4%),"1,862 (55.4%)","3,448 (58.0%)","15,349 (50.5%)","3,722 (54.8%)",,"3,189 (53.3%)",15 (8.5%),"1,023 (59.6%)",<10,,672 (29.6%),"1,747 (53.9%)","3,183 (56.5%)","13,551 (52.5%)",774 (53.5%),,,,185 (37.8%),,,82 (30.5%),207 (47.5%),,"1,248 (47.3%)"
"  Neuromuscular blocking agents, n (%)",,,,,,,,,,,,,,,,,,,,,,,,,,,,,,,,,,,,,,,,,,,,,,,,,,,,,,,,,,,,,,,,,,
    Cisatracurium,555 (2.6%),"1,715 (4.8%)","1,347 (3.5%)",650 (3.1%),657 (4.7%),,588 (3.2%),"1,436 (5.4%)","1,755 (3.8%)","3,667 (7.5%)","12,370 (4.6%)",41 (2.9%),,158 (3.3%),82 (3.9%),61 (4.1%),,97 (3.4%),100 (4.8%),97 (3.1%),419 (7.2%),"1,055 (4.5%)",162 (2.9%),,119 (2.2%),54 (2.6%),37 (2.5%),,54 (1.9%),99 (4.5%),90 (2.8%),338 (5.7%),953 (3.3%),158 (2.6%),,124 (2.1%),45 (2.0%),41 (2.5%),,75 (2.6%),105 (4.9%),60 (1.8%),304 (5.1%),912 (3.0%),160 (2.4%),,100 (1.7%),<10,40 (2.3%),,,113 (5.0%),59 (1.8%),284 (5.0%),756 (3.0%),34 (2.3%),,,,<10,,,<10,<10,,
    Rocuronium,,313 (0.9%),122 (0.3%),482 (2.3%),<10,<10,27 (0.1%),10 (0.0%),155 (0.3%),76 (0.2%),"1,185 (0.4%)",,,<10,67 (3.2%),,,<10,<10,<10,<10,,,,18 (0.3%),50 (2.4%),<10,<10,,<10,10 (0.3%),<10,,,,16 (0.3%),24 (1.0%),,,,<10,<10,<10,,,,10 (0.2%),,<10,,,<10,10 (0.3%),10 (0.2%),30 (0.2%),,,,,,,,,<10,,
