hour,norepinephrine_n__Cornell,norepinephrine_n__Emory,norepinephrine_n__JHU,norepinephrine_n__MIMIC,norepinephrine_n__Michigan,norepinephrine_n__NU,norepinephrine_n__OHSU,norepinephrine_n__RUSH,norepinephrine_n__Sunnybrook,norepinephrine_n__UCMC,norepinephrine_n__UCSF,norepinephrine_n__UMN,norepinephrine_n__UPenn,norepinephrine_n__ALL,epinephrine_n__Cornell,epinephrine_n__Emory,epinephrine_n__JHU,epinephrine_n__MIMIC,epinephrine_n__Michigan,epinephrine_n__NU,epinephrine_n__OHSU,epinephrine_n__RUSH,epinephrine_n__Sunnybrook,epinephrine_n__UCMC,epinephrine_n__UCSF,epinephrine_n__UMN,epinephrine_n__UPenn,epinephrine_n__ALL,phenylephrine_n__Cornell,phenylephrine_n__Emory,phenylephrine_n__JHU,phenylephrine_n__MIMIC,phenylephrine_n__Michigan,phenylephrine_n__NU,phenylephrine_n__OHSU,phenylephrine_n__RUSH,phenylephrine_n__Sunnybrook,phenylephrine_n__UCMC,phenylephrine_n__UCSF,phenylephrine_n__UMN,phenylephrine_n__UPenn,phenylephrine_n__ALL,vasopressin_n__Cornell,vasopressin_n__Emory,vasopressin_n__JHU,vasopressin_n__MIMIC,vasopressin_n__Michigan,vasopressin_n__NU,vasopressin_n__OHSU,vasopressin_n__RUSH,vasopressin_n__Sunnybrook,vasopressin_n__UCMC,vasopressin_n__UCSF,vasopressin_n__UMN,vasopressin_n__UPenn,vasopressin_n__ALL,dopamine_n__Cornell,dopamine_n__Emory,dopamine_n__JHU,dopamine_n__MIMIC,dopamine_n__Michigan,dopamine_n__NU,dopamine_n__OHSU,dopamine_n__RUSH,dopamine_n__Sunnybrook,dopamine_n__UCMC,dopamine_n__UCSF,dopamine_n__UMN,dopamine_n__UPenn,dopamine_n__ALL,propofol_n__Cornell,propofol_n__Emory,propofol_n__JHU,propofol_n__MIMIC,propofol_n__Michigan,propofol_n__NU,propofol_n__OHSU,propofol_n__RUSH,propofol_n__Sunnybrook,propofol_n__UCMC,propofol_n__UCSF,propofol_n__UMN,propofol_n__UPenn,propofol_n__ALL,midazolam_n__Cornell,midazolam_n__Emory,midazolam_n__JHU,midazolam_n__MIMIC,midazolam_n__Michigan,midazolam_n__NU,midazolam_n__OHSU,midazolam_n__RUSH,midazolam_n__Sunnybrook,midazolam_n__UCMC,midazolam_n__UCSF,midazolam_n__UMN,midazolam_n__UPenn,midazolam_n__ALL,lorazepam_n__Cornell,lorazepam_n__Emory,lorazepam_n__JHU,lorazepam_n__MIMIC,lorazepam_n__Michigan,lorazepam_n__NU,lorazepam_n__OHSU,lorazepam_n__RUSH,lorazepam_n__Sunnybrook,lorazepam_n__UCMC,lorazepam_n__UCSF,lorazepam_n__UMN,lorazepam_n__UPenn,lorazepam_n__ALL,dexmedetomidine_n__Cornell,dexmedetomidine_n__Emory,dexmedetomidine_n__JHU,dexmedetomidine_n__MIMIC,dexmedetomidine_n__Michigan,dexmedetomidine_n__NU,dexmedetomidine_n__OHSU,dexmedetomidine_n__RUSH,dexmedetomidine_n__Sunnybrook,dexmedetomidine_n__UCMC,dexmedetomidine_n__UCSF,dexmedetomidine_n__UMN,dexmedetomidine_n__UPenn,dexmedetomidine_n__ALL,fentanyl_n__Cornell,fentanyl_n__Emory,fentanyl_n__JHU,fentanyl_n__MIMIC,fentanyl_n__Michigan,fentanyl_n__NU,fentanyl_n__OHSU,fentanyl_n__RUSH,fentanyl_n__Sunnybrook,fentanyl_n__UCMC,fentanyl_n__UCSF,fentanyl_n__UMN,fentanyl_n__UPenn,fentanyl_n__ALL,vecuronium_n__Cornell,vecuronium_n__Emory,vecuronium_n__JHU,vecuronium_n__MIMIC,vecuronium_n__Michigan,vecuronium_n__NU,vecuronium_n__OHSU,vecuronium_n__RUSH,vecuronium_n__Sunnybrook,vecuronium_n__UCMC,vecuronium_n__UCSF,vecuronium_n__UMN,vecuronium_n__UPenn,vecuronium_n__ALL,rocuronium_n__Cornell,rocuronium_n__Emory,rocuronium_n__JHU,rocuronium_n__MIMIC,rocuronium_n__Michigan,rocuronium_n__NU,rocuronium_n__OHSU,rocuronium_n__RUSH,rocuronium_n__Sunnybrook,rocuronium_n__UCMC,rocuronium_n__UCSF,rocuronium_n__UMN,rocuronium_n__UPenn,rocuronium_n__ALL,cisatracurium_n__Cornell,cisatracurium_n__Emory,cisatracurium_n__JHU,cisatracurium_n__MIMIC,cisatracurium_n__Michigan,cisatracurium_n__NU,cisatracurium_n__OHSU,cisatracurium_n__RUSH,cisatracurium_n__Sunnybrook,cisatracurium_n__UCMC,cisatracurium_n__UCSF,cisatracurium_n__UMN,cisatracurium_n__UPenn,cisatracurium_n__ALL,pancuronium_n__Cornell,pancuronium_n__Emory,pancuronium_n__JHU,pancuronium_n__MIMIC,pancuronium_n__Michigan,pancuronium_n__NU,pancuronium_n__OHSU,pancuronium_n__RUSH,pancuronium_n__Sunnybrook,pancuronium_n__UCMC,pancuronium_n__UCSF,pancuronium_n__UMN,pancuronium_n__UPenn,pancuronium_n__ALL,norepinephrine_pct__Cornell,norepinephrine_pct__Emory,norepinephrine_pct__JHU,norepinephrine_pct__MIMIC,norepinephrine_pct__Michigan,norepinephrine_pct__NU,norepinephrine_pct__OHSU,norepinephrine_pct__RUSH,norepinephrine_pct__Sunnybrook,norepinephrine_pct__UCMC,norepinephrine_pct__UCSF,norepinephrine_pct__UMN,norepinephrine_pct__UPenn,norepinephrine_pct__ALL,epinephrine_pct__Cornell,epinephrine_pct__Emory,epinephrine_pct__JHU,epinephrine_pct__MIMIC,epinephrine_pct__Michigan,epinephrine_pct__NU,epinephrine_pct__OHSU,epinephrine_pct__RUSH,epinephrine_pct__Sunnybrook,epinephrine_pct__UCMC,epinephrine_pct__UCSF,epinephrine_pct__UMN,epinephrine_pct__UPenn,epinephrine_pct__ALL,phenylephrine_pct__Cornell,phenylephrine_pct__Emory,phenylephrine_pct__JHU,phenylephrine_pct__MIMIC,phenylephrine_pct__Michigan,phenylephrine_pct__NU,phenylephrine_pct__OHSU,phenylephrine_pct__RUSH,phenylephrine_pct__Sunnybrook,phenylephrine_pct__UCMC,phenylephrine_pct__UCSF,phenylephrine_pct__UMN,phenylephrine_pct__UPenn,phenylephrine_pct__ALL,vasopressin_pct__Cornell,vasopressin_pct__Emory,vasopressin_pct__JHU,vasopressin_pct__MIMIC,vasopressin_pct__Michigan,vasopressin_pct__NU,vasopressin_pct__OHSU,vasopressin_pct__RUSH,vasopressin_pct__Sunnybrook,vasopressin_pct__UCMC,vasopressin_pct__UCSF,vasopressin_pct__UMN,vasopressin_pct__UPenn,vasopressin_pct__ALL,dopamine_pct__Cornell,dopamine_pct__Emory,dopamine_pct__JHU,dopamine_pct__MIMIC,dopamine_pct__Michigan,dopamine_pct__NU,dopamine_pct__OHSU,dopamine_pct__RUSH,dopamine_pct__Sunnybrook,dopamine_pct__UCMC,dopamine_pct__UCSF,dopamine_pct__UMN,dopamine_pct__UPenn,dopamine_pct__ALL,propofol_pct__Cornell,propofol_pct__Emory,propofol_pct__JHU,propofol_pct__MIMIC,propofol_pct__Michigan,propofol_pct__NU,propofol_pct__OHSU,propofol_pct__RUSH,propofol_pct__Sunnybrook,propofol_pct__UCMC,propofol_pct__UCSF,propofol_pct__UMN,propofol_pct__UPenn,propofol_pct__ALL,midazolam_pct__Cornell,midazolam_pct__Emory,midazolam_pct__JHU,midazolam_pct__MIMIC,midazolam_pct__Michigan,midazolam_pct__NU,midazolam_pct__OHSU,midazolam_pct__RUSH,midazolam_pct__Sunnybrook,midazolam_pct__UCMC,midazolam_pct__UCSF,midazolam_pct__UMN,midazolam_pct__UPenn,midazolam_pct__ALL,lorazepam_pct__Cornell,lorazepam_pct__Emory,lorazepam_pct__JHU,lorazepam_pct__MIMIC,lorazepam_pct__Michigan,lorazepam_pct__NU,lorazepam_pct__OHSU,lorazepam_pct__RUSH,lorazepam_pct__Sunnybrook,lorazepam_pct__UCMC,lorazepam_pct__UCSF,lorazepam_pct__UMN,lorazepam_pct__UPenn,lorazepam_pct__ALL,dexmedetomidine_pct__Cornell,dexmedetomidine_pct__Emory,dexmedetomidine_pct__JHU,dexmedetomidine_pct__MIMIC,dexmedetomidine_pct__Michigan,dexmedetomidine_pct__NU,dexmedetomidine_pct__OHSU,dexmedetomidine_pct__RUSH,dexmedetomidine_pct__Sunnybrook,dexmedetomidine_pct__UCMC,dexmedetomidine_pct__UCSF,dexmedetomidine_pct__UMN,dexmedetomidine_pct__UPenn,dexmedetomidine_pct__ALL,fentanyl_pct__Cornell,fentanyl_pct__Emory,fentanyl_pct__JHU,fentanyl_pct__MIMIC,fentanyl_pct__Michigan,fentanyl_pct__NU,fentanyl_pct__OHSU,fentanyl_pct__RUSH,fentanyl_pct__Sunnybrook,fentanyl_pct__UCMC,fentanyl_pct__UCSF,fentanyl_pct__UMN,fentanyl_pct__UPenn,fentanyl_pct__ALL,vecuronium_pct__Cornell,vecuronium_pct__Emory,vecuronium_pct__JHU,vecuronium_pct__MIMIC,vecuronium_pct__Michigan,vecuronium_pct__NU,vecuronium_pct__OHSU,vecuronium_pct__RUSH,vecuronium_pct__Sunnybrook,vecuronium_pct__UCMC,vecuronium_pct__UCSF,vecuronium_pct__UMN,vecuronium_pct__UPenn,vecuronium_pct__ALL,rocuronium_pct__Cornell,rocuronium_pct__Emory,rocuronium_pct__JHU,rocuronium_pct__MIMIC,rocuronium_pct__Michigan,rocuronium_pct__NU,rocuronium_pct__OHSU,rocuronium_pct__RUSH,rocuronium_pct__Sunnybrook,rocuronium_pct__UCMC,rocuronium_pct__UCSF,rocuronium_pct__UMN,rocuronium_pct__UPenn,rocuronium_pct__ALL,cisatracurium_pct__Cornell,cisatracurium_pct__Emory,cisatracurium_pct__JHU,cisatracurium_pct__MIMIC,cisatracurium_pct__Michigan,cisatracurium_pct__NU,cisatracurium_pct__OHSU,cisatracurium_pct__RUSH,cisatracurium_pct__Sunnybrook,cisatracurium_pct__UCMC,cisatracurium_pct__UCSF,cisatracurium_pct__UMN,cisatracurium_pct__UPenn,cisatracurium_pct__ALL,pancuronium_pct__Cornell,pancuronium_pct__Emory,pancuronium_pct__JHU,pancuronium_pct__MIMIC,pancuronium_pct__Michigan,pancuronium_pct__NU,pancuronium_pct__OHSU,pancuronium_pct__RUSH,pancuronium_pct__Sunnybrook,pancuronium_pct__UCMC,pancuronium_pct__UCSF,pancuronium_pct__UMN,pancuronium_pct__UPenn,pancuronium_pct__ALL
0,5908,10336,15891,4717,3232,17833,8118,4458,6381,3856,7238,13197,15081,116246,1623,3636,5083,475,803,3571,2352,352,391,730,1638,6347,10049,37050,1843,654,743,2767,7,3546,1253,662,50,1022,1146,4015,7887,25595,1051,2271,1595,597,109,3407,1650,623,769,1093,902,2824,2902,19793,668,91,564,705,102,1088,293,79,118,702,617,1312,338,6677,5245,2699,12994,7459,4197,16886,11163,3861,5607,7633,7954,13950,18870,118518,166,626,2339,2603,61,493,144,140,877,101,347,2016,1162,11075,331,3,314,2,0,22,7,6,1,1,9,154,19,869,1262,4809,5840,112,137,5552,842,811,317,1066,1263,6411,3003,31425,1850,3695,6603,4690,1429,5449,1246,2670,3529,4268,1474,3170,8718,48791,1,4,22,4,0,0,0,0,0,0,9,27,85,152,239,0,1,18,0,2,12,1,70,0,0,5,5,353,3,16,21,77,23,62,41,46,0,17,109,83,264,762,0,0,0,0,0,0,0,0,0,0,0,0,0,0,20.863792,13.232959,12.768984,5.539181,24.198862,14.24088,14.341743,7.577638,14.337715,9.363996,9.367882,8.408678,8.980367,10.988654,5.731539,4.655093,4.084371,0.557793,6.012279,2.85169,4.155183,0.598324,0.878553,1.772748,2.120004,4.044092,5.983934,3.502311,6.508458,0.837302,0.597027,3.249292,0.052411,2.831726,2.213624,1.125257,0.112347,2.481848,1.483226,2.558221,4.696516,2.419478,3.711551,2.907513,1.281639,0.701058,0.816113,2.720724,2.914988,1.058966,1.727896,2.654266,1.167426,1.799356,1.72807,1.871019,2.359007,0.116505,0.453194,0.827883,0.763702,0.868843,0.517631,0.134283,0.265139,1.704752,0.798561,0.835962,0.201271,0.631172,18.522442,3.455472,10.441141,8.759116,31.424079,13.484636,19.721221,6.562867,12.598584,18.536147,10.294574,8.888464,11.236624,11.203424,0.58622,0.801454,1.87947,3.056707,0.456724,0.393694,0.254399,0.23797,1.970565,0.245271,0.44911,1.284526,0.691943,1.046912,1.168909,0.003841,0.25231,0.002349,0,0.017569,0.012367,0.010199,0.002247,0.002428,0.011648,0.098124,0.011314,0.083196,4.456687,6.15686,4.692648,0.131522,1.025756,4.433655,1.487527,1.378525,0.71228,2.588698,1.634655,4.08487,1.788213,2.970583,6.533178,4.730629,5.305745,5.507474,10.699311,4.351402,2.201258,4.538424,7.929446,10.364506,1.907745,2.019816,5.191356,4.612179,0.003531,0.005121,0.017678,0.004697,0,0.0,0.0,0,0,0,0.011648,0.017203,0.050615,0.021165,0.844016,0,0.000804,0.021137,0,0.001597,0.0212,0.0017,0.157286,0.0,0.0,0.003186,0.002977,0.041629,0.010594,0.020484,0.016874,0.090421,0.172207,0.049511,0.072433,0.07819,0,0.041283,0.141075,0.052885,0.157206,0.075195,0,0,0,0,0,0,0,0,0,0,0,0,0,0
1,6267,9643,14175,3838,2513,15844,7125,3315,7241,4212,7273,13560,15937,110943,1768,3331,3053,524,777,3116,2156,292,428,816,1158,5700,8265,31384,1961,580,722,3337,4,2941,943,522,62,1148,1262,3485,7585,24552,1286,2538,1414,367,109,3128,1603,385,945,1327,649,3210,3319,20280,719,111,437,501,99,821,271,51,128,749,411,1255,297,5850,5549,2786,11092,6417,3840,14809,10458,2779,5951,8319,8063,14771,19660,114494,174,514,1687,1548,65,446,188,140,1083,125,243,2714,1202,10129,197,4,246,3,0,28,6,4,3,2,7,53,30,583,1842,4964,4911,176,196,5599,919,705,389,1416,1387,6538,3087,32129,2188,3825,5243,2762,1271,6208,1711,2100,3849,4791,1362,5773,9606,50689,1,1,53,5,0,1,0,0,0,0,8,81,116,266,209,0,2,18,0,5,2,2,106,1,0,4,2,351,10,30,25,110,31,86,53,38,0,40,143,145,435,1146,0,0,0,0,0,0,0,0,0,0,0,0,0,0,22.131582,12.345726,11.390117,4.506969,18.815514,12.652527,12.58745,5.634784,16.270082,10.228515,9.413181,8.639969,9.490094,10.487365,6.243599,4.264608,2.453194,0.615334,5.81761,2.488341,3.808918,0.496337,0.96169,1.981593,1.498758,3.631846,4.921606,2.966708,6.925169,0.742562,0.580153,3.918644,0.029949,2.348591,1.66596,0.887287,0.13931,2.787829,1.633361,2.220523,4.516682,2.320884,4.541442,3.249347,1.136199,0.430969,0.816113,2.497924,2.831955,0.654417,2.123357,3.222516,0.839977,2.045302,1.976383,1.917054,2.539111,0.142111,0.351145,0.588325,0.74124,0.655625,0.478765,0.086689,0.287608,1.818888,0.531942,0.799643,0.176856,0.552996,19.596002,3.566856,8.912816,7.535493,28.751123,11.826008,18.475726,4.7237,13.371531,20.202045,10.435649,9.411577,11.70705,10.823038,0.614472,0.658063,1.355564,1.817819,0.486673,0.356162,0.332132,0.23797,2.433434,0.303553,0.314506,1.729268,0.715762,0.957487,0.695695,0.005121,0.19767,0.003523,0,0.02236,0.0106,0.006799,0.006741,0.004857,0.00906,0.03377,0.017864,0.055815,6.504926,6.355303,3.946163,0.206677,1.467505,4.471188,1.62356,1.198348,0.874059,3.438646,1.795144,4.165791,1.838233,3.037132,7.726807,4.897066,4.212937,3.243421,9.516322,4.957516,3.022755,3.569547,8.648466,11.634571,1.762787,3.678359,5.720138,4.791596,0.003531,0.00128,0.042587,0.005872,0,0.000799,0.0,0,0,0,0.010354,0.05161,0.069075,0.031539,0.738073,0,0.001607,0.021137,0,0.003993,0.003533,0.0034,0.238175,0.002428,0.0,0.002549,0.001191,0.039476,0.035314,0.038408,0.020088,0.129173,0.232105,0.068677,0.093633,0.064592,0,0.097137,0.18508,0.092389,0.259032,0.113088,0,0,0,0,0,0,0,0,0,0,0,0,0,0
2,6414,9336,13332,3946,2322,15298,7018,3042,7606,4371,6723,13238,15046,107692,1835,3302,2678,711,769,2989,2175,254,450,857,957,5255,7412,29644,1924,543,694,4389,2,3005,900,464,69,1232,1198,3372,6661,24453,1432,2679,1249,402,93,3063,1768,307,1057,1448,565,3181,3307,20551,720,107,408,486,95,766,259,47,146,786,306,1128,254,5508,5195,2701,10139,7465,3170,13608,10027,2624,5826,7745,6972,13710,18687,107869,156,498,1417,1294,64,417,201,104,1222,138,192,2908,1175,9786,144,3,215,2,0,29,6,2,2,1,7,80,23,514,2118,4678,4706,272,259,5792,1083,809,376,1571,1399,6049,3161,32273,2338,3931,4597,2429,1279,6298,1817,1735,4024,4921,1006,6288,9554,50217,1,3,61,8,0,1,0,0,0,0,8,101,139,322,162,0,2,20,0,6,5,2,140,0,1,7,6,351,10,38,29,109,30,98,74,31,0,48,122,182,433,1204,0,0,0,0,0,0,0,0,0,0,0,0,0,0,22.650705,11.952681,10.712736,4.633794,17.385445,12.216508,12.398417,5.170743,17.090215,10.614634,8.701336,8.434802,8.959526,10.18005,6.480206,4.22748,2.151868,0.834928,5.757712,2.386923,3.842485,0.431745,1.011122,2.081158,1.23861,3.348307,4.413665,2.802227,6.794505,0.695191,0.557654,5.15401,0.014975,2.3997,1.589994,0.7887,0.155039,2.991816,1.550528,2.148523,3.966463,2.311525,5.057033,3.429866,1.003616,0.472069,0.696316,2.446017,3.123454,0.521834,2.375014,3.516355,0.731259,2.026825,1.969238,1.942672,2.542642,0.13699,0.327843,0.570711,0.711291,0.611704,0.457565,0.07989,0.328053,1.90874,0.396045,0.718723,0.151251,0.520667,18.34587,3.458032,8.147047,8.766161,23.734651,10.866926,17.714296,4.460234,13.090664,18.80813,9.023607,8.735544,11.127652,10.196782,0.550906,0.637579,1.13861,1.519546,0.479185,0.333003,0.355099,0.176778,2.745759,0.335122,0.248499,1.852878,0.699684,0.925064,0.508528,0.003841,0.17276,0.002349,0,0.023158,0.0106,0.0034,0.004494,0.002428,0.00906,0.050973,0.013696,0.049209,7.479606,5.989143,3.781438,0.31941,1.939203,4.625311,1.913292,1.375125,0.844849,3.815051,1.810675,3.854216,1.882298,3.050744,8.256524,5.032775,3.693853,2.852379,9.57622,5.029387,3.21002,2.949125,9.041681,11.950266,1.302029,4.006499,5.689174,4.746978,0.003531,0.003841,0.049016,0.009394,0,0.000799,0.0,0,0,0,0.010354,0.064354,0.082771,0.038179,0.572095,0,0.001607,0.023486,0,0.004791,0.008833,0.0034,0.314571,0.0,0.001294,0.00446,0.003573,0.037937,0.035314,0.048651,0.023303,0.127999,0.224618,0.07826,0.130733,0.052693,0,0.116564,0.1579,0.115964,0.257841,0.118812,0,0,0,0,0,0,0,0,0,0,0,0,0,0
3,6523,9305,12849,4186,2306,14934,6998,2954,7857,4285,6517,13235,14549,106498,1864,3216,2629,767,755,2985,2114,235,457,822,913,5089,7178,29024,1861,540,689,5002,1,2927,866,437,73,1206,1214,3290,6261,24367,1568,2869,1222,429,94,2993,1880,284,1136,1386,532,3234,3463,21090,712,97,350,427,96,712,248,34,143,809,249,1075,250,5202,4803,2687,8813,8290,2735,12433,9299,2523,5701,7128,6265,12542,16586,99805,178,484,1311,1104,73,407,215,90,1279,133,179,2920,1277,9650,146,3,220,3,0,29,7,3,2,2,2,59,23,499,2120,4085,4225,372,293,5473,1149,888,340,1600,1346,5522,3136,30549,2420,3955,4576,2144,1351,6308,1868,1597,4070,4870,808,6456,9601,50024,1,3,75,5,0,1,0,0,0,0,3,105,154,347,120,0,2,28,0,10,4,0,163,1,0,5,10,343,10,53,28,122,40,108,78,28,0,58,112,219,478,1334,0,0,0,0,0,0,0,0,0,0,0,0,0,0,23.035632,11.912992,10.324628,4.915626,17.265648,11.925829,12.363084,5.021162,17.654196,10.405789,8.434717,8.432891,8.663574,10.067182,6.582618,4.117376,2.112495,0.900689,5.65289,2.383728,3.734718,0.399449,1.026851,1.996163,1.181663,3.242537,4.274324,2.743619,6.572024,0.69135,0.553636,5.873857,0.007487,2.337411,1.529927,0.742806,0.164027,2.928677,1.571236,2.096276,3.728273,2.303396,5.53731,3.673119,0.98192,0.503775,0.703804,2.390117,3.32132,0.482739,2.552522,3.365793,0.688548,2.060594,2.062132,1.993623,2.514391,0.124187,0.281237,0.501427,0.718778,0.568581,0.438132,0.057793,0.321312,1.964594,0.322272,0.684953,0.148869,0.491741,16.961543,3.440109,7.081559,9.73496,20.477688,9.928608,16.428168,4.288555,12.809797,17.309794,8.108563,7.991335,9.876558,9.434497,0.628598,0.619655,1.053435,1.296429,0.546571,0.325018,0.379832,0.152981,2.873834,0.32298,0.231673,1.860524,0.760422,0.912208,0.515591,0.003841,0.176778,0.003523,0,0.023158,0.012367,0.005099,0.004494,0.004857,0.002589,0.037593,0.013696,0.047773,7.486669,5.229938,3.394938,0.43684,2.193771,4.370568,2.029892,1.509408,0.763959,3.885476,1.742079,3.51843,1.867411,2.887776,8.546103,5.063502,3.676979,2.517703,10.115304,5.037373,3.30012,2.714555,9.14504,11.826416,1.045765,4.113543,5.717161,4.728734,0.003531,0.003841,0.060265,0.005872,0,0.000799,0.0,0,0,0,0.003883,0.066902,0.091703,0.041143,0.423774,0,0.001607,0.03288,0,0.007986,0.007067,0.0,0.366251,0.002428,0.0,0.003186,0.005955,0.04131,0.035314,0.067855,0.022499,0.143265,0.299491,0.086245,0.137799,0.047594,0,0.140848,0.144958,0.139539,0.284637,0.13164,0,0,0,0,0,0,0,0,0,0,0,0,0,0
4,6614,9232,12548,4093,2244,14622,6910,2944,7946,4344,6298,13098,14168,105061,1849,3213,2511,790,743,2868,2117,236,430,819,830,4852,6886,28144,1827,549,667,5130,1,2808,837,392,80,1197,1151,3239,5867,23745,1659,2943,1285,404,94,2986,1956,292,1180,1437,529,3257,3552,21574,719,98,293,365,97,676,242,26,131,812,242,1050,259,5010,4508,2718,8055,8479,2464,11590,8851,2312,5554,6830,5485,11942,14818,93606,185,479,1188,896,67,396,222,88,1334,137,148,3020,1268,9428,123,5,206,3,0,34,5,3,2,4,4,57,25,471,1931,3738,3565,504,274,5140,1244,968,334,1646,1264,4982,3079,28669,2487,4113,4483,1955,1376,6407,1930,1520,4146,4904,790,6671,9697,50479,1,3,77,7,0,0,0,0,0,0,4,129,148,369,135,0,1,28,0,9,4,1,178,2,0,7,9,374,14,71,43,135,42,112,96,31,0,66,87,252,520,1469,0,0,0,0,0,0,0,0,0,0,0,0,0,0,23.356994,11.819532,10.082764,4.806416,16.801438,11.676675,12.207618,5.004164,17.854174,10.549066,8.151274,8.345599,8.436698,9.931343,6.529647,4.113535,2.017678,0.927698,5.563043,2.290296,3.740018,0.401149,0.966184,1.988878,1.074239,3.091529,4.100445,2.660433,6.451955,0.702873,0.535958,6.024167,0.007487,2.242382,1.478694,0.666315,0.179755,2.906821,1.489698,2.06378,3.493655,2.244598,5.858671,3.76786,1.032543,0.474418,0.703804,2.384527,3.455586,0.496337,2.651387,3.489643,0.684666,2.075249,2.115129,2.039375,2.539111,0.125467,0.235436,0.42862,0.726265,0.539833,0.427532,0.044194,0.294349,1.971879,0.313212,0.669024,0.154228,0.473592,15.919766,3.479797,6.472479,9.956903,18.448637,9.255414,15.636704,3.929901,12.479497,16.586124,7.099037,7.609035,8.823757,8.84851,0.653318,0.613253,0.9546,1.052174,0.501647,0.316233,0.392198,0.149581,2.997416,0.332694,0.191551,1.924241,0.755063,0.891222,0.434368,0.006401,0.165528,0.003523,0,0.027151,0.008833,0.005099,0.004494,0.009714,0.005177,0.036318,0.014887,0.045093,6.819225,4.785681,2.864604,0.591848,2.051512,4.104644,2.197725,1.645391,0.750477,3.997183,1.635949,3.17436,1.833469,2.710061,8.78271,5.265786,3.60225,2.29576,10.302486,5.116431,3.409653,2.583672,9.315807,11.908983,1.022468,4.250534,5.774327,4.771745,0.003531,0.003841,0.061872,0.00822,0,0.0,0.0,0,0,0,0.005177,0.082194,0.08813,0.05138,0.476745,0,0.000804,0.03288,0,0.007187,0.007067,0.0017,0.399955,0.004857,0.0,0.00446,0.005359,0.042063,0.04944,0.0909,0.034552,0.158531,0.314465,0.08944,0.169599,0.052693,0,0.160276,0.112601,0.160566,0.309647,0.144962,0,0,0,0,0,0,0,0,0,0,0,0,0,0
5,6566,9202,12347,4122,2218,14349,6843,2899,8051,4349,6145,12973,13812,103876,1843,3132,2540,744,734,2892,2155,264,413,843,823,4710,6695,27788,1750,533,675,5132,0,2843,773,406,84,1241,1126,3250,5758,23571,1699,3045,1289,384,101,3012,1995,292,1217,1463,526,3308,3563,21894,735,103,285,341,98,678,236,29,124,821,228,1010,250,4938,4277,2708,7525,8216,2230,10943,8389,2062,5407,6638,5162,11392,13507,88456,171,456,1143,865,67,390,239,94,1372,137,120,3030,1265,9349,119,6,192,0,0,30,4,3,2,2,3,52,27,440,1774,3513,3197,646,254,4822,1283,981,330,1678,1211,4578,2954,27221,2505,4118,4427,1757,1382,6423,1950,1592,4188,4957,681,6835,9788,50603,1,4,88,3,0,2,0,0,0,0,7,125,170,400,129,0,1,22,0,15,4,1,202,1,2,6,9,392,13,69,45,139,40,109,113,32,0,69,100,277,526,1532,0,0,0,0,0,0,0,0,0,0,0,0,0,0,23.187485,11.781124,9.921254,4.840471,16.606768,11.458666,12.089252,4.927674,18.090102,10.561208,7.953251,8.265953,8.224709,9.819326,6.508458,4.009833,2.04098,0.87368,5.495657,2.309461,3.807151,0.448743,0.927986,2.04716,1.065179,3.001051,3.986709,2.62678,6.180033,0.682388,0.542387,6.026516,0.0,2.270332,1.365628,0.690112,0.188743,3.013672,1.457341,2.070789,3.428748,2.256641,5.999929,3.898448,1.035757,0.450932,0.756214,2.40529,3.524486,0.496337,2.734524,3.552782,0.680783,2.107745,2.121679,2.069625,2.595614,0.131869,0.229008,0.400437,0.733753,0.54143,0.416932,0.049294,0.27862,1.993735,0.295092,0.643538,0.148869,0.466786,15.104001,3.466994,6.046605,9.648062,16.696616,8.73874,14.820507,3.504955,12.149197,16.119867,6.68099,7.258594,8.043089,8.361684,0.603878,0.583807,0.918441,1.015771,0.501647,0.311442,0.422232,0.15978,3.0828,0.332694,0.155312,1.930613,0.753277,0.883754,0.420242,0.007682,0.154279,0.0,0,0.023957,0.007067,0.005099,0.004494,0.004857,0.003883,0.033133,0.016078,0.045864,6.264788,4.497619,2.568903,0.758599,1.901767,3.8507,2.266624,1.667488,0.74149,4.074893,1.567353,2.916945,1.759035,2.573182,8.846276,5.272187,3.557252,2.063248,10.347409,5.129208,3.444986,2.706056,9.410179,12.037689,0.881394,4.355029,5.828515,4.783466,0.003531,0.005121,0.070711,0.003523,0,0.001597,0.0,0,0,0,0.00906,0.079646,0.101231,0.047427,0.455557,0,0.000804,0.025835,0,0.011979,0.007067,0.0017,0.453882,0.002428,0.002589,0.003823,0.005359,0.040563,0.045909,0.088339,0.036159,0.163228,0.299491,0.087044,0.199633,0.054393,0,0.167561,0.129426,0.176495,0.31322,0.151179,0,0,0,0,0,0,0,0,0,0,0,0,0,0
6,6509,9228,11903,4018,2180,14208,6793,2870,8157,4406,6097,12916,13450,102735,1850,3123,2515,765,731,2867,2129,264,422,831,816,4735,6496,27544,1716,544,644,4750,0,2753,734,409,86,1253,1129,3224,5478,22720,1725,3118,1366,396,100,3110,2057,305,1238,1498,527,3315,3648,22403,756,98,282,343,99,666,234,23,112,828,202,960,242,4845,4115,2682,7204,7492,2104,10655,8118,1874,5425,6381,4944,11119,12537,84650,187,492,1102,741,65,330,241,80,1413,139,135,3121,1316,9362,117,4,183,1,0,25,5,3,2,2,7,63,24,436,1665,3456,2946,796,253,4748,1324,958,411,1706,1205,4353,2891,26712,2585,4177,4398,1680,1396,6537,1956,1478,4136,4938,682,6920,9898,50781,1,3,100,3,0,1,0,0,0,0,4,146,169,427,132,0,1,29,0,9,7,0,229,1,0,4,13,425,15,79,46,141,45,112,114,31,0,77,105,290,561,1616,0,0,0,0,0,0,0,0,0,0,0,0,0,0,22.986192,11.814411,9.564484,4.718344,16.322252,11.346068,12.000919,4.87838,18.328278,10.699628,7.891127,8.229635,8.009147,9.711468,6.533178,3.99831,2.020892,0.898341,5.473196,2.289497,3.761218,0.448743,0.948208,2.018019,1.056119,3.01698,3.868209,2.603715,6.059964,0.696472,0.517477,5.577933,0.0,2.19846,1.296728,0.695212,0.193237,3.042813,1.461224,2.054223,3.262015,2.175168,6.091747,3.991909,1.09763,0.465023,0.748727,2.483549,3.634019,0.518434,2.78171,3.637777,0.682077,2.112205,2.172295,2.11774,2.669774,0.125467,0.226597,0.402785,0.74124,0.531847,0.413398,0.039095,0.251657,2.010734,0.261441,0.611679,0.144105,0.457994,14.531907,3.433707,5.78867,8.797867,15.75322,8.508752,14.341743,3.185395,12.189642,15.495762,6.39884,7.084647,7.465477,8.001906,0.660381,0.629897,0.885496,0.870157,0.486673,0.263528,0.425765,0.135983,3.174924,0.337551,0.174726,1.988595,0.783646,0.884983,0.413179,0.005121,0.147047,0.001174,0,0.019964,0.008833,0.005099,0.004494,0.004857,0.00906,0.040141,0.014291,0.041742,5.87986,4.424643,2.367216,0.934744,1.89428,3.791605,2.339057,1.628393,0.923492,4.142888,1.559588,2.773583,1.72152,2.525067,9.128792,5.347724,3.533949,1.972827,10.452231,5.220245,3.455586,2.512281,9.293338,11.991549,0.882688,4.409188,5.894017,4.800293,0.003531,0.003841,0.080354,0.003523,0,0.000799,0.0,0,0,0,0.005177,0.093026,0.100635,0.050629,0.466151,0,0.000804,0.034055,0,0.007187,0.012367,0.0,0.514549,0.002428,0.0,0.002549,0.007741,0.051185,0.052972,0.101142,0.036963,0.165577,0.336927,0.08944,0.201399,0.052693,0,0.186989,0.135898,0.184778,0.334062,0.159468,0,0,0,0,0,0,0,0,0,0,0,0,0,0
7,6423,9017,11683,3975,2081,13961,6725,2762,8364,4369,6148,12824,13254,101586,1856,3081,2456,683,739,2836,2131,240,431,837,846,4511,6188,26835,1690,518,641,4362,0,2651,694,385,90,1233,1289,3088,5318,21959,1774,3156,1385,339,101,3133,2105,294,1290,1513,584,3439,3664,22777,769,110,288,300,103,649,230,22,118,834,249,926,231,4829,3967,2726,6843,6913,2005,10335,7867,1715,5430,6306,5143,10799,12040,82089,199,497,1052,684,65,368,254,89,1435,139,153,3163,1348,9446,99,7,182,3,0,32,6,6,2,1,7,55,19,419,1545,3433,2782,895,235,4659,1328,931,472,1713,1287,4271,2795,26346,2561,4236,4291,1636,1395,6532,1957,1434,4155,4890,721,7021,9834,50663,1,5,98,4,0,3,0,0,0,0,9,156,169,445,117,0,0,35,0,12,5,0,241,2,1,7,9,429,19,87,38,166,40,121,115,35,0,82,114,284,554,1655,0,0,0,0,0,0,0,0,0,0,0,0,0,0,22.682488,11.544272,9.387706,4.667849,15.581012,11.148821,11.880786,4.694804,18.793394,10.609777,7.957134,8.171015,7.892433,9.602854,6.554367,3.944538,1.973483,0.802048,5.533094,2.264742,3.764752,0.407948,0.968431,2.032589,1.094947,2.874255,3.684803,2.536694,5.968146,0.663184,0.515066,5.122304,0.0,2.117006,1.226062,0.654417,0.202224,2.994245,1.668306,1.967568,3.166739,2.102311,6.264788,4.040559,1.112897,0.398088,0.756214,2.501917,3.718818,0.499737,2.898551,3.674203,0.75585,2.191213,2.181823,2.153094,2.715683,0.140831,0.231418,0.35229,0.771189,0.518271,0.406332,0.037395,0.265139,2.025304,0.322272,0.590016,0.137555,0.456482,14.009252,3.490039,5.498594,8.117947,15.01198,8.25321,13.898311,2.91513,12.200876,15.313631,6.656399,6.880754,7.169526,7.759816,0.702758,0.636298,0.845319,0.803222,0.486673,0.293873,0.448732,0.151281,3.224357,0.337551,0.198022,2.015356,0.802701,0.892924,0.349613,0.008962,0.146243,0.003523,0,0.025554,0.0106,0.010199,0.004494,0.002428,0.00906,0.035044,0.011314,0.040114,5.456086,4.395196,2.235436,1.051,1.759509,3.720533,2.346124,1.582499,1.060555,4.159887,1.665718,2.721335,1.664354,2.490469,9.044037,5.42326,3.447971,1.921157,10.444744,5.216252,3.457353,2.43749,9.33603,11.874985,0.933164,4.473542,5.855907,4.789138,0.003531,0.006401,0.078746,0.004697,0,0.002396,0.0,0,0,0,0.011648,0.099398,0.100635,0.052763,0.413179,0,0.0,0.041101,0,0.009583,0.008833,0.0,0.541512,0.004857,0.001294,0.00446,0.005359,0.05478,0.067098,0.111384,0.030534,0.194934,0.299491,0.096627,0.203166,0.059492,0,0.199131,0.147546,0.180955,0.329893,0.163317,0,0,0,0,0,0,0,0,0,0,0,0,0,0
8,6315,9013,11334,3934,2064,13568,6607,2766,8417,4416,6110,12548,12852,99944,1828,3065,2317,625,721,2782,2118,255,442,824,877,4431,5946,26231,1637,526,641,3952,0,2589,661,360,94,1242,1203,3068,5033,21006,1787,3229,1381,364,108,3111,2114,318,1352,1527,596,3461,3735,23083,787,97,262,288,101,596,221,22,109,846,277,927,228,4761,3858,2621,6635,6200,1938,9975,7574,1640,5397,6159,5056,10546,11637,79236,196,459,1023,641,72,384,255,86,1453,138,168,3209,1342,9426,100,8,165,2,0,32,7,4,2,2,7,58,28,415,1407,3382,2769,872,246,4430,1333,867,544,1757,1280,4155,2785,25827,2618,4288,4263,1585,1423,6501,1953,1451,4153,4835,782,7146,9838,50836,1,5,114,6,0,1,0,0,0,0,4,170,162,463,137,0,1,28,0,9,3,3,253,1,2,9,10,456,17,86,44,147,44,121,117,31,0,81,114,297,586,1685,0,0,0,0,0,0,0,0,0,0,0,0,0,0,22.301091,11.539151,9.107272,4.619702,15.453729,10.834984,11.67232,4.701603,18.912482,10.723913,7.907952,7.995158,7.653052,9.447637,6.455486,3.924054,1.861792,0.733938,5.398323,2.221619,3.741785,0.433445,0.993147,2.00102,1.135069,2.823282,3.540698,2.479598,5.78098,0.673427,0.515066,4.64084,0.0,2.067495,1.167762,0.611922,0.211212,3.0161,1.556999,1.954825,2.997029,2.011073,6.310697,4.13402,1.109683,0.427446,0.808625,2.484348,3.734718,0.540531,3.037861,3.708201,0.771381,2.205231,2.224101,2.18202,2.779249,0.124187,0.210526,0.338199,0.756214,0.475947,0.390432,0.037395,0.244916,2.054445,0.358511,0.590653,0.135768,0.450054,13.624325,3.35561,5.331458,7.28067,14.510332,7.965725,13.38068,2.787646,12.126727,14.956653,6.543798,6.719551,6.929549,7.490124,0.692164,0.587648,0.822017,0.752727,0.539084,0.30665,0.450498,0.146181,3.264802,0.335122,0.217436,2.044665,0.799128,0.891033,0.353145,0.010242,0.132583,0.002349,0,0.025554,0.012367,0.006799,0.004494,0.004857,0.00906,0.036956,0.016673,0.039731,4.968747,4.329902,2.22499,1.023991,1.841869,3.537661,2.354957,1.473713,1.222335,4.266738,1.656658,2.647424,1.658399,2.441408,9.24533,5.489835,3.425472,1.861268,10.654388,5.191497,3.450286,2.466387,9.331536,11.741422,1.012114,4.553187,5.858289,4.805492,0.003531,0.006401,0.091603,0.007046,0,0.000799,0.0,0,0,0,0.005177,0.108318,0.096467,0.054897,0.483808,0,0.000804,0.03288,0,0.007187,0.0053,0.005099,0.568475,0.002428,0.002589,0.005734,0.005955,0.047185,0.060035,0.110104,0.035356,0.172622,0.32944,0.096627,0.206699,0.052693,0,0.196702,0.147546,0.189238,0.348949,0.166277,0,0,0,0,0,0,0,0,0,0,0,0,0,0
9,6241,8984,10953,3745,2000,13274,6502,2651,8473,4345,5699,12300,12566,97733,1807,3044,2179,575,701,2721,2090,233,457,808,820,4291,5556,25282,1617,520,613,3633,0,2534,641,376,96,1223,1106,2889,4953,20201,1799,3204,1340,320,109,3132,2201,335,1400,1519,561,3432,3727,23079,792,91,257,284,97,581,210,27,109,861,225,877,222,4633,3725,2597,6496,5721,1877,9783,7330,1539,5285,5964,4838,10209,11213,76577,184,487,1057,620,71,388,265,81,1467,135,149,3222,1360,9486,96,9,164,1,0,31,8,5,2,2,8,65,14,405,1306,3294,2746,872,239,4289,1309,888,573,1755,1230,4009,2759,25269,2593,4252,4242,1492,1403,6420,1944,1418,4095,4703,712,7131,9837,50242,1,4,111,5,0,3,0,0,0,0,5,168,171,468,126,0,1,30,0,14,9,1,260,1,0,9,11,462,22,87,48,155,51,122,127,33,0,87,112,307,590,1741,0,0,0,0,0,0,0,0,0,0,0,0,0,0,22.039764,11.502023,8.801125,4.397759,14.974543,10.600204,11.486821,4.506128,19.03831,10.551495,7.37601,7.83714,7.482746,9.238633,6.381326,3.897168,1.750904,0.675223,5.248577,2.172906,3.692319,0.39605,1.026851,1.962165,1.061296,2.734079,3.308462,2.38989,5.710351,0.665745,0.492567,4.266238,0.0,2.023574,1.132429,0.639119,0.215706,2.96996,1.431456,1.840772,2.949391,1.934004,6.353074,4.102013,1.076738,0.375777,0.816113,2.501118,3.888418,0.569428,3.145714,3.688773,0.726082,2.186753,2.219337,2.181642,2.796906,0.116505,0.206509,0.333502,0.726265,0.463969,0.370999,0.045894,0.244916,2.090872,0.291209,0.558794,0.132196,0.437954,13.154642,3.324883,5.219767,6.718179,14.053609,7.8124,12.949615,2.615968,11.87507,14.48311,6.261648,6.504827,6.677068,7.238771,0.649786,0.623496,0.849337,0.728067,0.531596,0.309845,0.468165,0.137683,3.296259,0.327837,0.192845,2.052948,0.809847,0.896705,0.339019,0.011523,0.13178,0.001174,0,0.024756,0.014133,0.008499,0.004494,0.004857,0.010354,0.041416,0.008337,0.038774,4.61207,4.217238,2.206509,1.023991,1.789458,3.425062,2.312557,1.509408,1.287496,4.261881,1.591945,2.554398,1.642917,2.388661,9.157043,5.443745,3.408598,1.752058,10.504642,5.126813,3.434386,2.410294,9.201213,11.42087,0.921516,4.54363,5.857693,4.749341,0.003531,0.005121,0.089192,0.005872,0,0.002396,0.0,0,0,0,0.006471,0.107044,0.101826,0.05549,0.444962,0,0.000804,0.035229,0,0.01118,0.0159,0.0017,0.584204,0.002428,0.0,0.005734,0.00655,0.05196,0.077692,0.111384,0.03857,0.182017,0.381851,0.097425,0.224366,0.056093,0,0.211273,0.144958,0.19561,0.351331,0.171803,0,0,0,0,0,0,0,0,0,0,0,0,0,0
10,6164,8804,10902,3644,1953,13120,6283,2667,8429,4301,5626,12139,12311,96343,1784,3083,2100,543,691,2706,2068,202,454,782,811,4227,5381,24832,1594,516,608,3366,0,2468,613,361,98,1172,1060,2958,4801,19615,1822,3254,1371,285,102,3155,2232,351,1405,1502,545,3440,3768,23232,802,87,263,278,90,597,196,22,102,839,229,882,228,4615,3589,2546,6224,5152,1795,9466,7098,1496,5130,5802,4866,10093,10966,74223,192,455,988,595,71,353,271,87,1484,139,148,3224,1338,9345,110,8,160,1,0,30,7,5,2,3,3,62,18,409,1233,3286,2667,853,245,4243,1294,815,564,1707,1288,4021,2740,24956,2571,4258,4163,1446,1374,6414,1882,1478,4001,4621,684,7120,9701,49713,1,6,120,5,0,1,0,0,0,0,8,172,169,482,116,0,0,36,0,11,6,0,267,1,0,7,12,456,18,104,52,156,52,122,122,39,0,89,115,322,604,1795,0,0,0,0,0,0,0,0,0,0,0,0,0,0,21.767843,11.271573,8.760145,4.279155,14.622642,10.477225,11.099922,4.533324,18.939445,10.444644,7.281528,7.734557,7.3309,9.107237,6.300102,3.947099,1.687425,0.637646,5.173705,2.160928,3.653452,0.343356,1.02011,1.899026,1.049648,2.6933,3.204254,2.347352,5.629127,0.660624,0.48855,3.952699,0.0,1.970868,1.082962,0.613622,0.2202,2.846111,1.37192,1.884737,2.858878,1.877901,6.434297,4.166027,1.101647,0.334676,0.763702,2.519485,3.943184,0.596624,3.156949,3.64749,0.705374,2.191851,2.243752,2.196105,2.832221,0.111384,0.21133,0.326456,0.673854,0.476746,0.346265,0.037395,0.229188,2.037446,0.296386,0.56198,0.135768,0.436253,12.674365,3.259589,5.001205,6.050002,13.439653,7.559254,12.53975,2.542877,11.526795,14.089706,6.297888,6.430915,6.529985,7.016249,0.678038,0.582527,0.793893,0.698709,0.531596,0.281895,0.478765,0.147881,3.334457,0.337551,0.191551,2.054223,0.796746,0.883376,0.388459,0.010242,0.128566,0.001174,0,0.023957,0.012367,0.008499,0.004494,0.007285,0.003883,0.039504,0.010719,0.039157,4.354275,4.206995,2.143029,1.001679,1.834382,3.388328,2.286058,1.385324,1.267273,4.145317,1.667012,2.562044,1.631603,2.359073,9.079352,5.451426,3.345119,1.69804,10.287511,5.122021,3.324853,2.512281,8.990001,11.221739,0.885276,4.536621,5.776709,4.699335,0.003531,0.007682,0.096424,0.005872,0,0.000799,0.0,0,0,0,0.010354,0.109593,0.100635,0.05715,0.409648,0,0.0,0.042275,0,0.008784,0.0106,0.0,0.599933,0.002428,0.0,0.00446,0.007146,0.064602,0.063566,0.133149,0.041784,0.183191,0.389338,0.097425,0.215532,0.066292,0,0.21613,0.14884,0.205167,0.359667,0.177132,0,0,0,0,0,0,0,0,0,0,0,0,0,0
11,6133,8741,10467,3513,1913,12642,6182,2577,8322,4269,5444,11923,11947,94073,1747,3015,2009,523,673,2640,2021,233,449,780,761,4115,5140,24106,1569,513,566,3214,0,2379,599,344,102,1175,1109,2796,4717,19083,1821,3242,1359,307,102,3107,2251,301,1432,1512,561,3407,3747,23149,816,88,244,273,94,568,198,22,106,839,211,884,218,4561,3439,2507,6014,4862,1769,9274,6883,1450,4907,5594,4646,9844,10599,71788,191,469,969,551,65,352,254,82,1495,129,158,3140,1383,9238,95,6,168,2,0,27,11,3,1,2,3,74,17,409,1199,3278,2607,811,256,4295,1311,866,511,1724,1308,3966,2707,24839,2552,4126,4112,1393,1370,6257,1824,1389,3990,4496,673,7258,9639,49079,1,6,136,2,0,1,0,0,0,0,5,174,165,490,118,0,0,33,0,12,7,1,273,1,1,9,9,464,24,96,52,170,48,120,128,28,0,85,124,316,610,1801,0,0,0,0,0,0,0,0,0,0,0,0,0,0,21.658368,11.190915,8.410607,4.125321,14.323151,10.095509,10.92149,4.380344,18.699023,10.366935,7.045972,7.596929,7.114147,8.892655,6.169439,3.86004,1.614303,0.61416,5.038934,2.108222,3.570419,0.39605,1.008875,1.894169,0.984935,2.621938,3.060744,2.278723,5.540841,0.656783,0.454801,3.774205,0.0,1.899796,1.058229,0.584726,0.229188,2.853396,1.435339,1.781516,2.808858,1.826969,6.430766,4.150663,1.092005,0.360511,0.763702,2.481154,3.976751,0.511635,3.217616,3.671774,0.726082,2.170824,2.231247,2.188259,2.881661,0.112665,0.196063,0.320584,0.703804,0.453587,0.349799,0.037395,0.238175,2.037446,0.27309,0.563255,0.129814,0.431148,12.144648,3.209658,4.832463,5.709454,13.244984,7.405929,12.159918,2.464687,11.025727,13.584594,6.01315,6.272261,6.311446,6.78607,0.674506,0.600451,0.778626,0.64704,0.486673,0.281096,0.448732,0.139382,3.359173,0.313266,0.204494,2.000701,0.823543,0.873262,0.335488,0.007682,0.134994,0.002349,0,0.021561,0.019433,0.005099,0.002247,0.004857,0.003883,0.04715,0.010123,0.039157,4.234206,4.196753,2.094817,0.952359,1.916742,3.429854,2.316091,1.472013,1.148186,4.1866,1.692897,2.527,1.611952,2.348013,9.012254,5.282429,3.304138,1.635802,10.257562,4.996646,3.222387,2.361,8.965285,10.918186,0.87104,4.62455,5.739789,4.639404,0.003531,0.007682,0.109281,0.002349,0,0.000799,0.0,0,0,0,0.006471,0.110867,0.098253,0.058098,0.416711,0,0.0,0.038752,0,0.009583,0.012367,0.0017,0.613414,0.002428,0.001294,0.005734,0.005359,0.05511,0.084755,0.122907,0.041784,0.199631,0.359389,0.095828,0.226132,0.047594,0,0.206416,0.160489,0.201344,0.36324,0.177724,0,0,0,0,0,0,0,0,0,0,0,0,0,0
12,6029,8604,10296,3506,1872,12360,6001,2531,8239,4219,5430,11591,11629,92307,1709,2943,1888,490,654,2555,1984,218,441,765,776,3993,4959,23375,1543,469,592,2950,0,2296,592,337,103,1154,1040,2672,4629,18377,1829,3189,1346,281,97,3006,2186,307,1445,1495,521,3296,3736,22734,823,92,231,266,97,557,202,19,101,810,211,858,201,4468,3354,2399,5773,4695,1740,8903,6665,1413,4662,5343,4538,9557,10124,69166,192,468,895,524,68,352,271,91,1491,129,150,3161,1357,9149,92,8,147,2,0,31,7,3,1,3,3,59,17,373,1145,3231,2598,794,240,4220,1335,815,503,1722,1328,3944,2667,24542,2549,4076,3879,1414,1329,6247,1767,1403,3927,4352,675,7128,9370,48116,1,3,126,6,0,2,0,0,0,0,4,190,185,517,125,0,1,33,0,11,5,0,285,1,0,7,9,477,19,95,55,146,43,124,123,30,0,84,110,338,603,1770,0,0,0,0,0,0,0,0,0,0,0,0,0,0,21.291097,11.015517,8.273202,4.117101,14.016173,9.870312,10.601724,4.302154,18.512527,10.245513,7.027853,7.38539,6.924785,8.725717,6.035244,3.76786,1.517075,0.575408,4.896676,2.040344,3.505053,0.370553,0.9909,1.857743,1.004349,2.544203,2.952963,2.209623,5.449024,0.600451,0.475693,3.46419,0.0,1.833514,1.045862,0.572827,0.231435,2.802399,1.346034,1.702507,2.756456,1.759378,6.459018,4.082808,1.081559,0.329979,0.726265,2.400498,3.861918,0.521834,3.246826,3.630491,0.674311,2.100099,2.224697,2.149029,2.906381,0.117786,0.185617,0.312364,0.726265,0.444803,0.356865,0.032296,0.226941,1.967022,0.27309,0.546688,0.119691,0.422357,11.844475,3.071388,4.638811,5.513346,13.027853,7.109659,11.774786,2.401795,10.475228,12.97506,5.873369,6.089394,6.028595,6.538214,0.678038,0.59917,0.719164,0.615334,0.509134,0.281096,0.478765,0.15468,3.350185,0.313266,0.19414,2.014081,0.80806,0.864849,0.324893,0.010242,0.11812,0.002349,0,0.024756,0.012367,0.005099,0.002247,0.007285,0.003883,0.037593,0.010123,0.03571,4.043507,4.13658,2.087585,0.932395,1.796945,3.369961,2.358491,1.385324,1.13021,4.181743,1.718782,2.512982,1.588133,2.319938,9.00166,5.218416,3.116914,1.660462,9.950584,4.98866,3.121688,2.384797,8.823728,10.568494,0.873628,4.541718,5.579606,4.548372,0.003531,0.003841,0.101245,0.007046,0,0.001597,0.0,0,0,0,0.005177,0.121062,0.110163,0.0613,0.441431,0,0.000804,0.038752,0,0.008784,0.008833,0.0,0.640377,0.002428,0.0,0.00446,0.005359,0.057448,0.067098,0.121626,0.044194,0.171448,0.321953,0.099023,0.217299,0.050994,0,0.203987,0.142369,0.215362,0.359072,0.174665,0,0,0,0,0,0,0,0,0,0,0,0,0,0
13,5931,8408,10081,3461,1842,12053,5841,2485,8117,4156,5319,11405,11327,90426,1674,2926,1803,458,649,2570,1916,211,434,729,727,3843,4752,22692,1482,459,565,2948,0,2273,553,329,106,1130,970,2559,4442,17816,1806,3143,1351,294,99,3033,2163,286,1444,1539,526,3300,3698,22682,817,100,217,218,98,568,173,18,96,796,182,855,190,4328,3234,2355,5627,4274,1617,8679,6406,1354,4483,5136,4249,9285,9806,66505,191,459,890,509,67,344,262,74,1491,117,151,3082,1329,8966,92,9,140,2,0,24,9,2,1,3,3,67,22,374,1096,3150,2548,711,256,4103,1298,828,483,1753,1281,3899,2665,24071,2504,4027,3943,1348,1290,6110,1706,1415,3886,4229,696,7109,9272,47535,1,1,130,5,0,1,0,0,0,0,4,194,171,507,135,0,1,29,0,15,5,1,288,1,1,7,10,493,21,104,54,152,41,119,114,36,0,87,110,354,582,1774,0,0,0,0,0,0,0,0,0,0,0,0,0,0,20.945015,10.764582,8.100442,4.064258,13.791554,9.625152,10.319059,4.223964,18.2384,10.092523,6.884189,7.266877,6.744952,8.547907,5.911643,3.746095,1.448775,0.53783,4.859239,2.052322,3.38492,0.358654,0.975171,1.77032,0.94093,2.448629,2.8297,2.145059,5.233605,0.587648,0.453998,3.461841,0.0,1.815147,0.976963,0.559229,0.238175,2.744117,1.255436,1.630508,2.645103,1.705669,6.377794,4.023916,1.085577,0.345245,0.74124,2.42206,3.821285,0.486138,3.244579,3.737342,0.680783,2.102647,2.202069,2.144114,2.885193,0.128028,0.174367,0.255998,0.733753,0.453587,0.305632,0.030596,0.215706,1.933024,0.235556,0.544777,0.11314,0.409123,11.420701,3.015056,4.521495,5.018965,12.106918,6.93078,11.317221,2.301508,10.073026,12.472377,5.499327,5.916085,5.839234,6.286671,0.674506,0.587648,0.715147,0.59772,0.501647,0.274708,0.462865,0.125784,3.350185,0.284125,0.195434,1.963745,0.791387,0.84755,0.324893,0.011523,0.112495,0.002349,0,0.019166,0.0159,0.0034,0.002247,0.007285,0.003883,0.04269,0.0131,0.035806,3.870467,4.032878,2.047409,0.834928,1.916742,3.276528,2.293124,1.407421,1.085271,4.257024,1.657952,2.48431,1.586942,2.275415,8.842745,5.155682,3.168341,1.582959,9.65858,4.879256,3.013921,2.405195,8.731603,10.269798,0.900808,4.529612,5.52125,4.493451,0.003531,0.00128,0.10446,0.005872,0,0.000799,0.0,0,0,0,0.005177,0.12361,0.101826,0.060114,0.476745,0,0.000804,0.034055,0,0.011979,0.008833,0.0017,0.647118,0.002428,0.001294,0.00446,0.005955,0.051014,0.07416,0.133149,0.043391,0.178494,0.306978,0.09503,0.201399,0.061192,0,0.211273,0.142369,0.225557,0.346567,0.17506,0,0,0,0,0,0,0,0,0,0,0,0,0,0
14,5788,8249,9747,3355,1776,11745,5736,2525,8042,4040,5205,11202,10999,88409,1630,2791,1772,444,642,2546,1889,219,430,733,754,3774,4514,22138,1449,455,533,2865,2,2235,541,316,104,1093,978,2563,4331,17465,1768,3121,1303,300,99,2946,2130,307,1433,1492,468,3237,3653,22257,830,86,248,233,96,559,174,18,86,791,163,837,196,4317,3078,2280,5319,4016,1553,8261,6184,1293,4303,4941,4077,9025,9418,63748,196,457,914,526,68,343,263,66,1487,118,156,3151,1362,9107,86,8,111,3,0,24,11,1,1,4,7,66,16,338,1023,3126,2448,723,252,4034,1300,796,466,1720,1329,3848,2635,23700,2473,3947,3841,1338,1248,5990,1657,1298,3813,4133,672,7052,9063,46525,1,3,134,7,0,1,0,0,0,0,1,203,183,533,124,0,0,29,0,13,4,1,294,1,0,7,12,485,18,96,45,162,43,116,120,27,0,74,118,337,609,1765,0,0,0,0,0,0,0,0,0,0,0,0,0,0,20.440018,10.561018,7.832061,3.939782,13.297394,9.379192,10.133559,4.291955,18.06988,9.810826,6.736643,7.137532,6.549636,8.357241,5.756259,3.573258,1.423865,0.52139,4.806828,2.033157,3.33722,0.372253,0.966184,1.780034,0.975875,2.404664,2.687977,2.09269,5.117067,0.582527,0.428284,3.364374,0.014975,1.784802,0.955763,0.537132,0.233682,2.654266,1.26579,1.633056,2.579005,1.650954,6.243599,3.995749,1.047007,0.35229,0.74124,2.352584,3.762985,0.521834,3.219863,3.623206,0.605715,2.062506,2.175272,2.103939,2.931101,0.110104,0.199277,0.273612,0.718778,0.4464,0.307399,0.030596,0.193237,1.920882,0.210965,0.533308,0.116713,0.408083,10.869796,2.919035,4.274006,4.715995,11.627733,6.596978,10.925023,2.197821,9.668577,11.998834,5.276714,5.750422,5.608189,6.026054,0.692164,0.585087,0.734431,0.617683,0.509134,0.273909,0.464631,0.112186,3.341198,0.286554,0.201905,2.00771,0.811038,0.860878,0.303704,0.010242,0.089192,0.003523,0,0.019166,0.019433,0.0017,0.002247,0.009714,0.00906,0.042053,0.009528,0.032359,3.612671,4.002151,1.967055,0.84902,1.886792,3.221427,2.296657,1.353028,1.047073,4.176886,1.720077,2.451814,1.569078,2.240345,8.73327,5.05326,3.08638,1.571216,9.344115,4.783428,2.927355,2.20632,8.567577,10.036669,0.869745,4.493294,5.396795,4.397976,0.003531,0.003841,0.107674,0.00822,0,0.000799,0.0,0,0,0,0.001294,0.129345,0.108972,0.063197,0.437899,0,0.0,0.034055,0,0.010381,0.007067,0.0017,0.6606,0.002428,0.0,0.00446,0.007146,0.063424,0.063566,0.122907,0.036159,0.190237,0.321953,0.092634,0.211999,0.045894,0,0.179703,0.152723,0.214725,0.362645,0.174172,0,0,0,0,0,0,0,0,0,0,0,0,0,0
15,5721,8159,9622,3327,1764,11492,5569,2482,7904,4015,5037,10889,10753,86734,1610,2771,1697,420,626,2443,1817,193,411,715,715,3755,4351,21524,1407,453,485,2619,1,2169,526,326,101,1084,946,2478,4166,16761,1801,3112,1296,275,99,2898,2133,280,1442,1465,506,3259,3616,22182,829,95,222,240,101,551,179,22,84,793,187,821,200,4324,3011,2203,5185,3888,1543,8113,5920,1278,4150,4746,3804,8724,9010,61575,198,453,861,509,72,325,259,82,1490,115,149,3081,1333,8927,91,8,138,2,0,31,12,2,1,2,5,71,25,388,1000,3061,2474,672,256,4043,1325,783,439,1704,1277,3789,2616,23439,2467,3881,3757,1297,1243,5763,1573,1292,3759,4028,659,7000,8796,45515,1,1,135,4,0,1,0,0,0,0,3,198,181,524,126,0,0,38,0,7,6,1,307,1,0,8,12,506,21,96,44,161,41,134,118,25,0,88,116,333,598,1775,0,0,0,0,0,0,0,0,0,0,0,0,0,0,20.203411,10.445793,7.731619,3.906901,13.207547,9.177155,9.838527,4.218864,17.759802,9.750115,6.519207,6.938099,6.403149,8.198905,5.685631,3.547652,1.3636,0.493207,4.687032,1.950904,3.21002,0.328058,0.923492,1.736322,0.925399,2.392558,2.590914,2.034649,4.968747,0.579966,0.389715,3.075496,0.007487,1.732096,0.929263,0.55413,0.226941,2.63241,1.224374,1.578897,2.480751,1.584406,6.360137,3.984227,1.041382,0.322933,0.74124,2.314253,3.768285,0.47594,3.240085,3.557639,0.654897,2.076524,2.15324,2.096849,2.92757,0.121626,0.178385,0.281832,0.756214,0.440011,0.316232,0.037395,0.188743,1.925739,0.242027,0.523113,0.119095,0.408745,10.633189,2.820454,4.166332,4.565685,11.55286,6.47879,10.458625,2.172324,9.324795,11.525292,4.92338,5.558635,5.365235,5.820642,0.699227,0.579966,0.691844,0.59772,0.539084,0.259535,0.457565,0.139382,3.347938,0.279269,0.192845,1.963108,0.793769,0.843863,0.321362,0.010242,0.110888,0.002349,0,0.024756,0.0212,0.0034,0.002247,0.004857,0.006471,0.045239,0.014887,0.037146,3.531448,3.918933,1.987947,0.789131,1.916742,3.228614,2.340824,1.330931,0.986406,4.138032,1.652775,2.414222,1.557764,2.215672,8.712081,4.968761,3.018883,1.523069,9.306679,4.602153,2.778956,2.196121,8.446242,9.781685,0.85292,4.460161,5.237803,4.302501,0.003531,0.00128,0.108477,0.004697,0,0.000799,0.0,0,0,0,0.003883,0.126159,0.107781,0.06213,0.444962,0,0.0,0.044623,0,0.00559,0.0106,0.0017,0.68981,0.002428,0.0,0.005097,0.007146,0.06617,0.07416,0.122907,0.035356,0.189063,0.306978,0.107008,0.208466,0.042495,0,0.213701,0.150135,0.212176,0.356094,0.175158,0,0,0,0,0,0,0,0,0,0,0,0,0,0
16,5621,7940,9326,3231,1743,11162,5480,2476,7655,3943,4902,10580,10336,84395,1543,2648,1605,412,600,2356,1754,216,405,714,724,3531,4138,20646,1372,423,485,2629,1,2005,501,328,102,1050,872,2403,3999,16170,1797,3015,1282,345,106,2850,2116,317,1430,1456,486,3127,3549,21876,826,99,206,225,98,539,172,21,85,779,168,798,198,4214,2875,2154,4915,3829,1454,7697,5726,1164,4021,4505,3566,8368,8635,58909,196,439,845,455,59,344,267,87,1459,127,154,3061,1306,8799,104,6,111,1,0,34,10,1,1,2,4,79,26,379,917,2999,2436,664,251,3956,1302,785,421,1690,1286,3822,2536,23065,2419,3779,3583,1304,1208,5634,1523,1245,3651,3887,658,6871,8590,44352,1,3,137,6,0,1,0,0,0,0,4,203,170,525,125,0,1,41,0,13,4,0,305,1,0,11,13,514,23,105,47,166,42,112,118,35,0,88,123,342,577,1778,0,0,0,0,0,0,0,0,0,0,0,0,0,0,19.850267,10.165412,7.493773,3.794168,13.050314,8.913627,9.681295,4.208665,17.200315,9.575269,6.344481,6.741215,6.154836,7.977801,5.449024,3.390178,1.289675,0.483812,4.492363,1.881428,3.098721,0.367153,0.91001,1.733893,0.937047,2.249833,2.464078,1.951652,4.845146,0.541558,0.389715,3.087239,0.007487,1.601131,0.885096,0.557529,0.229188,2.549843,1.128598,1.53111,2.381307,1.528539,6.346011,3.86004,1.030133,0.405134,0.793651,2.275922,3.738252,0.538832,3.213122,3.535783,0.629012,1.992418,2.113343,2.067923,2.916976,0.126748,0.165528,0.264218,0.733753,0.430429,0.303865,0.035695,0.19099,1.891741,0.217436,0.508458,0.117904,0.398346,10.152912,2.75772,3.949377,4.496401,10.886493,6.146585,10.115893,1.978549,9.03494,10.940042,4.615345,5.331804,5.141932,5.568627,0.692164,0.562042,0.678988,0.534307,0.441749,0.274708,0.471698,0.147881,3.278283,0.30841,0.199317,1.950365,0.777691,0.831763,0.367271,0.007682,0.089192,0.001174,0,0.027151,0.017667,0.0017,0.002247,0.004857,0.005177,0.050336,0.015482,0.036285,3.238337,3.839555,1.957413,0.779736,1.879305,3.159139,2.300191,1.334331,0.945961,4.104034,1.664423,2.435248,1.510126,2.180318,8.542572,4.838173,2.879068,1.531289,9.044624,4.499138,2.690623,2.116231,8.203573,9.439277,0.851626,4.377967,5.115135,4.192564,0.003531,0.003841,0.110084,0.007046,0,0.000799,0.0,0,0,0,0.005177,0.129345,0.101231,0.062248,0.441431,0,0.000804,0.048146,0,0.010381,0.007067,0.0,0.685316,0.002428,0.0,0.007009,0.007741,0.061904,0.081223,0.134429,0.037766,0.194934,0.314465,0.08944,0.208466,0.059492,0,0.213701,0.159194,0.217911,0.343589,0.175455,0,0,0,0,0,0,0,0,0,0,0,0,0,0
17,5535,7703,9047,3130,1691,10698,5326,2374,7578,3825,4807,10284,9967,81965,1486,2581,1551,399,582,2269,1700,201,388,705,670,3498,3992,20022,1336,421,480,2457,0,1896,471,332,107,990,911,2269,3823,15493,1768,2989,1290,371,99,2762,2072,314,1419,1399,524,3162,3485,21654,849,95,185,220,103,537,165,19,83,790,175,786,203,4210,2798,2099,4803,3623,1414,7291,5479,1090,3895,4226,3543,8060,8240,56561,191,438,846,399,67,329,270,77,1449,121,156,2994,1315,8652,101,7,115,1,0,32,11,3,1,2,4,71,19,367,879,2941,2415,672,245,3697,1282,771,431,1657,1294,3731,2618,22633,2392,3718,3483,1173,1152,5407,1434,1196,3617,3765,672,6707,8376,43092,1,3,148,3,0,1,0,0,0,0,3,210,169,538,138,0,1,32,0,8,5,2,308,1,1,11,14,521,23,100,47,149,37,125,123,30,0,89,103,339,588,1753,0,0,0,0,0,0,0,0,0,0,0,0,0,0,19.546562,9.861986,7.269586,3.675564,12.660976,8.543091,9.409229,4.035288,17.0273,9.288715,6.221526,6.552614,5.935105,7.748095,5.247731,3.304399,1.246284,0.468546,4.357592,1.811953,3.003321,0.341657,0.871812,1.712038,0.867157,2.228806,2.377139,1.892666,4.718014,0.538997,0.385697,2.885259,0.0,1.514087,0.832097,0.564328,0.240422,2.404138,1.179074,1.445729,2.276503,1.483269,6.243599,3.826753,1.036561,0.435666,0.74124,2.205647,3.660519,0.533732,3.188406,3.397363,0.678194,2.014719,2.075232,2.046938,2.998199,0.121626,0.148654,0.258346,0.771189,0.428832,0.291499,0.032296,0.186496,1.918454,0.226496,0.500812,0.120882,0.397968,9.88099,2.687305,3.859381,4.254495,10.587002,5.822366,9.679528,1.852765,8.751826,10.262512,4.585577,5.135557,4.906719,5.346672,0.674506,0.560762,0.679791,0.468546,0.501647,0.262729,0.476998,0.130883,3.255814,0.293839,0.201905,1.907675,0.78305,0.817868,0.356676,0.008962,0.092407,0.001174,0,0.025554,0.019433,0.005099,0.002247,0.004857,0.005177,0.045239,0.011314,0.035136,3.104142,3.765299,1.940538,0.789131,1.834382,2.952309,2.264858,1.310534,0.968431,4.023896,1.674777,2.377266,1.558955,2.139482,8.447223,4.760076,2.798714,1.377456,8.625337,4.317862,2.53339,2.032942,8.127177,9.14301,0.869745,4.273472,4.987703,4.073457,0.003531,0.003841,0.118923,0.003523,0,0.000799,0.0,0,0,0,0.003883,0.133805,0.100635,0.06379,0.48734,0,0.000804,0.037578,0,0.006389,0.008833,0.0034,0.692057,0.002428,0.001294,0.007009,0.008337,0.053911,0.081223,0.128028,0.037766,0.174971,0.277029,0.099821,0.217299,0.050994,0,0.21613,0.133309,0.215999,0.35014,0.172988,0,0,0,0,0,0,0,0,0,0,0,0,0,0
18,5460,7530,8988,3047,1621,10338,5163,2403,7412,3787,4721,10085,9831,80386,1389,2452,1503,387,577,2248,1625,185,380,673,653,3409,3811,19292,1327,399,451,2429,1,1856,469,311,102,971,867,2177,3675,15035,1731,2916,1251,341,95,2717,2042,287,1416,1414,486,3045,3455,21196,865,84,196,211,99,517,151,22,78,802,175,768,197,4165,2713,2012,4594,3526,1375,6954,5261,1016,3790,4097,3328,7857,8006,54529,191,421,811,445,64,343,270,80,1443,120,120,3058,1301,8667,92,5,121,1,0,30,12,5,1,2,4,58,23,354,837,2823,2390,680,263,3622,1283,764,445,1649,1293,3741,2554,22344,2312,3632,3403,1207,1136,5184,1361,1218,3559,3686,662,6585,8177,42122,1,1,139,8,0,1,0,0,0,0,4,201,170,525,135,0,1,32,0,12,6,1,319,1,0,8,12,527,23,97,41,164,41,121,108,29,0,89,108,343,565,1729,0,0,0,0,0,0,0,0,0,0,0,0,0,0,19.281704,9.640498,7.222178,3.578097,12.136867,8.255606,9.121264,4.084581,16.654309,9.196435,6.11022,6.425818,5.85412,7.598833,4.905181,3.139243,1.207714,0.454455,4.320156,1.795183,2.870822,0.31446,0.853837,1.634328,0.845154,2.172099,2.269357,1.823659,4.686231,0.510831,0.362395,2.852379,0.007487,1.482144,0.828563,0.528633,0.229188,2.357998,1.122127,1.38711,2.188373,1.421248,6.112936,3.733292,1.005223,0.400437,0.711291,2.169712,3.607519,0.487838,3.181665,3.433789,0.629012,1.94017,2.057368,2.003643,3.054702,0.107543,0.157493,0.247778,0.74124,0.41286,0.266766,0.037395,0.175261,1.947595,0.226496,0.489343,0.117309,0.393715,9.580817,2.575921,3.691442,4.140587,10.294999,5.553249,9.294396,1.726981,8.515897,9.949246,4.30731,5.006212,4.767377,5.154588,0.674506,0.538997,0.651667,0.522564,0.479185,0.273909,0.476998,0.135983,3.242332,0.291411,0.155312,1.948453,0.774714,0.819285,0.324893,0.006401,0.097228,0.001174,0,0.023957,0.0212,0.008499,0.002247,0.004857,0.005177,0.036956,0.013696,0.033891,2.955822,3.614226,1.92045,0.798525,1.969152,2.892417,2.266624,1.298635,0.999888,4.004468,1.673483,2.383638,1.520845,2.112163,8.164707,4.649972,2.734431,1.417382,8.505541,4.139782,2.404424,2.070337,7.996854,8.951164,0.856803,4.195737,4.869204,3.981763,0.003531,0.00128,0.111691,0.009394,0,0.000799,0.0,0,0,0,0.005177,0.12807,0.101231,0.062248,0.476745,0,0.000804,0.037578,0,0.009583,0.0106,0.0017,0.716773,0.002428,0.0,0.005097,0.007146,0.05927,0.081223,0.124187,0.032945,0.192585,0.306978,0.096627,0.190799,0.049294,0,0.21613,0.13978,0.218548,0.336444,0.170619,0,0,0,0,0,0,0,0,0,0,0,0,0,0
19,5374,7303,8507,3004,1591,10011,5035,2318,7256,3726,4631,9894,9451,78101,1291,2348,1431,390,568,2168,1577,163,371,656,642,3174,3629,18408,1294,392,487,2378,1,1855,446,307,97,913,810,2104,3516,14600,1704,2865,1176,338,94,2756,2024,325,1405,1359,488,3037,3380,20951,851,91,198,190,99,514,148,21,82,786,173,767,176,4096,2615,1955,4409,3444,1313,6763,5118,989,3665,3929,3238,7620,7660,52718,194,402,777,448,64,370,269,71,1420,125,134,2950,1284,8508,93,5,105,1,0,26,11,2,1,3,3,64,29,343,815,2861,2407,661,263,3513,1248,733,432,1624,1268,3645,2456,21926,2287,3480,3369,1153,1094,5092,1334,1145,3491,3550,677,6513,8093,41278,1,0,136,2,0,0,0,0,0,0,2,212,164,517,150,0,1,27,0,12,4,1,312,1,0,13,12,533,20,100,42,156,41,130,111,30,0,92,109,327,554,1712,0,0,0,0,0,0,0,0,0,0,0,0,0,0,18.977999,9.349875,6.835677,3.527602,11.912249,7.994474,8.895131,3.9401,16.303786,9.048301,5.993736,6.304119,5.62784,7.382833,4.559099,3.006094,1.149859,0.457978,4.25277,1.731298,2.786022,0.277065,0.833614,1.593045,0.830917,2.022365,2.160981,1.740095,4.569693,0.501869,0.391322,2.792489,0.007487,1.481345,0.78793,0.521834,0.217953,2.21715,1.048354,1.340597,2.093692,1.380128,6.017587,3.667998,0.944958,0.396914,0.703804,2.200856,3.575719,0.55243,3.156949,3.300226,0.631601,1.935073,2.012707,1.980483,3.005262,0.116505,0.1591,0.223117,0.74124,0.410464,0.261466,0.035695,0.184249,1.90874,0.223908,0.488706,0.104804,0.387192,9.234735,2.502945,3.542788,4.044295,9.830788,5.400722,9.041764,1.681087,8.23503,9.541271,4.190826,4.855204,4.561343,4.983396,0.685101,0.514672,0.624347,0.526087,0.479185,0.295471,0.475231,0.120685,3.190653,0.303553,0.173431,1.879639,0.764591,0.804255,0.328425,0.006401,0.084371,0.001174,0,0.020763,0.019433,0.0034,0.002247,0.007285,0.003883,0.040779,0.017269,0.032838,2.87813,3.662877,1.93411,0.776213,1.969152,2.805373,2.204791,1.245942,0.970677,3.943758,1.641127,2.32247,1.462488,2.07265,8.076421,4.455369,2.707111,1.35397,8.191075,4.066313,2.356724,1.946253,7.844062,8.620899,0.876217,4.149861,4.819184,3.901981,0.003531,0.0,0.109281,0.002349,0,0.0,0.0,0,0,0,0.002589,0.135079,0.097658,0.080773,0.529717,0,0.000804,0.031706,0,0.009583,0.007067,0.0017,0.701045,0.002428,0.0,0.008283,0.007146,0.059945,0.070629,0.128028,0.033748,0.183191,0.306978,0.103814,0.196099,0.050994,0,0.223415,0.141075,0.208353,0.329893,0.168942,0,0,0,0,0,0,0,0,0,0,0,0,0,0
20,5291,7127,8391,2936,1590,9695,4899,2250,7178,3658,4441,9544,9169,76169,1221,2232,1366,360,549,2079,1523,180,363,635,604,3072,3472,17656,1252,363,440,2308,0,1768,413,314,99,895,777,1967,3292,13888,1667,2860,1189,291,89,2708,1981,312,1387,1359,451,2931,3316,20541,865,98,176,172,104,486,148,21,81,754,159,749,171,3984,2548,1952,4303,3275,1282,6508,4982,921,3574,3820,3124,7315,7319,50923,200,409,724,442,60,316,259,66,1414,126,131,2990,1307,8444,98,6,103,0,0,29,10,2,1,2,5,61,21,338,786,2804,2322,665,261,3314,1251,691,427,1586,1244,3535,2480,21366,2252,3482,3297,1173,1080,4872,1293,1073,3387,3485,665,6354,7853,40266,1,0,138,5,0,0,0,0,0,0,3,211,171,529,137,0,1,33,0,16,3,1,313,0,0,15,13,532,22,107,37,153,36,128,116,32,0,82,128,335,543,1719,0,0,0,0,0,0,0,0,0,0,0,0,0,0,18.684889,9.124546,6.742467,3.447749,11.904762,7.742126,8.654865,3.824514,16.128525,8.883169,5.747826,6.081111,5.459916,7.200203,4.311897,2.857582,1.09763,0.422749,4.110512,1.660225,2.690623,0.305961,0.815639,1.542048,0.781735,1.957374,2.067491,1.669009,4.421372,0.464741,0.353556,2.710288,0.0,1.41187,0.72963,0.533732,0.222447,2.173438,1.005643,1.253305,1.960306,1.32961,5.886923,3.661597,0.955404,0.341722,0.666367,2.162525,3.499753,0.530333,3.116504,3.300226,0.583713,1.867533,1.974597,1.941726,3.054702,0.125467,0.141422,0.20198,0.778676,0.388105,0.261466,0.035695,0.182002,1.83103,0.205788,0.477237,0.101826,0.376605,8.998128,2.499104,3.457613,3.845838,9.598682,5.197087,8.801498,1.565501,8.030558,9.276573,4.04328,4.660868,4.358286,4.813716,0.70629,0.523634,0.58176,0.519041,0.449236,0.252348,0.457565,0.112186,3.177171,0.305981,0.169549,1.905126,0.778287,0.798205,0.346082,0.007682,0.082764,0.0,0,0.023158,0.017667,0.0034,0.002247,0.004857,0.006471,0.038867,0.012505,0.035232,2.775718,3.589901,1.86581,0.780911,1.954178,2.646458,2.210091,1.174551,0.959443,3.851478,1.610064,2.252381,1.476779,2.019713,7.95282,4.45793,2.649257,1.377456,8.086253,3.890628,2.284291,1.823868,7.610381,8.463052,0.860685,4.048552,4.67627,3.806317,0.003531,0.0,0.110888,0.005872,0,0.0,0.0,0,0,0,0.003883,0.134442,0.101826,0.082648,0.483808,0,0.000804,0.038752,0,0.012777,0.0053,0.0017,0.703292,0.0,0.0,0.009557,0.007741,0.062738,0.077692,0.13699,0.029731,0.179668,0.269542,0.102217,0.204933,0.054393,0,0.199131,0.165666,0.213451,0.323343,0.169632,0,0,0,0,0,0,0,0,0,0,0,0,0,0
21,5205,6950,8262,2862,1543,9375,4764,2090,7060,3587,4338,9359,8837,74232,1197,2086,1259,357,536,2033,1469,166,353,620,598,2932,3334,16940,1204,356,420,2252,0,1685,412,281,108,859,807,1877,3150,13411,1652,2763,1187,303,86,2709,1969,274,1404,1323,479,2927,3234,20310,861,90,188,186,101,453,136,18,82,767,175,749,156,3962,2496,1868,4163,3053,1244,6287,4798,902,3465,3779,3137,7185,7113,49490,202,396,720,431,68,343,252,74,1396,129,132,2973,1314,8430,93,6,100,0,0,32,10,2,1,2,3,66,27,342,762,2735,2302,663,254,3286,1233,651,436,1575,1257,3544,2445,21143,2255,3432,3231,1109,1065,4854,1297,977,3329,3432,691,6365,7627,39664,1,1,135,0,0,0,0,0,0,0,0,216,170,523,139,0,1,33,0,11,2,1,313,1,0,12,12,525,24,99,51,161,39,128,128,27,0,88,109,351,545,1750,0,0,0,0,0,0,0,0,0,0,0,0,0,0,18.381184,8.897936,6.638811,3.360851,11.55286,7.486584,8.416366,3.552549,15.863386,8.710751,5.614516,5.963236,5.262218,7.017099,4.227143,2.670661,1.011651,0.419226,4.013178,1.623491,2.595223,0.282164,0.793169,1.505622,0.77397,1.86817,1.985316,1.601326,4.251863,0.455779,0.337485,2.644527,0.0,1.345589,0.727864,0.477639,0.242669,2.086015,1.044471,1.19596,1.875748,1.283943,5.833951,3.53741,0.953797,0.355813,0.643905,2.163323,3.478553,0.465741,3.154702,3.212803,0.619952,1.864985,1.925768,1.91989,3.040576,0.115225,0.151065,0.21842,0.756214,0.361752,0.240266,0.030596,0.184249,1.8626,0.226496,0.477237,0.092894,0.374525,8.814493,2.39156,3.345119,3.585143,9.314166,5.020603,8.476433,1.533205,7.785642,9.177008,4.060106,4.578037,4.235618,4.678255,0.713352,0.50699,0.578546,0.506124,0.509134,0.273909,0.445198,0.125784,3.136726,0.313266,0.170843,1.894294,0.782455,0.796882,0.328425,0.007682,0.080354,0.0,0,0.025554,0.017667,0.0034,0.002247,0.004857,0.003883,0.042053,0.016078,0.035649,2.690963,3.501562,1.849739,0.778562,1.901767,2.624098,2.178291,1.106559,0.979665,3.824765,1.62689,2.258116,1.455938,1.998633,7.963414,4.393916,2.596223,1.3023,7.973944,3.876254,2.291358,1.660689,7.480058,8.334345,0.894336,4.055561,4.541692,3.74941,0.003531,0.00128,0.108477,0.0,0,0.0,0.0,0,0,0,0.0,0.137628,0.101231,0.094107,0.490871,0,0.000804,0.038752,0,0.008784,0.003533,0.0017,0.703292,0.002428,0.0,0.007646,0.007146,0.059045,0.084755,0.126748,0.04098,0.189063,0.292004,0.102217,0.226132,0.045894,0,0.213701,0.141075,0.223645,0.324534,0.172691,0,0,0,0,0,0,0,0,0,0,0,0,0,0
22,5144,6805,8039,2795,1510,9021,4695,2078,6964,3589,4277,9136,8728,72781,1154,1999,1213,349,524,1971,1442,164,356,601,553,2800,3132,16258,1165,351,410,2113,1,1602,389,278,98,832,776,1825,3022,12862,1651,2688,1132,339,82,2621,1950,272,1402,1315,497,2871,3202,20022,853,75,182,176,105,448,133,15,81,758,143,721,157,3847,2458,1827,4056,2942,1209,6157,4751,864,3401,3699,3071,7004,6989,48428,208,399,710,416,63,306,250,53,1368,133,139,2923,1309,8277,104,5,94,2,0,29,12,3,1,3,6,68,19,346,732,2749,2240,647,252,3142,1235,707,453,1554,1234,3522,2403,20870,2219,3337,3190,1058,1047,4762,1264,988,3288,3418,721,6227,7500,39019,1,0,121,3,0,0,0,0,0,0,3,221,179,528,136,0,1,38,0,9,1,1,315,1,1,15,14,532,20,97,43,153,44,121,130,25,0,96,97,333,543,1702,0,0,0,0,0,0,0,0,0,0,0,0,0,0,18.165766,8.712296,6.459622,3.282173,11.30578,7.203891,8.294467,3.532151,15.64768,8.715607,5.535566,5.821148,5.197311,6.879937,4.07529,2.559277,0.974689,0.409831,3.92333,1.573979,2.547523,0.278765,0.79991,1.459482,0.715728,1.784064,1.86503,1.536857,4.114136,0.449378,0.32945,2.481299,0.007487,1.279307,0.687231,0.47254,0.2202,2.020447,1.004349,1.162828,1.799527,1.215836,5.83042,3.441389,0.909602,0.398088,0.613956,2.093049,3.444986,0.462341,3.150208,3.193375,0.643249,1.829303,1.906713,1.892666,3.012325,0.096021,0.146243,0.206677,0.786164,0.357759,0.234966,0.025497,0.182002,1.840744,0.18508,0.459397,0.09349,0.363654,8.680298,2.339069,3.25914,3.454795,9.052111,4.916789,8.3934,1.468613,7.641838,8.982734,3.974684,4.46271,4.161779,4.577865,0.734541,0.510831,0.57051,0.488509,0.471698,0.244362,0.441665,0.090089,3.073812,0.32298,0.179903,1.862436,0.779478,0.782419,0.367271,0.006401,0.075532,0.002349,0,0.023158,0.0212,0.005099,0.002247,0.007285,0.007766,0.043327,0.011314,0.033125,2.58502,3.519486,1.79992,0.759773,1.886792,2.509104,2.181825,1.201747,1.017863,3.773768,1.597122,2.244098,1.430928,1.972827,7.836282,4.27229,2.563278,1.242411,7.839173,3.802785,2.233058,1.679387,7.387934,8.300347,0.933164,3.967632,4.466067,3.688439,0.003531,0.0,0.097228,0.003523,0,0.0,0.0,0,0,0,0.003883,0.140814,0.10659,0.082491,0.480277,0,0.000804,0.044623,0,0.007187,0.001767,0.0017,0.707786,0.002428,0.001294,0.009557,0.008337,0.055049,0.070629,0.124187,0.034552,0.179668,0.32944,0.096627,0.229666,0.042495,0,0.233129,0.125544,0.212176,0.323343,0.167955,0,0,0,0,0,0,0,0,0,0,0,0,0,0
23,5111,6748,7851,2747,1465,8767,4484,2069,6816,3524,4199,8848,8527,71156,1135,1969,1224,329,534,1937,1396,161,348,583,571,2704,3106,15997,1166,334,393,2125,0,1556,374,292,101,789,730,1699,2878,12437,1639,2706,1129,302,75,2605,1860,286,1369,1327,462,2861,3139,19760,865,86,164,153,106,442,126,15,74,727,158,692,168,3776,2427,1803,4066,2864,1206,5990,4596,847,3312,3688,2964,6839,6845,47447,203,402,697,396,67,324,250,58,1361,133,144,2928,1282,8245,99,5,105,2,0,26,13,2,1,3,1,54,21,332,749,2769,2265,655,246,3116,1165,643,436,1555,1251,3549,2401,20800,2213,3347,3183,1057,1021,4622,1211,911,3228,3343,698,6241,7431,38506,1,1,117,4,0,0,0,0,0,0,3,230,174,530,132,0,1,37,0,10,2,1,316,1,0,13,12,525,20,87,39,151,41,113,114,22,0,98,92,326,546,1649,0,0,0,0,0,0,0,0,0,0,0,0,0,0,18.049228,8.63932,6.308558,3.225806,10.968853,7.001054,7.921702,3.516853,15.315133,8.55776,5.434614,5.637644,5.07762,6.726327,4.008193,2.520869,0.983528,0.386345,3.998203,1.546828,2.466257,0.273665,0.781935,1.41577,0.739025,1.722897,1.849547,1.512185,4.117668,0.427613,0.315789,2.495391,0.0,1.242573,0.660731,0.496337,0.226941,1.916025,0.944813,1.082545,1.713779,1.190694,5.788043,3.464434,0.907192,0.354639,0.561545,2.080272,3.285987,0.486138,3.076059,3.222516,0.59795,1.822932,1.869198,1.867899,3.054702,0.110104,0.13178,0.179668,0.793651,0.352967,0.222599,0.025497,0.166273,1.765463,0.204494,0.440919,0.10004,0.356943,8.570823,2.308342,3.267176,3.3632,9.02965,4.783428,8.119568,1.439717,7.44186,8.956021,3.836198,4.357577,4.07603,4.485132,0.716884,0.514672,0.560064,0.465023,0.501647,0.258736,0.441665,0.098587,3.058083,0.32298,0.186374,1.865622,0.7634,0.779394,0.349613,0.006401,0.084371,0.002349,0,0.020763,0.022967,0.0034,0.002247,0.007285,0.001294,0.034407,0.012505,0.031785,2.645054,3.545091,1.820008,0.769168,1.841869,2.488341,2.058158,1.092961,0.979665,3.776197,1.619124,2.261302,1.429737,1.96621,7.815093,4.285092,2.557654,1.241237,7.644504,3.690986,2.139425,1.548503,7.253118,8.118216,0.903396,3.976552,4.424979,3.639945,0.003531,0.00128,0.094014,0.004697,0,0.0,0.0,0,0,0,0.003883,0.146548,0.103613,0.073798,0.466151,0,0.000804,0.043449,0,0.007986,0.003533,0.0017,0.710033,0.002428,0.0,0.008283,0.007146,0.059045,0.070629,0.111384,0.031338,0.17732,0.306978,0.090238,0.201399,0.037395,0,0.237985,0.119072,0.207716,0.32513,0.162725,0,0,0,0,0,0,0,0,0,0,0,0,0,0
24,5050,6535,7653,2659,1451,8512,4366,2028,6737,3468,3966,8683,8373,69481,1092,1959,1142,298,525,1904,1371,159,337,580,578,2669,3004,15618,1102,318,376,2008,0,1488,364,238,101,781,703,1571,2806,11856,1604,2681,1100,296,76,2441,1842,257,1361,1318,485,2803,3116,19380,862,71,177,165,112,405,115,19,71,752,155,674,149,3727,2391,1802,3875,2684,1171,5811,4446,836,3260,3644,2831,6839,6653,46243,208,392,652,356,65,317,245,67,1364,133,127,2931,1288,8145,95,6,86,3,0,32,11,2,1,3,6,58,24,327,752,2731,2232,646,260,3039,1183,648,446,1521,1273,3421,2386,20538,2183,3332,3019,964,1016,4514,1186,927,3175,3345,660,6204,7320,37845,1,0,115,3,0,0,0,0,0,0,3,223,178,523,131,0,1,30,0,10,1,1,317,2,1,10,11,515,23,103,34,168,42,122,117,27,0,88,101,315,544,1684,0,0,0,0,0,0,0,0,0,0,0,0,0,0,17.83381,8.366621,6.149458,3.122468,10.864031,6.797419,7.713236,3.447162,15.137625,8.421768,5.13305,5.532511,4.985917,6.567991,3.856341,2.508066,0.917638,0.349942,3.930818,1.520475,2.42209,0.270266,0.757218,1.408485,0.748084,1.700596,1.788809,1.476359,3.891655,0.407129,0.302129,2.357998,0.0,1.188271,0.643064,0.404549,0.226941,1.896598,0.909867,1.000988,1.670904,1.13507,5.664442,3.432427,0.883889,0.347593,0.569033,1.949307,3.254187,0.436845,3.058083,3.200661,0.627718,1.785976,1.855502,1.831978,3.044108,0.0909,0.142226,0.19376,0.838574,0.32342,0.203166,0.032296,0.159533,1.826174,0.200611,0.42945,0.088726,0.352311,8.443691,2.307062,3.1137,3.151825,8.767595,4.640484,7.854569,1.42102,7.32502,8.849171,3.664061,4.357577,3.961699,4.371319,0.734541,0.501869,0.523905,0.418051,0.486673,0.253146,0.432832,0.113886,3.064824,0.32298,0.164372,1.867533,0.766973,0.769941,0.335488,0.007682,0.069104,0.003523,0,0.025554,0.019433,0.0034,0.002247,0.007285,0.007766,0.036956,0.014291,0.031306,2.655649,3.496441,1.793491,0.758599,1.946691,2.426851,2.089958,1.10146,1.002135,3.69363,1.647598,2.179744,1.420805,1.941443,7.70915,4.265888,2.425874,1.132027,7.607068,3.60474,2.095258,1.5757,7.13403,8.123072,0.854214,3.952977,4.358881,3.577462,0.003531,0.0,0.092407,0.003523,0,0.0,0.0,0,0,0,0.003883,0.142088,0.105995,0.08171,0.46262,0,0.000804,0.035229,0,0.007986,0.001767,0.0017,0.71228,0.004857,0.001294,0.006372,0.00655,0.05329,0.081223,0.131869,0.02732,0.197283,0.314465,0.097425,0.206699,0.045894,0,0.213701,0.130721,0.200707,0.323939,0.166179,0,0,0,0,0,0,0,0,0,0,0,0,0,0
25,4993,6397,7497,2647,1406,8255,4343,1967,6603,3469,3986,8517,8276,68356,1063,1900,1102,266,517,1872,1350,153,328,570,517,2612,2907,15157,1114,317,373,1902,0,1440,330,241,100,773,668,1532,2757,11547,1602,2670,1123,298,73,2429,1818,254,1335,1315,438,2804,3013,19172,866,84,164,174,108,423,116,11,70,739,134,652,159,3700,2385,1772,3756,2480,1165,5749,4369,795,3180,3573,2787,6748,6602,45361,195,387,678,375,62,320,254,53,1357,132,98,2927,1290,8128,81,5,89,4,0,29,10,1,1,3,3,59,22,307,748,2705,2214,636,268,3017,1129,624,433,1529,1199,3479,2423,20404,2183,3284,3042,1062,1001,4483,1183,883,3132,3318,641,6224,7254,37690,1,0,118,4,0,0,0,0,0,0,2,222,168,515,132,0,0,33,0,8,3,0,313,2,0,15,12,518,18,98,47,152,43,105,115,29,0,88,87,312,523,1617,0,0,0,0,0,0,0,0,0,0,0,0,0,0,17.632518,8.189942,6.024106,3.108376,10.527104,6.592187,7.672603,3.343475,14.836535,8.424197,5.158936,5.426742,4.928156,6.461645,3.753929,2.432529,0.885496,0.312364,3.870919,1.494921,2.38499,0.260067,0.736996,1.384201,0.669134,1.664277,1.731048,1.432781,3.934033,0.405848,0.299719,2.233522,0.0,1.149939,0.582998,0.409648,0.224694,1.87717,0.864568,0.976138,1.641726,1.105487,5.657379,3.418344,0.90237,0.349942,0.546571,1.939724,3.211787,0.431745,2.999663,3.193375,0.566888,1.786613,1.794168,1.812316,3.058234,0.107543,0.13178,0.204328,0.808625,0.337795,0.204933,0.018698,0.157286,1.794604,0.173431,0.415432,0.094681,0.349758,8.422502,2.268654,3.01808,2.912268,8.722671,4.590973,7.718536,1.351328,7.145265,8.676753,3.607113,4.299595,3.93133,4.287944,0.688632,0.495468,0.544797,0.440363,0.464211,0.255542,0.448732,0.090089,3.049096,0.320552,0.126838,1.864985,0.768163,0.768334,0.286047,0.006401,0.071515,0.004697,0,0.023158,0.017667,0.0017,0.002247,0.007285,0.003883,0.037593,0.0131,0.029392,2.641523,3.463154,1.779028,0.746856,2.006589,2.409283,1.994559,1.060665,0.972924,3.713058,1.551822,2.2167,1.442837,1.928776,7.70915,4.204435,2.444355,1.247108,7.494759,3.579985,2.089958,1.500909,7.037412,8.057505,0.829623,3.96572,4.31958,3.56281,0.003531,0.0,0.094817,0.004697,0,0.0,0.0,0,0,0,0.002589,0.141451,0.10004,0.08046,0.466151,0,0.0,0.038752,0,0.006389,0.0053,0.0,0.703292,0.004857,0.0,0.009557,0.007146,0.073385,0.063566,0.125467,0.037766,0.178494,0.321953,0.08385,0.203166,0.049294,0,0.213701,0.112601,0.198796,0.311434,0.159567,0,0,0,0,0,0,0,0,0,0,0,0,0,0
26,4933,6249,7225,2541,1382,7998,4261,1962,6548,3401,3937,8368,8043,66848,1049,1894,1078,246,502,1799,1328,151,323,527,473,2568,2935,14873,1086,291,360,1782,0,1408,315,247,100,743,697,1461,2687,11177,1591,2547,1081,251,74,2367,1780,223,1326,1289,432,2783,3029,18773,875,77,171,156,106,418,112,14,67,713,125,634,139,3607,2363,1734,3803,2482,1165,5582,4292,833,3145,3548,2787,6604,6574,44912,200,372,687,330,69,299,248,51,1346,133,107,2894,1266,8002,85,5,98,0,0,23,7,1,1,4,3,50,23,300,741,2687,2210,571,267,3054,1106,626,436,1526,1240,3354,2392,20210,2170,3273,3020,993,1002,4526,1167,858,3124,3259,603,6179,7226,37400,1,0,114,3,0,0,0,0,0,0,4,220,182,524,130,0,0,35,0,11,3,0,307,2,0,10,12,510,26,95,44,161,40,113,118,27,0,87,88,320,555,1674,0,0,0,0,0,0,0,0,0,0,0,0,0,0,17.420631,8.000461,5.805544,2.9839,10.347409,6.386955,7.527737,3.334976,14.712954,8.259064,5.095517,5.331804,4.78941,6.319095,3.704488,2.424848,0.866211,0.288878,3.75861,1.436626,2.346124,0.256667,0.725761,1.279779,0.612187,1.636242,1.747721,1.405934,3.835152,0.372561,0.289273,2.092605,0.0,1.124385,0.556498,0.419847,0.224694,1.804318,0.902102,0.930899,1.600043,1.070064,5.618533,3.26087,0.868622,0.29475,0.554058,1.890213,3.144654,0.379052,2.979441,3.130236,0.559122,1.773233,1.803696,1.774599,3.090017,0.098581,0.137405,0.183191,0.793651,0.333802,0.197866,0.023797,0.150545,1.731465,0.161783,0.403963,0.082771,0.340967,8.344811,2.220003,3.055846,2.914617,8.722671,4.457612,7.582503,1.41592,7.066622,8.616042,3.607113,4.207844,3.914656,4.2455,0.70629,0.476264,0.552029,0.38752,0.516622,0.238772,0.438132,0.086689,3.024379,0.32298,0.138486,1.843958,0.753872,0.756424,0.300173,0.006401,0.078746,0.0,0,0.018367,0.012367,0.0017,0.002247,0.009714,0.003883,0.031858,0.013696,0.031271,2.616803,3.440109,1.775814,0.670526,1.999102,2.43883,1.953926,1.064065,0.979665,3.705772,1.604887,2.137054,1.424378,1.910437,7.663241,4.190352,2.426677,1.166081,7.502246,3.614323,2.061692,1.458415,7.019436,7.914228,0.780441,3.937048,4.302907,3.535396,0.003531,0.0,0.091603,0.003523,0,0.0,0.0,0,0,0,0.005177,0.140176,0.108377,0.081867,0.459088,0,0.0,0.041101,0,0.008784,0.0053,0.0,0.68981,0.004857,0.0,0.006372,0.007146,0.072252,0.091818,0.121626,0.035356,0.189063,0.299491,0.090238,0.208466,0.045894,0,0.211273,0.113895,0.203893,0.330489,0.165192,0,0,0,0,0,0,0,0,0,0,0,0,0,0
27,4884,6175,7063,2465,1330,7814,4135,1939,6436,3370,3863,8238,7938,65650,1026,1853,1097,199,489,1764,1287,146,318,524,498,2489,2830,14520,1096,300,368,1714,0,1336,295,226,96,732,631,1396,2569,10759,1577,2539,1058,257,68,2334,1739,235,1304,1286,420,2711,2950,18478,865,74,127,149,108,399,111,9,63,751,120,650,146,3572,2346,1709,3722,2383,1140,5501,4153,724,3100,3487,2602,6468,6448,43783,197,361,653,362,67,317,245,69,1341,135,100,2840,1286,7973,75,7,96,1,0,31,8,3,1,5,4,52,20,303,730,2750,2208,543,286,3081,1135,665,451,1548,1134,3331,2338,20200,2157,3306,3022,943,990,4447,1145,844,3071,3248,525,6139,7123,36960,1,0,119,2,0,0,0,0,0,0,3,207,173,505,129,0,0,38,0,12,2,0,302,2,0,17,11,513,24,95,41,157,39,120,114,36,0,85,105,310,537,1663,0,0,0,0,0,0,0,0,0,0,0,0,0,0,17.24759,7.90572,5.675372,2.894653,9.958071,6.240018,7.305137,3.295881,14.461296,8.183783,4.999741,5.248973,4.726885,6.205849,3.623265,2.372356,0.881479,0.233686,3.661276,1.408676,2.273691,0.248168,0.714526,1.272493,0.644543,1.585906,1.685196,1.372566,3.870467,0.384084,0.295701,2.012753,0.0,1.066888,0.521165,0.384151,0.215706,1.777605,0.81668,0.889484,1.529777,1.030045,5.569093,3.250627,0.850141,0.301796,0.509134,1.86386,3.072221,0.399449,2.930008,3.122951,0.543591,1.727357,1.756653,1.746713,3.054702,0.094741,0.102049,0.174971,0.808625,0.318629,0.196099,0.015298,0.141557,1.823745,0.155312,0.414158,0.086939,0.337659,8.284776,2.187996,2.990759,2.798361,8.53549,4.392928,7.336937,1.230644,6.965509,8.467908,3.367674,4.121189,3.839627,4.138777,0.695695,0.462181,0.524709,0.425097,0.501647,0.253146,0.432832,0.117285,3.013145,0.327837,0.129426,1.809551,0.765782,0.753682,0.264859,0.008962,0.077139,0.001174,0,0.024756,0.014133,0.005099,0.002247,0.012142,0.005177,0.033133,0.01191,0.029009,2.577957,3.520766,1.774207,0.637646,2.14136,2.460391,2.005159,1.130356,1.013369,3.759198,1.467695,2.1224,1.392222,1.909492,7.617332,4.232601,2.428284,1.107366,7.412399,3.551236,2.022825,1.434618,6.900348,7.887515,0.679489,3.911561,4.241573,3.493803,0.003531,0.0,0.095621,0.002349,0,0.0,0.0,0,0,0,0.003883,0.131893,0.103017,0.078898,0.455557,0,0.0,0.044623,0,0.009583,0.003533,0.0,0.678575,0.004857,0.0,0.010832,0.00655,0.072677,0.084755,0.121626,0.032945,0.184365,0.292004,0.095828,0.201399,0.061192,0,0.206416,0.135898,0.197521,0.31977,0.164106,0,0,0,0,0,0,0,0,0,0,0,0,0,0
28,4827,6071,6886,2475,1329,7595,4074,1903,6334,3304,3692,8063,7796,64349,1006,1842,1023,198,483,1705,1241,143,316,520,449,2466,2737,14129,1061,283,366,1571,0,1338,300,224,99,723,623,1345,2523,10456,1561,2529,1062,247,68,2257,1711,227,1294,1254,405,2654,2894,18163,876,74,159,145,106,399,111,15,63,744,102,631,133,3558,2353,1707,3633,2338,1120,5338,4124,726,3045,3429,2553,6446,6332,43144,188,385,656,372,60,291,252,56,1335,139,106,2785,1288,7913,81,5,71,0,0,25,8,1,1,4,7,46,19,268,742,2723,2129,580,297,3037,1173,652,453,1529,1159,3304,2328,20106,2146,3272,2943,953,986,4392,1099,821,3001,3183,562,6181,7081,36620,1,0,110,2,0,1,0,0,0,0,0,215,174,503,136,0,0,24,0,8,2,0,299,2,0,12,11,494,18,99,41,111,39,112,115,24,0,84,93,322,539,1597,0,0,0,0,0,0,0,0,0,0,0,0,0,0,17.046297,7.772571,5.533146,2.906396,9.950584,6.065131,7.197371,3.234689,14.232109,8.023507,4.778422,5.137469,4.642328,6.082866,3.552636,2.358273,0.822017,0.232512,3.616352,1.36156,2.192425,0.243069,0.710033,1.26278,0.581124,1.571251,1.629817,1.335605,3.746866,0.362319,0.294094,1.844828,0.0,1.068485,0.529998,0.380752,0.222447,1.755749,0.806326,0.856988,1.502385,1.001037,5.51259,3.237825,0.853355,0.290052,0.509134,1.80237,3.022755,0.385851,2.907538,3.045242,0.524177,1.691038,1.723306,1.716936,3.093548,0.094741,0.127762,0.170274,0.793651,0.318629,0.196099,0.025497,0.141557,1.806746,0.132015,0.402052,0.079198,0.336335,8.309496,2.185436,2.919245,2.745517,8.385744,4.262761,7.285704,1.234043,6.841928,8.32706,3.304256,4.107171,3.770551,4.078372,0.663912,0.492907,0.527119,0.43684,0.449236,0.232384,0.445198,0.095188,2.999663,0.337551,0.137192,1.774507,0.766973,0.74801,0.286047,0.006401,0.057051,0.0,0,0.019964,0.014133,0.0017,0.002247,0.009714,0.00906,0.02931,0.011314,0.027935,2.620334,3.486199,1.710727,0.681095,2.22372,2.425254,2.072292,1.108259,1.017863,3.713058,1.500052,2.105196,1.386267,1.900606,7.578486,4.189072,2.364805,1.119109,7.38245,3.507315,1.941559,1.395523,6.743063,7.729668,0.727376,3.938322,4.216563,3.461663,0.003531,0.0,0.088389,0.002349,0,0.000799,0.0,0,0,0,0.0,0.136991,0.103613,0.073108,0.480277,0,0.0,0.028183,0,0.006389,0.003533,0.0,0.671835,0.004857,0.0,0.007646,0.00655,0.069985,0.063566,0.126748,0.032945,0.130347,0.292004,0.08944,0.203166,0.040795,0,0.203987,0.120367,0.205167,0.320961,0.157593,0,0,0,0,0,0,0,0,0,0,0,0,0,0
29,4823,6004,6831,2418,1277,7385,3940,1841,6283,3283,3655,7883,7672,63295,1011,1827,1035,193,488,1676,1233,133,312,521,480,2384,2751,14044,1054,300,352,1525,0,1293,289,220,97,718,584,1308,2494,10234,1577,2495,1056,245,68,2269,1685,230,1271,1249,420,2617,2894,18076,876,67,137,141,107,394,105,10,62,747,94,621,141,3502,2327,1720,3542,2305,1134,5284,4014,717,3016,3339,2558,6376,6196,42528,193,381,667,329,64,309,245,41,1320,137,98,2804,1292,7880,85,5,89,0,0,31,8,2,1,4,3,49,20,297,737,2708,2116,555,279,2988,1162,627,440,1512,1137,3388,2342,19991,2118,3229,2934,946,967,4372,1068,820,3018,3137,570,6195,7080,36454,1,0,113,0,0,0,0,0,0,0,8,208,183,513,135,0,1,32,0,12,1,0,294,2,0,13,10,500,17,96,44,154,42,117,108,26,0,85,79,310,540,1618,0,0,0,0,0,0,0,0,0,0,0,0,0,0,17.032171,7.686793,5.488951,2.839461,9.561246,5.897432,6.960639,3.129303,14.117515,7.97251,4.730534,5.022779,4.568489,5.983232,3.570293,2.339069,0.831659,0.22664,3.653789,1.338402,2.178291,0.226071,0.701045,1.265208,0.621247,1.519003,1.638153,1.32757,3.722146,0.384084,0.282845,1.79081,0.0,1.03255,0.510565,0.373953,0.217953,1.743607,0.75585,0.833413,1.485116,0.979783,5.569093,3.194295,0.848534,0.287704,0.509134,1.811953,2.976821,0.39095,2.855859,3.033099,0.543591,1.667463,1.723306,1.708712,3.093548,0.085779,0.110084,0.165577,0.801138,0.314636,0.185499,0.016998,0.13931,1.814031,0.121661,0.39568,0.083962,0.331042,8.217678,2.202079,2.846123,2.706765,8.490566,4.219638,7.091372,1.218745,6.776767,8.108502,3.310727,4.06257,3.689567,4.020142,0.681569,0.487786,0.535958,0.386345,0.479185,0.246758,0.432832,0.069691,2.965959,0.332694,0.126838,1.786613,0.769354,0.744891,0.300173,0.006401,0.071515,0.0,0,0.024756,0.014133,0.0034,0.002247,0.009714,0.003883,0.031221,0.01191,0.030958,2.602677,3.466994,1.700281,0.651737,2.088949,2.386124,2.052858,1.065765,0.988653,3.671774,1.471578,2.158718,1.394604,1.889735,7.479606,4.13402,2.357573,1.110889,7.240192,3.491344,1.886792,1.393823,6.781261,7.617961,0.73773,3.947243,4.215967,3.445971,0.003531,0.0,0.0908,0.0,0,0.0,0.0,0,0,0,0.010354,0.132531,0.108972,0.092448,0.476745,0,0.000804,0.037578,0,0.009583,0.001767,0.0,0.6606,0.004857,0.0,0.008283,0.005955,0.060218,0.060035,0.122907,0.035356,0.180842,0.314465,0.093433,0.190799,0.044194,0,0.206416,0.102247,0.197521,0.321557,0.159666,0,0,0,0,0,0,0,0,0,0,0,0,0,0
30,4784,5938,6615,2351,1263,7200,3851,1846,6154,3208,3537,7738,7598,62083,990,1808,1009,188,484,1645,1224,126,304,511,441,2358,2765,13853,1006,302,329,1488,0,1242,308,215,97,691,580,1289,2429,9976,1551,2496,1039,241,65,2224,1663,243,1249,1232,404,2616,2854,17877,886,77,146,137,110,359,103,8,65,743,100,628,143,3505,2314,1673,3514,2314,1097,5264,3960,737,2943,3292,2486,6340,6114,42048,187,381,677,348,67,288,258,57,1311,137,108,2772,1289,7880,81,6,75,0,0,37,10,1,1,4,2,52,19,288,755,2766,2232,562,277,2949,1160,630,470,1485,1177,3333,2239,20035,2130,3269,2955,964,971,4384,1070,782,2978,3094,533,6121,6937,36188,1,1,111,4,0,0,0,0,0,0,2,206,174,499,140,0,0,32,0,4,2,0,290,2,1,10,10,491,19,95,42,137,39,121,113,33,0,81,86,307,535,1608,0,0,0,0,0,0,0,0,0,0,0,0,0,0,16.894445,7.602294,5.315388,2.760783,9.456424,5.749697,6.803406,3.137801,13.82766,7.790379,4.577811,4.93039,4.524423,5.868663,3.496133,2.314744,0.810767,0.220769,3.623839,1.313646,2.162391,0.214173,0.683069,1.240924,0.57077,1.502437,1.64649,1.309514,3.552636,0.386644,0.264363,1.747361,0.0,0.991823,0.544131,0.365454,0.217953,1.67804,0.750673,0.821307,1.44641,0.955083,5.477275,3.195575,0.834873,0.283007,0.486673,1.776017,2.937955,0.413048,2.806426,2.991816,0.522883,1.666826,1.699487,1.6899,3.128863,0.098581,0.117316,0.160879,0.8236,0.286686,0.181966,0.013598,0.146051,1.804318,0.129426,0.40014,0.085153,0.331325,8.17177,2.141906,2.823624,2.717334,8.213537,4.203667,6.995972,1.252741,6.61274,7.994366,3.21754,4.039632,3.640738,3.974768,0.660381,0.487786,0.543994,0.408657,0.501647,0.229988,0.455798,0.096888,2.945736,0.332694,0.13978,1.766224,0.767568,0.744891,0.286047,0.007682,0.060265,0.0,0,0.029547,0.017667,0.0017,0.002247,0.009714,0.002589,0.033133,0.011314,0.03002,2.666243,3.541251,1.793491,0.659957,2.073974,2.35498,2.049325,1.070864,1.056061,3.606207,1.523349,2.123674,1.33327,1.893895,7.521983,4.185231,2.374448,1.132027,7.270141,3.500926,1.890326,1.329231,6.691383,7.513538,0.689843,3.900092,4.130814,3.420827,0.003531,0.00128,0.089192,0.004697,0,0.0,0.0,0,0,0,0.002589,0.131256,0.103613,0.069482,0.494403,0,0.0,0.037578,0,0.003194,0.003533,0.0,0.651612,0.004857,0.001294,0.006372,0.005955,0.062697,0.067098,0.121626,0.033748,0.160879,0.292004,0.096627,0.199633,0.056093,0,0.196702,0.111307,0.19561,0.318579,0.158679,0,0,0,0,0,0,0,0,0,0,0,0,0,0
31,4770,5825,6465,2253,1240,7102,3784,1763,6016,3184,3510,7646,7465,61023,987,1793,965,161,475,1619,1198,131,302,504,428,2337,2673,13573,1007,287,341,1418,0,1223,283,206,90,685,544,1259,2396,9739,1539,2477,992,234,66,2170,1649,234,1229,1202,383,2573,2819,17567,878,68,146,125,111,358,103,17,64,737,94,595,122,3418,2266,1629,3522,2205,1071,5160,3878,673,2877,3228,2370,6259,6092,41230,189,381,696,334,66,286,258,44,1299,131,100,2759,1263,7806,79,6,88,0,0,30,9,1,1,4,6,55,20,299,741,2763,2186,590,289,3017,1152,639,471,1463,1141,3321,2238,20011,2095,3186,2870,902,942,4364,1063,809,2903,3019,486,6104,6858,35601,1,1,100,4,0,0,0,0,0,0,4,208,166,484,132,0,0,26,0,9,2,0,292,2,1,12,13,489,20,91,42,158,38,112,128,32,0,85,90,268,528,1592,0,0,0,0,0,0,0,0,0,0,0,0,0,0,16.845005,7.457623,5.194857,2.645701,9.284217,5.671437,6.68504,2.996719,13.517582,7.732096,4.542866,4.87177,4.445225,5.768462,3.485539,2.29554,0.775412,0.189063,3.556454,1.292883,2.116458,0.222672,0.678575,1.223925,0.553945,1.489057,1.591706,1.283046,3.556168,0.36744,0.274006,1.66516,0.0,0.97665,0.499965,0.350156,0.202224,1.663469,0.70408,0.802192,1.426759,0.932393,5.434898,3.17125,0.797107,0.274787,0.49416,1.732895,2.913222,0.397749,2.761487,2.918964,0.495703,1.639428,1.678646,1.660596,3.100611,0.087059,0.117316,0.146788,0.831087,0.285888,0.181966,0.028896,0.143804,1.789747,0.121661,0.379114,0.072648,0.323101,8.00226,2.085574,2.830052,2.589335,8.018868,4.120616,6.851106,1.143955,6.464442,7.838947,3.067405,3.988021,3.627637,3.897443,0.667444,0.487786,0.559261,0.392217,0.49416,0.228391,0.455798,0.074791,2.918773,0.318123,0.129426,1.757941,0.752086,0.737896,0.278984,0.007682,0.070711,0.0,0,0.023957,0.0159,0.0017,0.002247,0.009714,0.007766,0.035044,0.01191,0.031167,2.616803,3.53741,1.756529,0.692838,2.163822,2.409283,2.035192,1.086162,1.058308,3.552782,1.476755,2.116028,1.332674,1.891626,7.398383,4.078968,2.306147,1.05922,7.05301,3.484955,1.877959,1.375125,6.522863,7.331407,0.629012,3.889261,4.083772,3.365338,0.003531,0.00128,0.080354,0.004697,0,0.0,0.0,0,0,0,0.005177,0.132531,0.098849,0.067393,0.466151,0,0.0,0.030532,0,0.007187,0.003533,0.0,0.656106,0.004857,0.001294,0.007646,0.007741,0.062442,0.070629,0.116505,0.033748,0.18554,0.284516,0.08944,0.226132,0.054393,0,0.206416,0.116484,0.17076,0.314411,0.1571,0,0,0,0,0,0,0,0,0,0,0,0,0,0
32,4741,5720,6302,2267,1211,6840,3716,1682,5907,3113,3374,7396,7393,59662,971,1771,943,158,479,1584,1180,134,299,491,389,2291,2652,13342,999,284,315,1361,0,1221,287,204,91,680,569,1182,2349,9542,1526,2438,981,216,69,2139,1586,247,1223,1194,402,2500,2857,17378,881,73,133,121,113,350,97,16,62,716,110,563,122,3357,2243,1587,3431,2150,1055,5071,3780,691,2803,3124,2325,6117,6132,40509,191,395,632,363,66,284,250,44,1271,130,104,2759,1279,7768,83,4,77,0,0,27,10,1,1,2,4,48,18,275,750,2688,2163,579,293,3023,1144,642,473,1467,1099,3270,2269,19860,2111,3125,2828,982,947,4239,1031,833,2878,2982,497,5991,6929,35373,1,1,101,3,0,0,0,0,0,0,2,207,169,484,136,0,1,20,0,11,3,1,286,2,1,15,12,488,19,90,35,136,37,110,120,25,0,87,107,262,540,1568,0,0,0,0,0,0,0,0,0,0,0,0,0,0,16.742593,7.323194,5.063881,2.662142,9.067086,5.462212,6.564907,2.859037,13.272666,7.559678,4.366846,4.712479,4.402351,5.639807,3.429036,2.267373,0.757734,0.18554,3.586403,1.264933,2.084658,0.227771,0.671835,1.192355,0.503469,1.459747,1.579201,1.26121,3.527916,0.363599,0.253114,1.598224,0.0,0.975053,0.507031,0.346756,0.204471,1.651327,0.736436,0.75313,1.398772,0.913532,5.388989,3.121319,0.788268,0.253649,0.516622,1.708139,2.801922,0.419847,2.748006,2.899536,0.520294,1.592915,1.701274,1.64273,3.111205,0.09346,0.10687,0.14209,0.846062,0.279499,0.171366,0.027197,0.13931,1.73875,0.142369,0.358724,0.072648,0.317335,7.921037,2.031802,2.75693,2.524748,7.899072,4.049543,6.677973,1.174551,6.298169,7.586391,3.009163,3.897544,3.651456,3.829288,0.674506,0.50571,0.507834,0.426271,0.49416,0.226794,0.441665,0.074791,2.855859,0.315695,0.134603,1.757941,0.761613,0.734304,0.29311,0.005121,0.061872,0.0,0,0.021561,0.017667,0.0017,0.002247,0.004857,0.005177,0.030584,0.010719,0.028665,2.648586,3.441389,1.738047,0.679921,2.193771,2.414074,2.021059,1.091261,1.062802,3.562495,1.422396,2.083532,1.351134,1.877352,7.454886,4.000871,2.272399,1.153164,7.090446,3.385134,1.821426,1.41592,6.466689,7.241555,0.643249,3.817261,4.12605,3.343785,0.003531,0.00128,0.081157,0.003523,0,0.0,0.0,0,0,0,0.002589,0.131893,0.100635,0.067393,0.480277,0,0.000804,0.023486,0,0.008784,0.0053,0.0017,0.642624,0.004857,0.001294,0.009557,0.007146,0.050496,0.067098,0.115225,0.028124,0.159705,0.277029,0.087843,0.211999,0.042495,0,0.211273,0.138486,0.166937,0.321557,0.154732,0,0,0,0,0,0,0,0,0,0,0,0,0,0
33,4671,5610,6231,2174,1198,6817,3655,1721,5798,3094,3269,7185,7180,58603,976,1730,933,162,472,1561,1146,129,288,478,405,2263,2616,13159,980,292,302,1307,0,1164,273,209,95,675,541,1189,2344,9371,1503,2366,1005,291,66,2163,1564,228,1209,1184,385,2441,2727,17132,892,73,124,133,110,363,90,15,63,729,96,571,131,3390,2227,1574,3395,2151,1042,5076,3716,666,2731,3107,2240,6048,5879,39852,191,363,645,350,64,278,257,52,1257,130,90,2744,1263,7684,90,5,93,1,0,33,7,2,1,4,2,48,18,304,742,2687,2151,540,296,3025,1149,644,493,1476,1101,3372,2286,19962,2089,3068,2852,956,927,4301,1028,836,2807,2935,459,5964,6774,34996,1,0,109,5,0,0,0,0,0,0,3,197,158,473,135,0,0,17,0,7,3,0,270,2,0,12,11,457,20,78,36,142,35,122,120,22,0,85,95,255,513,1523,0,0,0,0,0,0,0,0,0,0,0,0,0,0,16.495391,7.182363,5.00683,2.552932,8.969751,5.443845,6.457141,2.925328,13.02775,7.513538,4.230948,4.578037,4.275515,5.539701,3.446693,2.214882,0.749699,0.190237,3.533992,1.246566,2.024592,0.219272,0.647118,1.160786,0.524177,1.441906,1.557764,1.243911,3.460819,0.373841,0.242668,1.534812,0.0,0.929534,0.482298,0.355255,0.213459,1.639185,0.700197,0.75759,1.395795,0.897161,5.307766,3.029139,0.807553,0.341722,0.49416,1.727305,2.763056,0.387551,2.716549,2.875252,0.498292,1.555322,1.623862,1.619476,3.150051,0.09346,0.099638,0.156182,0.8236,0.289881,0.158999,0.025497,0.141557,1.77032,0.124249,0.363822,0.078007,0.320454,7.864534,2.015158,2.728003,2.525923,7.801737,4.053536,6.564907,1.132056,6.136389,7.545108,2.899151,3.853579,3.500801,3.767182,0.674506,0.464741,0.51828,0.411006,0.479185,0.222002,0.454032,0.088389,2.824402,0.315695,0.116484,1.748383,0.752086,0.726363,0.31783,0.006401,0.074729,0.001174,0,0.026353,0.012367,0.0034,0.002247,0.009714,0.002589,0.030584,0.010719,0.029104,2.620334,3.440109,1.728405,0.634123,2.216232,2.415671,2.029892,1.094661,1.107741,3.584351,1.424984,2.148523,1.361257,1.886994,7.377194,3.927895,2.291683,1.122632,6.940701,3.434645,1.816126,1.42102,6.307156,7.127419,0.594067,3.800057,4.033752,3.308148,0.003531,0.0,0.087585,0.005872,0,0.0,0.0,0,0,0,0.003883,0.125522,0.094085,0.073899,0.476745,0,0.0,0.019963,0,0.00559,0.0053,0.0,0.606673,0.004857,0.0,0.007646,0.00655,0.064743,0.070629,0.099862,0.028927,0.166751,0.262055,0.097425,0.211999,0.037395,0,0.206416,0.122955,0.162477,0.305479,0.150291,0,0,0,0,0,0,0,0,0,0,0,0,0,0
34,4703,5496,6159,2182,1151,6664,3552,1747,5695,3024,3239,7069,6969,57650,964,1686,894,166,464,1553,1109,132,278,465,400,2189,2603,12903,963,281,302,1268,0,1141,271,213,94,660,547,1188,2246,9174,1477,2326,976,254,71,2085,1511,251,1198,1153,377,2455,2704,16838,893,75,151,123,118,347,96,5,57,712,88,550,134,3349,2196,1573,3321,2128,1053,4901,3676,646,2667,3036,2219,5986,5749,39151,191,375,643,350,63,287,259,52,1258,122,102,2731,1261,7694,94,6,88,1,0,24,10,3,1,4,3,54,20,308,758,2679,2183,556,305,2976,1131,669,494,1437,1140,3280,2250,19858,2079,3072,2809,954,924,4164,1002,832,2734,2855,485,5928,6743,34581,1,0,117,0,0,2,0,0,0,0,1,201,163,485,136,0,0,19,0,8,3,0,276,2,1,15,10,470,19,93,46,133,35,125,119,25,0,78,87,228,486,1474,0,0,0,0,0,0,0,0,0,0,0,0,0,0,16.608398,7.036411,4.948975,2.562326,8.61785,5.321664,6.275175,2.969523,12.796315,7.343549,4.192121,4.504126,4.149869,5.449614,3.404315,2.15855,0.718361,0.194934,3.474094,1.240178,1.959225,0.224372,0.624649,1.129216,0.517706,1.394756,1.550023,1.219712,3.400784,0.359758,0.242668,1.489014,0.0,0.911167,0.478765,0.362054,0.211212,1.602759,0.707962,0.756953,1.337438,0.878301,5.215948,2.977928,0.784251,0.298273,0.531596,1.665016,2.669423,0.426646,2.691832,2.799971,0.487937,1.564242,1.610166,1.591684,3.153583,0.096021,0.121334,0.144439,0.883498,0.277103,0.169599,0.008499,0.128075,1.729037,0.113895,0.350441,0.079794,0.316579,7.755059,2.013878,2.668542,2.498914,7.884097,3.913786,6.494241,1.098061,5.992585,7.37269,2.871971,3.814075,3.423389,3.700917,0.674506,0.480104,0.516673,0.411006,0.471698,0.229189,0.457565,0.088389,2.826649,0.296268,0.132015,1.7401,0.750895,0.727308,0.331956,0.007682,0.070711,0.001174,0,0.019166,0.017667,0.005099,0.002247,0.009714,0.003883,0.034407,0.01191,0.029487,2.676837,3.429866,1.754118,0.652912,2.283618,2.376541,1.998092,1.137156,1.109988,3.489643,1.475461,2.089904,1.33982,1.877163,7.341879,3.933016,2.257131,1.120284,6.918239,3.325241,1.770193,1.41422,6.14313,6.933146,0.627718,3.777119,4.015292,3.268918,0.003531,0.0,0.094014,0.0,0,0.001597,0.0,0,0,0,0.001294,0.12807,0.097063,0.07131,0.480277,0,0.0,0.022312,0,0.006389,0.0053,0.0,0.620155,0.004857,0.001294,0.009557,0.005955,0.060016,0.067098,0.119066,0.036963,0.156182,0.262055,0.099821,0.210232,0.042495,0,0.189417,0.112601,0.145274,0.289401,0.145456,0,0,0,0,0,0,0,0,0,0,0,0,0,0
35,4646,5338,5973,2079,1148,6467,3453,1658,5572,2953,3074,6936,6915,56212,962,1700,895,146,465,1516,1081,123,273,447,368,2163,2588,12727,931,284,283,1250,0,1150,272,207,95,635,527,1151,2227,9012,1465,2305,907,208,69,2029,1461,219,1172,1111,378,2427,2622,16373,891,63,124,125,115,356,90,15,59,724,83,561,105,3311,2187,1507,3290,2031,1036,4841,3617,659,2581,2983,2148,6015,5728,38623,188,355,615,326,66,271,251,55,1242,135,92,2667,1231,7494,73,5,85,1,0,30,6,5,1,4,2,51,21,284,767,2657,2135,568,287,2976,1091,588,500,1435,1074,3297,2265,19640,2044,3024,2763,928,908,4161,932,779,2684,2805,521,5847,6667,34063,1,1,94,2,0,0,0,0,0,0,2,200,160,460,136,0,0,20,0,9,4,0,275,2,0,15,10,471,24,90,46,131,34,108,119,33,0,80,105,222,494,1486,0,0,0,0,0,0,0,0,0,0,0,0,0,0,16.407105,6.834127,4.799518,2.441373,8.595388,5.164345,6.100276,2.818242,12.519942,7.171131,3.978567,4.419383,4.117714,5.313681,3.397253,2.176474,0.719164,0.171448,3.481581,1.210631,1.909759,0.209073,0.613414,1.085505,0.476289,1.37819,1.541091,1.203074,3.287778,0.363599,0.227401,1.467877,0.0,0.918354,0.480531,0.351855,0.213459,1.542048,0.682077,0.733378,1.326124,0.862791,5.173571,2.951042,0.728807,0.244255,0.516622,1.620296,2.58109,0.372253,2.633412,2.697977,0.489232,1.546402,1.561337,1.547728,3.14652,0.080658,0.099638,0.146788,0.861036,0.284291,0.158999,0.025497,0.132569,1.758178,0.107424,0.35745,0.062525,0.312987,7.723276,1.92938,2.643632,2.385007,7.756813,3.865872,6.390008,1.120158,5.799348,7.243984,2.780079,3.832553,3.410884,3.651005,0.663912,0.454499,0.494174,0.382822,0.49416,0.216412,0.443432,0.093488,2.790698,0.327837,0.119072,1.699321,0.73303,0.708403,0.257796,0.006401,0.068301,0.001174,0,0.023957,0.0106,0.008499,0.002247,0.009714,0.002589,0.032495,0.012505,0.02719,2.70862,3.4017,1.715548,0.667003,2.148847,2.376541,1.927426,0.999473,1.123469,3.484786,1.390039,2.100736,1.348752,1.856556,7.218279,3.871562,2.220169,1.089752,6.798443,3.322845,1.646527,1.324132,6.030783,6.811724,0.674311,3.725509,3.970036,3.219952,0.003531,0.00128,0.075532,0.002349,0,0.0,0.0,0,0,0,0.002589,0.127433,0.095276,0.064051,0.480277,0,0.0,0.023486,0,0.007187,0.007067,0.0,0.617908,0.004857,0.0,0.009557,0.005955,0.066727,0.084755,0.115225,0.036963,0.153834,0.254567,0.086245,0.210232,0.056093,0,0.194274,0.135898,0.141451,0.294165,0.14664,0,0,0,0,0,0,0,0,0,0,0,0,0,0
36,4568,5174,5813,2070,1119,6135,3381,1663,5446,2854,3035,6641,6785,54684,930,1657,862,121,459,1457,1057,125,259,458,357,2090,2533,12365,897,279,304,1245,0,1102,256,223,91,636,470,1138,2174,8815,1461,2241,882,242,65,1953,1450,250,1142,1112,345,2312,2624,16079,893,72,114,119,112,332,91,8,60,703,71,544,131,3250,2133,1461,3144,2055,984,4770,3536,675,2511,2894,2108,5767,5595,37633,181,338,604,375,62,284,258,54,1220,136,114,2623,1237,7486,82,4,83,1,0,32,7,2,1,3,5,57,26,303,767,2636,2088,541,288,2961,1128,636,503,1423,1100,3237,2271,19579,2016,2914,2707,876,886,4039,941,834,2619,2722,495,5771,6565,33385,1,0,102,2,0,0,0,0,0,0,4,203,148,460,131,0,0,25,0,12,6,0,276,2,0,10,11,473,19,89,38,133,35,111,122,31,0,83,78,219,478,1436,0,0,0,0,0,0,0,0,0,0,0,0,0,0,16.131652,6.624161,4.670952,2.430804,8.378257,4.899221,5.973076,2.826741,12.236827,6.930717,3.928091,4.231419,4.040302,5.169241,3.284246,2.121422,0.692648,0.14209,3.436658,1.163515,1.867359,0.212473,0.581957,1.112217,0.462052,1.331677,1.50834,1.168855,3.167708,0.357198,0.244275,1.462005,0.0,0.880023,0.452265,0.379052,0.204471,1.544477,0.608304,0.725095,1.294564,0.843931,5.159445,2.869104,0.708718,0.284181,0.486673,1.559605,2.561656,0.424946,2.566004,2.700406,0.446521,1.473128,1.562528,1.519937,3.153583,0.09218,0.091603,0.139742,0.838574,0.265125,0.160766,0.013598,0.134816,1.707181,0.091893,0.346618,0.078007,0.30722,7.532578,1.870487,2.526316,2.41319,7.367475,3.809174,6.246908,1.147354,5.642063,7.027854,2.728308,3.674536,3.331686,3.557421,0.639192,0.432734,0.485335,0.440363,0.464211,0.226794,0.455798,0.091788,2.741265,0.330265,0.147546,1.671286,0.736603,0.707646,0.289579,0.005121,0.066693,0.001174,0,0.025554,0.012367,0.0034,0.002247,0.007285,0.006471,0.036318,0.015482,0.029009,2.70862,3.374814,1.677782,0.635297,2.156334,2.364563,1.992792,1.081063,1.13021,3.455645,1.42369,2.062506,1.352325,1.850789,7.119398,3.730732,2.175171,1.028688,6.633723,3.22542,1.662427,1.41762,5.884732,6.610165,0.640661,3.677084,3.909297,3.155861,0.003531,0.0,0.081961,0.002349,0,0.0,0.0,0,0,0,0.005177,0.129345,0.08813,0.071868,0.46262,0,0.0,0.029358,0,0.009583,0.0106,0.0,0.620155,0.004857,0.0,0.006372,0.00655,0.06701,0.067098,0.113945,0.030534,0.156182,0.262055,0.088641,0.215532,0.052693,0,0.201559,0.100953,0.139539,0.284637,0.141706,0,0,0,0,0,0,0,0,0,0,0,0,0,0
37,4457,5066,5672,2030,1087,6127,3314,1594,5371,2823,2977,6513,6619,53650,905,1644,858,150,454,1450,1053,127,254,452,365,2073,2459,12244,898,248,289,1167,0,1090,258,209,92,627,448,1094,2101,8521,1438,2144,888,235,63,1950,1397,224,1120,1112,351,2284,2588,15794,884,68,130,109,107,336,88,14,59,684,81,549,115,3224,2100,1463,3046,2006,983,4694,3435,638,2447,2860,2103,5706,5487,36968,184,363,606,323,60,302,242,47,1196,133,108,2558,1250,7372,77,4,83,1,0,24,10,1,1,3,5,50,20,279,764,2559,2129,575,312,3006,1093,627,517,1378,1164,3212,2231,19567,1998,2878,2642,972,892,3959,914,765,2574,2653,483,5701,6430,32861,1,0,106,1,0,0,0,0,0,0,3,194,148,453,136,0,0,22,0,12,4,0,272,2,1,10,9,468,19,93,38,127,30,109,122,17,0,78,88,216,445,1382,0,0,0,0,0,0,0,0,0,0,0,0,0,0,15.739662,6.485891,4.557654,2.383832,8.138664,4.892832,5.85471,2.709456,12.068307,6.855436,3.853023,4.149861,3.941453,5.071497,3.19596,2.104778,0.689434,0.176145,3.399221,1.157925,1.860293,0.215873,0.570722,1.097647,0.472406,1.320845,1.464274,1.157417,3.17124,0.317509,0.232222,1.37041,0.0,0.87044,0.455798,0.355255,0.206718,1.522621,0.57983,0.697059,1.251094,0.815784,5.078222,2.744917,0.71354,0.275961,0.471698,1.557209,2.468023,0.380752,2.516571,2.700406,0.454287,1.455287,1.541091,1.492996,3.1218,0.087059,0.10446,0.127999,0.801138,0.268319,0.155466,0.023797,0.132569,1.661041,0.104835,0.349804,0.06848,0.304762,7.41604,1.873048,2.447569,2.355649,7.359988,3.748483,6.068476,1.084462,5.498259,6.945288,2.721837,3.635669,3.267374,3.494559,0.649786,0.464741,0.486943,0.379299,0.449236,0.241168,0.427532,0.07989,2.687339,0.32298,0.13978,1.62987,0.744344,0.69687,0.271921,0.005121,0.066693,0.001174,0,0.019166,0.017667,0.0017,0.002247,0.007285,0.006471,0.031858,0.01191,0.026711,2.698026,3.276233,1.710727,0.675223,2.336029,2.400498,1.930959,1.065765,1.161667,3.346366,1.506523,2.046577,1.328506,1.849655,7.055832,3.684642,2.122941,1.141421,6.678646,3.161535,1.614727,1.300335,5.78362,6.442604,0.625129,3.632483,3.828908,3.106328,0.003531,0.0,0.085175,0.001174,0,0.0,0.0,0,0,0,0.003883,0.12361,0.08813,0.070774,0.480277,0,0.0,0.025835,0,0.009583,0.007067,0.0,0.611167,0.004857,0.001294,0.006372,0.005359,0.05976,0.067098,0.119066,0.030534,0.149136,0.224618,0.087044,0.215532,0.028896,0,0.189417,0.113895,0.137628,0.264987,0.136377,0,0,0,0,0,0,0,0,0,0,0,0,0,0
38,4402,4870,5627,1979,1070,6037,3212,1633,5306,2773,2831,6347,6515,52602,862,1589,838,115,459,1434,1025,104,249,422,327,1979,2442,11845,844,243,258,1130,0,1042,250,178,90,626,431,1082,2026,8200,1419,2113,894,226,62,1946,1400,235,1111,1084,353,2262,2547,15652,887,72,132,123,108,344,89,15,54,670,80,542,120,3236,2063,1396,2968,1951,958,4589,3333,640,2400,2780,2042,5561,5285,35966,182,348,614,312,55,287,246,63,1179,135,97,2560,1251,7329,82,7,77,1,0,27,7,1,1,4,4,57,19,287,765,2512,2067,580,315,2960,1089,627,515,1370,1107,3170,2201,19278,1973,2805,2637,913,880,3933,891,800,2536,2655,434,5601,6338,32396,1,0,102,1,0,0,0,0,0,0,2,206,145,457,123,0,0,16,0,7,5,1,278,2,1,9,9,451,20,84,35,135,32,97,114,34,0,77,87,206,436,1357,0,0,0,0,0,0,0,0,0,0,0,0,0,0,15.545432,6.234957,4.521495,2.323943,8.011381,4.820961,5.674511,2.775747,11.922256,6.734015,3.664061,4.044092,3.879523,4.972431,3.044108,2.034363,0.673363,0.135045,3.436658,1.145148,1.810826,0.176778,0.559488,1.024794,0.423224,1.260951,1.454151,1.1197,2.980542,0.311108,0.207312,1.326961,0.0,0.832109,0.441665,0.302562,0.202224,1.520192,0.557828,0.689413,1.206434,0.785052,5.011124,2.705229,0.718361,0.265392,0.464211,1.554015,2.473323,0.399449,2.496349,2.63241,0.456875,1.441269,1.516676,1.479573,3.132394,0.09218,0.106067,0.144439,0.808625,0.274708,0.157233,0.025497,0.121335,1.627043,0.103541,0.345344,0.071457,0.305897,7.285376,1.787269,2.384894,2.291062,7.172806,3.664633,5.888276,1.087862,5.392653,6.751014,2.642887,3.543279,3.147088,3.399841,0.642723,0.445537,0.493371,0.366382,0.4118,0.229189,0.434598,0.107086,2.649141,0.327837,0.125544,1.631145,0.74494,0.692805,0.289579,0.008962,0.061872,0.001174,0,0.021561,0.012367,0.0017,0.002247,0.009714,0.005177,0.036318,0.011314,0.027477,2.701557,3.21606,1.660908,0.681095,2.358491,2.363764,1.923892,1.065765,1.157173,3.326938,1.43275,2.019816,1.310642,1.822336,6.967546,3.591181,2.118923,1.072137,6.588799,3.140772,1.574094,1.359827,5.698236,6.447461,0.56171,3.568766,3.774124,3.062371,0.003531,0.0,0.081961,0.001174,0,0.0,0.0,0,0,0,0.002589,0.131256,0.086344,0.071399,0.434368,0,0.0,0.018789,0,0.00559,0.008833,0.0017,0.624649,0.004857,0.001294,0.005734,0.005359,0.053566,0.070629,0.107543,0.028124,0.158531,0.239593,0.077461,0.201399,0.057793,0,0.186989,0.112601,0.131256,0.259627,0.13391,0,0,0,0,0,0,0,0,0,0,0,0,0,0
39,4291,4805,5448,1945,1067,5882,3103,1579,5195,2692,2790,6208,6378,51383,812,1554,814,144,452,1420,986,125,248,424,343,1964,2380,11666,834,255,262,1151,0,1059,253,195,87,615,432,1035,2041,8219,1396,2056,840,214,60,1869,1337,202,1096,1070,378,2185,2466,15169,880,73,113,105,114,344,78,6,50,674,83,556,112,3188,2031,1390,2900,1918,949,4480,3245,642,2346,2681,1964,5456,5204,35206,179,355,589,346,62,274,246,66,1170,137,101,2542,1201,7268,73,6,89,1,0,29,6,1,1,3,2,62,17,290,774,2473,2097,551,326,2894,1070,642,527,1348,1120,3128,2185,19135,1967,2741,2510,876,866,3859,850,766,2516,2533,457,5535,6248,31724,1,0,89,1,0,0,0,0,0,0,4,192,140,427,135,0,0,9,0,11,5,0,273,2,1,6,9,451,20,87,37,103,30,103,112,31,0,78,80,197,411,1289,0,0,0,0,0,0,0,0,0,0,0,0,0,0,15.153441,6.151739,4.377662,2.284017,7.988919,4.697183,5.481945,2.683959,11.672846,6.537313,3.610996,3.955526,3.797943,4.857199,2.867535,1.989553,0.654078,0.169099,3.384247,1.133968,1.741926,0.212473,0.557241,1.029651,0.443932,1.251394,1.417232,1.102779,2.945227,0.326471,0.210526,1.351621,0.0,0.845685,0.446965,0.331458,0.195484,1.49348,0.559122,0.659467,1.215366,0.786871,4.929901,2.632253,0.67497,0.251301,0.449236,1.492525,2.362024,0.343356,2.462645,2.598412,0.489232,1.392207,1.468443,1.433915,3.107674,0.09346,0.0908,0.123302,0.853549,0.274708,0.137799,0.010199,0.112347,1.636757,0.107424,0.354264,0.066693,0.301359,7.17237,1.779587,2.330253,2.25231,7.105421,3.577589,5.73281,1.091261,5.271318,6.5106,2.541934,3.476377,3.098855,3.327999,0.632129,0.454499,0.473282,0.406308,0.464211,0.218808,0.434598,0.112186,2.628918,0.332694,0.130721,1.619676,0.715166,0.687039,0.257796,0.007682,0.071515,0.001174,0,0.023158,0.0106,0.0017,0.002247,0.007285,0.002589,0.039504,0.010123,0.027764,2.73334,3.166129,1.685014,0.64704,2.440851,2.311059,1.890326,1.091261,1.184137,3.273513,1.449575,1.993055,1.301114,1.808818,6.946357,3.509244,2.016874,1.028688,6.483977,3.081678,1.501661,1.302035,5.653297,6.151194,0.591479,3.526713,3.720531,2.998848,0.003531,0.0,0.071515,0.001174,0,0.0,0.0,0,0,0,0.005177,0.122336,0.083367,0.066712,0.476745,0,0.0,0.010569,0,0.008784,0.008833,0.0,0.613414,0.004857,0.001294,0.003823,0.005359,0.05759,0.070629,0.111384,0.029731,0.120953,0.224618,0.082253,0.197866,0.052693,0,0.189417,0.103541,0.125522,0.24474,0.1272,0,0,0,0,0,0,0,0,0,0,0,0,0,0
40,4200,4665,5237,1929,1020,5601,3010,1501,5083,2661,2789,6063,6129,49888,776,1537,802,137,451,1364,972,117,236,410,302,1886,2348,11338,851,237,248,1092,0,1053,250,197,86,578,440,999,1912,7943,1383,2056,791,201,57,1812,1332,205,1074,1045,349,2160,2463,14928,892,69,114,113,108,345,87,11,52,649,78,511,98,3127,2023,1377,2851,1847,923,4399,3252,660,2284,2593,1971,5330,5084,34594,174,333,574,364,57,281,247,60,1160,139,108,2474,1177,7148,76,6,73,0,0,29,8,2,1,3,5,48,15,266,768,2458,2058,553,311,2834,1110,616,526,1348,1120,3112,2154,18968,1967,2680,2534,901,851,3786,822,748,2472,2508,505,5437,6071,31282,1,0,108,1,0,1,0,0,0,0,3,184,136,434,134,0,0,15,0,8,4,0,267,3,3,5,11,450,24,75,29,117,32,105,105,25,0,77,81,193,403,1266,0,0,0,0,0,0,0,0,0,0,0,0,0,0,14.83208,5.9725,4.208116,2.265228,7.637017,4.472785,5.317645,2.551376,11.421189,6.462032,3.609702,3.863137,3.64967,4.715878,2.740403,1.967788,0.644436,0.160879,3.37676,1.089248,1.717193,0.198875,0.530277,0.995653,0.390868,1.201695,1.398177,1.071773,3.005262,0.303426,0.199277,1.282337,0.0,0.840893,0.441665,0.334857,0.193237,1.403628,0.569476,0.636529,1.138549,0.760447,4.883992,2.632253,0.635597,0.236035,0.426774,1.447007,2.353191,0.348456,2.413212,2.537701,0.451698,1.376278,1.466656,1.411133,3.150051,0.088339,0.091603,0.132696,0.808625,0.275506,0.153699,0.018698,0.116841,1.576046,0.100953,0.325592,0.058357,0.295593,7.144118,1.762944,2.29088,2.168935,6.910752,3.512905,5.745177,1.121858,5.132008,6.296899,2.550994,3.396094,3.027398,3.270147,0.614472,0.426333,0.461229,0.427446,0.426774,0.224398,0.436365,0.101987,2.606449,0.337551,0.13978,1.576348,0.700875,0.675695,0.26839,0.007682,0.058658,0.0,0,0.023158,0.014133,0.0034,0.002247,0.007285,0.006471,0.030584,0.008932,0.027727,2.712152,3.146925,1.653676,0.649389,2.328541,2.263144,1.960992,1.047067,1.18189,3.273513,1.449575,1.98286,1.282654,1.793032,6.946357,3.431147,2.036159,1.058046,6.371668,3.023382,1.452194,1.271439,5.554432,6.090483,0.653603,3.464271,3.615132,2.957066,0.003531,0.0,0.086782,0.001174,0,0.000799,0.0,0,0,0,0.003883,0.117239,0.080985,0.056711,0.473214,0,0.0,0.017615,0,0.006389,0.007067,0.0,0.599933,0.007285,0.003883,0.003186,0.00655,0.057462,0.084755,0.096021,0.023303,0.137393,0.239593,0.08385,0.185499,0.042495,0,0.186989,0.104835,0.122973,0.239977,0.12493,0,0,0,0,0,0,0,0,0,0,0,0,0,0
41,4155,4626,5078,1850,991,5505,2944,1558,4951,2629,2766,6013,5991,49057,746,1466,775,131,443,1361,963,129,231,390,318,1791,2333,11077,831,229,231,1075,0,1049,243,198,88,569,404,970,1875,7762,1361,2025,796,230,54,1801,1292,223,1041,1032,357,2095,2400,14707,888,70,112,98,105,313,81,12,52,639,84,541,104,3099,1983,1317,2790,1840,908,4319,3185,614,2248,2573,1962,5185,4914,33838,172,328,563,331,60,262,246,55,1161,134,101,2445,1223,7081,68,6,79,1,0,31,8,0,1,2,4,50,23,273,763,2372,2088,515,314,2855,1104,600,520,1328,1068,3124,2170,18821,1937,2669,2488,874,843,3694,822,766,2407,2473,467,5343,6005,30788,1,0,108,1,0,1,0,0,0,0,3,187,143,444,132,0,2,21,0,8,3,0,270,3,1,9,10,459,22,87,35,112,29,97,112,26,0,76,79,200,397,1272,0,0,0,0,0,0,0,0,0,0,0,0,0,0,14.673165,5.922569,4.080354,2.172458,7.419886,4.396122,5.201046,2.648264,11.124593,6.384322,3.579934,3.831278,3.567494,4.637324,2.63446,1.876888,0.62274,0.153834,3.316861,1.086852,1.701293,0.219272,0.519043,0.947085,0.411576,1.141164,1.389245,1.047101,2.934633,0.293184,0.185617,1.262374,0.0,0.837699,0.429298,0.336557,0.197731,1.381772,0.522883,0.618051,1.116517,0.743119,4.8063,2.592564,0.639614,0.270089,0.404313,1.438223,2.282524,0.379052,2.339063,2.506132,0.462052,1.334863,1.429141,1.390242,3.135925,0.08962,0.089996,0.115082,0.786164,0.249952,0.143099,0.020397,0.116841,1.551762,0.108718,0.344707,0.061929,0.292946,7.00286,1.686127,2.241864,2.160715,6.798443,3.449019,5.626811,1.043667,5.051118,6.24833,2.539346,3.303705,2.926167,3.198683,0.607409,0.419931,0.452391,0.388694,0.449236,0.209225,0.434598,0.093488,2.608696,0.325409,0.130721,1.557871,0.728267,0.669362,0.240138,0.007682,0.063479,0.001174,0,0.024756,0.014133,0.0,0.002247,0.004857,0.005177,0.031858,0.013696,0.027696,2.694494,3.036821,1.677782,0.604765,2.351003,2.279914,1.950392,1.01987,1.168408,3.224945,1.382274,1.990506,1.292182,1.779136,6.840414,3.417064,1.999196,1.02634,6.31177,2.949914,1.452194,1.302035,5.408381,6.005488,0.604421,3.404377,3.575831,2.910368,0.003531,0.0,0.086782,0.001174,0,0.000799,0.0,0,0,0,0.003883,0.11915,0.085153,0.058017,0.466151,0,0.001607,0.02466,0,0.006389,0.0053,0.0,0.606673,0.007285,0.001294,0.005734,0.005955,0.050574,0.077692,0.111384,0.028124,0.131522,0.217131,0.077461,0.197866,0.044194,0,0.18456,0.102247,0.127433,0.236404,0.125522,0,0,0,0,0,0,0,0,0,0,0,0,0,0
42,4062,4525,5045,1820,970,5355,2894,1461,4896,2574,2717,5744,5924,47987,706,1455,790,126,423,1320,934,112,221,379,317,1761,2225,10769,804,214,240,1052,0,1022,235,221,83,546,403,988,1793,7601,1345,1969,795,215,58,1733,1286,214,1032,1013,351,2072,2412,14495,888,65,114,106,105,303,79,12,54,651,86,502,98,3063,1969,1299,2784,1851,857,4137,3115,579,2209,2527,1906,5038,4890,33161,174,341,564,330,56,288,245,53,1144,132,103,2432,1206,7068,85,6,72,1,0,31,5,0,2,3,2,53,24,284,758,2359,2067,568,304,2872,1067,571,540,1317,1139,3113,2136,18811,1912,2587,2434,851,806,3672,791,692,2342,2403,555,5304,5954,30303,1,0,98,1,0,0,0,0,0,0,3,181,136,420,124,0,0,20,0,7,4,0,275,3,1,7,10,451,22,79,32,114,28,105,124,27,0,73,78,194,378,1254,0,0,0,0,0,0,0,0,0,0,0,0,0,0,14.34474,5.793261,4.053837,2.137229,7.262653,4.276337,5.112713,2.483385,11.001011,6.250759,3.516515,3.659881,3.527597,4.536178,2.493202,1.862805,0.634793,0.147962,3.167116,1.054111,1.65006,0.190376,0.496573,0.920372,0.410282,1.122049,1.324933,1.017986,2.839284,0.27398,0.192849,1.235365,0.0,0.816137,0.415165,0.375652,0.186496,1.325919,0.521588,0.62952,1.067688,0.727705,4.749797,2.520869,0.638811,0.252475,0.434262,1.38392,2.271924,0.363754,2.318841,2.459992,0.454287,1.320208,1.436287,1.370202,3.135925,0.083218,0.091603,0.124476,0.786164,0.241966,0.139566,0.020397,0.121335,1.580903,0.111307,0.319857,0.058357,0.289543,6.95342,1.663082,2.237043,2.173632,6.416592,3.30368,5.503145,0.984175,4.963487,6.136623,2.466867,3.210042,2.911876,3.134686,0.614472,0.436575,0.453194,0.38752,0.419287,0.229988,0.432832,0.090089,2.570498,0.320552,0.133309,1.549587,0.718144,0.668133,0.300173,0.007682,0.057855,0.001174,0,0.024756,0.008833,0.0,0.004494,0.007285,0.002589,0.03377,0.014291,0.028812,2.676837,3.020177,1.660908,0.667003,2.276131,2.29349,1.885026,0.970577,1.213347,3.198232,1.474166,1.983497,1.271936,1.778191,6.752128,3.312081,1.955806,0.999331,6.034741,2.932345,1.397428,1.176251,5.26233,5.835499,0.718316,3.379528,3.545462,2.864522,0.003531,0.0,0.078746,0.001174,0,0.0,0.0,0,0,0,0.003883,0.115327,0.080985,0.065618,0.437899,0,0.0,0.023486,0,0.00559,0.007067,0.0,0.617908,0.007285,0.001294,0.00446,0.005955,0.05759,0.077692,0.101142,0.025713,0.13387,0.209644,0.08385,0.219066,0.045894,0,0.177275,0.100953,0.12361,0.22509,0.123746,0,0,0,0,0,0,0,0,0,0,0,0,0,0
43,4043,4399,4884,1821,967,5254,2784,1473,4792,2536,2604,5700,5833,47090,673,1410,736,126,428,1326,908,110,213,387,308,1671,2245,10541,812,192,214,1036,0,997,213,184,83,533,399,919,1773,7355,1321,1934,791,203,53,1697,1231,214,1015,990,331,2029,2337,14146,882,59,110,111,105,325,69,13,54,648,79,485,96,3036,1903,1276,2672,1836,848,4107,3014,561,2172,2498,1893,4973,4868,32621,186,322,542,338,51,277,238,57,1135,130,97,2366,1175,6914,98,7,68,1,0,27,6,1,2,1,4,58,19,292,747,2350,2022,543,308,2775,1037,587,535,1326,1056,3032,2130,18448,1892,2549,2438,809,792,3571,779,712,2295,2407,473,5172,5897,29786,1,0,84,1,0,0,1,0,0,0,3,189,123,402,128,0,1,13,0,10,3,0,274,1,2,5,10,447,21,75,39,123,29,107,115,27,0,71,74,180,370,1231,0,0,0,0,0,0,0,0,0,0,0,0,0,0,14.277642,5.631946,3.924468,2.138403,7.240192,4.195681,4.91838,2.503782,10.76733,6.158479,3.370263,3.631846,3.473409,4.451385,2.376664,1.805193,0.591402,0.147962,3.204552,1.058902,1.604127,0.186976,0.478598,0.939799,0.398633,1.064704,1.336843,0.996433,2.867535,0.245813,0.171957,1.216576,0.0,0.796173,0.376298,0.31276,0.186496,1.294349,0.516411,0.585555,1.055778,0.704153,4.665042,2.476059,0.635597,0.238383,0.396825,1.355172,2.174758,0.363754,2.280643,2.404138,0.428401,1.29281,1.391626,1.337212,3.114737,0.075536,0.088389,0.130347,0.786164,0.259535,0.1219,0.022097,0.121335,1.573618,0.102247,0.309025,0.057166,0.286991,6.720345,1.633635,2.147047,2.156018,6.349206,3.279723,5.324712,0.953579,4.880351,6.066199,2.450041,3.168626,2.898775,3.08364,0.656849,0.41225,0.435516,0.396914,0.381851,0.221204,0.420465,0.096888,2.550275,0.315695,0.125544,1.507534,0.699684,0.653576,0.346082,0.008962,0.05464,0.001174,0,0.021561,0.0106,0.0017,0.004494,0.002428,0.005177,0.036956,0.011314,0.027956,2.637991,3.008655,1.624749,0.637646,2.30608,2.216029,1.832026,0.997773,1.202112,3.220088,1.366743,1.931887,1.268363,1.743877,6.681499,3.26343,1.95902,0.95001,5.929919,2.85169,1.376228,1.210246,5.156724,5.845212,0.612187,3.295422,3.511519,2.81565,0.003531,0.0,0.067497,0.001174,0,0.0,0.001767,0,0,0,0.003883,0.120424,0.073243,0.057703,0.452025,0,0.000804,0.015266,0,0.007986,0.0053,0.0,0.615661,0.002428,0.002589,0.003186,0.005955,0.049252,0.07416,0.096021,0.031338,0.144439,0.217131,0.085447,0.203166,0.045894,0,0.172418,0.095776,0.11469,0.220326,0.121476,0,0,0,0,0,0,0,0,0,0,0,0,0,0
44,3985,4353,4846,1800,929,5013,2725,1394,4734,2504,2588,5518,5705,46094,632,1394,697,129,424,1280,894,114,210,369,323,1665,2117,10248,806,189,207,1042,0,937,210,193,82,547,409,887,1710,7219,1299,1943,774,208,58,1661,1210,204,1005,1000,321,1961,2320,13964,885,60,98,92,106,312,65,8,55,634,66,461,104,2946,1866,1247,2635,1767,846,3943,2978,588,2140,2462,1830,4877,4742,31921,176,329,525,313,48,262,254,51,1124,132,91,2326,1182,6813,75,7,73,0,0,27,9,2,2,1,2,57,22,277,726,2320,2014,564,316,2745,997,566,546,1329,1136,3019,2119,18397,1864,2545,2350,767,793,3535,742,707,2292,2387,494,5090,5776,29342,1,1,85,2,0,0,1,0,0,0,3,177,119,389,127,0,0,12,0,12,4,0,276,1,1,4,13,450,21,75,34,100,27,107,115,30,0,73,82,175,354,1193,0,0,0,0,0,0,0,0,0,0,0,0,0,0,14.072818,5.573053,3.893933,2.113743,6.955675,4.003226,4.814147,2.369499,10.637007,6.080769,3.349555,3.515881,3.397188,4.357234,2.231875,1.784708,0.560064,0.151485,3.174603,1.022168,1.579394,0.193775,0.471857,0.896088,0.418047,1.060881,1.260622,0.968736,2.846347,0.241973,0.166332,1.223622,0.0,0.748259,0.370999,0.328058,0.184249,1.328347,0.529354,0.565166,1.018263,0.691133,4.58735,2.487581,0.621937,0.244255,0.434262,1.326423,2.137658,0.346756,2.258173,2.428422,0.415459,1.249482,1.381503,1.320007,3.125331,0.076817,0.078746,0.108036,0.793651,0.249154,0.114833,0.013598,0.123582,1.53962,0.085421,0.293733,0.061929,0.278483,6.589681,1.596507,2.117316,2.074991,6.334232,3.148757,5.261112,0.999473,4.808448,5.978776,2.368503,3.107458,2.823745,3.01747,0.621535,0.421212,0.421856,0.367556,0.359389,0.209225,0.448732,0.086689,2.525559,0.320552,0.117778,1.482048,0.703852,0.644028,0.264859,0.008962,0.058658,0.0,0,0.021561,0.0159,0.0034,0.004494,0.002428,0.002589,0.036318,0.0131,0.028873,2.563831,2.970246,1.618321,0.662306,2.365978,2.192072,1.76136,0.962078,1.226828,3.227373,1.470284,1.923604,1.261813,1.739056,6.582618,3.258309,1.888309,0.900689,5.937406,2.822941,1.310861,1.201747,5.149983,5.796644,0.639366,3.243174,3.439467,2.773679,0.003531,0.00128,0.068301,0.002349,0,0.0,0.001767,0,0,0,0.003883,0.112778,0.070862,0.050208,0.448494,0,0.0,0.014092,0,0.009583,0.007067,0.0,0.620155,0.002428,0.001294,0.002549,0.007741,0.057462,0.07416,0.096021,0.02732,0.11743,0.202156,0.085447,0.203166,0.050994,0,0.177275,0.10613,0.111504,0.210798,0.117726,0,0,0,0,0,0,0,0,0,0,0,0,0,0
45,3976,4236,4617,1711,922,5043,2660,1487,4647,2479,2608,5422,5589,45397,605,1364,674,125,416,1271,886,108,206,371,327,1618,2100,10071,794,191,198,1020,0,936,211,171,83,543,374,853,1650,7024,1308,1899,770,198,53,1623,1205,206,1000,985,320,1908,2240,13715,871,67,94,94,112,296,67,13,51,625,77,467,84,2918,1849,1202,2583,1722,844,3898,2945,585,2127,2411,1771,4759,4624,31320,177,321,527,324,58,285,237,62,1119,134,105,2319,1176,6844,84,5,69,0,0,26,8,2,1,2,3,53,22,275,732,2296,2012,576,320,2785,1012,595,536,1331,1069,2984,2097,18345,1847,2490,2247,793,780,3446,752,673,2249,2370,511,5045,5723,28926,1,0,89,2,0,0,0,0,0,0,0,182,129,403,125,0,0,20,0,8,4,0,270,2,0,6,11,446,22,75,35,117,26,100,114,19,0,69,82,178,347,1184,0,0,0,0,0,0,0,0,0,0,0,0,0,0,14.041035,5.42326,3.709924,2.00923,6.903264,4.027183,4.699315,2.527579,10.441523,6.020059,3.37544,3.454713,3.328113,4.291347,2.136526,1.7463,0.541583,0.146788,3.114705,1.014981,1.56526,0.183577,0.462869,0.900945,0.423224,1.030934,1.250499,0.952005,2.803969,0.244533,0.1591,1.197788,0.0,0.747461,0.372765,0.290663,0.186496,1.318633,0.484055,0.543503,0.982535,0.672464,4.619133,2.431249,0.618722,0.232512,0.396825,1.296077,2.128825,0.350156,2.246939,2.391996,0.414164,1.215713,1.333865,1.296469,3.075891,0.085779,0.075532,0.110384,0.838574,0.236376,0.118366,0.022097,0.114594,1.517764,0.099658,0.297556,0.05002,0.275837,6.529647,1.538895,2.075532,2.022147,6.319257,3.112822,5.202813,0.994374,4.779238,5.854926,2.292141,3.032272,2.753479,2.960658,0.625066,0.410969,0.423463,0.380474,0.434262,0.227592,0.418698,0.105387,2.514324,0.325409,0.135898,1.477588,0.700279,0.646959,0.296642,0.006401,0.055444,0.0,0,0.020763,0.014133,0.0034,0.002247,0.004857,0.003883,0.03377,0.0131,0.028665,2.58502,2.93952,1.616714,0.676398,2.395927,2.224015,1.78786,1.011372,1.204359,3.23223,1.383568,1.901303,1.248712,1.73414,6.522584,3.187894,1.805544,0.931221,5.840072,2.751869,1.328528,1.143955,5.053365,5.755361,0.661369,3.214502,3.407907,2.734355,0.003531,0.0,0.071515,0.002349,0,0.0,0.0,0,0,0,0.0,0.115964,0.076816,0.071606,0.441431,0,0.0,0.023486,0,0.006389,0.007067,0.0,0.606673,0.004857,0.0,0.003823,0.00655,0.063185,0.077692,0.096021,0.028124,0.137393,0.194669,0.079857,0.201399,0.032296,0,0.167561,0.10613,0.113416,0.20663,0.116838,0,0,0,0,0,0,0,0,0,0,0,0,0,0
46,3923,4174,4547,1648,876,4901,2650,1424,4551,2447,2495,5274,5494,44404,576,1329,659,113,403,1226,849,103,197,368,275,1576,2022,9696,790,176,194,1027,0,891,220,165,84,517,362,891,1635,6952,1285,1879,733,208,54,1643,1174,215,976,983,334,1898,2196,13578,865,61,110,87,109,312,67,14,55,640,76,458,86,2940,1821,1184,2514,1723,851,3781,2858,624,2099,2385,1759,4682,4530,30811,172,333,516,321,57,270,241,54,1092,140,91,2308,1154,6749,94,4,64,3,0,31,10,2,1,2,2,41,11,265,726,2297,2008,568,289,2698,986,587,530,1325,1092,2990,2118,18214,1840,2433,2355,788,783,3411,758,701,2225,2322,467,5037,5557,28677,1,1,91,1,0,0,0,0,0,0,0,178,132,404,139,0,1,13,0,11,5,0,264,2,0,8,11,454,23,72,36,103,28,98,108,24,0,72,84,176,329,1153,0,0,0,0,0,0,0,0,0,0,0,0,0,0,13.853869,5.343883,3.653676,1.935249,6.55885,3.913786,4.681648,2.420493,10.225817,5.942349,3.229188,3.360413,3.271543,4.197479,2.034114,1.70149,0.52953,0.132696,3.01737,0.979046,1.499894,0.175078,0.442647,0.893659,0.355923,1.004173,1.204052,0.916556,2.789844,0.225329,0.155886,1.206008,0.0,0.711525,0.388665,0.280464,0.188743,1.255494,0.468524,0.567715,0.973603,0.665571,4.53791,2.405643,0.588992,0.244255,0.404313,1.312049,2.074058,0.365454,2.193012,2.387139,0.432284,1.209341,1.307664,1.283519,3.054702,0.078097,0.088389,0.102164,0.816113,0.249154,0.118366,0.023797,0.123582,1.55419,0.098364,0.291822,0.051211,0.277916,6.430766,1.51585,2.020088,2.023322,6.371668,3.019389,5.049113,1.060665,4.716324,5.791787,2.27661,2.983211,2.697504,2.912542,0.607409,0.426333,0.414624,0.376951,0.426774,0.215614,0.425765,0.091788,2.453657,0.339979,0.117778,1.470579,0.687179,0.637978,0.331956,0.005121,0.051426,0.003523,0,0.024756,0.017667,0.0034,0.002247,0.004857,0.002589,0.026124,0.00655,0.025371,2.563831,2.9408,1.613499,0.667003,2.163822,2.154539,1.741926,0.997773,1.190877,3.217659,1.413336,1.905126,1.261217,1.721757,6.497863,3.114918,1.892326,0.92535,5.862534,2.723919,1.339128,1.191549,4.999438,5.638796,0.604421,3.209405,3.309058,2.710817,0.003531,0.00128,0.073122,0.001174,0,0.0,0.0,0,0,0,0.0,0.113416,0.078603,0.063035,0.490871,0,0.000804,0.015266,0,0.008784,0.008833,0.0,0.593192,0.004857,0.0,0.005097,0.00655,0.054678,0.081223,0.09218,0.028927,0.120953,0.209644,0.07826,0.190799,0.040795,0,0.174846,0.108718,0.112141,0.195911,0.113779,0,0,0,0,0,0,0,0,0,0,0,0,0,0
47,3878,4079,4550,1602,871,4841,2575,1319,4480,2411,2461,5230,5458,43755,568,1310,658,112,401,1211,836,121,201,365,303,1508,2004,9598,755,175,199,1017,0,908,210,136,80,513,364,824,1585,6766,1256,1796,725,200,50,1556,1162,184,971,948,301,1870,2233,13252,870,62,95,86,108,288,63,10,52,639,69,472,83,2897,1830,1167,2494,1662,841,3762,2831,558,2064,2347,1731,4598,4512,30397,177,299,513,285,56,280,242,46,1092,137,86,2242,1142,6597,86,4,61,4,0,27,6,1,1,2,3,45,21,261,726,2308,1954,558,299,2665,980,524,531,1312,1067,2940,2070,17934,1847,2397,2278,719,765,3337,726,647,2189,2293,499,4937,5601,28235,1,1,103,2,0,0,1,0,0,0,4,176,118,406,128,0,2,13,0,8,3,0,266,2,1,5,10,438,22,72,30,98,28,96,114,23,0,68,73,184,323,1131,0,0,0,0,0,0,0,0,0,0,0,0,0,0,13.694954,5.222256,3.656087,1.881231,6.521414,3.865872,4.549148,2.242015,10.066285,5.854926,3.185183,3.332378,3.250106,4.13613,2.005862,1.677165,0.528726,0.131522,3.002396,0.967067,1.476927,0.205674,0.451635,0.886374,0.392162,0.960846,1.193333,0.907292,2.666243,0.224049,0.159904,1.194265,0.0,0.725101,0.370999,0.231171,0.179755,1.245781,0.471112,0.525025,0.943829,0.647764,4.435498,2.29938,0.582563,0.23486,0.374364,1.242573,2.052858,0.31276,2.181777,2.302144,0.389573,1.1915,1.329697,1.252702,3.072359,0.079377,0.076336,0.10099,0.808625,0.229988,0.1113,0.016998,0.116841,1.551762,0.089304,0.300742,0.049424,0.273851,6.462549,1.494085,2.004018,1.951689,6.296795,3.004216,5.001413,0.94848,4.637681,5.699507,2.240371,2.929689,2.686786,2.873407,0.625066,0.382803,0.412214,0.334676,0.419287,0.223599,0.427532,0.07819,2.453657,0.332694,0.111307,1.428526,0.680033,0.62361,0.303704,0.005121,0.049016,0.004697,0,0.021561,0.0106,0.0017,0.002247,0.004857,0.003883,0.028672,0.012505,0.024988,2.563831,2.954883,1.570108,0.65526,2.238694,2.128186,1.731326,0.890687,1.193124,3.18609,1.380979,1.873268,1.232634,1.695289,6.522584,3.068828,1.830454,0.844323,5.727763,2.664825,1.282595,1.09976,4.918548,5.568372,0.645838,3.145688,3.335259,2.669035,0.003531,0.00128,0.082764,0.002349,0,0.0,0.001767,0,0,0,0.005177,0.112141,0.070266,0.052402,0.452025,0,0.001607,0.015266,0,0.006389,0.0053,0.0,0.597686,0.004857,0.001294,0.003186,0.005955,0.04826,0.077692,0.09218,0.024106,0.115082,0.209644,0.076663,0.201399,0.039095,0,0.165133,0.094481,0.117239,0.192339,0.111608,0,0,0,0,0,0,0,0,0,0,0,0,0,0
48,3831,4067,4388,1559,856,4585,2573,1302,4449,2358,2441,5087,5309,42805,565,1321,644,129,391,1163,828,106,201,370,299,1507,1986,9510,735,172,175,922,0,856,194,147,77,479,351,836,1529,6473,1244,1782,684,206,50,1518,1127,186,957,908,302,1822,2190,12976,853,59,88,88,107,274,64,7,53,622,70,465,82,2832,1790,1173,2407,1621,813,3703,2827,521,2050,2352,1611,4474,4433,29775,173,324,498,267,59,249,253,58,1080,134,96,2223,1142,6556,90,5,59,2,0,28,7,3,1,2,4,46,15,262,717,2283,1969,561,296,2613,982,541,530,1292,1034,2871,2091,17780,1806,2391,2282,748,769,3259,721,650,2131,2234,491,4921,5459,27862,1,2,92,0,0,1,1,0,0,0,2,171,122,392,130,0,1,10,0,10,4,0,264,2,0,6,11,438,22,79,38,105,26,86,118,34,0,70,79,181,348,1186,0,0,0,0,0,0,0,0,0,0,0,0,0,0,13.528976,5.206893,3.525914,1.830736,6.409105,3.661439,4.545615,2.213119,9.99663,5.72622,3.159298,3.241263,3.16138,4.046327,1.995268,1.691248,0.517477,0.151485,2.927523,0.928736,1.462794,0.180177,0.451635,0.898516,0.386985,0.960209,1.182614,0.898974,2.595614,0.220208,0.140619,1.082706,0.0,0.683575,0.342732,0.249868,0.173014,1.163214,0.454287,0.532671,0.910482,0.619712,4.393121,2.281456,0.549618,0.241906,0.374364,1.212228,1.991025,0.31616,2.15032,2.205007,0.390868,1.160916,1.304092,1.226612,3.012325,0.075536,0.070711,0.103339,0.801138,0.218808,0.113066,0.011898,0.119088,1.510479,0.090598,0.296282,0.048829,0.267707,6.321291,1.501767,1.93411,1.903543,6.087152,2.957101,4.994347,0.885588,4.606224,5.711649,2.085059,2.85068,2.639743,2.81461,0.61094,0.41481,0.400161,0.313539,0.441749,0.198844,0.446965,0.098587,2.426694,0.325409,0.124249,1.41642,0.680033,0.619734,0.31783,0.006401,0.047409,0.002349,0,0.02236,0.012367,0.005099,0.002247,0.004857,0.005177,0.02931,0.008932,0.025083,2.532048,2.922876,1.582162,0.658783,2.216232,2.086661,1.73486,0.919583,1.190877,3.137522,1.338269,1.829303,1.245139,1.680731,6.377794,3.061146,1.833668,0.878378,5.757712,2.602536,1.273762,1.10486,4.788226,5.425095,0.635484,3.135493,3.250701,2.633776,0.003531,0.002561,0.073925,0.0,0,0.000799,0.001767,0,0,0,0.002589,0.108955,0.072648,0.048107,0.459088,0,0.000804,0.011743,0,0.007986,0.007067,0.0,0.593192,0.004857,0.0,0.003823,0.00655,0.052751,0.077692,0.101142,0.030534,0.123302,0.194669,0.068677,0.208466,0.057793,0,0.16999,0.102247,0.115327,0.207226,0.117035,0,0,0,0,0,0,0,0,0,0,0,0,0,0
49,3819,4011,4401,1611,872,4628,2515,1359,4381,2373,2352,4976,5274,42572,553,1299,627,121,395,1168,821,106,200,371,256,1467,1968,9352,743,175,182,915,0,820,186,147,80,494,335,767,1542,6386,1249,1795,738,195,51,1511,1117,160,934,916,319,1852,2190,13027,859,62,104,80,102,275,54,12,52,626,75,463,81,2845,1808,1144,2433,1519,797,3663,2769,542,2018,2336,1698,4487,4380,29594,167,326,491,271,58,265,243,50,1084,144,99,2220,1176,6594,83,7,72,3,0,27,8,3,2,2,1,42,22,272,740,2232,2011,558,307,2584,998,545,542,1256,1015,2881,2053,17722,1815,2366,2245,692,764,3291,717,599,2107,2263,488,4905,5500,27752,1,2,101,0,0,1,0,0,0,0,1,164,125,395,135,0,2,14,0,8,6,0,265,2,2,7,11,452,21,74,30,99,28,104,122,16,0,76,75,186,330,1161,0,0,0,0,0,0,0,0,0,0,0,0,0,0,13.486598,5.135197,3.53636,1.8918,6.528901,3.695777,4.443149,2.310007,9.843838,5.762646,3.044109,3.170537,3.140538,4.024302,1.95289,1.663082,0.503817,0.14209,2.957472,0.932729,1.450428,0.180177,0.449388,0.900945,0.331332,0.934722,1.171896,0.884038,2.623866,0.224049,0.146243,1.074486,0.0,0.654827,0.328599,0.249868,0.179755,1.199641,0.433578,0.488706,0.918223,0.611383,4.410778,2.2981,0.593009,0.228989,0.381851,1.206638,1.973359,0.271965,2.098641,2.224435,0.41287,1.180031,1.304092,1.231433,3.033513,0.079377,0.083568,0.093944,0.763702,0.219606,0.0954,0.020397,0.116841,1.520192,0.09707,0.295008,0.048234,0.268936,6.384857,1.464639,1.955002,1.783764,5.967355,2.925158,4.89188,0.921283,4.534322,5.672794,2.19766,2.858963,2.608183,2.7975,0.589752,0.417371,0.394536,0.318236,0.434262,0.211621,0.429298,0.084989,2.435681,0.349693,0.128132,1.414508,0.700279,0.623326,0.29311,0.008962,0.057855,0.003523,0,0.021561,0.014133,0.005099,0.004494,0.004857,0.001294,0.026761,0.0131,0.026041,2.613271,2.857582,1.61591,0.65526,2.298592,2.063502,1.763126,0.926382,1.217841,3.050098,1.313678,1.835675,1.222511,1.675248,6.409577,3.029139,1.803937,0.812617,5.720276,2.62809,1.266695,1.018171,4.7343,5.49552,0.631601,3.125299,3.275116,2.623377,0.003531,0.002561,0.081157,0.0,0,0.000799,0.0,0,0,0,0.001294,0.104495,0.074434,0.052094,0.476745,0,0.001607,0.01644,0,0.006389,0.0106,0.0,0.595439,0.004857,0.002589,0.00446,0.00655,0.049803,0.07416,0.094741,0.024106,0.116256,0.209644,0.083051,0.215532,0.027197,0,0.18456,0.09707,0.118513,0.196507,0.114568,0,0,0,0,0,0,0,0,0,0,0,0,0,0
50,3732,3918,4397,1550,846,4500,2431,1244,4274,2348,2324,4896,5206,41666,551,1288,633,110,385,1145,784,100,194,353,272,1469,1902,9186,714,161,163,872,0,773,186,148,79,482,333,756,1481,6148,1209,1757,728,220,48,1496,1066,170,932,886,318,1754,2157,12741,857,55,102,80,107,262,55,12,50,614,69,456,74,2793,1789,1145,2349,1479,812,3538,2737,521,1994,2293,1612,4352,4358,28979,164,334,523,270,55,248,254,54,1076,138,79,2211,1140,6546,71,8,59,4,0,27,6,3,1,3,1,46,15,244,730,2299,1943,511,312,2581,970,530,553,1273,1063,2907,2053,17725,1799,2344,2203,738,744,3272,695,621,2098,2210,417,4913,5404,27458,1,1,102,1,0,0,0,0,0,0,5,163,114,387,124,0,3,15,0,10,4,0,264,2,0,5,11,438,19,78,35,93,30,90,110,19,0,69,69,173,311,1096,0,0,0,0,0,0,0,0,0,0,0,0,0,0,13.179362,5.016132,3.533146,1.820167,6.334232,3.59356,4.294749,2.114531,9.603415,5.701935,3.007869,3.119564,3.100046,3.938658,1.945828,1.648999,0.508638,0.129173,2.8826,0.914361,1.385061,0.169978,0.435906,0.857233,0.35204,0.935997,1.132595,0.868346,2.521454,0.206125,0.130976,1.023991,0.0,0.617294,0.328599,0.251568,0.177508,1.1705,0.43099,0.481697,0.881899,0.588597,4.26952,2.249449,0.584974,0.258346,0.359389,1.194659,1.883259,0.288963,2.094147,2.151582,0.411576,1.117589,1.284441,1.204398,3.026451,0.070415,0.081961,0.093944,0.801138,0.209225,0.097166,0.020397,0.112347,1.491051,0.089304,0.290548,0.044065,0.26402,6.31776,1.465919,1.887505,1.736792,6.079665,2.825337,4.835347,0.885588,4.480395,5.568372,2.086353,2.772946,2.595083,2.739365,0.579157,0.427613,0.420249,0.317061,0.4118,0.198045,0.448732,0.091788,2.417706,0.335122,0.102247,1.408774,0.678842,0.618789,0.250733,0.010242,0.047409,0.004697,0,0.021561,0.0106,0.005099,0.002247,0.007285,0.001294,0.02931,0.008932,0.02336,2.577957,2.94336,1.56127,0.600068,2.336029,2.061106,1.71366,0.900886,1.242557,3.091382,1.375802,1.852241,1.222511,1.675532,6.353074,3.000973,1.770189,0.866635,5.57053,2.612918,1.227828,1.055566,4.714077,5.366813,0.539708,3.130396,3.21795,2.595586,0.003531,0.00128,0.081961,0.001174,0,0.0,0.0,0,0,0,0.006471,0.103858,0.067884,0.053887,0.437899,0,0.002411,0.017615,0,0.007986,0.007067,0.0,0.593192,0.004857,0.0,0.003186,0.00655,0.052751,0.067098,0.099862,0.028124,0.10921,0.224618,0.071871,0.194333,0.032296,0,0.167561,0.089304,0.11023,0.185193,0.108154,0,0,0,0,0,0,0,0,0,0,0,0,0,0
51,3701,3851,4210,1516,826,4481,2375,1314,4219,2293,2228,4807,5138,40959,543,1284,613,105,392,1116,780,104,182,355,258,1455,1921,9108,719,162,175,836,0,754,184,150,81,494,328,727,1450,6060,1187,1724,707,225,44,1481,1042,170,916,877,261,1753,2054,12441,841,61,95,79,103,264,56,10,47,632,72,440,78,2778,1749,1151,2306,1527,783,3548,2701,546,1979,2265,1583,4285,4313,28736,174,308,478,250,53,250,243,53,1075,139,88,2180,1146,6437,67,6,60,3,0,19,8,1,2,3,3,44,16,232,731,2279,1919,537,311,2525,982,514,562,1258,1024,2826,1999,17467,1772,2328,2140,678,743,3291,690,612,2085,2193,438,4764,5394,27128,1,1,97,0,0,0,0,0,0,0,1,164,122,386,127,0,2,14,0,10,3,0,262,2,1,7,11,439,21,77,31,94,29,94,106,27,0,76,79,177,333,1144,0,0,0,0,0,0,0,0,0,0,0,0,0,0,13.069887,4.930353,3.382885,1.780241,6.184486,3.578388,4.195817,2.233516,9.479834,5.568372,2.88362,3.062856,3.059554,3.871826,1.917576,1.643878,0.492567,0.123302,2.93501,0.891203,1.377994,0.176778,0.408943,0.86209,0.33392,0.927076,1.143909,0.860973,2.539111,0.207405,0.140619,0.981716,0.0,0.602121,0.325065,0.254968,0.182002,1.199641,0.424519,0.46322,0.86344,0.580172,4.191828,2.2072,0.5681,0.264218,0.32944,1.182681,1.840859,0.288963,2.058196,2.129726,0.337803,1.116952,1.223107,1.176039,2.969947,0.078097,0.076336,0.09277,0.771189,0.210822,0.098933,0.016998,0.105606,1.534763,0.093187,0.280353,0.046447,0.262602,6.176502,1.473601,1.852953,1.793159,5.862534,2.833323,4.771748,0.928082,4.446691,5.500376,2.04882,2.730256,2.568286,2.716394,0.614472,0.394326,0.38409,0.293575,0.396825,0.199642,0.429298,0.090089,2.415459,0.337551,0.113895,1.389022,0.682415,0.608485,0.236607,0.007682,0.048212,0.003523,0,0.015173,0.014133,0.0017,0.004494,0.007285,0.003883,0.028035,0.009528,0.022211,2.581488,2.917755,1.541985,0.6306,2.328541,2.016387,1.73486,0.873689,1.262779,3.054955,1.325326,1.800631,1.190356,1.651143,6.257725,2.980489,1.719566,0.796176,5.563043,2.62809,1.218995,1.040268,4.684867,5.32553,0.566888,3.035458,3.211995,2.564391,0.003531,0.00128,0.077943,0.0,0,0.0,0.0,0,0,0,0.001294,0.104495,0.072648,0.060978,0.448494,0,0.001607,0.01644,0,0.007986,0.0053,0.0,0.588698,0.004857,0.001294,0.00446,0.00655,0.04837,0.07416,0.098581,0.02491,0.110384,0.217131,0.075065,0.187266,0.045894,0,0.18456,0.102247,0.112778,0.198293,0.112891,0,0,0,0,0,0,0,0,0,0,0,0,0,0
52,3702,3819,4126,1511,829,4368,2320,1305,4203,2314,2163,4711,5056,40427,537,1244,622,85,381,1115,775,96,183,351,250,1408,1882,8929,695,170,174,815,1,750,163,137,80,488,302,712,1423,5910,1181,1700,691,173,46,1441,1027,178,893,912,301,1701,2019,12263,841,64,98,74,109,259,54,9,44,620,63,446,78,2759,1729,1114,2226,1486,805,3495,2687,540,1955,2220,1606,4291,4255,28409,177,325,480,264,50,234,240,51,1059,144,71,2162,1128,6385,75,7,68,2,0,35,9,2,2,2,1,47,18,268,735,2330,1962,522,307,2520,951,547,551,1261,983,2820,2005,17494,1771,2355,2111,679,750,3146,683,649,2070,2165,395,4813,5412,26999,1,2,93,0,0,0,0,0,0,0,4,162,125,387,131,0,1,8,0,7,2,0,257,1,0,5,12,424,18,70,32,105,29,78,108,23,0,70,67,174,320,1094,0,0,0,0,0,0,0,0,0,0,0,0,0,0,13.073419,4.889384,3.315388,1.77437,6.206948,3.488149,4.09865,2.218218,9.443883,5.619369,2.799493,3.001688,3.010725,3.821536,1.896387,1.592667,0.499799,0.099816,2.85265,0.890404,1.369161,0.163179,0.41119,0.852376,0.323566,0.89713,1.120685,0.844052,2.454356,0.217647,0.139815,0.957056,0.007487,0.598927,0.287966,0.23287,0.179755,1.18507,0.390868,0.453662,0.847362,0.558668,4.17064,2.176474,0.555243,0.203154,0.344414,1.150738,1.814359,0.302562,2.006516,2.214721,0.389573,1.083819,1.202265,1.159213,2.969947,0.081938,0.078746,0.086898,0.816113,0.206829,0.0954,0.015298,0.098865,1.505622,0.081539,0.284176,0.046447,0.260806,6.105873,1.42623,1.78867,1.745012,6.027254,2.790999,4.747014,0.917883,4.392765,5.391097,2.078588,2.734079,2.533749,2.685483,0.625066,0.416091,0.385697,0.310016,0.374364,0.186865,0.423998,0.086689,2.379508,0.349693,0.091893,1.377553,0.671696,0.60357,0.264859,0.008962,0.05464,0.002349,0,0.02795,0.0159,0.0034,0.004494,0.004857,0.001294,0.029947,0.010719,0.025658,2.595614,2.983049,1.576537,0.612985,2.298592,2.012394,1.680093,0.929782,1.238063,3.06224,1.272261,1.796808,1.193929,1.653696,6.254194,3.015056,1.696264,0.797351,5.615454,2.512298,1.206629,1.10316,4.651163,5.257534,0.511234,3.066679,3.222714,2.552197,0.003531,0.002561,0.074729,0.0,0,0.0,0.0,0,0,0,0.005177,0.103221,0.074434,0.061136,0.46262,0,0.000804,0.009394,0,0.00559,0.003533,0.0,0.577463,0.002428,0.0,0.003186,0.007146,0.051065,0.063566,0.08962,0.025713,0.123302,0.217131,0.062288,0.190799,0.039095,0,0.16999,0.086716,0.110867,0.190552,0.107957,0,0,0,0,0,0,0,0,0,0,0,0,0,0
53,3655,3757,4127,1485,795,4412,2321,1224,4111,2290,2183,4663,4994,40017,531,1266,592,103,382,1113,765,109,177,351,244,1389,1850,8872,687,156,171,807,1,696,159,149,80,477,330,688,1470,5871,1156,1707,692,199,46,1479,1015,170,885,876,255,1698,2039,12217,849,58,94,66,107,236,50,7,47,633,78,440,78,2743,1729,1096,2316,1486,776,3448,2648,477,1946,2195,1581,4233,4185,28116,185,317,515,222,53,263,238,51,1054,139,94,2139,1146,6416,74,8,61,1,0,32,8,3,2,3,0,43,24,259,740,2311,1904,508,312,2547,969,503,553,1275,1013,2849,1970,17454,1741,2337,2155,631,745,3201,687,603,2039,2181,389,4713,5346,26768,1,1,101,0,0,0,0,0,0,0,3,162,118,386,126,0,2,10,0,8,2,0,260,2,0,9,12,431,21,79,44,96,31,110,110,28,0,68,86,172,320,1165,0,0,0,0,0,0,0,0,0,0,0,0,0,0,12.907441,4.810007,3.316191,1.743838,5.952381,3.523286,4.100417,2.080536,9.237164,5.561087,2.825378,2.971105,2.973805,3.782779,1.875199,1.620833,0.475693,0.120953,2.860138,0.888807,1.351495,0.185276,0.397708,0.852376,0.3158,0.885023,1.10163,0.838664,2.426104,0.199723,0.137405,0.947661,0.007487,0.555804,0.280899,0.253268,0.179755,1.158357,0.427107,0.43837,0.875349,0.554982,4.082353,2.185436,0.556047,0.233686,0.344414,1.181083,1.793159,0.288963,1.988541,2.127298,0.330037,1.081908,1.214175,1.154865,2.998199,0.074256,0.075532,0.077504,0.801138,0.188462,0.088333,0.011898,0.105606,1.537191,0.100953,0.280353,0.046447,0.259294,6.105873,1.403185,1.860988,1.745012,5.810123,2.753466,4.678115,0.810797,4.372542,5.330387,2.046231,2.697123,2.492065,2.657786,0.653318,0.405848,0.413821,0.260695,0.396825,0.210024,0.420465,0.086689,2.368273,0.337551,0.121661,1.362898,0.682415,0.6065,0.261327,0.010242,0.049016,0.001174,0,0.025554,0.014133,0.005099,0.004494,0.007285,0.0,0.027398,0.014291,0.026777,2.613271,2.958724,1.529932,0.596545,2.336029,2.033955,1.711893,0.854991,1.242557,3.096238,1.311089,1.815286,1.173087,1.649914,6.14825,2.992011,1.731619,0.740984,5.578017,2.556219,1.213695,1.02497,4.581508,5.296389,0.503469,3.002963,3.183412,2.53036,0.003531,0.00128,0.081157,0.0,0,0.0,0.0,0,0,0,0.003883,0.103221,0.070266,0.060978,0.444962,0,0.001607,0.011743,0,0.006389,0.003533,0.0,0.584204,0.004857,0.0,0.005734,0.007146,0.051908,0.07416,0.101142,0.035356,0.112733,0.232105,0.087843,0.194333,0.047594,0,0.165133,0.111307,0.109593,0.190552,0.114963,0,0,0,0,0,0,0,0,0,0,0,0,0,0
54,3596,3704,4038,1436,771,4243,2271,1216,4019,2246,2139,4636,4834,39149,533,1254,605,96,384,1107,750,103,173,345,227,1386,1865,8828,665,166,182,770,1,702,162,147,79,473,297,689,1417,5750,1129,1685,689,198,50,1432,1010,174,871,860,276,1673,2004,12051,848,52,87,70,106,227,51,8,45,636,69,433,65,2697,1724,1077,2223,1424,778,3412,2632,491,1899,2195,1542,4214,4214,27825,183,317,512,280,51,235,244,54,1048,138,85,2116,1120,6383,81,5,57,1,0,26,9,0,2,3,2,38,18,242,740,2313,1994,477,309,2507,931,553,571,1254,1025,2798,1965,17437,1701,2277,2080,670,725,3114,654,627,1982,2110,404,4756,5335,26435,1,2,98,0,0,1,0,0,0,0,3,159,117,381,123,0,1,20,0,5,3,0,264,2,1,5,13,437,17,76,50,84,31,97,108,24,0,73,72,175,310,1117,0,0,0,0,0,0,0,0,0,0,0,0,0,0,12.699085,4.742152,3.244677,1.686297,5.772686,3.388328,4.012084,2.066937,9.030446,5.454236,2.76843,2.953901,2.878529,3.700728,1.882262,1.605469,0.486139,0.112733,2.875112,0.884016,1.324995,0.175078,0.38872,0.837806,0.293798,0.883112,1.110562,0.834505,2.348413,0.212526,0.146243,0.904212,0.007487,0.560595,0.286199,0.249868,0.177508,1.148644,0.384396,0.439007,0.843789,0.543544,3.987004,2.157269,0.553636,0.232512,0.374364,1.143551,1.784326,0.295762,1.957083,2.088443,0.357217,1.065979,1.193333,1.139173,2.994668,0.066574,0.069908,0.082201,0.793651,0.181275,0.0901,0.013598,0.101112,1.544477,0.089304,0.275893,0.038706,0.254946,6.088216,1.37886,1.78626,1.672205,5.825097,2.724717,4.649848,0.834594,4.266936,5.330387,1.995755,2.685017,2.509334,2.630278,0.646255,0.405848,0.41141,0.328804,0.381851,0.187664,0.431065,0.091788,2.354792,0.335122,0.110012,1.348243,0.666933,0.603381,0.286047,0.006401,0.045802,0.001174,0,0.020763,0.0159,0.0,0.004494,0.007285,0.002589,0.024212,0.010719,0.024551,2.613271,2.961284,1.60225,0.560142,2.313567,2.002012,1.64476,0.939981,1.283002,3.045242,1.32662,1.78279,1.17011,1.648308,6.006992,2.915194,1.671354,0.786782,5.428272,2.486744,1.155395,1.065765,4.453432,5.123971,0.522883,3.030361,3.176862,2.498882,0.003531,0.002561,0.078746,0.0,0,0.000799,0.0,0,0,0,0.003883,0.101309,0.069671,0.050248,0.434368,0,0.000804,0.023486,0,0.003993,0.0053,0.0,0.593192,0.004857,0.001294,0.003186,0.007741,0.04815,0.060035,0.097301,0.040177,0.098641,0.232105,0.077461,0.190799,0.040795,0,0.177275,0.093187,0.111504,0.184597,0.110226,0,0,0,0,0,0,0,0,0,0,0,0,0,0
55,3575,3684,3991,1444,765,4193,2251,1214,3957,2202,2050,4543,4815,38684,522,1226,596,91,374,1099,739,89,171,339,238,1365,1847,8696,675,150,179,726,0,705,167,141,76,460,277,692,1377,5625,1133,1621,682,161,46,1438,975,158,869,848,271,1667,2019,11888,848,57,79,62,105,243,58,3,44,638,50,429,73,2689,1709,1111,2206,1457,754,3401,2563,517,1873,2177,1525,4142,4160,27595,179,303,474,264,59,246,244,45,1043,134,73,2102,1137,6303,67,2,50,1,0,24,7,0,2,3,3,43,20,222,754,2329,1899,493,311,2538,975,521,573,1277,995,2849,1978,17492,1691,2281,2140,679,708,3167,654,603,1983,2108,422,4694,5182,26312,1,1,88,0,0,1,0,0,0,0,2,162,102,357,127,0,1,13,0,6,6,0,252,2,2,5,12,426,19,78,38,76,32,91,104,22,0,67,66,171,308,1072,0,0,0,0,0,0,0,0,0,0,0,0,0,0,12.624925,4.716546,3.20691,1.695691,5.727763,3.3484,3.976751,2.063538,8.891136,5.347386,2.653241,2.894645,2.867215,3.656772,1.843416,1.569622,0.478907,0.106861,2.80024,0.877627,1.305561,0.151281,0.384226,0.823235,0.308035,0.869731,1.099843,0.822027,2.383727,0.192042,0.143833,0.852543,0.0,0.562991,0.295032,0.23967,0.170767,1.117074,0.358511,0.440919,0.81997,0.538526,4.00113,2.075332,0.548011,0.189063,0.344414,1.148342,1.722493,0.268566,1.95259,2.059302,0.350745,1.062156,1.202265,1.123764,2.994668,0.072976,0.063479,0.072807,0.786164,0.194052,0.102466,0.005099,0.098865,1.549333,0.064713,0.273344,0.04347,0.254189,6.035244,1.42239,1.772599,1.710957,5.645403,2.715933,4.527949,0.878788,4.208516,5.286675,1.973752,2.639141,2.477178,2.608536,0.632129,0.387924,0.380876,0.310016,0.441749,0.196448,0.431065,0.07649,2.343557,0.325409,0.094481,1.339323,0.677056,0.595818,0.236607,0.002561,0.040177,0.001174,0,0.019166,0.012367,0.0,0.004494,0.007285,0.003883,0.027398,0.01191,0.022522,2.662711,2.981769,1.525914,0.578931,2.328541,2.026768,1.722493,0.885588,1.287496,3.101095,1.287793,1.815286,1.177851,1.653507,5.971678,2.920315,1.719566,0.797351,5.300988,2.529068,1.155395,1.02497,4.455679,5.119114,0.546179,2.990857,3.085754,2.487255,0.003531,0.00128,0.070711,0.0,0,0.000799,0.0,0,0,0,0.002589,0.103221,0.060739,0.047083,0.448494,0,0.000804,0.015266,0,0.004791,0.0106,0.0,0.566229,0.004857,0.002589,0.003186,0.007146,0.046938,0.067098,0.099862,0.030534,0.089247,0.239593,0.07267,0.183733,0.037395,0,0.162704,0.085421,0.108955,0.183406,0.105786,0,0,0,0,0,0,0,0,0,0,0,0,0,0
56,3557,3584,3903,1414,748,4138,2180,1218,3903,2164,2062,4444,4761,38076,525,1222,584,89,360,1077,734,91,167,328,217,1343,1819,8556,646,161,159,769,0,694,169,155,79,458,289,664,1362,5605,1108,1623,671,175,40,1365,954,163,854,828,256,1630,2007,11674,843,66,101,61,104,242,58,5,44,620,62,434,75,2715,1685,1068,2145,1432,748,3314,2554,499,1833,2141,1454,4119,4061,27053,174,297,479,228,57,239,247,46,1042,128,79,2100,1099,6215,74,3,49,0,0,22,8,0,2,4,4,45,14,225,744,2274,1950,514,300,2578,957,513,575,1250,977,2819,2003,17454,1659,2238,2080,639,701,3112,651,582,1960,2065,382,4726,5203,25998,1,1,91,0,0,1,0,0,0,0,1,158,108,361,117,0,1,16,0,4,4,0,248,2,0,5,15,412,21,75,36,104,29,81,107,28,0,61,59,182,319,1102,0,0,0,0,0,0,0,0,0,0,0,0,0,0,12.561359,4.588518,3.136199,1.660462,5.600479,3.304478,3.851318,2.070337,8.769801,5.255106,2.668772,2.831565,2.835059,3.599298,1.85401,1.5645,0.469265,0.104513,2.695418,0.860059,1.296728,0.15468,0.375239,0.796522,0.280855,0.855714,1.08317,0.808793,2.281315,0.206125,0.127762,0.903038,0.0,0.554207,0.298565,0.263467,0.177508,1.112217,0.374042,0.423078,0.811038,0.536612,3.912844,2.077892,0.539172,0.205503,0.299491,1.090047,1.685393,0.277065,1.918886,2.010734,0.331332,1.03858,1.195119,1.103535,2.97701,0.084498,0.081157,0.071632,0.778676,0.193254,0.102466,0.008499,0.098865,1.505622,0.080244,0.27653,0.044661,0.256647,5.950489,1.367338,1.723584,1.6816,5.600479,2.646458,4.512049,0.848192,4.118638,5.199252,1.88186,2.624486,2.418226,2.557301,0.614472,0.380243,0.384894,0.267741,0.426774,0.190858,0.436365,0.07819,2.34131,0.310838,0.102247,1.338048,0.654428,0.5875,0.261327,0.003841,0.039373,0.0,0,0.017569,0.014133,0.0,0.004494,0.009714,0.005177,0.028672,0.008337,0.024985,2.627397,2.911354,1.566894,0.603591,2.246181,2.058711,1.690693,0.871989,1.29199,3.035528,1.264496,1.796171,1.192738,1.649914,5.858671,2.865263,1.671354,0.750379,5.248577,2.485147,1.150095,0.989274,4.404,5.014692,0.494409,3.011246,3.098259,2.457573,0.003531,0.00128,0.073122,0.0,0,0.000799,0.0,0,0,0,0.001294,0.100672,0.064311,0.04761,0.413179,0,0.000804,0.018789,0,0.003194,0.007067,0.0,0.557241,0.004857,0.0,0.003186,0.008932,0.04962,0.07416,0.096021,0.028927,0.122127,0.217131,0.064684,0.189033,0.047594,0,0.148134,0.076362,0.115964,0.189957,0.108746,0,0,0,0,0,0,0,0,0,0,0,0,0,0
57,3524,3533,3891,1394,755,4029,2137,1169,3798,2128,1963,4365,4675,37361,520,1213,578,87,365,1065,713,90,166,323,209,1321,1807,8457,632,159,158,715,0,693,159,143,78,447,295,683,1329,5491,1107,1615,630,148,47,1372,937,148,837,815,266,1574,1987,11483,838,64,106,66,95,234,54,11,41,625,54,386,78,2652,1677,1075,2217,1411,726,3304,2568,511,1793,2099,1423,4051,4037,26892,179,324,519,233,57,236,230,45,1031,129,80,2072,1182,6317,75,5,52,1,0,23,7,0,1,3,4,41,20,232,745,2257,1928,478,305,2590,974,546,587,1225,932,2768,1990,17325,1663,2237,2135,615,691,3113,629,577,1931,2031,371,4627,5184,25804,1,1,99,0,0,0,0,0,0,0,2,148,107,358,130,0,1,17,0,4,4,0,239,2,0,5,11,413,20,78,38,72,34,88,108,15,0,60,76,169,310,1068,0,0,0,0,0,0,0,0,0,0,0,0,0,0,12.444821,4.523224,3.126557,1.636976,5.65289,3.217434,3.775352,1.987048,8.533873,5.167683,2.54064,2.781229,2.783848,3.531709,1.836353,1.552978,0.464444,0.102164,2.732854,0.850476,1.259628,0.152981,0.372992,0.78438,0.270501,0.841696,1.076024,0.799434,2.231875,0.203564,0.126959,0.839626,0.0,0.553408,0.280899,0.243069,0.175261,1.085505,0.381808,0.435184,0.791387,0.525698,3.909312,2.06765,0.506227,0.173797,0.351902,1.095637,1.65536,0.251568,1.880688,1.979164,0.344274,1.002899,1.18321,1.08548,2.959353,0.081938,0.085175,0.077504,0.711291,0.186865,0.0954,0.018698,0.092124,1.517764,0.06989,0.245946,0.046447,0.250692,5.922238,1.376299,1.781438,1.65694,5.435759,2.638472,4.536782,0.86859,4.028761,5.097258,1.841737,2.581159,2.403935,2.542082,0.632129,0.41481,0.417035,0.273612,0.426774,0.188462,0.406332,0.07649,2.316594,0.313266,0.103541,1.320208,0.703852,0.597142,0.264859,0.006401,0.041784,0.001174,0,0.018367,0.012367,0.0,0.002247,0.007285,0.005177,0.026124,0.01191,0.023537,2.630928,2.889589,1.549217,0.561316,2.283618,2.068294,1.720726,0.928082,1.318953,2.974817,1.206254,1.763675,1.184996,1.63772,5.872797,2.863983,1.715548,0.722195,5.173705,2.485945,1.111229,0.980775,4.338838,4.932126,0.480172,2.948167,3.086945,2.439234,0.003531,0.00128,0.07955,0.0,0,0.0,0.0,0,0,0,0.002589,0.094301,0.063716,0.056555,0.459088,0,0.000804,0.019963,0,0.003194,0.007067,0.0,0.537018,0.004857,0.0,0.003186,0.00655,0.04974,0.070629,0.099862,0.030534,0.08455,0.254567,0.070274,0.190799,0.025497,0,0.145705,0.098364,0.107681,0.184597,0.105391,0,0,0,0,0,0,0,0,0,0,0,0,0,0
58,3505,3417,3753,1351,728,4017,2119,1200,3744,2072,1930,4248,4619,36703,519,1193,553,77,350,1054,704,89,167,321,185,1299,1768,8279,639,149,171,713,0,708,183,127,77,456,289,660,1302,5474,1085,1562,626,161,43,1362,907,158,846,783,250,1545,1924,11252,830,58,97,65,103,234,57,8,41,616,48,402,76,2635,1637,1054,2184,1398,712,3305,2520,531,1760,2058,1407,4031,4034,26631,187,290,483,240,58,245,242,42,1033,133,63,2062,1151,6229,61,4,41,2,0,29,7,2,1,3,2,48,25,225,752,2252,1903,492,289,2507,971,562,598,1228,948,2749,1918,17169,1635,2152,2040,633,679,3055,625,619,1912,1973,388,4623,5099,25433,1,1,104,0,0,2,0,0,0,0,2,148,97,355,118,0,1,20,0,5,4,0,240,2,1,5,11,407,22,83,38,95,29,86,100,25,0,62,70,174,330,1114,0,0,0,0,0,0,0,0,0,0,0,0,0,0,12.377724,4.374712,3.015669,1.586481,5.450734,3.207852,3.743552,2.039741,8.412538,5.031691,2.497929,2.706681,2.750502,3.469509,1.832821,1.527372,0.444355,0.090421,2.620545,0.841692,1.243728,0.151281,0.375239,0.779524,0.239439,0.827678,1.052801,0.782608,2.256595,0.190762,0.137405,0.837277,0.0,0.565387,0.323299,0.215873,0.173014,1.107361,0.374042,0.420529,0.775309,0.52407,3.831621,1.999795,0.503013,0.189063,0.321953,1.087651,1.60236,0.268566,1.90091,1.901455,0.323566,0.984421,1.145695,1.063644,2.931101,0.074256,0.077943,0.07633,0.771189,0.186865,0.1007,0.013598,0.092124,1.495908,0.062125,0.256141,0.045256,0.249085,5.78098,1.349414,1.754922,1.641674,5.330937,2.63927,4.451982,0.902585,3.954612,4.997693,1.821029,2.568416,2.402148,2.51741,0.660381,0.371281,0.388108,0.281832,0.434262,0.195649,0.427532,0.071391,2.321088,0.32298,0.081539,1.313836,0.685392,0.588823,0.215418,0.005121,0.032945,0.002349,0,0.023158,0.012367,0.0034,0.002247,0.007285,0.002589,0.030584,0.014887,0.021541,2.655649,2.883187,1.529128,0.577756,2.163822,2.002012,1.715426,0.955279,1.343669,2.982103,1.226962,1.751569,1.142122,1.622974,5.773917,2.75516,1.639213,0.743333,5.083857,2.439628,1.104162,1.052166,4.296147,4.791277,0.502174,2.945618,3.03633,2.404164,0.003531,0.00128,0.083568,0.0,0,0.001597,0.0,0,0,0,0.002589,0.094301,0.057761,0.046819,0.416711,0,0.000804,0.023486,0,0.003993,0.007067,0.0,0.539265,0.004857,0.001294,0.003186,0.00655,0.044845,0.077692,0.106263,0.030534,0.111559,0.217131,0.068677,0.176666,0.042495,0,0.150562,0.090598,0.110867,0.196507,0.10993,0,0,0,0,0,0,0,0,0,0,0,0,0,0
59,3450,3380,3704,1398,707,3926,2082,1135,3693,2038,1974,4178,4466,36131,505,1178,560,83,355,1067,699,84,166,305,217,1270,1739,8228,619,143,167,699,0,701,176,131,75,436,274,631,1300,5352,1067,1539,646,144,43,1317,897,137,833,757,240,1524,1888,11032,830,58,85,59,98,233,57,11,40,613,52,402,74,2612,1626,1062,2160,1446,687,3254,2474,481,1726,1999,1425,4016,3926,26282,192,290,446,254,62,246,238,46,1036,140,89,2014,1146,6199,61,4,54,1,0,25,8,2,0,2,4,44,15,220,731,2206,1866,511,304,2495,959,502,596,1206,944,2753,1961,17034,1620,2190,2047,614,666,3037,598,562,1897,1957,388,4583,5044,25203,1,0,99,0,0,0,0,0,0,0,1,145,95,341,114,0,3,11,0,4,5,0,242,2,0,5,11,397,18,65,38,90,35,95,86,23,0,63,64,153,318,1048,0,0,0,0,0,0,0,0,0,0,0,0,0,0,12.183494,4.327342,2.976296,1.641674,5.293501,3.135182,3.678185,1.929255,8.297944,4.949125,2.554877,2.662079,2.659394,3.415438,1.783381,1.508168,0.44998,0.097467,2.657981,0.852073,1.234895,0.142782,0.372992,0.740669,0.280855,0.809201,1.035532,0.777787,2.185966,0.18308,0.13419,0.820837,0.0,0.559797,0.310932,0.222672,0.16852,1.058792,0.354628,0.402052,0.774118,0.51239,3.768055,1.970349,0.519084,0.169099,0.321953,1.051715,1.584694,0.23287,1.8717,1.838316,0.310623,0.971041,1.124258,1.042847,2.931101,0.074256,0.068301,0.069284,0.733753,0.186067,0.1007,0.018698,0.089878,1.488623,0.067302,0.256141,0.044065,0.246911,5.742134,1.359656,1.735637,1.69804,5.143756,2.598543,4.370716,0.817596,3.878216,4.854416,1.844326,2.558858,2.337837,2.484419,0.678038,0.371281,0.358377,0.298273,0.464211,0.196448,0.420465,0.07819,2.327828,0.339979,0.115189,1.283252,0.682415,0.585987,0.215418,0.005121,0.043391,0.001174,0,0.019964,0.014133,0.0034,0.0,0.004857,0.005177,0.028035,0.008932,0.022,2.581488,2.824295,1.499397,0.600068,2.276131,1.99243,1.694227,0.853292,1.339175,2.928677,1.221785,1.754118,1.167728,1.610212,5.720945,2.80381,1.644837,0.721021,4.986523,2.425254,1.056462,0.955279,4.262442,4.752422,0.502174,2.920131,3.003579,2.382422,0.003531,0.0,0.07955,0.0,0,0.0,0.0,0,0,0,0.001294,0.092389,0.05657,0.061452,0.402585,0,0.002411,0.012917,0,0.003194,0.008833,0.0,0.543759,0.004857,0.0,0.003186,0.00655,0.047813,0.063566,0.083218,0.030534,0.105687,0.262055,0.075864,0.151933,0.039095,0,0.152991,0.082833,0.097486,0.189361,0.103418,0,0,0,0,0,0,0,0,0,0,0,0,0,0
60,3398,3288,3620,1361,704,3883,2029,1180,3645,2023,1879,4070,4380,35460,489,1152,532,104,348,1045,689,77,168,298,199,1267,1726,8094,618,150,152,698,1,691,169,128,75,418,271,633,1260,5264,1064,1528,624,128,45,1300,872,153,810,763,263,1501,1834,10885,815,61,99,79,101,235,56,8,44,586,49,384,70,2587,1609,1014,2004,1401,688,3226,2429,487,1681,1971,1396,3999,3904,25809,185,291,435,267,61,255,229,52,1023,142,97,2031,1096,6164,78,2,41,3,0,22,6,1,1,2,0,43,21,220,739,2226,1866,514,290,2554,937,522,581,1196,987,2749,1939,17100,1614,2106,1924,652,670,3000,599,592,1872,1923,385,4585,4980,24902,1,0,84,0,0,1,0,0,0,0,2,147,104,339,116,0,1,12,0,4,3,0,239,2,1,11,11,400,18,70,36,84,35,80,83,21,0,63,64,167,293,1014,0,0,0,0,0,0,0,0,0,0,0,0,0,0,11.999859,4.209556,2.908799,1.598224,5.271039,3.100843,3.584552,2.005745,8.190091,4.912698,2.431922,2.593265,2.608183,3.352009,1.726878,1.474881,0.427481,0.122127,2.605571,0.834505,1.217228,0.130883,0.377486,0.72367,0.257559,0.807289,1.027791,0.76512,2.182435,0.192042,0.122137,0.819663,0.007487,0.551811,0.298565,0.217572,0.16852,1.015081,0.350745,0.403326,0.750299,0.497602,3.75746,1.956266,0.501406,0.150311,0.336927,1.03814,1.540527,0.260067,1.82002,1.852886,0.340391,0.956386,1.092102,1.028951,2.87813,0.078097,0.07955,0.09277,0.756214,0.187664,0.098933,0.013598,0.098865,1.423055,0.063419,0.244672,0.041683,0.244547,5.682099,1.298202,1.610285,1.645197,5.151243,2.576183,4.291216,0.827795,3.777104,4.78642,1.806792,2.548026,2.324737,2.439707,0.653318,0.372561,0.349538,0.313539,0.456724,0.203635,0.404565,0.088389,2.298618,0.344836,0.125544,1.294084,0.652641,0.582679,0.275453,0.002561,0.032945,0.003523,0,0.017569,0.0106,0.0017,0.002247,0.004857,0.0,0.027398,0.012505,0.022745,2.60974,2.8499,1.499397,0.603591,2.171309,2.039545,1.65536,0.887287,1.305471,2.904393,1.277438,1.751569,1.154627,1.616451,5.699756,2.696267,1.546002,0.765645,5.016472,2.395707,1.058229,1.006272,4.206269,4.669856,0.498292,2.921406,2.965468,2.353969,0.003531,0.0,0.067497,0.0,0,0.000799,0.0,0,0,0,0.002589,0.093663,0.061929,0.049843,0.409648,0,0.000804,0.014092,0,0.003194,0.0053,0.0,0.537018,0.004857,0.001294,0.007009,0.00655,0.044073,0.063566,0.08962,0.028927,0.098641,0.262055,0.063886,0.146633,0.035695,0,0.152991,0.082833,0.106407,0.174474,0.100062,0,0,0,0,0,0,0,0,0,0,0,0,0,0
61,3345,3236,3570,1315,692,3857,2005,1109,3609,2024,1891,4056,4319,35028,473,1176,536,77,346,1019,679,81,160,287,231,1254,1720,8039,611,138,151,691,0,695,163,154,69,423,241,610,1218,5164,1039,1469,645,166,41,1282,851,139,800,759,265,1468,1757,10681,803,52,80,59,97,216,57,5,43,585,57,365,65,2484,1593,1022,2073,1368,671,3206,2390,487,1657,1975,1343,3900,3791,25476,180,297,466,231,62,240,221,62,1005,147,84,2057,1138,6190,72,0,50,1,0,24,7,2,1,2,0,43,18,220,740,2186,1836,511,292,2579,950,555,588,1172,939,2700,1960,17008,1602,2061,1939,646,668,2962,597,634,1811,1908,371,4459,4900,24558,1,0,83,1,0,2,0,0,0,0,3,149,98,337,125,0,2,17,0,5,5,0,235,2,2,5,12,410,17,71,35,90,28,78,92,19,0,61,76,167,314,1048,0,0,0,0,0,0,0,0,0,0,0,0,0,0,11.812692,4.142982,2.868622,1.544207,5.181192,3.08008,3.542152,1.885061,8.109201,4.915127,2.447453,2.584345,2.571859,3.311173,1.670375,1.505608,0.430695,0.090421,2.590596,0.813742,1.199562,0.137683,0.35951,0.696957,0.298975,0.799006,1.024218,0.759921,2.157714,0.176678,0.121334,0.811442,0.0,0.555005,0.287966,0.261767,0.155039,1.027223,0.311918,0.388671,0.725289,0.494391,3.669174,1.880729,0.51828,0.194934,0.306978,1.023765,1.503427,0.23627,1.797551,1.843172,0.34298,0.93536,1.046251,1.009668,2.835752,0.066574,0.064283,0.069284,0.726265,0.172491,0.1007,0.008499,0.096618,1.420627,0.073773,0.232566,0.038706,0.234811,5.625596,1.308445,1.665729,1.606445,5.023959,2.560212,4.222316,0.827795,3.723177,4.796134,1.738196,2.484947,2.257448,2.408229,0.635661,0.380243,0.374448,0.271264,0.464211,0.191657,0.390432,0.105387,2.258173,0.356978,0.108718,1.31065,0.677651,0.585136,0.254264,0.0,0.040177,0.001174,0,0.019166,0.012367,0.0034,0.002247,0.004857,0.0,0.027398,0.010719,0.024743,2.613271,2.798689,1.475291,0.600068,2.186283,2.059509,1.678327,0.94338,1.3212,2.846111,1.215314,1.720348,1.167132,1.607754,5.657379,2.638654,1.558055,0.758599,5.001497,2.365361,1.054696,1.077663,4.069206,4.63343,0.480172,2.841123,2.91783,2.321451,0.003531,0.0,0.066693,0.001174,0,0.001597,0.0,0,0,0,0.003883,0.094938,0.058357,0.044036,0.441431,0,0.001607,0.019963,0,0.003993,0.008833,0.0,0.528031,0.004857,0.002589,0.003186,0.007146,0.045175,0.060035,0.0909,0.028124,0.105687,0.209644,0.062288,0.162533,0.032296,0,0.148134,0.098364,0.106407,0.186979,0.103418,0,0,0,0,0,0,0,0,0,0,0,0,0,0
62,3265,3214,3521,1384,674,3677,1950,1074,3535,1956,1832,3939,4280,34301,460,1122,511,79,341,1022,671,84,159,280,181,1218,1713,7841,583,135,149,722,0,688,153,142,66,435,241,610,1223,5147,1025,1408,596,136,41,1277,815,130,781,757,234,1435,1825,10460,782,60,92,58,97,207,49,10,44,572,52,368,63,2454,1586,972,1948,1298,677,3204,2355,477,1590,1919,1299,3821,3709,24855,191,286,485,247,56,238,228,56,1004,138,86,1984,1118,6117,62,4,45,1,0,28,5,2,1,2,5,50,20,225,724,2113,1837,546,281,2514,940,523,592,1129,951,2726,1914,16790,1597,2035,1910,684,665,2932,592,592,1795,1884,405,4450,4851,24392,1,1,82,0,0,0,0,0,0,0,1,148,100,333,118,0,2,16,0,6,3,0,238,2,0,8,11,404,23,67,37,91,31,74,92,19,0,59,64,170,307,1034,0,0,0,0,0,0,0,0,0,0,0,0,0,0,11.530176,4.114815,2.829249,1.625233,5.046421,2.936338,3.444986,1.825568,7.942928,4.749994,2.371091,2.509796,2.548635,3.24245,1.624466,1.436473,0.410607,0.09277,2.55316,0.816137,1.185429,0.142782,0.357263,0.679958,0.234262,0.776068,1.02005,0.741204,2.058834,0.172838,0.119727,0.847846,0.0,0.549415,0.270299,0.241369,0.148298,1.056364,0.311918,0.388671,0.728267,0.492764,3.619734,1.802632,0.478907,0.159705,0.306978,1.019773,1.439828,0.220972,1.754859,1.838316,0.302858,0.914333,1.086743,0.988777,2.761592,0.076817,0.073925,0.068109,0.726265,0.165304,0.086566,0.016998,0.098865,1.389058,0.067302,0.234477,0.037515,0.231975,5.600876,1.244431,1.565287,1.524243,5.068883,2.558615,4.160483,0.810797,3.572632,4.660142,1.681249,2.434611,2.208619,2.349526,0.674506,0.36616,0.389715,0.290052,0.419287,0.190059,0.402798,0.095188,2.255926,0.335122,0.111307,1.264137,0.665742,0.578236,0.21895,0.005121,0.036159,0.001174,0,0.02236,0.008833,0.0034,0.002247,0.004857,0.006471,0.031858,0.01191,0.021541,2.556768,2.705229,1.476095,0.641169,2.103923,2.007602,1.66066,0.888987,1.330188,2.741689,1.230845,1.736914,1.13974,1.587147,5.639722,2.605367,1.534753,0.803222,4.979036,2.341404,1.045862,1.006272,4.033255,4.575148,0.524177,2.835388,2.888652,2.305759,0.003531,0.00128,0.06589,0.0,0,0.0,0.0,0,0,0,0.001294,0.094301,0.059548,0.052605,0.416711,0,0.001607,0.018789,0,0.004791,0.0053,0.0,0.534771,0.004857,0.0,0.005097,0.00655,0.048656,0.081223,0.085779,0.029731,0.106861,0.232105,0.059094,0.162533,0.032296,0,0.143277,0.082833,0.108318,0.182811,0.102036,0,0,0,0,0,0,0,0,0,0,0,0,0,0
63,3223,3137,3460,1259,656,3644,1917,1081,3452,1947,1820,3834,4214,33644,441,1113,521,99,349,1010,665,75,153,289,229,1187,1667,7798,591,133,138,692,0,696,169,131,70,428,241,600,1201,5090,1014,1411,578,151,43,1272,805,143,762,746,227,1427,1755,10334,771,51,67,70,97,199,55,6,40,570,49,356,65,2396,1559,994,1947,1360,666,3136,2341,451,1555,1895,1323,3833,3729,24789,179,308,467,264,54,215,227,55,996,140,79,1944,1096,6024,61,3,54,1,0,27,6,0,1,3,4,53,16,229,712,2063,1810,501,295,2484,911,525,576,1160,878,2714,1987,16616,1588,2007,1975,618,632,2932,554,603,1764,1839,410,4377,4800,24099,1,1,75,0,0,1,0,0,0,0,0,156,96,330,115,0,1,16,0,3,6,0,236,2,1,8,11,399,19,62,47,90,30,92,84,20,0,53,64,158,297,1016,0,0,0,0,0,0,0,0,0,0,0,0,0,0,11.381855,4.016234,2.780233,1.478446,4.91165,2.909985,3.386686,1.837467,7.756432,4.728138,2.35556,2.442894,2.509334,3.180344,1.557368,1.42495,0.418642,0.116256,2.613058,0.806555,1.174829,0.127484,0.343782,0.701814,0.296386,0.756316,0.992658,0.73714,2.087085,0.170277,0.110888,0.812617,0.0,0.555804,0.298565,0.222672,0.157286,1.039365,0.311918,0.3823,0.715166,0.487307,3.580888,1.806473,0.464444,0.17732,0.321953,1.01578,1.422161,0.243069,1.712167,1.811603,0.293798,0.909236,1.04506,0.976866,2.722746,0.065294,0.053837,0.082201,0.726265,0.158915,0.097166,0.010199,0.089878,1.384201,0.063419,0.226831,0.038706,0.226492,5.505527,1.272597,1.564484,1.59705,4.986523,2.504312,4.13575,0.766603,3.493989,4.60186,1.712311,2.442257,2.220528,2.343287,0.632129,0.394326,0.375251,0.310016,0.404313,0.171692,0.401032,0.093488,2.237951,0.339979,0.102247,1.23865,0.652641,0.569445,0.215418,0.003841,0.043391,0.001174,0,0.021561,0.0106,0.0,0.002247,0.007285,0.005177,0.03377,0.009528,0.023233,2.514391,2.641215,1.454399,0.588325,2.208745,1.983645,1.609427,0.892387,1.294237,2.81697,1.136364,1.729268,1.18321,1.570699,5.607939,2.569519,1.586983,0.725718,4.731956,2.341404,0.978729,1.02497,3.9636,4.465869,0.530648,2.788875,2.858283,2.278062,0.003531,0.00128,0.060265,0.0,0,0.000799,0.0,0,0,0,0.0,0.099398,0.057166,0.04846,0.406116,0,0.000804,0.018789,0,0.002396,0.0106,0.0,0.530277,0.004857,0.001294,0.005097,0.00655,0.043963,0.067098,0.079377,0.037766,0.105687,0.224618,0.073468,0.148399,0.033996,0,0.128706,0.082833,0.100672,0.176856,0.10026,0,0,0,0,0,0,0,0,0,0,0,0,0,0
64,3123,3096,3301,1245,643,3621,1907,1118,3386,1896,1779,3817,4100,33032,419,1101,511,79,337,985,659,94,146,282,190,1156,1659,7618,580,141,136,645,0,700,190,123,70,439,232,637,1158,5051,1008,1399,538,159,40,1222,780,157,753,736,244,1390,1713,10139,748,48,79,44,101,199,56,6,39,572,57,376,57,2382,1540,939,1915,1319,638,3143,2303,463,1545,1884,1311,3702,3665,24367,184,292,442,228,50,266,227,62,995,144,84,1964,1107,6045,68,1,50,0,0,23,8,4,1,2,1,44,16,218,694,2050,1803,491,283,2504,909,534,579,1126,931,2665,1924,16493,1585,1956,1858,637,628,2897,545,575,1734,1815,376,4314,4753,23673,1,1,83,0,0,0,0,0,0,0,3,145,94,327,113,0,1,12,0,2,5,0,233,2,1,8,10,387,19,56,37,71,31,94,93,22,0,61,78,160,312,1034,0,0,0,0,0,0,0,0,0,0,0,0,0,0,11.028711,3.963743,2.652471,1.462005,4.814316,2.891618,3.36902,1.900359,7.608134,4.604289,2.302495,2.432062,2.44145,3.122492,1.479677,1.409587,0.410607,0.09277,2.523211,0.78659,1.164229,0.15978,0.328053,0.684815,0.24591,0.736564,0.987894,0.720124,2.04824,0.180519,0.109281,0.757425,0.0,0.558998,0.335665,0.209073,0.157286,1.066077,0.300269,0.405875,0.689561,0.483573,3.559699,1.79111,0.432302,0.186714,0.299491,0.975851,1.377994,0.266866,1.691945,1.787319,0.3158,0.885661,1.02005,0.958433,2.641523,0.061453,0.063479,0.051669,0.756214,0.158915,0.098933,0.010199,0.087631,1.389058,0.073773,0.239574,0.033942,0.225169,5.438429,1.202182,1.538771,1.548904,4.776879,2.509902,4.068617,0.787,3.47152,4.575148,1.69678,2.358788,2.182418,2.303396,0.649786,0.373841,0.355163,0.267741,0.374364,0.212419,0.401032,0.105387,2.235704,0.349693,0.108718,1.251394,0.659191,0.57143,0.240138,0.00128,0.040177,0.0,0,0.018367,0.014133,0.006799,0.002247,0.004857,0.001294,0.028035,0.009528,0.022723,2.450825,2.624571,1.448775,0.576582,2.118898,1.999617,1.605894,0.907685,1.300977,2.734403,1.20496,1.698047,1.145695,1.559072,5.597344,2.504225,1.492969,0.74803,4.702007,2.313454,0.962829,0.977376,3.896191,4.407586,0.486643,2.748734,2.830295,2.237792,0.003531,0.00128,0.066693,0.0,0,0.0,0.0,0,0,0,0.003883,0.092389,0.055975,0.051657,0.399054,0,0.000804,0.014092,0,0.001597,0.008833,0.0,0.523537,0.004857,0.001294,0.005097,0.005955,0.042641,0.067098,0.071696,0.029731,0.083375,0.232105,0.075065,0.164299,0.037395,0,0.148134,0.100953,0.101947,0.185788,0.102036,0,0,0,0,0,0,0,0,0,0,0,0,0,0
65,3024,3005,3294,1235,635,3514,1845,1056,3344,1852,1757,3719,4020,32300,406,1078,471,76,348,960,644,82,140,291,181,1139,1624,7440,574,122,117,654,0,658,193,112,69,413,225,617,1142,4896,978,1364,556,154,36,1227,770,146,748,716,229,1345,1682,9951,728,49,96,63,101,207,51,11,37,563,54,374,57,2391,1510,936,1926,1291,635,3071,2242,441,1516,1798,1329,3626,3575,23896,190,300,459,256,55,243,221,57,981,151,92,1946,1090,6041,64,1,55,1,0,18,7,5,1,2,2,48,18,222,666,2069,1799,499,292,2398,909,516,574,1141,962,2543,1941,16309,1575,1905,1917,662,621,2799,537,581,1697,1826,400,4260,4715,23495,1,0,89,2,0,0,0,0,0,0,5,159,101,357,117,0,1,10,0,1,5,0,230,2,0,7,7,380,20,63,27,84,32,101,88,22,0,55,61,147,314,1014,0,0,0,0,0,0,0,0,0,0,0,0,0,0,10.679097,3.847237,2.646846,1.450262,4.754417,2.806171,3.259487,1.794972,7.513762,4.497438,2.274022,2.36962,2.393812,3.053297,1.433768,1.38014,0.378465,0.089247,2.605571,0.766626,1.137729,0.139382,0.314571,0.706671,0.234262,0.725732,0.967052,0.703298,2.027051,0.156194,0.094014,0.767993,0.0,0.525458,0.340965,0.190376,0.155039,1.002938,0.291209,0.393131,0.680033,0.468733,3.453756,1.7463,0.446766,0.180842,0.269542,0.979844,1.360328,0.248168,1.68071,1.73875,0.296386,0.856988,1.00159,0.940661,2.570894,0.062734,0.077139,0.073981,0.756214,0.165304,0.0901,0.018698,0.083137,1.367202,0.06989,0.2383,0.033942,0.22602,5.332486,1.198341,1.547609,1.516023,4.754417,2.452405,3.960851,0.749605,3.406359,4.366303,1.720077,2.310364,2.128825,2.258872,0.670975,0.384084,0.368823,0.300621,0.4118,0.194052,0.390432,0.096888,2.204247,0.366692,0.119072,1.239925,0.649068,0.571052,0.226013,0.00128,0.044194,0.001174,0,0.014374,0.012367,0.008499,0.002247,0.004857,0.002589,0.030584,0.010719,0.021254,2.351944,2.648896,1.44556,0.585976,2.186283,1.914968,1.605894,0.877089,1.289743,2.77083,1.245082,1.620313,1.155818,1.541678,5.56203,2.438931,1.540378,0.777388,4.649596,2.235195,0.948696,0.987575,3.813055,4.434299,0.517706,2.714327,2.807667,2.220966,0.003531,0.0,0.071515,0.002349,0,0.0,0.0,0,0,0,0.006471,0.101309,0.060143,0.055775,0.413179,0,0.000804,0.011743,0,0.000799,0.008833,0.0,0.516796,0.004857,0.0,0.00446,0.004168,0.045766,0.070629,0.080658,0.021695,0.098641,0.239593,0.080655,0.155466,0.037395,0,0.133563,0.07895,0.093663,0.186979,0.100062,0,0,0,0,0,0,0,0,0,0,0,0,0,0
66,3004,2960,3260,1216,630,3493,1803,1025,3258,1806,1758,3738,3924,31875,391,1059,482,81,346,941,630,79,137,284,199,1113,1559,7301,568,132,127,665,0,630,172,113,64,408,224,607,1058,4768,979,1293,554,162,36,1228,752,132,743,697,260,1329,1618,9783,716,50,86,54,97,207,51,12,39,550,63,362,61,2348,1516,950,1872,1342,634,3049,2229,486,1493,1769,1286,3590,3532,23748,190,312,500,252,51,264,217,57,961,152,83,1877,1078,5994,69,3,49,0,0,24,7,1,1,2,2,37,20,215,654,2029,1796,527,263,2396,907,491,573,1111,953,2612,1917,16229,1575,1883,1866,634,604,2797,517,567,1669,1774,401,4182,4616,23085,1,1,91,3,0,0,0,0,0,0,0,158,91,345,114,0,2,11,0,5,4,0,227,2,2,8,9,384,21,60,31,75,31,80,84,18,0,53,56,164,314,987,0,0,0,0,0,0,0,0,0,0,0,0,0,0,10.608468,3.789625,2.619526,1.427951,4.716981,2.789401,3.185287,1.742279,7.320526,4.385731,2.275316,2.381726,2.336646,3.013122,1.380796,1.355815,0.387304,0.095118,2.590596,0.751453,1.112996,0.134283,0.307831,0.689672,0.257559,0.709166,0.928346,0.690158,2.005862,0.168997,0.102049,0.780911,0.0,0.503098,0.303865,0.192076,0.143804,0.990796,0.289915,0.38676,0.630013,0.456479,3.457287,1.6554,0.445159,0.190237,0.269542,0.980643,1.328528,0.224372,1.669475,1.69261,0.336509,0.846793,0.963479,0.92478,2.528516,0.064014,0.069104,0.063412,0.726265,0.165304,0.0901,0.020397,0.087631,1.335632,0.081539,0.230654,0.036324,0.221955,5.353674,1.216265,1.504219,1.575913,4.74693,2.434837,3.937884,0.826095,3.354679,4.295879,1.664423,2.287426,2.10322,2.244882,0.670975,0.399447,0.401768,0.295924,0.381851,0.210822,0.383365,0.096888,2.159308,0.36912,0.107424,1.19596,0.641923,0.566609,0.24367,0.003841,0.039373,0.0,0,0.019166,0.012367,0.0017,0.002247,0.004857,0.002589,0.023575,0.01191,0.022411,2.309567,2.597685,1.44315,0.618857,1.969152,1.913371,1.60236,0.834594,1.287496,2.697977,1.233433,1.664277,1.141527,1.534116,5.56203,2.410765,1.499397,0.744507,4.522312,2.233597,0.913363,0.963778,3.75014,4.308021,0.519,2.664628,2.748715,2.182209,0.003531,0.00128,0.073122,0.003523,0,0.0,0.0,0,0,0,0.0,0.100672,0.054188,0.05383,0.402585,0,0.001607,0.012917,0,0.003993,0.007067,0.0,0.510055,0.004857,0.002589,0.005097,0.005359,0.04231,0.07416,0.076817,0.02491,0.088073,0.232105,0.063886,0.148399,0.030596,0,0.128706,0.072479,0.104495,0.186979,0.097398,0,0,0,0,0,0,0,0,0,0,0,0,0,0
67,2942,2905,3192,1241,642,3403,1751,993,3230,1800,1734,3629,3934,31396,377,1075,469,84,339,937,630,80,131,272,189,1109,1558,7250,549,118,134,643,0,622,160,123,66,392,240,577,1110,4734,969,1314,554,144,37,1193,753,133,730,683,234,1293,1610,9647,699,50,75,53,94,205,50,8,40,531,63,346,57,2271,1486,915,1809,1286,622,2970,2123,490,1459,1757,1345,3500,3411,23173,185,280,453,246,52,242,216,41,949,152,89,1890,1063,5858,82,3,49,0,0,21,8,2,1,2,7,47,12,234,667,2023,1757,530,284,2374,872,508,568,1101,898,2604,1895,16081,1542,1850,1865,629,609,2751,505,543,1626,1753,415,4136,4562,22786,1,1,78,2,0,2,0,0,0,0,3,157,111,355,120,0,0,13,0,7,5,0,225,2,0,9,9,390,21,55,36,68,30,93,85,22,0,57,58,138,292,955,0,0,0,0,0,0,0,0,0,0,0,0,0,0,10.389519,3.719209,2.564885,1.457308,4.806828,2.71753,3.093421,1.687886,7.257612,4.37116,2.244253,2.312275,2.342601,2.967842,1.331356,1.376299,0.376858,0.098641,2.538185,0.748259,1.112996,0.135983,0.294349,0.660531,0.244616,0.706617,0.927751,0.685337,1.938765,0.151073,0.107674,0.755076,0.0,0.49671,0.282666,0.209073,0.148298,0.951942,0.310623,0.367645,0.660978,0.453224,3.421973,1.682286,0.445159,0.169099,0.277029,0.952693,1.330295,0.226071,1.640265,1.658612,0.302858,0.823855,0.958716,0.911924,2.468482,0.064014,0.060265,0.062238,0.703804,0.163707,0.088333,0.013598,0.089878,1.289492,0.081539,0.220459,0.033942,0.214676,5.247731,1.171455,1.453596,1.510152,4.657083,2.37175,3.750618,0.832894,3.278283,4.266738,1.740785,2.230081,2.031167,2.190528,0.653318,0.358478,0.364002,0.288878,0.389338,0.193254,0.381598,0.069691,2.132345,0.36912,0.115189,1.204244,0.632991,0.553753,0.289579,0.003841,0.039373,0.0,0,0.01677,0.014133,0.0034,0.002247,0.004857,0.00906,0.029947,0.007146,0.024391,2.355476,2.590004,1.411812,0.62238,2.126385,1.895803,1.540527,0.86349,1.276261,2.673693,1.162249,1.65918,1.128426,1.520126,5.445492,2.368515,1.498594,0.738636,4.559748,2.196863,0.892163,0.922983,3.653522,4.257024,0.537119,2.635318,2.71656,2.153945,0.003531,0.00128,0.062676,0.002349,0,0.001597,0.0,0,0,0,0.003883,0.100035,0.066098,0.042092,0.423774,0,0.0,0.015266,0,0.00559,0.008833,0.0,0.505561,0.004857,0.0,0.005734,0.005359,0.055251,0.07416,0.070415,0.028927,0.079853,0.224618,0.074267,0.150166,0.037395,0,0.13842,0.075067,0.087929,0.173879,0.09424,0,0,0,0,0,0,0,0,0,0,0,0,0,0
68,2917,2927,3105,1195,635,3336,1771,955,3166,1777,1795,3587,3798,30964,381,1013,457,85,336,909,616,79,140,266,219,1070,1531,7102,557,125,115,646,0,611,153,133,62,386,228,573,1074,4663,951,1307,513,178,34,1183,747,133,720,707,249,1319,1602,9643,677,45,81,62,99,177,46,5,39,530,61,333,49,2204,1452,928,1746,1203,611,2908,2149,439,1461,1747,1228,3488,3415,22775,182,274,429,242,53,244,211,48,938,152,90,1884,1065,5812,66,2,41,2,0,22,7,3,1,2,1,45,16,208,662,1983,1725,495,274,2359,887,490,558,1100,908,2587,1861,15889,1528,1908,1783,609,611,2677,502,553,1625,1756,435,4121,4510,22618,1,1,82,1,0,0,0,0,0,0,5,153,104,347,107,0,1,14,0,5,4,0,218,2,0,9,10,370,20,55,38,70,31,85,84,20,0,51,61,149,299,963,0,0,0,0,0,0,0,0,0,0,0,0,0,0,10.301232,3.747375,2.494978,1.40329,4.754417,2.664026,3.128754,1.623294,7.113807,4.315306,2.323204,2.285514,2.261616,2.927005,1.345482,1.296922,0.367216,0.099816,2.515723,0.725899,1.088262,0.134283,0.314571,0.64596,0.283444,0.681767,0.911673,0.671347,1.967016,0.160035,0.092407,0.758599,0.0,0.487926,0.270299,0.226071,0.13931,0.937371,0.295092,0.365096,0.639541,0.446426,3.358407,1.673324,0.412214,0.209026,0.254567,0.944707,1.319695,0.226071,1.617796,1.716895,0.322272,0.840422,0.953952,0.911546,2.39079,0.057613,0.065086,0.072807,0.74124,0.141347,0.081266,0.008499,0.087631,1.287064,0.07895,0.212176,0.029178,0.208343,5.127662,1.188099,1.402973,1.412685,4.574723,2.322239,3.796551,0.746205,3.282777,4.242454,1.589356,2.222435,2.033549,2.152905,0.642723,0.350796,0.344717,0.284181,0.396825,0.194851,0.372765,0.08159,2.107628,0.36912,0.116484,1.200421,0.634181,0.549404,0.233076,0.002561,0.032945,0.002349,0,0.017569,0.012367,0.005099,0.002247,0.004857,0.001294,0.028672,0.009528,0.019914,2.337818,2.538792,1.386099,0.581279,2.051512,1.883824,1.567027,0.832894,1.253792,2.671264,1.175192,1.648348,1.10818,1.501976,5.396052,2.442772,1.432704,0.71515,4.574723,2.137769,0.886863,0.939981,3.651275,4.264309,0.563005,2.625761,2.685595,2.138064,0.003531,0.00128,0.06589,0.001174,0,0.0,0.0,0,0,0,0.006471,0.097486,0.061929,0.048317,0.377865,0,0.000804,0.01644,0,0.003993,0.007067,0.0,0.489833,0.004857,0.0,0.005734,0.005955,0.044561,0.070629,0.070415,0.030534,0.082201,0.232105,0.067878,0.148399,0.033996,0,0.12385,0.07895,0.094938,0.178047,0.09503,0,0,0,0,0,0,0,0,0,0,0,0,0,0
69,2901,2871,3078,1169,637,3310,1735,957,3112,1740,1699,3503,3863,30575,368,1018,451,99,329,884,612,76,134,273,183,1018,1504,6949,542,130,117,610,0,617,147,104,68,393,240,546,1037,4551,943,1279,496,153,35,1195,736,133,711,695,210,1274,1584,9444,677,49,72,53,98,177,42,13,34,527,50,344,49,2185,1440,921,1794,1208,609,2947,2101,430,1443,1705,1255,3444,3307,22604,190,263,434,216,54,236,210,45,932,143,79,1866,1075,5743,53,3,52,1,0,29,8,3,1,1,2,44,23,220,647,2000,1761,494,278,2272,838,497,567,1074,908,2522,1849,15707,1531,1824,1731,587,589,2691,501,564,1562,1730,382,4080,4532,22304,1,0,75,0,0,0,0,0,0,0,2,164,107,349,113,0,1,10,0,2,3,0,218,2,0,11,9,369,20,54,29,71,31,85,78,17,0,58,71,154,294,962,0,0,0,0,0,0,0,0,0,0,0,0,0,0,10.244729,3.67568,2.473282,1.372759,4.769392,2.643263,3.065154,1.626693,6.992473,4.225455,2.198954,2.231992,2.300322,2.890234,1.299573,1.303324,0.362395,0.116256,2.463312,0.705935,1.081196,0.129184,0.30109,0.662959,0.23685,0.648635,0.895595,0.656884,1.914045,0.166436,0.094014,0.716324,0.0,0.492717,0.259699,0.176778,0.152792,0.95437,0.310623,0.347893,0.617508,0.435704,3.330155,1.637476,0.398554,0.179668,0.262055,0.95429,1.300261,0.226071,1.597573,1.687753,0.271795,0.811749,0.943233,0.892735,2.39079,0.062734,0.057855,0.062238,0.733753,0.141347,0.0742,0.022097,0.076396,1.279779,0.064713,0.219185,0.029178,0.206547,5.085284,1.179137,1.441543,1.418556,4.559748,2.353383,3.711752,0.730907,3.242332,4.14046,1.624301,2.194399,1.969238,2.13674,0.670975,0.336713,0.348734,0.253649,0.404313,0.188462,0.370999,0.07649,2.094147,0.347264,0.102247,1.188952,0.640136,0.542882,0.187167,0.003841,0.041784,0.001174,0,0.023158,0.014133,0.005099,0.002247,0.002428,0.002589,0.028035,0.013696,0.021062,2.284847,2.560557,1.415026,0.580105,2.081462,1.814349,1.480461,0.844793,1.274014,2.608126,1.175192,1.606932,1.101034,1.484772,5.406646,2.335228,1.39092,0.689315,4.410003,2.148949,0.885096,0.958678,3.509718,4.20117,0.494409,2.599637,2.698695,2.108382,0.003531,0.0,0.060265,0.0,0,0.0,0.0,0,0,0,0.002589,0.104495,0.063716,0.062893,0.399054,0,0.000804,0.011743,0,0.001597,0.0053,0.0,0.489833,0.004857,0.0,0.007009,0.005359,0.044441,0.070629,0.069135,0.023303,0.083375,0.232105,0.067878,0.137799,0.028896,0,0.140848,0.091893,0.098124,0.17507,0.094931,0,0,0,0,0,0,0,0,0,0,0,0,0,0
70,2804,2827,3013,1192,625,3211,1690,974,3070,1756,1668,3492,3743,30065,359,1016,469,104,318,876,590,82,132,265,216,1007,1467,6901,557,114,114,642,0,613,147,108,68,386,229,526,1071,4575,916,1275,515,147,38,1195,712,139,699,679,235,1234,1533,9317,668,44,84,54,94,187,37,3,34,526,52,311,52,2146,1436,898,1735,1192,580,2841,2113,436,1420,1744,1222,3376,3277,22270,183,256,419,252,56,229,212,49,920,155,73,1866,1059,5729,87,2,40,1,0,26,8,2,1,1,0,38,21,227,657,1968,1717,525,270,2250,853,509,565,1094,882,2518,1865,15673,1510,1857,1781,577,584,2668,481,537,1586,1747,424,4095,4520,22367,1,1,86,1,0,0,0,0,0,0,1,152,99,341,115,0,0,12,0,3,2,0,218,2,1,6,10,369,16,54,39,71,26,85,80,19,0,60,74,164,301,989,0,0,0,0,0,0,0,0,0,0,0,0,0,0,9.902179,3.619348,2.421053,1.399767,4.679545,2.564205,2.985655,1.65559,6.898101,4.264309,2.158832,2.224983,2.228865,2.842024,1.26779,1.300763,0.376858,0.122127,2.380952,0.699546,1.042329,0.139382,0.296596,0.643532,0.279561,0.641626,0.873563,0.652347,1.967016,0.145952,0.091603,0.753902,0.0,0.489523,0.259699,0.183577,0.152792,0.937371,0.296386,0.335149,0.637754,0.438001,3.234806,1.632355,0.413821,0.172622,0.284516,0.95429,1.257862,0.23627,1.57061,1.648899,0.304152,0.786263,0.912864,0.88073,2.359007,0.056332,0.067497,0.063412,0.703804,0.149332,0.065366,0.005099,0.076396,1.27735,0.067302,0.198159,0.030965,0.20286,5.071159,1.14969,1.394134,1.399767,4.342618,2.268734,3.732952,0.741106,3.190653,4.235168,1.58159,2.151072,1.951373,2.105168,0.646255,0.327751,0.336681,0.295924,0.419287,0.182872,0.374532,0.083289,2.067183,0.376405,0.094481,1.188952,0.630609,0.541558,0.307236,0.002561,0.032141,0.001174,0,0.020763,0.014133,0.0034,0.002247,0.002428,0.0,0.024212,0.012505,0.023469,2.320161,2.519588,1.379671,0.616508,2.021563,1.79678,1.506961,0.86519,1.26952,2.656694,1.141541,1.604384,1.110562,1.481558,5.332486,2.377477,1.431097,0.677572,4.372567,2.130582,0.849763,0.912784,3.563645,4.242454,0.548768,2.609194,2.69155,2.114337,0.003531,0.00128,0.069104,0.001174,0,0.0,0.0,0,0,0,0.001294,0.096849,0.058952,0.047482,0.406116,0,0.0,0.014092,0,0.002396,0.003533,0.0,0.489833,0.004857,0.001294,0.003823,0.005955,0.047119,0.056503,0.069135,0.031338,0.083375,0.194669,0.067878,0.141333,0.032296,0,0.145705,0.095776,0.104495,0.179238,0.097595,0,0,0,0,0,0,0,0,0,0,0,0,0,0
71,2785,2821,2985,1151,610,3178,1667,962,3035,1730,1692,3488,3736,29840,361,1015,458,91,313,869,594,55,131,271,201,987,1485,6831,543,122,106,595,0,608,145,114,68,361,225,531,1048,4466,917,1256,504,152,35,1159,693,125,677,663,220,1264,1532,9197,653,49,82,53,91,193,41,10,33,517,48,302,54,2126,1425,884,1772,1218,578,2813,2099,440,1430,1710,1200,3332,3251,22152,190,271,428,204,52,240,214,41,918,165,82,1871,1063,5739,72,3,46,0,0,24,7,2,0,2,1,37,23,217,658,1930,1709,458,263,2257,837,460,575,1102,884,2490,1822,15445,1486,1823,1776,574,571,2626,473,501,1557,1736,406,4060,4370,21959,1,1,79,1,0,2,0,0,0,0,2,152,103,341,112,0,1,8,0,4,5,0,221,2,0,8,10,371,17,58,30,73,30,79,79,15,0,58,68,149,289,945,0,0,0,0,0,0,0,0,0,0,0,0,0,0,9.835081,3.611666,2.398554,1.351621,4.567236,2.537852,2.945022,1.635192,6.819458,4.20117,2.189894,2.222435,2.224697,2.820754,1.274853,1.299483,0.368019,0.106861,2.343516,0.693956,1.049396,0.093488,0.294349,0.658102,0.260147,0.628883,0.884281,0.64573,1.917576,0.156194,0.085175,0.698709,0.0,0.48553,0.256166,0.193775,0.152792,0.87666,0.291209,0.338335,0.624058,0.427566,3.238337,1.60803,0.404982,0.178494,0.262055,0.925541,1.224295,0.212473,1.521177,1.610044,0.284738,0.805378,0.912269,0.869386,2.306035,0.062734,0.06589,0.062238,0.681342,0.154124,0.072433,0.016998,0.074149,1.255494,0.062125,0.192424,0.032156,0.200969,5.032313,1.131766,1.423865,1.430299,4.327643,2.246374,3.708219,0.747905,3.213122,4.152602,1.553117,2.123037,1.935891,2.094013,0.670975,0.346955,0.343913,0.239558,0.389338,0.191657,0.378065,0.069691,2.06269,0.40069,0.10613,1.192137,0.632991,0.542504,0.254264,0.003841,0.036963,0.0,0,0.019166,0.012367,0.0034,0.0,0.004857,0.001294,0.023575,0.013696,0.02372,2.323692,2.470938,1.373242,0.53783,1.969152,1.80237,1.478694,0.781901,1.29199,2.676121,1.144129,1.586543,1.084957,1.460005,5.247731,2.333948,1.427079,0.674049,4.275232,2.097042,0.83563,0.851592,3.498483,4.215741,0.525471,2.586893,2.602228,2.075769,0.003531,0.00128,0.063479,0.001174,0,0.001597,0.0,0,0,0,0.002589,0.096849,0.061334,0.040432,0.395522,0,0.000804,0.009394,0,0.003194,0.008833,0.0,0.496573,0.004857,0.0,0.005097,0.005955,0.044682,0.060035,0.074256,0.024106,0.085724,0.224618,0.063087,0.139566,0.025497,0,0.140848,0.08801,0.094938,0.172092,0.093253,0,0,0,0,0,0,0,0,0,0,0,0,0,0
72,2787,2743,2979,1099,590,3161,1669,921,2971,1693,1577,3392,3638,29220,362,984,463,84,312,862,591,67,126,280,179,982,1489,6781,529,113,110,540,0,570,132,113,65,365,217,495,1015,4264,897,1252,474,143,33,1142,697,143,659,657,228,1247,1512,9084,644,48,73,53,89,174,42,6,31,528,55,307,51,2101,1421,894,1692,1137,588,2796,2101,434,1405,1689,1224,3368,3229,21978,184,280,408,198,51,225,212,44,925,156,66,1864,1032,5645,62,4,48,1,0,26,8,2,1,4,3,40,23,222,651,1980,1674,476,269,2190,833,494,577,1089,891,2518,1806,15448,1472,1796,1707,550,578,2664,466,515,1498,1708,392,4042,4322,21710,1,1,81,0,0,1,0,0,0,0,2,150,112,348,103,0,1,9,0,3,3,0,213,2,1,6,10,351,18,67,40,66,27,75,83,21,0,53,59,166,276,951,0,0,0,0,0,0,0,0,0,0,0,0,0,0,9.842144,3.511804,2.393732,1.290557,4.41749,2.524276,2.948555,1.565501,6.675654,4.111319,2.041054,2.161267,2.16634,2.762146,1.278384,1.259794,0.372037,0.098641,2.336029,0.688366,1.044096,0.113886,0.283114,0.679958,0.231673,0.625697,0.886663,0.641003,1.868136,0.144671,0.088389,0.634123,0.0,0.455184,0.233199,0.192076,0.146051,0.886374,0.280855,0.315397,0.604408,0.408227,3.167708,1.602909,0.380876,0.167925,0.24708,0.911966,1.231362,0.243069,1.480733,1.595473,0.295092,0.794546,0.900359,0.858704,2.274252,0.061453,0.058658,0.062238,0.666367,0.138951,0.0742,0.010199,0.069655,1.282207,0.071185,0.19561,0.030369,0.198606,5.018187,1.144569,1.359582,1.335181,4.402516,2.232799,3.711752,0.737706,3.156949,4.101605,1.584179,2.145975,1.922791,2.077565,0.649786,0.358478,0.327843,0.232512,0.381851,0.179678,0.374532,0.074791,2.078418,0.378834,0.085421,1.187677,0.614531,0.533618,0.21895,0.005121,0.03857,0.001174,0,0.020763,0.014133,0.0034,0.002247,0.009714,0.003883,0.025487,0.013696,0.021254,2.298972,2.534952,1.345119,0.558968,2.014076,1.748866,1.471627,0.839693,1.296484,2.644552,1.153189,1.604384,1.075429,1.460289,5.198291,2.29938,1.371635,0.645866,4.327643,2.127388,0.823263,0.875389,3.365914,4.147745,0.507351,2.575425,2.573645,2.052231,0.003531,0.00128,0.065086,0.0,0,0.000799,0.0,0,0,0,0.002589,0.095575,0.066693,0.045896,0.363739,0,0.000804,0.010569,0,0.002396,0.0053,0.0,0.478598,0.004857,0.001294,0.003823,0.005955,0.038674,0.063566,0.085779,0.032141,0.077504,0.202156,0.059893,0.146633,0.035695,0,0.128706,0.076362,0.10577,0.164351,0.093845,0,0,0,0,0,0,0,0,0,0,0,0,0,0
73,2749,2722,2935,1070,599,3166,1636,919,2945,1678,1645,3330,3568,28962,357,959,435,81,311,854,595,69,127,255,185,956,1444,6628,540,123,113,532,0,587,121,106,61,367,227,500,997,4274,869,1190,489,140,37,1187,683,129,652,663,214,1232,1479,8964,635,53,70,47,90,168,40,4,34,523,42,314,50,2070,1395,887,1741,1162,566,2758,2079,437,1383,1680,1123,3326,3276,21813,188,262,447,219,53,226,203,50,934,144,101,1817,1063,5707,76,3,50,2,0,26,7,0,1,3,2,32,20,222,650,1974,1757,502,269,2199,828,483,573,1077,875,2473,1841,15501,1455,1785,1723,547,576,2653,465,500,1528,1689,415,3984,4401,21721,1,0,98,0,0,0,0,0,0,0,0,150,108,357,106,0,1,6,0,4,5,0,217,2,1,6,9,357,21,68,26,60,29,80,78,23,0,50,67,149,271,922,0,0,0,0,0,0,0,0,0,0,0,0,0,0,9.707949,3.484918,2.358377,1.256503,4.484876,2.528269,2.890255,1.562102,6.617234,4.074893,2.129064,2.121762,2.124657,2.737758,1.260727,1.227787,0.349538,0.095118,2.328541,0.681978,1.051162,0.117285,0.285361,0.619248,0.239439,0.609131,0.859867,0.62654,1.906982,0.157474,0.0908,0.624728,0.0,0.46876,0.213766,0.180177,0.137063,0.891231,0.293798,0.318583,0.593689,0.409184,3.068828,1.523532,0.392929,0.164402,0.277029,0.947901,1.206629,0.219272,1.465004,1.610044,0.276972,0.784988,0.880708,0.847361,2.242469,0.067855,0.056247,0.055192,0.673854,0.13416,0.070666,0.006799,0.076396,1.270065,0.054359,0.20007,0.029774,0.195676,4.926369,1.135607,1.398955,1.364538,4.237796,2.202453,3.672885,0.742806,3.107516,4.079749,1.453458,2.119214,1.950778,2.061968,0.663912,0.335433,0.35918,0.257172,0.396825,0.180477,0.358632,0.084989,2.098641,0.349693,0.130721,1.15773,0.632991,0.539479,0.26839,0.003841,0.040177,0.002349,0,0.020763,0.012367,0.0,0.002247,0.007285,0.002589,0.020389,0.01191,0.022522,2.295441,2.52727,1.411812,0.589499,2.014076,1.756053,1.462794,0.820996,1.287496,2.615411,1.132481,1.575711,1.096271,1.465299,5.138256,2.285297,1.384492,0.642343,4.312668,2.118603,0.821497,0.849892,3.433322,4.101605,0.537119,2.538469,2.620688,2.053271,0.003531,0.0,0.078746,0.0,0,0.0,0.0,0,0,0,0.0,0.095575,0.064311,0.074742,0.374333,0,0.000804,0.007046,0,0.003194,0.008833,0.0,0.487586,0.004857,0.001294,0.003823,0.005359,0.039335,0.07416,0.087059,0.020892,0.070458,0.217131,0.063886,0.137799,0.039095,0,0.121421,0.086716,0.094938,0.161374,0.090984,0,0,0,0,0,0,0,0,0,0,0,0,0,0
74,2676,2603,2935,1065,596,3152,1591,843,2898,1657,1624,3303,3571,28514,352,986,445,79,310,843,580,58,126,252,188,943,1426,6588,522,112,108,533,0,564,125,105,61,366,230,497,975,4198,847,1167,515,127,34,1119,684,115,654,672,221,1192,1482,8829,632,53,83,45,87,175,38,4,34,516,49,302,45,2063,1392,889,1723,1135,571,2736,2041,431,1380,1684,1162,3273,3183,21600,182,259,450,195,50,209,202,44,914,156,78,1833,1058,5630,72,4,51,1,0,33,9,2,1,3,1,36,18,231,665,1918,1747,451,264,2213,809,466,562,1090,861,2485,1791,15322,1455,1790,1739,516,555,2547,466,487,1503,1702,367,4040,4396,21563,1,1,87,0,0,1,0,0,0,0,0,145,105,340,109,0,1,9,0,3,4,0,213,2,0,7,9,357,23,55,31,67,27,75,84,17,0,52,69,159,273,932,0,0,0,0,0,0,0,0,0,0,0,0,0,0,9.450154,3.332565,2.358377,1.250631,4.462414,2.517089,2.810755,1.432918,6.511628,4.023896,2.101884,2.104559,2.126443,2.695409,1.24307,1.262355,0.357573,0.09277,2.321054,0.673194,1.024663,0.098587,0.283114,0.611962,0.243322,0.600847,0.849148,0.622759,1.843416,0.143391,0.086782,0.625903,0.0,0.450393,0.220832,0.178477,0.137063,0.888803,0.297681,0.316671,0.580589,0.401908,2.991136,1.494085,0.413821,0.149136,0.254567,0.893599,1.208395,0.195475,1.469498,1.6319,0.286032,0.759502,0.882495,0.834599,2.231875,0.067855,0.066693,0.052844,0.651393,0.13975,0.067133,0.006799,0.076396,1.253066,0.063419,0.192424,0.026796,0.195014,4.915775,1.138168,1.384492,1.332832,4.275232,2.184885,3.605752,0.732607,3.100775,4.089463,1.503935,2.085444,1.895399,2.041833,0.642723,0.331592,0.361591,0.228989,0.374364,0.166901,0.356865,0.074791,2.053702,0.378834,0.100953,1.167925,0.630013,0.5322,0.254264,0.005121,0.04098,0.001174,0,0.026353,0.0159,0.0034,0.002247,0.007285,0.001294,0.022938,0.010719,0.022115,2.348413,2.455574,1.403777,0.52961,1.97664,1.767233,1.429228,0.792099,1.262779,2.64698,1.114361,1.583357,1.066497,1.448378,5.138256,2.291699,1.397348,0.60594,4.155436,2.033955,0.823263,0.827795,3.377149,4.133175,0.474995,2.57415,2.617711,2.038335,0.003531,0.00128,0.069908,0.0,0,0.000799,0.0,0,0,0,0.0,0.092389,0.062525,0.049928,0.384928,0,0.000804,0.010569,0,0.002396,0.007067,0.0,0.478598,0.004857,0.0,0.00446,0.005359,0.042996,0.081223,0.070415,0.02491,0.078678,0.202156,0.059893,0.148399,0.028896,0,0.126278,0.089304,0.101309,0.162565,0.091971,0,0,0,0,0,0,0,0,0,0,0,0,0,0
75,2669,2655,2895,1047,597,3092,1567,857,2840,1648,1634,3235,3537,28273,361,967,443,66,307,820,578,61,122,233,164,952,1391,6465,526,113,120,562,0,543,121,118,61,357,216,477,996,4210,850,1170,489,130,33,1084,663,120,648,640,207,1203,1469,8706,631,49,78,59,87,178,38,5,34,511,40,305,33,2048,1412,882,1691,1109,580,2747,2058,392,1373,1658,1215,3265,3203,21585,183,249,448,201,48,222,207,38,917,158,74,1800,1009,5554,59,2,37,2,0,24,9,0,1,2,4,35,22,197,677,1979,1731,460,258,2251,815,450,578,1087,870,2446,1820,15422,1447,1779,1736,545,560,2631,452,481,1484,1684,384,3964,4267,21414,1,0,85,0,0,1,0,0,0,0,1,145,114,347,116,0,1,5,0,4,6,0,219,2,0,7,10,370,16,52,34,88,29,81,73,17,0,52,60,153,284,939,0,0,0,0,0,0,0,0,0,0,0,0,0,0,9.425433,3.39914,2.326235,1.229494,4.469901,2.469175,2.768356,1.456715,6.381305,4.00204,2.114827,2.061232,2.106197,2.672627,1.274853,1.238029,0.355966,0.077504,2.298592,0.654827,1.021129,0.103687,0.274127,0.565822,0.212259,0.606582,0.828307,0.611132,1.857541,0.144671,0.096424,0.659957,0.0,0.433623,0.213766,0.200575,0.137063,0.866947,0.279561,0.303928,0.593094,0.403057,3.00173,1.497926,0.392929,0.152659,0.24708,0.865649,1.171295,0.203974,1.456016,1.55419,0.267913,0.766511,0.874754,0.822972,2.228343,0.062734,0.062676,0.069284,0.651393,0.142145,0.067133,0.008499,0.076396,1.240924,0.051771,0.194336,0.019651,0.193596,4.986404,1.129206,1.358779,1.3023,4.342618,2.193669,3.635785,0.666315,3.085047,4.026324,1.572531,2.080347,1.907308,2.040415,0.646255,0.318789,0.359984,0.236035,0.359389,0.177282,0.365699,0.064592,2.060443,0.383691,0.095776,1.146899,0.600835,0.525016,0.208355,0.002561,0.029731,0.002349,0,0.019166,0.0159,0.0,0.002247,0.004857,0.005177,0.022301,0.0131,0.019986,2.39079,2.533671,1.39092,0.540179,1.931716,1.797579,1.439828,0.764903,1.29873,2.639695,1.12601,1.558508,1.083766,1.457831,5.110005,2.277616,1.394938,0.639994,4.192872,2.101035,0.79853,0.817596,3.334457,4.089463,0.496997,2.525726,2.540894,2.024251,0.003531,0.0,0.068301,0.0,0,0.000799,0.0,0,0,0,0.001294,0.092389,0.067884,0.051019,0.409648,0,0.000804,0.005872,0,0.003194,0.0106,0.0,0.49208,0.004857,0.0,0.00446,0.005955,0.044561,0.056503,0.066574,0.02732,0.103339,0.217131,0.064684,0.128966,0.028896,0,0.126278,0.077656,0.097486,0.169115,0.092661,0,0,0,0,0,0,0,0,0,0,0,0,0,0
76,2607,2609,2819,1044,590,3007,1566,844,2837,1618,1557,3252,3478,27828,353,971,447,67,309,802,564,66,119,251,170,931,1393,6443,503,121,111,510,0,539,103,100,67,361,227,457,973,4072,841,1149,478,129,31,1061,653,126,648,633,229,1157,1423,8558,617,46,71,36,89,163,37,4,32,498,52,298,41,1984,1400,882,1654,1142,571,2674,1966,413,1370,1605,1096,3264,3112,21149,173,266,418,192,58,222,196,50,912,156,69,1815,1055,5582,67,1,37,0,0,27,12,2,1,1,1,39,19,207,693,1961,1691,421,266,2210,801,466,579,1085,884,2407,1825,15289,1432,1833,1677,520,554,2537,440,473,1474,1639,394,3984,4222,21179,1,0,90,0,0,2,0,0,0,0,3,156,109,361,110,0,1,14,0,3,5,0,217,2,0,7,11,370,17,56,40,85,24,72,76,14,0,51,61,154,294,944,0,0,0,0,0,0,0,0,0,0,0,0,0,0,9.206484,3.340247,2.265167,1.225971,4.41749,2.401297,2.766589,1.434618,6.374565,3.929187,2.015169,2.072063,2.071064,2.630562,1.246601,1.243151,0.35918,0.078678,2.313567,0.640452,0.996396,0.112186,0.267386,0.609534,0.220025,0.593201,0.829497,0.609052,1.776318,0.154914,0.089192,0.598894,0.0,0.430429,0.181966,0.169978,0.150545,0.87666,0.293798,0.291185,0.579398,0.389845,2.969947,1.47104,0.38409,0.151485,0.232105,0.847282,1.153629,0.214173,1.456016,1.537191,0.296386,0.737201,0.847362,0.808982,2.178903,0.058893,0.057051,0.042275,0.666367,0.130167,0.065366,0.006799,0.071902,1.209354,0.067302,0.189875,0.024414,0.187546,4.944027,1.129206,1.329048,1.341052,4.275232,2.135373,3.473253,0.702011,3.078306,3.897618,1.418513,2.079709,1.85312,1.9992,0.61094,0.340554,0.335878,0.225466,0.434262,0.177282,0.346265,0.084989,2.049208,0.378834,0.089304,1.156456,0.628227,0.527663,0.236607,0.00128,0.029731,0.0,0,0.021561,0.0212,0.0034,0.002247,0.002428,0.001294,0.024849,0.011314,0.021577,2.447293,2.510626,1.358779,0.494381,1.991614,1.764837,1.415094,0.792099,1.300977,2.634838,1.144129,1.533658,1.086743,1.445259,5.057033,2.346751,1.347529,0.610637,4.147948,2.025969,0.77733,0.803998,3.311987,3.980184,0.50994,2.538469,2.514098,2.002036,0.003531,0.0,0.072318,0.0,0,0.001597,0.0,0,0,0,0.003883,0.099398,0.064907,0.053078,0.388459,0,0.000804,0.01644,0,0.002396,0.008833,0.0,0.487586,0.004857,0.0,0.00446,0.00655,0.044561,0.060035,0.071696,0.032141,0.099816,0.179695,0.057497,0.134266,0.023797,0,0.12385,0.07895,0.098124,0.17507,0.093155,0,0,0,0,0,0,0,0,0,0,0,0,0,0
77,2578,2582,2896,1028,570,3039,1502,862,2803,1599,1575,3211,3494,27739,357,958,443,70,300,805,577,71,117,244,162,931,1379,6414,502,115,105,498,0,524,115,109,64,375,182,465,932,3986,827,1149,486,125,33,1081,657,131,629,640,207,1165,1465,8595,625,44,76,47,92,165,39,2,33,487,40,298,48,1996,1401,859,1723,1084,572,2719,2019,419,1351,1595,1117,3183,3139,21181,177,252,419,178,54,220,194,43,922,158,71,1796,1020,5504,54,2,49,0,0,23,12,4,1,1,1,36,26,209,666,1942,1741,451,258,2165,814,458,565,1081,838,2463,1774,15216,1404,1762,1694,508,561,2574,429,481,1478,1618,371,3937,4286,21103,1,0,90,0,0,0,0,0,0,0,4,155,99,349,115,0,0,6,0,5,4,0,216,2,2,6,9,365,18,51,35,61,23,78,82,20,0,48,67,148,299,930,0,0,0,0,0,0,0,0,0,0,0,0,0,0,9.104072,3.305679,2.327039,1.207182,4.267745,2.426851,2.653523,1.465214,6.298169,3.883047,2.038466,2.04594,2.080592,2.622148,1.260727,1.226507,0.355966,0.082201,2.246181,0.642848,1.019363,0.120685,0.262892,0.592535,0.209671,0.593201,0.821161,0.606311,1.772787,0.147232,0.084371,0.584802,0.0,0.41845,0.203166,0.185276,0.143804,0.910658,0.235556,0.296282,0.554983,0.381612,2.920507,1.47104,0.390518,0.146788,0.24708,0.863253,1.160695,0.222672,1.413324,1.55419,0.267913,0.742298,0.872372,0.812479,2.207155,0.056332,0.061069,0.055192,0.688829,0.131764,0.0689,0.0034,0.074149,1.182642,0.051771,0.189875,0.028583,0.18868,4.947558,1.099759,1.384492,1.272943,4.282719,2.171309,3.566886,0.71221,3.035614,3.873333,1.445693,2.028099,1.869198,2.002225,0.625066,0.32263,0.336681,0.209026,0.404313,0.175685,0.342732,0.073091,2.071677,0.383691,0.091893,1.14435,0.607385,0.520289,0.190698,0.002561,0.039373,0.0,0,0.018367,0.0212,0.006799,0.002247,0.002428,0.001294,0.022938,0.015482,0.021785,2.351944,2.486301,1.398955,0.52961,1.931716,1.728902,1.438061,0.778501,1.26952,2.625124,1.084593,1.56934,1.056374,1.438358,4.958152,2.255851,1.361189,0.596545,4.200359,2.055517,0.757897,0.817596,3.320975,3.929187,0.480172,2.508522,2.552208,1.994852,0.003531,0.0,0.072318,0.0,0,0.0,0.0,0,0,0,0.005177,0.098761,0.058952,0.062893,0.406116,0,0.0,0.007046,0,0.003993,0.007067,0.0,0.485339,0.004857,0.002589,0.003823,0.005359,0.046608,0.063566,0.065294,0.028124,0.071632,0.172207,0.062288,0.144866,0.033996,0,0.116564,0.086716,0.094301,0.178047,0.091773,0,0,0,0,0,0,0,0,0,0,0,0,0,0
78,2561,2573,2766,1026,541,2980,1493,880,2806,1589,1523,3145,3397,27280,356,952,433,63,306,807,565,52,116,236,179,923,1314,6302,496,116,109,486,0,499,113,93,62,349,203,447,908,3881,827,1116,517,124,27,1075,643,132,611,630,214,1160,1406,8482,625,44,83,35,91,157,40,4,31,480,52,304,41,1987,1380,855,1661,1123,559,2642,1971,371,1349,1605,1112,3289,3102,21019,181,243,429,199,50,211,207,39,908,163,73,1828,1044,5575,70,0,40,0,0,26,10,1,1,2,3,32,21,206,689,1984,1754,440,266,2148,828,457,576,1078,843,2423,1787,15273,1400,1744,1664,497,545,2584,432,486,1458,1626,314,3966,4227,20943,1,0,86,0,0,1,0,0,0,0,2,149,103,342,103,0,1,11,0,5,4,0,221,2,0,13,12,372,17,61,36,66,25,74,83,22,0,52,61,153,287,937,0,0,0,0,0,0,0,0,0,0,0,0,0,0,9.044037,3.294157,2.222579,1.204833,4.050614,2.379736,2.637623,1.49581,6.30491,3.858763,1.971164,2.003887,2.022831,2.578759,1.257195,1.218825,0.347931,0.073981,2.291105,0.644445,0.998163,0.088389,0.260645,0.573108,0.231673,0.588104,0.782455,0.595724,1.751598,0.148512,0.087585,0.570711,0.0,0.398486,0.199633,0.15808,0.13931,0.847519,0.262736,0.284813,0.540692,0.371559,2.920507,1.428791,0.415428,0.145613,0.202156,0.858462,1.135962,0.224372,1.372879,1.529906,0.276972,0.739112,0.837239,0.801798,2.207155,0.056332,0.066693,0.041101,0.681342,0.125375,0.070666,0.006799,0.069655,1.165643,0.067302,0.193698,0.024414,0.18783,4.873398,1.094638,1.334673,1.318741,4.185385,2.109819,3.482086,0.63062,3.03112,3.897618,1.439221,2.095639,1.847165,1.986911,0.639192,0.311108,0.344717,0.233686,0.374364,0.168498,0.365699,0.066292,2.04022,0.395833,0.094481,1.164739,0.621677,0.527001,0.247201,0.0,0.032141,0.0,0,0.020763,0.017667,0.0017,0.002247,0.004857,0.003883,0.020389,0.012505,0.023376,2.433167,2.540073,1.409401,0.516693,1.991614,1.715326,1.462794,0.776801,1.294237,2.617839,1.091064,1.543853,1.064115,1.443746,4.944027,2.232806,1.337083,0.583628,4.080563,2.063502,0.763197,0.826095,3.276036,3.948615,0.406399,2.527,2.517075,1.979727,0.003531,0.0,0.069104,0.0,0,0.000799,0.0,0,0,0,0.002589,0.094938,0.061334,0.050284,0.363739,0,0.000804,0.012917,0,0.003993,0.007067,0.0,0.496573,0.004857,0.0,0.008283,0.007146,0.044802,0.060035,0.078097,0.028927,0.077504,0.187182,0.059094,0.146633,0.037395,0,0.126278,0.07895,0.097486,0.170901,0.092464,0,0,0,0,0,0,0,0,0,0,0,0,0,0
79,2561,2550,2780,965,540,2994,1491,857,2788,1586,1517,3068,3358,27055,351,931,408,52,292,799,557,63,114,232,166,908,1370,6243,495,116,104,500,0,524,112,105,60,345,207,450,926,3944,793,1130,482,125,26,1065,637,115,616,634,187,1165,1386,8361,619,55,74,35,91,160,40,2,34,476,42,294,50,1972,1359,840,1691,1059,563,2640,1977,399,1323,1578,1094,3194,3138,20855,185,236,404,190,56,233,206,41,912,154,76,1784,1045,5522,56,3,39,1,0,24,11,5,1,3,1,36,18,198,705,1958,1748,472,277,2193,805,455,564,1050,786,2496,1780,15289,1406,1745,1650,508,536,2576,430,489,1432,1601,325,3909,4256,20863,1,0,73,1,0,1,0,0,0,0,2,139,105,322,106,0,1,7,0,2,5,0,222,2,0,9,10,364,17,59,37,65,25,94,74,17,0,47,73,142,277,927,0,0,0,0,0,0,0,0,0,0,0,0,0,0,9.044037,3.26471,2.233829,1.133201,4.043127,2.390915,2.634089,1.456715,6.264465,3.851478,1.963398,1.954825,1.999607,2.55749,1.239538,1.191939,0.327843,0.061064,2.186283,0.638057,0.984029,0.107086,0.256151,0.563394,0.214848,0.578547,0.815802,0.590146,1.748067,0.148512,0.083568,0.587151,0.0,0.41845,0.197866,0.178477,0.134816,0.837806,0.267913,0.286725,0.55141,0.377591,2.800438,1.446715,0.387304,0.146788,0.194669,0.850476,1.125362,0.195475,1.384114,1.53962,0.242027,0.742298,0.825329,0.79036,2.185966,0.070415,0.059462,0.041101,0.681342,0.127771,0.070666,0.0034,0.076396,1.155929,0.054359,0.187327,0.029774,0.186412,4.799237,1.075434,1.358779,1.243585,4.215334,2.108222,3.492686,0.678214,2.9727,3.83205,1.415925,2.035108,1.868602,1.971409,0.653318,0.302146,0.324628,0.223117,0.419287,0.186067,0.363932,0.069691,2.049208,0.373977,0.098364,1.136704,0.622272,0.521991,0.197761,0.003841,0.031338,0.001174,0,0.019166,0.019433,0.008499,0.002247,0.007285,0.001294,0.022938,0.010719,0.018956,2.489671,2.506785,1.40458,0.55427,2.073974,1.751262,1.422161,0.773402,1.267273,2.549843,1.017291,1.590366,1.059947,1.445259,4.965215,2.234086,1.325834,0.596545,4.013178,2.057114,0.759664,0.831194,3.217616,3.887904,0.420636,2.490681,2.534344,1.972165,0.003531,0.0,0.058658,0.001174,0,0.000799,0.0,0,0,0,0.002589,0.088566,0.062525,0.042076,0.374333,0,0.000804,0.00822,0,0.001597,0.008833,0.0,0.49882,0.004857,0.0,0.005734,0.005955,0.043839,0.060035,0.075536,0.029731,0.07633,0.187182,0.075065,0.130733,0.028896,0,0.114136,0.094481,0.090478,0.164947,0.091477,0,0,0,0,0,0,0,0,0,0,0,0,0,0
80,2553,2483,2748,967,539,2957,1449,883,2751,1545,1446,3053,3395,26769,354,936,428,62,295,809,551,68,105,232,151,872,1367,6230,483,118,103,475,0,520,111,100,60,348,192,453,902,3865,809,1114,448,117,25,1061,608,127,604,598,197,1113,1374,8195,611,58,68,29,87,145,39,5,31,472,40,280,49,1914,1354,821,1617,1079,540,2610,1928,405,1312,1571,1126,3165,3044,20572,187,252,382,187,48,240,206,38,909,158,78,1803,1033,5521,57,3,33,1,0,25,8,3,1,2,3,35,16,187,692,1933,1706,473,255,2133,820,433,563,1051,826,2428,1812,15125,1400,1719,1555,541,532,2536,431,492,1425,1607,299,3877,4191,20605,1,1,65,0,0,1,0,0,0,0,1,139,110,318,111,0,1,10,0,2,4,0,225,2,0,8,10,373,19,46,36,69,26,87,71,15,0,49,68,146,289,921,0,0,0,0,0,0,0,0,0,0,0,0,0,0,9.015786,3.178932,2.208116,1.13555,4.035639,2.361368,2.55989,1.500909,6.181328,3.751912,1.871505,1.945267,2.02164,2.530455,1.250132,1.198341,0.343913,0.072807,2.208745,0.646042,0.973429,0.115585,0.235929,0.563394,0.195434,0.555609,0.814015,0.588918,1.705689,0.151073,0.082764,0.557793,0.0,0.415256,0.196099,0.169978,0.134816,0.845091,0.248499,0.288636,0.537119,0.370027,2.856941,1.42623,0.359984,0.137393,0.187182,0.847282,1.074129,0.215873,1.357151,1.452197,0.25497,0.709166,0.818183,0.774668,2.157714,0.074256,0.05464,0.034055,0.651393,0.115792,0.0689,0.008499,0.069655,1.146215,0.051771,0.178406,0.029178,0.180929,4.78158,1.051109,1.299317,1.267071,4.043127,2.084265,3.40612,0.688413,2.947983,3.815051,1.457341,2.01663,1.812628,1.944657,0.660381,0.32263,0.306951,0.219594,0.359389,0.191657,0.363932,0.064592,2.042467,0.383691,0.100953,1.14881,0.615126,0.521896,0.201293,0.003841,0.026517,0.001174,0,0.019964,0.014133,0.005099,0.002247,0.004857,0.003883,0.022301,0.009528,0.017903,2.443762,2.474779,1.370832,0.555445,1.909254,1.703348,1.448661,0.736007,1.265026,2.552272,1.069062,1.547039,1.079002,1.429756,4.944027,2.200799,1.249498,0.635297,3.983229,2.025171,0.76143,0.836294,3.201887,3.902475,0.386985,2.470292,2.495638,1.947776,0.003531,0.00128,0.05223,0.0,0,0.000799,0.0,0,0,0,0.001294,0.088566,0.065502,0.041939,0.391991,0,0.000804,0.011743,0,0.001597,0.007067,0.0,0.505561,0.004857,0.0,0.005097,0.005955,0.044923,0.067098,0.058893,0.028927,0.081027,0.194669,0.069475,0.125433,0.025497,0,0.118993,0.08801,0.093026,0.172092,0.090885,0,0,0,0,0,0,0,0,0,0,0,0,0,0
81,2500,2461,2738,965,549,2894,1437,832,2712,1549,1427,2995,3320,26379,352,911,420,49,287,789,551,67,104,228,148,888,1357,6151,486,94,105,473,0,541,107,84,59,338,187,428,876,3778,809,1076,436,127,27,1000,619,134,588,600,189,1131,1345,8081,606,51,62,29,90,139,37,8,31,478,35,309,48,1923,1351,828,1632,1068,543,2627,1914,396,1303,1562,1057,3158,3021,20460,180,254,410,195,55,228,209,30,895,148,73,1789,1043,5509,52,3,39,1,0,22,10,2,1,1,2,39,21,193,701,1862,1710,462,267,2148,811,460,568,1021,807,2438,1796,15051,1364,1689,1629,536,541,2473,421,506,1395,1565,303,3818,4182,20422,1,0,81,0,0,0,0,0,0,0,0,150,111,343,105,0,1,13,0,6,3,0,223,2,1,9,6,369,17,59,35,67,25,80,76,10,0,51,63,132,289,904,0,0,0,0,0,0,0,0,0,0,0,0,0,0,8.828619,3.150766,2.20008,1.133201,4.110512,2.311059,2.53869,1.41422,6.093697,3.761626,1.846914,1.908312,1.976979,2.493589,1.24307,1.166334,0.337485,0.057541,2.148847,0.630071,0.973429,0.113886,0.233682,0.55368,0.191551,0.565803,0.80806,0.58145,1.716284,0.120346,0.084371,0.555445,0.0,0.432026,0.189033,0.142782,0.132569,0.820807,0.242027,0.272707,0.521637,0.361698,2.856941,1.37758,0.350342,0.149136,0.202156,0.798569,1.093562,0.227771,1.3212,1.457053,0.244616,0.720635,0.800915,0.763891,2.140057,0.065294,0.049819,0.034055,0.673854,0.111001,0.065366,0.013598,0.069655,1.160786,0.045299,0.196884,0.028583,0.18178,4.770986,1.060071,1.31137,1.254154,4.065588,2.097841,3.381386,0.673115,2.927761,3.793196,1.368037,2.01217,1.798932,1.93407,0.635661,0.325191,0.32945,0.228989,0.4118,0.182074,0.369232,0.050994,2.01101,0.359406,0.094481,1.13989,0.621081,0.520762,0.183635,0.003841,0.031338,0.001174,0,0.017569,0.017667,0.0034,0.002247,0.002428,0.002589,0.024849,0.012505,0.018477,2.475545,2.383879,1.374046,0.542527,1.999102,1.715326,1.432761,0.781901,1.276261,2.479419,1.044471,1.55341,1.069474,1.422761,4.816894,2.162391,1.308959,0.629426,4.050614,1.974861,0.743764,0.860091,3.134479,3.800481,0.392162,2.432699,2.490279,1.930477,0.003531,0.0,0.065086,0.0,0,0.0,0.0,0,0,0,0.0,0.095575,0.066098,0.071811,0.370802,0,0.000804,0.015266,0,0.004791,0.0053,0.0,0.501067,0.004857,0.001294,0.005734,0.003573,0.040658,0.060035,0.075536,0.028124,0.078678,0.187182,0.063886,0.134266,0.016998,0,0.12385,0.081539,0.084106,0.172092,0.089207,0,0,0,0,0,0,0,0,0,0,0,0,0,0
82,2501,2409,2700,983,529,2849,1435,852,2666,1530,1455,2977,3250,26136,351,920,413,46,284,784,536,71,101,220,158,847,1329,6060,471,111,106,473,0,508,121,99,57,326,182,427,898,3779,794,1079,473,132,27,1014,587,127,579,602,190,1100,1370,8074,601,52,66,21,87,144,38,7,31,484,35,285,46,1897,1348,823,1625,1047,533,2559,1920,384,1260,1534,1078,3185,3009,20305,185,240,399,205,52,222,212,32,888,142,76,1790,1055,5498,55,4,39,1,0,16,9,4,1,2,2,36,16,185,691,1923,1686,433,262,2106,807,445,554,1039,837,2417,1758,14958,1357,1678,1653,564,524,2436,421,501,1383,1540,337,3850,4146,20390,1,0,78,0,0,0,0,0,0,0,0,139,112,330,104,0,1,12,0,5,5,0,225,2,1,11,10,376,17,52,27,57,24,62,79,24,0,46,60,142,291,881,0,0,0,0,0,0,0,0,0,0,0,0,0,0,8.83215,3.084191,2.169546,1.154338,3.960767,2.275123,2.535157,1.448216,5.990338,3.715486,1.883154,1.896843,1.935296,2.470618,1.239538,1.177856,0.33186,0.054018,2.126385,0.626078,0.94693,0.120685,0.226941,0.534253,0.204494,0.53968,0.791387,0.572848,1.663312,0.142111,0.085175,0.555445,0.0,0.405673,0.213766,0.168279,0.128075,0.791666,0.235556,0.27207,0.534737,0.361794,2.803969,1.381421,0.380072,0.155008,0.202156,0.809749,1.037029,0.215873,1.300977,1.46191,0.24591,0.700882,0.815802,0.76323,2.1224,0.066574,0.053033,0.02466,0.651393,0.114994,0.067133,0.011898,0.069655,1.175356,0.045299,0.181592,0.027392,0.179322,4.760391,1.053669,1.305745,1.229494,3.990716,2.043538,3.391986,0.652717,2.831143,3.7252,1.395216,2.029373,1.791786,1.919418,0.653318,0.307267,0.320611,0.240732,0.389338,0.177282,0.374532,0.054393,1.995281,0.344836,0.098364,1.140527,0.628227,0.519722,0.19423,0.005121,0.031338,0.001174,0,0.012777,0.0159,0.006799,0.002247,0.004857,0.002589,0.022938,0.009528,0.017712,2.44023,2.461976,1.354761,0.508473,1.961665,1.681786,1.425694,0.756404,1.244804,2.523131,1.083299,1.54003,1.046846,1.413969,4.792174,2.148307,1.328244,0.662306,3.92333,1.945314,0.743764,0.851592,3.107516,3.73977,0.436167,2.453089,2.468842,1.927453,0.003531,0.0,0.062676,0.0,0,0.0,0.0,0,0,0,0.0,0.088566,0.066693,0.069089,0.367271,0,0.000804,0.014092,0,0.003993,0.008833,0.0,0.505561,0.004857,0.001294,0.007009,0.005955,0.041429,0.060035,0.066574,0.021695,0.066935,0.179695,0.049511,0.139566,0.040795,0,0.111707,0.077656,0.090478,0.173283,0.086938,0,0,0,0,0,0,0,0,0,0,0,0,0,0
83,2428,2357,2690,984,522,2824,1445,848,2616,1510,1458,2877,3230,25789,331,901,397,58,285,774,534,66,97,214,176,875,1338,6046,463,110,98,504,0,512,116,84,54,329,187,409,865,3731,773,1078,437,136,28,1014,594,121,567,592,203,1078,1338,7959,595,48,62,23,93,151,36,8,30,468,31,283,44,1872,1319,809,1635,1122,539,2592,1913,388,1252,1495,1079,3148,2982,20273,184,228,384,196,53,224,201,40,885,149,64,1741,1036,5385,55,4,32,2,0,22,7,1,1,1,3,33,15,176,704,1841,1655,457,261,2153,833,457,561,1042,808,2395,1782,14949,1365,1638,1600,532,535,2494,415,502,1358,1549,314,3811,4107,20220,1,1,66,0,0,0,0,0,0,0,1,133,108,310,103,0,1,17,0,2,5,0,224,2,0,8,8,370,14,57,29,51,26,90,81,20,0,48,66,135,248,865,0,0,0,0,0,0,0,0,0,0,0,0,0,0,8.574355,3.017617,2.161511,1.155513,3.908356,2.255159,2.552823,1.441417,5.877991,3.666918,1.887037,1.833126,1.923386,2.437816,1.168909,1.153531,0.319004,0.068109,2.133872,0.618092,0.943396,0.112186,0.217953,0.519682,0.22779,0.55752,0.796746,0.571524,1.63506,0.140831,0.078746,0.591848,0.0,0.408867,0.204933,0.142782,0.121335,0.798951,0.242027,0.260601,0.515086,0.357199,2.729809,1.38014,0.351145,0.159705,0.209644,0.809749,1.049396,0.205674,1.274014,1.437626,0.262736,0.686865,0.796746,0.752359,2.101211,0.061453,0.049819,0.027009,0.696316,0.120584,0.0636,0.013598,0.067408,1.136502,0.040122,0.180318,0.026201,0.176959,4.657979,1.035745,1.313781,1.317566,4.035639,2.069891,3.37962,0.659516,2.813167,3.630491,1.396511,2.005798,1.775708,1.916393,0.649786,0.291904,0.308558,0.230163,0.396825,0.178879,0.355099,0.067991,1.988541,0.361835,0.082833,1.109306,0.616913,0.50904,0.19423,0.005121,0.025713,0.002349,0,0.017569,0.012367,0.0017,0.002247,0.002428,0.003883,0.021026,0.008932,0.01685,2.486139,2.356993,1.329851,0.536656,1.954178,1.719319,1.471627,0.776801,1.260533,2.530416,1.045765,1.526012,1.061137,1.413119,4.820426,2.097096,1.285657,0.624728,4.00569,1.991631,0.733164,0.853292,3.051343,3.761626,0.406399,2.428239,2.445618,1.911383,0.003531,0.00128,0.053033,0.0,0,0.0,0.0,0,0,0,0.001294,0.084743,0.064311,0.048972,0.363739,0,0.000804,0.019963,0,0.001597,0.008833,0.0,0.503314,0.004857,0.0,0.005097,0.004764,0.044561,0.04944,0.072976,0.023303,0.059889,0.194669,0.071871,0.143099,0.033996,0,0.116564,0.085421,0.086017,0.147678,0.085359,0,0,0,0,0,0,0,0,0,0,0,0,0,0
84,2414,2324,2632,986,526,2802,1405,836,2560,1502,1461,2869,3195,25512,325,900,398,67,279,759,522,64,97,220,151,862,1290,5934,454,109,107,473,0,515,114,100,53,330,189,437,864,3745,749,1021,437,147,25,1000,588,127,557,611,191,1080,1333,7866,585,49,45,31,81,149,34,4,27,470,41,279,46,1841,1280,772,1605,1059,521,2557,1851,388,1232,1474,1072,3147,2901,19859,178,237,361,209,48,233,199,41,880,145,77,1715,1043,5366,67,1,33,1,0,20,7,2,1,1,3,37,18,191,688,1841,1623,476,261,2128,790,435,561,1004,835,2434,1733,14809,1331,1660,1526,564,528,2473,407,528,1356,1519,327,3811,4104,20134,1,0,64,0,0,3,0,0,0,0,1,143,102,314,108,0,2,8,0,2,5,0,221,2,0,7,9,364,16,52,31,80,24,76,75,29,0,46,72,124,280,905,0,0,0,0,0,0,0,0,0,0,0,0,0,0,8.524914,2.975367,2.114906,1.157861,3.938305,2.23759,2.482157,1.42102,5.752163,3.64749,1.890919,1.828029,1.902544,2.411632,1.14772,1.152251,0.319807,0.078678,2.088949,0.606114,0.922196,0.108786,0.217953,0.534253,0.195434,0.549237,0.768163,0.560937,1.603277,0.13955,0.085978,0.555445,0.0,0.411263,0.201399,0.169978,0.119088,0.801379,0.244616,0.278441,0.514491,0.358539,2.645054,1.307164,0.351145,0.172622,0.187182,0.798569,1.038796,0.215873,1.251545,1.483766,0.247204,0.688139,0.793769,0.743568,2.065897,0.062734,0.036159,0.036403,0.606469,0.118987,0.060066,0.006799,0.060667,1.141358,0.053065,0.177769,0.027392,0.174028,4.520253,0.988375,1.289675,1.243585,3.900869,2.041941,3.270087,0.659516,2.768228,3.579494,1.387451,2.005161,1.727475,1.877257,0.628598,0.303426,0.290076,0.245429,0.359389,0.186067,0.351565,0.069691,1.977306,0.352121,0.099658,1.092739,0.621081,0.507244,0.236607,0.00128,0.026517,0.001174,0,0.015971,0.012367,0.0034,0.002247,0.002428,0.003883,0.023575,0.010719,0.018286,2.429636,2.356993,1.304138,0.558968,1.954178,1.699355,1.395661,0.739406,1.260533,2.438136,1.08071,1.550862,1.031959,1.399884,4.700357,2.125262,1.226195,0.662306,3.953279,1.974861,0.71903,0.897486,3.046849,3.688773,0.423224,2.428239,2.443832,1.903253,0.003531,0.0,0.051426,0.0,0,0.002396,0.0,0,0,0,0.001294,0.091115,0.060739,0.046167,0.381396,0,0.001607,0.009394,0,0.001597,0.008833,0.0,0.496573,0.004857,0.0,0.00446,0.005359,0.043839,0.056503,0.066574,0.02491,0.093944,0.179695,0.060691,0.132499,0.049294,0,0.111707,0.093187,0.079009,0.166733,0.089306,0,0,0,0,0,0,0,0,0,0,0,0,0,0
85,2388,2282,2593,929,513,2828,1372,823,2508,1461,1436,2778,3125,25036,309,906,401,46,275,761,506,54,93,220,151,834,1301,5857,476,104,90,467,0,507,110,89,51,332,181,440,829,3676,743,1056,434,111,27,973,575,120,547,587,212,1037,1320,7742,567,51,66,40,88,140,34,4,30,474,45,277,43,1859,1304,773,1532,1068,530,2570,1852,370,1203,1471,1035,3037,2904,19649,183,219,388,182,48,233,213,35,864,153,68,1686,1022,5294,56,3,40,0,0,19,7,1,1,1,6,34,29,197,688,1784,1606,484,250,2087,820,452,551,1004,806,2405,1709,14646,1315,1621,1549,551,504,2426,404,477,1315,1496,316,3713,4044,19731,1,0,62,0,0,1,0,0,0,0,0,143,108,315,102,0,1,6,0,3,4,0,220,1,0,11,9,357,15,55,29,64,25,85,80,18,0,48,61,121,273,874,0,0,0,0,0,0,0,0,0,0,0,0,0,0,8.433097,2.921596,2.083568,1.090926,3.84097,2.258353,2.423857,1.398922,5.635322,3.547925,1.858563,1.770047,1.860861,2.366636,1.091217,1.159932,0.322218,0.054018,2.059,0.607711,0.89393,0.091788,0.208965,0.534253,0.195434,0.531396,0.774714,0.553658,1.680969,0.133149,0.072318,0.548399,0.0,0.404874,0.194333,0.151281,0.114594,0.806236,0.234262,0.280353,0.493649,0.351933,2.623866,1.351974,0.348734,0.130347,0.202156,0.777008,1.015829,0.203974,1.229075,1.425484,0.274384,0.660741,0.786028,0.731846,2.002331,0.065294,0.053033,0.046972,0.65888,0.1118,0.060066,0.006799,0.067408,1.151072,0.058242,0.176495,0.025605,0.17573,4.605008,0.989655,1.231016,1.254154,3.968254,2.052322,3.271854,0.62892,2.703067,3.572209,1.339563,1.935073,1.729261,1.857406,0.646255,0.280381,0.311772,0.213723,0.359389,0.186067,0.376298,0.059492,1.941355,0.371549,0.08801,1.074262,0.608576,0.500438,0.197761,0.003841,0.032141,0.0,0,0.015173,0.012367,0.0017,0.002247,0.002428,0.007766,0.021664,0.017269,0.020535,2.429636,2.284017,1.290478,0.568362,1.871818,1.666613,1.448661,0.768302,1.238063,2.438136,1.043177,1.532384,1.017668,1.384476,4.643854,2.075332,1.244677,0.64704,3.773585,1.937328,0.71373,0.810797,2.954724,3.63292,0.408987,2.365797,2.408103,1.865158,0.003531,0.0,0.049819,0.0,0,0.000799,0.0,0,0,0,0.0,0.091115,0.064311,0.05225,0.360208,0,0.000804,0.007046,0,0.002396,0.007067,0.0,0.494326,0.002428,0.0,0.007009,0.005359,0.042996,0.052972,0.070415,0.023303,0.075155,0.187182,0.067878,0.141333,0.030596,0,0.116564,0.07895,0.077097,0.162565,0.086247,0,0,0,0,0,0,0,0,0,0,0,0,0,0
86,2390,2238,2542,970,501,2702,1386,850,2482,1453,1440,2771,3153,24878,310,894,405,58,272,760,492,47,95,216,169,826,1264,5808,455,117,95,463,0,513,108,89,51,334,190,414,847,3676,747,1035,453,122,26,964,574,108,541,581,187,1043,1320,7701,559,42,68,40,87,141,34,6,30,465,44,263,47,1826,1290,767,1579,1035,507,2533,1837,359,1170,1453,1045,3047,2873,19495,180,210,397,220,51,234,205,32,852,154,71,1728,1058,5392,55,2,38,2,0,24,8,2,1,0,5,42,22,201,689,1759,1611,450,247,2052,830,452,548,966,764,2382,1713,14463,1333,1586,1528,521,504,2376,383,480,1304,1477,317,3749,4028,19586,1,0,73,0,0,0,0,0,0,0,2,145,110,331,112,0,1,15,0,4,5,0,214,2,0,10,9,372,16,53,32,63,23,85,86,13,0,45,74,123,280,893,0,0,0,0,0,0,0,0,0,0,0,0,0,0,8.44016,2.865263,2.042587,1.139073,3.751123,2.157733,2.44859,1.444817,5.576901,3.528498,1.86374,1.765587,1.877534,2.3517,1.094749,1.144569,0.325432,0.068109,2.036538,0.606912,0.869197,0.07989,0.213459,0.524539,0.218731,0.526299,0.752681,0.549026,1.606809,0.149793,0.076336,0.543702,0.0,0.409666,0.190799,0.151281,0.114594,0.811093,0.24591,0.263787,0.504368,0.351933,2.637991,1.325088,0.364002,0.143265,0.194669,0.76982,1.014063,0.183577,1.215594,1.410913,0.242027,0.664564,0.786028,0.72797,1.974079,0.053772,0.05464,0.046972,0.651393,0.112598,0.060066,0.010199,0.067408,1.129216,0.056948,0.167575,0.027987,0.172611,4.555567,0.981974,1.268783,1.215402,3.796047,2.022775,3.245354,0.610223,2.628918,3.528498,1.352506,1.941444,1.710801,1.842849,0.635661,0.268859,0.319004,0.258346,0.381851,0.186865,0.362165,0.054393,1.914392,0.373977,0.091893,1.101023,0.630013,0.509702,0.19423,0.002561,0.030534,0.002349,0,0.019166,0.014133,0.0034,0.002247,0.0,0.006471,0.026761,0.0131,0.020033,2.433167,2.25201,1.294496,0.528436,1.849356,1.638664,1.466327,0.768302,1.231322,2.345856,0.988818,1.517729,1.02005,1.367177,4.70742,2.030522,1.227802,0.611811,3.773585,1.8974,0.676631,0.815896,2.930008,3.58678,0.410282,2.388735,2.398576,1.851451,0.003531,0.0,0.058658,0.0,0,0.0,0.0,0,0,0,0.002589,0.092389,0.065502,0.059649,0.395522,0,0.000804,0.017615,0,0.003194,0.008833,0.0,0.480845,0.004857,0.0,0.006372,0.005359,0.044802,0.056503,0.067855,0.025713,0.073981,0.172207,0.067878,0.151933,0.022097,0,0.109279,0.095776,0.078371,0.166733,0.088122,0,0,0,0,0,0,0,0,0,0,0,0,0,0
87,2305,2253,2476,941,486,2670,1360,777,2448,1412,1467,2713,3041,24349,307,854,378,76,262,730,499,53,96,215,140,813,1275,5698,457,113,86,441,0,522,105,90,53,312,189,414,796,3578,728,1027,425,149,27,966,560,125,530,564,204,994,1295,7594,550,50,64,32,88,154,37,4,31,457,32,228,37,1764,1271,758,1485,1039,519,2502,1817,358,1151,1435,996,2996,2818,19145,176,225,362,205,50,214,213,34,848,150,75,1698,1029,5279,60,3,37,2,0,21,4,1,1,1,2,40,21,193,676,1756,1656,445,248,2058,835,428,535,966,775,2283,1734,14395,1306,1579,1555,565,506,2381,370,451,1278,1436,349,3687,3969,19432,1,0,71,1,0,0,0,0,0,0,1,134,111,319,110,0,0,15,0,5,5,0,215,1,2,9,7,369,16,51,27,64,26,91,76,20,0,47,54,127,268,867,0,0,0,0,0,0,0,0,0,0,0,0,0,0,8.139987,2.884468,1.989554,1.105018,3.638814,2.132179,2.402657,1.320732,5.500506,3.428932,1.898685,1.728631,1.810841,2.301694,1.084154,1.093358,0.303736,0.089247,1.961665,0.582955,0.881563,0.090089,0.215706,0.522111,0.181197,0.518016,0.759231,0.538628,1.613872,0.144671,0.069104,0.517867,0.0,0.416853,0.185499,0.152981,0.119088,0.757668,0.244616,0.263787,0.473999,0.342551,2.570894,1.314846,0.341503,0.174971,0.202156,0.771418,0.989329,0.212473,1.190877,1.36963,0.26403,0.633343,0.771141,0.717856,1.942296,0.064014,0.051426,0.037578,0.65888,0.12298,0.065366,0.006799,0.069655,1.109789,0.041416,0.145274,0.022033,0.16675,4.48847,0.970451,1.19325,1.220099,3.885894,1.99802,3.21002,0.608523,2.586226,3.484786,1.289087,1.908949,1.67805,1.809764,0.621535,0.288063,0.29088,0.240732,0.374364,0.170894,0.376298,0.057793,1.905404,0.364263,0.09707,1.081908,0.612744,0.49902,0.211887,0.003841,0.029731,0.002349,0,0.01677,0.007067,0.0017,0.002247,0.002428,0.002589,0.025487,0.012505,0.018477,2.387259,2.248169,1.330655,0.522564,1.856843,1.643455,1.475161,0.727508,1.202112,2.345856,1.003054,1.45465,1.032555,1.360749,4.61207,2.02156,1.249498,0.66348,3.788559,1.901393,0.653664,0.766603,2.871587,3.487214,0.451698,2.349231,2.363443,1.836893,0.003531,0.0,0.057051,0.001174,0,0.0,0.0,0,0,0,0.001294,0.08538,0.066098,0.049839,0.388459,0,0.0,0.017615,0,0.003993,0.008833,0.0,0.483092,0.002428,0.002589,0.005734,0.004168,0.047119,0.056503,0.065294,0.021695,0.075155,0.194669,0.07267,0.134266,0.033996,0,0.114136,0.06989,0.08092,0.159587,0.085556,0,0,0,0,0,0,0,0,0,0,0,0,0,0
88,2261,2191,2456,946,481,2651,1328,790,2401,1398,1366,2710,3065,24044,292,876,394,58,264,719,488,64,97,220,169,827,1247,5715,452,98,94,447,0,504,108,90,53,313,193,399,802,3553,731,998,407,141,26,957,551,119,528,571,194,975,1246,7444,536,47,77,29,93,145,35,3,34,456,42,249,35,1781,1258,745,1530,1021,489,2536,1766,362,1156,1437,1040,2955,2779,19074,172,233,371,210,47,233,207,43,845,143,93,1669,1045,5311,60,3,37,1,0,17,7,4,1,1,1,42,21,195,651,1712,1637,469,246,2045,824,425,553,962,800,2313,1733,14370,1317,1582,1556,498,483,2351,378,516,1269,1429,355,3671,3943,19348,1,1,71,0,0,1,0,0,0,0,4,131,106,315,116,0,0,13,0,3,4,0,214,1,0,12,11,374,16,54,38,69,21,78,79,22,0,48,73,123,279,900,0,0,0,0,0,0,0,0,0,0,0,0,0,0,7.984603,2.80509,1.973483,1.110889,3.601378,2.117006,2.346124,1.342829,5.394899,3.394934,1.767964,1.72672,1.825133,2.272863,1.031183,1.121524,0.316593,0.068109,1.97664,0.574171,0.86213,0.108786,0.217953,0.534253,0.218731,0.526936,0.742558,0.540235,1.596214,0.125467,0.075532,0.524913,0.0,0.402479,0.190799,0.152981,0.119088,0.760096,0.249793,0.254229,0.477571,0.340157,2.581488,1.277718,0.327039,0.165577,0.194669,0.76423,0.973429,0.202274,1.186384,1.386629,0.251087,0.621237,0.741963,0.703676,1.892856,0.060173,0.061872,0.034055,0.696316,0.115792,0.061833,0.005099,0.076396,1.107361,0.054359,0.158654,0.020842,0.168357,4.442561,0.953808,1.229409,1.198962,3.661276,2.025171,3.119921,0.615322,2.597461,3.489643,1.346034,1.882825,1.654827,1.803052,0.607409,0.298305,0.298112,0.246603,0.351902,0.186067,0.365699,0.073091,1.898663,0.347264,0.120367,1.06343,0.622272,0.502045,0.211887,0.003841,0.029731,0.001174,0,0.013576,0.012367,0.006799,0.002247,0.002428,0.001294,0.026761,0.012505,0.018669,2.298972,2.191837,1.315388,0.550747,1.841869,1.633074,1.455728,0.722408,1.242557,2.336142,1.035411,1.473765,1.031959,1.358386,4.650916,2.025401,1.250301,0.584802,3.616352,1.877436,0.667797,0.877089,2.851365,3.470215,0.459464,2.339036,2.34796,1.828953,0.003531,0.00128,0.057051,0.0,0,0.000799,0.0,0,0,0,0.005177,0.083469,0.06312,0.041544,0.409648,0,0.0,0.015266,0,0.002396,0.007067,0.0,0.480845,0.002428,0.0,0.007646,0.00655,0.052985,0.056503,0.069135,0.030534,0.081027,0.157233,0.062288,0.139566,0.037395,0,0.116564,0.094481,0.078371,0.166138,0.088813,0,0,0,0,0,0,0,0,0,0,0,0,0,0
89,2230,2155,2400,896,468,2699,1306,822,2341,1400,1363,2651,2983,23714,282,872,402,59,252,712,483,47,97,225,155,787,1179,5552,452,99,91,422,0,483,110,87,55,329,203,383,783,3497,719,986,441,134,25,940,523,101,520,574,192,949,1194,7298,525,42,73,32,85,146,40,3,33,447,44,241,36,1747,1244,736,1486,1008,499,2467,1733,365,1143,1401,1026,2928,2759,18795,187,240,366,194,48,218,200,34,835,143,94,1663,1022,5244,61,4,36,3,0,25,5,3,1,1,4,35,20,198,654,1696,1589,436,249,2032,803,404,554,968,815,2221,1721,14142,1305,1555,1533,523,479,2340,378,481,1243,1430,356,3601,3849,19073,1,1,65,0,0,1,0,0,0,0,3,129,102,302,111,0,0,12,0,4,5,0,216,1,1,12,8,370,18,55,29,57,25,78,76,12,0,44,54,120,257,825,0,0,0,0,0,0,0,0,0,0,0,0,0,0,7.875128,2.759,1.928485,1.052174,3.504043,2.155338,2.307257,1.397223,5.260083,3.399791,1.764082,1.689127,1.776304,2.241668,0.995868,1.116403,0.323021,0.069284,1.886792,0.568581,0.853297,0.07989,0.217953,0.546395,0.200611,0.50145,0.702066,0.524827,1.596214,0.126748,0.073122,0.495555,0.0,0.385709,0.194333,0.147881,0.123582,0.798951,0.262736,0.244035,0.466257,0.334796,2.539111,1.262355,0.354359,0.157356,0.187182,0.750655,0.923963,0.171678,1.168408,1.393914,0.248499,0.60467,0.710998,0.689875,1.85401,0.053772,0.058658,0.037578,0.636418,0.116591,0.070666,0.005099,0.074149,1.085505,0.056948,0.153557,0.021437,0.165143,4.393121,0.942285,1.194054,1.183696,3.736149,1.97007,3.061621,0.620421,2.568251,3.40222,1.327915,1.865622,1.642917,1.776678,0.660381,0.307267,0.294094,0.227815,0.359389,0.174088,0.353332,0.057793,1.876194,0.347264,0.121661,1.059607,0.608576,0.495712,0.215418,0.005121,0.028927,0.003523,0,0.019964,0.008833,0.005099,0.002247,0.002428,0.005177,0.022301,0.01191,0.018956,2.309567,2.171352,1.276818,0.511995,1.864331,1.622692,1.418628,0.686713,1.244804,2.350713,1.054825,1.415145,1.024813,1.336833,4.608539,1.990833,1.23182,0.61416,3.586403,1.868651,0.667797,0.817596,2.792945,3.472644,0.460758,2.294434,2.291985,1.802957,0.003531,0.00128,0.05223,0.0,0,0.000799,0.0,0,0,0,0.003883,0.082194,0.060739,0.039829,0.391991,0,0.0,0.014092,0,0.003194,0.008833,0.0,0.485339,0.002428,0.001294,0.007646,0.004764,0.047246,0.063566,0.070415,0.023303,0.066935,0.187182,0.062288,0.134266,0.020397,0,0.106851,0.06989,0.07646,0.153037,0.081412,0,0,0,0,0,0,0,0,0,0,0,0,0,0
90,2167,2091,2486,909,478,2614,1288,778,2319,1390,1416,2625,3001,23562,279,810,357,65,264,703,469,48,91,222,156,802,1185,5451,434,92,87,426,0,486,96,74,53,327,196,397,793,3461,719,947,410,101,30,909,516,127,512,542,198,944,1258,7213,500,45,71,35,88,143,41,1,30,439,41,246,45,1725,1237,710,1495,1006,498,2435,1735,355,1126,1413,974,2861,2709,18554,176,219,397,173,44,226,197,41,833,136,98,1667,1016,5223,53,7,40,2,0,24,9,2,1,1,4,41,23,207,649,1707,1612,432,236,1995,781,420,548,969,791,2264,1674,14078,1289,1541,1546,514,477,2283,351,479,1225,1438,346,3596,3856,18941,1,1,71,0,0,0,0,0,0,0,4,128,103,308,107,0,0,11,0,3,5,0,213,1,0,12,11,363,16,49,23,48,24,82,69,25,0,45,61,129,284,855,0,0,0,0,0,0,0,0,0,0,0,0,0,0,7.652647,2.677063,1.997589,1.06744,3.578916,2.087459,2.275458,1.322432,5.21065,3.375507,1.832678,1.67256,1.787022,2.227299,0.985274,1.037026,0.286862,0.07633,1.97664,0.561394,0.828563,0.08159,0.204471,0.53911,0.201905,0.511007,0.705639,0.515279,1.532648,0.117786,0.069908,0.500252,0.0,0.388105,0.169599,0.125784,0.119088,0.794094,0.253676,0.252955,0.472212,0.331349,2.539111,1.212424,0.32945,0.118604,0.224618,0.725899,0.911596,0.215873,1.150433,1.316205,0.256264,0.601485,0.749108,0.68184,1.765724,0.057613,0.057051,0.041101,0.65888,0.114195,0.072433,0.0017,0.067408,1.066077,0.053065,0.156743,0.026796,0.163063,4.368401,0.908998,1.201286,1.181347,3.728661,1.944515,3.065154,0.603423,2.530053,3.431361,1.260613,1.822932,1.613143,1.753897,0.621535,0.280381,0.319004,0.203154,0.32944,0.180477,0.348032,0.069691,1.8717,0.330265,0.126838,1.062156,0.605003,0.493727,0.187167,0.008962,0.032141,0.002349,0,0.019166,0.0159,0.0034,0.002247,0.002428,0.005177,0.026124,0.013696,0.019818,2.291909,2.185436,1.295299,0.507298,1.766996,1.593145,1.379761,0.713909,1.231322,2.353141,1.023763,1.442544,0.996826,1.330784,4.552036,1.972909,1.242266,0.603591,3.571429,1.823133,0.620098,0.814197,2.7525,3.492071,0.447815,2.291249,2.296154,1.79048,0.003531,0.00128,0.057051,0.0,0,0.0,0.0,0,0,0,0.005177,0.081557,0.061334,0.048656,0.377865,0,0.0,0.012917,0,0.002396,0.008833,0.0,0.478598,0.002428,0.0,0.007646,0.00655,0.051426,0.056503,0.062734,0.018481,0.056366,0.179695,0.065483,0.1219,0.042495,0,0.109279,0.07895,0.082194,0.169115,0.084372,0,0,0,0,0,0,0,0,0,0,0,0,0,0
91,2150,2171,2437,885,471,2606,1266,745,2312,1390,1370,2585,2974,23362,284,842,370,53,250,684,466,46,92,212,141,754,1158,5352,434,99,85,452,0,469,107,93,51,329,197,386,766,3468,704,970,397,109,28,946,503,111,502,541,163,928,1247,7149,482,49,62,29,85,144,36,1,29,437,38,246,37,1675,1218,724,1443,1025,481,2408,1710,339,1107,1374,1026,2878,2709,18442,172,226,337,182,51,224,210,41,839,138,91,1603,979,5093,46,5,40,1,0,19,7,2,1,1,6,39,13,180,631,1639,1565,464,247,1987,803,415,560,947,813,2241,1694,14006,1278,1524,1474,492,472,2318,350,444,1210,1405,333,3552,3762,18614,1,1,70,0,0,0,0,0,0,0,1,133,109,315,113,0,0,12,0,3,6,0,211,0,1,15,8,369,18,54,33,49,26,79,76,20,0,42,52,124,276,849,0,0,0,0,0,0,0,0,0,0,0,0,0,0,7.592612,2.779485,1.958216,1.039257,3.526505,2.081071,2.236591,1.266339,5.194922,3.375507,1.773141,1.647074,1.770944,2.208394,1.002931,1.077995,0.297308,0.062238,1.871818,0.546221,0.823263,0.07819,0.206718,0.514826,0.182491,0.480423,0.689561,0.505921,1.532648,0.126748,0.068301,0.530784,0.0,0.374529,0.189033,0.15808,0.114594,0.798951,0.25497,0.245946,0.456134,0.332019,2.486139,1.24187,0.319004,0.127999,0.209644,0.755446,0.88863,0.188676,1.127963,1.313776,0.210965,0.59129,0.742558,0.67579,1.702158,0.062734,0.049819,0.034055,0.636418,0.114994,0.0636,0.0017,0.065161,1.061221,0.049182,0.156743,0.022033,0.158337,4.301303,0.926922,1.159502,1.203659,3.601378,1.922954,3.020988,0.576227,2.487361,3.336652,1.327915,1.833763,1.613143,1.743309,0.607409,0.289343,0.270791,0.213723,0.381851,0.178879,0.370999,0.069691,1.885181,0.335122,0.117778,1.021377,0.582971,0.481438,0.162447,0.006401,0.032141,0.001174,0,0.015173,0.012367,0.0034,0.002247,0.002428,0.007766,0.024849,0.007741,0.017233,2.228343,2.098377,1.257533,0.544876,1.849356,1.586757,1.418628,0.70541,1.258286,2.299716,1.052236,1.427889,1.008736,1.323977,4.51319,1.951145,1.184411,0.577756,3.533992,1.851083,0.618331,0.754704,2.718796,3.411933,0.43099,2.263213,2.240179,1.759568,0.003531,0.00128,0.056247,0.0,0,0.0,0.0,0,0,0,0.001294,0.084743,0.064907,0.049762,0.399054,0,0.0,0.014092,0,0.002396,0.0106,0.0,0.474104,0.0,0.001294,0.009557,0.004764,0.049734,0.063566,0.069135,0.026517,0.057541,0.194669,0.063087,0.134266,0.033996,0,0.101994,0.067302,0.079009,0.164351,0.08378,0,0,0,0,0,0,0,0,0,0,0,0,0,0
92,2104,2143,2399,865,458,2486,1254,747,2277,1376,1370,2557,2962,22998,269,812,354,60,252,690,460,46,91,220,137,758,1212,5361,427,104,91,452,0,453,106,86,50,319,202,392,786,3468,695,957,406,113,26,896,502,104,504,534,177,947,1251,7112,448,45,60,32,86,138,39,3,27,436,37,233,36,1620,1184,694,1380,1016,487,2373,1693,346,1100,1366,946,2767,2683,18035,174,236,374,171,51,222,185,36,830,140,62,1625,1014,5120,62,6,37,1,0,13,6,3,1,0,2,42,24,197,629,1669,1553,462,244,1995,797,435,561,934,783,2239,1683,13984,1250,1536,1474,474,488,2277,363,468,1195,1384,335,3515,3792,18551,1,2,74,0,0,0,0,0,0,0,0,135,102,314,107,0,0,10,0,1,3,0,212,0,1,10,9,353,17,51,28,57,25,77,72,23,0,41,65,128,297,881,0,0,0,0,0,0,0,0,0,0,0,0,0,0,7.430166,2.743637,1.927682,1.015771,3.42917,1.985242,2.215391,1.269739,5.116279,3.341509,1.773141,1.629233,1.763799,2.173985,0.949959,1.039586,0.284452,0.070458,1.886792,0.551013,0.812663,0.07819,0.204471,0.534253,0.177314,0.482972,0.721716,0.506772,1.507928,0.133149,0.073122,0.530784,0.0,0.361752,0.187266,0.146181,0.112347,0.774667,0.261441,0.249769,0.468044,0.332019,2.454356,1.225227,0.326235,0.132696,0.194669,0.715518,0.886863,0.176778,1.132457,1.296777,0.229085,0.603396,0.74494,0.672292,1.582088,0.057613,0.048212,0.037578,0.643905,0.110203,0.0689,0.005099,0.060667,1.058792,0.047888,0.14846,0.021437,0.153137,4.181234,0.888513,1.108879,1.19309,3.646301,1.895004,2.990955,0.588125,2.471632,3.317225,1.224374,1.763038,1.597661,1.704836,0.614472,0.302146,0.300522,0.200806,0.381851,0.177282,0.326832,0.061192,1.864959,0.339979,0.080244,1.035395,0.603812,0.48399,0.21895,0.007682,0.029731,0.001174,0,0.010381,0.0106,0.005099,0.002247,0.0,0.002589,0.026761,0.014291,0.019634,2.221281,2.136785,1.247891,0.542527,1.826894,1.593145,1.408028,0.739406,1.260533,2.268146,1.013409,1.426614,1.002185,1.321898,4.414309,1.966508,1.184411,0.556619,3.653789,1.818342,0.641297,0.795499,2.685092,3.360936,0.433578,2.239638,2.258043,1.753613,0.003531,0.002561,0.059462,0.0,0,0.0,0.0,0,0,0,0.0,0.086017,0.060739,0.0565,0.377865,0,0.0,0.011743,0,0.000799,0.0053,0.0,0.476351,0.0,0.001294,0.006372,0.005359,0.047577,0.060035,0.065294,0.022499,0.066935,0.187182,0.06149,0.127199,0.039095,0,0.099565,0.084127,0.081557,0.176856,0.086938,0,0,0,0,0,0,0,0,0,0,0,0,0,0
93,2079,2134,2371,838,468,2475,1245,798,2252,1365,1388,2578,2911,22902,271,807,345,52,242,683,449,41,80,207,147,751,1164,5239,414,88,94,418,0,447,101,69,48,309,199,385,762,3334,690,952,404,119,26,925,486,111,496,541,176,941,1168,7035,433,43,70,34,82,138,38,5,27,435,32,237,35,1609,1170,679,1367,1017,494,2355,1690,345,1103,1359,971,2789,2646,17985,179,216,363,170,49,209,199,32,820,147,77,1583,976,5020,64,5,37,0,0,21,5,2,1,1,3,36,18,193,632,1661,1536,428,244,2003,799,437,548,948,757,2227,1644,13864,1241,1500,1497,438,486,2258,351,457,1182,1426,362,3518,3717,18433,1,2,60,0,0,2,0,0,0,0,2,130,99,296,101,0,0,11,0,3,4,0,211,1,0,9,7,347,14,49,32,49,25,66,72,20,0,47,67,135,257,833,0,0,0,0,0,0,0,0,0,0,0,0,0,0,7.341879,2.732115,1.905183,0.984065,3.504043,1.976458,2.199491,1.356428,5.060106,3.314796,1.796438,1.642614,1.733429,2.16491,0.957022,1.033185,0.27722,0.061064,1.81192,0.545423,0.79323,0.069691,0.179755,0.502683,0.190257,0.478512,0.693134,0.495239,1.462019,0.112665,0.075532,0.490858,0.0,0.35696,0.178433,0.117285,0.107853,0.750382,0.257559,0.245309,0.453752,0.319191,2.436699,1.218825,0.324628,0.139742,0.194669,0.738676,0.858597,0.188676,1.114482,1.313776,0.22779,0.599573,0.695515,0.665014,1.529117,0.055052,0.056247,0.039926,0.613956,0.110203,0.067133,0.008499,0.060667,1.056364,0.041416,0.151008,0.020842,0.152098,4.131794,0.869309,1.098433,1.194265,3.698712,1.88063,2.985655,0.586426,2.478373,3.300226,1.25673,1.777056,1.575628,1.70011,0.632129,0.27654,0.291683,0.199631,0.366876,0.166901,0.351565,0.054393,1.84249,0.356978,0.099658,1.008634,0.581184,0.474537,0.226013,0.006401,0.029731,0.0,0,0.01677,0.008833,0.0034,0.002247,0.002428,0.003883,0.022938,0.010719,0.020118,2.231875,2.126543,1.234231,0.502601,1.826894,1.599534,1.411561,0.742806,1.231322,2.302144,0.979758,1.418968,0.978962,1.310554,4.382526,1.920418,1.202893,0.514344,3.638814,1.803169,0.620098,0.776801,2.655881,3.46293,0.468524,2.24155,2.213383,1.742459,0.003531,0.002561,0.048212,0.0,0,0.001597,0.0,0,0,0,0.002589,0.082832,0.058952,0.039038,0.356676,0,0.0,0.012917,0,0.002396,0.007067,0.0,0.474104,0.002428,0.0,0.005734,0.004168,0.04916,0.04944,0.062734,0.025713,0.057541,0.187182,0.052706,0.127199,0.033996,0,0.114136,0.086716,0.086017,0.153037,0.082201,0,0,0,0,0,0,0,0,0,0,0,0,0,0
94,2041,2130,2346,891,466,2474,1232,780,2218,1352,1409,2475,2929,22743,273,798,360,67,243,682,440,42,85,209,155,737,1168,5259,413,101,84,419,0,441,100,101,52,310,195,369,738,3323,689,919,385,110,26,882,481,122,491,532,193,898,1141,6869,436,45,72,38,82,132,33,3,27,431,33,247,34,1613,1162,682,1383,978,484,2315,1688,334,1096,1385,960,2729,2639,17835,169,233,368,183,46,233,187,31,827,140,75,1570,995,5057,65,8,40,1,0,26,7,6,1,1,0,37,26,218,624,1638,1518,455,235,1986,772,410,537,967,745,2221,1674,13782,1234,1458,1466,463,467,2244,340,426,1177,1401,349,3478,3734,18237,1,1,69,0,0,1,0,0,0,0,2,141,103,318,100,0,0,5,0,1,7,0,213,1,0,15,8,350,12,50,30,71,26,64,72,17,0,45,64,136,266,853,0,0,0,0,0,0,0,0,0,0,0,0,0,0,7.207684,2.726993,1.885094,1.046303,3.489069,1.97566,2.176525,1.325832,4.98371,3.283227,1.823618,1.576986,1.744148,2.14988,0.964085,1.021662,0.289273,0.078678,1.819407,0.544624,0.77733,0.071391,0.19099,0.50754,0.200611,0.469591,0.695515,0.49713,1.458488,0.129308,0.067497,0.492032,0.0,0.352169,0.176666,0.171678,0.116841,0.752811,0.252381,0.235114,0.439461,0.318137,2.433167,1.176576,0.309361,0.129173,0.194669,0.704338,0.849763,0.207374,1.103247,1.291921,0.249793,0.572175,0.679438,0.649322,1.539711,0.057613,0.057855,0.044623,0.613956,0.105411,0.0583,0.005099,0.060667,1.04665,0.042711,0.15738,0.020246,0.152476,4.103542,0.87315,1.11129,1.148467,3.623839,1.848687,2.982121,0.567728,2.462645,3.363365,1.242493,1.738826,1.57146,1.68593,0.596815,0.298305,0.295701,0.214897,0.344414,0.186067,0.330365,0.052693,1.858218,0.339979,0.09707,1.00035,0.592498,0.478035,0.229544,0.010242,0.032141,0.001174,0,0.020763,0.012367,0.010199,0.002247,0.002428,0.0,0.023575,0.015482,0.022538,2.203623,2.097096,1.219767,0.534307,1.759509,1.585958,1.363861,0.696911,1.206606,2.348284,0.964227,1.415145,0.996826,1.302803,4.357806,1.866646,1.177983,0.543702,3.496556,1.791989,0.600664,0.724108,2.644647,3.40222,0.451698,2.216063,2.223506,1.723931,0.003531,0.00128,0.055444,0.0,0,0.000799,0.0,0,0,0,0.002589,0.08984,0.061334,0.041939,0.353145,0,0.0,0.005872,0,0.000799,0.012367,0.0,0.478598,0.002428,0.0,0.009557,0.004764,0.049585,0.042377,0.064014,0.024106,0.083375,0.194669,0.051108,0.127199,0.028896,0,0.109279,0.082833,0.086655,0.158397,0.084175,0,0,0,0,0,0,0,0,0,0,0,0,0,0
95,2048,2080,2335,806,438,2432,1237,773,2243,1333,1313,2526,2913,22477,270,804,333,61,242,648,431,52,83,212,152,757,1155,5200,400,102,78,407,0,430,92,82,52,306,188,364,716,3217,682,936,388,92,27,884,473,107,497,532,167,910,1200,6895,418,50,53,36,80,133,31,2,27,427,35,226,37,1555,1163,684,1382,916,477,2321,1626,347,1099,1359,981,2771,2590,17716,166,224,373,179,48,204,192,34,834,146,72,1569,962,5003,57,6,38,2,0,23,7,0,1,0,4,37,20,195,634,1659,1533,454,235,1917,784,369,538,956,793,2151,1660,13683,1234,1491,1473,453,456,2260,349,409,1164,1393,356,3410,3688,18136,1,1,70,0,0,0,0,0,0,0,2,125,107,306,104,0,0,9,0,1,7,0,217,1,1,10,8,358,14,49,33,48,27,68,63,10,0,45,60,123,268,808,0,0,0,0,0,0,0,0,0,0,0,0,0,0,7.232405,2.662979,1.876256,0.946487,3.279425,1.94212,2.185358,1.313933,5.039883,3.237087,1.699368,1.609481,1.73462,2.124735,0.953491,1.029344,0.267577,0.071632,1.81192,0.517473,0.76143,0.088389,0.186496,0.514826,0.196728,0.482335,0.687774,0.491552,1.412579,0.130588,0.062676,0.477941,0.0,0.343385,0.162533,0.139382,0.116841,0.743097,0.243322,0.231928,0.426361,0.307989,2.408447,1.198341,0.311772,0.108036,0.202156,0.705935,0.83563,0.181877,1.116728,1.291921,0.216142,0.579821,0.714571,0.65178,1.476145,0.064014,0.042587,0.042275,0.598982,0.10621,0.054766,0.0034,0.060667,1.036936,0.045299,0.143999,0.022033,0.146993,4.107073,0.875711,1.110486,1.07566,3.571429,1.853479,2.872589,0.589825,2.469385,3.300226,1.269673,1.765587,1.542282,1.674681,0.58622,0.286782,0.299719,0.2102,0.359389,0.162908,0.339199,0.057793,1.873947,0.35455,0.093187,0.999713,0.572848,0.47293,0.201293,0.007682,0.030534,0.002349,0,0.018367,0.012367,0.0,0.002247,0.0,0.005177,0.023575,0.01191,0.020646,2.238938,2.123982,1.23182,0.533133,1.759509,1.530857,1.385061,0.62722,1.208853,2.321572,1.026351,1.370544,0.988489,1.293444,4.357806,1.908895,1.183608,0.531959,3.414196,1.804766,0.616564,0.695212,2.615436,3.382792,0.460758,2.172736,2.196114,1.714383,0.003531,0.00128,0.056247,0.0,0,0.0,0.0,0,0,0,0.002589,0.079646,0.063716,0.04834,0.367271,0,0.0,0.010569,0,0.000799,0.012367,0.0,0.487586,0.002428,0.001294,0.006372,0.004764,0.045714,0.04944,0.062734,0.026517,0.056366,0.202156,0.054303,0.1113,0.016998,0,0.109279,0.077656,0.078371,0.159587,0.079734,0,0,0,0,0,0,0,0,0,0,0,0,0,0
96,2030,2038,2268,849,450,2382,1181,785,2244,1347,1367,2496,2827,22264,269,790,333,51,233,644,414,44,84,214,150,728,1127,5081,411,105,83,428,0,450,84,89,50,308,171,351,769,3299,665,874,391,92,28,850,463,112,492,539,198,900,1147,6751,423,47,61,29,81,126,31,2,29,434,31,227,28,1549,1161,674,1318,927,473,2274,1596,346,1093,1352,984,2696,2596,17490,167,222,372,182,47,223,193,34,841,136,78,1598,961,5054,67,5,35,1,0,14,8,2,1,3,1,33,25,195,638,1638,1521,439,242,1955,742,415,534,968,751,2091,1688,13622,1228,1460,1439,420,459,2220,342,438,1153,1403,351,3483,3677,18073,1,2,72,0,0,0,0,0,0,0,1,131,101,308,102,0,0,10,0,3,4,0,219,1,0,15,9,363,13,48,28,52,27,74,70,14,0,47,60,126,253,812,0,0,0,0,0,0,0,0,0,0,0,0,0,0,7.168839,2.609208,1.822419,0.996982,3.369272,1.902191,2.086425,1.334331,5.04213,3.271085,1.769259,1.590366,1.683409,2.1046,0.949959,1.01142,0.267577,0.059889,1.744534,0.514278,0.731397,0.074791,0.188743,0.519682,0.19414,0.463857,0.671101,0.480303,1.451425,0.134429,0.066693,0.502601,0.0,0.359356,0.148399,0.151281,0.112347,0.747954,0.221319,0.223645,0.457921,0.31584,2.348413,1.118963,0.314182,0.108036,0.209644,0.678784,0.817963,0.190376,1.105494,1.30892,0.256264,0.573449,0.68301,0.638167,1.493802,0.060173,0.049016,0.034055,0.606469,0.10062,0.054766,0.0034,0.065161,1.053935,0.040122,0.144637,0.016673,0.146426,4.100011,0.862908,1.05906,1.088578,3.541479,1.815946,2.819589,0.588125,2.455904,3.283227,1.273556,1.717799,1.545855,1.653318,0.589752,0.284222,0.298915,0.213723,0.351902,0.178081,0.340965,0.057793,1.889675,0.330265,0.100953,1.018191,0.572252,0.477751,0.236607,0.006401,0.028124,0.001174,0,0.01118,0.014133,0.0034,0.002247,0.007285,0.001294,0.021026,0.014887,0.018669,2.253064,2.097096,1.222178,0.515518,1.81192,1.561202,1.310861,0.70541,1.199865,2.350713,0.971992,1.332314,1.005163,1.287678,4.336618,1.869207,1.156288,0.493207,3.436658,1.772823,0.604198,0.744505,2.59072,3.407076,0.454287,2.219249,2.189564,1.708428,0.003531,0.002561,0.057855,0.0,0,0.0,0.0,0,0,0,0.001294,0.083469,0.060143,0.048656,0.360208,0,0.0,0.011743,0,0.002396,0.007067,0.0,0.49208,0.002428,0.0,0.009557,0.005359,0.051426,0.045909,0.061453,0.022499,0.061064,0.202156,0.059094,0.123666,0.023797,0,0.114136,0.077656,0.080283,0.150655,0.080129,0,0,0,0,0,0,0,0,0,0,0,0,0,0
97,1991,2059,2293,832,447,2396,1180,728,2236,1343,1247,2484,2830,22066,271,759,344,50,234,647,425,49,81,215,137,703,1084,4999,404,98,83,393,0,425,86,70,48,304,170,355,763,3199,678,896,378,109,25,858,474,113,479,535,192,903,1136,6776,427,45,66,33,81,130,31,5,29,435,40,229,29,1580,1146,703,1337,907,474,2241,1625,329,1097,1343,921,2733,2586,17442,173,201,362,191,46,204,196,33,854,137,76,1561,955,4989,59,5,36,1,0,19,6,3,1,1,4,39,20,194,628,1629,1511,436,242,1952,751,408,531,954,753,2086,1704,13585,1225,1449,1444,465,468,2171,332,410,1165,1415,348,3395,3626,17913,1,1,70,0,0,1,0,0,0,0,1,130,100,304,98,0,1,7,0,0,5,0,226,1,1,12,8,359,12,44,33,55,25,72,68,15,0,43,65,123,255,810,0,0,0,0,0,0,0,0,0,0,0,0,0,0,7.031112,2.636094,1.842507,0.977019,3.34681,1.913371,2.084658,1.237443,5.024155,3.261371,1.613947,1.58272,1.685196,2.085884,0.957022,0.971731,0.276416,0.058715,1.752022,0.516674,0.75083,0.083289,0.182002,0.522111,0.177314,0.447928,0.645496,0.472552,1.426705,0.125467,0.066693,0.461501,0.0,0.339392,0.151933,0.118985,0.107853,0.73824,0.220025,0.226194,0.454348,0.306266,2.394321,1.14713,0.303736,0.127999,0.187182,0.685172,0.837397,0.192076,1.076284,1.299206,0.248499,0.575361,0.67646,0.640531,1.507928,0.057613,0.053033,0.038752,0.606469,0.103814,0.054766,0.008499,0.065161,1.056364,0.051771,0.145911,0.017269,0.149356,4.047039,0.900036,1.074327,1.065092,3.548967,1.789593,2.870822,0.559229,2.464892,3.261371,1.192017,1.741374,1.5399,1.64878,0.61094,0.257336,0.29088,0.224292,0.344414,0.162908,0.346265,0.056093,1.918886,0.332694,0.098364,0.994616,0.568679,0.471607,0.208355,0.006401,0.028927,0.001174,0,0.015173,0.0106,0.005099,0.002247,0.002428,0.005177,0.024849,0.01191,0.018573,2.217749,2.085574,1.214142,0.511995,1.81192,1.558807,1.326761,0.693512,1.193124,2.316715,0.974581,1.329128,1.01469,1.284181,4.326023,1.855124,1.160305,0.54605,3.504043,1.733693,0.586531,0.696911,2.617683,3.436217,0.450404,2.163178,2.159194,1.693303,0.003531,0.00128,0.056247,0.0,0,0.000799,0.0,0,0,0,0.001294,0.082832,0.059548,0.040093,0.346082,0,0.000804,0.00822,0,0.0,0.008833,0.0,0.507808,0.002428,0.001294,0.007646,0.004764,0.045887,0.042377,0.056332,0.026517,0.064587,0.187182,0.057497,0.120133,0.025497,0,0.104422,0.084127,0.078371,0.151846,0.079931,0,0,0,0,0,0,0,0,0,0,0,0,0,0
98,1954,2011,2347,831,442,2323,1190,771,2201,1284,1244,2462,2841,21901,271,778,338,54,236,646,425,42,84,209,146,727,1108,5064,393,97,78,386,0,418,82,74,48,299,175,355,731,3136,671,872,370,101,30,885,461,108,474,540,171,915,1162,6760,426,42,70,16,81,123,30,2,28,429,37,225,29,1538,1136,674,1366,892,461,2186,1623,328,1078,1350,915,2645,2523,17177,168,212,358,149,49,216,209,34,849,132,74,1581,926,4957,59,6,32,1,0,20,9,1,1,3,2,40,17,191,630,1673,1549,410,242,1919,746,400,535,952,727,2150,1673,13606,1200,1454,1446,394,463,2167,312,392,1158,1420,326,3465,3582,17779,1,1,79,0,0,1,0,0,0,0,2,133,99,316,104,0,0,8,0,5,5,0,229,1,0,11,7,370,14,44,24,39,22,72,64,13,0,44,60,138,266,800,0,0,0,0,0,0,0,0,0,0,0,0,0,0,6.900448,2.57464,1.885898,0.975845,3.309374,1.855076,2.102325,1.310534,4.945512,3.118094,1.610064,1.568702,1.691746,2.070286,0.957022,0.996057,0.271595,0.063412,1.766996,0.515876,0.75083,0.071391,0.188743,0.50754,0.188963,0.46322,0.659787,0.478696,1.387859,0.124187,0.062676,0.45328,0.0,0.333802,0.144866,0.125784,0.107853,0.726098,0.226496,0.226194,0.435293,0.300234,2.369601,1.116403,0.297308,0.118604,0.224618,0.706734,0.81443,0.183577,1.065049,1.311348,0.221319,0.583007,0.691943,0.639018,1.504397,0.053772,0.056247,0.018789,0.606469,0.098224,0.053,0.0034,0.062914,1.041793,0.047888,0.143362,0.017269,0.145386,4.011724,0.862908,1.09763,1.047477,3.451632,1.745672,2.867289,0.557529,2.4222,3.27837,1.184251,1.685304,1.502385,1.62373,0.593283,0.271419,0.287666,0.174971,0.366876,0.172491,0.369232,0.057793,1.907651,0.320552,0.095776,1.007359,0.55141,0.468582,0.208355,0.007682,0.025713,0.001174,0,0.015971,0.0159,0.0017,0.002247,0.007285,0.002589,0.025487,0.010123,0.018286,2.224812,2.141906,1.244677,0.481464,1.81192,1.532454,1.317928,0.679914,1.202112,2.311858,0.94093,1.369907,0.996231,1.286166,4.237737,1.861525,1.161912,0.462675,3.466607,1.730499,0.551198,0.666315,2.601955,3.44836,0.42193,2.20778,2.132994,1.680637,0.003531,0.00128,0.063479,0.0,0,0.000799,0.0,0,0,0,0.002589,0.084743,0.058952,0.041675,0.367271,0,0.0,0.009394,0,0.003993,0.008833,0.0,0.514549,0.002428,0.0,0.007009,0.004168,0.052418,0.04944,0.056332,0.019285,0.045798,0.16472,0.057497,0.113066,0.022097,0,0.106851,0.077656,0.087929,0.158397,0.078945,0,0,0,0,0,0,0,0,0,0,0,0,0,0
99,1942,1995,2298,808,423,2384,1193,694,2202,1271,1210,2447,2796,21663,264,783,326,60,222,641,419,48,80,202,153,725,1106,5029,406,96,79,394,0,422,77,67,47,296,187,337,728,3136,680,901,371,95,28,844,443,103,480,520,165,873,1131,6634,424,49,60,28,78,126,27,2,31,413,29,229,38,1534,1135,680,1361,909,454,2202,1586,328,1066,1348,911,2694,2510,17184,167,217,362,154,44,207,208,29,832,137,63,1555,909,4884,50,8,33,1,0,16,6,0,1,3,2,31,18,169,623,1626,1524,420,244,1845,741,406,516,941,703,2147,1648,13384,1210,1417,1491,406,465,2167,319,423,1136,1388,322,3423,3570,17737,1,2,67,0,0,0,0,0,0,0,1,134,96,301,104,0,0,7,0,3,6,0,228,1,0,12,8,369,14,52,36,44,23,74,68,18,0,43,63,132,266,833,0,0,0,0,0,0,0,0,0,0,0,0,0,0,6.858071,2.554156,1.846525,0.948836,3.167116,1.903788,2.107625,1.17965,4.947759,3.086525,1.566059,1.559145,1.66495,2.047788,0.932302,1.002458,0.261953,0.070458,1.662174,0.511883,0.74023,0.08159,0.179755,0.490541,0.198022,0.461945,0.658596,0.475388,1.433768,0.122907,0.063479,0.462675,0.0,0.336996,0.136033,0.113886,0.105606,0.718813,0.242027,0.214725,0.433506,0.300234,2.401384,1.153531,0.298112,0.111559,0.209644,0.673992,0.78263,0.175078,1.078531,1.26278,0.213554,0.556246,0.673483,0.627107,1.497334,0.062734,0.048212,0.03288,0.584007,0.10062,0.0477,0.0034,0.069655,1.002938,0.037534,0.145911,0.022628,0.145008,4.008193,0.870589,1.093612,1.06744,3.399221,1.758449,2.801922,0.557529,2.395236,3.273513,1.179074,1.716525,1.494644,1.624392,0.589752,0.27782,0.29088,0.180842,0.32944,0.165304,0.367465,0.049294,1.869453,0.332694,0.081539,0.990793,0.541287,0.461681,0.176572,0.010242,0.026517,0.001174,0,0.012777,0.0106,0.0,0.002247,0.007285,0.002589,0.019752,0.010719,0.017145,2.200092,2.081733,1.224588,0.493207,1.826894,1.47336,1.309095,0.690112,1.15942,2.285145,0.909867,1.367995,0.981344,1.26518,4.273052,1.814155,1.198072,0.476766,3.481581,1.730499,0.563564,0.719009,2.552522,3.37065,0.416753,2.181019,2.125848,1.676666,0.003531,0.002561,0.053837,0.0,0,0.0,0.0,0,0,0,0.001294,0.08538,0.057166,0.04755,0.367271,0,0.0,0.00822,0,0.002396,0.0106,0.0,0.512302,0.002428,0.0,0.007646,0.004764,0.052276,0.04944,0.066574,0.028927,0.051669,0.172207,0.059094,0.120133,0.030596,0,0.104422,0.081539,0.084106,0.158397,0.082201,0,0,0,0,0,0,0,0,0,0,0,0,0,0
100,1878,2031,2228,791,438,2347,1178,703,2190,1292,1206,2419,2810,21511,260,739,343,46,225,640,425,57,79,195,147,700,1111,4967,405,92,81,396,0,417,84,69,46,299,178,343,703,3113,652,881,366,104,28,847,445,102,475,540,172,886,1116,6614,421,50,65,25,82,127,29,2,30,420,35,223,35,1544,1153,678,1315,894,458,2157,1567,323,1060,1334,933,2681,2496,17049,163,216,367,176,50,186,198,42,833,147,67,1580,965,4990,57,4,33,0,0,11,6,3,1,3,5,37,15,175,635,1654,1540,447,236,1875,738,386,523,935,702,2113,1674,13458,1195,1449,1441,463,462,2193,312,380,1133,1382,300,3462,3609,17781,1,2,74,0,0,1,0,0,0,0,1,121,98,298,99,0,0,6,0,2,7,0,230,0,0,12,7,363,13,41,29,56,24,79,61,9,0,45,66,142,282,847,0,0,0,0,0,0,0,0,0,0,0,0,0,0,6.632058,2.600246,1.790277,0.928873,3.279425,1.874241,2.081125,1.194948,4.920795,3.137522,1.560882,1.541304,1.673286,2.03342,0.918176,0.946126,0.275613,0.054018,1.684636,0.511084,0.75083,0.096888,0.177508,0.473542,0.190257,0.446016,0.661573,0.469527,1.430236,0.117786,0.065086,0.465023,0.0,0.333003,0.148399,0.117285,0.103359,0.726098,0.230379,0.218548,0.418619,0.298032,2.302504,1.127925,0.294094,0.122127,0.209644,0.676388,0.786164,0.173378,1.067296,1.311348,0.222613,0.564529,0.664551,0.625217,1.486739,0.064014,0.05223,0.029358,0.613956,0.101418,0.051233,0.0034,0.067408,1.019937,0.045299,0.142088,0.020842,0.145953,4.071759,0.868029,1.056649,1.049826,3.42917,1.722513,2.768356,0.54903,2.381755,3.239515,1.207548,1.708242,1.486307,1.61163,0.575626,0.27654,0.294898,0.206677,0.374364,0.148534,0.349799,0.071391,1.8717,0.356978,0.086716,1.006722,0.574634,0.471701,0.201293,0.005121,0.026517,0.0,0,0.008784,0.0106,0.005099,0.002247,0.007285,0.006471,0.023575,0.008932,0.018241,2.242469,2.117581,1.237445,0.524913,1.766996,1.497317,1.303795,0.656117,1.175149,2.270575,0.908573,1.346332,0.996826,1.272175,4.22008,1.855124,1.157895,0.543702,3.459119,1.751262,0.551198,0.645918,2.545781,3.35608,0.388279,2.205868,2.149071,1.680826,0.003531,0.002561,0.059462,0.0,0,0.000799,0.0,0,0,0,0.001294,0.077097,0.058357,0.039301,0.349613,0,0.0,0.007046,0,0.001597,0.012367,0.0,0.516796,0.0,0.0,0.007646,0.004168,0.054612,0.045909,0.052491,0.023303,0.065761,0.179695,0.063087,0.107766,0.015298,0,0.109279,0.085421,0.090478,0.167924,0.083583,0,0,0,0,0,0,0,0,0,0,0,0,0,0
101,1914,2011,2237,803,438,2291,1156,676,2152,1260,1215,2388,2751,21292,257,766,345,48,215,624,421,40,80,201,137,699,1137,4970,409,95,77,346,0,420,80,62,45,287,183,342,716,3062,660,909,393,103,28,841,451,113,468,521,162,863,1113,6625,422,49,59,20,71,116,30,2,29,426,29,221,32,1506,1142,660,1321,930,440,2196,1572,325,1062,1314,922,2616,2483,16983,172,196,356,166,49,192,206,36,833,143,66,1535,935,4885,61,4,30,0,0,17,6,4,1,2,3,37,19,184,611,1677,1493,407,254,1921,736,368,529,955,683,2156,1650,13440,1188,1439,1425,423,458,2207,315,411,1109,1377,307,3420,3573,17652,1,2,71,0,0,0,0,0,0,0,1,116,107,298,102,0,0,14,0,3,6,0,228,1,0,13,8,375,14,47,31,52,24,77,69,17,0,45,60,127,258,821,0,0,0,0,0,0,0,0,0,0,0,0,0,0,6.759191,2.57464,1.797509,0.942964,3.279425,1.829521,2.042258,1.149054,4.835412,3.059812,1.572531,1.521552,1.638153,2.012718,0.907582,0.980693,0.27722,0.056366,1.609763,0.498307,0.743764,0.067991,0.179755,0.488113,0.177314,0.445379,0.677056,0.469811,1.444362,0.121626,0.061872,0.406308,0.0,0.335399,0.141333,0.105387,0.101112,0.696957,0.23685,0.217911,0.426361,0.29315,2.330755,1.163773,0.315789,0.120953,0.209644,0.671596,0.796763,0.192076,1.051567,1.265208,0.209671,0.549874,0.662764,0.626257,1.490271,0.062734,0.047409,0.023486,0.531596,0.092634,0.053,0.0034,0.065161,1.034508,0.037534,0.140814,0.019055,0.142361,4.032913,0.844984,1.06147,1.0921,3.2944,1.753657,2.777189,0.55243,2.386249,3.190947,1.193311,1.666826,1.478566,1.605391,0.607409,0.250935,0.286059,0.194934,0.366876,0.153325,0.363932,0.061192,1.8717,0.347264,0.085421,0.97805,0.55677,0.461776,0.215418,0.005121,0.024106,0.0,0,0.013576,0.0106,0.006799,0.002247,0.004857,0.003883,0.023575,0.011314,0.019179,2.157714,2.147027,1.199679,0.477941,1.901767,1.534051,1.300261,0.625521,1.18863,2.319143,0.883982,1.37373,0.982535,1.270474,4.19536,1.842321,1.145038,0.49673,3.42917,1.762442,0.556498,0.698611,2.491855,3.343937,0.397339,2.179107,2.127634,1.668631,0.003531,0.002561,0.057051,0.0,0,0.0,0.0,0,0,0,0.001294,0.073911,0.063716,0.047076,0.360208,0,0.0,0.01644,0,0.002396,0.0106,0.0,0.512302,0.002428,0.0,0.008283,0.004764,0.053126,0.04944,0.060173,0.02491,0.061064,0.179695,0.06149,0.1219,0.028896,0,0.109279,0.077656,0.08092,0.153633,0.081017,0,0,0,0,0,0,0,0,0,0,0,0,0,0
102,1861,1919,2200,818,433,2312,1175,701,2134,1272,1185,2387,2734,21131,257,783,341,51,218,618,414,54,80,199,141,708,1112,4976,404,99,72,362,0,402,72,79,49,290,178,324,731,3062,648,901,410,108,24,831,427,129,460,520,173,863,1123,6617,411,45,61,23,77,121,29,2,27,428,25,220,27,1496,1162,682,1342,829,447,2126,1592,297,1048,1328,869,2639,2491,16852,175,216,408,164,47,193,204,49,833,148,65,1551,933,4986,52,4,32,0,0,13,8,3,1,3,4,34,20,174,624,1627,1536,395,243,1909,737,387,514,922,704,2151,1662,13411,1192,1394,1480,440,453,2137,324,367,1099,1360,300,3426,3572,17544,1,2,76,1,0,1,0,0,0,0,1,124,99,305,99,0,0,11,0,1,7,0,224,1,2,12,8,365,14,45,27,52,22,62,69,22,0,43,62,132,253,803,0,0,0,0,0,0,0,0,0,0,0,0,0,0,6.572024,2.456855,1.767778,0.960579,3.241989,1.846291,2.075825,1.191549,4.794967,3.088953,1.533703,1.520915,1.62803,1.997499,0.907582,1.002458,0.274006,0.059889,1.632225,0.493516,0.731397,0.091788,0.179755,0.483256,0.182491,0.451113,0.662169,0.470378,1.426705,0.126748,0.057855,0.425097,0.0,0.321025,0.127199,0.134283,0.1101,0.704242,0.230379,0.206442,0.435293,0.29315,2.288378,1.153531,0.32945,0.126825,0.179695,0.663611,0.754364,0.219272,1.033592,1.26278,0.223908,0.549874,0.668719,0.6255,1.451425,0.057613,0.049016,0.027009,0.57652,0.096627,0.051233,0.0034,0.060667,1.039365,0.032357,0.140176,0.016078,0.141416,4.103542,0.87315,1.078345,0.973496,3.34681,1.697758,2.812522,0.504836,2.354792,3.224945,1.124715,1.681481,1.48333,1.593008,0.618003,0.27654,0.327843,0.192585,0.351902,0.154124,0.360399,0.083289,1.8717,0.359406,0.084127,0.988244,0.555579,0.471323,0.183635,0.005121,0.025713,0.0,0,0.010381,0.014133,0.005099,0.002247,0.007285,0.005177,0.021664,0.01191,0.018137,2.203623,2.083013,1.234231,0.463849,1.819407,1.524468,1.302028,0.657816,1.154926,2.239005,0.911162,1.370544,0.98968,1.267733,4.209485,1.784708,1.189233,0.516693,3.391734,1.706542,0.572398,0.623821,2.469385,3.302654,0.388279,2.18293,2.127039,1.658422,0.003531,0.002561,0.061069,0.001174,0,0.000799,0.0,0,0,0,0.001294,0.079009,0.058952,0.036163,0.349613,0,0.0,0.012917,0,0.000799,0.012367,0.0,0.503314,0.002428,0.002589,0.007646,0.004764,0.046608,0.04944,0.057613,0.021695,0.061064,0.16472,0.049511,0.1219,0.037395,0,0.104422,0.080244,0.084106,0.150655,0.079241,0,0,0,0,0,0,0,0,0,0,0,0,0,0
103,1853,1936,2160,761,443,2326,1135,682,2137,1288,1148,2330,2689,20888,253,757,338,26,214,613,417,45,84,203,139,685,1110,4884,404,100,82,355,0,428,83,75,49,268,171,331,730,3076,642,877,396,91,28,817,445,103,455,530,152,851,1113,6500,408,46,56,23,75,123,29,1,25,422,28,228,32,1496,1155,685,1351,883,455,2161,1582,293,1035,1318,928,2632,2503,16981,172,221,361,167,50,216,204,32,829,143,76,1513,928,4912,60,4,30,1,0,15,5,0,1,3,2,27,15,163,632,1600,1475,430,250,1862,729,404,519,913,735,2174,1618,13341,1198,1427,1405,410,454,2141,318,418,1086,1374,271,3376,3552,17430,1,1,60,0,0,0,0,0,0,0,2,131,102,297,103,0,0,9,0,0,7,0,229,1,0,9,7,365,14,49,30,56,25,68,61,20,0,47,61,124,245,800,0,0,0,0,0,0,0,0,0,0,0,0,0,0,6.543772,2.478619,1.735637,0.893644,3.316861,1.857471,2.005159,1.159253,4.801708,3.127808,1.485815,1.484597,1.601234,1.974528,0.893456,0.969171,0.271595,0.030532,1.602276,0.489523,0.736697,0.07649,0.188743,0.49297,0.179903,0.436459,0.660978,0.461681,1.426705,0.128028,0.06589,0.416877,0.0,0.341788,0.146633,0.127484,0.1101,0.650817,0.221319,0.210902,0.434697,0.29449,2.267189,1.122804,0.3182,0.106861,0.209644,0.652431,0.786164,0.175078,1.022357,1.287064,0.196728,0.542228,0.662764,0.61444,1.440831,0.058893,0.044998,0.027009,0.561545,0.098224,0.051233,0.0017,0.056173,1.024794,0.036239,0.145274,0.019055,0.141416,4.078822,0.876991,1.085577,1.036908,3.406709,1.725708,2.794855,0.498037,2.325581,3.200661,1.201077,1.677021,1.490475,1.605202,0.607409,0.282942,0.290076,0.196108,0.374364,0.172491,0.360399,0.054393,1.862712,0.347264,0.098364,0.964032,0.552601,0.464328,0.211887,0.005121,0.024106,0.001174,0,0.011979,0.008833,0.0,0.002247,0.007285,0.002589,0.017203,0.008932,0.016537,2.231875,2.048446,1.185215,0.50495,1.871818,1.486935,1.287895,0.686713,1.166161,2.21715,0.951284,1.385199,0.963479,1.261115,4.230674,1.826958,1.128967,0.481464,3.399221,1.709736,0.561798,0.71051,2.440175,3.336652,0.350745,2.151072,2.115129,1.647646,0.003531,0.00128,0.048212,0.0,0,0.0,0.0,0,0,0,0.002589,0.083469,0.060739,0.046918,0.363739,0,0.0,0.010569,0,0.0,0.012367,0.0,0.514549,0.002428,0.0,0.005734,0.004168,0.062862,0.04944,0.062734,0.024106,0.065761,0.187182,0.054303,0.107766,0.033996,0,0.114136,0.07895,0.079009,0.145892,0.078945,0,0,0,0,0,0,0,0,0,0,0,0,0,0
104,1836,1920,2105,784,414,2259,1127,703,2124,1277,1198,2325,2693,20765,251,746,334,56,216,611,421,38,82,202,131,673,1090,4851,381,86,80,355,0,389,70,76,47,265,157,315,738,2959,634,871,356,104,25,796,427,111,453,511,171,852,1117,6428,408,49,61,30,75,124,30,2,22,424,27,225,36,1513,1132,657,1331,871,450,2119,1528,321,1026,1293,892,2585,2427,16632,163,206,366,146,47,212,210,26,818,142,73,1527,924,4860,52,4,28,5,0,15,7,1,1,2,3,36,13,167,629,1603,1463,401,249,1911,733,399,521,900,702,2137,1614,13262,1173,1407,1335,391,459,2155,307,403,1083,1328,272,3410,3526,17249,1,2,64,1,0,0,0,0,0,0,2,133,93,296,99,0,1,11,0,0,5,0,231,1,0,10,8,366,16,38,28,52,23,87,66,16,0,47,63,128,264,828,0,0,0,0,0,0,0,0,0,0,0,0,0,0,6.483738,2.458135,1.691442,0.920652,3.09973,1.803967,1.991025,1.194948,4.772497,3.101095,1.550528,1.481411,1.603616,1.962901,0.886393,0.955088,0.268381,0.065761,1.617251,0.487926,0.743764,0.064592,0.184249,0.490541,0.169549,0.428813,0.649068,0.458562,1.345482,0.110104,0.064283,0.416877,0.0,0.310643,0.123666,0.129184,0.105606,0.643532,0.203199,0.200707,0.439461,0.283289,2.238938,1.115123,0.286059,0.122127,0.187182,0.635661,0.754364,0.188676,1.017863,1.240924,0.221319,0.542865,0.665146,0.607634,1.440831,0.062734,0.049016,0.035229,0.561545,0.099023,0.053,0.0034,0.049433,1.029651,0.034945,0.143362,0.021437,0.143023,3.997599,0.841143,1.069506,1.022817,3.369272,1.692168,2.699456,0.545631,2.305359,3.13995,1.154483,1.647074,1.445219,1.572211,0.575626,0.263737,0.294094,0.171448,0.351902,0.169297,0.370999,0.044194,1.837996,0.344836,0.094481,0.972952,0.550219,0.459412,0.183635,0.005121,0.022499,0.005872,0,0.011979,0.012367,0.0017,0.002247,0.004857,0.003883,0.022938,0.007741,0.015988,2.221281,2.052287,1.175573,0.470895,1.864331,1.526065,1.294961,0.678214,1.170655,2.18558,0.908573,1.361623,0.961098,1.253648,4.142388,1.801352,1.07272,0.459152,3.436658,1.720916,0.542364,0.685013,2.433434,3.224945,0.35204,2.172736,2.099647,1.630536,0.003531,0.002561,0.051426,0.001174,0,0.0,0.0,0,0,0,0.002589,0.084743,0.055379,0.041216,0.349613,0,0.000804,0.012917,0,0.0,0.008833,0.0,0.519043,0.002428,0.0,0.006372,0.004764,0.051908,0.056503,0.048651,0.022499,0.061064,0.172207,0.069475,0.1166,0.027197,0,0.114136,0.081539,0.081557,0.157206,0.081708,0,0,0,0,0,0,0,0,0,0,0,0,0,0
105,1858,1925,2127,807,419,2237,1127,726,2084,1238,1207,2325,2660,20740,253,748,326,50,213,598,417,49,86,196,136,694,1078,4844,385,92,74,372,0,423,66,64,45,259,176,314,724,2994,621,872,380,104,26,802,435,99,450,520,179,846,1075,6409,397,42,62,17,70,116,29,2,25,420,24,210,30,1444,1114,649,1271,901,446,2109,1529,312,1015,1298,893,2600,2442,16579,163,201,340,154,47,204,213,32,818,145,55,1497,892,4761,55,4,25,0,0,17,5,2,1,3,3,35,20,170,620,1605,1466,378,247,1880,712,395,524,898,707,2133,1640,13205,1160,1394,1315,415,437,2131,305,393,1069,1319,259,3349,3489,17035,1,2,68,0,0,0,0,0,0,0,1,124,100,296,100,0,0,12,0,1,8,0,235,1,0,11,8,376,15,37,35,56,25,67,60,14,0,42,64,123,233,771,0,0,0,0,0,0,0,0,0,0,0,0,0,0,6.56143,2.464536,1.70912,0.947661,3.137167,1.786399,1.991025,1.234043,4.68262,3.006387,1.562176,1.481411,1.583965,1.960538,0.893456,0.957648,0.261953,0.058715,1.594789,0.477544,0.736697,0.083289,0.193237,0.475971,0.17602,0.442193,0.641923,0.4579,1.359607,0.117786,0.059462,0.43684,0.0,0.337795,0.1166,0.108786,0.101112,0.628961,0.22779,0.20007,0.431124,0.28664,2.193029,1.116403,0.305344,0.122127,0.194669,0.640452,0.768497,0.168279,1.011122,1.26278,0.231673,0.539042,0.640136,0.605838,1.401985,0.053772,0.049819,0.019963,0.524109,0.092634,0.051233,0.0034,0.056173,1.019937,0.031062,0.133805,0.017864,0.1365,3.934033,0.830901,1.021294,1.058046,3.339323,1.684182,2.701223,0.530333,2.280643,3.152092,1.155778,1.656631,1.454151,1.567201,0.575626,0.257336,0.273202,0.180842,0.351902,0.162908,0.376298,0.054393,1.837996,0.352121,0.071185,0.953837,0.531164,0.450054,0.19423,0.005121,0.020088,0.0,0,0.013576,0.008833,0.0034,0.002247,0.007285,0.003883,0.022301,0.01191,0.01772,2.189497,2.054847,1.177983,0.443886,1.849356,1.50131,1.257862,0.671415,1.177396,2.180723,0.915045,1.359075,0.97658,1.248259,4.096479,1.784708,1.056649,0.487335,3.271938,1.70175,0.538831,0.668015,2.401977,3.203089,0.335214,2.133869,2.077614,1.610307,0.003531,0.002561,0.05464,0.0,0,0.0,0.0,0,0,0,0.001294,0.079009,0.059548,0.04676,0.353145,0,0.0,0.014092,0,0.000799,0.014133,0.0,0.528031,0.002428,0.0,0.007009,0.004764,0.053268,0.052972,0.04737,0.028124,0.065761,0.187182,0.053504,0.106,0.023797,0,0.101994,0.082833,0.078371,0.138746,0.076083,0,0,0,0,0,0,0,0,0,0,0,0,0,0
106,1830,1877,2136,807,416,2245,1108,682,2079,1225,1148,2337,2686,20576,250,748,308,34,211,599,410,44,91,189,120,668,1013,4685,364,92,81,348,0,402,73,83,46,253,163,322,685,2912,627,858,350,105,24,803,429,92,450,498,150,849,1086,6321,396,46,61,22,76,120,27,4,23,402,25,224,40,1466,1123,646,1328,893,441,2104,1530,276,1007,1288,890,2620,2359,16505,161,214,362,169,50,201,209,33,805,142,68,1521,915,4850,55,6,26,1,0,13,7,2,1,3,2,37,15,168,619,1580,1446,415,243,1858,705,398,524,878,707,2155,1619,13147,1167,1381,1354,399,441,2049,303,404,1060,1295,277,3381,3478,16989,1,2,65,0,0,1,0,0,0,0,0,131,91,291,101,0,0,6,0,2,8,0,236,2,0,9,7,371,14,41,36,54,22,64,65,13,0,49,74,129,254,815,0,0,0,0,0,0,0,0,0,0,0,0,0,0,6.462549,2.403083,1.716352,0.947661,3.114705,1.792787,1.957459,1.159253,4.671385,2.974817,1.485815,1.489057,1.599447,1.945035,0.882862,0.957648,0.247489,0.039926,1.579814,0.478343,0.72433,0.074791,0.204471,0.458972,0.155312,0.425627,0.603217,0.44287,1.285447,0.117786,0.065086,0.408657,0.0,0.321025,0.128966,0.141082,0.103359,0.614391,0.210965,0.205167,0.407901,0.278789,2.214218,1.098479,0.281237,0.123302,0.179695,0.641251,0.757897,0.15638,1.011122,1.209354,0.19414,0.540954,0.646686,0.59752,1.398453,0.058893,0.049016,0.025835,0.569033,0.095828,0.0477,0.006799,0.05168,0.976226,0.032357,0.142725,0.023819,0.13858,3.965816,0.82706,1.067095,1.048651,3.301887,1.680189,2.702989,0.46914,2.262667,3.127808,1.151895,1.669375,1.404727,1.560206,0.568563,0.27398,0.29088,0.198457,0.374364,0.160512,0.369232,0.056093,1.808786,0.344836,0.08801,0.969129,0.54486,0.458467,0.19423,0.007682,0.020892,0.001174,0,0.010381,0.012367,0.0034,0.002247,0.007285,0.002589,0.023575,0.008932,0.016084,2.185966,2.02284,1.161912,0.487335,1.819407,1.483741,1.245495,0.676514,1.177396,2.132155,0.915045,1.373092,0.964075,1.242777,4.121199,1.768065,1.087987,0.468546,3.301887,1.636268,0.535298,0.686713,2.381755,3.144807,0.358511,2.154258,2.071064,1.605958,0.003531,0.002561,0.05223,0.0,0,0.000799,0.0,0,0,0,0.0,0.083469,0.054188,0.042733,0.356676,0,0.0,0.007046,0,0.001597,0.014133,0.0,0.530277,0.004857,0.0,0.005734,0.004168,0.05256,0.04944,0.052491,0.028927,0.063412,0.16472,0.051108,0.114833,0.022097,0,0.118993,0.095776,0.082194,0.151251,0.080425,0,0,0,0,0,0,0,0,0,0,0,0,0,0
107,1797,1860,2126,752,400,2253,1077,658,2056,1230,1193,2292,2609,20303,243,748,328,37,208,589,403,47,85,195,127,672,1052,4734,394,94,72,368,0,414,70,78,45,245,162,321,706,2969,615,873,348,87,28,808,417,100,453,503,151,827,1068,6278,385,45,64,25,73,120,26,4,23,403,30,203,39,1440,1110,663,1260,876,435,2063,1508,289,1007,1251,855,2561,2380,16258,168,214,374,167,48,198,211,37,798,144,68,1523,880,4830,58,4,18,2,0,11,5,1,1,1,2,26,17,146,624,1517,1458,394,254,1898,708,417,527,891,653,2152,1618,13111,1155,1344,1346,437,445,2005,303,421,1053,1281,308,3343,3480,16921,1,2,69,0,0,0,0,0,0,0,1,110,96,279,100,0,0,13,0,4,8,0,233,2,2,10,6,378,15,41,33,48,22,68,71,19,0,47,76,134,245,819,0,0,0,0,0,0,0,0,0,0,0,0,0,0,6.346011,2.381318,1.708317,0.883075,2.994909,1.799176,1.902692,1.118458,4.619706,2.986959,1.544057,1.460384,1.553596,1.919228,0.858142,0.957648,0.26356,0.043449,1.557353,0.470357,0.711964,0.07989,0.19099,0.473542,0.164372,0.428175,0.62644,0.447502,1.39139,0.120346,0.057855,0.432143,0.0,0.330608,0.123666,0.132583,0.101112,0.594963,0.209671,0.20453,0.420406,0.284246,2.17184,1.117683,0.27963,0.102164,0.209644,0.645244,0.736697,0.169978,1.017863,1.221496,0.195434,0.526936,0.635968,0.593455,1.359607,0.057613,0.051426,0.029358,0.546571,0.095828,0.045933,0.006799,0.05168,0.978654,0.038828,0.129345,0.023224,0.136122,3.919907,0.848825,1.012455,1.028688,3.256963,1.647448,2.664123,0.491238,2.262667,3.037956,1.106596,1.631782,1.417232,1.536857,0.593283,0.27398,0.300522,0.196108,0.359389,0.158117,0.372765,0.062892,1.793057,0.349693,0.08801,0.970404,0.524019,0.456577,0.204824,0.005121,0.014464,0.002349,0,0.008784,0.008833,0.0017,0.002247,0.002428,0.002589,0.016566,0.010123,0.013978,2.203623,1.942183,1.171555,0.462675,1.901767,1.515684,1.250795,0.70881,1.184137,2.163724,0.845154,1.371181,0.963479,1.239374,4.078822,1.720694,1.081559,0.51317,3.331836,1.601131,0.535298,0.715609,2.366026,3.110809,0.398633,2.130046,2.072255,1.59953,0.003531,0.002561,0.055444,0.0,0,0.0,0.0,0,0,0,0.001294,0.070088,0.057166,0.044075,0.353145,0,0.0,0.015266,0,0.003194,0.014133,0.0,0.523537,0.004857,0.002589,0.006372,0.003573,0.048268,0.052972,0.052491,0.026517,0.056366,0.16472,0.054303,0.125433,0.032296,0,0.114136,0.098364,0.08538,0.145892,0.08082,0,0,0,0,0,0,0,0,0,0,0,0,0,0
108,1754,1878,2082,755,412,2167,1089,684,2025,1210,1180,2273,2641,20150,239,747,300,36,203,574,394,45,80,186,126,654,1069,4653,375,88,73,347,0,413,77,84,46,259,165,325,666,2918,597,811,377,94,29,785,416,111,457,494,159,817,1071,6218,378,45,58,25,75,123,25,4,23,400,34,208,36,1434,1094,649,1227,864,438,2099,1487,324,980,1255,854,2576,2335,16182,164,200,366,162,50,187,211,30,788,139,57,1495,935,4784,62,4,23,3,0,12,5,4,1,2,3,28,24,171,607,1557,1424,399,238,1820,700,401,524,864,670,2132,1587,12923,1137,1339,1308,406,439,2043,309,441,1019,1251,274,3312,3453,16731,1,2,57,0,0,0,0,0,0,0,1,122,95,278,103,0,1,7,0,6,5,0,229,3,0,9,7,370,16,42,29,71,22,64,69,14,0,46,76,126,260,835,0,0,0,0,0,0,0,0,0,0,0,0,0,0,6.194159,2.404363,1.672961,0.886598,3.084756,1.730499,1.923892,1.162652,4.550051,2.938391,1.527231,1.448278,1.572651,1.904766,0.844016,0.956368,0.241061,0.042275,1.519916,0.458379,0.696064,0.07649,0.179755,0.451687,0.163077,0.416706,0.636563,0.439845,1.324293,0.112665,0.058658,0.407483,0.0,0.329809,0.136033,0.142782,0.103359,0.628961,0.213554,0.207079,0.396587,0.279364,2.108274,1.038306,0.302933,0.110384,0.217131,0.626877,0.73493,0.188676,1.026851,1.199641,0.205788,0.520565,0.637754,0.587783,1.334887,0.057613,0.046605,0.029358,0.561545,0.098224,0.044166,0.006799,0.05168,0.971369,0.044005,0.132531,0.021437,0.135555,3.863404,0.830901,0.985938,1.014597,3.279425,1.676196,2.627023,0.55073,2.202,3.04767,1.105301,1.641339,1.390435,1.529673,0.579157,0.256056,0.294094,0.190237,0.374364,0.149332,0.372765,0.050994,1.770588,0.337551,0.073773,0.952563,0.55677,0.452228,0.21895,0.005121,0.018481,0.003523,0,0.009583,0.008833,0.006799,0.002247,0.004857,0.003883,0.017841,0.014291,0.016371,2.143589,1.993394,1.144235,0.468546,1.781971,1.453396,1.236662,0.681613,1.177396,2.098157,0.867157,1.358438,0.94502,1.221602,4.015256,1.714293,1.051025,0.476766,3.286912,1.631476,0.545898,0.749605,2.28963,3.037956,0.354628,2.110293,2.056177,1.58157,0.003531,0.002561,0.045802,0.0,0,0.0,0.0,0,0,0,0.001294,0.077734,0.05657,0.043917,0.363739,0,0.000804,0.00822,0,0.004791,0.008833,0.0,0.514549,0.007285,0.0,0.005734,0.004168,0.044561,0.056503,0.053772,0.023303,0.083375,0.16472,0.051108,0.1219,0.023797,0,0.111707,0.098364,0.080283,0.154824,0.082398,0,0,0,0,0,0,0,0,0,0,0,0,0,0
109,1761,1808,1996,751,397,2182,1080,673,2006,1198,1183,2189,2614,19838,232,746,297,39,201,582,384,48,82,190,108,644,1054,4607,369,83,83,358,0,406,79,87,49,277,159,318,663,2931,590,835,328,99,28,780,418,85,453,490,159,808,1057,6130,381,36,63,22,79,117,22,4,21,388,27,206,29,1395,1090,645,1257,844,425,2100,1486,305,957,1225,871,2550,2312,16067,154,186,319,162,49,189,215,32,774,138,73,1471,922,4684,56,7,26,2,0,20,4,2,1,2,2,32,16,170,602,1504,1418,406,240,1900,702,411,513,857,693,2120,1612,12978,1123,1311,1296,438,427,2051,302,415,1035,1240,287,3265,3438,16628,1,1,49,1,0,1,0,0,0,0,1,120,101,275,102,0,1,12,0,3,7,0,224,1,1,11,6,368,17,48,31,59,25,63,62,17,0,51,58,130,260,821,0,0,0,0,0,0,0,0,0,0,0,0,0,0,6.218879,2.314744,1.603857,0.8819,2.972447,1.742477,1.907992,1.143955,4.507359,2.90925,1.531114,1.394756,1.556573,1.875272,0.819296,0.955088,0.23865,0.045798,1.504942,0.464767,0.678397,0.08159,0.184249,0.4614,0.13978,0.410335,0.627631,0.435497,1.303104,0.106263,0.066693,0.4204,0.0,0.324219,0.139566,0.147881,0.1101,0.672673,0.205788,0.202619,0.3948,0.280608,2.083554,1.069033,0.26356,0.116256,0.209644,0.622884,0.738464,0.144482,1.017863,1.189927,0.205788,0.51483,0.629418,0.579465,1.345482,0.04609,0.050623,0.025835,0.591494,0.093433,0.038867,0.006799,0.047186,0.942228,0.034945,0.131256,0.017269,0.131868,3.849278,0.82578,1.010044,0.991111,3.18209,1.676995,2.625256,0.518434,2.15032,2.974817,1.127304,1.624773,1.37674,1.518802,0.543843,0.238132,0.256328,0.190237,0.366876,0.15093,0.379832,0.054393,1.73913,0.335122,0.094481,0.937271,0.549028,0.442775,0.197761,0.008962,0.020892,0.002349,0,0.015971,0.007067,0.0034,0.002247,0.004857,0.002589,0.020389,0.009528,0.016275,2.125931,1.925539,1.139413,0.476766,1.796945,1.517281,1.240195,0.698611,1.152679,2.081158,0.896925,1.350792,0.959907,1.226801,3.965816,1.678445,1.041382,0.514344,3.197065,1.637865,0.533531,0.70541,2.325581,3.011244,0.371454,2.080347,2.047245,1.571833,0.003531,0.00128,0.039373,0.001174,0,0.000799,0.0,0,0,0,0.001294,0.07646,0.060143,0.032606,0.360208,0,0.000804,0.014092,0,0.002396,0.012367,0.0,0.503314,0.002428,0.001294,0.007009,0.003573,0.040547,0.060035,0.061453,0.02491,0.069284,0.187182,0.05031,0.109533,0.028896,0,0.12385,0.075067,0.082832,0.154824,0.081017,0,0,0,0,0,0,0,0,0,0,0,0,0,0
110,1747,1840,2023,748,384,2141,1056,684,1998,1173,1165,2193,2519,19671,228,720,304,36,197,571,388,48,79,170,135,629,1044,4549,371,77,69,361,0,421,61,77,47,273,185,328,668,2938,579,831,318,101,28,760,414,87,455,487,195,795,1012,6062,370,38,58,18,67,115,23,3,23,381,29,207,30,1362,1093,598,1282,905,423,2025,1453,300,945,1191,857,2537,2216,15825,154,192,346,148,52,190,212,37,779,137,69,1493,910,4719,56,7,31,2,0,15,6,1,1,1,3,33,23,179,596,1458,1442,422,238,1773,708,400,499,869,689,2067,1588,12749,1105,1283,1312,426,427,2009,290,398,1014,1223,279,3231,3313,16310,1,3,60,0,0,1,0,0,0,0,2,125,101,293,96,0,0,9,0,2,6,0,221,2,0,8,6,350,13,47,26,45,20,62,67,19,0,49,53,125,269,795,0,0,0,0,0,0,0,0,0,0,0,0,0,0,6.169439,2.355713,1.625552,0.878378,2.875112,1.709736,1.865593,1.162652,4.489383,2.848539,1.507817,1.397305,1.500003,1.859486,0.80517,0.921801,0.244275,0.042275,1.474993,0.455983,0.685464,0.08159,0.177508,0.412832,0.174726,0.400777,0.621677,0.430014,1.310167,0.098581,0.055444,0.423923,0.0,0.336198,0.107766,0.130883,0.105606,0.662959,0.239439,0.20899,0.397778,0.281278,2.044708,1.063912,0.255524,0.118604,0.209644,0.606912,0.731397,0.147881,1.022357,1.182642,0.252381,0.506547,0.602621,0.573037,1.306636,0.048651,0.046605,0.021137,0.501647,0.091835,0.040633,0.005099,0.05168,0.925229,0.037534,0.131893,0.017864,0.128749,3.859872,0.765607,1.030133,1.062743,3.167116,1.617102,2.566956,0.509935,2.123357,2.892251,1.109184,1.61649,1.319574,1.495926,0.543843,0.245813,0.278023,0.173797,0.389338,0.151728,0.374532,0.062892,1.750365,0.332694,0.089304,0.951289,0.541883,0.446084,0.197761,0.008962,0.02491,0.002349,0,0.011979,0.0106,0.0017,0.002247,0.002428,0.003883,0.021026,0.013696,0.017137,2.104743,1.866646,1.158698,0.495555,1.781971,1.415863,1.250795,0.679914,1.121222,2.110299,0.891748,1.317022,0.945615,1.205154,3.90225,1.642597,1.054239,0.500252,3.197065,1.604325,0.512331,0.676514,2.278396,2.96996,0.3611,2.058683,1.972811,1.541773,0.003531,0.003841,0.048212,0.0,0,0.000799,0.0,0,0,0,0.002589,0.079646,0.060143,0.038642,0.339019,0,0.0,0.010569,0,0.001597,0.0106,0.0,0.496573,0.004857,0.0,0.005097,0.003573,0.049585,0.045909,0.060173,0.020892,0.052844,0.149745,0.049511,0.118366,0.032296,0,0.118993,0.068596,0.079646,0.160183,0.078451,0,0,0,0,0,0,0,0,0,0,0,0,0,0
111,1720,1791,2003,736,370,2131,1058,661,1952,1168,1128,2176,2558,19452,224,724,316,39,202,557,384,41,81,182,119,631,1042,4542,367,77,74,339,0,402,75,66,45,255,166,333,699,2898,589,828,334,103,28,774,389,87,439,473,159,783,999,5985,357,42,57,22,71,116,24,1,22,379,26,217,28,1362,1077,626,1222,826,409,2025,1428,296,932,1195,800,2495,2281,15612,161,188,348,157,53,198,213,37,773,141,65,1459,905,4698,50,9,32,1,0,13,6,1,1,2,1,33,13,162,600,1463,1389,417,235,1818,706,394,507,860,677,2073,1563,12702,1101,1271,1263,420,419,2025,303,393,1019,1208,309,3230,3335,16296,1,3,63,0,0,0,0,0,0,0,2,131,101,301,98,0,0,5,0,1,5,0,212,2,0,8,5,336,11,51,29,52,22,72,63,11,0,44,52,139,257,803,0,0,0,0,0,0,0,0,0,0,0,0,0,0,6.07409,2.292979,1.609482,0.864286,2.770291,1.70175,1.869126,1.123557,4.386024,2.836397,1.45993,1.386473,1.523227,1.838784,0.791044,0.926922,0.253917,0.045798,1.512429,0.444803,0.678397,0.069691,0.182002,0.441973,0.154017,0.402052,0.620486,0.429352,1.296041,0.098581,0.059462,0.398088,0.0,0.321025,0.132499,0.112186,0.101112,0.619248,0.214848,0.212176,0.416237,0.277449,2.080023,1.060071,0.268381,0.120953,0.209644,0.618092,0.687231,0.147881,0.986406,1.148644,0.205788,0.498901,0.59488,0.565758,1.260727,0.053772,0.045802,0.025835,0.531596,0.092634,0.0424,0.0017,0.049433,0.920372,0.033651,0.138265,0.016673,0.128749,3.803369,0.801454,0.98192,0.969973,3.062294,1.617102,2.52279,0.503136,2.094147,2.901965,1.035411,1.589729,1.35828,1.475792,0.568563,0.240692,0.27963,0.184365,0.396825,0.158117,0.376298,0.062892,1.736883,0.342408,0.084127,0.929625,0.538905,0.444099,0.176572,0.011523,0.025713,0.001174,0,0.010381,0.0106,0.0017,0.002247,0.004857,0.001294,0.021026,0.007741,0.01551,2.118869,1.873048,1.116111,0.489684,1.759509,1.451798,1.247262,0.669715,1.139198,2.088443,0.876217,1.320845,0.930728,1.200711,3.888124,1.627234,1.014865,0.493207,3.137167,1.617102,0.535298,0.668015,2.28963,2.933534,0.399928,2.058046,1.985911,1.54045,0.003531,0.003841,0.050623,0.0,0,0.0,0.0,0,0,0,0.002589,0.083469,0.060143,0.04755,0.346082,0,0.0,0.005872,0,0.000799,0.008833,0.0,0.476351,0.004857,0.0,0.005097,0.002977,0.047601,0.038846,0.065294,0.023303,0.061064,0.16472,0.057497,0.1113,0.018698,0,0.106851,0.067302,0.088566,0.153037,0.079241,0,0,0,0,0,0,0,0,0,0,0,0,0,0
112,1715,1790,1983,726,384,2091,1058,658,1942,1193,1156,2172,2482,19350,218,718,317,37,198,540,379,46,77,176,115,613,1024,4458,363,77,80,356,0,406,74,77,43,266,155,339,667,2903,595,787,337,93,28,751,394,92,429,480,166,762,1023,5937,357,42,43,21,72,111,26,5,23,371,32,194,32,1329,1052,619,1210,836,402,1980,1406,297,928,1168,869,2453,2216,15436,155,195,338,143,53,189,209,36,771,144,73,1462,930,4698,67,7,22,0,0,18,4,4,1,2,4,33,15,177,607,1444,1415,380,233,1797,715,388,502,844,680,2088,1548,12641,1101,1277,1281,432,412,1992,289,412,1009,1184,315,3177,3275,16156,1,2,69,0,0,0,0,0,0,0,4,123,98,297,103,0,0,12,0,1,5,0,206,1,0,6,7,341,9,43,23,51,20,64,67,20,0,45,65,128,274,809,0,0,0,0,0,0,0,0,0,0,0,0,0,0,6.056433,2.291699,1.593411,0.852543,2.875112,1.669808,1.869126,1.118458,4.363555,2.897108,1.496169,1.383924,1.47797,1.829142,0.769856,0.91924,0.254721,0.043449,1.48248,0.431227,0.669564,0.07819,0.173014,0.427402,0.14884,0.390583,0.609767,0.421412,1.281915,0.098581,0.064283,0.418051,0.0,0.324219,0.130733,0.130883,0.096618,0.64596,0.200611,0.215999,0.397182,0.277928,2.101211,1.007579,0.270791,0.10921,0.209644,0.599725,0.696064,0.15638,0.963937,1.165643,0.214848,0.48552,0.609172,0.56122,1.260727,0.053772,0.034552,0.02466,0.539084,0.088641,0.045933,0.008499,0.05168,0.900945,0.041416,0.12361,0.019055,0.125629,3.715083,0.792492,0.972278,0.981716,3.009883,1.581167,2.483923,0.504836,2.085159,2.836397,1.124715,1.562968,1.319574,1.459154,0.547374,0.249654,0.271595,0.167925,0.396825,0.15093,0.369232,0.061192,1.73239,0.349693,0.094481,0.931537,0.553792,0.444099,0.236607,0.008962,0.017678,0.0,0,0.014374,0.007067,0.006799,0.002247,0.004857,0.005177,0.021026,0.008932,0.01845,2.143589,1.848722,1.137003,0.446235,1.744534,1.435028,1.263162,0.659516,1.127963,2.049588,0.880099,1.330402,0.921796,1.194945,3.888124,1.634916,1.029329,0.507298,3.084756,1.590749,0.510565,0.700311,2.267161,2.875252,0.407693,2.024276,1.950183,1.527215,0.003531,0.002561,0.055444,0.0,0,0.0,0.0,0,0,0,0.005177,0.078371,0.058357,0.046918,0.363739,0,0.0,0.014092,0,0.000799,0.008833,0.0,0.462869,0.002428,0.0,0.003823,0.004168,0.04831,0.031783,0.055052,0.018481,0.059889,0.149745,0.051108,0.118366,0.033996,0,0.109279,0.084127,0.081557,0.16316,0.079833,0,0,0,0,0,0,0,0,0,0,0,0,0,0
113,1673,1790,1983,753,372,2104,1043,672,1911,1140,1131,2122,2465,19159,215,730,306,37,196,547,368,44,71,179,125,604,1009,4431,357,71,82,340,0,384,77,68,41,270,173,336,639,2838,566,793,320,107,29,736,392,99,428,484,176,760,1022,5912,339,42,55,18,65,124,31,1,23,352,24,210,29,1313,1068,629,1177,838,395,1998,1393,285,929,1161,812,2461,2177,15323,157,203,321,174,50,192,201,41,762,138,80,1453,884,4656,63,5,22,0,0,11,4,6,1,2,2,26,15,157,603,1431,1393,376,230,1781,711,356,499,843,685,2020,1502,12430,1097,1255,1242,432,392,1990,293,442,987,1204,284,3191,3295,16104,1,2,61,0,0,0,0,0,0,0,3,122,106,295,100,0,0,11,0,2,5,0,206,2,1,8,6,341,12,44,35,53,22,69,66,18,0,43,72,123,250,807,0,0,0,0,0,0,0,0,0,0,0,0,0,0,5.908112,2.291699,1.593411,0.884249,2.785265,1.680189,1.842626,1.142255,4.2939,2.768401,1.463812,1.352066,1.467847,1.811087,0.759261,0.934603,0.245882,0.043449,1.467505,0.436817,0.650131,0.074791,0.159533,0.434688,0.161783,0.384848,0.600835,0.418859,1.260727,0.0909,0.06589,0.399263,0.0,0.30665,0.136033,0.115585,0.092124,0.655674,0.223908,0.214088,0.380509,0.271705,1.998799,1.015261,0.257131,0.12565,0.217131,0.587747,0.692531,0.168279,0.96169,1.175356,0.22779,0.484246,0.608576,0.558857,1.197161,0.053772,0.044194,0.021137,0.486673,0.099023,0.054766,0.0017,0.05168,0.854805,0.031062,0.133805,0.017269,0.124117,3.771586,0.805295,0.945761,0.984065,2.957472,1.595541,2.460957,0.484438,2.087406,2.819398,1.050942,1.568065,1.29635,1.448473,0.554437,0.259897,0.257935,0.204328,0.374364,0.153325,0.355099,0.069691,1.712167,0.335122,0.103541,0.925802,0.5264,0.440128,0.222481,0.006401,0.017678,0.0,0,0.008784,0.007067,0.010199,0.002247,0.004857,0.002589,0.016566,0.008932,0.016365,2.129463,1.832079,1.119325,0.441537,1.722072,1.422251,1.256095,0.605123,1.121222,2.04716,0.886571,1.287075,0.894404,1.174999,3.873998,1.60675,0.997991,0.507298,2.93501,1.589152,0.517631,0.751305,2.217728,2.92382,0.367571,2.033196,1.962092,1.5223,0.003531,0.002561,0.049016,0.0,0,0.0,0.0,0,0,0,0.003883,0.077734,0.06312,0.046602,0.353145,0,0.0,0.012917,0,0.001597,0.008833,0.0,0.462869,0.004857,0.001294,0.005097,0.003573,0.043543,0.042377,0.056332,0.028124,0.062238,0.16472,0.055101,0.1166,0.030596,0,0.104422,0.093187,0.078371,0.148869,0.079635,0,0,0,0,0,0,0,0,0,0,0,0,0,0
114,1622,1794,1991,720,356,2079,1023,658,1897,1156,1170,2052,2499,19017,207,724,318,39,185,542,362,35,72,161,112,592,993,4342,351,73,72,315,0,382,65,74,43,270,165,314,694,2818,566,802,331,90,25,747,391,89,428,467,150,757,1016,5859,324,39,43,22,73,118,25,2,24,380,27,201,27,1305,1044,616,1187,812,384,1916,1393,255,923,1149,866,2366,2190,15101,157,192,324,161,53,175,195,35,764,137,74,1444,877,4588,61,5,25,1,0,19,6,5,0,3,2,27,19,173,588,1396,1433,373,229,1704,698,386,485,845,673,2002,1497,12309,1083,1251,1255,423,394,1953,279,390,1000,1176,288,3106,3189,15787,1,1,69,0,0,1,0,0,0,0,0,119,106,297,93,0,0,10,0,5,6,0,209,2,0,8,6,339,14,48,31,63,19,62,65,17,0,45,57,124,240,785,0,0,0,0,0,0,0,0,0,0,0,0,0,0,5.728008,2.29682,1.599839,0.845497,2.665469,1.660225,1.807293,1.118458,4.262442,2.807256,1.514289,1.307464,1.488093,1.797664,0.73101,0.926922,0.255524,0.045798,1.385145,0.432824,0.639531,0.059492,0.16178,0.390976,0.144958,0.377202,0.591307,0.410446,1.239538,0.09346,0.057855,0.369905,0.0,0.305053,0.114833,0.125784,0.096618,0.655674,0.213554,0.20007,0.41326,0.26979,1.998799,1.026783,0.26597,0.105687,0.187182,0.596531,0.690764,0.151281,0.96169,1.134073,0.19414,0.482335,0.605003,0.553847,1.144189,0.049931,0.034552,0.025835,0.546571,0.094231,0.044166,0.0034,0.053927,0.9228,0.034945,0.12807,0.016078,0.123361,3.686831,0.788652,0.953797,0.953533,2.875112,1.530058,2.460957,0.433445,2.073924,2.790257,1.120832,1.507534,1.304092,1.427487,0.554437,0.245813,0.260346,0.189063,0.396825,0.13975,0.344499,0.059492,1.716661,0.332694,0.095776,0.920068,0.522232,0.4337,0.215418,0.006401,0.020088,0.001174,0,0.015173,0.0106,0.008499,0.0,0.007285,0.002589,0.017203,0.011314,0.0173,2.076491,1.787269,1.151466,0.438014,1.714585,1.360762,1.233128,0.656117,1.089765,2.052017,0.87104,1.275606,0.891427,1.163561,3.824558,1.601629,1.008437,0.49673,2.949985,1.559605,0.492898,0.662916,2.246939,2.855825,0.372748,1.979037,1.898972,1.492334,0.003531,0.00128,0.055444,0.0,0,0.000799,0.0,0,0,0,0.0,0.075823,0.06312,0.043614,0.328425,0,0.0,0.011743,0,0.003993,0.0106,0.0,0.46961,0.004857,0.0,0.005097,0.003573,0.048026,0.04944,0.061453,0.02491,0.073981,0.142258,0.049511,0.114833,0.028896,0,0.109279,0.073773,0.079009,0.142914,0.077464,0,0,0,0,0,0,0,0,0,0,0,0,0,0
115,1639,1717,1925,717,355,2064,1017,627,1887,1146,1196,2066,2475,18831,200,719,328,44,178,533,350,47,76,175,112,557,998,4317,341,74,66,316,0,396,76,67,43,272,186,323,687,2847,565,769,319,88,27,755,371,92,424,466,152,708,992,5728,312,39,55,26,63,106,24,2,23,355,27,200,25,1257,1018,618,1142,834,377,1940,1359,296,911,1128,840,2387,2154,15004,157,182,316,147,51,182,203,30,758,136,79,1374,879,4494,65,7,28,0,0,19,4,4,0,2,1,29,21,180,575,1401,1345,414,228,1779,690,384,498,858,669,2000,1506,12347,1070,1253,1268,433,382,1926,279,397,971,1157,308,3073,3225,15742,1,3,64,1,0,0,0,0,0,0,1,127,111,308,110,0,0,8,0,3,6,0,214,2,0,10,6,359,11,43,21,50,20,67,65,10,0,43,66,128,240,764,0,0,0,0,0,0,0,0,0,0,0,0,0,0,5.788043,2.198238,1.546806,0.841974,2.657981,1.648246,1.796693,1.065765,4.239973,2.782972,1.54794,1.316385,1.473802,1.780081,0.70629,0.92052,0.26356,0.051669,1.332734,0.425637,0.618331,0.07989,0.170767,0.424974,0.144958,0.354901,0.594285,0.408083,1.204224,0.094741,0.053033,0.371079,0.0,0.316233,0.134266,0.113886,0.096618,0.660531,0.240733,0.205805,0.409092,0.272566,1.995268,0.984534,0.256328,0.103339,0.202156,0.60292,0.655431,0.15638,0.952702,1.131645,0.196728,0.451113,0.590712,0.541464,1.101812,0.049931,0.044194,0.030532,0.471698,0.084648,0.0424,0.0034,0.05168,0.86209,0.034945,0.127433,0.014887,0.118823,3.595014,0.791212,0.917638,0.979368,2.822701,1.549224,2.40089,0.503136,2.046961,2.73926,1.087182,1.520915,1.282654,1.418318,0.554437,0.233011,0.253917,0.172622,0.381851,0.14534,0.358632,0.050994,1.703179,0.330265,0.102247,0.875466,0.523423,0.424815,0.229544,0.008962,0.022499,0.0,0,0.015173,0.007067,0.006799,0.0,0.004857,0.001294,0.018478,0.012505,0.019675,2.030582,1.79367,1.080755,0.486161,1.707098,1.420654,1.218995,0.652717,1.118975,2.083586,0.865862,1.274332,0.896786,1.167153,3.778649,1.604189,1.018883,0.508473,2.860138,1.538044,0.492898,0.674814,2.181777,2.809685,0.398633,1.958011,1.920409,1.48808,0.003531,0.003841,0.051426,0.001174,0,0.0,0.0,0,0,0,0.001294,0.08092,0.066098,0.042887,0.388459,0,0.0,0.009394,0,0.002396,0.0106,0.0,0.480845,0.004857,0.0,0.006372,0.003573,0.05086,0.038846,0.055052,0.016874,0.058715,0.149745,0.053504,0.114833,0.016998,0,0.104422,0.085421,0.081557,0.142914,0.075392,0,0,0,0,0,0,0,0,0,0,0,0,0,0
116,1630,1734,1895,726,355,2004,998,632,1879,1133,1144,2071,2472,18673,187,727,287,38,179,527,343,40,78,166,90,577,995,4234,332,68,73,332,0,402,80,69,43,269,165,324,677,2834,561,764,311,106,28,718,378,86,427,450,135,739,1022,5725,294,39,55,16,67,107,22,2,22,360,25,194,36,1239,993,615,1144,814,371,1916,1360,294,901,1146,843,2302,2180,14879,152,192,316,145,49,171,205,40,760,140,75,1372,865,4482,54,4,27,3,0,26,4,3,0,2,2,32,19,176,569,1403,1389,390,232,1705,664,359,492,864,627,1952,1510,12156,1034,1198,1245,396,381,1852,278,375,954,1176,295,3031,3225,15440,1,1,64,0,0,1,0,0,0,0,3,119,111,300,103,0,0,12,0,3,6,0,210,2,1,8,7,352,12,47,29,50,19,69,59,22,0,43,56,117,246,769,0,0,0,0,0,0,0,0,0,0,0,0,0,0,5.756259,2.220003,1.5227,0.852543,2.657981,1.600332,1.763126,1.074264,4.221998,2.751402,1.480638,1.319571,1.472016,1.765146,0.660381,0.930763,0.230615,0.044623,1.340222,0.420846,0.605964,0.067991,0.175261,0.403118,0.116484,0.367645,0.592498,0.400237,1.172441,0.087059,0.058658,0.389868,0.0,0.321025,0.141333,0.117285,0.096618,0.653246,0.213554,0.206442,0.403137,0.271322,1.981142,0.978133,0.2499,0.124476,0.209644,0.573373,0.667797,0.146181,0.959443,1.09279,0.174726,0.470866,0.608576,0.54118,1.038246,0.049931,0.044194,0.018789,0.501647,0.085447,0.038867,0.0034,0.049433,0.874232,0.032357,0.12361,0.021437,0.117122,3.506727,0.787371,0.919245,0.955881,2.777778,1.530058,2.402657,0.499737,2.024492,2.782972,1.091064,1.466756,1.298137,1.406502,0.53678,0.245813,0.253917,0.170274,0.366876,0.136555,0.362165,0.067991,1.707673,0.339979,0.09707,0.874192,0.515086,0.42368,0.190698,0.005121,0.021695,0.003523,0,0.020763,0.007067,0.005099,0.0,0.004857,0.002589,0.020389,0.011314,0.0176,2.009394,1.796231,1.116111,0.457978,1.737047,1.36156,1.173062,0.610223,1.105494,2.098157,0.811503,1.243748,0.899168,1.149098,3.651517,1.533774,1.000402,0.465023,2.85265,1.47895,0.491131,0.637419,2.143579,2.855825,0.381808,1.93125,1.920409,1.459532,0.003531,0.00128,0.051426,0.0,0,0.000799,0.0,0,0,0,0.003883,0.075823,0.066098,0.039565,0.363739,0,0.0,0.014092,0,0.002396,0.0106,0.0,0.471857,0.004857,0.001294,0.005097,0.004168,0.044948,0.042377,0.060173,0.023303,0.058715,0.142258,0.055101,0.104233,0.037395,0,0.104422,0.072479,0.074548,0.146487,0.075886,0,0,0,0,0,0,0,0,0,0,0,0,0,0
117,1619,1677,1920,697,342,2001,1020,665,1853,1127,1146,2039,2431,18537,182,721,295,33,178,507,343,40,79,169,123,563,1015,4248,341,72,76,341,0,400,78,67,45,274,163,296,641,2794,555,779,307,93,27,727,383,87,424,470,158,695,965,5670,295,40,51,23,64,103,26,2,21,358,24,201,29,1237,1025,604,1152,763,366,1880,1339,298,910,1120,823,2408,2106,14794,158,188,308,145,53,164,206,31,751,141,78,1351,874,4448,53,6,20,3,0,24,8,3,0,2,4,26,25,174,556,1378,1339,390,220,1729,674,370,488,838,709,1991,1480,12162,1060,1228,1241,408,389,1908,272,367,948,1179,304,3059,3156,15519,1,2,58,0,0,0,0,0,0,0,4,128,105,298,107,0,0,14,0,1,7,0,209,2,0,10,5,355,15,44,23,54,21,71,58,20,0,44,68,117,240,775,0,0,0,0,0,0,0,0,0,0,0,0,0,0,5.717414,2.147027,1.542788,0.818488,2.560647,1.597936,1.801993,1.130356,4.163577,2.736832,1.483226,1.299181,1.447601,1.75229,0.642723,0.923081,0.237043,0.038752,1.332734,0.404874,0.605964,0.067991,0.177508,0.410403,0.159194,0.358724,0.604408,0.40156,1.204224,0.09218,0.061069,0.400437,0.0,0.319428,0.137799,0.113886,0.101112,0.665388,0.210965,0.188601,0.3817,0.267492,1.959953,0.997337,0.246685,0.10921,0.202156,0.58056,0.676631,0.147881,0.952702,1.141358,0.204494,0.44283,0.574634,0.535981,1.041777,0.051211,0.04098,0.027009,0.479185,0.082253,0.045933,0.0034,0.047186,0.869375,0.031062,0.12807,0.017269,0.116933,3.619734,0.773288,0.925673,0.895992,2.740341,1.50131,2.365557,0.506536,2.044714,2.719833,1.065179,1.534295,1.254072,1.398467,0.557969,0.240692,0.247489,0.170274,0.396825,0.130965,0.363932,0.052693,1.687451,0.342408,0.100953,0.860811,0.520446,0.420466,0.187167,0.007682,0.016071,0.003523,0,0.019166,0.014133,0.005099,0.0,0.004857,0.005177,0.016566,0.014887,0.0174,1.963485,1.764224,1.075934,0.457978,1.6472,1.380726,1.190729,0.62892,1.096506,2.035018,0.917633,1.268597,0.881304,1.149665,3.743334,1.572182,0.997188,0.479115,2.912549,1.52367,0.480531,0.623821,2.130098,2.86311,0.393456,1.94909,1.879321,1.467,0.003531,0.002561,0.046605,0.0,0,0.0,0.0,0,0,0,0.005177,0.081557,0.062525,0.047076,0.377865,0,0.0,0.01644,0,0.000799,0.012367,0.0,0.46961,0.004857,0.0,0.006372,0.002977,0.050293,0.052972,0.056332,0.018481,0.063412,0.157233,0.056698,0.102466,0.033996,0,0.106851,0.08801,0.074548,0.142914,0.076478,0,0,0,0,0,0,0,0,0,0,0,0,0,0
118,1596,1642,1925,647,340,2000,1000,639,1851,1115,1186,2034,2329,18304,178,692,295,39,170,494,347,58,76,172,125,565,989,4200,344,59,76,330,0,398,76,79,42,273,176,320,639,2812,542,779,295,87,29,741,382,91,421,451,162,708,961,5649,296,42,45,25,64,95,28,4,25,373,35,193,35,1260,990,603,1139,723,379,1833,1327,307,911,1109,820,2326,2094,14561,159,179,315,154,47,165,180,32,761,135,62,1342,845,4376,69,7,19,2,0,13,6,5,0,2,0,33,25,181,563,1375,1357,387,232,1676,645,349,482,842,663,1936,1492,11999,1040,1213,1232,362,379,1857,273,391,931,1186,307,3012,3136,15319,1,2,58,1,0,1,0,0,0,0,2,114,109,288,101,0,0,7,0,2,5,0,204,2,1,8,7,337,16,47,24,42,19,58,58,13,0,46,63,125,236,747,0,0,0,0,0,0,0,0,0,0,0,0,0,0,5.63619,2.102217,1.546806,0.759773,2.545672,1.597138,1.76666,1.086162,4.159083,2.707691,1.534997,1.295995,1.386863,1.730264,0.628598,0.885953,0.237043,0.045798,1.272836,0.394493,0.613031,0.098587,0.170767,0.417689,0.161783,0.359999,0.588925,0.397023,1.214818,0.075536,0.061069,0.38752,0.0,0.31783,0.134266,0.134283,0.094371,0.662959,0.22779,0.203893,0.380509,0.269215,1.914045,0.997337,0.237043,0.102164,0.217131,0.59174,0.674864,0.15468,0.945961,1.095218,0.209671,0.451113,0.572252,0.533996,1.045308,0.053772,0.036159,0.029358,0.479185,0.075864,0.049466,0.006799,0.056173,0.905802,0.045299,0.122973,0.020842,0.119107,3.496133,0.772008,0.915227,0.84902,2.837676,1.463777,2.344357,0.521834,2.046961,2.69312,1.061296,1.482048,1.246926,1.376441,0.5615,0.22917,0.253114,0.180842,0.351902,0.131764,0.317999,0.054393,1.70992,0.327837,0.080244,0.855077,0.503177,0.41366,0.24367,0.008962,0.015267,0.002349,0,0.010381,0.0106,0.008499,0.0,0.004857,0.0,0.021026,0.014887,0.019615,1.988205,1.760383,1.090398,0.454455,1.737047,1.338402,1.139495,0.593225,1.083024,2.044732,0.858097,1.233553,0.88845,1.134257,3.672705,1.552978,0.989956,0.425097,2.837676,1.482943,0.482298,0.664616,2.0919,2.880109,0.397339,1.919144,1.867411,1.448094,0.003531,0.002561,0.046605,0.001174,0,0.000799,0.0,0,0,0,0.002589,0.072637,0.064907,0.034148,0.356676,0,0.0,0.00822,0,0.001597,0.008833,0.0,0.458375,0.004857,0.001294,0.005097,0.004168,0.043033,0.056503,0.060173,0.019285,0.049321,0.142258,0.046317,0.102466,0.022097,0,0.111707,0.081539,0.079646,0.140532,0.073715,0,0,0,0,0,0,0,0,0,0,0,0,0,0
119,1579,1672,1903,717,348,1951,992,625,1841,1088,1090,2033,2380,18219,179,697,300,35,173,503,331,37,73,168,125,559,988,4168,326,66,72,340,0,377,68,43,44,259,176,307,630,2708,529,776,294,93,27,731,372,75,414,444,148,709,966,5578,294,46,49,34,62,100,26,1,24,350,34,198,28,1246,978,588,1153,801,377,1851,1283,261,911,1128,793,2334,2133,14591,161,175,334,159,40,176,201,38,758,130,65,1283,863,4383,69,6,19,2,0,15,5,1,0,1,2,23,20,163,572,1379,1379,386,235,1715,650,320,471,843,673,1943,1490,12056,1038,1240,1237,407,383,1860,271,361,913,1163,301,2993,3127,15294,1,1,57,1,0,0,0,0,0,0,2,113,111,286,94,0,0,10,0,2,5,0,200,2,0,7,6,326,12,45,25,49,21,57,52,15,0,44,63,125,237,745,0,0,0,0,0,0,0,0,0,0,0,0,0,0,5.576156,2.140626,1.529128,0.841974,2.605571,1.558008,1.752526,1.062365,4.136614,2.642123,1.410748,1.295358,1.417232,1.722229,0.632129,0.892354,0.241061,0.041101,1.295298,0.40168,0.584764,0.062892,0.164027,0.407975,0.161783,0.356176,0.58833,0.393998,1.151252,0.084498,0.057855,0.399263,0.0,0.30106,0.120133,0.073091,0.098865,0.628961,0.22779,0.19561,0.37515,0.259259,1.868136,0.993496,0.236239,0.10921,0.202156,0.583754,0.657197,0.127484,0.930233,1.078219,0.191551,0.451751,0.575229,0.527284,1.038246,0.058893,0.039373,0.039926,0.464211,0.079857,0.045933,0.0017,0.053927,0.849948,0.044005,0.126159,0.016673,0.117784,3.453756,0.752804,0.926476,0.940616,2.822701,1.478151,2.266624,0.443644,2.046961,2.73926,1.026351,1.487145,1.270149,1.379277,0.568563,0.224049,0.268381,0.186714,0.299491,0.140548,0.355099,0.064592,1.703179,0.315695,0.084127,0.817484,0.513895,0.414322,0.24367,0.007682,0.015267,0.002349,0,0.011979,0.008833,0.0017,0.0,0.002428,0.002589,0.014655,0.01191,0.0163,2.019988,1.765504,1.108076,0.45328,1.759509,1.369546,1.148329,0.543931,1.058308,2.04716,0.87104,1.238013,0.887259,1.139645,3.665643,1.587545,0.993973,0.477941,2.867625,1.485338,0.478765,0.613622,2.051455,2.824255,0.389573,1.907037,1.862052,1.445731,0.003531,0.00128,0.045802,0.001174,0,0.0,0.0,0,0,0,0.002589,0.072,0.066098,0.039823,0.331956,0,0.0,0.011743,0,0.001597,0.008833,0.0,0.449388,0.004857,0.0,0.00446,0.003573,0.046185,0.042377,0.057613,0.020088,0.057541,0.157233,0.045518,0.091866,0.025497,0,0.106851,0.081539,0.079646,0.141128,0.073517,0,0,0,0,0,0,0,0,0,0,0,0,0,0
120,1566,1685,1893,705,341,1979,985,614,1848,1066,1080,2025,2385,18172,182,669,288,33,171,480,325,39,72,169,95,570,938,4031,328,65,70,331,0,358,67,51,45,258,193,300,626,2692,529,753,318,72,28,739,379,102,406,441,169,694,978,5608,296,39,52,15,64,94,27,2,22,351,24,180,36,1202,970,575,1079,783,373,1788,1305,282,919,1116,743,2333,2102,14368,164,182,325,142,47,165,199,28,759,134,69,1320,839,4373,63,4,24,1,0,16,4,4,0,2,2,31,17,168,562,1389,1346,376,242,1699,646,348,468,858,649,1924,1497,12004,1037,1187,1211,364,376,1888,269,372,895,1163,259,2970,3122,15113,1,2,66,0,0,1,0,0,0,0,3,127,112,312,96,0,0,8,0,1,5,0,202,1,0,8,5,326,13,49,29,51,21,63,53,18,0,44,63,123,227,754,0,0,0,0,0,0,0,0,0,0,0,0,0,0,5.530247,2.157269,1.521093,0.827883,2.55316,1.580368,1.74016,1.043667,4.152342,2.588698,1.397805,1.290261,1.420209,1.717787,0.642723,0.856506,0.231418,0.038752,1.280323,0.383313,0.574164,0.066292,0.16178,0.410403,0.122955,0.363185,0.558556,0.381048,1.158315,0.083218,0.056247,0.388694,0.0,0.285888,0.118366,0.086689,0.101112,0.626533,0.249793,0.19115,0.372768,0.257727,1.868136,0.96405,0.255524,0.08455,0.209644,0.590142,0.669564,0.173378,0.912257,1.070934,0.218731,0.442193,0.582375,0.53012,1.045308,0.049931,0.041784,0.017615,0.479185,0.075065,0.0477,0.0034,0.049433,0.852376,0.031062,0.11469,0.021437,0.113624,3.425504,0.73616,0.867015,0.919478,2.792752,1.427841,2.305491,0.479339,2.064937,2.710119,0.961638,1.486508,1.25169,1.358197,0.579157,0.233011,0.261149,0.166751,0.351902,0.131764,0.351565,0.047594,1.705426,0.325409,0.089304,0.841059,0.499604,0.413377,0.222481,0.005121,0.019285,0.001174,0,0.012777,0.007067,0.006799,0.0,0.004857,0.002589,0.019752,0.010123,0.0168,1.984674,1.778307,1.081559,0.441537,1.81192,1.356769,1.141262,0.591525,1.051567,2.083586,0.839977,1.225907,0.891427,1.13473,3.662111,1.519691,0.973082,0.427446,2.815214,1.507698,0.475231,0.63232,2.01101,2.824255,0.335214,1.892383,1.859075,1.428621,0.003531,0.002561,0.053033,0.0,0,0.000799,0.0,0,0,0,0.003883,0.08092,0.066693,0.041148,0.339019,0,0.0,0.009394,0,0.000799,0.008833,0.0,0.453882,0.002428,0.0,0.005097,0.002977,0.046185,0.045909,0.062734,0.023303,0.059889,0.157233,0.05031,0.093633,0.030596,0,0.106851,0.081539,0.078371,0.135173,0.074405,0,0,0,0,0,0,0,0,0,0,0,0,0,0
121,1588,1669,1881,685,340,1937,963,614,1826,1061,1040,1983,2363,17950,186,702,284,30,158,489,317,44,70,173,96,548,949,4046,338,71,74,326,0,344,66,66,44,249,184,310,621,2693,525,748,300,92,25,703,371,78,398,448,137,719,987,5531,296,40,53,23,63,102,25,1,25,347,29,191,29,1224,980,584,1110,771,367,1803,1274,302,930,1137,792,2292,2092,14434,168,180,324,132,49,167,189,26,753,140,62,1343,845,4378,58,6,24,1,0,19,5,3,0,2,3,24,20,165,559,1364,1329,367,218,1723,618,336,464,851,619,1960,1478,11886,1035,1205,1237,386,398,1869,262,393,909,1168,299,2985,3132,15278,1,1,58,1,0,1,0,0,0,0,1,135,110,308,110,0,0,9,0,0,6,0,200,2,0,7,4,338,13,44,26,50,23,59,51,11,0,47,64,123,219,730,0,0,0,0,0,0,0,0,0,0,0,0,0,0,5.607939,2.136785,1.51145,0.804397,2.545672,1.546828,1.701293,1.043667,4.10291,2.576556,1.346034,1.2635,1.407109,1.696801,0.656849,0.898756,0.228204,0.035229,1.182989,0.3905,0.560031,0.074791,0.157286,0.420117,0.124249,0.349167,0.565106,0.382466,1.193629,0.0909,0.059462,0.382822,0.0,0.274708,0.1166,0.112186,0.098865,0.604677,0.238145,0.197521,0.36979,0.257823,1.85401,0.957648,0.241061,0.108036,0.187182,0.561394,0.655431,0.132583,0.894282,1.087933,0.177314,0.458122,0.587734,0.522842,1.045308,0.051211,0.042587,0.027009,0.471698,0.081454,0.044166,0.0017,0.056173,0.842663,0.037534,0.121699,0.017269,0.115704,3.460819,0.747683,0.891924,0.905387,2.747829,1.43982,2.250724,0.513335,2.089653,2.761116,1.025057,1.460384,1.245735,1.364436,0.593283,0.23045,0.260346,0.155008,0.366876,0.133361,0.333899,0.044194,1.691945,0.339979,0.080244,0.855714,0.503177,0.413849,0.204824,0.007682,0.019285,0.001174,0,0.015173,0.008833,0.005099,0.0,0.004857,0.003883,0.015292,0.01191,0.0165,1.974079,1.7463,1.067899,0.430969,1.632225,1.375934,1.091796,0.571127,1.042579,2.066587,0.801149,1.248845,0.880113,1.123575,3.655048,1.542736,0.993973,0.45328,2.979934,1.492525,0.462865,0.668015,2.042467,2.836397,0.386985,1.90194,1.86503,1.444219,0.003531,0.00128,0.046605,0.001174,0,0.000799,0.0,0,0,0,0.001294,0.086017,0.065502,0.036519,0.388459,0,0.0,0.010569,0,0.0,0.0106,0.0,0.449388,0.004857,0.0,0.00446,0.002382,0.058212,0.045909,0.056332,0.020892,0.058715,0.172207,0.047116,0.0901,0.018698,0,0.114136,0.082833,0.078371,0.130409,0.072037,0,0,0,0,0,0,0,0,0,0,0,0,0,0
122,1555,1651,1868,667,340,1942,974,668,1811,1049,1060,1989,2312,17886,186,694,284,31,158,486,316,46,68,169,101,552,967,4058,337,73,58,301,0,343,74,66,41,248,185,306,645,2677,511,781,291,98,25,712,370,82,392,428,156,687,951,5484,286,40,41,17,69,96,22,0,23,347,24,186,26,1177,966,573,1098,715,372,1766,1295,268,934,1099,823,2274,2060,14243,168,181,337,137,46,165,194,35,752,138,65,1342,835,4395,47,6,23,0,0,18,7,3,0,2,2,29,21,158,562,1404,1297,347,226,1699,637,341,459,837,622,1944,1439,11814,1011,1220,1257,369,387,1875,248,370,906,1161,277,2985,3112,15178,1,1,62,0,0,2,0,0,0,0,5,120,105,296,98,0,0,8,0,3,6,0,200,2,0,9,7,333,12,48,19,42,22,55,55,20,0,46,53,131,246,749,0,0,0,0,0,0,0,0,0,0,0,0,0,0,5.491401,2.11374,1.501004,0.783259,2.545672,1.550821,1.720726,1.135456,4.069206,2.547415,1.37192,1.267323,1.37674,1.690751,0.656849,0.888513,0.228204,0.036403,1.182989,0.388105,0.558264,0.07819,0.152792,0.410403,0.130721,0.351716,0.575825,0.3836,1.190098,0.09346,0.046605,0.353465,0.0,0.273909,0.130733,0.112186,0.092124,0.602249,0.239439,0.194973,0.384082,0.256291,1.80457,0.999898,0.233829,0.115082,0.187182,0.568581,0.653664,0.139382,0.8808,1.039365,0.201905,0.437733,0.566297,0.518399,1.009994,0.051211,0.032945,0.019963,0.516622,0.076663,0.038867,0.0,0.05168,0.842663,0.031062,0.118513,0.015482,0.117813,3.411378,0.7336,0.882282,0.839626,2.785265,1.410273,2.287824,0.455542,2.098641,2.668836,1.065179,1.448915,1.22668,1.346381,0.593283,0.23173,0.270791,0.160879,0.344414,0.131764,0.342732,0.059492,1.689698,0.335122,0.084127,0.855077,0.497222,0.415456,0.165978,0.007682,0.018481,0.0,0,0.014374,0.012367,0.005099,0.0,0.004857,0.002589,0.018478,0.012505,0.01727,1.984674,1.797511,1.042186,0.407483,1.692123,1.356769,1.125362,0.579626,1.031345,2.032589,0.805032,1.23865,0.856889,1.116769,3.570293,1.56194,1.010044,0.433317,2.897574,1.497317,0.438132,0.62892,2.035726,2.819398,0.358511,1.90194,1.85312,1.434766,0.003531,0.00128,0.049819,0.0,0,0.001597,0.0,0,0,0,0.006471,0.07646,0.062525,0.039038,0.346082,0,0.0,0.009394,0,0.002396,0.0106,0.0,0.449388,0.004857,0.0,0.005734,0.004168,0.047176,0.042377,0.061453,0.015267,0.049321,0.16472,0.043921,0.097166,0.033996,0,0.111707,0.068596,0.083469,0.146487,0.073912,0,0,0,0,0,0,0,0,0,0,0,0,0,0
123,1534,1640,1897,633,342,1982,952,588,1791,1036,1046,1954,2340,17735,183,685,278,31,155,484,315,49,69,164,81,536,932,3962,341,69,68,295,0,340,66,57,40,255,165,274,627,2597,512,741,314,73,27,719,380,79,385,439,163,664,970,5466,289,40,45,21,67,97,26,1,24,353,21,192,29,1205,964,551,1112,784,370,1740,1273,258,924,1108,787,2283,2039,14193,166,176,323,148,45,170,193,24,742,137,70,1370,849,4413,62,4,20,2,0,12,4,2,0,2,3,26,17,154,560,1417,1316,336,229,1651,639,301,456,851,641,1915,1441,11753,995,1153,1209,355,377,1853,258,332,893,1171,291,2968,3035,14890,1,1,59,0,0,0,0,0,0,0,0,119,106,286,100,0,0,4,0,2,5,0,196,2,1,11,6,327,13,52,26,45,26,61,52,18,0,50,51,128,247,769,0,0,0,0,0,0,0,0,0,0,0,0,0,0,5.417241,2.099657,1.524307,0.743333,2.560647,1.582764,1.68186,0.999473,4.024267,2.515845,1.3538,1.245022,1.393413,1.676477,0.646255,0.876991,0.223383,0.036403,1.160527,0.386507,0.556498,0.083289,0.155039,0.398261,0.104835,0.341521,0.554983,0.374525,1.204224,0.088339,0.05464,0.346419,0.0,0.271513,0.1166,0.096888,0.089878,0.619248,0.213554,0.174583,0.373363,0.248632,1.808101,0.948686,0.25231,0.085724,0.202156,0.574171,0.671331,0.134283,0.865071,1.066077,0.210965,0.423078,0.577611,0.516697,1.020588,0.051211,0.036159,0.02466,0.501647,0.077461,0.045933,0.0017,0.053927,0.857233,0.02718,0.122336,0.017269,0.113908,3.404315,0.705434,0.893532,0.920652,2.770291,1.38951,2.248958,0.438544,2.076171,2.690692,1.018586,1.45465,1.214175,1.341654,0.58622,0.225329,0.259542,0.173797,0.336927,0.135757,0.340965,0.040795,1.667228,0.332694,0.090598,0.872917,0.505559,0.417158,0.21895,0.005121,0.016071,0.002349,0,0.009583,0.007067,0.0034,0.0,0.004857,0.003883,0.016566,0.010123,0.0154,1.977611,1.814155,1.057453,0.394565,1.714585,1.318437,1.128895,0.511635,1.024604,2.066587,0.829623,1.220173,0.85808,1.111003,3.51379,1.476161,0.971474,0.416877,2.822701,1.479748,0.455798,0.564328,2.006516,2.843682,0.376631,1.891108,1.807268,1.407541,0.003531,0.00128,0.047409,0.0,0,0.0,0.0,0,0,0,0.0,0.075823,0.06312,0.051462,0.353145,0,0.0,0.004697,0,0.001597,0.008833,0.0,0.4404,0.004857,0.001294,0.007009,0.003573,0.041756,0.045909,0.066574,0.020892,0.052844,0.194669,0.048713,0.091866,0.030596,0,0.121421,0.066007,0.081557,0.147082,0.075886,0,0,0,0,0,0,0,0,0,0,0,0,0,0
124,1518,1652,1831,629,341,1923,939,611,1793,1030,1038,1943,2318,17566,184,700,287,30,160,478,308,36,65,166,105,538,948,4005,344,76,55,294,0,331,70,61,41,251,167,281,640,2611,520,759,274,94,26,697,381,99,379,440,153,662,925,5409,286,42,38,22,62,98,24,0,21,355,25,189,32,1194,959,547,1104,744,375,1744,1253,288,917,1087,779,2245,2068,14110,163,188,346,131,44,163,191,28,733,137,65,1303,869,4361,55,5,24,1,0,17,5,2,0,2,1,24,13,149,567,1365,1304,376,232,1665,635,345,458,834,628,1902,1446,11757,1004,1156,1206,337,380,1876,266,368,892,1162,303,2898,3075,14923,1,1,70,1,0,2,0,0,0,0,2,123,110,310,93,0,0,12,0,1,5,0,195,3,0,10,7,326,12,49,26,45,24,61,58,24,0,46,56,127,240,768,0,0,0,0,0,0,0,0,0,0,0,0,0,0,5.360737,2.11502,1.471274,0.738636,2.55316,1.535648,1.658893,1.038568,4.028761,2.501275,1.343446,1.238013,1.380312,1.660502,0.649786,0.896195,0.230615,0.035229,1.197963,0.381716,0.544131,0.061192,0.146051,0.403118,0.135898,0.342795,0.564511,0.37859,1.214818,0.097301,0.044194,0.345245,0.0,0.264326,0.123666,0.103687,0.092124,0.609534,0.216142,0.179044,0.381104,0.249972,1.836353,0.971731,0.220169,0.110384,0.194669,0.556603,0.673097,0.168279,0.85159,1.068506,0.198022,0.421804,0.550815,0.511309,1.009994,0.053772,0.030534,0.025835,0.464211,0.07826,0.0424,0.0,0.047186,0.86209,0.032357,0.120424,0.019055,0.119514,3.386658,0.700312,0.887103,0.87368,2.807727,1.392704,2.213624,0.489538,2.060443,2.639695,1.008232,1.430437,1.231443,1.333809,0.575626,0.240692,0.278023,0.153834,0.32944,0.130167,0.337432,0.047594,1.647006,0.332694,0.084127,0.830227,0.517468,0.412242,0.19423,0.006401,0.019285,0.001174,0,0.013576,0.008833,0.0034,0.0,0.004857,0.001294,0.015292,0.007741,0.0149,2.002331,1.74758,1.04781,0.441537,1.737047,1.329617,1.121829,0.586426,1.029098,2.025304,0.812798,1.21189,0.861058,1.111381,3.545573,1.480002,0.969064,0.39574,2.845163,1.498115,0.469931,0.625521,2.004269,2.821827,0.392162,1.846507,1.831087,1.410661,0.003531,0.00128,0.056247,0.001174,0,0.001597,0.0,0,0,0,0.002589,0.078371,0.065502,0.036756,0.328425,0,0.0,0.014092,0,0.000799,0.008833,0.0,0.438153,0.007285,0.0,0.006372,0.004168,0.046185,0.042377,0.062734,0.020892,0.052844,0.179695,0.048713,0.102466,0.040795,0,0.111707,0.072479,0.08092,0.142914,0.075787,0,0,0,0,0,0,0,0,0,0,0,0,0,0
125,1499,1649,1912,671,340,1942,945,568,1799,1032,1018,1998,2296,17669,191,698,284,21,151,485,307,34,66,157,94,552,902,3942,340,67,56,299,0,320,67,58,40,238,159,274,629,2547,511,735,313,76,25,712,386,77,384,430,158,681,948,5436,290,38,48,19,65,104,25,0,22,345,29,197,23,1205,957,557,1111,683,393,1759,1266,265,921,1112,776,2239,2073,14112,169,182,301,115,48,162,202,24,744,125,61,1345,825,4303,51,6,21,0,0,20,6,7,0,2,3,30,20,166,571,1369,1312,342,225,1645,642,322,455,830,630,1950,1435,11728,1008,1202,1217,345,388,1884,252,344,871,1162,251,2960,3104,14988,1,1,66,0,0,1,0,0,0,0,3,123,96,291,101,0,0,11,0,3,3,0,200,3,1,11,6,339,13,41,31,53,26,56,53,15,0,46,55,129,241,759,0,0,0,0,0,0,0,0,0,0,0,0,0,0,5.29364,2.111179,1.53636,0.787956,2.545672,1.550821,1.669493,0.965477,4.042242,2.506132,1.317561,1.273057,1.367212,1.670238,0.674506,0.893634,0.228204,0.02466,1.130578,0.387306,0.542364,0.057793,0.148298,0.381262,0.121661,0.351716,0.537119,0.372635,1.200692,0.085779,0.044998,0.351116,0.0,0.255542,0.118366,0.098587,0.089878,0.577964,0.205788,0.174583,0.374554,0.243845,1.80457,0.941005,0.251507,0.089247,0.187182,0.568581,0.681931,0.130883,0.862824,1.044222,0.204494,0.43391,0.564511,0.513861,1.02412,0.048651,0.03857,0.022312,0.486673,0.083051,0.044166,0.0,0.049433,0.837806,0.037534,0.125522,0.013696,0.120616,3.379595,0.713115,0.892728,0.802048,2.942498,1.404683,2.236591,0.450443,2.06943,2.700406,1.004349,1.426614,1.234421,1.333998,0.596815,0.233011,0.241864,0.135045,0.359389,0.129368,0.356865,0.040795,1.671722,0.303553,0.07895,0.856988,0.491267,0.40676,0.180104,0.007682,0.016874,0.0,0,0.015971,0.0106,0.011898,0.0,0.004857,0.003883,0.019115,0.01191,0.018145,2.016457,1.752701,1.054239,0.401611,1.684636,1.313646,1.134195,0.54733,1.022357,2.01559,0.815386,1.242473,0.854507,1.10864,3.559699,1.538895,0.977903,0.405134,2.905061,1.504504,0.445198,0.584726,1.957083,2.821827,0.32486,1.886011,1.848356,1.416805,0.003531,0.00128,0.053033,0.0,0,0.000799,0.0,0,0,0,0.003883,0.078371,0.057166,0.038378,0.356676,0,0.0,0.012917,0,0.002396,0.0053,0.0,0.449388,0.007285,0.001294,0.007009,0.003573,0.043288,0.045909,0.052491,0.02491,0.062238,0.194669,0.04472,0.093633,0.025497,0,0.111707,0.071185,0.082194,0.14351,0.074899,0,0,0,0,0,0,0,0,0,0,0,0,0,0
126,1502,1628,1832,620,334,1876,966,574,1804,1052,1016,1949,2242,17395,185,681,269,28,160,490,301,47,68,167,112,536,921,3965,331,74,61,302,0,327,77,63,42,240,165,271,646,2599,506,752,287,76,26,680,384,89,387,435,140,675,919,5356,295,37,35,18,63,88,27,1,21,365,26,202,24,1202,970,570,1086,677,368,1687,1233,250,927,1071,742,2259,2031,13871,167,173,339,136,47,147,188,36,746,132,64,1330,862,4367,56,4,16,1,0,17,8,3,0,1,3,27,21,157,594,1379,1310,383,223,1600,621,316,459,813,595,1947,1448,11688,997,1163,1234,362,387,1880,244,367,890,1110,247,2972,3060,14913,1,1,66,0,0,2,0,0,0,0,1,122,116,309,98,0,0,4,0,0,2,0,198,3,0,10,6,321,11,42,30,46,25,51,50,13,0,43,45,124,243,723,0,0,0,0,0,0,0,0,0,0,0,0,0,0,5.304234,2.084294,1.472077,0.728067,2.500749,1.498115,1.706593,0.975676,4.053477,2.5547,1.314972,1.241836,1.335056,1.644337,0.653318,0.87187,0.216151,0.03288,1.197963,0.391299,0.531765,0.07989,0.152792,0.405547,0.144958,0.341521,0.548433,0.374809,1.168909,0.094741,0.049016,0.354639,0.0,0.261132,0.136033,0.107086,0.094371,0.582821,0.213554,0.172672,0.384677,0.248823,1.786912,0.962769,0.230615,0.089247,0.194669,0.543027,0.678397,0.151281,0.869565,1.056364,0.181197,0.430087,0.547242,0.506299,1.041777,0.04737,0.028124,0.021137,0.471698,0.070274,0.0477,0.0017,0.047186,0.886374,0.033651,0.128708,0.014291,0.113624,3.425504,0.729759,0.87264,0.795002,2.755316,1.347186,2.178291,0.424946,2.082912,2.60084,0.960344,1.439358,1.209411,1.311216,0.589752,0.221488,0.272399,0.159705,0.351902,0.11739,0.332132,0.061192,1.676216,0.320552,0.082833,0.847431,0.5133,0.412809,0.197761,0.005121,0.012857,0.001174,0,0.013576,0.014133,0.005099,0.0,0.002428,0.003883,0.017203,0.012505,0.0157,2.09768,1.765504,1.052632,0.449758,1.669662,1.27771,1.097096,0.537132,1.031345,1.974307,0.770087,1.240562,0.862249,1.104859,3.520853,1.488964,0.991563,0.425097,2.897574,1.50131,0.431065,0.623821,1.999775,2.695549,0.319683,1.893657,1.822155,1.409716,0.003531,0.00128,0.053033,0.0,0,0.001597,0.0,0,0,0,0.001294,0.077734,0.069075,0.040752,0.346082,0,0.0,0.004697,0,0.0,0.003533,0.0,0.444894,0.007285,0.0,0.006372,0.003573,0.055284,0.038846,0.053772,0.024106,0.054018,0.187182,0.040727,0.088333,0.022097,0,0.104422,0.058242,0.079009,0.144701,0.071346,0,0,0,0,0,0,0,0,0,0,0,0,0,0
127,1485,1646,1911,639,331,1845,934,576,1783,1025,995,1995,2253,17418,189,674,279,30,159,482,303,51,65,165,96,517,906,3916,334,57,72,267,0,322,65,63,40,239,155,282,636,2532,504,747,305,76,29,663,361,86,380,429,131,682,936,5329,288,38,38,17,62,91,25,0,21,346,25,190,28,1169,971,543,1086,743,369,1766,1237,245,917,1068,692,2290,2026,13953,164,169,319,114,50,164,188,27,745,127,72,1346,807,4292,58,5,22,1,0,16,6,5,0,3,1,28,13,158,588,1386,1317,349,229,1660,639,323,457,820,595,1954,1437,11754,1001,1139,1234,347,398,1866,247,319,871,1110,251,2983,3059,14825,1,1,71,0,0,1,0,0,0,0,3,118,113,308,98,0,0,6,0,0,4,0,194,3,0,11,6,322,10,46,22,38,23,59,52,12,0,44,57,115,237,715,0,0,0,0,0,0,0,0,0,0,0,0,0,0,5.2442,2.107339,1.535556,0.750379,2.478287,1.47336,1.65006,0.979076,4.006291,2.489133,1.287793,1.271146,1.341606,1.646511,0.667444,0.862908,0.224186,0.035229,1.190476,0.38491,0.535298,0.086689,0.146051,0.40069,0.124249,0.329415,0.539501,0.370177,1.179503,0.072976,0.057855,0.313539,0.0,0.257139,0.114833,0.107086,0.089878,0.580393,0.200611,0.179681,0.378722,0.242409,1.77985,0.956368,0.245078,0.089247,0.217131,0.529451,0.637764,0.146181,0.853837,1.041793,0.169549,0.434547,0.557365,0.503747,1.017057,0.048651,0.030534,0.019963,0.464211,0.07267,0.044166,0.0,0.047186,0.840234,0.032357,0.121062,0.016673,0.117012,3.429036,0.695191,0.87264,0.872506,2.762803,1.410273,2.185358,0.416447,2.060443,2.593555,0.895631,1.45911,1.206434,1.318967,0.579157,0.216367,0.256328,0.13387,0.374364,0.130965,0.332132,0.045894,1.673969,0.30841,0.093187,0.857625,0.480549,0.40572,0.204824,0.006401,0.017678,0.001174,0,0.012777,0.0106,0.008499,0.0,0.007285,0.001294,0.017841,0.007741,0.0158,2.076491,1.774466,1.058256,0.409831,1.714585,1.325624,1.128895,0.54903,1.026851,1.991306,0.770087,1.245022,0.855698,1.111097,3.534979,1.458237,0.991563,0.407483,2.979934,1.49013,0.436365,0.542231,1.957083,2.695549,0.32486,1.900666,1.82156,1.401397,0.003531,0.00128,0.057051,0.0,0,0.000799,0.0,0,0,0,0.003883,0.075186,0.067289,0.04062,0.346082,0,0.0,0.007046,0,0.0,0.007067,0.0,0.435906,0.007285,0.0,0.007009,0.003573,0.055456,0.035314,0.058893,0.017678,0.044623,0.172207,0.047116,0.091866,0.020397,0,0.106851,0.073773,0.073274,0.141128,0.070557,0,0,0,0,0,0,0,0,0,0,0,0,0,0
128,1468,1591,1822,623,330,1884,919,576,1748,1036,1041,1909,2293,17240,188,663,278,45,158,477,301,37,63,171,101,525,909,3916,329,59,66,292,0,302,65,64,41,245,153,276,611,2503,508,734,297,88,29,664,369,81,374,417,156,661,950,5328,290,39,52,12,65,91,25,1,20,345,27,191,35,1193,942,551,1072,700,374,1729,1246,255,905,1076,727,2218,2009,13804,160,179,313,128,44,173,182,29,745,130,72,1296,847,4298,54,2,16,1,0,10,7,3,0,4,1,23,17,138,594,1356,1282,381,225,1638,629,346,454,807,627,1940,1414,11693,960,1138,1205,365,391,1844,244,361,867,1137,235,2896,3049,14692,1,0,68,0,0,1,0,0,0,0,4,116,118,308,102,0,0,9,0,1,5,0,197,2,0,10,7,333,12,39,23,50,24,61,55,16,0,48,51,118,252,749,0,0,0,0,0,0,0,0,0,0,0,0,0,0,5.184165,2.036923,1.464042,0.73159,2.4708,1.504504,1.62356,0.979076,3.927649,2.515845,1.347329,1.21635,1.365425,1.629685,0.663912,0.848825,0.223383,0.052844,1.182989,0.380917,0.531765,0.062892,0.141557,0.41526,0.130721,0.334512,0.541287,0.370177,1.161846,0.075536,0.053033,0.342896,0.0,0.241168,0.114833,0.108786,0.092124,0.594963,0.198022,0.175858,0.363836,0.239632,1.793975,0.939724,0.23865,0.103339,0.217131,0.53025,0.651897,0.137683,0.840355,1.012652,0.201905,0.421167,0.565702,0.503652,1.02412,0.049931,0.041784,0.014092,0.486673,0.07267,0.044166,0.0017,0.044939,0.837806,0.034945,0.121699,0.020842,0.112773,3.326624,0.705434,0.86139,0.822011,2.80024,1.380726,2.201258,0.433445,2.033479,2.612982,0.94093,1.413234,1.19631,1.304883,0.565032,0.22917,0.251507,0.150311,0.32944,0.138152,0.321532,0.049294,1.673969,0.315695,0.093187,0.825767,0.504368,0.406287,0.190698,0.002561,0.012857,0.001174,0,0.007986,0.012367,0.005099,0.0,0.009714,0.001294,0.014655,0.010123,0.0138,2.09768,1.736058,1.030133,0.447409,1.684636,1.308056,1.111229,0.588125,1.02011,1.959737,0.811503,1.236102,0.842002,1.105331,3.39019,1.456957,0.96826,0.42862,2.927523,1.472561,0.431065,0.613622,1.948096,2.761116,0.304152,1.845232,1.815605,1.388825,0.003531,0.0,0.05464,0.0,0,0.000799,0.0,0,0,0,0.005177,0.073911,0.070266,0.045285,0.360208,0,0.0,0.010569,0,0.000799,0.008833,0.0,0.442647,0.004857,0.0,0.006372,0.004168,0.047176,0.042377,0.049931,0.018481,0.058715,0.179695,0.048713,0.097166,0.027197,0,0.116564,0.066007,0.075186,0.15006,0.073912,0,0,0,0,0,0,0,0,0,0,0,0,0,0
129,1485,1613,1813,618,317,1886,924,584,1749,1014,1005,1957,2250,17215,184,666,281,38,160,476,305,45,62,157,82,542,908,3906,328,66,69,273,0,307,74,57,41,244,160,275,655,2549,508,727,319,62,28,667,359,80,381,421,116,677,929,5274,287,38,49,10,64,87,23,0,21,353,25,196,27,1180,948,562,1055,702,361,1727,1228,255,897,1061,704,2273,2042,13815,167,172,320,121,47,146,202,29,733,125,57,1311,831,4261,44,4,20,0,0,14,8,3,0,4,0,28,24,149,586,1341,1284,365,222,1657,622,338,467,802,596,1896,1437,11613,965,1148,1197,342,384,1847,239,378,851,1099,269,2918,3050,14687,1,1,79,0,0,1,0,0,0,0,2,107,112,303,105,0,0,6,0,4,2,0,192,1,1,12,7,330,10,42,31,42,25,61,62,22,0,47,57,114,244,757,0,0,0,0,0,0,0,0,0,0,0,0,0,0,5.2442,2.065089,1.45681,0.725718,2.373465,1.506101,1.632393,0.992674,3.929896,2.46242,1.300735,1.246934,1.33982,1.627322,0.649786,0.852666,0.225793,0.044623,1.197963,0.380119,0.538831,0.07649,0.13931,0.381262,0.10613,0.345344,0.540692,0.369231,1.158315,0.084498,0.055444,0.320584,0.0,0.245161,0.130733,0.096888,0.092124,0.592535,0.207082,0.175221,0.390037,0.244036,1.793975,0.930763,0.256328,0.072807,0.209644,0.532645,0.634231,0.135983,0.856084,1.022366,0.150135,0.431361,0.553197,0.498548,1.013525,0.048651,0.039373,0.011743,0.479185,0.069475,0.040633,0.0,0.047186,0.857233,0.032357,0.124885,0.016078,0.118113,3.347812,0.719517,0.84773,0.82436,2.702905,1.379129,2.169458,0.433445,2.015504,2.576556,0.911162,1.448278,1.215961,1.305922,0.589752,0.220208,0.257131,0.14209,0.351902,0.116591,0.356865,0.049294,1.647006,0.303553,0.073773,0.835324,0.49484,0.402789,0.155384,0.005121,0.016071,0.0,0,0.01118,0.014133,0.005099,0.0,0.009714,0.0,0.017841,0.014291,0.017789,2.069428,1.716854,1.03174,0.42862,1.662174,1.323229,1.098862,0.574527,1.04932,1.947595,0.771381,1.208067,0.855698,1.097769,3.407847,1.46976,0.961832,0.401611,2.875112,1.474957,0.422232,0.642518,1.912145,2.668836,0.348157,1.85925,1.816201,1.388352,0.003531,0.00128,0.063479,0.0,0,0.000799,0.0,0,0,0,0.002589,0.068177,0.066693,0.039961,0.370802,0,0.0,0.007046,0,0.003194,0.003533,0.0,0.431412,0.002428,0.001294,0.007646,0.004168,0.042139,0.035314,0.053772,0.02491,0.049321,0.187182,0.048713,0.109533,0.037395,0,0.114136,0.073773,0.072637,0.145296,0.074701,0,0,0,0,0,0,0,0,0,0,0,0,0,0
130,1467,1565,1817,603,312,1825,914,615,1736,990,1009,1952,2254,17059,186,677,277,34,157,474,294,45,60,161,94,531,896,3886,335,71,75,264,0,318,77,58,40,234,155,278,615,2520,507,730,294,72,27,689,350,72,377,414,130,658,940,5260,288,30,43,16,62,89,21,1,18,353,15,191,33,1160,940,549,1039,710,369,1674,1239,247,885,1052,737,2185,2013,13639,159,174,323,135,45,169,188,30,735,127,44,1280,833,4242,53,5,13,1,0,11,8,4,0,4,2,31,18,150,586,1334,1255,348,215,1626,642,343,456,801,588,1895,1406,11495,966,1130,1193,350,375,1774,240,349,860,1095,241,2880,3006,14459,1,1,60,0,0,1,0,0,0,0,2,112,113,290,102,0,0,10,0,5,3,0,189,3,1,9,8,330,10,44,26,52,21,59,61,14,0,48,45,117,241,738,0,0,0,0,0,0,0,0,0,0,0,0,0,0,5.180634,2.003636,1.460024,0.708104,2.336029,1.457388,1.614727,1.045367,3.900685,2.404138,1.305912,1.243748,1.342202,1.612575,0.656849,0.866749,0.222579,0.039926,1.175502,0.378522,0.519398,0.07649,0.134816,0.390976,0.121661,0.338335,0.533546,0.367341,1.183035,0.0909,0.060265,0.310016,0.0,0.253945,0.136033,0.098587,0.089878,0.568251,0.200611,0.177132,0.366217,0.24126,1.790444,0.934603,0.236239,0.08455,0.202156,0.550214,0.618331,0.122384,0.847096,1.005367,0.168254,0.419255,0.559747,0.497224,1.017057,0.038408,0.034552,0.018789,0.464211,0.071073,0.0371,0.0017,0.040445,0.857233,0.019414,0.121699,0.019651,0.109654,3.319561,0.702873,0.834873,0.833754,2.762803,1.336804,2.188891,0.419847,1.988541,2.5547,0.953872,1.392207,1.198692,1.289285,0.5615,0.222768,0.259542,0.158531,0.336927,0.134958,0.332132,0.050994,1.6515,0.30841,0.056948,0.815572,0.496031,0.400993,0.187167,0.006401,0.010446,0.001174,0,0.008784,0.014133,0.006799,0.0,0.009714,0.002589,0.019752,0.010719,0.015,2.069428,1.707892,1.008437,0.408657,1.609763,1.298473,1.134195,0.583026,1.024604,1.945166,0.761027,1.207429,0.837239,1.086614,3.411378,1.446715,0.958618,0.411006,2.807727,1.416661,0.423998,0.593225,1.932367,2.659122,0.311918,1.835038,1.79,1.366799,0.003531,0.00128,0.048212,0.0,0,0.000799,0.0,0,0,0,0.002589,0.071363,0.067289,0.038246,0.360208,0,0.0,0.011743,0,0.003993,0.0053,0.0,0.424671,0.007285,0.001294,0.005734,0.004764,0.042139,0.035314,0.056332,0.020892,0.061064,0.157233,0.047116,0.107766,0.023797,0,0.116564,0.058242,0.074548,0.14351,0.072826,0,0,0,0,0,0,0,0,0,0,0,0,0,0
131,1457,1559,1800,605,310,1847,880,584,1713,995,1030,1942,2268,16990,183,667,293,32,153,470,306,42,57,159,110,520,933,3925,329,65,70,304,0,327,82,65,39,243,173,256,610,2563,508,723,308,81,26,668,359,87,369,409,146,667,944,5295,279,36,39,17,61,85,22,1,18,350,15,170,31,1124,944,519,1061,721,353,1720,1221,236,872,1059,686,2192,1991,13575,163,166,314,148,41,181,185,33,735,127,68,1301,813,4275,56,5,12,1,0,17,8,0,0,4,3,30,20,156,602,1302,1249,344,215,1595,622,331,458,795,605,1897,1391,11406,981,1148,1187,338,383,1761,235,341,834,1088,260,2876,2985,14417,1,1,69,0,0,0,0,0,0,0,3,111,107,292,98,0,0,10,0,4,5,0,192,2,1,9,9,330,10,45,21,51,19,61,54,15,0,45,62,121,250,754,0,0,0,0,0,0,0,0,0,0,0,0,0,0,5.145319,1.995954,1.446364,0.710452,2.321054,1.474957,1.55466,0.992674,3.849006,2.41628,1.333092,1.237376,1.350539,1.606053,0.646255,0.853946,0.235436,0.037578,1.145553,0.375327,0.540598,0.071391,0.128075,0.386119,0.142369,0.331326,0.555579,0.371028,1.161846,0.083218,0.056247,0.356988,0.0,0.261132,0.144866,0.110486,0.087631,0.590107,0.223908,0.163114,0.36324,0.245377,1.793975,0.925641,0.247489,0.095118,0.194669,0.533444,0.634231,0.147881,0.82912,0.993225,0.188963,0.42499,0.562129,0.500533,0.985274,0.04609,0.031338,0.019963,0.456724,0.067878,0.038867,0.0017,0.040445,0.849948,0.019414,0.108318,0.01846,0.106251,3.333686,0.664465,0.852551,0.846671,2.643007,1.373539,2.157091,0.401149,1.95933,2.571699,0.887865,1.396668,1.185592,1.283235,0.575626,0.212526,0.25231,0.173797,0.306978,0.144541,0.326832,0.056093,1.6515,0.30841,0.08801,0.828953,0.484122,0.404113,0.197761,0.006401,0.009642,0.001174,0,0.013576,0.014133,0.0,0.0,0.009714,0.003883,0.019115,0.01191,0.016575,2.125931,1.666923,1.003616,0.40396,1.609763,1.273717,1.098862,0.562629,1.029098,1.930596,0.78303,1.208704,0.828307,1.078201,3.46435,1.46976,0.953797,0.396914,2.867625,1.40628,0.415165,0.579626,1.873947,2.642123,0.336509,1.832489,1.777495,1.362829,0.003531,0.00128,0.055444,0.0,0,0.0,0.0,0,0,0,0.003883,0.070725,0.063716,0.046128,0.346082,0,0.0,0.011743,0,0.003194,0.008833,0.0,0.431412,0.004857,0.001294,0.005734,0.005359,0.042139,0.035314,0.057613,0.016874,0.059889,0.142258,0.048713,0.0954,0.025497,0,0.109279,0.080244,0.077097,0.148869,0.074405,0,0,0,0,0,0,0,0,0,0,0,0,0,0
132,1462,1541,1807,633,309,1820,865,596,1680,992,985,1911,2238,16839,184,655,259,39,148,460,306,37,57,159,89,516,891,3800,330,58,68,289,0,335,84,64,38,250,155,259,604,2534,504,712,306,69,26,670,349,94,366,412,148,648,934,5238,276,36,41,17,63,90,19,1,18,330,27,182,30,1130,914,526,1034,676,352,1717,1199,256,854,1027,673,2185,1955,13368,159,170,309,139,41,169,187,34,732,129,66,1320,818,4273,47,5,11,0,0,13,8,2,0,3,2,26,19,136,579,1315,1280,336,210,1644,625,323,453,785,588,1867,1384,11389,955,1132,1138,358,373,1748,235,381,830,1068,256,2846,2941,14261,1,1,79,0,0,1,0,0,0,0,0,113,107,302,94,0,0,8,0,2,7,0,191,3,1,10,9,325,12,44,27,36,20,61,45,17,0,46,58,121,240,727,0,0,0,0,0,0,0,0,0,0,0,0,0,0,5.162976,1.972909,1.451989,0.743333,2.313567,1.453396,1.528161,1.013071,3.774857,2.408995,1.27485,1.217624,1.332674,1.591779,0.649786,0.838582,0.208116,0.045798,1.108116,0.367342,0.540598,0.062892,0.128075,0.386119,0.115189,0.328778,0.530569,0.359211,1.165378,0.074256,0.05464,0.339373,0.0,0.267521,0.148399,0.108786,0.085384,0.607106,0.200611,0.165026,0.359667,0.2426,1.77985,0.911558,0.245882,0.081027,0.194669,0.535041,0.616564,0.15978,0.82238,1.00051,0.191551,0.412883,0.556174,0.495145,0.97468,0.04609,0.032945,0.019963,0.471698,0.071871,0.033567,0.0017,0.040445,0.801379,0.034945,0.115964,0.017864,0.106818,3.227743,0.673427,0.830856,0.793828,2.63552,1.371143,2.118225,0.435145,1.918886,2.49399,0.87104,1.392207,1.164155,1.263668,0.5615,0.217647,0.248292,0.163228,0.306978,0.134958,0.330365,0.057793,1.644759,0.313266,0.085421,0.841059,0.487099,0.403924,0.165978,0.006401,0.008839,0.0,0,0.010381,0.014133,0.0034,0.0,0.007285,0.002589,0.016566,0.011314,0.014866,2.044708,1.683566,1.028526,0.394565,1.572327,1.312847,1.104162,0.54903,1.017863,1.906311,0.761027,1.189589,0.824138,1.076594,3.372532,1.449275,0.914423,0.4204,2.792752,1.395899,0.415165,0.647618,1.864959,2.593555,0.331332,1.813374,1.751294,1.348082,0.003531,0.00128,0.063479,0.0,0,0.000799,0.0,0,0,0,0.0,0.072,0.063716,0.044348,0.331956,0,0.0,0.009394,0,0.001597,0.012367,0.0,0.429165,0.007285,0.001294,0.006372,0.005359,0.0415,0.042377,0.056332,0.021695,0.042275,0.149745,0.048713,0.0795,0.028896,0,0.111707,0.075067,0.077097,0.142914,0.071741,0,0,0,0,0,0,0,0,0,0,0,0,0,0
133,1453,1557,1765,607,298,1863,889,565,1663,968,998,1890,2173,16689,182,655,272,28,150,458,297,32,58,155,112,519,882,3800,341,63,56,284,0,338,79,63,39,242,156,261,601,2523,498,697,297,67,28,666,355,85,367,403,130,639,911,5143,274,32,38,13,63,92,19,0,18,348,9,186,32,1124,921,525,1045,725,350,1711,1207,236,850,1035,728,2169,1981,13483,162,177,309,124,42,151,191,28,733,122,72,1300,833,4244,46,5,15,0,0,12,8,4,0,3,2,32,17,144,595,1279,1195,366,202,1598,648,321,454,798,609,1863,1339,11267,965,1148,1162,374,377,1769,236,369,821,1063,261,2825,2925,14295,1,1,75,0,0,0,0,0,0,0,3,126,106,312,102,0,0,8,0,3,4,0,190,2,0,11,7,327,10,47,23,48,19,55,49,17,0,47,56,118,228,717,0,0,0,0,0,0,0,0,0,0,0,0,0,0,5.131193,1.993394,1.41824,0.712801,2.231207,1.487734,1.57056,0.960378,3.736659,2.350713,1.291675,1.204244,1.293968,1.5776,0.642723,0.838582,0.218562,0.03288,1.123091,0.365745,0.524698,0.054393,0.130322,0.376405,0.144958,0.330689,0.525209,0.359211,1.204224,0.080658,0.044998,0.333502,0.0,0.269916,0.139566,0.107086,0.087631,0.587678,0.201905,0.1663,0.357881,0.241547,1.758661,0.892354,0.23865,0.078678,0.209644,0.531847,0.627164,0.144482,0.824626,0.978654,0.168254,0.407149,0.542478,0.486164,0.967617,0.040969,0.030534,0.015266,0.471698,0.073468,0.033567,0.0,0.040445,0.845091,0.011648,0.118513,0.019055,0.112508,3.252463,0.672146,0.839695,0.851369,2.620545,1.366351,2.132358,0.401149,1.909898,2.513417,0.942224,1.382013,1.179637,1.274539,0.572095,0.226609,0.248292,0.145613,0.314465,0.120584,0.337432,0.047594,1.647006,0.296268,0.093187,0.828316,0.496031,0.401182,0.162447,0.006401,0.012053,0.0,0,0.009583,0.014133,0.006799,0.0,0.007285,0.002589,0.020389,0.010123,0.01574,2.101211,1.637476,0.960225,0.429794,1.512429,1.276113,1.144795,0.545631,1.02011,1.937881,0.788207,1.18704,0.797342,1.065062,3.407847,1.46976,0.933708,0.439189,2.822701,1.412668,0.416932,0.62722,1.844737,2.581413,0.337803,1.799994,1.741766,1.351296,0.003531,0.00128,0.060265,0.0,0,0.0,0.0,0,0,0,0.003883,0.080283,0.06312,0.049288,0.360208,0,0.0,0.009394,0,0.002396,0.007067,0.0,0.426918,0.004857,0.0,0.007009,0.004168,0.046326,0.035314,0.060173,0.018481,0.056366,0.142258,0.043921,0.086566,0.028896,0,0.114136,0.072479,0.075186,0.135768,0.070754,0,0,0,0,0,0,0,0,0,0,0,0,0,0
134,1435,1514,1799,637,307,1821,889,576,1652,980,960,1878,2221,16669,176,650,271,27,144,463,299,50,63,154,95,517,847,3756,334,64,55,297,0,322,72,61,38,241,154,273,583,2494,495,693,293,82,28,664,354,82,365,392,146,639,899,5132,274,37,38,17,67,95,17,2,18,345,17,182,29,1138,889,524,1048,708,338,1678,1197,254,833,1019,693,2164,1938,13283,161,165,317,151,44,157,188,30,725,126,65,1277,820,4226,56,4,16,0,0,13,8,3,0,4,1,29,17,151,592,1263,1239,355,196,1570,623,347,455,788,577,1869,1376,11250,955,1111,1194,351,370,1730,225,356,815,1056,246,2826,2885,14120,1,1,70,0,0,2,0,0,0,0,4,112,103,293,89,0,0,13,0,5,5,0,186,2,0,10,8,318,10,47,32,41,14,51,50,20,0,42,54,136,248,745,0,0,0,0,0,0,0,0,0,0,0,0,0,0,5.067627,1.938342,1.44556,0.74803,2.298592,1.454194,1.57056,0.979076,3.711942,2.379854,1.242493,1.196598,1.322551,1.575709,0.621535,0.832181,0.217758,0.031706,1.078167,0.369737,0.528231,0.084989,0.141557,0.373977,0.122955,0.329415,0.504368,0.355052,1.179503,0.081938,0.044194,0.348768,0.0,0.257139,0.127199,0.103687,0.085384,0.58525,0.199317,0.173946,0.347162,0.238771,1.748067,0.887233,0.235436,0.096293,0.209644,0.53025,0.625397,0.139382,0.820133,0.951942,0.188963,0.407149,0.535333,0.485124,0.967617,0.04737,0.030534,0.019963,0.501647,0.075864,0.030033,0.0034,0.040445,0.837806,0.022002,0.115964,0.017269,0.107574,3.139457,0.670866,0.842105,0.831406,2.530698,1.339999,2.114692,0.431745,1.8717,2.474562,0.896925,1.378827,1.154032,1.255633,0.568563,0.211246,0.254721,0.17732,0.32944,0.125375,0.332132,0.050994,1.62903,0.305981,0.084127,0.813661,0.48829,0.399481,0.197761,0.005121,0.012857,0.0,0,0.010381,0.014133,0.005099,0.0,0.009714,0.001294,0.018478,0.010123,0.016505,2.090617,1.616992,0.995581,0.416877,1.467505,1.253753,1.100629,0.589825,1.022357,1.913597,0.74679,1.190863,0.819374,1.063455,3.372532,1.42239,0.959421,0.41218,2.770291,1.381524,0.397498,0.605123,1.831255,2.564414,0.318389,1.800631,1.717947,1.334754,0.003531,0.00128,0.056247,0.0,0,0.001597,0.0,0,0,0,0.005177,0.071363,0.061334,0.038642,0.314299,0,0.0,0.015266,0,0.003993,0.008833,0.0,0.417931,0.004857,0.0,0.006372,0.004764,0.045051,0.035314,0.060173,0.025713,0.048146,0.104822,0.040727,0.088333,0.033996,0,0.101994,0.06989,0.086655,0.147678,0.073517,0,0,0,0,0,0,0,0,0,0,0,0,0,0
135,1401,1550,1761,584,292,1781,863,601,1628,966,1019,1814,2180,16440,171,637,275,34,139,448,290,32,57,158,104,511,849,3705,339,57,62,273,0,315,79,63,37,240,155,261,605,2486,501,707,293,70,29,666,348,81,357,402,130,635,919,5138,259,30,36,22,61,93,19,3,19,340,19,189,20,1110,903,488,1007,692,331,1658,1184,269,800,1012,654,2163,1928,13089,168,163,305,139,37,174,188,35,722,123,70,1266,817,4207,40,5,11,1,0,14,9,4,0,4,4,37,18,147,591,1222,1258,350,191,1559,613,334,441,797,607,1805,1333,11101,929,1110,1215,375,349,1766,229,361,807,1054,268,2777,2889,14129,1,2,78,0,0,1,0,0,0,0,2,115,104,303,93,0,0,8,0,2,6,0,177,2,0,8,7,303,10,44,28,46,15,68,48,30,0,42,55,118,233,737,0,0,0,0,0,0,0,0,0,0,0,0,0,0,4.947558,1.984432,1.415026,0.685792,2.186283,1.422251,1.524627,1.02157,3.658016,2.345856,1.318855,1.155819,1.298137,1.554062,0.603878,0.815537,0.220972,0.039926,1.040731,0.357759,0.512331,0.054393,0.128075,0.383691,0.134603,0.325592,0.505559,0.350231,1.197161,0.072976,0.049819,0.320584,0.0,0.251549,0.139566,0.107086,0.083137,0.582821,0.200611,0.1663,0.360263,0.238005,1.769255,0.905157,0.235436,0.082201,0.217131,0.531847,0.614798,0.137683,0.802157,0.976226,0.168254,0.4046,0.547242,0.485692,0.914645,0.038408,0.028927,0.025835,0.456724,0.074267,0.033567,0.005099,0.042692,0.825664,0.024591,0.120424,0.01191,0.104928,3.188897,0.624776,0.80916,0.812617,2.478287,1.324027,2.091725,0.457242,1.797551,2.457563,0.846449,1.37819,1.148077,1.237294,0.593283,0.208685,0.245078,0.163228,0.277029,0.138951,0.332132,0.059492,1.62229,0.298696,0.090598,0.806652,0.486504,0.397685,0.141258,0.006401,0.008839,0.001174,0,0.01118,0.0159,0.006799,0.0,0.009714,0.005177,0.023575,0.010719,0.0147,2.087085,1.5645,1.010848,0.411006,1.430069,1.244969,1.082962,0.567728,0.9909,1.935453,0.785618,1.150084,0.793769,1.04937,3.280715,1.421109,0.976296,0.440363,2.613058,1.410273,0.404565,0.613622,1.813279,2.559557,0.346863,1.76941,1.720329,1.335605,0.003531,0.002561,0.062676,0.0,0,0.000799,0.0,0,0,0,0.002589,0.073274,0.061929,0.039961,0.328425,0,0.0,0.009394,0,0.001597,0.0106,0.0,0.397708,0.004857,0.0,0.005097,0.004168,0.042926,0.035314,0.056332,0.022499,0.054018,0.112309,0.054303,0.0848,0.050994,0,0.101994,0.071185,0.075186,0.138746,0.072728,0,0,0,0,0,0,0,0,0,0,0,0,0,0
136,1388,1480,1746,580,285,1791,848,574,1621,953,987,1828,2149,16230,170,632,288,31,137,447,293,43,55,159,82,504,840,3681,331,55,58,272,0,327,76,52,38,255,160,261,570,2455,491,689,292,59,28,663,325,88,354,428,152,635,941,5145,262,31,37,16,64,84,17,3,21,339,24,179,25,1102,872,488,971,738,335,1702,1167,248,775,1020,675,2113,1885,12989,158,166,294,142,44,179,170,29,727,130,68,1253,792,4152,45,2,12,0,0,15,6,2,0,4,1,26,14,127,546,1205,1216,354,193,1576,617,327,430,792,583,1804,1292,10935,935,1093,1157,386,344,1712,223,373,800,1077,274,2785,2822,13981,1,1,68,0,0,2,0,0,0,0,2,102,99,275,92,0,0,10,0,3,7,0,169,3,0,10,10,304,9,41,22,59,15,58,47,18,0,49,60,124,233,735,0,0,0,0,0,0,0,0,0,0,0,0,0,0,4.901649,1.894812,1.402973,0.681095,2.133872,1.430237,1.498127,0.975676,3.642287,2.314286,1.277438,1.164739,1.279677,1.534211,0.600346,0.809136,0.231418,0.036403,1.025756,0.35696,0.517631,0.073091,0.123582,0.386119,0.10613,0.321132,0.500199,0.347962,1.168909,0.070415,0.046605,0.31941,0.0,0.261132,0.134266,0.088389,0.085384,0.619248,0.207082,0.1663,0.339421,0.235037,1.733941,0.882112,0.234632,0.069284,0.209644,0.529451,0.574164,0.149581,0.795416,1.039365,0.196728,0.4046,0.560343,0.486353,0.925239,0.039689,0.029731,0.018789,0.479185,0.06708,0.030033,0.005099,0.047186,0.823235,0.031062,0.114053,0.014887,0.104171,3.079422,0.624776,0.780233,0.866635,2.508236,1.359164,2.061692,0.421546,1.741377,2.476991,0.873628,1.346332,1.122471,1.227841,0.557969,0.212526,0.236239,0.166751,0.32944,0.142944,0.300332,0.049294,1.633524,0.315695,0.08801,0.798369,0.471617,0.392486,0.158915,0.002561,0.009642,0.0,0,0.011979,0.0106,0.0034,0.0,0.009714,0.001294,0.016566,0.008337,0.013882,1.92817,1.542736,0.977099,0.415703,1.445043,1.258545,1.090029,0.555829,0.966184,1.92331,0.754556,1.149447,0.769354,1.033678,3.301903,1.399344,0.929691,0.45328,2.575621,1.36715,0.393965,0.634019,1.797551,2.615411,0.354628,1.774507,1.680432,1.321614,0.003531,0.00128,0.05464,0.0,0,0.001597,0.0,0,0,0,0.002589,0.064991,0.058952,0.036268,0.324893,0,0.0,0.011743,0,0.002396,0.012367,0.0,0.379733,0.007285,0.0,0.006372,0.005955,0.043068,0.031783,0.052491,0.017678,0.069284,0.112309,0.046317,0.083033,0.030596,0,0.118993,0.077656,0.079009,0.138746,0.07253,0,0,0,0,0,0,0,0,0,0,0,0,0,0
137,1379,1489,1764,607,285,1744,829,570,1615,947,1044,1830,2142,16245,166,626,255,30,131,435,285,33,55,157,89,498,838,3598,341,55,61,281,0,332,79,55,41,238,158,256,600,2497,487,667,299,77,27,662,328,102,345,417,172,639,904,5126,255,29,46,15,61,93,18,2,19,336,14,174,26,1088,882,497,997,690,325,1644,1153,241,766,1015,648,2095,1891,12844,165,166,299,130,41,160,176,41,718,123,78,1214,814,4125,61,4,13,0,0,14,8,5,0,4,1,29,14,153,562,1218,1212,364,190,1567,605,305,434,790,582,1764,1360,10953,943,1121,1096,334,337,1686,210,332,785,1056,277,2737,2850,13764,1,1,66,0,0,0,0,0,0,0,1,115,98,282,92,0,0,7,0,0,8,0,163,3,1,9,9,292,12,39,21,49,15,58,49,15,0,51,55,106,237,707,0,0,0,0,0,0,0,0,0,0,0,0,0,0,4.869866,1.906335,1.417437,0.712801,2.133872,1.392704,1.464561,0.968877,3.628806,2.299716,1.351211,1.166014,1.275509,1.535629,0.58622,0.801454,0.204902,0.035229,0.980833,0.347377,0.503498,0.056093,0.123582,0.381262,0.115189,0.317309,0.499009,0.340116,1.204224,0.070415,0.049016,0.329979,0.0,0.265125,0.139566,0.093488,0.092124,0.577964,0.204494,0.163114,0.357285,0.239058,1.719815,0.853946,0.240257,0.090421,0.202156,0.528653,0.579464,0.173378,0.775194,1.012652,0.222613,0.407149,0.53831,0.484557,0.900519,0.037128,0.036963,0.017615,0.456724,0.074267,0.0318,0.0034,0.042692,0.81595,0.01812,0.110867,0.015482,0.102848,3.114737,0.636298,0.801125,0.810268,2.433363,1.312847,2.036959,0.409648,1.721155,2.464849,0.838683,1.334863,1.126044,1.214134,0.582689,0.212526,0.240257,0.152659,0.306978,0.127771,0.310932,0.069691,1.613302,0.298696,0.100953,0.773519,0.484717,0.389933,0.215418,0.005121,0.010446,0.0,0,0.01118,0.014133,0.008499,0.0,0.009714,0.001294,0.018478,0.008337,0.016724,1.984674,1.559379,0.973885,0.427446,1.422582,1.251358,1.068829,0.518434,0.975171,1.918454,0.753262,1.123961,0.809847,1.035379,3.330155,1.435192,0.880675,0.392217,2.523211,1.346387,0.370999,0.564328,1.763847,2.564414,0.358511,1.743923,1.697105,1.301101,0.003531,0.00128,0.053033,0.0,0,0.0,0.0,0,0,0,0.001294,0.073274,0.058357,0.044549,0.324893,0,0.0,0.00822,0,0.0,0.014133,0.0,0.366251,0.007285,0.001294,0.005734,0.005359,0.044383,0.042377,0.049931,0.016874,0.057541,0.112309,0.046317,0.086566,0.025497,0,0.12385,0.071185,0.06754,0.141128,0.069767,0,0,0,0,0,0,0,0,0,0,0,0,0,0
138,1343,1472,1698,581,281,1782,846,576,1577,949,1015,1795,2116,16031,166,596,285,30,134,453,290,40,60,159,91,498,803,3605,340,58,61,295,0,332,76,59,45,244,166,272,571,2519,488,666,281,73,22,643,312,92,336,406,141,627,898,4985,247,32,34,17,60,86,19,2,21,325,23,172,28,1066,881,473,997,672,311,1657,1170,251,785,985,679,2095,1870,12826,166,167,309,127,36,167,173,37,709,123,56,1279,803,4152,44,4,10,0,0,18,7,5,0,4,2,25,12,131,571,1211,1197,371,201,1596,611,316,431,786,569,1745,1302,10907,937,1083,1117,355,320,1674,221,329,763,1018,229,2751,2816,13613,1,1,74,0,0,2,0,0,0,0,0,112,96,286,88,0,0,9,0,1,4,0,166,3,0,8,8,287,9,37,28,48,12,53,40,14,0,50,65,126,240,722,0,0,0,0,0,0,0,0,0,0,0,0,0,0,4.742734,1.88457,1.364403,0.682269,2.103923,1.42305,1.494594,0.979076,3.543422,2.304573,1.313678,1.143713,1.260026,1.515399,0.58622,0.763046,0.229008,0.035229,1.003294,0.361752,0.512331,0.067991,0.134816,0.386119,0.117778,0.317309,0.478167,0.340778,1.200692,0.074256,0.049016,0.346419,0.0,0.265125,0.134266,0.100287,0.101112,0.592535,0.214848,0.173309,0.340017,0.241164,1.723346,0.852666,0.225793,0.085724,0.16472,0.51348,0.551198,0.15638,0.754971,0.985939,0.182491,0.399503,0.534737,0.471229,0.872268,0.040969,0.02732,0.019963,0.449236,0.068677,0.033567,0.0034,0.047186,0.789237,0.029768,0.109593,0.016673,0.100768,3.111205,0.605572,0.801125,0.789131,2.328541,1.323229,2.066992,0.426646,1.763847,2.391996,0.878805,1.334863,1.113539,1.212433,0.58622,0.213807,0.248292,0.149136,0.269542,0.133361,0.305632,0.062892,1.593079,0.298696,0.072479,0.814935,0.478167,0.392486,0.155384,0.005121,0.008035,0.0,0,0.014374,0.012367,0.008499,0.0,0.009714,0.002589,0.015929,0.007146,0.014319,2.016457,1.550417,0.961832,0.435666,1.504942,1.274516,1.079429,0.537132,0.968431,1.90874,0.736436,1.111854,0.775309,1.031031,3.308966,1.386542,0.897549,0.416877,2.395927,1.336804,0.390432,0.559229,1.714414,2.472134,0.296386,1.752843,1.676859,1.286827,0.003531,0.00128,0.059462,0.0,0,0.001597,0.0,0,0,0,0.0,0.071363,0.057166,0.041998,0.310767,0,0.0,0.010569,0,0.000799,0.007067,0.0,0.372992,0.007285,0.0,0.005097,0.004764,0.040659,0.031783,0.04737,0.022499,0.056366,0.089847,0.042324,0.070666,0.023797,0,0.121421,0.084127,0.080283,0.142914,0.071248,0,0,0,0,0,0,0,0,0,0,0,0,0,0
139,1355,1464,1643,569,296,1767,839,557,1565,941,1003,1831,2112,15942,169,629,256,36,132,442,283,41,54,146,85,483,853,3609,332,51,61,253,0,322,73,57,46,238,151,244,570,2398,472,650,296,65,25,663,327,84,333,407,125,613,925,4985,240,36,43,13,59,85,19,2,21,323,24,166,26,1057,879,471,1002,692,320,1603,1174,262,763,992,689,2054,1873,12774,174,161,311,141,37,169,173,25,705,122,67,1219,799,4103,47,7,11,1,0,19,7,4,0,4,0,32,16,148,570,1148,1197,368,203,1537,582,336,431,770,582,1717,1316,10757,951,1079,1091,384,329,1641,216,349,770,1024,275,2686,2837,13632,1,2,61,0,0,1,0,0,0,0,1,113,104,283,95,0,0,10,0,3,6,0,168,4,1,8,9,304,7,40,22,38,15,65,45,19,0,51,59,118,228,707,0,0,0,0,0,0,0,0,0,0,0,0,0,0,4.785111,1.874328,1.320209,0.668178,2.216232,1.411071,1.482227,0.94678,3.516459,2.285145,1.298147,1.166651,1.257644,1.506986,0.596815,0.805295,0.205705,0.042275,0.98832,0.352967,0.499965,0.069691,0.121335,0.35455,0.110012,0.307751,0.507941,0.341156,1.172441,0.065294,0.049016,0.297098,0.0,0.257139,0.128966,0.096888,0.103359,0.577964,0.195434,0.155468,0.339421,0.22958,1.666843,0.832181,0.237847,0.07633,0.187182,0.529451,0.577698,0.142782,0.748231,0.988368,0.161783,0.390583,0.550815,0.471229,0.847547,0.04609,0.034552,0.015266,0.441749,0.067878,0.033567,0.0034,0.047186,0.78438,0.031062,0.10577,0.015482,0.099917,3.104142,0.603011,0.805143,0.812617,2.395927,1.280106,2.074058,0.445343,1.714414,2.408995,0.891748,1.308739,1.115326,1.207517,0.614472,0.206125,0.2499,0.165577,0.277029,0.134958,0.305632,0.042495,1.584092,0.296268,0.086716,0.776705,0.475785,0.387854,0.165978,0.008962,0.008839,0.001174,0,0.015173,0.012367,0.006799,0.0,0.009714,0.0,0.020389,0.009528,0.016039,2.012925,1.46976,0.961832,0.432143,1.519916,1.2274,1.028196,0.571127,0.968431,1.869885,0.753262,1.094014,0.783646,1.016852,3.358407,1.381421,0.876657,0.450932,2.463312,1.310452,0.381598,0.593225,1.730143,2.486704,0.355923,1.711428,1.689364,1.288623,0.003531,0.002561,0.049016,0.0,0,0.000799,0.0,0,0,0,0.001294,0.072,0.061929,0.037323,0.335488,0,0.0,0.011743,0,0.002396,0.0106,0.0,0.377486,0.009714,0.001294,0.005097,0.005359,0.038819,0.02472,0.051211,0.017678,0.044623,0.112309,0.051907,0.0795,0.032296,0,0.12385,0.076362,0.075186,0.135768,0.069767,0,0,0,0,0,0,0,0,0,0,0,0,0,0
140,1349,1419,1707,583,302,1712,836,549,1547,924,965,1799,2085,15777,165,615,250,26,131,448,282,38,54,152,86,483,822,3552,351,52,53,273,0,334,76,65,43,228,155,254,569,2453,471,628,286,72,23,661,336,73,335,407,152,621,905,4970,224,38,38,14,61,83,20,2,22,314,15,171,26,1028,870,458,946,671,319,1606,1161,231,766,979,669,2052,1804,12532,172,163,289,120,42,148,157,38,696,120,67,1228,793,4033,51,3,13,0,0,21,6,5,0,4,2,36,14,155,565,1165,1164,330,185,1521,559,297,432,787,585,1781,1319,10690,917,1045,1114,370,323,1676,205,308,751,1010,269,2706,2755,13449,1,0,77,0,0,2,0,0,0,0,3,101,84,268,103,0,0,7,0,2,5,0,169,2,0,6,10,304,8,34,14,39,12,62,50,17,0,49,71,112,211,679,0,0,0,0,0,0,0,0,0,0,0,0,0,0,4.763923,1.816715,1.371635,0.684618,2.261156,1.36715,1.476927,0.933181,3.476014,2.243862,1.248965,1.146261,1.241567,1.491389,0.582689,0.787371,0.200884,0.030532,0.980833,0.357759,0.498198,0.064592,0.121335,0.36912,0.111307,0.307751,0.489481,0.335768,1.239538,0.066574,0.042587,0.320584,0.0,0.266722,0.134266,0.110486,0.096618,0.55368,0.200611,0.16184,0.338826,0.234845,1.663312,0.804015,0.229811,0.08455,0.172207,0.527854,0.593598,0.124084,0.752724,0.988368,0.196728,0.39568,0.538905,0.469811,0.791044,0.048651,0.030534,0.01644,0.456724,0.066281,0.035333,0.0034,0.049433,0.762525,0.019414,0.108955,0.015482,0.097176,3.072359,0.586368,0.760145,0.787956,2.38844,1.282502,2.051092,0.39265,1.721155,2.377425,0.865862,1.307464,1.074238,1.184641,0.607409,0.208685,0.232222,0.140916,0.314465,0.118188,0.277366,0.064592,1.563869,0.291411,0.086716,0.78244,0.472212,0.381237,0.180104,0.003841,0.010446,0.0,0,0.01677,0.0106,0.008499,0.0,0.009714,0.002589,0.022938,0.008337,0.016943,1.995268,1.491525,0.935315,0.38752,1.385145,1.214623,0.987563,0.504836,0.970677,1.911168,0.757144,1.134792,0.785432,1.010518,3.238337,1.337891,0.895139,0.434492,2.418389,1.338402,0.362165,0.523534,1.687451,2.452706,0.348157,1.724171,1.640535,1.271325,0.003531,0.0,0.061872,0.0,0,0.001597,0.0,0,0,0,0.003883,0.064354,0.05002,0.039404,0.363739,0,0.0,0.00822,0,0.001597,0.008833,0.0,0.379733,0.004857,0.0,0.003823,0.005955,0.043068,0.028252,0.043529,0.011249,0.045798,0.089847,0.049511,0.088333,0.028896,0,0.118993,0.091893,0.071363,0.125645,0.067004,0,0,0,0,0,0,0,0,0,0,0,0,0,0
141,1322,1415,1620,627,292,1725,820,600,1538,919,980,1735,2076,15669,166,585,256,33,128,455,272,41,50,145,86,466,808,3491,343,60,52,270,0,303,71,52,45,227,148,252,554,2377,471,656,266,67,23,655,331,101,326,404,131,632,896,4959,224,31,42,22,59,89,18,3,21,300,25,166,22,1022,854,473,936,707,314,1560,1141,254,756,967,642,2030,1804,12438,168,153,296,131,42,161,162,29,697,120,68,1206,784,4017,61,6,7,0,0,19,6,4,0,4,1,33,9,150,574,1206,1153,324,192,1533,554,339,417,790,606,1692,1310,10690,935,1062,1086,348,320,1598,206,370,745,1012,299,2661,2785,13427,1,2,66,0,0,1,1,0,0,0,2,110,102,285,88,0,0,4,0,2,4,0,168,1,0,8,9,284,7,34,23,42,12,58,50,20,0,51,57,118,224,696,0,0,0,0,0,0,0,0,0,0,0,0,0,0,4.668574,1.811594,1.301728,0.736287,2.186283,1.377531,1.448661,1.01987,3.455791,2.23172,1.268379,1.105483,1.236207,1.48118,0.58622,0.748963,0.205705,0.038752,0.958371,0.363349,0.480531,0.069691,0.112347,0.352121,0.111307,0.296919,0.481144,0.330002,1.211287,0.076817,0.041784,0.317061,0.0,0.241966,0.125433,0.088389,0.101112,0.551252,0.191551,0.160566,0.329893,0.227569,1.663312,0.839863,0.21374,0.078678,0.172207,0.523063,0.584764,0.171678,0.732502,0.981083,0.169549,0.402689,0.533546,0.468771,0.791044,0.039689,0.033748,0.025835,0.441749,0.071073,0.0318,0.005099,0.047186,0.728527,0.032357,0.10577,0.0131,0.096609,3.015856,0.605572,0.752109,0.830231,2.351003,1.245768,2.015759,0.431745,1.698686,2.348284,0.830917,1.293447,1.074238,1.175756,0.593283,0.195883,0.237847,0.153834,0.314465,0.12857,0.286199,0.049294,1.566116,0.291411,0.08801,0.768422,0.466853,0.379724,0.215418,0.007682,0.005625,0.0,0,0.015173,0.0106,0.006799,0.0,0.009714,0.001294,0.021026,0.005359,0.016396,2.027051,1.544016,0.926476,0.380474,1.437556,1.224206,0.978729,0.576227,0.936973,1.918454,0.784324,1.078085,0.780073,1.010518,3.301903,1.359656,0.87264,0.408657,2.395927,1.276113,0.363932,0.62892,1.673969,2.457563,0.386985,1.695498,1.658399,1.269245,0.003531,0.002561,0.053033,0.0,0,0.000799,0.001767,0,0,0,0.002589,0.070088,0.060739,0.034976,0.310767,0,0.0,0.004697,0,0.001597,0.007067,0.0,0.377486,0.002428,0.0,0.005097,0.005359,0.040234,0.02472,0.043529,0.018481,0.049321,0.089847,0.046317,0.088333,0.033996,0,0.12385,0.073773,0.075186,0.133387,0.068682,0,0,0,0,0,0,0,0,0,0,0,0,0,0
142,1332,1443,1605,589,289,1691,828,554,1534,924,953,1784,2065,15591,166,599,249,28,128,439,271,39,47,143,90,469,809,3477,342,44,52,292,0,310,66,54,41,223,183,261,558,2426,471,637,257,74,22,657,331,75,327,388,155,630,913,4937,216,36,30,22,57,87,17,6,22,297,25,166,30,1011,863,458,950,686,312,1584,1123,242,761,949,661,2053,1816,12458,174,167,293,127,38,163,162,29,697,122,67,1247,808,4094,58,6,15,1,0,20,7,7,0,4,0,28,17,163,580,1150,1141,319,189,1498,547,311,420,775,554,1734,1296,10514,955,1068,1083,341,327,1606,199,327,742,1023,274,2696,2754,13395,1,1,67,0,0,0,1,0,0,0,2,111,102,285,97,0,0,10,0,2,4,0,169,1,0,6,6,295,9,38,24,45,15,52,52,18,0,47,51,126,216,693,0,0,0,0,0,0,0,0,0,0,0,0,0,0,4.703888,1.847442,1.289675,0.691664,2.163822,1.35038,1.462794,0.94168,3.446804,2.243862,1.233433,1.136704,1.229657,1.473806,0.58622,0.766887,0.20008,0.03288,0.958371,0.350572,0.478765,0.066292,0.105606,0.347264,0.116484,0.298831,0.48174,0.328678,1.207755,0.056332,0.041784,0.342896,0.0,0.247556,0.1166,0.091788,0.092124,0.541538,0.23685,0.1663,0.332275,0.23226,1.663312,0.815537,0.206509,0.086898,0.16472,0.52466,0.584764,0.127484,0.734749,0.942228,0.200611,0.401415,0.543669,0.466691,0.762793,0.04609,0.024106,0.025835,0.426774,0.069475,0.030033,0.010199,0.049433,0.721241,0.032357,0.10577,0.017864,0.095569,3.047639,0.586368,0.763359,0.805571,2.336029,1.264933,1.983959,0.411348,1.70992,2.304573,0.855508,1.308102,1.081384,1.177646,0.614472,0.213807,0.235436,0.149136,0.284516,0.130167,0.286199,0.049294,1.566116,0.296268,0.086716,0.794546,0.481144,0.387003,0.204824,0.007682,0.012053,0.001174,0,0.015971,0.012367,0.011898,0.0,0.009714,0.0,0.017841,0.010123,0.017665,2.04824,1.47232,0.916834,0.374602,1.415094,1.196256,0.966363,0.528633,0.943714,1.882027,0.717022,1.104846,0.771736,0.993881,3.372532,1.367338,0.870229,0.400437,2.448338,1.282502,0.351565,0.555829,1.667228,2.484276,0.354628,1.717799,1.63994,1.26622,0.003531,0.00128,0.053837,0.0,0,0.0,0.001767,0,0,0,0.002589,0.070725,0.060739,0.041327,0.34255,0,0.0,0.011743,0,0.001597,0.007067,0.0,0.379733,0.002428,0.0,0.003823,0.003573,0.041793,0.031783,0.048651,0.019285,0.052844,0.112309,0.041526,0.091866,0.030596,0,0.114136,0.066007,0.080283,0.128623,0.068386,0,0,0,0,0,0,0,0,0,0,0,0,0,0
143,1334,1436,1649,608,295,1663,816,573,1517,908,939,1766,2066,15570,165,582,259,33,128,433,265,35,47,142,92,466,831,3478,337,60,58,266,0,305,65,57,40,208,157,256,528,2337,481,634,282,80,24,642,308,71,318,389,136,625,900,4890,213,30,43,24,60,80,18,4,23,299,21,154,26,995,858,460,896,700,306,1557,1124,231,762,978,630,2019,1743,12264,175,169,309,144,42,158,162,28,687,123,58,1168,789,4012,46,6,7,0,0,11,6,0,1,3,1,28,14,123,574,1165,1126,341,178,1503,564,285,428,769,571,1718,1280,10502,938,1020,1081,334,320,1577,200,303,747,1021,232,2671,2677,13121,1,1,73,0,0,1,1,0,0,0,1,110,110,298,97,0,0,10,0,2,5,0,172,2,1,7,8,304,11,39,24,34,16,61,44,20,0,53,58,114,212,686,0,0,0,0,0,0,0,0,0,0,0,0,0,0,4.710951,1.83848,1.32503,0.713975,2.208745,1.32802,1.441594,0.973976,3.408606,2.205007,1.215314,1.125235,1.230253,1.471821,0.582689,0.745122,0.208116,0.038752,0.958371,0.34578,0.468165,0.059492,0.105606,0.344836,0.119072,0.296919,0.49484,0.328773,1.190098,0.076817,0.046605,0.312364,0.0,0.243564,0.114833,0.096888,0.089878,0.505112,0.203199,0.163114,0.314411,0.22374,1.698626,0.811697,0.226597,0.093944,0.179695,0.512681,0.544131,0.120685,0.714526,0.944656,0.17602,0.398229,0.535928,0.462248,0.752198,0.038408,0.034552,0.028183,0.449236,0.063886,0.0318,0.006799,0.05168,0.726098,0.02718,0.098124,0.015482,0.094057,3.029982,0.588928,0.719968,0.822011,2.291105,1.243372,1.985725,0.39265,1.712167,2.374997,0.815386,1.286438,1.037914,1.159307,0.618003,0.216367,0.248292,0.169099,0.314465,0.126174,0.286199,0.047594,1.543647,0.298696,0.075067,0.74421,0.46983,0.379252,0.162447,0.007682,0.005625,0.0,0,0.008784,0.0106,0.0,0.002247,0.007285,0.001294,0.017841,0.008337,0.013659,2.027051,1.491525,0.904781,0.400437,1.332734,1.200249,0.996396,0.484438,0.96169,1.867457,0.739025,1.094651,0.762209,0.992747,3.312498,1.305884,0.868622,0.392217,2.395927,1.259343,0.353332,0.515035,1.678463,2.479419,0.300269,1.70187,1.594088,1.240319,0.003531,0.00128,0.058658,0.0,0,0.000799,0.001767,0,0,0,0.001294,0.070088,0.065502,0.036571,0.34255,0,0.0,0.011743,0,0.001597,0.008833,0.0,0.386473,0.004857,0.001294,0.00446,0.004764,0.038819,0.038846,0.049931,0.019285,0.039926,0.119796,0.048713,0.077733,0.033996,0,0.128706,0.075067,0.072637,0.126241,0.067695,0,0,0,0,0,0,0,0,0,0,0,0,0,0
144,1319,1448,1659,556,288,1692,796,544,1520,916,996,1737,2032,15503,164,587,242,30,128,452,269,31,46,141,77,456,846,3469,332,53,59,278,0,308,66,58,40,211,160,252,562,2379,477,651,260,91,23,645,322,75,317,393,137,617,910,4918,217,33,34,16,55,83,17,5,23,302,16,168,18,987,841,473,903,664,300,1557,1089,224,760,961,649,1974,1755,12150,175,167,287,118,41,139,158,23,688,120,79,1199,768,3962,56,8,10,1,0,17,5,3,1,4,1,32,21,159,574,1185,1138,328,191,1510,559,306,420,765,523,1739,1312,10550,933,1045,1078,300,329,1592,194,306,736,994,233,2653,2672,13065,1,1,60,0,0,1,1,0,0,0,0,114,113,291,93,0,0,9,0,5,5,0,173,2,1,6,8,302,8,36,21,34,15,61,53,23,0,54,64,123,209,701,0,0,0,0,0,0,0,0,0,0,0,0,0,0,4.657979,1.853843,1.333065,0.652912,2.156334,1.351179,1.406261,0.924683,3.415347,2.224435,1.289087,1.106757,1.210006,1.465488,0.579157,0.751524,0.194456,0.035229,0.958371,0.360953,0.475231,0.052693,0.103359,0.342408,0.099658,0.290548,0.503772,0.327922,1.172441,0.067855,0.047409,0.326456,0.0,0.245959,0.1166,0.098587,0.089878,0.512397,0.207082,0.160566,0.334657,0.227761,1.6845,0.833461,0.208919,0.106861,0.172207,0.515077,0.568864,0.127484,0.71228,0.95437,0.177314,0.393131,0.541883,0.464895,0.766324,0.042249,0.02732,0.018789,0.4118,0.066281,0.030033,0.008499,0.05168,0.733384,0.020708,0.107044,0.010719,0.0933,2.969947,0.605572,0.725593,0.779736,2.246181,1.243372,1.923892,0.380752,1.707673,2.333714,0.839977,1.257765,1.04506,1.148531,0.618003,0.213807,0.230615,0.138568,0.306978,0.111001,0.279132,0.039095,1.545894,0.291411,0.102247,0.763962,0.457325,0.374525,0.197761,0.010242,0.008035,0.001174,0,0.013576,0.008833,0.005099,0.002247,0.009714,0.001294,0.020389,0.012505,0.015222,2.027051,1.51713,0.914423,0.385171,1.430069,1.205839,0.987563,0.520134,0.943714,1.857743,0.6769,1.108031,0.781264,0.997284,3.294841,1.337891,0.866211,0.35229,2.463312,1.271322,0.342732,0.520134,1.653747,2.413852,0.301563,1.690401,1.591111,1.235025,0.003531,0.00128,0.048212,0.0,0,0.000799,0.001767,0,0,0,0.0,0.072637,0.067289,0.039453,0.328425,0,0.0,0.010569,0,0.003993,0.008833,0.0,0.38872,0.004857,0.001294,0.003823,0.004764,0.038563,0.028252,0.04609,0.016874,0.039926,0.112309,0.048713,0.093633,0.039095,0,0.131135,0.082833,0.078371,0.124454,0.069175,0,0,0,0,0,0,0,0,0,0,0,0,0,0
145,1346,1455,1631,546,282,1663,795,563,1503,914,930,1710,1980,15318,164,584,249,25,127,437,264,34,52,140,72,471,830,3449,337,48,56,273,0,296,54,52,42,215,143,234,554,2304,476,631,257,75,22,631,309,63,318,386,143,608,851,4770,213,38,50,9,56,84,15,1,22,299,23,162,23,995,848,460,938,597,302,1533,1072,228,756,953,633,1999,1773,12092,168,161,281,121,39,162,164,27,686,123,60,1196,795,3983,49,7,14,0,0,13,4,3,1,4,1,25,15,136,579,1125,1137,329,196,1500,540,309,412,769,547,1772,1253,10468,924,1011,1052,306,317,1598,197,313,731,998,249,2637,2692,13025,1,1,69,0,0,0,0,0,0,0,1,120,104,296,95,0,0,3,0,0,3,0,171,2,0,6,9,289,10,35,19,35,15,51,51,18,0,50,61,118,227,690,0,0,0,0,0,0,0,0,0,0,0,0,0,0,4.753328,1.862805,1.310566,0.641169,2.111411,1.32802,1.404494,0.956978,3.377149,2.219578,1.203665,1.089554,1.179042,1.448,0.579157,0.747683,0.20008,0.029358,0.950883,0.348975,0.466398,0.057793,0.116841,0.339979,0.093187,0.300105,0.494245,0.326032,1.190098,0.061453,0.044998,0.320584,0.0,0.236376,0.0954,0.088389,0.094371,0.522111,0.18508,0.149097,0.329893,0.22058,1.680969,0.807856,0.206509,0.088073,0.16472,0.503897,0.545898,0.107086,0.714526,0.937371,0.18508,0.387397,0.50675,0.450905,0.752198,0.048651,0.040177,0.010569,0.419287,0.06708,0.0265,0.0017,0.049433,0.726098,0.029768,0.103221,0.013696,0.094057,2.994668,0.588928,0.753716,0.701058,2.261156,1.224206,1.893859,0.387551,1.698686,2.314286,0.819269,1.273695,1.055778,1.143048,0.593283,0.206125,0.225793,0.14209,0.292004,0.129368,0.289732,0.045894,1.5414,0.298696,0.077656,0.76205,0.473403,0.37651,0.173041,0.008962,0.011249,0.0,0,0.010381,0.007067,0.005099,0.002247,0.009714,0.001294,0.015929,0.008932,0.014176,2.044708,1.440313,0.91362,0.386345,1.467505,1.197853,0.953996,0.525233,0.925739,1.867457,0.707962,1.129058,0.746131,0.989533,3.263058,1.294362,0.845319,0.359336,2.373465,1.276113,0.348032,0.532032,1.642512,2.423565,0.322272,1.680206,1.60302,1.231244,0.003531,0.00128,0.055444,0.0,0,0.0,0.0,0,0,0,0.001294,0.07646,0.061929,0.04676,0.335488,0,0.0,0.003523,0,0.0,0.0053,0.0,0.384226,0.004857,0.0,0.003823,0.005359,0.049773,0.035314,0.04481,0.015267,0.041101,0.112309,0.040727,0.0901,0.030596,0,0.121421,0.07895,0.075186,0.135173,0.06809,0,0,0,0,0,0,0,0,0,0,0,0,0,0
146,1344,1441,1628,555,285,1657,782,552,1482,882,994,1683,1988,15273,160,593,244,29,125,436,264,31,52,141,88,440,832,3435,332,57,65,279,0,302,55,50,44,198,159,262,567,2370,485,633,267,72,23,619,332,65,307,382,140,604,892,4821,211,32,28,18,60,85,17,5,21,304,18,173,22,994,853,470,923,609,318,1499,1075,235,757,960,649,1974,1735,12057,176,164,294,115,40,148,166,32,680,123,61,1202,786,3987,49,7,9,0,0,11,6,4,1,3,0,26,13,129,587,1158,1127,337,188,1433,547,290,408,756,528,1721,1242,10322,943,1017,1062,296,324,1582,204,287,739,1011,217,2660,2683,13025,1,1,62,0,0,0,0,0,0,0,4,116,118,302,91,0,0,6,0,0,4,0,170,3,0,6,8,288,7,37,16,38,13,50,55,22,0,49,64,124,207,682,0,0,0,0,0,0,0,0,0,0,0,0,0,0,4.746265,1.844881,1.308156,0.651737,2.133872,1.323229,1.381528,0.938281,3.329963,2.141868,1.286498,1.07235,1.183805,1.443746,0.565032,0.759205,0.196063,0.034055,0.935909,0.348176,0.466398,0.052693,0.116841,0.342408,0.113895,0.280353,0.495436,0.324708,1.172441,0.072976,0.05223,0.32763,0.0,0.241168,0.097166,0.084989,0.098865,0.480828,0.205788,0.166937,0.337635,0.226899,1.712752,0.810416,0.214544,0.08455,0.172207,0.494314,0.586531,0.110486,0.68981,0.927657,0.181197,0.384848,0.531164,0.455726,0.745135,0.040969,0.022499,0.021137,0.449236,0.067878,0.030033,0.008499,0.047186,0.73824,0.023297,0.11023,0.0131,0.093962,3.012325,0.601731,0.741663,0.71515,2.380952,1.197055,1.899159,0.399449,1.700932,2.331285,0.839977,1.257765,1.03315,1.13974,0.621535,0.209966,0.236239,0.135045,0.299491,0.118188,0.293265,0.054393,1.527918,0.298696,0.07895,0.765873,0.468044,0.376888,0.173041,0.008962,0.007232,0.0,0,0.008784,0.0106,0.006799,0.002247,0.007285,0.0,0.016566,0.007741,0.014624,2.07296,1.482563,0.905585,0.39574,1.407607,1.144349,0.966363,0.492937,0.916751,1.835887,0.683371,1.096562,0.739581,0.975731,3.330155,1.302043,0.853355,0.347593,2.425876,1.263336,0.360399,0.487838,1.660488,2.455135,0.280855,1.694861,1.597661,1.231244,0.003531,0.00128,0.049819,0.0,0,0.0,0.0,0,0,0,0.005177,0.073911,0.070266,0.047708,0.321362,0,0.0,0.007046,0,0.0,0.007067,0.0,0.38198,0.007285,0.0,0.003823,0.004764,0.0496,0.02472,0.04737,0.012857,0.044623,0.097335,0.039928,0.097166,0.037395,0,0.118993,0.082833,0.079009,0.123263,0.0673,0,0,0,0,0,0,0,0,0,0,0,0,0,0
147,1338,1450,1612,536,292,1649,799,493,1466,899,983,1709,2001,15227,159,598,256,36,124,432,268,40,49,149,94,456,837,3498,328,57,46,285,0,290,64,52,45,202,174,231,588,2362,474,622,267,70,24,625,323,65,310,382,133,614,876,4785,209,40,40,15,59,82,16,2,18,313,18,156,26,994,849,464,936,619,298,1506,1052,218,762,960,636,1980,1754,12034,173,155,305,125,41,144,159,21,679,125,46,1199,778,3950,55,7,13,0,0,12,7,2,1,3,2,23,15,140,574,1153,1142,310,186,1416,548,280,406,776,498,1716,1250,10255,950,1011,1069,294,321,1594,188,309,726,1014,240,2635,2685,13036,1,1,69,0,0,0,0,0,0,0,3,122,118,314,100,0,0,8,0,2,3,0,170,3,1,6,7,300,9,35,24,34,14,49,49,11,0,50,50,114,214,653,0,0,0,0,0,0,0,0,0,0,0,0,0,0,4.725077,1.856404,1.295299,0.629426,2.186283,1.31684,1.411561,0.837994,3.294012,2.183152,1.272261,1.088916,1.191547,1.439398,0.5615,0.765607,0.205705,0.042275,0.928422,0.344982,0.473465,0.067991,0.1101,0.361835,0.121661,0.290548,0.498413,0.330664,1.158315,0.072976,0.036963,0.334676,0.0,0.231585,0.113066,0.088389,0.101112,0.490541,0.225202,0.147185,0.35014,0.226133,1.673906,0.796333,0.214544,0.082201,0.179695,0.499106,0.570631,0.110486,0.696551,0.927657,0.172137,0.39122,0.521637,0.452323,0.738073,0.051211,0.032141,0.017615,0.441749,0.065483,0.028267,0.0034,0.040445,0.760096,0.023297,0.099398,0.015482,0.093962,2.998199,0.594049,0.752109,0.726893,2.231207,1.202645,1.858526,0.370553,1.712167,2.331285,0.823152,1.261588,1.044464,1.137566,0.61094,0.198443,0.245078,0.146788,0.306978,0.114994,0.280899,0.035695,1.525671,0.303553,0.059536,0.763962,0.46328,0.373391,0.19423,0.008962,0.010446,0.0,0,0.009583,0.012367,0.0034,0.002247,0.007285,0.002589,0.014655,0.008932,0.014593,2.027051,1.476161,0.917638,0.364033,1.392633,1.130774,0.968129,0.47594,0.912257,1.884456,0.644543,1.093377,0.744344,0.969398,3.354875,1.294362,0.85898,0.345245,2.403414,1.272919,0.332132,0.525233,1.631277,2.46242,0.310623,1.678932,1.598852,1.232284,0.003531,0.00128,0.055444,0.0,0,0.0,0.0,0,0,0,0.003883,0.077734,0.070266,0.049604,0.353145,0,0.0,0.009394,0,0.001597,0.0053,0.0,0.38198,0.007285,0.001294,0.003823,0.004168,0.038308,0.031783,0.04481,0.019285,0.039926,0.104822,0.03913,0.086566,0.018698,0,0.121421,0.064713,0.072637,0.127432,0.064439,0,0,0,0,0,0,0,0,0,0,0,0,0,0
148,1325,1476,1580,550,291,1633,795,514,1464,902,965,1694,1988,15177,160,573,247,23,119,421,269,39,51,147,80,463,797,3389,313,58,57,264,0,269,64,57,45,201,151,248,581,2308,464,616,278,77,23,610,320,65,312,389,148,620,876,4798,210,35,38,12,61,87,15,6,14,303,16,157,17,971,847,481,921,610,296,1500,1043,239,748,961,630,1950,1712,11938,176,151,265,123,39,139,164,22,675,126,64,1192,793,3929,44,7,8,0,0,11,6,1,1,3,1,25,10,117,587,1160,1094,305,191,1444,566,295,402,781,508,1711,1235,10279,929,996,1028,300,317,1621,200,319,708,1018,203,2646,2674,12959,1,1,55,0,0,0,0,0,0,0,1,124,111,293,102,0,0,8,0,1,5,0,169,4,0,6,8,303,8,35,21,32,10,60,45,19,0,49,54,120,226,679,0,0,0,0,0,0,0,0,0,0,0,0,0,0,4.679168,1.889691,1.269586,0.645866,2.178796,1.304063,1.404494,0.873689,3.289518,2.190437,1.248965,1.079359,1.183805,1.434671,0.565032,0.7336,0.198473,0.027009,0.890985,0.336198,0.475231,0.066292,0.114594,0.356978,0.103541,0.295008,0.474594,0.32036,1.105343,0.074256,0.045802,0.310016,0.0,0.214815,0.113066,0.096888,0.101112,0.488113,0.195434,0.158017,0.345971,0.220963,1.638592,0.788652,0.223383,0.090421,0.172207,0.487127,0.565331,0.110486,0.701045,0.944656,0.191551,0.395043,0.521637,0.453552,0.741604,0.04481,0.030534,0.014092,0.456724,0.069475,0.0265,0.010199,0.031457,0.735812,0.020708,0.100035,0.010123,0.091788,2.991136,0.615814,0.740056,0.716324,2.216232,1.197853,1.842626,0.406248,1.68071,2.333714,0.815386,1.242473,1.019454,1.128491,0.621535,0.193322,0.212937,0.144439,0.292004,0.111001,0.289732,0.037395,1.516684,0.305981,0.082833,0.759502,0.472212,0.371406,0.155384,0.008962,0.006428,0.0,0,0.008784,0.0106,0.0017,0.002247,0.007285,0.001294,0.015929,0.005955,0.012196,2.07296,1.485123,0.879068,0.358162,1.430069,1.153134,0.999929,0.501436,0.903269,1.896598,0.657486,1.090191,0.735412,0.971667,3.280715,1.275157,0.826035,0.35229,2.373465,1.29448,0.353332,0.542231,1.590832,2.472134,0.262736,1.685941,1.592302,1.225005,0.003531,0.00128,0.044194,0.0,0,0.0,0.0,0,0,0,0.001294,0.079009,0.066098,0.046286,0.360208,0,0.0,0.009394,0,0.000799,0.008833,0.0,0.379733,0.009714,0.0,0.003823,0.004764,0.042926,0.028252,0.04481,0.016874,0.037578,0.074873,0.047914,0.0795,0.032296,0,0.118993,0.06989,0.07646,0.134577,0.067004,0,0,0,0,0,0,0,0,0,0,0,0,0,0
149,1312,1461,1607,532,289,1605,784,473,1477,894,920,1680,2025,15059,158,556,240,29,124,423,264,32,50,142,90,460,766,3334,311,47,49,260,0,264,64,41,43,200,157,245,574,2255,455,645,280,69,24,637,322,63,312,384,155,614,882,4842,218,40,41,16,61,77,17,6,18,304,21,163,23,1005,840,476,920,645,305,1483,1027,206,763,943,663,2002,1748,12021,177,159,283,114,38,148,165,23,677,121,63,1184,794,3946,46,5,6,0,0,16,5,3,1,3,1,24,17,127,584,1152,1140,289,185,1480,562,247,398,764,517,1672,1208,10198,921,1008,1064,293,331,1606,193,293,714,1013,234,2607,2658,12935,1,1,77,0,0,1,1,0,0,0,2,125,104,312,99,0,0,7,0,2,3,0,169,3,0,7,7,297,9,36,17,48,11,56,54,21,0,47,63,122,222,706,0,0,0,0,0,0,0,0,0,0,0,0,0,0,4.633259,1.870487,1.291282,0.624728,2.163822,1.281703,1.385061,0.803998,3.318728,2.171009,1.190723,1.070439,1.205838,1.423517,0.557969,0.711835,0.192849,0.034055,0.928422,0.337795,0.466398,0.054393,0.112347,0.344836,0.116484,0.293096,0.456134,0.315161,1.09828,0.060173,0.039373,0.305318,0.0,0.210822,0.113066,0.069691,0.096618,0.485684,0.203199,0.156106,0.341803,0.215889,1.606809,0.82578,0.22499,0.081027,0.179695,0.508688,0.568864,0.107086,0.701045,0.932514,0.200611,0.39122,0.525209,0.457711,0.769856,0.051211,0.032945,0.018789,0.456724,0.06149,0.030033,0.010199,0.040445,0.73824,0.02718,0.103858,0.013696,0.095002,2.966416,0.609413,0.739253,0.757425,2.283618,1.184278,1.814359,0.350156,1.714414,2.290002,0.858097,1.275606,1.040891,1.136337,0.625066,0.203564,0.227401,0.13387,0.284516,0.118188,0.291499,0.039095,1.521177,0.293839,0.081539,0.754404,0.472808,0.373013,0.162447,0.006401,0.004821,0.0,0,0.012777,0.008833,0.005099,0.002247,0.007285,0.001294,0.015292,0.010123,0.013238,2.062365,1.474881,0.916031,0.339373,1.385145,1.181882,0.992863,0.419847,0.894282,1.855315,0.669134,1.065341,0.719334,0.96401,3.252463,1.290521,0.854962,0.34407,2.478287,1.282502,0.340965,0.498037,1.604314,2.459992,0.302858,1.661091,1.582774,1.222737,0.003531,0.00128,0.061872,0.0,0,0.000799,0.001767,0,0,0,0.002589,0.079646,0.061929,0.038289,0.349613,0,0.0,0.00822,0,0.001597,0.0053,0.0,0.379733,0.007285,0.0,0.00446,0.004168,0.042076,0.031783,0.04609,0.01366,0.056366,0.08236,0.04472,0.0954,0.035695,0,0.114136,0.081539,0.077734,0.132196,0.069669,0,0,0,0,0,0,0,0,0,0,0,0,0,0
150,1323,1459,1613,541,276,1629,789,538,1479,891,930,1693,1986,15147,159,579,250,34,119,419,261,34,53,144,88,470,814,3424,326,50,61,271,0,286,63,46,45,193,149,246,562,2298,457,631,266,65,25,619,318,82,312,375,149,630,865,4794,217,34,38,16,58,79,16,3,18,308,16,161,26,990,839,477,921,605,302,1457,1017,242,747,937,623,1903,1742,11812,175,151,300,126,37,135,165,27,668,120,62,1210,773,3949,47,6,8,1,0,13,7,1,1,3,2,27,13,129,592,1136,1183,310,191,1377,537,282,395,754,508,1723,1217,10205,928,1018,1082,316,330,1525,189,297,717,999,214,2632,2622,12869,1,1,56,0,0,0,1,0,0,0,0,120,106,285,104,0,0,7,0,3,3,0,166,3,0,6,7,299,9,33,24,40,11,51,53,20,0,44,55,113,218,671,0,0,0,0,0,0,0,0,0,0,0,0,0,0,4.672105,1.867926,1.296103,0.635297,2.066487,1.300869,1.393894,0.914484,3.323222,2.163724,1.203665,1.078722,1.182614,1.431835,0.5615,0.741281,0.200884,0.039926,0.890985,0.3346,0.461098,0.057793,0.119088,0.349693,0.113895,0.299468,0.484717,0.323668,1.151252,0.064014,0.049016,0.318236,0.0,0.228391,0.1113,0.07819,0.101112,0.468685,0.192845,0.156743,0.334657,0.220006,1.613872,0.807856,0.21374,0.07633,0.187182,0.494314,0.561798,0.139382,0.701045,0.910658,0.192845,0.401415,0.515086,0.453173,0.766324,0.043529,0.030534,0.018789,0.434262,0.063087,0.028267,0.005099,0.040445,0.747954,0.020708,0.102584,0.015482,0.093584,2.962884,0.610693,0.740056,0.710452,2.261156,1.163515,1.796693,0.411348,1.678463,2.275432,0.806326,1.212527,1.037318,1.11658,0.618003,0.193322,0.241061,0.147962,0.277029,0.107807,0.291499,0.045894,1.500955,0.291411,0.080244,0.770971,0.460303,0.373296,0.165978,0.007682,0.006428,0.001174,0,0.010381,0.012367,0.0017,0.002247,0.007285,0.002589,0.017203,0.007741,0.01235,2.090617,1.454396,0.950583,0.364033,1.430069,1.099629,0.948696,0.479339,0.887541,1.83103,0.657486,1.097837,0.724694,0.964672,3.277183,1.303324,0.869425,0.371079,2.4708,1.217818,0.333899,0.504836,1.611055,2.425994,0.276972,1.677021,1.561337,1.216498,0.003531,0.00128,0.044998,0.0,0,0.0,0.001767,0,0,0,0.0,0.07646,0.06312,0.046541,0.367271,0,0.0,0.00822,0,0.002396,0.0053,0.0,0.372992,0.007285,0.0,0.003823,0.004168,0.042359,0.031783,0.042249,0.019285,0.046972,0.08236,0.040727,0.093633,0.033996,0,0.106851,0.071185,0.072,0.129814,0.066215,0,0,0,0,0,0,0,0,0,0,0,0,0,0
151,1314,1426,1569,586,271,1599,808,514,1475,887,936,1684,1990,15059,162,557,272,26,116,413,262,34,55,147,89,470,781,3384,316,55,58,283,0,258,65,57,47,193,146,236,547,2261,457,617,282,61,25,614,333,74,300,386,129,598,845,4721,218,39,43,13,55,80,17,1,18,307,19,167,22,999,853,466,892,625,293,1490,1022,216,737,932,649,2001,1749,11925,171,151,262,122,45,136,158,18,671,116,48,1175,773,3846,47,6,12,1,0,10,7,2,1,3,0,24,11,124,576,1125,1170,310,184,1417,562,287,399,757,505,1632,1223,10147,918,992,1086,290,324,1560,193,333,720,981,229,2597,2631,12854,1,1,55,0,0,0,1,0,0,0,4,123,104,289,102,0,0,9,0,2,4,0,169,3,2,7,10,308,11,33,18,39,11,57,45,15,0,47,36,113,211,636,0,0,0,0,0,0,0,0,0,0,0,0,0,0,4.640322,1.825677,1.260747,0.688141,2.029051,1.276912,1.427461,0.873689,3.314234,2.154011,1.211431,1.072987,1.184996,1.423517,0.572095,0.713115,0.218562,0.030532,0.868524,0.329809,0.462865,0.057793,0.123582,0.356978,0.115189,0.299468,0.465066,0.319887,1.115937,0.070415,0.046605,0.332327,0.0,0.206031,0.114833,0.096888,0.105606,0.468685,0.188963,0.150371,0.325725,0.216464,1.613872,0.789932,0.226597,0.071632,0.187182,0.490321,0.588298,0.125784,0.674082,0.937371,0.16696,0.381025,0.503177,0.446273,0.769856,0.049931,0.034552,0.015266,0.4118,0.063886,0.030033,0.0017,0.040445,0.745526,0.024591,0.106407,0.0131,0.094435,3.012325,0.59661,0.716754,0.733938,2.193771,1.189868,1.805526,0.367153,1.655994,2.26329,0.839977,1.274969,1.041487,1.127262,0.603878,0.193322,0.210526,0.143265,0.336927,0.108605,0.279132,0.030596,1.507696,0.281697,0.062125,0.74867,0.460303,0.36356,0.165978,0.007682,0.009642,0.001174,0,0.007986,0.012367,0.0034,0.002247,0.007285,0.0,0.015292,0.00655,0.01282,2.034114,1.440313,0.940137,0.364033,1.377658,1.131572,0.992863,0.487838,0.896528,1.838316,0.653603,1.039855,0.728267,0.959189,3.241869,1.270036,0.87264,0.340547,2.425876,1.245768,0.340965,0.566028,1.617796,2.382282,0.296386,1.65472,1.566696,1.21508,0.003531,0.00128,0.044194,0.0,0,0.0,0.001767,0,0,0,0.005177,0.078371,0.061929,0.041907,0.360208,0,0.0,0.010569,0,0.001597,0.007067,0.0,0.379733,0.007285,0.002589,0.00446,0.005955,0.039329,0.038846,0.042249,0.014464,0.045798,0.08236,0.045518,0.0795,0.025497,0,0.114136,0.046593,0.072,0.125645,0.062761,0,0,0,0,0,0,0,0,0,0,0,0,0,0
152,1304,1429,1631,546,272,1606,790,522,1450,900,896,1714,2035,15095,165,573,247,23,118,409,252,29,55,147,85,474,788,3365,312,54,60,274,0,276,61,53,46,190,134,244,535,2239,450,619,265,71,27,603,322,76,294,376,150,601,838,4692,213,41,34,10,58,73,19,1,19,303,19,158,23,971,842,475,916,611,300,1438,1010,259,744,922,617,1963,1736,11833,166,147,283,103,46,139,165,22,665,115,47,1220,785,3903,59,5,8,0,0,10,6,3,1,3,1,29,10,135,558,1134,1129,304,180,1445,530,261,418,745,539,1724,1239,10206,922,978,1048,302,320,1559,196,298,712,988,203,2641,2665,12832,2,0,54,0,0,3,0,0,0,0,3,125,106,293,99,0,0,7,0,3,2,0,173,2,0,7,11,304,10,28,15,29,11,51,47,22,0,43,61,119,238,674,0,0,0,0,0,0,0,0,0,0,0,0,0,0,4.605008,1.829518,1.310566,0.641169,2.036538,1.282502,1.395661,0.887287,3.258061,2.18558,1.15966,1.092102,1.211793,1.42692,0.582689,0.7336,0.198473,0.027009,0.883498,0.326615,0.445198,0.049294,0.123582,0.356978,0.110012,0.302017,0.469235,0.318091,1.101812,0.069135,0.048212,0.321759,0.0,0.220405,0.107766,0.090089,0.103359,0.4614,0.173431,0.155468,0.318579,0.214357,1.589151,0.792492,0.212937,0.083375,0.202156,0.481537,0.568864,0.129184,0.6606,0.913087,0.19414,0.382937,0.499009,0.443532,0.752198,0.052491,0.02732,0.011743,0.434262,0.058296,0.033567,0.0017,0.042692,0.735812,0.024591,0.100672,0.013696,0.091788,2.973479,0.608132,0.736039,0.717498,2.246181,1.148342,1.784326,0.440244,1.671722,2.239005,0.798561,1.250757,1.033746,1.118565,0.58622,0.188201,0.227401,0.120953,0.344414,0.111001,0.291499,0.037395,1.494214,0.279269,0.06083,0.777342,0.467448,0.368948,0.208355,0.006401,0.006428,0.0,0,0.007986,0.0106,0.005099,0.002247,0.007285,0.001294,0.018478,0.005955,0.014072,1.970548,1.451836,0.907192,0.356988,1.347709,1.153932,0.93633,0.443644,0.93922,1.809175,0.697608,1.098474,0.737794,0.964766,3.255995,1.252112,0.842105,0.354639,2.395927,1.244969,0.346265,0.506536,1.59982,2.399281,0.262736,1.682755,1.586942,1.213,0.007063,0.0,0.043391,0.0,0,0.002396,0.0,0,0,0,0.003883,0.079646,0.06312,0.04308,0.349613,0,0.0,0.00822,0,0.002396,0.003533,0.0,0.38872,0.004857,0.0,0.00446,0.00655,0.043068,0.035314,0.035848,0.012053,0.034055,0.08236,0.040727,0.083033,0.037395,0,0.104422,0.07895,0.075823,0.141723,0.066511,0,0,0,0,0,0,0,0,0,0,0,0,0,0
153,1270,1420,1591,503,267,1621,791,546,1450,892,881,1659,2021,14912,161,564,239,18,113,418,257,33,54,139,78,451,784,3309,309,52,59,274,0,275,60,51,43,202,147,228,527,2227,437,617,249,69,27,616,308,77,294,379,131,600,843,4647,214,39,45,14,56,76,17,2,19,305,13,159,23,982,836,490,860,591,306,1468,1011,212,738,905,605,1943,1746,11711,163,151,281,114,46,138,160,22,661,111,62,1218,752,3879,46,4,7,0,0,10,7,3,1,2,4,27,12,123,566,1096,1146,304,190,1450,522,287,401,752,544,1636,1251,10145,910,1011,1028,269,307,1506,183,312,722,991,222,2597,2637,12695,2,1,57,0,0,0,0,0,0,0,3,120,106,289,96,0,0,8,0,0,4,0,173,2,0,7,11,301,8,30,16,44,11,52,49,14,0,43,51,124,218,660,0,0,0,0,0,0,0,0,0,0,0,0,0,0,4.484938,1.817996,1.278425,0.590674,1.999102,1.29448,1.397428,0.928082,3.258061,2.166153,1.140246,1.057058,1.203456,1.409621,0.568563,0.722077,0.192045,0.021137,0.846062,0.333802,0.454032,0.056093,0.121335,0.337551,0.100953,0.287362,0.466853,0.312797,1.091217,0.066574,0.047409,0.321759,0.0,0.219606,0.106,0.086689,0.096618,0.490541,0.190257,0.145274,0.313816,0.213209,1.543243,0.789932,0.20008,0.081027,0.202156,0.491918,0.544131,0.130883,0.6606,0.920372,0.169549,0.3823,0.501986,0.439278,0.75573,0.049931,0.036159,0.01644,0.419287,0.060691,0.030033,0.0034,0.042692,0.740669,0.016825,0.101309,0.013696,0.092828,2.95229,0.627337,0.691041,0.694012,2.291105,1.172299,1.786093,0.360354,1.658241,2.197722,0.78303,1.238013,1.0397,1.107033,0.575626,0.193322,0.225793,0.13387,0.344414,0.110203,0.282666,0.037395,1.485226,0.269555,0.080244,0.776068,0.447798,0.366679,0.162447,0.005121,0.005625,0.0,0,0.007986,0.012367,0.005099,0.002247,0.004857,0.005177,0.017203,0.007146,0.012821,1.998799,1.403185,0.920852,0.356988,1.422582,1.157925,0.922196,0.487838,0.901022,1.826174,0.70408,1.042403,0.74494,0.959,3.213617,1.294362,0.826035,0.315887,2.298592,1.202645,0.323299,0.530333,1.62229,2.406566,0.287327,1.65472,1.570269,1.20005,0.007063,0.00128,0.045802,0.0,0,0.0,0.0,0,0,0,0.003883,0.07646,0.06312,0.045654,0.339019,0,0.0,0.009394,0,0.0,0.007067,0.0,0.38872,0.004857,0.0,0.00446,0.00655,0.051839,0.028252,0.038408,0.012857,0.051669,0.08236,0.041526,0.086566,0.023797,0,0.104422,0.066007,0.079009,0.129814,0.065129,0,0,0,0,0,0,0,0,0,0,0,0,0,0
154,1285,1412,1522,513,278,1576,777,528,1463,878,896,1652,1979,14759,164,569,245,21,114,412,249,21,53,145,81,449,746,3269,296,54,60,252,0,269,66,53,45,201,139,233,500,2168,443,615,252,80,26,640,308,57,297,379,143,604,816,4660,215,33,34,10,54,67,16,1,19,302,21,169,34,975,836,466,883,606,307,1446,986,237,727,904,623,1967,1675,11663,169,138,274,123,48,154,157,19,665,121,56,1194,764,3882,54,5,9,1,0,17,6,10,1,2,1,20,13,139,560,1112,1141,284,187,1397,534,275,399,738,519,1688,1229,10063,901,990,971,327,326,1536,191,285,707,976,223,2559,2568,12560,2,1,59,0,0,1,0,0,0,0,1,114,102,280,95,0,0,13,0,4,5,0,171,4,0,7,9,308,11,34,23,48,13,42,47,23,0,40,58,107,216,662,0,0,0,0,0,0,0,0,0,0,0,0,0,0,4.53791,1.807753,1.222981,0.602417,2.081462,1.258545,1.372695,0.897486,3.287271,2.132155,1.15966,1.052598,1.178446,1.395158,0.579157,0.728479,0.196866,0.02466,0.853549,0.32901,0.439898,0.035695,0.119088,0.352121,0.104835,0.286087,0.444225,0.309016,1.045308,0.069135,0.048212,0.295924,0.0,0.214815,0.1166,0.090089,0.101112,0.488113,0.179903,0.14846,0.297738,0.20756,1.564431,0.787371,0.202491,0.093944,0.194669,0.511084,0.544131,0.096888,0.667341,0.920372,0.18508,0.384848,0.485908,0.440507,0.759261,0.042249,0.02732,0.011743,0.404313,0.053504,0.028267,0.0017,0.042692,0.733384,0.02718,0.107681,0.020246,0.092166,2.95229,0.59661,0.709522,0.711627,2.298592,1.154731,1.741926,0.402849,1.633524,2.195294,0.806326,1.253305,0.997422,1.102495,0.596815,0.176678,0.220169,0.144439,0.359389,0.12298,0.277366,0.032296,1.494214,0.293839,0.072479,0.760776,0.454943,0.366963,0.190698,0.006401,0.007232,0.001174,0,0.013576,0.0106,0.016998,0.002247,0.004857,0.001294,0.012743,0.007741,0.013308,1.977611,1.42367,0.916834,0.333502,1.40012,1.115601,0.943396,0.467441,0.896528,1.792176,0.671723,1.075536,0.731839,0.951248,3.181834,1.267476,0.780233,0.383997,2.440851,1.226602,0.337432,0.484438,1.588586,2.37014,0.288621,1.630508,1.529181,1.187288,0.007063,0.00128,0.047409,0.0,0,0.000799,0.0,0,0,0,0.001294,0.072637,0.060739,0.036928,0.335488,0,0.0,0.015266,0,0.003194,0.008833,0.0,0.384226,0.009714,0.0,0.00446,0.005359,0.043634,0.038846,0.043529,0.018481,0.056366,0.097335,0.03354,0.083033,0.039095,0,0.097137,0.075067,0.068177,0.128623,0.065327,0,0,0,0,0,0,0,0,0,0,0,0,0,0
155,1237,1403,1549,568,272,1600,762,506,1435,863,906,1657,2018,14776,161,583,254,26,111,399,244,26,49,148,65,466,769,3301,297,52,48,248,0,283,59,62,46,201,132,249,521,2198,442,649,255,63,25,600,301,65,292,377,123,609,855,4656,217,39,38,9,57,70,18,4,20,287,20,158,29,966,830,465,883,603,298,1462,1009,222,727,890,593,1904,1696,11582,167,149,276,119,45,145,167,33,653,112,73,1200,738,3877,49,5,11,0,0,12,5,4,1,3,1,30,15,136,556,1103,1126,311,191,1392,541,272,404,748,528,1678,1243,10093,904,1002,1052,300,313,1562,178,285,697,956,229,2545,2579,12602,2,1,70,0,0,0,0,0,0,0,2,112,95,282,102,0,0,6,0,3,4,0,170,2,0,7,10,304,10,33,17,30,11,48,48,27,0,36,64,115,209,648,0,0,0,0,0,0,0,0,0,0,0,0,0,0,4.368401,1.796231,1.244677,0.667003,2.036538,1.27771,1.346195,0.860091,3.224357,2.095728,1.172603,1.055784,1.20167,1.396765,0.568563,0.746402,0.204098,0.030532,0.831087,0.318629,0.431065,0.044194,0.1101,0.359406,0.084127,0.296919,0.457921,0.312041,1.04884,0.066574,0.03857,0.291227,0.0,0.225995,0.104233,0.105387,0.103359,0.488113,0.170843,0.158654,0.310243,0.210432,1.5609,0.830901,0.204902,0.073981,0.187182,0.479141,0.531765,0.110486,0.656106,0.915515,0.159194,0.388034,0.509132,0.440128,0.766324,0.049931,0.030534,0.010569,0.426774,0.0559,0.0318,0.006799,0.044939,0.696957,0.025885,0.100672,0.017269,0.091315,2.931101,0.59533,0.709522,0.708104,2.231207,1.167508,1.78256,0.377352,1.633524,2.161296,0.767498,1.213164,1.009927,1.094838,0.589752,0.190762,0.221776,0.139742,0.336927,0.115792,0.295032,0.056093,1.467251,0.271983,0.094481,0.764599,0.439461,0.36649,0.173041,0.006401,0.008839,0.0,0,0.009583,0.008833,0.006799,0.002247,0.007285,0.001294,0.019115,0.008932,0.014176,1.963485,1.412147,0.904781,0.365208,1.430069,1.111608,0.955763,0.462341,0.907763,1.81646,0.683371,1.069164,0.740176,0.954084,3.192429,1.282839,0.845319,0.35229,2.343516,1.247365,0.314465,0.484438,1.566116,2.321572,0.296386,1.621587,1.535732,1.191258,0.007063,0.00128,0.056247,0.0,0,0.0,0.0,0,0,0,0.002589,0.071363,0.05657,0.044549,0.360208,0,0.0,0.007046,0,0.002396,0.007067,0.0,0.38198,0.004857,0.0,0.00446,0.005955,0.043068,0.035314,0.042249,0.01366,0.035229,0.08236,0.038331,0.0848,0.045894,0,0.087423,0.082833,0.073274,0.124454,0.063945,0,0,0,0,0,0,0,0,0,0,0,0,0,0
156,1245,1389,1540,541,270,1545,756,495,1425,872,905,1609,2023,14615,158,577,253,26,116,402,249,34,49,149,80,448,766,3307,302,53,56,244,0,266,64,52,46,193,148,229,528,2181,432,620,225,54,27,580,302,69,286,376,131,572,853,4527,211,37,33,6,52,67,17,1,18,288,18,150,22,920,828,455,836,603,299,1433,996,231,730,888,590,1950,1724,11563,165,140,266,121,49,142,157,27,651,117,50,1174,760,3819,45,5,8,0,0,13,6,3,1,3,3,25,20,132,559,1087,1139,322,181,1408,543,296,390,763,507,1684,1228,10107,900,982,1009,326,328,1539,191,291,696,941,205,2516,2585,12509,2,1,60,0,0,2,0,0,0,0,2,107,93,267,98,0,0,9,0,2,6,0,172,3,0,7,10,307,11,32,16,39,10,50,44,18,0,39,40,122,207,628,0,0,0,0,0,0,0,0,0,0,0,0,0,0,4.396652,1.778307,1.237445,0.635297,2.021563,1.233789,1.335595,0.841393,3.201887,2.117584,1.171309,1.0252,1.204647,1.381546,0.557969,0.738721,0.203294,0.030532,0.868524,0.321025,0.439898,0.057793,0.1101,0.361835,0.103541,0.28545,0.456134,0.312608,1.066497,0.067855,0.044998,0.28653,0.0,0.212419,0.113066,0.088389,0.103359,0.468685,0.191551,0.145911,0.314411,0.208805,1.525585,0.793773,0.180796,0.063412,0.202156,0.46317,0.533531,0.117285,0.642624,0.913087,0.169549,0.364459,0.507941,0.427934,0.745135,0.04737,0.026517,0.007046,0.389338,0.053504,0.030033,0.0017,0.040445,0.699386,0.023297,0.095575,0.0131,0.086967,2.924039,0.582527,0.671756,0.708104,2.238694,1.144349,1.759593,0.39265,1.640265,2.156439,0.763616,1.242473,1.0266,1.093042,0.582689,0.179239,0.21374,0.14209,0.366876,0.113397,0.277366,0.045894,1.462757,0.284125,0.064713,0.748033,0.452561,0.361007,0.158915,0.006401,0.006428,0.0,0,0.010381,0.0106,0.005099,0.002247,0.007285,0.003883,0.015929,0.01191,0.013759,1.974079,1.391663,0.915227,0.378125,1.355196,1.124385,0.959296,0.503136,0.876306,1.852886,0.656192,1.072987,0.731244,0.955408,3.178303,1.257234,0.810767,0.382822,2.455825,1.228998,0.337432,0.494637,1.563869,2.285145,0.265324,1.603109,1.539304,1.182467,0.007063,0.00128,0.048212,0.0,0,0.001597,0.0,0,0,0,0.002589,0.068177,0.055379,0.035213,0.346082,0,0.0,0.010569,0,0.001597,0.0106,0.0,0.386473,0.007285,0.0,0.00446,0.005955,0.043493,0.038846,0.040969,0.012857,0.045798,0.074873,0.039928,0.077733,0.030596,0,0.094708,0.051771,0.077734,0.123263,0.061972,0,0,0,0,0,0,0,0,0,0,0,0,0,0
157,1217,1391,1520,537,270,1556,746,466,1430,855,928,1584,1995,14495,154,572,257,20,112,406,244,21,48,139,72,455,725,3225,289,44,42,236,0,277,72,51,46,191,143,239,509,2139,437,643,243,55,27,612,310,65,296,373,145,550,838,4594,210,34,31,10,57,62,19,6,18,282,13,149,23,914,804,445,827,634,291,1439,980,211,722,867,590,1895,1679,11384,165,161,287,115,45,151,156,22,647,115,54,1186,752,3856,42,3,7,0,0,8,7,3,1,3,0,31,16,121,560,1085,1111,319,172,1431,560,281,402,735,515,1669,1229,10069,877,976,1032,290,314,1488,183,297,683,911,241,2470,2530,12292,2,1,72,0,0,0,0,0,0,0,3,117,99,294,95,0,0,6,0,2,2,0,173,3,1,7,9,298,10,34,27,44,10,48,47,20,0,38,46,115,207,646,0,0,0,0,0,0,0,0,0,0,0,0,0,0,4.297772,1.780868,1.221374,0.6306,2.021563,1.242573,1.317928,0.792099,3.213122,2.076301,1.201077,1.009271,1.187974,1.370202,0.543843,0.732319,0.206509,0.023486,0.838574,0.324219,0.431065,0.035695,0.107853,0.337551,0.093187,0.28991,0.43172,0.304857,1.020588,0.056332,0.033748,0.277135,0.0,0.221204,0.127199,0.086689,0.103359,0.463829,0.18508,0.152283,0.303097,0.204784,1.543243,0.823219,0.195259,0.064587,0.202156,0.488724,0.547664,0.110486,0.665094,0.905802,0.187668,0.350441,0.499009,0.434268,0.741604,0.043529,0.02491,0.011743,0.426774,0.049511,0.033567,0.010199,0.040445,0.684815,0.016825,0.094938,0.013696,0.0864,2.839284,0.569724,0.664524,0.744507,2.178796,1.149141,1.731326,0.358654,1.62229,2.105442,0.763616,1.207429,0.999803,1.076122,0.582689,0.206125,0.230615,0.135045,0.336927,0.120584,0.275599,0.037395,1.453769,0.279269,0.06989,0.755679,0.447798,0.364505,0.148321,0.003841,0.005625,0.0,0,0.006389,0.012367,0.005099,0.002247,0.007285,0.0,0.019752,0.009528,0.013717,1.977611,1.389102,0.892728,0.374602,1.287811,1.142752,0.989329,0.477639,0.903269,1.78489,0.666546,1.06343,0.731839,0.951816,3.097079,1.249552,0.829249,0.340547,2.351003,1.188271,0.323299,0.504836,1.534659,2.212293,0.311918,1.5738,1.506553,1.161954,0.007063,0.00128,0.057855,0.0,0,0.0,0.0,0,0,0,0.003883,0.074548,0.058952,0.046444,0.335488,0,0.0,0.007046,0,0.001597,0.003533,0.0,0.38872,0.007285,0.001294,0.00446,0.005359,0.038053,0.035314,0.043529,0.021695,0.051669,0.074873,0.038331,0.083033,0.033996,0,0.09228,0.059536,0.073274,0.123263,0.063748,0,0,0,0,0,0,0,0,0,0,0,0,0,0
158,1205,1368,1466,558,268,1542,766,476,1397,846,925,1570,1976,14363,153,573,256,30,114,399,246,28,46,148,73,453,736,3255,295,48,50,257,0,273,69,56,47,204,151,238,502,2190,432,615,234,74,24,630,290,69,284,380,128,573,851,4584,200,34,30,16,55,67,21,6,15,283,14,142,26,909,799,409,843,560,280,1421,1004,205,710,854,587,1912,1654,11238,166,148,282,119,46,146,166,29,653,118,68,1172,744,3857,50,4,14,1,0,13,7,6,1,3,1,33,23,156,543,1058,1086,298,170,1382,546,290,391,705,539,1645,1182,9835,894,934,983,303,305,1460,190,310,690,925,230,2499,2497,12220,2,1,68,0,0,1,0,0,0,0,1,118,92,283,100,0,0,8,0,0,4,0,172,4,1,7,11,307,11,34,16,33,9,52,49,20,0,39,55,109,217,644,0,0,0,0,0,0,0,0,0,0,0,0,0,0,4.255394,1.751421,1.177983,0.65526,2.006589,1.231393,1.353261,0.809097,3.138973,2.054445,1.197194,1.00035,1.17666,1.357724,0.540311,0.7336,0.205705,0.035229,0.853549,0.318629,0.434598,0.047594,0.103359,0.359406,0.094481,0.288636,0.43827,0.307693,1.041777,0.061453,0.040177,0.301796,0.0,0.218009,0.1219,0.095188,0.105606,0.495398,0.195434,0.151645,0.298929,0.209666,1.525585,0.787371,0.188027,0.086898,0.179695,0.503098,0.512331,0.117285,0.638131,0.9228,0.165666,0.365096,0.50675,0.433322,0.70629,0.043529,0.024106,0.018789,0.4118,0.053504,0.0371,0.010199,0.033704,0.687243,0.01812,0.090478,0.015482,0.085927,2.821627,0.523634,0.67738,0.657609,2.096436,1.134766,1.773726,0.348456,1.595326,2.073873,0.759733,1.218261,0.984917,1.06232,0.58622,0.189481,0.226597,0.139742,0.344414,0.116591,0.293265,0.049294,1.467251,0.286554,0.08801,0.746758,0.443034,0.3646,0.176572,0.005121,0.011249,0.001174,0,0.010381,0.012367,0.010199,0.002247,0.007285,0.001294,0.021026,0.013696,0.014935,1.917576,1.354535,0.87264,0.349942,1.272836,1.103622,0.964596,0.492937,0.878553,1.712038,0.697608,1.048138,0.703852,0.929696,3.157114,1.19578,0.789875,0.355813,2.283618,1.165911,0.335665,0.526933,1.550388,2.246291,0.297681,1.592278,1.486903,1.155148,0.007063,0.00128,0.05464,0.0,0,0.000799,0.0,0,0,0,0.001294,0.075186,0.054784,0.037323,0.353145,0,0.0,0.009394,0,0.0,0.007067,0.0,0.386473,0.009714,0.001294,0.00446,0.00655,0.046663,0.038846,0.043529,0.012857,0.038752,0.067385,0.041526,0.086566,0.033996,0,0.094708,0.071185,0.069451,0.129218,0.06355,0,0,0,0,0,0,0,0,0,0,0,0,0,0
159,1221,1362,1473,547,271,1556,771,473,1388,854,925,1584,1951,14376,150,560,241,27,115,389,250,26,46,130,79,447,739,3199,295,47,47,239,0,286,64,50,44,194,144,236,532,2178,427,612,222,68,26,617,292,63,284,377,119,568,846,4521,200,31,35,15,52,69,21,3,17,279,26,146,20,914,789,430,804,601,282,1427,993,215,686,851,593,1842,1649,11162,163,150,289,117,47,146,155,23,647,115,74,1135,723,3784,41,4,11,0,0,14,7,4,1,3,1,34,21,141,540,1031,1078,311,179,1447,548,297,384,704,505,1622,1192,9838,872,964,991,310,308,1451,176,308,681,915,206,2452,2426,12060,2,1,63,0,0,1,0,0,0,0,2,116,94,279,92,0,0,6,0,3,2,0,169,4,0,8,9,293,9,43,19,46,8,52,43,15,0,39,51,116,209,650,0,0,0,0,0,0,0,0,0,0,0,0,0,0,4.311897,1.743739,1.183608,0.642343,2.029051,1.242573,1.362095,0.803998,3.118751,2.073873,1.197194,1.009271,1.161773,1.358953,0.529717,0.716956,0.193652,0.031706,0.861036,0.310643,0.441665,0.044194,0.103359,0.315695,0.102247,0.284813,0.440056,0.302399,1.041777,0.060173,0.037766,0.280658,0.0,0.228391,0.113066,0.084989,0.098865,0.471114,0.186374,0.150371,0.316793,0.208517,1.507928,0.78353,0.178385,0.079853,0.194669,0.492717,0.515865,0.107086,0.638131,0.915515,0.154017,0.36191,0.503772,0.427367,0.70629,0.039689,0.028124,0.017615,0.389338,0.055101,0.0371,0.005099,0.038198,0.67753,0.033651,0.093026,0.01191,0.0864,2.786312,0.55052,0.646043,0.705755,2.111411,1.139558,1.754293,0.365454,1.5414,2.066587,0.767498,1.17366,0.981939,1.055136,0.575626,0.192042,0.232222,0.137393,0.351902,0.116591,0.273832,0.039095,1.453769,0.279269,0.095776,0.723183,0.430529,0.357699,0.144789,0.005121,0.008839,0.0,0,0.01118,0.012367,0.006799,0.002247,0.007285,0.001294,0.021664,0.012505,0.014697,1.906982,1.319967,0.866211,0.365208,1.340222,1.155529,0.968129,0.504836,0.862824,1.709609,0.653603,1.033483,0.709807,0.929979,3.079422,1.234189,0.796304,0.364033,2.30608,1.158724,0.310932,0.523534,1.530165,2.222006,0.266618,1.562331,1.444624,1.140023,0.007063,0.00128,0.050623,0.0,0,0.000799,0.0,0,0,0,0.002589,0.073911,0.055975,0.036796,0.324893,0,0.0,0.007046,0,0.002396,0.003533,0.0,0.379733,0.009714,0.0,0.005097,0.005359,0.041509,0.031783,0.055052,0.015267,0.054018,0.059898,0.041526,0.075966,0.025497,0,0.094708,0.066007,0.073911,0.124454,0.064143,0,0,0,0,0,0,0,0,0,0,0,0,0,0
160,1190,1329,1422,545,263,1534,735,476,1392,824,901,1580,1939,14130,152,566,250,28,117,395,245,32,45,130,84,432,753,3229,285,45,46,258,0,269,65,62,42,185,143,228,497,2125,424,616,243,59,26,598,297,65,287,366,125,555,843,4504,195,29,40,21,49,73,21,4,18,285,22,150,23,930,793,419,799,596,270,1408,972,219,684,850,560,1883,1604,11057,161,140,248,129,44,149,147,25,634,117,52,1138,755,3739,39,7,12,1,0,16,5,2,1,3,1,40,12,139,529,1045,1064,319,171,1357,554,277,375,703,509,1630,1166,9699,866,928,957,344,297,1468,179,322,679,900,209,2442,2451,12042,2,1,51,0,0,0,0,0,0,0,1,120,85,260,90,0,0,11,0,3,3,0,164,4,1,7,9,292,9,26,13,44,10,56,40,25,0,40,44,125,224,656,0,0,0,0,0,0,0,0,0,0,0,0,0,0,4.202423,1.70149,1.142628,0.639994,1.969152,1.225005,1.298495,0.809097,3.127738,2.00102,1.166132,1.006722,1.154627,1.335699,0.53678,0.724638,0.200884,0.03288,0.876011,0.315435,0.432832,0.054393,0.101112,0.315695,0.108718,0.275256,0.448393,0.305235,1.006463,0.057613,0.036963,0.30297,0.0,0.214815,0.114833,0.105387,0.094371,0.449258,0.18508,0.145274,0.295951,0.203443,1.497334,0.788652,0.195259,0.069284,0.194669,0.477544,0.524698,0.110486,0.644871,0.888803,0.161783,0.353627,0.501986,0.42576,0.688632,0.037128,0.032141,0.02466,0.366876,0.058296,0.0371,0.006799,0.040445,0.6921,0.028474,0.095575,0.013696,0.087912,2.800438,0.536437,0.642025,0.699884,2.021563,1.124385,1.717193,0.372253,1.536906,2.064159,0.724788,1.199783,0.955143,1.045211,0.568563,0.179239,0.199277,0.151485,0.32944,0.118987,0.259699,0.042495,1.424559,0.284125,0.067302,0.725095,0.449584,0.353445,0.137726,0.008962,0.009642,0.001174,0,0.012777,0.008833,0.0034,0.002247,0.007285,0.001294,0.025487,0.007146,0.013308,1.868136,1.337891,0.854962,0.374602,1.280323,1.083658,0.978729,0.47084,0.842602,1.707181,0.65878,1.03858,0.694325,0.91684,3.058234,1.188099,0.768984,0.40396,2.22372,1.172299,0.316232,0.54733,1.525671,2.18558,0.270501,1.555959,1.459511,1.138322,0.007063,0.00128,0.04098,0.0,0,0.0,0.0,0,0,0,0.001294,0.07646,0.050615,0.041073,0.31783,0,0.0,0.012917,0,0.002396,0.0053,0.0,0.368498,0.009714,0.001294,0.00446,0.005359,0.037286,0.031783,0.033287,0.010446,0.051669,0.074873,0.04472,0.070666,0.042495,0,0.097137,0.056948,0.079646,0.133387,0.064735,0,0,0,0,0,0,0,0,0,0,0,0,0,0
161,1186,1333,1446,500,266,1533,745,494,1381,828,941,1642,1926,14221,153,546,230,29,113,391,238,25,43,128,81,434,731,3142,286,46,51,240,0,278,64,52,45,186,139,236,509,2132,430,607,224,52,27,600,296,71,289,359,134,559,801,4449,199,35,40,12,55,71,20,4,17,278,17,137,23,908,766,419,794,570,268,1432,946,216,670,845,632,1842,1653,11053,162,136,280,113,47,140,157,30,635,107,60,1106,723,3696,42,5,8,0,0,12,5,2,1,3,0,30,20,128,533,1028,1046,306,173,1357,544,271,383,727,496,1593,1167,9624,855,918,987,285,299,1433,175,307,669,931,234,2371,2435,11899,2,1,68,0,0,0,1,0,0,0,2,126,94,294,95,0,0,9,0,0,3,0,165,4,0,9,7,292,9,34,23,41,8,54,41,10,0,40,55,106,202,623,0,0,0,0,0,0,0,0,0,0,0,0,0,0,4.188297,1.706611,1.161912,0.587151,1.991614,1.224206,1.316161,0.839693,3.103022,2.010734,1.217902,1.046226,1.146886,1.344301,0.540311,0.699032,0.184813,0.034055,0.846062,0.31224,0.420465,0.042495,0.096618,0.310838,0.104835,0.27653,0.435293,0.297011,1.009994,0.058893,0.04098,0.281832,0.0,0.222002,0.113066,0.088389,0.101112,0.451687,0.179903,0.150371,0.303097,0.204113,1.518522,0.777129,0.179992,0.061064,0.202156,0.479141,0.522931,0.120685,0.649365,0.871804,0.173431,0.356176,0.476976,0.420561,0.702758,0.04481,0.032141,0.014092,0.4118,0.056698,0.035333,0.006799,0.038198,0.675101,0.022002,0.087292,0.013696,0.085833,2.705089,0.536437,0.638007,0.669352,2.006589,1.143551,1.67126,0.367153,1.505449,2.052017,0.817975,1.17366,0.984321,1.044832,0.572095,0.174118,0.22499,0.132696,0.351902,0.1118,0.277366,0.050994,1.426806,0.259841,0.077656,0.704705,0.430529,0.34938,0.148321,0.006401,0.006428,0.0,0,0.009583,0.008833,0.0034,0.002247,0.007285,0.0,0.019115,0.01191,0.014511,1.882262,1.316126,0.840498,0.359336,1.295298,1.083658,0.961063,0.460641,0.860577,1.765463,0.641955,1.015005,0.69492,0.90975,3.019388,1.175296,0.79309,0.334676,2.238694,1.144349,0.309165,0.521834,1.503202,2.260861,0.302858,1.51072,1.449983,1.124804,0.007063,0.00128,0.05464,0.0,0,0.0,0.001767,0,0,0,0.002589,0.080283,0.055975,0.042632,0.335488,0,0.0,0.010569,0,0.0,0.0053,0.0,0.370745,0.009714,0.0,0.005734,0.004168,0.050289,0.031783,0.043529,0.018481,0.048146,0.059898,0.043123,0.072433,0.016998,0,0.097137,0.071185,0.06754,0.120286,0.061478,0,0,0,0,0,0,0,0,0,0,0,0,0,0
162,1185,1358,1460,507,259,1539,735,517,1359,821,849,1553,1917,14059,150,547,245,23,115,392,239,30,43,120,78,423,721,3126,296,37,36,261,0,261,65,63,44,185,144,238,535,2165,416,621,238,62,24,608,298,83,287,356,113,550,860,4516,182,36,36,10,57,73,18,5,17,278,10,139,24,885,769,415,828,567,253,1390,946,205,667,836,573,1837,1615,10901,155,147,269,119,42,145,152,34,624,117,63,1126,738,3731,49,5,15,0,0,16,7,2,1,3,0,29,22,149,539,1038,1032,307,181,1320,552,286,381,715,499,1606,1147,9603,841,936,986,305,279,1417,169,327,667,946,195,2399,2475,11942,2,1,58,0,0,1,0,0,0,0,1,119,92,274,89,0,0,9,0,2,7,0,165,4,1,6,7,290,7,28,26,44,9,59,44,18,0,45,48,104,219,651,0,0,0,0,0,0,0,0,0,0,0,0,0,0,4.184765,1.738618,1.173162,0.595371,1.939203,1.228998,1.298495,0.878788,3.053589,1.993735,1.09883,0.989519,1.141527,1.328988,0.529717,0.700312,0.196866,0.027009,0.861036,0.313039,0.422232,0.050994,0.096618,0.291411,0.100953,0.269521,0.429338,0.295499,1.045308,0.04737,0.028927,0.306493,0.0,0.208426,0.114833,0.107086,0.098865,0.449258,0.186374,0.151645,0.318579,0.207273,1.469082,0.795053,0.191241,0.072807,0.179695,0.48553,0.526465,0.141082,0.644871,0.864518,0.146252,0.350441,0.512109,0.426894,0.642723,0.04609,0.028927,0.011743,0.426774,0.058296,0.0318,0.008499,0.038198,0.675101,0.012943,0.088566,0.014291,0.083658,2.715683,0.531316,0.665327,0.665829,1.89428,1.110011,1.67126,0.348456,1.498708,2.030161,0.741613,1.170474,0.961693,1.030464,0.547374,0.188201,0.216151,0.139742,0.314465,0.115792,0.268532,0.057793,1.40209,0.284125,0.081539,0.717449,0.439461,0.352689,0.173041,0.006401,0.012053,0.0,0,0.012777,0.012367,0.0034,0.002247,0.007285,0.0,0.018478,0.0131,0.016892,1.90345,1.328929,0.829249,0.360511,1.355196,1.054111,0.975196,0.486138,0.856084,1.736322,0.645838,1.023288,0.68301,0.907765,2.969947,1.198341,0.792286,0.358162,2.088949,1.131572,0.298565,0.555829,1.498708,2.297287,0.252381,1.528561,1.473802,1.128869,0.007063,0.00128,0.046605,0.0,0,0.000799,0.0,0,0,0,0.001294,0.075823,0.054784,0.036136,0.314299,0,0.0,0.010569,0,0.001597,0.012367,0.0,0.370745,0.009714,0.001294,0.003823,0.004168,0.037031,0.02472,0.035848,0.020892,0.051669,0.067385,0.047116,0.077733,0.030596,0,0.109279,0.062125,0.066265,0.130409,0.064241,0,0,0,0,0,0,0,0,0,0,0,0,0,0
163,1220,1325,1400,528,255,1540,709,481,1347,824,966,1591,1943,14129,156,537,250,35,116,385,229,31,43,126,85,432,716,3141,300,42,42,254,0,285,68,56,41,192,155,243,519,2197,413,619,219,64,26,612,290,66,280,358,154,546,839,4486,181,32,43,17,54,70,18,2,17,268,20,130,25,877,763,402,774,581,248,1373,922,208,660,847,577,1831,1607,10793,153,141,277,119,40,141,154,22,621,114,60,1116,738,3696,48,5,11,0,0,8,6,3,1,3,0,28,24,137,525,1058,1029,305,179,1363,529,311,380,699,491,1586,1158,9613,851,897,931,278,292,1414,158,274,642,916,237,2351,2424,11665,2,1,59,0,0,0,0,0,0,0,2,109,95,268,99,0,0,8,0,0,3,0,162,4,1,6,7,290,11,34,15,41,9,49,43,13,0,41,52,111,207,626,0,0,0,0,0,0,0,0,0,0,0,0,0,0,4.308366,1.696369,1.12495,0.620031,1.909254,1.229796,1.252562,0.817596,3.026626,2.00102,1.250259,1.013731,1.157009,1.335605,0.550906,0.68751,0.200884,0.041101,0.868524,0.307449,0.404565,0.052693,0.096618,0.305981,0.110012,0.275256,0.426361,0.296917,1.059434,0.053772,0.033748,0.298273,0.0,0.227592,0.120133,0.095188,0.092124,0.466257,0.200611,0.154831,0.309052,0.210336,1.458488,0.792492,0.175974,0.075155,0.194669,0.488724,0.512331,0.112186,0.629143,0.869375,0.199317,0.347893,0.499604,0.424058,0.639192,0.040969,0.034552,0.019963,0.404313,0.0559,0.0318,0.0034,0.038198,0.650817,0.025885,0.082832,0.014887,0.082902,2.694494,0.514672,0.621937,0.682269,1.856843,1.096435,1.62886,0.353555,1.482979,2.056874,0.74679,1.166651,0.956929,1.020255,0.540311,0.180519,0.222579,0.139742,0.299491,0.112598,0.272066,0.037395,1.395349,0.27684,0.077656,0.711077,0.439461,0.34938,0.169509,0.006401,0.008839,0.0,0,0.006389,0.0106,0.005099,0.002247,0.007285,0.0,0.017841,0.014291,0.015531,1.85401,1.354535,0.826838,0.358162,1.340222,1.088449,0.934563,0.528633,0.853837,1.697467,0.635484,1.010545,0.689561,0.90871,3.005262,1.14841,0.748092,0.326456,2.186283,1.129177,0.279132,0.465741,1.442535,2.224435,0.306741,1.497977,1.443433,1.102684,0.007063,0.00128,0.047409,0.0,0,0.0,0.0,0,0,0,0.002589,0.069451,0.05657,0.042337,0.349613,0,0.0,0.009394,0,0.0,0.0053,0.0,0.364004,0.009714,0.001294,0.003823,0.004168,0.044079,0.038846,0.043529,0.012053,0.048146,0.067385,0.03913,0.075966,0.022097,0,0.099565,0.067302,0.070725,0.123263,0.061774,0,0,0,0,0,0,0,0,0,0,0,0,0,0
164,1196,1323,1405,529,248,1534,728,482,1354,810,891,1572,1961,14033,150,542,233,34,107,403,219,25,45,115,70,422,744,3109,288,45,47,253,0,283,74,49,42,193,152,225,492,2143,399,592,220,70,24,597,287,71,286,349,147,575,869,4486,172,41,26,13,47,69,18,4,17,282,11,138,26,864,765,408,760,545,252,1366,928,211,660,857,552,1821,1666,10791,153,139,256,126,41,148,147,19,619,121,52,1066,741,3628,38,3,10,0,0,12,5,3,1,3,1,32,21,129,507,1024,977,305,178,1327,532,280,372,700,491,1592,1135,9420,845,917,946,269,284,1397,158,289,640,921,216,2334,2465,11681,2,0,62,0,0,0,0,0,0,0,2,108,99,273,98,0,0,8,0,1,4,0,164,4,0,7,8,294,8,33,15,29,8,48,47,20,0,42,52,101,208,611,0,0,0,0,0,0,0,0,0,0,0,0,0,0,4.223611,1.693809,1.128967,0.621206,1.856843,1.225005,1.286128,0.819296,3.042355,1.967022,1.153189,1.001625,1.167728,1.32653,0.529717,0.693911,0.187224,0.039926,0.801138,0.321823,0.386898,0.042495,0.101112,0.279269,0.090598,0.268884,0.443034,0.293892,1.017057,0.057613,0.037766,0.297098,0.0,0.225995,0.130733,0.083289,0.094371,0.468685,0.196728,0.143362,0.292974,0.205167,1.409048,0.757925,0.176778,0.082201,0.179695,0.476746,0.507031,0.120685,0.642624,0.847519,0.190257,0.36637,0.517468,0.424058,0.607409,0.052491,0.020892,0.015266,0.351902,0.055101,0.0318,0.006799,0.038198,0.684815,0.014237,0.087929,0.015482,0.081673,2.701557,0.522354,0.610687,0.639994,1.886792,1.090845,1.63946,0.358654,1.482979,2.081158,0.714434,1.160279,0.992062,1.020066,0.540311,0.177959,0.205705,0.147962,0.306978,0.118188,0.259699,0.032296,1.390855,0.293839,0.067302,0.679219,0.441247,0.342952,0.134195,0.003841,0.008035,0.0,0,0.009583,0.008833,0.005099,0.002247,0.007285,0.001294,0.020389,0.012505,0.013446,1.790444,1.311005,0.785054,0.358162,1.332734,1.059701,0.939863,0.47594,0.835861,1.699896,0.635484,1.014368,0.675865,0.890466,2.984073,1.174015,0.760145,0.315887,2.126385,1.115601,0.279132,0.491238,1.438041,2.236577,0.279561,1.487145,1.467847,1.104197,0.007063,0.0,0.049819,0.0,0,0.0,0.0,0,0,0,0.002589,0.068814,0.058952,0.049197,0.346082,0,0.0,0.009394,0,0.000799,0.007067,0.0,0.368498,0.009714,0.0,0.00446,0.004764,0.041651,0.028252,0.042249,0.012053,0.034055,0.059898,0.038331,0.083033,0.033996,0,0.101994,0.067302,0.064354,0.123859,0.060294,0,0,0,0,0,0,0,0,0,0,0,0,0,0
165,1187,1298,1374,500,256,1544,715,461,1352,791,904,1527,1918,13827,151,555,233,26,111,390,219,34,48,120,83,405,705,3080,298,50,45,260,0,264,75,46,41,197,136,217,513,2142,401,605,226,69,24,585,270,64,287,345,147,568,821,4412,171,42,32,15,47,66,17,2,17,276,12,141,20,858,757,409,808,603,250,1360,927,212,666,848,584,1779,1634,10837,157,130,274,105,43,137,144,23,614,114,53,1035,739,3568,40,3,10,0,0,12,5,4,1,3,0,30,19,127,512,1012,955,296,167,1335,523,257,381,679,508,1604,1142,9371,832,898,973,295,283,1391,145,291,634,928,230,2307,2446,11653,2,0,60,0,0,0,0,0,0,0,2,103,97,264,95,0,0,11,0,2,5,0,162,4,1,8,9,297,10,36,17,37,10,64,42,8,0,39,45,96,202,606,0,0,0,0,0,0,0,0,0,0,0,0,0,0,4.191828,1.661802,1.104058,0.587151,1.916742,1.23299,1.263162,0.7836,3.037861,1.920882,1.170014,0.972952,1.142122,1.307057,0.533249,0.710555,0.187224,0.030532,0.831087,0.311442,0.386898,0.057793,0.107853,0.291411,0.107424,0.258052,0.41981,0.29115,1.052371,0.064014,0.036159,0.305318,0.0,0.210822,0.132499,0.07819,0.092124,0.478399,0.17602,0.138265,0.305479,0.205071,1.41611,0.774569,0.181599,0.081027,0.179695,0.467163,0.476998,0.108786,0.644871,0.837806,0.190257,0.36191,0.488885,0.417063,0.603878,0.053772,0.025713,0.017615,0.351902,0.052706,0.030033,0.0034,0.038198,0.670245,0.015531,0.08984,0.01191,0.081106,2.673306,0.523634,0.649257,0.708104,1.871818,1.086054,1.637693,0.360354,1.496461,2.059302,0.75585,1.133518,0.973007,1.024414,0.554437,0.166436,0.220169,0.123302,0.321953,0.109404,0.254399,0.039095,1.37962,0.27684,0.068596,0.659467,0.440056,0.337281,0.141258,0.003841,0.008035,0.0,0,0.009583,0.008833,0.006799,0.002247,0.007285,0.0,0.019115,0.011314,0.014398,1.808101,1.295642,0.767376,0.347593,1.250374,1.06609,0.923963,0.436845,0.856084,1.648899,0.657486,1.022014,0.680033,0.885834,2.938164,1.14969,0.78184,0.346419,2.118898,1.110809,0.256166,0.494637,1.424559,2.253576,0.297681,1.469942,1.456533,1.10155,0.007063,0.0,0.048212,0.0,0,0.0,0.0,0,0,0,0.002589,0.065628,0.057761,0.047575,0.335488,0,0.0,0.012917,0,0.001597,0.008833,0.0,0.364004,0.009714,0.001294,0.005097,0.005359,0.037925,0.035314,0.04609,0.01366,0.043449,0.074873,0.051108,0.0742,0.013598,0,0.094708,0.058242,0.061168,0.120286,0.059801,0,0,0,0,0,0,0,0,0,0,0,0,0,0
166,1182,1252,1429,487,253,1489,725,471,1339,804,897,1534,1935,13797,156,556,226,27,105,393,230,34,52,116,81,402,701,3079,294,47,58,252,0,261,70,37,38,187,145,234,516,2139,401,594,228,64,23,606,282,74,291,348,136,578,867,4492,170,33,35,15,44,67,19,4,17,262,13,136,21,836,738,405,744,574,247,1342,906,201,657,828,572,1828,1606,10648,155,126,257,99,35,139,145,30,613,108,58,1070,709,3544,46,4,9,0,0,14,6,7,1,3,0,32,21,143,511,1014,1007,297,173,1341,522,267,369,679,484,1583,1133,9380,830,875,946,242,290,1395,150,278,634,918,221,2337,2377,11493,2,1,65,0,0,2,0,0,0,0,0,104,101,275,100,0,0,11,0,1,6,0,164,3,0,7,7,299,10,33,25,31,6,50,44,10,0,41,55,105,197,607,0,0,0,0,0,0,0,0,0,0,0,0,0,0,4.174171,1.602909,1.148252,0.571885,1.89428,1.189069,1.280828,0.800598,3.008651,1.952451,1.160955,0.977412,1.152245,1.304221,0.550906,0.711835,0.181599,0.031706,0.786164,0.313838,0.406332,0.057793,0.116841,0.281697,0.104835,0.256141,0.417428,0.291056,1.038246,0.060173,0.046605,0.295924,0.0,0.208426,0.123666,0.062892,0.085384,0.454115,0.187668,0.149097,0.307265,0.204784,1.41611,0.760485,0.183206,0.075155,0.172207,0.483933,0.498198,0.125784,0.653859,0.845091,0.17602,0.368282,0.516277,0.424626,0.600346,0.042249,0.028124,0.017615,0.32944,0.053504,0.033567,0.006799,0.038198,0.636247,0.016825,0.086655,0.012505,0.079026,2.606208,0.518513,0.59783,0.674049,1.849356,1.07168,1.600594,0.341657,1.476239,2.010734,0.740319,1.164739,0.956334,1.006548,0.547374,0.161315,0.206509,0.116256,0.262055,0.111001,0.256166,0.050994,1.377373,0.26227,0.075067,0.681767,0.422192,0.335012,0.162447,0.005121,0.007232,0.0,0,0.01118,0.0106,0.011898,0.002247,0.007285,0.0,0.020389,0.012505,0.016211,1.80457,1.298202,0.80916,0.348768,1.295298,1.070881,0.922196,0.453842,0.82912,1.648899,0.626424,1.008634,0.674674,0.886685,2.931101,1.120244,0.760145,0.284181,2.171309,1.114004,0.264999,0.47254,1.424559,2.229292,0.286032,1.489057,1.415445,1.086425,0.007063,0.00128,0.05223,0.0,0,0.001597,0.0,0,0,0,0.0,0.066265,0.060143,0.040383,0.353145,0,0.0,0.012917,0,0.000799,0.0106,0.0,0.368498,0.007285,0.0,0.00446,0.004168,0.042359,0.035314,0.042249,0.020088,0.036403,0.044924,0.039928,0.077733,0.016998,0,0.099565,0.071185,0.066902,0.117309,0.059899,0,0,0,0,0,0,0,0,0,0,0,0,0,0
167,1161,1291,1415,526,252,1514,694,447,1341,801,903,1511,1931,13787,155,547,240,28,105,395,215,34,56,118,87,406,719,3105,292,49,45,277,0,268,59,45,36,191,135,201,527,2125,396,595,214,68,22,581,281,66,288,364,129,573,858,4435,167,39,37,14,42,65,16,2,19,264,21,131,27,844,739,403,746,540,236,1373,893,223,656,820,588,1769,1599,10585,162,117,279,99,37,131,146,33,607,113,55,1031,718,3528,51,5,13,0,0,9,5,2,1,4,0,32,18,140,517,987,1008,309,176,1331,518,267,380,676,463,1551,1125,9308,828,852,985,293,279,1399,145,276,632,906,223,2297,2419,11534,2,1,56,0,0,0,1,0,0,0,2,100,93,255,93,0,0,7,0,1,7,0,164,4,0,6,8,290,11,33,17,37,7,50,41,10,0,41,48,97,192,584,0,0,0,0,0,0,0,0,0,0,0,0,0,0,4.100011,1.65284,1.137003,0.617683,1.886792,1.209033,1.226062,0.759804,3.013145,1.945166,1.16872,0.962758,1.149863,1.303276,0.547374,0.700312,0.192849,0.03288,0.786164,0.315435,0.379832,0.057793,0.125829,0.286554,0.112601,0.258689,0.428147,0.293513,1.031183,0.062734,0.036159,0.325282,0.0,0.214016,0.104233,0.07649,0.08089,0.463829,0.174726,0.12807,0.313816,0.203443,1.398453,0.761766,0.171957,0.079853,0.16472,0.463969,0.496431,0.112186,0.647118,0.883946,0.16696,0.365096,0.510918,0.419237,0.589752,0.049931,0.029731,0.01644,0.314465,0.051907,0.028267,0.0034,0.042692,0.641103,0.02718,0.083469,0.016078,0.079783,2.60974,0.515952,0.599438,0.634123,1.766996,1.096435,1.577627,0.379052,1.473992,1.991306,0.761027,1.127146,0.952165,1.000593,0.572095,0.149793,0.224186,0.116256,0.277029,0.104613,0.257932,0.056093,1.363892,0.274412,0.071185,0.656918,0.427551,0.333499,0.180104,0.006401,0.010446,0.0,0,0.007187,0.008833,0.0034,0.002247,0.009714,0.0,0.020389,0.010719,0.015871,1.825758,1.263635,0.809964,0.362859,1.31776,1.062895,0.91513,0.453842,0.853837,1.641613,0.599244,0.988244,0.66991,0.879879,2.924039,1.090797,0.791483,0.34407,2.088949,1.117198,0.256166,0.46914,1.420065,2.200151,0.288621,1.46357,1.440455,1.090301,0.007063,0.00128,0.044998,0.0,0,0.0,0.001767,0,0,0,0.002589,0.063717,0.055379,0.036977,0.328425,0,0.0,0.00822,0,0.000799,0.012367,0.0,0.368498,0.009714,0.0,0.003823,0.004764,0.041084,0.038846,0.042249,0.01366,0.043449,0.052411,0.039928,0.072433,0.016998,0,0.099565,0.062125,0.061805,0.114331,0.05763,0,0,0,0,0,0,0,0,0,0,0,0,0,0
