Variable,Overall__Emory,Overall__JHU,Overall__MIMIC,Overall__Michigan,Overall__NU,Overall__OHSU,Overall__RUSH,Overall__Sunnybrook,Overall__UCMC,Overall__UCSF,Overall__UMN,Overall__UPenn,Overall__ALL,2011__Emory,2011__JHU,2011__MIMIC,2011__Michigan,2011__NU,2011__OHSU,2011__RUSH,2011__Sunnybrook,2011__UCMC,2011__UCSF,2011__UMN,2011__UPenn,2011__ALL,2012__Emory,2012__JHU,2012__MIMIC,2012__Michigan,2012__NU,2012__OHSU,2012__RUSH,2012__Sunnybrook,2012__UCMC,2012__UCSF,2012__UMN,2012__UPenn,2012__ALL,2013__Emory,2013__JHU,2013__MIMIC,2013__Michigan,2013__NU,2013__OHSU,2013__RUSH,2013__Sunnybrook,2013__UCMC,2013__UCSF,2013__UMN,2013__UPenn,2013__ALL,2014__Emory,2014__JHU,2014__MIMIC,2014__Michigan,2014__NU,2014__OHSU,2014__RUSH,2014__Sunnybrook,2014__UCMC,2014__UCSF,2014__UMN,2014__UPenn,2014__ALL,2015__Emory,2015__JHU,2015__MIMIC,2015__Michigan,2015__NU,2015__OHSU,2015__RUSH,2015__Sunnybrook,2015__UCMC,2015__UCSF,2015__UMN,2015__UPenn,2015__ALL,2016__Emory,2016__JHU,2016__MIMIC,2016__Michigan,2016__NU,2016__OHSU,2016__RUSH,2016__Sunnybrook,2016__UCMC,2016__UCSF,2016__UMN,2016__UPenn,2016__ALL,2017__Emory,2017__JHU,2017__MIMIC,2017__Michigan,2017__NU,2017__OHSU,2017__RUSH,2017__Sunnybrook,2017__UCMC,2017__UCSF,2017__UMN,2017__UPenn,2017__ALL,2018__Emory,2018__JHU,2018__MIMIC,2018__Michigan,2018__NU,2018__OHSU,2018__RUSH,2018__Sunnybrook,2018__UCMC,2018__UCSF,2018__UMN,2018__UPenn,2018__ALL,2019__Emory,2019__JHU,2019__MIMIC,2019__Michigan,2019__NU,2019__OHSU,2019__RUSH,2019__Sunnybrook,2019__UCMC,2019__UCSF,2019__UMN,2019__UPenn,2019__ALL,2020__Emory,2020__JHU,2020__MIMIC,2020__Michigan,2020__NU,2020__OHSU,2020__RUSH,2020__Sunnybrook,2020__UCMC,2020__UCSF,2020__UMN,2020__UPenn,2020__ALL,2021__Emory,2021__JHU,2021__MIMIC,2021__Michigan,2021__NU,2021__OHSU,2021__RUSH,2021__Sunnybrook,2021__UCMC,2021__UCSF,2021__UMN,2021__UPenn,2021__ALL,2022__Emory,2022__JHU,2022__MIMIC,2022__Michigan,2022__NU,2022__OHSU,2022__RUSH,2022__Sunnybrook,2022__UCMC,2022__UCSF,2022__UMN,2022__UPenn,2022__ALL,2023__Emory,2023__JHU,2023__MIMIC,2023__Michigan,2023__NU,2023__OHSU,2023__RUSH,2023__Sunnybrook,2023__UCMC,2023__UCSF,2023__UMN,2023__UPenn,2023__ALL,2024__Emory,2024__JHU,2024__MIMIC,2024__Michigan,2024__NU,2024__OHSU,2024__RUSH,2024__Sunnybrook,2024__UCMC,2024__UCSF,2024__UMN,2024__UPenn,2024__ALL,2025__Emory,2025__JHU,2025__MIMIC,2025__Michigan,2025__NU,2025__OHSU,2025__RUSH,2025__Sunnybrook,2025__UCMC,2025__UCSF,2025__UMN,2025__UPenn,2025__ALL,2026__Emory,2026__JHU,2026__MIMIC,2026__Michigan,2026__NU,2026__OHSU,2026__RUSH,2026__Sunnybrook,2026__UCMC,2026__UCSF,2026__UMN,2026__UPenn,2026__ALL
N: Encounter blocks,"100,908","163,030","89,832","17,135","126,474","68,263","66,440","58,867","49,596","77,268","219,231","198,063","1,235,107",,,,,,,,,,,"5,726",,"5,726",,,,,,,,,,"3,104","9,651",,"12,755",,,,,,,,,,"5,265","10,638",,"15,903",,,,,,,,,,"5,207","13,724",,"18,931",,,,,,,,20,,"5,627","16,080",,"21,727",,,,,,"7,290",,244,,"5,751","16,365",,"29,650",,"9,605",,,,"6,963",,"6,485",,"5,767","17,084","11,584","57,488",,"19,314",,,"12,099","7,128","9,282","6,014","6,538","5,539","17,822","25,048","108,784",,"18,910",,,"13,921","8,086","9,258","6,559","6,954","5,546","17,579","25,947","112,760",,"17,704",,,"14,329","7,092","7,788","5,857","6,924","5,246","15,617","21,647","102,204",,"17,510",,,"15,170","6,840","7,429","6,352","7,405","5,667","14,426","23,115","103,914","5,932","17,333",,,"15,854","6,609","7,091","6,454","7,070","5,754","14,516","24,018","110,631","25,432","18,331",,"8,488","18,187","6,387","7,447","7,118","7,185","5,867","15,298","22,369","142,109","27,829","17,936",,"8,647","18,357","6,819","7,873","7,489","7,520","5,800","15,862","22,455","146,587","33,548","18,261",,,"18,557","5,049","8,046","6,275",,"6,306","16,516","21,880","134,438","8,167","8,126",,,,,"2,226",,,822,"2,327",,"21,668"
N: Unique patients,"76,757","123,263","68,087","14,416","100,441","56,798","46,556","51,333","37,861","62,310","144,482","140,760","923,064",,,,,,,,,,,"4,834",,"4,834",,,,,,,,,,"2,902","7,913",,"10,815",,,,,,,,,,"4,759","8,789",,"13,548",,,,,,,,,,"4,734","11,718",,"16,452",,,,,,,,20,,"5,114","13,558",,"18,692",,,,,,"6,579",,244,,"5,187","13,765",,"25,775",,"8,705",,,,"6,324",,"6,061",,"5,196","14,317","10,251","50,854",,"16,870",,,"10,840","6,451","7,530","5,677","5,607","5,011","14,950","21,083","94,019",,"16,514",,,"12,299","7,297","7,513","6,208","5,937","4,997","14,701","21,734","97,200",,"15,731",,,"12,906","6,440","6,506","5,499","6,009","4,801","13,462","18,662","90,016",,"15,613",,,"13,687","6,349","6,222","5,987","6,480","5,214","12,723","19,880","92,155","5,565","15,376",,,"14,243","6,130","6,006","6,077","6,186","5,266","12,533","20,467","97,849","21,567","16,207",,"7,484","16,214","5,864","6,194","6,669","6,352","5,391","13,083","19,014","124,039","23,138","15,880",,"7,575","16,448","6,243","6,551","6,967","6,592","5,319","13,507","19,218","127,438","28,305","15,991",,,"16,624","4,837","6,703","5,869",,"5,757","14,071","18,526","116,683","7,620","7,212",,,,,"2,024",,,809,"2,227",,"19,892"
N: Hospitals,10,8,1,1,10,2,1,1,1,7,12,9,63,,,,,,,,,,,6,,6,,,,,,,,,,2,6,,8,,,,,,,,,,2,7,,9,,,,,,,,,,3,10,,13,,,,,,,,1,,3,10,,14,,,,,,1,,1,,2,10,,14,,5,,,,1,,1,,3,10,5,25,,5,,,6,2,1,1,1,2,12,7,37,,5,,,6,2,1,1,1,2,11,8,37,,7,,,9,2,1,1,1,5,12,7,45,,6,,,9,2,1,1,1,5,11,8,44,9,6,,,10,2,1,1,1,5,10,9,54,10,7,,1,10,2,1,1,1,4,10,8,55,10,6,,1,10,2,1,1,1,5,10,8,55,9,5,,,10,2,1,1,,6,10,8,52,9,5,,,,,1,,,6,10,,31
"Age at admission, median [Q1, Q3]","65 [53, 75]","66 [53, 77]","67 [55, 78]","65 [52, 73]","66 [54, 76]","63 [49, 74]","63 [51, 73]","69 [56, 80]","62 [48, 72]","61 [48, 71]","66 [53, 78]","65 [53, 75]","65.2 [48, 80]",,,,,,,,,,,"61 [48, 72]",,"61 [48, 72]",,,,,,,,,,"59 [47, 69]","62 [50, 75]",,"61.3 [47, 75]",,,,,,,,,,"60 [48, 70]","62 [51, 75]",,"61.3 [48, 75]",,,,,,,,,,"60 [47, 69]","64 [52, 77]",,"62.9 [47, 77]",,,,,,,,"74 [60, 80]",,"60 [47, 69]","66 [54, 78]",,"64.5 [47, 80]",,,,,,"62 [48, 72]",,"68 [55, 82]",,"59 [46, 69]","66 [54, 77]",,"63.7 [46, 82]",,"64 [52, 75]",,,,"63 [49, 72]",,"68 [55, 80]",,"60 [47, 70]","66 [54, 78]","64 [53, 74]","64.5 [47, 80]",,"65 [52, 76]",,,"64 [51, 75]","62 [49, 73]","63 [51, 73]","69 [55, 80]","61 [49, 71]","61 [47, 70]","66 [54, 78]","64 [53, 75]","64.2 [47, 80]",,"65 [52, 76]",,,"65 [52, 75]","64 [51, 74]","63 [51, 73]","69 [55, 79]","61 [48, 71]","61 [47, 70]","66 [54, 77]","65 [53, 75]","64.7 [47, 79]",,"65 [52, 76]",,,"65 [53, 76]","64 [50, 74]","62 [50, 72]","68 [55, 80]","61 [47, 71]","61 [46, 71]","66 [53, 77]","65 [53, 75]","64.6 [46, 80]",,"65 [52, 76]",,,"66 [53, 76]","63 [48, 73]","62 [49, 72]","69 [56, 80]","61 [47, 71]","62 [49, 72]","65 [53, 76]","64 [52, 75]","64.4 [47, 80]","64 [52, 74]","66 [53, 77]",,,"67 [54, 76]","64 [49, 74]","63 [50, 73]","69 [57, 80]","62 [48, 72]","62 [48, 72]","66 [55, 77]","65 [53, 75]","65.2 [48, 80]","64 [52, 74]","66 [53, 77]",,"64 [52, 73]","67 [54, 76]","64 [50, 74]","63 [50, 73]","69 [57, 79]","62 [48, 72]","62 [47, 72]","66 [54, 77]","66 [54, 75]","65.2 [47, 79]","65 [52, 74]","66 [53, 77]",,"65 [52, 73]","67 [54, 76]","65 [50, 75]","64 [51, 73]","69 [57, 79]","62 [48, 72]","62 [48, 72]","66 [54, 77]","66 [54, 75]","65.5 [48, 79]","65 [53, 75]","66 [53, 77]",,,"67 [55, 77]","62 [45, 73]","64 [51, 74]","69 [58, 80]",,"62 [47, 72]","67 [55, 77]","66 [52, 76]","65.7 [45, 80]","65 [53, 75]","66 [53, 77]",,,,,"63 [50, 73]",,,"63 [49, 73]","67 [55, 78]",,"65.3 [49, 78]"
  Race: Black or African American,"36,180 (47.1%)","34,541 (28.0%)","6,412 (9.4%)","1,479 (10.3%)","12,437 (12.4%)","1,302 (2.3%)","16,196 (34.8%)",,"22,034 (58.2%)","4,712 (7.6%)","8,602 (6.0%)","40,845 (29.0%)","184,740 (21.2%)",,,,,,,,,,,275 (5.7%),,275 (5.7%),,,,,,,,,,239 (8.2%),449 (5.7%),,688 (6.4%),,,,,,,,,,355 (7.5%),446 (5.1%),,801 (5.9%),,,,,,,,,,373 (7.9%),650 (5.5%),,"1,023 (6.2%)",,,,,,,,,,424 (8.3%),750 (5.5%),,"1,174 (6.3%)",,,,,,154 (2.3%),,,,437 (8.4%),779 (5.7%),,"1,370 (5.4%)",,"2,398 (27.5%)",,,,147 (2.3%),,,,410 (7.9%),851 (5.9%),"3,613 (35.2%)","7,419 (16.6%)",,"4,728 (28.0%)",,,"1,469 (13.6%)",162 (2.5%),"2,805 (37.3%)",,"3,350 (59.7%)",406 (8.1%),903 (6.0%),"6,831 (32.4%)","20,654 (23.4%)",,"4,685 (28.4%)",,,"1,743 (14.2%)",147 (2.0%),"2,804 (37.3%)",,"3,669 (61.8%)",400 (8.0%),915 (6.2%),"6,849 (31.5%)","21,212 (23.3%)",,"4,640 (29.5%)",,,"1,696 (13.1%)",122 (1.9%),"2,555 (39.3%)",,"3,824 (63.6%)",395 (8.2%),881 (6.5%),"6,148 (32.9%)","20,261 (24.0%)",,"4,698 (30.1%)",,,"1,847 (13.5%)",168 (2.6%),"2,401 (38.6%)",,"4,152 (64.1%)",398 (7.6%),837 (6.6%),"6,752 (34.0%)","21,253 (24.7%)","2,781 (50.0%)","4,528 (29.4%)",,,"1,756 (12.3%)",153 (2.5%),"2,213 (36.8%)",,"3,717 (60.1%)",401 (7.6%),826 (6.6%),"6,482 (31.7%)","22,857 (24.9%)","10,650 (49.4%)","4,762 (29.4%)",,789 (10.5%),"1,956 (12.1%)",156 (2.7%),"2,202 (35.6%)",,"3,609 (56.8%)",464 (8.6%),878 (6.7%),"5,813 (30.6%)","31,279 (26.6%)","11,480 (49.6%)","4,645 (29.3%)",,779 (10.3%),"2,028 (12.3%)",174 (2.8%),"2,214 (33.8%)",,"3,718 (56.4%)",404 (7.6%),"1,000 (7.4%)","5,805 (30.2%)","32,247 (26.8%)","13,568 (47.9%)","4,747 (29.7%)",,,"2,063 (12.4%)",127 (2.6%),"2,338 (34.9%)",,,479 (8.3%),"1,005 (7.1%)","5,472 (29.5%)","29,799 (26.9%)","3,666 (48.1%)","2,138 (29.6%)",,,,,779 (38.5%),,,72 (8.9%),162 (7.3%),,"6,817 (34.3%)"
  Race: White,"31,337 (40.8%)","73,665 (59.8%)","46,142 (67.8%)","11,811 (81.9%)","73,490 (73.2%)","47,960 (84.4%)","19,223 (41.3%)",,"11,062 (29.2%)","33,798 (54.2%)","122,943 (85.1%)","82,431 (58.6%)","553,862 (63.5%)",,,,,,,,,,,"4,152 (85.9%)",,"4,152 (85.9%)",,,,,,,,,,"1,670 (57.5%)","6,922 (87.5%)",,"8,592 (79.4%)",,,,,,,,,,"2,812 (59.1%)","7,690 (87.5%)",,"10,502 (77.5%)",,,,,,,,,,"2,741 (57.9%)","10,246 (87.4%)",,"12,987 (78.9%)",,,,,,,,,,"2,894 (56.6%)","11,755 (86.7%)",,"14,649 (78.5%)",,,,,,"5,730 (87.1%)",,,,"2,874 (55.4%)","11,875 (86.3%)",,"20,479 (80.2%)",,"5,393 (62.0%)",,,,"5,580 (88.2%)",,,,"2,930 (56.4%)","12,246 (85.5%)","5,727 (55.9%)","31,876 (71.2%)",,"10,264 (60.8%)",,,"8,139 (75.1%)","5,612 (87.0%)","3,188 (42.3%)",,"1,776 (31.7%)","2,821 (56.3%)","12,767 (85.4%)","12,136 (57.6%)","56,703 (64.2%)",,"10,004 (60.6%)",,,"9,062 (73.7%)","6,378 (87.4%)","3,149 (41.9%)",,"1,743 (29.4%)","2,700 (54.0%)","12,488 (84.9%)","12,756 (58.7%)","58,280 (64.0%)",,"9,063 (57.6%)",,,"9,462 (73.3%)","5,515 (85.6%)","2,377 (36.5%)",,"1,622 (27.0%)","2,544 (53.0%)","11,199 (83.2%)","10,526 (56.4%)","52,308 (61.9%)",,"9,108 (58.3%)",,,"9,986 (73.0%)","4,794 (75.5%)","2,422 (38.9%)",,"1,702 (26.3%)","2,775 (53.2%)","10,702 (84.1%)","10,926 (55.0%)","52,415 (60.8%)","2,107 (37.9%)","9,116 (59.3%)",,,"10,519 (73.9%)","4,850 (79.1%)","2,390 (39.8%)",,"1,693 (27.4%)","2,733 (51.9%)","10,613 (84.7%)","11,497 (56.2%)","55,518 (60.5%)","8,408 (39.0%)","9,561 (59.0%)",,"6,133 (81.9%)","11,918 (73.5%)","4,969 (84.7%)","2,458 (39.7%)",,"1,724 (27.1%)","2,746 (50.9%)","10,967 (83.8%)","10,782 (56.7%)","69,666 (59.4%)","8,876 (38.4%)","9,358 (58.9%)",,"6,189 (81.7%)","11,836 (72.0%)","5,317 (85.2%)","2,674 (40.8%)",,"1,774 (26.9%)","2,643 (49.7%)","11,235 (83.2%)","10,773 (56.1%)","70,675 (58.7%)","11,655 (41.2%)","9,262 (57.9%)",,,"11,848 (71.3%)","4,105 (84.9%)","2,613 (39.0%)",,,"2,777 (48.2%)","11,666 (82.9%)","10,500 (56.7%)","64,426 (58.1%)","3,127 (41.0%)","4,205 (58.3%)",,,,,757 (37.4%),,,388 (48.0%),"1,859 (83.5%)",,"10,336 (52.0%)"
  Race: Asian,"3,044 (4.0%)","5,914 (4.8%)","2,113 (3.1%)",332 (2.3%),"3,683 (3.7%)","1,538 (2.7%)","1,521 (3.3%)",,737 (1.9%),"10,036 (16.1%)","6,504 (4.5%)","5,019 (3.6%)","40,441 (4.6%)",,,,,,,,,,,114 (2.4%),,114 (2.4%),,,,,,,,,,413 (14.2%),186 (2.4%),,599 (5.5%),,,,,,,,,,705 (14.8%),196 (2.2%),,901 (6.7%),,,,,,,,,,656 (13.9%),359 (3.1%),,"1,015 (6.2%)",,,,,,,,,,728 (14.2%),552 (4.1%),,"1,280 (6.9%)",,,,,,162 (2.5%),,,,785 (15.1%),563 (4.1%),,"1,510 (5.9%)",,345 (4.0%),,,,160 (2.5%),,,,808 (15.6%),677 (4.7%),227 (2.2%),"2,217 (4.9%)",,692 (4.1%),,,401 (3.7%),157 (2.4%),162 (2.2%),,105 (1.9%),766 (15.3%),704 (4.7%),584 (2.8%),"3,571 (4.0%)",,689 (4.2%),,,468 (3.8%),167 (2.3%),206 (2.7%),,111 (1.9%),819 (16.4%),743 (5.1%),649 (3.0%),"3,852 (4.2%)",,656 (4.2%),,,447 (3.5%),189 (2.9%),199 (3.1%),,98 (1.6%),816 (17.0%),798 (5.9%),633 (3.4%),"3,836 (4.5%)",,715 (4.6%),,,445 (3.3%),157 (2.5%),216 (3.5%),,128 (2.0%),918 (17.6%),638 (5.0%),677 (3.4%),"3,894 (4.5%)",189 (3.4%),692 (4.5%),,,539 (3.8%),163 (2.7%),192 (3.2%),,118 (1.9%),934 (17.7%),596 (4.8%),771 (3.8%),"4,194 (4.6%)",783 (3.6%),786 (4.8%),,155 (2.1%),595 (3.7%),165 (2.8%),211 (3.4%),,117 (1.8%),945 (17.5%),687 (5.3%),707 (3.7%),"5,151 (4.4%)",925 (4.0%),830 (5.2%),,188 (2.5%),602 (3.7%),215 (3.4%),241 (3.7%),,127 (1.9%),984 (18.5%),708 (5.2%),788 (4.1%),"5,608 (4.7%)","1,123 (4.0%)",878 (5.5%),,,624 (3.8%),157 (3.2%),245 (3.7%),,,"1,007 (17.5%)",768 (5.5%),725 (3.9%),"5,527 (5.0%)",314 (4.1%),385 (5.3%),,,,,76 (3.8%),,,146 (18.0%),109 (4.9%),,"1,030 (5.2%)"
  Race: Other,"6,196 (8.1%)","9,143 (7.4%)","13,420 (19.7%)",794 (5.5%),"10,831 (10.8%)","5,998 (10.6%)","9,616 (20.7%)","51,333 (100.0%)","4,028 (10.6%)","13,764 (22.1%)","6,433 (4.5%)","12,465 (8.9%)","144,021 (16.5%)",,,,,,,,,,,293 (6.1%),,293 (6.1%),,,,,,,,,,580 (20.0%),356 (4.5%),,936 (8.6%),,,,,,,,,,887 (18.6%),457 (5.2%),,"1,344 (9.9%)",,,,,,,,,,964 (20.4%),463 (3.9%),,"1,427 (8.7%)",,,,,,,,20 (100.0%),,"1,068 (20.9%)",501 (3.7%),,"1,589 (8.5%)",,,,,,533 (8.1%),,244 (100.0%),,"1,091 (21.0%)",548 (4.0%),,"2,416 (9.5%)",,569 (6.5%),,,,437 (6.9%),,"6,061 (100.0%)",,"1,048 (20.2%)",543 (3.8%),684 (6.7%),"9,342 (20.9%)",,"1,186 (7.0%)",,,831 (7.7%),520 (8.1%),"1,375 (18.2%)","5,677 (100.0%)",376 (6.7%),"1,018 (20.3%)",576 (3.9%),"1,532 (7.3%)","13,091 (14.8%)",,"1,136 (6.9%)",,,"1,026 (8.3%)",605 (8.3%),"1,354 (18.0%)","6,208 (100.0%)",414 (7.0%),"1,078 (21.6%)",555 (3.8%),"1,480 (6.8%)","13,856 (15.2%)",,"1,372 (8.7%)",,,"1,301 (10.1%)",614 (9.5%),"1,375 (21.1%)","5,499 (100.0%)",465 (7.7%),"1,046 (21.8%)",584 (4.3%),"1,355 (7.3%)","13,611 (16.1%)",,"1,092 (7.0%)",,,"1,409 (10.3%)","1,230 (19.4%)","1,183 (19.0%)","5,987 (100.0%)",498 (7.7%),"1,123 (21.5%)",546 (4.3%),"1,525 (7.7%)","14,593 (16.9%)",488 (8.8%),"1,040 (6.8%)",,,"1,429 (10.0%)",964 (15.7%),"1,211 (20.2%)","6,077 (100.0%)",658 (10.6%),"1,198 (22.8%)",498 (4.0%),"1,717 (8.4%)","15,280 (16.7%)","1,726 (8.0%)","1,098 (6.8%)",,407 (5.4%),"1,745 (10.8%)",574 (9.8%),"1,323 (21.4%)","6,669 (100.0%)",902 (14.2%),"1,236 (22.9%)",551 (4.2%),"1,712 (9.0%)","17,943 (15.3%)","1,857 (8.0%)","1,047 (6.6%)",,419 (5.5%),"1,982 (12.1%)",537 (8.6%),"1,422 (21.7%)","6,967 (100.0%)",973 (14.8%),"1,288 (24.2%)",564 (4.2%),"1,852 (9.6%)","18,908 (15.7%)","1,959 (6.9%)","1,104 (6.9%)",,,"2,089 (12.6%)",448 (9.3%),"1,507 (22.5%)","5,869 (100.0%)",,"1,494 (25.9%)",632 (4.5%),"1,829 (9.9%)","16,931 (15.3%)",513 (6.7%),484 (6.7%),,,,,412 (20.4%),,,203 (25.1%),97 (4.4%),,"1,709 (8.6%)"
  Ethnicity: Non-Hispanic,"68,375 (89.1%)","102,606 (83.2%)","54,896 (80.6%)","13,515 (93.8%)","87,414 (87.0%)","48,477 (85.3%)","36,846 (79.1%)",,"33,450 (88.3%)","50,011 (80.3%)","142,126 (98.4%)","132,286 (94.0%)","770,002 (88.3%)",,,,,,,,,,,"4,803 (99.4%)",,"4,803 (99.4%)",,,,,,,,,,"2,385 (82.2%)","7,869 (99.4%)",,"10,254 (94.8%)",,,,,,,,,,"3,989 (83.8%)","8,725 (99.3%)",,"12,714 (93.8%)",,,,,,,,,,"3,873 (81.8%)","11,580 (98.8%)",,"15,453 (93.9%)",,,,,,,,,,"4,203 (82.2%)","13,373 (98.6%)",,"17,576 (94.1%)",,,,,,"5,920 (90.0%)",,,,"4,211 (81.2%)","13,591 (98.7%)",,"23,722 (92.9%)",,"8,240 (94.7%)",,,,"5,698 (90.1%)",,,,"4,246 (81.7%)","14,133 (98.7%)","9,792 (95.5%)","42,109 (94.0%)",,"15,915 (94.3%)",,,"9,642 (88.9%)","5,760 (89.3%)","6,127 (81.4%)",,"5,169 (92.2%)","4,092 (81.7%)","14,746 (98.6%)","20,045 (95.1%)","81,496 (92.3%)",,"15,673 (94.9%)",,,"10,884 (88.5%)","6,381 (87.4%)","6,205 (82.6%)",,"5,479 (92.3%)","4,048 (81.0%)","14,488 (98.6%)","20,597 (94.8%)","83,755 (92.0%)",,"14,656 (93.2%)",,,"11,107 (86.1%)","5,560 (86.3%)","5,063 (77.8%)",,"5,512 (91.7%)","3,872 (80.6%)","13,208 (98.1%)","17,519 (93.9%)","76,497 (90.5%)",,"14,749 (94.5%)",,,"11,907 (87.0%)","4,672 (73.6%)","4,975 (80.0%)",,"5,985 (92.4%)","4,193 (80.4%)","12,522 (98.4%)","18,717 (94.1%)","77,720 (90.2%)","4,881 (87.7%)","14,574 (94.8%)",,,"12,544 (88.1%)","4,955 (80.8%)","4,783 (79.6%)",,"5,512 (89.1%)","4,150 (78.8%)","12,290 (98.1%)","19,319 (94.4%)","83,008 (90.5%)","19,115 (88.6%)","12,445 (76.8%)",,"7,011 (93.7%)","14,153 (87.3%)","5,022 (85.6%)","4,793 (77.4%)",,"5,354 (84.3%)","4,208 (78.1%)","12,810 (97.9%)","17,934 (94.3%)","102,845 (87.6%)","20,633 (89.2%)","10,703 (67.4%)",,"7,108 (93.8%)","14,241 (86.6%)","5,422 (86.8%)","5,027 (76.7%)",,"5,463 (82.9%)","4,173 (78.5%)","13,198 (97.7%)","18,020 (93.8%)","103,988 (86.3%)","25,741 (90.9%)","10,355 (64.8%)",,,"14,308 (86.1%)","4,054 (83.8%)","5,172 (77.2%)",,,"4,462 (77.5%)","13,693 (97.3%)","17,283 (93.3%)","95,068 (85.8%)","6,933 (91.0%)","4,626 (64.1%)",,,,,"1,584 (78.3%)",,,638 (78.9%),"2,182 (98.0%)",,"15,963 (80.2%)"
  Ethnicity: Hispanic,"3,135 (4.1%)","5,005 (4.1%)","2,445 (3.6%)",389 (2.7%),"9,517 (9.5%)","3,971 (7.0%)","8,290 (17.8%)",,"2,273 (6.0%)","10,033 (16.1%)","2,282 (1.6%)","5,293 (3.8%)","52,633 (6.0%)",,,,,,,,,,,31 (0.6%),,31 (0.6%),,,,,,,,,,410 (14.1%),44 (0.6%),,454 (4.4%),,,,,,,,,,640 (13.4%),64 (0.7%),,704 (5.2%),,,,,,,,,,665 (14.0%),106 (0.9%),,771 (4.7%),,,,,,,,,,697 (13.6%),159 (1.2%),,856 (4.6%),,,,,,319 (4.8%),,,,784 (15.1%),159 (1.2%),,"1,262 (4.9%)",,338 (3.9%),,,,351 (5.6%),,,,815 (15.7%),182 (1.3%),325 (3.2%),"2,011 (4.5%)",,645 (3.8%),,,972 (9.0%),354 (5.5%),"1,146 (15.2%)",,268 (4.8%),797 (15.9%),203 (1.4%),615 (2.9%),"5,000 (5.7%)",,644 (3.9%),,,"1,132 (9.2%)",493 (6.8%),"1,123 (14.9%)",,303 (5.1%),791 (15.8%),213 (1.4%),678 (3.1%),"5,377 (5.9%)",,956 (6.1%),,,"1,425 (11.0%)",453 (7.0%),"1,297 (19.9%)",,354 (5.9%),826 (17.2%),252 (1.9%),766 (4.1%),"6,329 (7.5%)",,736 (4.7%),,,"1,408 (10.3%)",455 (7.2%),"1,145 (18.4%)",,359 (5.5%),860 (16.5%),200 (1.6%),749 (3.8%),"5,912 (6.9%)",200 (3.6%),695 (4.5%),,,"1,240 (8.7%)",475 (7.7%),"1,079 (18.0%)",,344 (5.6%),911 (17.3%),243 (1.9%),770 (3.8%),"5,957 (6.5%)",806 (3.7%),580 (3.6%),,194 (2.6%),"1,476 (9.1%)",509 (8.7%),"1,196 (19.3%)",,407 (6.4%),954 (17.7%),273 (2.1%),764 (4.0%),"7,159 (6.1%)",970 (4.2%),485 (3.1%),,217 (2.9%),"1,526 (9.3%)",564 (9.0%),"1,302 (19.9%)",,462 (7.0%),"1,001 (18.8%)",309 (2.3%),807 (4.2%),"7,643 (6.3%)","1,134 (4.0%)",484 (3.0%),,,"1,594 (9.6%)",447 (9.2%),"1,360 (20.3%)",,,"1,081 (18.8%)",378 (2.7%),790 (4.3%),"7,268 (6.6%)",323 (4.2%),184 (2.6%),,,,,422 (20.8%),,,135 (16.7%),45 (2.0%),,"1,109 (5.6%)"
  Sex: Male,"40,750 (53.1%)","65,249 (52.9%)","38,289 (56.2%)","8,206 (56.9%)","55,751 (55.5%)","32,242 (56.8%)","24,084 (51.7%)","30,950 (60.3%)","21,030 (55.5%)","33,227 (53.3%)","76,634 (53.0%)","76,558 (54.4%)","502,970 (54.5%)",,,,,,,,,,,"2,500 (51.7%)",,"2,500 (51.7%)",,,,,,,,,,"1,528 (52.7%)","4,072 (51.5%)",,"5,600 (51.8%)",,,,,,,,,,"2,400 (50.4%)","4,673 (53.2%)",,"7,073 (52.2%)",,,,,,,,,,"2,556 (54.0%)","6,125 (52.3%)",,"8,681 (52.8%)",,,,,,,,12 (60.0%),,"2,693 (52.7%)","7,006 (51.7%)",,"9,711 (52.0%)",,,,,,"3,843 (58.4%)",,151 (61.9%),,"2,693 (51.9%)","7,272 (52.8%)",,"13,959 (54.2%)",,"4,553 (52.3%)",,,,"3,716 (58.8%)",,"3,686 (60.8%)",,"2,785 (53.6%)","7,442 (52.0%)","5,432 (53.0%)","27,614 (54.3%)",,"8,919 (52.9%)",,,"5,887 (54.3%)","3,706 (57.4%)","3,821 (50.7%)","3,453 (60.8%)","3,000 (53.5%)","2,716 (54.2%)","7,889 (52.8%)","11,097 (52.6%)","50,488 (53.7%)",,"8,755 (53.0%)",,,"6,672 (54.2%)","4,128 (56.6%)","3,766 (50.1%)","3,724 (60.0%)","3,208 (54.0%)","2,637 (52.8%)","7,781 (52.9%)","11,407 (52.5%)","52,078 (53.6%)",,"8,412 (53.5%)",,,"7,286 (56.5%)","3,652 (56.7%)","3,461 (53.2%)","3,314 (60.3%)","3,308 (55.1%)","2,594 (54.0%)","7,306 (54.3%)","10,087 (54.1%)","49,420 (54.9%)",,"8,291 (53.1%)",,,"7,632 (55.8%)","3,639 (57.3%)","3,184 (51.2%)","3,614 (60.4%)","3,625 (55.9%)","2,805 (53.8%)","7,071 (55.6%)","10,806 (54.4%)","50,667 (55.0%)","2,942 (52.9%)","7,998 (52.0%)",,,"7,902 (55.5%)","3,503 (57.1%)","3,158 (52.6%)","3,698 (60.9%)","3,394 (54.9%)","2,809 (53.3%)","6,809 (54.3%)","11,177 (54.6%)","53,390 (54.6%)","11,539 (53.5%)","8,564 (52.8%)",,"4,235 (56.6%)","9,121 (56.3%)","3,364 (57.4%)","3,163 (51.1%)","3,973 (59.6%)","3,447 (54.3%)","2,933 (54.4%)","7,015 (53.6%)","10,419 (54.8%)","67,773 (54.6%)","12,311 (53.2%)","8,358 (52.6%)",,"4,326 (57.1%)","9,098 (55.3%)","3,508 (56.2%)","3,421 (52.2%)","4,221 (60.6%)","3,703 (56.2%)","2,931 (55.1%)","7,249 (53.7%)","10,564 (55.0%)","69,690 (54.7%)","14,818 (52.4%)","8,394 (52.5%)",,,"9,343 (56.2%)","2,438 (50.4%)","3,449 (51.5%)","3,463 (59.0%)",,"3,113 (54.1%)","7,584 (53.9%)","10,201 (55.1%)","62,803 (53.8%)","4,044 (53.1%)","3,736 (51.8%)",,,,,"1,047 (51.7%)",,,460 (56.9%),"1,175 (52.8%)",,"10,462 (52.6%)"
  Sex: Female,"35,900 (46.8%)","57,988 (47.0%)","29,798 (43.8%)","6,210 (43.1%)","44,674 (44.5%)","24,548 (43.2%)","22,472 (48.3%)","20,383 (39.7%)","16,831 (44.5%)","29,058 (46.6%)","67,823 (46.9%)","64,197 (45.6%)","419,882 (45.5%)",,,,,,,,,,,"2,334 (48.3%)",,"2,334 (48.3%)",,,,,,,,,,"1,374 (47.3%)","3,838 (48.5%)",,"5,212 (48.2%)",,,,,,,,,,"2,358 (49.5%)","4,115 (46.8%)",,"6,473 (47.8%)",,,,,,,,,,"2,177 (46.0%)","5,592 (47.7%)",,"7,769 (47.2%)",,,,,,,,<10,,"2,419 (47.3%)","6,550 (48.3%)",,"8,969 (48.0%)",,,,,,"2,736 (41.6%)",,93 (38.1%),,"2,492 (48.0%)","6,493 (47.2%)",,"11,814 (45.8%)",,"4,151 (47.7%)",,,,"2,608 (41.2%)",,"2,375 (39.2%)",,"2,409 (46.4%)","6,875 (48.0%)","4,819 (47.0%)","23,237 (45.7%)",,"7,951 (47.1%)",,,"4,951 (45.7%)","2,744 (42.5%)","3,709 (49.3%)","2,224 (39.2%)","2,607 (46.5%)","2,295 (45.8%)","7,061 (47.2%)","9,985 (47.4%)","43,527 (46.3%)",,"7,756 (47.0%)",,,"5,627 (45.8%)","3,169 (43.4%)","3,747 (49.9%)","2,484 (40.0%)","2,729 (46.0%)","2,355 (47.1%)","6,918 (47.1%)","10,327 (47.5%)","45,112 (46.4%)",,"7,318 (46.5%)",,,"5,617 (43.5%)","2,788 (43.3%)","3,045 (46.8%)","2,185 (39.7%)","2,701 (44.9%)","2,206 (45.9%)","6,152 (45.7%)","8,575 (45.9%)","40,587 (45.1%)",,"7,319 (46.9%)",,,"6,055 (44.2%)","2,709 (42.7%)","3,038 (48.8%)","2,373 (39.6%)","2,855 (44.1%)","2,409 (46.2%)","5,650 (44.4%)","9,074 (45.6%)","41,482 (45.0%)","2,621 (47.1%)","7,376 (48.0%)",,,"6,339 (44.5%)","2,626 (42.8%)","2,848 (47.4%)","2,379 (39.1%)","2,792 (45.1%)","2,455 (46.6%)","5,722 (45.7%)","9,289 (45.4%)","44,447 (45.4%)","10,011 (46.4%)","7,639 (47.1%)",,"3,249 (43.4%)","7,090 (43.7%)","2,498 (42.6%)","3,031 (48.9%)","2,696 (40.4%)","2,905 (45.7%)","2,453 (45.5%)","6,065 (46.4%)","8,594 (45.2%)","56,231 (45.3%)","10,772 (46.6%)","7,518 (47.3%)",,"3,249 (42.9%)","7,345 (44.7%)","2,732 (43.8%)","3,130 (47.8%)","2,746 (39.4%)","2,889 (43.8%)","2,386 (44.9%)","6,253 (46.3%)","8,653 (45.0%)","57,673 (45.3%)","13,456 (47.5%)","7,589 (47.5%)",,,"7,278 (43.8%)","2,399 (49.6%)","3,254 (48.5%)","2,406 (41.0%)",,"2,639 (45.8%)","6,484 (46.1%)","8,324 (44.9%)","53,829 (46.1%)","3,571 (46.9%)","3,473 (48.2%)",,,,,977 (48.3%),,,347 (42.9%),"1,049 (47.1%)",,"9,417 (47.3%)"
Encounter Types,,,,,,,,,,,,,,,,,,,,,,,,,,,,,,,,,,,,,,,,,,,,,,,,,,,,,,,,,,,,,,,,,,,,,,,,,,,,,,,,,,,,,,,,,,,,,,,,,,,,,,,,,,,,,,,,,,,,,,,,,,,,,,,,,,,,,,,,,,,,,,,,,,,,,,,,,,,,,,,,,,,,,,,,,,,,,,,,,,,,,,,,,,,,,,,,,,,,,,,,,,,,,,,,,,,,,,,,,,,,,
"  ICU encounters, n (%)","78,108 (77.4%)","124,450 (76.3%)","85,146 (94.8%)","13,351 (77.9%)","125,224 (99.0%)","56,602 (82.9%)","58,831 (88.5%)","44,502 (75.6%)","41,179 (83.0%)","77,264 (100.0%)","156,945 (71.6%)","167,933 (84.8%)","1,029,535 (83.4%)",,,,,,,,,,,"4,843 (84.6%)",,"4,843 (84.6%)",,,,,,,,,,"3,104 (100.0%)","7,910 (82.0%)",,"11,014 (86.4%)",,,,,,,,,,"5,265 (100.0%)","8,467 (79.6%)",,"13,732 (86.3%)",,,,,,,,,,"5,207 (100.0%)","10,290 (75.0%)",,"15,497 (81.9%)",,,,,,,,16 (80.0%),,"5,627 (100.0%)","12,120 (75.4%)",,"17,763 (81.8%)",,,,,,"6,497 (89.1%)",,210 (86.1%),,"5,751 (100.0%)","12,147 (74.2%)",,"24,605 (83.0%)",,"7,679 (79.9%)",,,,"6,199 (89.0%)",,"4,968 (76.6%)",,"5,767 (100.0%)","12,709 (74.4%)","10,332 (89.2%)","47,654 (82.9%)",,"15,274 (79.1%)",,,"12,097 (100.0%)","6,139 (86.1%)","8,252 (88.9%)","4,515 (75.1%)","5,648 (86.4%)","5,539 (100.0%)","13,228 (74.2%)","22,091 (88.2%)","92,783 (85.3%)",,"14,588 (77.1%)",,,"13,920 (100.0%)","6,995 (86.5%)","8,177 (88.3%)","4,980 (75.9%)","5,749 (82.7%)","5,546 (100.0%)","12,929 (73.5%)","22,598 (87.1%)","95,482 (84.7%)",,"13,774 (77.8%)",,,"14,122 (98.6%)","6,058 (85.4%)","6,869 (88.2%)","4,356 (74.4%)","5,806 (83.9%)","5,246 (100.0%)","11,459 (73.4%)","18,699 (86.4%)","86,389 (84.5%)",,"13,128 (75.0%)",,,"15,081 (99.4%)","5,643 (82.5%)","6,549 (88.2%)","4,742 (74.7%)","6,133 (82.8%)","5,667 (100.0%)","9,480 (65.7%)","19,685 (85.2%)","86,108 (82.9%)","4,926 (83.0%)","12,994 (75.0%)",,,"15,668 (98.8%)","5,388 (81.5%)","6,205 (87.5%)","4,880 (75.6%)","5,749 (81.3%)","5,754 (100.0%)","9,324 (64.2%)","20,121 (83.8%)","91,009 (82.3%)","20,978 (82.5%)","13,841 (75.5%)",,"6,665 (78.5%)","17,913 (98.5%)","5,172 (81.0%)","6,559 (88.1%)","5,337 (75.0%)","5,913 (82.3%)","5,867 (100.0%)","9,906 (64.8%)","18,203 (81.4%)","116,354 (81.9%)","22,552 (81.0%)","13,327 (74.3%)",,"6,686 (77.3%)","18,120 (98.7%)","5,660 (83.0%)","6,982 (88.7%)","5,758 (76.9%)","6,181 (82.2%)","5,800 (100.0%)","10,295 (64.9%)","18,531 (82.5%)","119,892 (81.8%)","24,237 (72.2%)","13,742 (75.3%)",,,"18,303 (98.6%)","2,851 (56.5%)","7,206 (89.6%)","4,740 (75.5%)",,"6,304 (100.0%)","10,414 (63.1%)","17,673 (80.8%)","105,470 (78.5%)","5,415 (66.3%)","6,103 (75.1%)",,,,,"2,032 (91.3%)",,,820 (99.8%),"1,424 (61.2%)",,"15,794 (72.9%)"
"  Advanced respiratory support, n (%)","45,578 (45.2%)","80,386 (49.3%)","40,750 (45.4%)","10,677 (62.3%)","57,303 (45.3%)","30,837 (45.2%)","25,242 (38.0%)","13,572 (23.1%)","29,011 (58.5%)","33,378 (43.2%)","111,744 (51.0%)","91,180 (46.0%)","569,658 (46.1%)",,,,,,,,,,,"2,467 (43.1%)",,"2,467 (43.1%)",,,,,,,,,,"1,245 (40.1%)","4,440 (46.0%)",,"5,685 (44.6%)",,,,,,,,,,"2,069 (39.3%)","4,980 (46.8%)",,"7,049 (44.3%)",,,,,,,,,,"2,071 (39.8%)","6,403 (46.7%)",,"8,474 (44.8%)",,,,,,,,<10,,"2,211 (39.3%)","7,338 (45.6%)",,"9,549 (44.0%)",,,,,,"3,453 (47.4%)",,37 (15.2%),,"2,225 (38.7%)","7,959 (48.6%)",,"13,674 (46.1%)",,"4,279 (44.5%)",,,,"3,288 (47.2%)",,"1,528 (23.6%)",,"2,242 (38.9%)","8,308 (48.6%)","4,646 (40.1%)","24,291 (42.3%)",,"8,838 (45.8%)",,,"5,051 (41.7%)","3,545 (49.7%)","3,118 (33.6%)","1,446 (24.0%)","3,580 (54.8%)","2,414 (43.6%)","8,576 (48.1%)","9,999 (39.9%)","46,567 (42.8%)",,"9,106 (48.2%)",,,"5,849 (42.0%)","3,847 (47.6%)","3,224 (34.8%)","1,488 (22.7%)","3,948 (56.8%)","2,438 (44.0%)","8,797 (50.0%)","10,865 (41.9%)","49,562 (44.0%)",,"8,690 (49.1%)",,,"6,749 (47.1%)","3,413 (48.1%)","3,143 (40.4%)","1,274 (21.8%)","4,039 (58.3%)","2,434 (46.4%)","7,771 (49.8%)","9,596 (44.3%)","47,109 (46.1%)",,"9,136 (52.2%)",,,"6,933 (45.7%)","3,339 (48.8%)","2,902 (39.1%)","1,426 (22.4%)","4,443 (60.0%)","2,662 (47.0%)","8,311 (57.6%)","10,628 (46.0%)","49,780 (47.9%)","2,732 (46.1%)","8,667 (50.0%)",,,"7,015 (44.2%)","3,247 (49.1%)","2,788 (39.3%)","1,453 (22.5%)","4,332 (61.3%)","2,628 (45.7%)","8,082 (55.7%)","11,206 (46.7%)","52,150 (47.1%)","11,619 (45.7%)","9,128 (49.8%)",,"5,320 (62.7%)","8,295 (45.6%)","3,256 (51.0%)","2,821 (37.9%)","1,692 (23.8%)","4,250 (59.2%)","2,781 (47.4%)","8,544 (55.9%)","11,493 (51.4%)","69,199 (48.7%)","13,169 (47.3%)","9,116 (50.8%)",,"5,357 (62.0%)","8,605 (46.9%)","3,193 (46.8%)","3,167 (40.2%)","1,716 (22.9%)","4,419 (58.8%)","2,738 (47.2%)","9,004 (56.8%)","11,567 (51.5%)","72,051 (49.2%)","14,682 (43.8%)","9,241 (50.6%)",,,"8,806 (47.5%)",256 (5.1%),"3,170 (39.4%)","1,509 (24.0%)",,"2,868 (45.5%)","9,400 (56.9%)","11,180 (51.1%)","61,112 (45.5%)","3,376 (41.3%)","4,185 (51.5%)",,,,,909 (40.8%),,,352 (42.8%),"1,364 (58.6%)",,"10,186 (47.0%)"
"  Vasoactive support, n (%)","34,739 (34.4%)","43,979 (27.0%)","27,022 (30.1%)","6,155 (35.9%)","58,343 (46.1%)","31,095 (45.6%)","15,163 (22.8%)","15,924 (27.1%)","19,007 (38.3%)","27,230 (35.2%)","56,854 (25.9%)","59,664 (30.1%)","395,175 (32.0%)",,,,,,,,,,,829 (14.5%),,829 (14.5%),,,,,,,,,,785 (25.3%),"1,553 (16.1%)",,"2,338 (18.3%)",,,,,,,,,,"1,397 (26.5%)","1,917 (18.0%)",,"3,314 (20.8%)",,,,,,,,,,"1,436 (27.6%)","2,710 (19.7%)",,"4,146 (21.9%)",,,,,,,,<10,,"1,532 (27.2%)","3,291 (20.5%)",,"4,823 (22.2%)",,,,,,"2,582 (35.4%)",,99 (40.6%),,"1,637 (28.5%)","3,619 (22.1%)",,"7,937 (26.8%)",,"1,908 (19.9%)",,,,"2,510 (36.0%)",,"1,396 (21.5%)",,"1,720 (29.8%)","4,005 (23.4%)","3,033 (26.2%)","14,572 (25.3%)",,"4,102 (21.2%)",,,"4,309 (35.6%)","2,782 (39.0%)","1,590 (17.1%)","1,472 (24.5%)","1,639 (25.1%)","1,790 (32.3%)","4,206 (23.6%)","6,576 (26.3%)","28,466 (26.2%)",,"4,378 (23.2%)",,,"5,316 (38.2%)","3,116 (38.5%)","1,672 (18.1%)","1,545 (23.6%)","2,046 (29.4%)","1,999 (36.0%)","4,260 (24.2%)","6,700 (25.8%)","31,032 (27.5%)",,"4,811 (27.2%)",,,"5,918 (41.3%)","3,143 (44.3%)","1,795 (23.0%)","1,513 (25.8%)","2,377 (34.3%)","1,948 (37.1%)","4,440 (28.4%)","6,439 (29.7%)","32,384 (31.7%)",,"5,039 (28.8%)",,,"6,797 (44.8%)","3,304 (48.3%)","1,630 (21.9%)","1,785 (28.1%)","2,988 (40.4%)","2,399 (42.3%)","4,452 (30.9%)","6,827 (29.5%)","35,221 (33.9%)","1,779 (30.0%)","4,958 (28.6%)",,,"7,407 (46.7%)","3,249 (49.2%)","1,763 (24.9%)","1,997 (30.9%)","3,099 (43.8%)","2,395 (41.6%)","4,703 (32.4%)","7,135 (29.7%)","38,485 (34.8%)","7,240 (28.5%)","5,376 (29.3%)",,"3,095 (36.5%)","8,994 (49.5%)","3,198 (50.1%)","1,770 (23.8%)","2,089 (29.3%)","3,304 (46.0%)","2,518 (42.9%)","5,200 (34.0%)","7,555 (33.8%)","50,339 (35.4%)","7,820 (28.1%)","5,478 (30.5%)",,"3,060 (35.4%)","9,501 (51.8%)","3,556 (52.1%)","2,008 (25.5%)","2,330 (31.1%)","3,554 (47.3%)","2,543 (43.8%)","5,314 (33.5%)","7,969 (35.5%)","53,133 (36.2%)","14,151 (42.2%)","5,438 (29.8%)",,,"10,101 (54.4%)","3,655 (72.4%)","2,452 (30.5%)","1,694 (27.0%)",,"2,791 (44.3%)","5,560 (33.7%)","7,430 (34.0%)","53,272 (39.6%)","3,749 (45.9%)","2,491 (30.7%)",,,,,483 (21.7%),,,340 (41.4%),795 (34.2%),,"7,858 (36.3%)"
"  Other critically ill, n (%)","5,171 (5.1%)","12,531 (7.7%)","4,619 (5.1%)",965 (5.6%),98 (0.1%),"3,179 (4.7%)","3,294 (5.0%)","3,969 (6.7%)","2,211 (4.5%)",0 (0.0%),"18,283 (8.3%)","9,029 (4.6%)","63,349 (5.3%)",,,,,,,,,,,276 (4.8%),,276 (4.8%),,,,,,,,,,0 (0.0%),524 (5.4%),,524 (4.1%),,,,,,,,,,0 (0.0%),710 (6.7%),,710 (4.5%),,,,,,,,,,0 (0.0%),"1,078 (7.9%)",,"1,078 (5.7%)",,,,,,,,<10,,0 (0.0%),"1,268 (7.9%)",,"1,268 (5.8%)",,,,,,202 (2.8%),,12 (4.9%),,0 (0.0%),"1,257 (7.7%)",,"1,471 (5.0%)",,693 (7.2%),,,,201 (2.9%),,332 (5.1%),,0 (0.0%),"1,335 (7.8%)",379 (3.3%),"2,940 (5.1%)",,"1,359 (7.0%)",,,0 (0.0%),288 (4.0%),510 (5.5%),353 (5.9%),212 (3.2%),0 (0.0%),"1,465 (8.2%)",957 (3.8%),"5,144 (4.7%)",,"1,332 (7.0%)",,,0 (0.0%),352 (4.4%),532 (5.7%),443 (6.8%),276 (4.0%),0 (0.0%),"1,340 (7.6%)",965 (3.7%),"5,240 (4.6%)",,"1,342 (7.6%)",,,11 (0.1%),345 (4.9%),409 (5.3%),513 (8.8%),338 (4.9%),0 (0.0%),"1,329 (8.5%)","1,076 (5.0%)","5,363 (5.4%)",,"1,320 (7.5%)",,,<10,391 (5.7%),373 (5.0%),537 (8.5%),313 (4.2%),0 (0.0%),"1,402 (9.7%)","1,115 (4.8%)","5,451 (6.1%)",402 (6.8%),"1,501 (8.7%)",,,13 (0.1%),413 (6.2%),388 (5.5%),476 (7.4%),335 (4.7%),0 (0.0%),"1,549 (10.7%)","1,107 (4.6%)","6,184 (5.7%)","1,486 (5.8%)","1,488 (8.1%)",,472 (5.6%),25 (0.1%),404 (6.3%),378 (5.1%),485 (6.8%),375 (5.2%),0 (0.0%),"1,473 (9.6%)","1,166 (5.2%)","7,752 (5.2%)","1,518 (5.5%)","1,518 (8.5%)",,493 (5.7%),23 (0.1%),401 (5.9%),340 (4.3%),448 (6.0%),362 (4.8%),0 (0.0%),"1,469 (9.3%)","1,114 (5.0%)","7,686 (5.1%)","1,451 (4.3%)","1,409 (7.7%)",,,20 (0.1%),182 (3.6%),327 (4.1%),369 (5.9%),,0 (0.0%),"1,590 (9.6%)","1,150 (5.3%)","6,498 (4.8%)",314 (3.8%),569 (7.0%),,,,,37 (1.7%),,,0 (0.0%),218 (9.4%),,"1,138 (5.3%)"
"ICU episodes, total n","90,685","135,216","96,091","14,407","135,739","61,611","63,927","48,450","45,804","129,375","166,016","180,577","1,167,898",,,,,,,,,,,"5,201",,"5,201",,,,,,,,,,"4,058","8,427",,"12,485",,,,,,,,,,"6,754","9,037",,"15,791",,,,,,,,,,"8,210","10,878",,"19,088",,,,,,,,32,,"7,075","12,831",,"19,938",,,,,,"7,101",,274,,"10,316","12,806",,"30,497",,"8,291",,,,"6,747",,"5,376",,"10,420","13,435","11,111","55,380",,"16,564",,,"13,145","6,644","8,900","4,862","6,299","10,181","13,917","23,634","104,146",,"15,812",,,"15,141","7,575","8,794","5,324","6,392","10,509","13,640","24,175","107,362",,"15,043",,,"15,285","6,648","7,519","4,747","6,485","9,200","12,135","20,154","97,216",,"14,299",,,"16,299","6,161","7,147","5,214","6,760","9,613","10,117","21,148","96,758","5,622","14,143",,,"16,918","5,873","6,837","5,347","6,443","9,672","9,844","21,634","102,333","23,889","15,022",,"7,226","19,418","5,612","7,134","5,833","6,533","10,124","10,451","19,711","130,953","26,371","14,538",,"7,181","19,737","6,146","7,584","6,279","6,892","10,542","10,827","20,026","136,123","28,508","14,941",,,"19,796","3,104","7,797","5,162",,"11,420","10,993","18,984","120,705","6,295","6,563",,,,,"2,215",,,"1,281","1,477",,"17,831"
"Encounters with >=1 ICU episode, n (%)","78,108 (77.4%)","124,450 (76.3%)","85,146 (94.8%)","13,351 (77.9%)","125,224 (99.0%)","56,602 (82.9%)","58,831 (88.5%)","44,502 (75.6%)","41,179 (83.0%)","77,264 (100.0%)","156,945 (71.6%)","167,933 (84.8%)","1,029,535 (83.4%)",,,,,,,,,,,"4,843 (84.6%)",,"4,843 (84.6%)",,,,,,,,,,"3,104 (100.0%)","7,910 (82.0%)",,"11,014 (86.4%)",,,,,,,,,,"5,265 (100.0%)","8,467 (79.6%)",,"13,732 (86.3%)",,,,,,,,,,"5,207 (100.0%)","10,290 (75.0%)",,"15,497 (81.9%)",,,,,,,,16 (80.0%),,"5,627 (100.0%)","12,120 (75.4%)",,"17,763 (81.8%)",,,,,,"6,497 (89.1%)",,210 (86.1%),,"5,751 (100.0%)","12,147 (74.2%)",,"24,605 (83.0%)",,"7,679 (79.9%)",,,,"6,199 (89.0%)",,"4,968 (76.6%)",,"5,767 (100.0%)","12,709 (74.4%)","10,332 (89.2%)","47,654 (82.9%)",,"15,274 (79.1%)",,,"12,097 (100.0%)","6,139 (86.1%)","8,252 (88.9%)","4,515 (75.1%)","5,648 (86.4%)","5,539 (100.0%)","13,228 (74.2%)","22,091 (88.2%)","92,783 (85.3%)",,"14,588 (77.1%)",,,"13,920 (100.0%)","6,995 (86.5%)","8,177 (88.3%)","4,980 (75.9%)","5,749 (82.7%)","5,546 (100.0%)","12,929 (73.5%)","22,598 (87.1%)","95,482 (84.7%)",,"13,774 (77.8%)",,,"14,122 (98.6%)","6,058 (85.4%)","6,869 (88.2%)","4,356 (74.4%)","5,806 (83.9%)","5,246 (100.0%)","11,459 (73.4%)","18,699 (86.4%)","86,389 (84.5%)",,"13,128 (75.0%)",,,"15,081 (99.4%)","5,643 (82.5%)","6,549 (88.2%)","4,742 (74.7%)","6,133 (82.8%)","5,667 (100.0%)","9,480 (65.7%)","19,685 (85.2%)","86,108 (82.9%)","4,926 (83.0%)","12,994 (75.0%)",,,"15,668 (98.8%)","5,388 (81.5%)","6,205 (87.5%)","4,880 (75.6%)","5,749 (81.3%)","5,754 (100.0%)","9,324 (64.2%)","20,121 (83.8%)","91,009 (82.3%)","20,978 (82.5%)","13,841 (75.5%)",,"6,665 (78.5%)","17,913 (98.5%)","5,172 (81.0%)","6,559 (88.1%)","5,337 (75.0%)","5,913 (82.3%)","5,867 (100.0%)","9,906 (64.8%)","18,203 (81.4%)","116,354 (81.9%)","22,552 (81.0%)","13,327 (74.3%)",,"6,686 (77.3%)","18,120 (98.7%)","5,660 (83.0%)","6,982 (88.7%)","5,758 (76.9%)","6,181 (82.2%)","5,800 (100.0%)","10,295 (64.9%)","18,531 (82.5%)","119,892 (81.8%)","24,237 (72.2%)","13,742 (75.3%)",,,"18,303 (98.6%)","2,851 (56.5%)","7,206 (89.6%)","4,740 (75.5%)",,"6,304 (100.0%)","10,414 (63.1%)","17,673 (80.8%)","105,470 (78.5%)","5,415 (66.3%)","6,103 (75.1%)",,,,,"2,032 (91.3%)",,,820 (99.8%),"1,424 (61.2%)",,"15,794 (72.9%)"
"Hospital mortality, n (%)","16,467 (16.3%)","33,674 (20.7%)","16,487 (18.4%)","2,775 (16.2%)","17,414 (13.8%)","10,416 (15.3%)","10,018 (15.1%)","10,011 (17.0%)","9,253 (18.7%)","8,075 (10.5%)","41,343 (18.9%)","30,945 (15.6%)","206,878 (16.7%)",,,,,,,,,,,778 (13.6%),,778 (13.6%),,,,,,,,,,307 (9.9%),"1,326 (13.7%)",,"1,633 (12.8%)",,,,,,,,,,512 (9.7%),"1,752 (16.5%)",,"2,264 (14.2%)",,,,,,,,,,468 (9.0%),"2,399 (17.5%)",,"2,867 (15.1%)",,,,,,,,<10,,528 (9.4%),"2,856 (17.8%)",,"3,384 (15.6%)",,,,,,788 (10.8%),,47 (19.3%),,498 (8.7%),"2,804 (17.1%)",,"4,137 (14.0%)",,"1,728 (18.0%)",,,,872 (12.5%),,892 (13.8%),,503 (8.7%),"3,016 (17.7%)","1,445 (12.5%)","8,456 (14.7%)",,"3,610 (18.7%)",,,"1,342 (11.1%)",968 (13.6%),"1,368 (14.7%)",913 (15.2%),"1,056 (16.2%)",553 (10.0%),"3,198 (17.9%)","3,323 (13.3%)","16,331 (15.0%)",,"3,546 (18.8%)",,,"1,634 (11.7%)","1,162 (14.4%)","1,351 (14.6%)","1,104 (16.8%)","1,212 (17.4%)",578 (10.4%),"2,984 (17.0%)","3,468 (13.4%)","17,039 (15.1%)",,"3,862 (21.8%)",,,"2,101 (14.7%)","1,162 (16.4%)","1,340 (17.2%)","1,156 (19.7%)","1,374 (19.8%)",590 (11.2%),"3,265 (20.9%)","3,715 (17.2%)","18,565 (18.2%)",,"3,759 (21.5%)",,,"2,211 (14.6%)","1,250 (18.3%)","1,149 (15.5%)","1,225 (19.3%)","1,404 (19.0%)",684 (12.1%),"3,290 (22.8%)","3,845 (16.6%)","18,817 (18.1%)","1,250 (21.1%)","3,850 (22.2%)",,,"2,315 (14.6%)","1,278 (19.3%)","1,186 (16.7%)","1,212 (18.8%)","1,390 (19.7%)",640 (11.1%),"3,298 (22.7%)","3,860 (16.1%)","20,279 (18.3%)","4,476 (17.6%)","3,890 (21.2%)",,"1,419 (16.7%)","2,601 (14.3%)","1,177 (18.4%)","1,128 (15.1%)","1,263 (17.7%)","1,411 (19.6%)",662 (11.3%),"3,198 (20.9%)","3,752 (16.8%)","24,977 (17.6%)","4,676 (16.8%)","3,982 (22.2%)",,"1,356 (15.7%)","2,592 (14.1%)","1,237 (18.1%)","1,131 (14.4%)","1,214 (16.2%)","1,406 (18.7%)",690 (11.9%),"3,313 (20.9%)","3,870 (17.2%)","25,467 (17.4%)","4,953 (14.8%)","3,876 (21.2%)",,,"2,618 (14.1%)",522 (10.3%),"1,135 (14.1%)",982 (15.6%),,757 (12.0%),"3,368 (20.4%)","3,667 (16.8%)","21,878 (16.3%)","1,112 (13.6%)","1,571 (19.3%)",,,,,230 (10.3%),,,105 (12.8%),498 (21.4%),,"3,516 (16.2%)"
"  Discharged to hospice, n (%)","4,999 (5.0%)","15,665 (9.6%)","5,249 (5.8%)","1,045 (6.1%)","5,017 (4.0%)","3,846 (5.6%)","4,030 (6.1%)","3,005 (5.1%)","3,095 (6.2%)","1,334 (1.7%)","16,493 (7.5%)","14,284 (7.2%)","78,062 (6.3%)",,,,,,,,,,,262 (4.6%),,262 (4.6%),,,,,,,,,,22 (0.7%),470 (4.9%),,492 (3.9%),,,,,,,,,,58 (1.1%),713 (6.7%),,771 (4.8%),,,,,,,,,,54 (1.0%),"1,042 (7.6%)",,"1,096 (5.8%)",,,,,,,,0 (0.0%),,66 (1.2%),"1,278 (7.9%)",,"1,344 (6.2%)",,,,,,292 (4.0%),,<10,,77 (1.3%),"1,224 (7.5%)",,"1,593 (5.4%)",,811 (8.4%),,,,299 (4.3%),,97 (1.5%),,62 (1.1%),"1,315 (7.7%)",735 (6.3%),"3,319 (5.8%)",,"1,530 (7.9%)",,,407 (3.4%),370 (5.2%),599 (6.5%),109 (1.8%),401 (6.1%),68 (1.2%),"1,389 (7.8%)","1,653 (6.6%)","6,526 (6.0%)",,"1,571 (8.3%)",,,528 (3.8%),460 (5.7%),632 (6.8%),302 (4.6%),466 (6.7%),59 (1.1%),"1,243 (7.1%)","1,761 (6.8%)","7,022 (6.2%)",,"1,629 (9.2%)",,,593 (4.1%),518 (7.3%),532 (6.8%),409 (7.0%),473 (6.8%),64 (1.2%),"1,230 (7.9%)","1,765 (8.2%)","7,213 (7.1%)",,"1,650 (9.4%)",,,598 (3.9%),510 (7.5%),502 (6.8%),457 (7.2%),439 (5.9%),134 (2.4%),"1,122 (7.8%)","1,747 (7.6%)","7,159 (6.9%)",244 (4.1%),"1,787 (10.3%)",,,578 (3.6%),509 (7.7%),426 (6.0%),385 (6.0%),402 (5.7%),143 (2.5%),"1,185 (8.2%)","1,677 (7.0%)","7,336 (6.6%)",977 (3.8%),"1,886 (10.3%)",,519 (6.1%),763 (4.2%),423 (6.6%),413 (5.5%),460 (6.5%),458 (6.4%),149 (2.5%),"1,190 (7.8%)","1,597 (7.1%)","8,835 (6.2%)","1,090 (3.9%)","1,993 (11.1%)",,526 (6.1%),774 (4.2%),328 (4.8%),405 (5.1%),412 (5.5%),456 (6.1%),175 (3.0%),"1,285 (8.1%)","1,615 (7.2%)","9,059 (6.2%)","2,009 (6.0%)","2,005 (11.0%)",,,776 (4.2%),137 (2.7%),433 (5.4%),370 (5.9%),,184 (2.9%),"1,363 (8.3%)","1,734 (7.9%)","9,011 (6.7%)",679 (8.3%),803 (9.9%),,,,,88 (4.0%),,,19 (2.3%),182 (7.8%),,"1,771 (8.2%)"
"  Expired, n (%)","13,058 (12.9%)","18,013 (11.0%)","11,664 (13.0%)","1,731 (10.1%)","12,405 (9.8%)","6,577 (9.6%)","7,509 (11.3%)","7,007 (11.9%)","6,159 (12.4%)","6,741 (8.7%)","24,856 (11.3%)","19,786 (10.0%)","135,506 (11.0%)",,,,,,,,,,,516 (9.0%),,516 (9.0%),,,,,,,,,,285 (9.2%),857 (8.9%),,"1,142 (9.0%)",,,,,,,,,,454 (8.6%),"1,040 (9.8%)",,"1,494 (9.4%)",,,,,,,,,,414 (8.0%),"1,357 (9.9%)",,"1,771 (9.4%)",,,,,,,,<10,,462 (8.2%),"1,578 (9.8%)",,"2,040 (9.4%)",,,,,,496 (6.8%),,43 (17.6%),,421 (7.3%),"1,581 (9.7%)",,"2,541 (8.6%)",,918 (9.6%),,,,573 (8.2%),,795 (12.3%),,441 (7.6%),"1,701 (10.0%)",781 (6.7%),"5,209 (9.1%)",,"2,080 (10.8%)",,,935 (7.7%),599 (8.4%),980 (10.6%),804 (13.4%),655 (10.0%),485 (8.8%),"1,810 (10.2%)","1,897 (7.6%)","10,245 (9.4%)",,"1,975 (10.4%)",,,"1,108 (8.0%)",702 (8.7%),"1,003 (10.8%)",802 (12.2%),746 (10.7%),519 (9.4%),"1,741 (9.9%)","1,991 (7.7%)","10,587 (9.4%)",,"2,233 (12.6%)",,,"1,509 (10.5%)",645 (9.1%),"1,041 (13.4%)",747 (12.8%),901 (13.0%),526 (10.0%),"2,036 (13.0%)","2,258 (10.4%)","11,896 (11.6%)",,"2,109 (12.0%)",,,"1,615 (10.6%)",742 (10.8%),813 (10.9%),768 (12.1%),966 (13.0%),550 (9.7%),"2,168 (15.0%)","2,424 (10.5%)","12,155 (11.7%)","1,029 (17.3%)","2,063 (11.9%)",,,"1,737 (11.0%)",771 (11.7%),906 (12.8%),827 (12.8%),988 (14.0%),497 (8.6%),"2,113 (14.6%)","2,504 (10.4%)","13,435 (12.1%)","3,612 (14.2%)","2,005 (10.9%)",,901 (10.6%),"1,838 (10.1%)",755 (11.8%),868 (11.7%),804 (11.3%),953 (13.3%),513 (8.7%),"2,008 (13.1%)","2,585 (11.6%)","16,842 (11.9%)","3,723 (13.4%)","1,989 (11.1%)",,830 (9.6%),"1,819 (9.9%)",909 (13.3%),892 (11.3%),802 (10.7%),950 (12.6%),515 (8.9%),"2,028 (12.8%)","2,743 (12.2%)","17,200 (11.7%)","3,836 (11.4%)","1,872 (10.3%)",,,"1,844 (9.9%)",385 (7.6%),838 (10.4%),612 (9.8%),,573 (9.1%),"2,006 (12.1%)","2,603 (11.9%)","14,569 (10.8%)",858 (10.5%),769 (9.5%),,,,,168 (7.5%),,,86 (10.5%),316 (13.6%),,"2,197 (10.1%)"
  First admission location: ed,"65,491 (64.9%)","50,796 (31.2%)","17,113 (19.1%)","5,054 (29.5%)","82,896 (65.5%)","27,798 (40.7%)","32,615 (49.1%)","34,853 (59.2%)","32,837 (66.2%)",474 (0.6%),"171,922 (78.4%)","37,876 (19.1%)","559,725 (45.3%)",,,,,,,,,,,"3,469 (60.6%)",,"3,469 (60.6%)",,,,,,,,,,<10,"6,571 (68.1%)",,"6,571 (68.1%)",,,,,,,,,,<10,"7,460 (70.1%)",,"7,460 (70.1%)",,,,,,,,,,<10,"10,358 (75.5%)",,"10,358 (75.5%)",,,,,,,,12 (60.0%),,14 (0.2%),"12,375 (77.0%)",,"12,401 (53.7%)",,,,,,<10,,175 (71.7%),,20 (0.3%),"12,703 (77.6%)",,"12,898 (55.4%)",,"2,723 (28.3%)",,,,"1,530 (22.0%)",,"3,645 (56.2%)",,20 (0.3%),"13,257 (77.6%)","1,956 (16.9%)","23,131 (39.6%)",,"5,455 (28.2%)",,,"6,926 (57.2%)","2,991 (42.0%)","4,066 (43.8%)","3,353 (55.8%)","4,002 (61.2%)",22 (0.4%),"14,160 (79.5%)","4,420 (17.6%)","45,395 (41.7%)",,"5,586 (29.5%)",,,"8,293 (59.6%)","3,878 (48.0%)","3,937 (42.5%)","3,745 (57.1%)","4,517 (65.0%)",30 (0.5%),"14,076 (80.1%)","4,857 (18.7%)","48,919 (43.2%)",,"5,346 (30.2%)",,,"9,618 (67.1%)","3,449 (48.6%)","4,025 (51.7%)","3,594 (61.4%)","4,704 (67.9%)",53 (1.0%),"12,809 (82.0%)","4,246 (19.6%)","47,844 (46.8%)",,"5,232 (29.9%)",,,"10,157 (67.0%)","3,519 (51.4%)","3,992 (53.7%)","3,992 (62.8%)","5,201 (70.2%)",42 (0.7%),"11,737 (81.4%)","4,596 (19.9%)","48,468 (46.5%)","4,109 (69.3%)","5,370 (31.0%)",,,"10,909 (68.8%)","3,572 (54.0%)","3,578 (50.5%)","3,994 (61.9%)","4,752 (67.2%)",58 (1.0%),"11,961 (82.4%)","4,667 (19.4%)","52,970 (47.9%)","17,323 (68.1%)","5,818 (31.7%)",,"2,519 (29.7%)","12,393 (68.1%)","3,544 (55.5%)","3,840 (51.6%)","4,249 (59.7%)","4,711 (65.6%)",62 (1.1%),"12,445 (81.4%)","4,343 (19.4%)","71,247 (50.1%)","18,830 (67.7%)","5,992 (33.4%)",,"2,535 (29.3%)","12,338 (67.2%)","3,704 (54.3%)","3,953 (50.2%)","4,385 (58.6%)","4,950 (65.8%)",64 (1.1%),"12,933 (81.5%)","4,354 (19.4%)","74,038 (50.5%)","20,509 (61.1%)","6,345 (34.7%)",,,"12,262 (66.1%)","1,607 (31.8%)","4,086 (50.8%)","3,709 (59.1%)",,66 (1.0%),"13,672 (82.8%)","4,437 (20.3%)","66,693 (49.6%)","4,720 (57.8%)","2,929 (36.0%)",,,,,"1,138 (51.1%)",,,<10,"1,936 (83.2%)",,"10,723 (51.4%)"
  First admission location: ward,"15,243 (15.1%)","45,853 (28.1%)","31,273 (34.8%)","5,803 (33.9%)","7,329 (5.8%)","8,657 (12.7%)","4,810 (7.2%)","6,479 (11.0%)","4,828 (9.7%)","32,943 (42.6%)","11,578 (5.3%)","57,811 (29.2%)","232,607 (18.8%)",,,,,,,,,,,481 (8.4%),,481 (8.4%),,,,,,,,,,"1,460 (47.0%)",638 (6.6%),,"2,098 (16.4%)",,,,,,,,,,"2,593 (49.2%)",719 (6.8%),,"3,312 (20.8%)",,,,,,,,,,"2,676 (51.4%)",909 (6.6%),,"3,585 (18.9%)",,,,,,,,<10,,"2,921 (51.9%)","1,070 (6.7%)",,"3,991 (18.4%)",,,,,,"1,329 (18.2%)",,19 (7.8%),,"2,868 (49.9%)","1,099 (6.7%)",,"5,315 (17.9%)",,"2,831 (29.5%)",,,,"1,037 (14.9%)",,643 (9.9%),,"2,907 (50.4%)","1,136 (6.6%)","3,254 (28.1%)","11,808 (20.5%)",,"5,607 (29.0%)",,,837 (6.9%),808 (11.3%),596 (6.4%),540 (9.0%),660 (10.1%),"2,626 (47.4%)","1,105 (6.2%)","6,918 (27.6%)","19,697 (18.1%)",,"5,455 (28.8%)",,,872 (6.3%),640 (7.9%),561 (6.1%),687 (10.5%),701 (10.1%),"2,345 (42.3%)",985 (5.6%),"7,152 (27.6%)","19,398 (17.2%)",,"5,055 (28.6%)",,,870 (6.1%),695 (9.8%),473 (6.1%),742 (12.7%),624 (9.0%),"2,105 (40.1%)",788 (5.0%),"6,327 (29.2%)","17,679 (17.3%)",,"5,084 (29.0%)",,,853 (5.6%),584 (8.5%),507 (6.8%),780 (12.3%),625 (8.4%),"2,175 (38.4%)",580 (4.0%),"6,651 (28.8%)","17,839 (17.2%)",688 (11.6%),"4,905 (28.3%)",,,908 (5.7%),523 (7.9%),569 (8.0%),772 (12.0%),715 (10.1%),"2,024 (35.2%)",496 (3.4%),"6,833 (28.4%)","18,433 (16.7%)","3,301 (13.0%)","5,103 (27.8%)",,"2,857 (33.7%)",999 (5.5%),473 (7.4%),576 (7.7%),794 (11.2%),713 (9.9%),"1,993 (34.0%)",528 (3.5%),"7,012 (31.3%)","24,349 (17.1%)","3,923 (14.1%)","4,961 (27.7%)",,"2,946 (34.1%)",967 (5.3%),457 (6.7%),642 (8.2%),845 (11.3%),790 (10.5%),"2,020 (34.8%)",495 (3.1%),"6,949 (30.9%)","24,995 (17.1%)","5,769 (17.2%)","4,798 (26.3%)",,,"1,023 (5.5%)","2,111 (41.8%)",676 (8.4%),656 (10.5%),,"2,012 (31.9%)",486 (2.9%),"6,715 (30.7%)","24,246 (18.0%)","1,562 (19.1%)","2,054 (25.3%)",,,,,210 (9.4%),,,218 (26.5%),63 (2.7%),,"4,107 (19.0%)"
  First admission location: icu,"9,366 (9.3%)","38,544 (23.6%)","30,412 (33.9%)","4,164 (24.3%)","10,644 (8.4%)","15,287 (22.4%)","14,246 (21.4%)","12,415 (21.1%)","4,469 (9.0%)","26,382 (34.1%)","8,718 (4.0%)","73,887 (37.3%)","248,534 (20.1%)",,,,,,,,,,,701 (12.2%),,701 (12.2%),,,,,,,,,,"1,004 (32.3%)",836 (8.7%),,"1,840 (14.4%)",,,,,,,,,,"1,798 (34.2%)",755 (7.1%),,"2,553 (16.1%)",,,,,,,,,,"1,882 (36.1%)",556 (4.1%),,"2,438 (12.9%)",,,,,,,,<10,,"1,861 (33.1%)",573 (3.6%),,"2,434 (11.2%)",,,,,,"3,590 (49.2%)",,30 (12.3%),,"1,819 (31.6%)",602 (3.7%),,"6,041 (20.4%)",,"2,389 (24.9%)",,,,"2,417 (34.7%)",,"1,165 (18.0%)",,"1,942 (33.7%)",698 (4.1%),"4,767 (41.2%)","13,378 (23.3%)",,"4,931 (25.5%)",,,"1,533 (12.7%)","1,436 (20.1%)","2,461 (26.5%)","1,189 (19.8%)",750 (11.5%),"1,854 (33.5%)",570 (3.2%),"10,265 (41.0%)","24,989 (23.0%)",,"4,614 (24.4%)",,,"1,598 (11.5%)","1,455 (18.0%)","2,353 (25.4%)","1,275 (19.4%)",623 (9.0%),"2,025 (36.5%)",558 (3.2%),"10,391 (40.0%)","24,892 (22.1%)",,"4,402 (24.9%)",,,"1,198 (8.4%)","1,235 (17.4%)","1,708 (21.9%)","1,277 (21.8%)",609 (8.8%),"1,715 (32.7%)",548 (3.5%),"8,386 (38.7%)","21,078 (20.6%)",,"4,118 (23.5%)",,,"1,204 (7.9%)","1,272 (18.6%)","1,434 (19.3%)","1,265 (19.9%)",516 (7.0%),"1,845 (32.6%)",473 (3.3%),"8,632 (37.3%)","20,759 (20.0%)",524 (8.8%),"3,995 (23.0%)",,,"1,090 (6.9%)","1,220 (18.5%)","1,442 (20.3%)","1,327 (20.6%)",569 (8.0%),"2,060 (35.8%)",445 (3.1%),"8,817 (36.7%)","21,489 (19.4%)","2,388 (9.4%)","4,197 (22.9%)",,"2,099 (24.7%)","1,219 (6.7%)",992 (15.5%),"1,417 (19.0%)","1,576 (22.1%)",682 (9.5%),"2,076 (35.4%)",423 (2.8%),"7,567 (33.8%)","24,636 (17.3%)","2,705 (9.7%)","4,042 (22.5%)",,"2,065 (23.9%)","1,318 (7.2%)","1,161 (17.0%)","1,527 (19.4%)","1,800 (24.0%)",720 (9.6%),"1,957 (33.7%)",480 (3.0%),"7,685 (34.2%)","25,460 (17.4%)","3,026 (9.0%)","4,080 (22.3%)",,,"1,484 (8.0%)",509 (10.1%),"1,500 (18.6%)","1,508 (24.0%)",,"2,190 (34.7%)",463 (2.8%),"7,377 (33.7%)","22,137 (16.5%)",723 (8.9%),"1,776 (21.9%)",,,,,404 (18.1%),,,354 (43.1%),37 (1.6%),,"3,294 (15.2%)"
  First admission location: procedural,"7,725 (7.7%)","20,176 (12.4%)","2,473 (2.8%)","1,798 (10.5%)","22,610 (17.9%)","14,748 (21.6%)","10,726 (16.1%)","2,912 (4.9%)","7,365 (14.8%)","10,535 (13.6%)","24,838 (11.3%)","27,218 (13.7%)","153,124 (12.4%)",,,,,,,,,,,994 (17.4%),,994 (17.4%),,,,,,,,,,486 (15.7%),"1,485 (15.4%)",,"1,971 (15.5%)",,,,,,,,,,601 (11.4%),"1,559 (14.7%)",,"2,160 (13.6%)",,,,,,,,,,378 (7.3%),"1,748 (12.7%)",,"2,126 (11.2%)",,,,,,,,<10,,445 (7.9%),"1,903 (11.8%)",,"2,348 (10.8%)",,,,,,"1,928 (26.4%)",,16 (6.6%),,579 (10.1%),"1,819 (11.1%)",,"4,342 (14.6%)",,"1,253 (13.0%)",,,,"1,722 (24.7%)",,823 (12.7%),,351 (6.1%),"1,855 (10.9%)","1,460 (12.6%)","7,464 (13.0%)",,"2,418 (12.5%)",,,"2,445 (20.2%)","1,731 (24.3%)","1,570 (16.9%)",718 (11.9%),"1,110 (17.0%)",298 (5.4%),"1,865 (10.5%)","3,147 (12.6%)","15,302 (14.1%)",,"2,394 (12.7%)",,,"2,896 (20.8%)","1,921 (23.8%)","1,726 (18.6%)",634 (9.7%),"1,101 (15.8%)",602 (10.9%),"1,829 (10.4%)","3,379 (13.0%)","16,482 (14.6%)",,"2,086 (11.8%)",,,"2,348 (16.4%)","1,548 (21.8%)","1,087 (14.0%)",85 (1.5%),975 (14.1%),760 (14.5%),"1,372 (8.8%)","2,567 (11.9%)","12,828 (12.6%)",,"2,133 (12.2%)",,,"2,599 (17.1%)","1,340 (19.6%)","1,045 (14.1%)",110 (1.7%),"1,044 (14.1%)",944 (16.7%),"1,501 (10.4%)","3,080 (13.3%)","13,796 (13.3%)",545 (9.2%),"2,178 (12.6%)",,,"2,615 (16.5%)","1,205 (18.2%)","1,008 (14.2%)",106 (1.6%),"1,019 (14.4%)","1,011 (17.6%)","1,503 (10.4%)","3,598 (15.0%)","14,788 (13.4%)","2,265 (8.9%)","2,365 (12.9%)",,875 (10.3%),"3,177 (17.5%)","1,267 (19.8%)","1,138 (15.3%)",134 (1.9%),"1,061 (14.8%)","1,187 (20.2%)","1,741 (11.4%)","3,359 (15.0%)","18,569 (13.1%)","2,185 (7.9%)","2,154 (12.0%)",,923 (10.7%),"3,244 (17.7%)","1,351 (19.8%)","1,347 (17.1%)",154 (2.1%),"1,055 (14.0%)","1,254 (21.6%)","1,725 (10.9%)","3,391 (15.1%)","18,783 (12.8%)","2,240 (6.7%)","2,204 (12.1%)",,,"3,286 (17.7%)",735 (14.6%),"1,398 (17.4%)",129 (2.1%),,"1,477 (23.4%)","1,677 (10.2%)","3,237 (14.8%)","16,383 (12.2%)",490 (6.0%),991 (12.2%),,,,,407 (18.3%),,,162 (19.7%),262 (11.3%),,"2,312 (10.7%)"
  First admission location: other,"3,080 (3.1%)","7,661 (4.7%)","8,557 (9.5%)",316 (1.8%),"2,995 (2.4%)","1,765 (2.6%)","4,042 (6.1%)","2,208 (3.8%)",94 (0.2%),"6,934 (9.0%)","2,173 (1.0%)","1,269 (0.6%)","41,032 (3.3%)",,,,,,,,,,,80 (1.4%),,80 (1.4%),,,,,,,,,,151 (4.9%),119 (1.2%),,270 (2.8%),,,,,,,,,,267 (5.1%),142 (1.3%),,409 (3.8%),,,,,,,,,,256 (4.9%),148 (1.1%),,404 (2.9%),,,,,,,,0,,380 (6.8%),159 (1.0%),,539 (2.3%),,,,,,430 (5.9%),,0,,456 (7.9%),141 (0.9%),,"1,027 (4.4%)",,409 (4.3%),,,,256 (3.7%),,209 (3.2%),,547 (9.5%),138 (0.8%),143 (1.2%),"1,702 (2.9%)",,903 (4.7%),,,358 (3.0%),160 (2.2%),588 (6.3%),207 (3.4%),16 (0.2%),739 (13.3%),121 (0.7%),294 (1.2%),"3,386 (3.1%)",,861 (4.5%),,,262 (1.9%),190 (2.4%),681 (7.4%),218 (3.3%),12 (0.2%),544 (9.8%),131 (0.7%),164 (0.6%),"3,063 (2.7%)",,815 (4.6%),,,295 (2.1%),159 (2.2%),495 (6.4%),152 (2.6%),12 (0.2%),611 (11.6%),100 (0.6%),119 (0.5%),"2,758 (2.7%)",,936 (5.3%),,,357 (2.4%),122 (1.8%),443 (6.0%),205 (3.2%),18 (0.2%),658 (11.6%),135 (0.9%),141 (0.6%),"3,015 (2.9%)",51 (0.9%),885 (5.1%),,,332 (2.1%),84 (1.3%),489 (6.9%),255 (4.0%),15 (0.2%),597 (10.4%),111 (0.8%),101 (0.4%),"2,899 (2.6%)",146 (0.6%),848 (4.6%),,129 (1.5%),399 (2.2%),109 (1.7%),476 (6.4%),365 (5.1%),16 (0.2%),544 (9.3%),161 (1.1%),87 (0.4%),"3,268 (2.3%)",178 (0.6%),787 (4.4%),,174 (2.0%),490 (2.7%),139 (2.0%),404 (5.1%),305 (4.1%),0,504 (8.7%),229 (1.4%),72 (0.3%),"3,260 (2.2%)","1,997 (5.9%)",825 (4.5%),,,502 (2.7%),87 (1.7%),379 (4.7%),264 (4.2%),,561 (8.9%),218 (1.3%),104 (0.5%),"4,937 (3.7%)",672 (8.2%),374 (4.6%),,,,,57 (2.6%),,,77 (9.4%),29 (1.2%),,"1,180 (5.7%)"
  Admission type: ed,"84,294 (83.5%)","141,864 (87.0%)","78,825 (87.7%)","10,003 (58.4%)","96,579 (76.4%)","32,272 (47.3%)","41,384 (62.3%)","40,285 (68.4%)","36,394 (73.4%)","51,261 (66.3%)","180,043 (82.1%)","122,293 (61.7%)","915,497 (74.1%)",,,,,,,,,,,"4,493 (78.5%)",,"4,493 (78.5%)",,,,,,,,,,"1,961 (63.2%)","8,080 (83.7%)",,"10,041 (78.7%)",,,,,,,,,,"3,337 (63.4%)","8,962 (84.2%)",,"12,299 (77.3%)",,,,,,,,,,"3,227 (62.0%)","11,358 (82.8%)",,"14,585 (77.0%)",,,,,,,,17 (85.0%),,"3,489 (62.0%)","13,677 (85.1%)",,"17,183 (79.1%)",,,,,,"3,035 (41.6%)",,201 (82.4%),,"3,506 (61.0%)","13,987 (85.5%)",,"20,729 (69.9%)",,"8,639 (89.9%)",,,,"2,853 (41.0%)",,"4,303 (66.4%)",,"3,556 (61.7%)","14,018 (82.1%)","6,600 (57.0%)","39,969 (69.5%)",,"16,860 (87.3%)",,,"8,561 (70.8%)","3,005 (42.2%)","5,382 (58.0%)","4,053 (67.4%)","4,888 (74.8%)","3,784 (68.3%)","14,262 (80.0%)","15,006 (59.9%)","75,801 (69.7%)",,"15,960 (84.4%)",,,"10,447 (75.0%)","3,889 (48.1%)","5,170 (55.8%)","4,369 (66.6%)","5,297 (76.2%)","3,796 (68.4%)","14,077 (80.1%)","16,048 (61.8%)","79,053 (70.1%)",,"15,212 (85.9%)",,,"11,178 (78.0%)","3,460 (48.8%)","4,972 (63.8%)","4,217 (72.0%)","5,265 (76.0%)","3,471 (66.2%)","13,378 (85.7%)","14,362 (66.3%)","75,515 (73.9%)",,"15,026 (85.8%)",,,"11,883 (78.3%)","3,538 (51.7%)","4,862 (65.4%)","4,621 (72.7%)","5,617 (75.9%)","3,723 (65.7%)","12,816 (88.8%)","15,219 (65.8%)","77,305 (74.4%)","4,992 (84.2%)","15,018 (86.6%)",,,"12,309 (77.6%)","3,594 (54.4%)","4,522 (63.8%)","4,494 (69.6%)","5,135 (72.6%)","3,982 (69.2%)","11,942 (82.3%)","14,451 (60.2%)","80,439 (72.7%)","21,432 (84.3%)","16,044 (87.5%)",,"4,953 (58.4%)","14,110 (77.6%)","3,566 (55.8%)","4,841 (65.0%)","4,830 (67.9%)","5,008 (69.7%)","4,069 (69.4%)","11,974 (78.3%)","13,595 (60.8%)","104,422 (73.5%)","23,306 (83.7%)","15,907 (88.7%)",,"5,050 (58.4%)","14,016 (76.4%)","3,725 (54.6%)","5,043 (64.1%)","4,993 (66.7%)","5,184 (68.9%)","4,176 (72.0%)","12,307 (77.6%)","13,500 (60.1%)","107,207 (73.1%)","27,758 (82.7%)","16,048 (87.9%)",,,"14,075 (75.8%)","1,607 (31.8%)","5,148 (64.0%)","4,187 (66.7%)",,"4,542 (72.0%)","12,896 (78.1%)","13,512 (61.8%)","99,773 (74.2%)","6,806 (83.3%)","7,150 (88.0%)",,,,,"1,444 (64.9%)",,,642 (78.1%),"1,816 (78.0%)",,"17,858 (82.4%)"
  Admission type: osh,"12,281 (12.2%)","13,081 (8.0%)",,"2,612 (15.2%)","13,754 (10.9%)","16,390 (24.0%)",46 (0.1%),,"8,935 (18.0%)",28 (0.0%),"8,838 (4.0%)","26,949 (13.6%)","102,914 (9.7%)",,,,,,,,,,,504 (8.8%),,504 (8.8%),,,,,,,,,,<10,604 (6.3%),,604 (6.3%),,,,,,,,,,,673 (6.3%),,673 (6.3%),,,,,,,,,,<10,741 (5.4%),,741 (5.4%),,,,,,,,,,<10,795 (4.9%),,795 (4.9%),,,,,,"2,125 (29.1%)",,,,<10,853 (5.2%),,"2,978 (12.6%)",,490 (5.1%),,,,"2,044 (29.4%)",,,,,792 (4.6%),"1,895 (16.4%)","5,221 (11.5%)",,"1,494 (7.7%)",,,"1,819 (15.0%)","1,972 (27.7%)",<10,,"1,096 (16.8%)",<10,549 (3.1%),"3,824 (15.3%)","10,754 (12.2%)",,"1,737 (9.2%)",,,"2,007 (14.4%)","2,061 (25.5%)",<10,,"1,025 (14.7%)",<10,572 (3.3%),"3,689 (14.2%)","11,091 (12.1%)",,"1,566 (8.8%)",,,"1,565 (10.9%)","1,755 (24.7%)",<10,,"1,043 (15.1%)",<10,530 (3.4%),"2,805 (13.0%)","9,264 (11.1%)",,"1,614 (9.2%)",,,"1,570 (10.3%)","1,612 (23.6%)",<10,,"1,125 (15.2%)",<10,415 (2.9%),"2,938 (12.7%)","9,274 (11.0%)",667 (11.2%),"1,439 (8.3%)",,,"1,502 (9.5%)","1,446 (21.9%)",<10,,"1,241 (17.6%)",<10,393 (2.7%),"3,010 (12.5%)","9,698 (10.6%)","2,900 (11.4%)","1,435 (7.8%)",,"1,350 (15.9%)","1,644 (9.0%)","1,235 (19.3%)",<10,,"1,620 (22.5%)",<10,448 (2.9%),"2,973 (13.3%)","13,605 (11.2%)","3,210 (11.5%)","1,315 (7.3%)",,"1,262 (14.6%)","1,710 (9.3%)","1,450 (21.3%)",11 (0.1%),,"1,785 (23.7%)",<10,473 (3.0%),"3,051 (13.6%)","14,267 (10.5%)","4,469 (13.3%)","1,370 (7.5%)",,,"1,937 (10.4%)",690 (13.7%),12 (0.1%),,,<10,445 (2.7%),"2,764 (12.6%)","11,687 (9.3%)","1,035 (12.7%)",621 (7.6%),,,,,<10,,,,51 (2.2%),,"1,707 (9.2%)"
  Admission type: facility,"4,185 (4.1%)",<10,,,"7,176 (5.7%)",44 (0.1%),"10,226 (15.4%)",,"1,927 (3.9%)",57 (0.1%),"11,839 (5.4%)","3,054 (1.5%)","38,508 (4.5%)",,,,,,,,,,,207 (3.6%),,207 (3.6%),,,,,,,,,,<10,412 (4.3%),,412 (4.3%),,,,,,,,,,<10,425 (4.0%),,425 (4.0%),,,,,,,,,,,886 (6.5%),,886 (6.5%),,,,,,,,,,,703 (4.4%),,703 (4.4%),,,,,,<10,,,,<10,681 (4.2%),,,,<10,,,,16 (0.2%),,,,,871 (5.1%),<10,887 (3.5%),,<10,,,116 (1.0%),<10,"1,759 (19.0%)",,163 (2.5%),<10,"1,027 (5.8%)",23 (0.1%),"3,088 (4.5%)",,,,,133 (1.0%),<10,"1,751 (18.9%)",,202 (2.9%),<10,"1,006 (5.7%)",38 (0.1%),"3,130 (3.7%)",,,,,458 (3.2%),<10,"1,285 (16.5%)",,288 (4.2%),,645 (4.1%),10 (0.0%),"2,686 (4.1%)",,,,,775 (5.1%),<10,"1,093 (14.7%)",,325 (4.4%),<10,425 (2.9%),<10,"2,618 (5.9%)",250 (4.2%),,,,"1,116 (7.0%)",<10,"1,072 (15.1%)",,400 (5.7%),<10,840 (5.8%),624 (2.6%),"4,302 (5.8%)","1,070 (4.2%)",,,,"1,509 (8.3%)",<10,"1,003 (13.5%)",,257 (3.6%),16 (0.3%),"1,061 (6.9%)",811 (3.6%),"5,727 (5.7%)","1,275 (4.6%)",,,,"1,582 (8.6%)",,"1,045 (13.3%)",,292 (3.9%),<10,"1,171 (7.4%)",752 (3.3%),"6,117 (6.1%)","1,275 (3.8%)",,,,"1,487 (8.0%)",<10,997 (12.4%),,,<10,"1,291 (7.8%)",788 (3.6%),"5,838 (5.9%)",315 (3.9%),,,,,,221 (9.9%),,,,188 (8.1%),,724 (5.7%)
  Admission type: direct,96 (0.1%),"7,185 (4.4%)",233 (0.3%),66 (0.4%),"7,060 (5.6%)","8,225 (12.0%)","6,165 (9.3%)",,"2,327 (4.7%)","19,179 (24.8%)","9,148 (4.2%)","1,684 (0.9%)","61,368 (5.3%)",,,,,,,,,,,522 (9.1%),,522 (9.1%),,,,,,,,,,"1,140 (36.7%)",552 (5.7%),,"1,692 (13.3%)",,,,,,,,,,"1,914 (36.4%)",575 (5.4%),,"2,489 (15.7%)",,,,,,,,,,"1,963 (37.7%)",737 (5.4%),,"2,700 (14.3%)",,,,,,,,,,"2,122 (37.7%)",905 (5.6%),,"3,027 (13.9%)",,,,,,"2,104 (28.9%)",,,,"2,239 (38.9%)",844 (5.2%),,"5,187 (17.6%)",,418 (4.4%),,,,"2,020 (29.0%)",,,,"2,203 (38.2%)",851 (5.0%),31 (0.3%),"5,523 (11.1%)",,869 (4.5%),,,978 (8.1%),"2,134 (29.9%)",413 (4.4%),,391 (6.0%),"1,656 (29.9%)",855 (4.8%),46 (0.2%),"7,342 (7.3%)",,"1,130 (6.0%)",,,986 (7.1%),"1,269 (15.7%)",716 (7.7%),,430 (6.2%),"1,418 (25.6%)",751 (4.3%),44 (0.2%),"6,744 (6.6%)",,844 (4.8%),,,864 (6.0%),222 (3.1%),515 (6.6%),,328 (4.7%),"1,473 (28.1%)",424 (2.7%),52 (0.2%),"4,722 (4.7%)",,786 (4.5%),,,741 (4.9%),149 (2.2%),613 (8.3%),,335 (4.5%),"1,092 (19.3%)",302 (2.1%),74 (0.3%),"4,092 (4.1%)",17 (0.3%),799 (4.6%),,,819 (5.2%),87 (1.3%),504 (7.1%),,285 (4.0%),631 (11.0%),412 (2.8%),303 (1.3%),"3,857 (3.7%)",19 (0.1%),738 (4.0%),,28 (0.3%),799 (4.4%),83 (1.3%),841 (11.3%),,299 (4.2%),479 (8.2%),401 (2.6%),316 (1.4%),"4,003 (3.1%)",26 (0.1%),608 (3.4%),,38 (0.4%),936 (5.1%),109 (1.6%),"1,068 (13.6%)",,259 (3.4%),476 (8.2%),469 (3.0%),447 (2.0%),"4,436 (3.2%)",28 (0.1%),734 (4.0%),,,937 (5.0%),48 (1.0%),"1,140 (14.2%)",,,353 (5.6%),478 (2.9%),371 (1.7%),"4,089 (3.3%)",<10,259 (3.2%),,,,,355 (15.9%),,,20 (2.4%),70 (3.0%),,704 (5.2%)
  Admission type: other,48 (0.0%),895 (0.5%),"10,774 (12.0%)","4,454 (26.0%)","1,905 (1.5%)","11,332 (16.6%)","8,618 (13.0%)","18,582 (31.6%)",13 (0.0%),"6,743 (8.7%)","9,363 (4.3%)","44,083 (22.2%)","116,810 (9.5%)",,,,,,,,,,,,,,,,,,,,,,,0,0,,,,,,,,,,,,12 (0.2%),0,,12 (0.1%),,,,,,,,,,15 (0.3%),0,,15 (0.1%),,,,,,,,0,,14 (0.2%),,,14 (0.1%),,,,,,17 (0.2%),,38 (15.6%),,0,,,38 (0.1%),,55 (0.6%),,,,28 (0.4%),,"2,182 (33.7%)",,0,551 (3.2%),"3,054 (26.4%)","5,870 (10.2%)",,89 (0.5%),,,625 (5.2%),10 (0.1%),"1,722 (18.6%)","1,961 (32.6%)",,94 (1.7%),"1,127 (6.3%)","6,146 (24.5%)","11,774 (10.8%)",,83 (0.4%),,,348 (2.5%),859 (10.6%),"1,619 (17.5%)","2,190 (33.4%)",,327 (5.9%),"1,173 (6.7%)","6,121 (23.6%)","12,720 (11.3%)",,82 (0.5%),,,264 (1.8%),"1,654 (23.3%)","1,011 (13.0%)","1,638 (28.0%)",,301 (5.7%),635 (4.1%),"4,418 (20.4%)","10,003 (9.8%)",,84 (0.5%),,,201 (1.3%),"1,539 (22.5%)",860 (11.6%),"1,731 (27.2%)",0,843 (14.9%),462 (3.2%),"4,880 (21.1%)","10,600 (10.2%)",0,77 (0.4%),,,108 (0.7%),"1,472 (22.3%)",992 (14.0%),"1,958 (30.3%)",0,"1,131 (19.7%)",923 (6.4%),"5,630 (23.5%)","12,291 (11.1%)",0,114 (0.6%),,"2,149 (25.3%)",125 (0.7%),"1,502 (23.5%)",757 (10.2%),"2,287 (32.2%)",0,"1,302 (22.2%)","1,411 (9.2%)","4,674 (20.9%)","14,321 (10.1%)",11 (0.0%),106 (0.6%),,"2,289 (26.5%)",113 (0.6%),"1,535 (22.5%)",706 (9.0%),"2,496 (33.3%)",,"1,136 (19.6%)","1,438 (9.1%)","4,705 (20.9%)","14,535 (9.9%)",17 (0.1%),109 (0.6%),,,121 (0.7%),"2,698 (53.4%)",749 (9.3%),"2,086 (33.2%)",,"1,395 (22.1%)","1,406 (8.5%)","4,445 (20.3%)","13,026 (9.7%)",0,96 (1.2%),,,,,202 (9.1%),,,160 (19.5%),201 (8.6%),,659 (3.0%)
"ICU length of stay (days), median [Q1, Q3]","1.9 [1.0, 3.5]","1.7 [0.9, 3.1]","1.4 [0.8, 2.8]","2.2 [1.1, 4.2]","1.5 [0.8, 2.8]","1.5 [0.8, 2.8]","1.8 [0.9, 3.1]","2.1 [1.0, 4.5]","1.8 [1.0, 3.3]","1.0 [0.4, 1.9]","1.6 [0.8, 3.0]","1.7 [0.9, 3.0]","1.6 [0.4, 4.5]",,,,,,,,,,,"1.6 [0.8, 3.2]",,"1.6 [0.8, 3.2]",,,,,,,,,,"1.0 [0.4, 2.0]","1.3 [0.8, 2.8]",,"1.2 [0.4, 2.8]",,,,,,,,,,"0.9 [0.3, 1.9]","1.4 [0.8, 2.9]",,"1.2 [0.3, 2.9]",,,,,,,,,,"0.9 [0.2, 1.9]","1.4 [0.8, 2.8]",,"1.3 [0.2, 2.8]",,,,,,,,"6.0 [2.7, 12.5]",,"1.0 [0.5, 2.1]","1.4 [0.8, 2.8]",,"1.3 [0.5, 12.5]",,,,,,"1.3 [0.8, 2.4]",,"2.9 [1.4, 7.3]",,"1.0 [0.5, 1.9]","1.4 [0.8, 2.7]",,"1.3 [0.5, 7.3]",,"1.4 [0.9, 2.8]",,,,"1.3 [0.8, 2.3]",,"2.0 [1.0, 3.9]",,"1.0 [0.5, 1.9]","1.4 [0.8, 2.8]","1.5 [0.8, 2.8]","1.4 [0.5, 3.9]",,"1.5 [0.9, 2.9]",,,"1.3 [0.8, 2.4]","1.4 [0.8, 2.6]","1.6 [0.9, 2.8]","2.1 [1.0, 4.3]","1.6 [0.9, 3.0]","0.9 [0.3, 1.8]","1.4 [0.8, 2.7]","1.5 [0.8, 2.8]","1.5 [0.3, 4.3]",,"1.6 [0.9, 3.0]",,,"1.2 [0.8, 2.2]","1.3 [0.8, 2.6]","1.5 [0.9, 2.8]","2.1 [1.0, 4.4]","1.7 [0.9, 3.2]","1.0 [0.3, 1.9]","1.4 [0.8, 2.8]","1.7 [0.9, 2.9]","1.5 [0.3, 4.4]",,"1.6 [0.9, 3.1]",,,"1.3 [0.8, 2.7]","1.3 [0.8, 2.6]","1.7 [0.9, 3.1]","2.0 [0.9, 4.4]","1.7 [1.0, 3.3]","0.9 [0.4, 1.9]","1.5 [0.8, 2.8]","1.7 [0.9, 3.1]","1.5 [0.4, 4.4]",,"1.7 [0.9, 3.3]",,,"1.4 [0.8, 2.8]","1.5 [0.8, 2.8]","1.8 [1.0, 3.1]","2.2 [1.0, 4.7]","1.9 [1.0, 3.5]","1.0 [0.4, 1.9]","1.7 [0.9, 3.5]","1.7 [0.9, 3.3]","1.7 [0.4, 4.7]","2.1 [1.1, 3.8]","1.8 [1.0, 3.4]",,,"1.5 [0.8, 2.9]","1.8 [0.9, 3.2]","1.9 [1.0, 3.1]","2.2 [1.0, 4.7]","1.8 [1.0, 3.6]","1.0 [0.4, 2.0]","2.0 [1.0, 3.8]","1.8 [0.9, 3.4]","1.8 [0.4, 4.7]","2.0 [1.1, 3.7]","1.9 [1.0, 3.3]",,"2.1 [1.1, 4.3]","1.7 [0.9, 3.0]","1.8 [0.9, 3.4]","1.9 [1.0, 3.5]","2.2 [1.0, 4.7]","1.8 [1.0, 3.6]","1.0 [0.4, 1.9]","1.9 [1.0, 3.5]","1.7 [0.9, 3.0]","1.8 [0.4, 4.7]","1.8 [1.0, 3.3]","1.8 [0.9, 3.3]",,"2.2 [1.1, 4.2]","1.6 [0.8, 3.0]","1.7 [0.8, 3.1]","1.9 [1.0, 3.3]","2.3 [1.0, 4.7]","1.7 [0.9, 3.2]","0.9 [0.3, 1.9]","1.8 [0.9, 3.2]","1.7 [0.9, 3.1]","1.8 [0.3, 4.7]","1.8 [1.0, 3.3]","1.7 [0.9, 3.1]",,,"1.6 [0.9, 3.0]","1.6 [0.8, 3.1]","1.9 [1.0, 3.3]","2.2 [1.0, 4.7]",,"0.9 [0.4, 1.9]","1.8 [0.9, 3.2]","1.7 [0.9, 3.0]","1.7 [0.4, 4.7]","1.8 [1.0, 3.2]","1.7 [0.9, 3.1]",,,,,"1.8 [0.9, 3.1]",,,"0.9 [0.3, 1.8]","1.9 [0.9, 3.1]",,"1.7 [0.3, 3.2]"
"Hospital length of stay (days), median [Q1, Q3]","6.0 [3.0, 11.8]","6.5 [3.5, 12.3]","7.0 [4.2, 12.4]","7.3 [4.2, 13.4]","6.1 [3.2, 11.3]","5.9 [2.8, 11.1]","5.6 [3.0, 10.3]","6.8 [2.5, 14.0]","7.3 [3.9, 13.7]","7.4 [4.2, 14.1]","4.7 [2.3, 8.7]","6.0 [3.2, 11.1]","6.1 [2.3, 14.1]",,,,,,,,,,,"4.9 [2.3, 9.4]",,"4.9 [2.3, 9.4]",,,,,,,,,,"7.2 [4.1, 13.7]","4.7 [2.4, 8.9]",,"5.3 [2.4, 13.7]",,,,,,,,,,"7.0 [4.0, 12.7]","4.9 [2.4, 9.1]",,"5.6 [2.4, 12.7]",,,,,,,,,,"6.6 [3.9, 11.9]","4.2 [2.2, 7.9]",,"4.9 [2.2, 11.9]",,,,,,,,"11.4 [4.6, 46.8]",,"6.8 [4.0, 12.1]","4.2 [2.2, 7.8]",,"4.9 [2.2, 46.8]",,,,,,"5.6 [3.0, 9.9]",,"21.2 [9.8, 57.5]",,"6.9 [4.0, 12.3]","4.2 [2.2, 7.7]",,"5.2 [2.2, 57.5]",,"6.1 [3.2, 11.0]",,,,"5.8 [3.0, 10.3]",,"6.1 [2.5, 12.4]",,"7.0 [3.9, 12.6]","4.1 [2.2, 7.8]","5.3 [2.9, 9.8]","5.4 [2.2, 12.6]",,"6.1 [3.3, 11.0]",,,"5.5 [3.1, 10.0]","5.8 [3.0, 10.3]","5.1 [2.8, 9.3]","6.3 [2.3, 13.6]","6.6 [3.6, 12.6]","7.3 [4.1, 13.5]","4.1 [2.2, 7.7]","5.3 [2.8, 10.0]","5.5 [2.2, 13.6]",,"6.1 [3.3, 11.3]",,,"5.5 [3.0, 10.3]","5.6 [2.9, 10.0]","5.0 [2.6, 9.3]","6.3 [2.3, 13.7]","7.0 [3.9, 12.9]","7.2 [4.1, 13.8]","4.2 [2.2, 7.9]","5.4 [2.9, 10.1]","5.6 [2.2, 13.8]",,"6.5 [3.4, 12.6]",,,"6.2 [3.3, 11.9]","5.8 [2.9, 11.2]","5.8 [3.0, 11.1]","6.7 [2.6, 13.6]","7.7 [4.0, 13.9]","8.0 [4.4, 14.9]","4.7 [2.3, 9.0]","6.0 [3.2, 11.2]","6.1 [2.3, 14.9]",,"6.8 [3.7, 12.9]",,,"6.2 [3.3, 11.8]","6.4 [3.0, 12.2]","6.0 [3.2, 11.0]","7.5 [2.8, 15.4]","7.7 [4.1, 13.9]","8.2 [4.5, 15.7]","5.3 [2.7, 10.2]","6.2 [3.3, 11.8]","6.5 [2.7, 15.7]","6.8 [3.5, 13.3]","7.0 [3.8, 12.9]",,,"6.1 [3.2, 11.7]","6.3 [3.1, 12.8]","6.1 [3.2, 11.1]","7.5 [3.0, 15.9]","7.9 [4.1, 14.6]","8.4 [4.6, 16.2]","5.2 [2.7, 10.0]","6.2 [3.3, 11.4]","6.5 [2.7, 16.2]","6.4 [3.3, 12.9]","7.0 [3.8, 13.1]",,"7.4 [4.3, 13.5]","6.2 [3.3, 11.5]","6.8 [3.2, 13.4]","6.0 [3.2, 10.9]","6.9 [2.4, 14.2]","7.3 [3.9, 13.7]","8.2 [4.5, 15.9]","5.2 [2.7, 9.8]","6.3 [3.4, 11.8]","6.5 [2.4, 15.9]","6.1 [3.1, 11.9]","7.0 [3.9, 13.1]",,"7.2 [4.2, 13.3]","6.3 [3.3, 11.5]","6.8 [3.3, 12.9]","5.8 [3.1, 10.8]","6.9 [2.5, 13.9]","7.2 [3.9, 13.7]","8.4 [4.7, 16.0]","5.0 [2.6, 9.3]","6.4 [3.5, 12.0]","6.4 [2.5, 16]","5.5 [2.6, 11.1]","6.7 [3.7, 12.8]",,,"6.3 [3.4, 11.6]","2.8 [0.4, 8.4]","5.9 [3.1, 10.4]","6.2 [2.2, 12.8]",,"8.2 [4.4, 15.4]","5.0 [2.6, 9.1]","6.3 [3.5, 11.3]","5.9 [0.4, 15.4]","4.9 [2.2, 9.7]","6.8 [3.6, 12.7]",,,,,"5.2 [2.8, 9.9]",,,"5.7 [2.8, 10.9]","4.7 [2.4, 8.2]",,"5.7 [2.2, 12.7]"
"Charlson Comorbidity Index, median [Q1, Q3]","2 [1, 4]","2 [1, 4]","2 [0, 4]","2 [1, 4]","2 [1, 4]","2 [0, 4]","3 [1, 5]","2 [0, 6]","2 [1, 4]","2 [1, 4]","2 [1, 4]","2 [1, 4]","2.1 [0, 6]",,,,,,,,,,,"2 [0, 3]",,"2 [0, 3]",,,,,,,,,,"2 [0, 4]","2 [0, 3]",,"2 [0, 4]",,,,,,,,,,"2 [0, 4]","2 [0, 4]",,"2 [0, 4]",,,,,,,,,,"2 [0, 4]","2 [0, 4]",,"2 [0, 4]",,,,,,,,"6 [0, 8]",,"2 [0, 4]","2 [0, 4]",,"2.0 [0, 8]",,,,,,"2 [0, 3]",,"6 [1, 8]",,"2 [0, 4]","2 [0, 4]",,"2.0 [0, 8]",,"2 [0, 4]",,,,"2 [0, 3]",,"2 [0, 6]",,"2 [1, 4]","2 [0, 4]","2 [0, 4]","2 [0, 6]",,"2 [0, 4]",,,"2 [0, 4]","2 [0, 3]","2 [1, 4]","2 [0, 6]","2 [1, 4]","2 [1, 4]","2 [0, 4]","2 [0, 4]","2 [0, 6]",,"2 [0, 4]",,,"2 [0, 4]","2 [0, 4]","2 [1, 4]","2 [0, 6]","2 [1, 4]","2 [1, 4]","2 [1, 4]","2 [0, 4]","2 [0, 6]",,"2 [0, 4]",,,"2 [1, 4]","2 [0, 4]","3 [1, 5]","2 [0, 6]","3 [1, 4]","2 [1, 5]","2 [1, 4]","2 [0, 4]","2.1 [0, 6]",,"2 [0, 4]",,,"2 [1, 4]","2 [0, 4]","3 [1, 5]","2 [0, 6]","3 [1, 4]","2 [1, 5]","2 [0, 4]","2 [0, 4]","2.1 [0, 6]","2 [1, 4]","2 [1, 4]",,,"2 [1, 4]","2 [0, 4]","3 [1, 5]","2 [0, 6]","3 [1, 4]","2 [1, 5]","2 [1, 4]","2 [1, 4]","2.1 [0, 6]","2 [1, 4]","2 [1, 4]",,"2 [1, 4]","3 [1, 5]","2 [0, 4]","3 [1, 5]","2 [0, 6]","2 [1, 4]","2 [1, 5]","2 [1, 4]","2 [1, 4]","2.2 [0, 6]","2 [1, 4]","2 [1, 4]",,"3 [1, 4]","3 [1, 5]","2 [0, 4]","3 [1, 5]","2 [0, 6]","3 [1, 4]","3 [1, 5]","2 [1, 4]","2 [1, 4]","2.3 [0, 6]","2 [1, 4]","2 [1, 4]",,,"3 [1, 5]","1 [0, 3]","3 [1, 5]","2 [0, 6]",,"2 [1, 5]","3 [1, 4]","2 [1, 4]","2.3 [0, 6]","2 [1, 4]","2 [1, 4]",,,,,,,,"2 [0, 4]","0 [0, 2]",,"1.8 [0, 4]"
"Comorbidities, n (%)",,,,,,,,,,,,,,,,,,,,,,,,,,,,,,,,,,,,,,,,,,,,,,,,,,,,,,,,,,,,,,,,,,,,,,,,,,,,,,,,,,,,,,,,,,,,,,,,,,,,,,,,,,,,,,,,,,,,,,,,,,,,,,,,,,,,,,,,,,,,,,,,,,,,,,,,,,,,,,,,,,,,,,,,,,,,,,,,,,,,,,,,,,,,,,,,,,,,,,,,,,,,,,,,,,,,,,,,,,,,,
  Congestive Heart Failure,"38,720 (38.4%)","50,101 (30.7%)","13,272 (14.8%)","6,202 (36.2%)","44,712 (35.4%)","17,383 (25.5%)","20,473 (30.8%)","12,161 (20.7%)","17,000 (34.3%)","17,989 (23.3%)","69,344 (31.6%)","68,069 (34.4%)","375,426 (30.4%)",,,,,,,,,,,"1,220 (21.3%)",,"1,220 (21.3%)",,,,,,,,,,524 (16.9%),"2,309 (23.9%)",,"2,833 (22.2%)",,,,,,,,,,855 (16.2%),"2,564 (24.1%)",,"3,419 (21.5%)",,,,,,,,,,862 (16.6%),"3,635 (26.5%)",,"4,497 (23.8%)",,,,,,,,<10,,985 (17.5%),"4,762 (29.6%)",,"5,747 (26.5%)",,,,,,"1,474 (20.2%)",,76 (31.1%),,"1,183 (20.6%)","5,001 (30.6%)",,"7,734 (26.1%)",,"2,700 (28.1%)",,,,"1,534 (22.0%)",,"1,373 (21.2%)",,"1,177 (20.4%)","5,523 (32.3%)","3,626 (31.3%)","15,933 (27.7%)",,"5,757 (29.8%)",,,"3,819 (31.6%)","1,617 (22.7%)","2,846 (30.7%)","1,329 (22.1%)","2,026 (31.0%)","1,234 (22.3%)","5,774 (32.4%)","7,787 (31.1%)","32,189 (29.6%)",,"5,751 (30.4%)",,,"4,437 (31.9%)","2,140 (26.5%)","2,970 (32.1%)","1,378 (21.0%)","2,173 (31.2%)","1,345 (24.3%)","5,797 (33.0%)","8,186 (31.5%)","34,177 (30.3%)",,"5,180 (29.3%)",,,"4,746 (33.1%)","1,913 (27.0%)","2,499 (32.1%)","1,333 (22.8%)","2,242 (32.4%)","1,327 (25.3%)","5,128 (32.8%)","6,965 (32.2%)","31,333 (30.7%)",,"5,213 (29.8%)",,,"5,219 (34.4%)","1,936 (28.3%)","2,493 (33.6%)","1,341 (21.1%)","2,498 (33.7%)","1,515 (26.7%)","4,525 (31.4%)","7,519 (32.5%)","32,259 (31.0%)","2,161 (36.4%)","5,355 (30.9%)",,,"5,469 (34.5%)","1,839 (27.8%)","2,380 (33.6%)","1,396 (21.6%)","2,442 (34.5%)","1,547 (26.9%)","5,161 (35.6%)","8,177 (34.0%)","35,927 (32.5%)","9,686 (38.1%)","5,727 (31.2%)",,"3,021 (35.6%)","6,775 (37.3%)","1,833 (28.7%)","2,473 (33.2%)","1,386 (19.5%)","2,684 (37.4%)","1,628 (27.7%)","5,442 (35.6%)","7,969 (35.6%)","48,624 (34.2%)","10,934 (39.3%)","5,748 (32.0%)",,"3,181 (36.8%)","6,998 (38.1%)","2,049 (30.0%)","2,783 (35.3%)","1,417 (18.9%)","2,935 (39.0%)","1,752 (30.2%)","5,941 (37.5%)","8,657 (38.6%)","52,395 (35.7%)","12,851 (38.3%)","5,975 (32.7%)",,,"7,249 (39.1%)","1,048 (20.8%)","2,029 (25.2%)","1,130 (18.0%)",,"1,831 (29.0%)","6,479 (39.2%)","9,183 (42.0%)","47,775 (35.5%)","3,088 (37.8%)","2,695 (33.2%)",,,,,,,,224 (27.3%),83 (3.6%),,"6,090 (31.3%)"
  Renal Disease,"34,811 (34.5%)","44,391 (27.2%)","10,587 (11.8%)","5,367 (31.3%)","37,624 (29.7%)","12,912 (18.9%)","20,766 (31.3%)","7,981 (13.6%)","13,029 (26.3%)","18,843 (24.4%)","63,679 (29.0%)","55,356 (27.9%)","325,346 (26.3%)",,,,,,,,,,,"1,169 (20.4%)",,"1,169 (20.4%)",,,,,,,,,,568 (18.3%),"2,210 (22.9%)",,"2,778 (21.8%)",,,,,,,,,,"1,018 (19.3%)","2,560 (24.1%)",,"3,578 (22.5%)",,,,,,,,,,"1,023 (19.6%)","3,513 (25.6%)",,"4,536 (24.0%)",,,,,,,,<10,,"1,106 (19.7%)","4,354 (27.1%)",,"5,460 (25.2%)",,,,,,"1,177 (16.1%)",,43 (17.6%),,"1,322 (23.0%)","4,479 (27.4%)",,"7,021 (23.7%)",,"2,138 (22.3%)",,,,"1,176 (16.9%)",,835 (12.9%),,"1,237 (21.4%)","4,954 (29.0%)","2,841 (24.5%)","13,181 (22.9%)",,"4,594 (23.8%)",,,"2,888 (23.9%)","1,202 (16.9%)","2,853 (30.7%)",839 (14.0%),"1,452 (22.2%)","1,265 (22.8%)","5,047 (28.3%)","6,257 (25.0%)","26,397 (24.3%)",,"4,625 (24.5%)",,,"3,550 (25.5%)","1,565 (19.4%)","2,897 (31.3%)",954 (14.5%),"1,582 (22.7%)","1,400 (25.2%)","5,020 (28.6%)","6,612 (25.5%)","28,205 (25.0%)",,"4,424 (25.0%)",,,"4,004 (27.9%)","1,507 (21.2%)","2,651 (34.0%)",834 (14.2%),"1,745 (25.2%)","1,405 (26.8%)","4,809 (30.8%)","5,972 (27.6%)","27,351 (26.8%)",,"4,635 (26.5%)",,,"4,309 (28.4%)","1,391 (20.3%)","2,579 (34.7%)",952 (15.0%),"1,916 (25.9%)","1,485 (26.2%)","4,315 (29.9%)","6,137 (26.5%)","27,719 (26.7%)","1,965 (33.1%)","4,628 (26.7%)",,,"4,553 (28.7%)","1,352 (20.5%)","2,526 (35.6%)",900 (13.9%),"1,852 (26.2%)","1,555 (27.0%)","4,778 (32.9%)","6,804 (28.3%)","30,913 (27.9%)","8,688 (34.2%)","4,935 (26.9%)",,"2,559 (30.1%)","5,696 (31.3%)","1,330 (20.8%)","2,564 (34.4%)",901 (12.7%),"2,089 (29.1%)","1,661 (28.3%)","4,976 (32.5%)","6,643 (29.7%)","42,042 (29.6%)","9,806 (35.2%)","5,309 (29.6%)",,"2,808 (32.5%)","6,245 (34.0%)","1,423 (20.9%)","2,727 (34.6%)",960 (12.8%),"2,393 (31.8%)","1,735 (29.9%)","5,532 (34.9%)","7,257 (32.3%)","46,195 (31.5%)","11,572 (34.5%)","6,387 (35.0%)",,,"6,379 (34.4%)",789 (15.6%),"1,969 (24.5%)",761 (12.1%),,"1,873 (29.7%)","5,905 (35.8%)","6,833 (31.2%)","42,468 (31.6%)","2,780 (34.0%)","2,716 (33.4%)",,,,,,,,190 (23.1%),58 (2.5%),,"5,744 (29.5%)"
  Chronic Pulmonary Disease,"27,061 (26.8%)","45,835 (28.1%)","10,156 (11.3%)","5,066 (29.6%)","32,950 (26.1%)","15,241 (22.3%)","17,134 (25.8%)","10,925 (18.6%)","14,239 (28.7%)","17,272 (22.4%)","66,481 (30.3%)","55,893 (28.2%)","318,253 (25.8%)",,,,,,,,,,,"1,677 (29.3%)",,"1,677 (29.3%)",,,,,,,,,,586 (18.9%),"3,091 (32.0%)",,"3,677 (28.8%)",,,,,,,,,,"1,044 (19.8%)","3,463 (32.6%)",,"4,507 (28.3%)",,,,,,,,,,931 (17.9%),"4,517 (32.9%)",,"5,448 (28.8%)",,,,,,,,<10,,"1,065 (18.9%)","5,105 (31.7%)",,"6,170 (28.4%)",,,,,,"1,337 (18.3%)",,77 (31.6%),,"1,464 (25.5%)","4,897 (29.9%)",,"7,775 (26.2%)",,"2,614 (27.2%)",,,,"1,375 (19.7%)",,"1,247 (19.2%)",,"1,371 (23.8%)","5,118 (30.0%)","2,987 (25.8%)","14,712 (25.6%)",,"5,400 (28.0%)",,,"2,889 (23.9%)","1,477 (20.7%)","2,265 (24.4%)","1,083 (18.0%)","1,701 (26.0%)","1,249 (22.5%)","5,146 (28.9%)","6,639 (26.5%)","27,849 (25.6%)",,"5,349 (28.3%)",,,"3,289 (23.6%)","1,980 (24.5%)","2,414 (26.1%)","1,205 (18.4%)","1,822 (26.2%)","1,306 (23.5%)","5,269 (30.0%)","7,032 (27.1%)","29,666 (26.3%)",,"4,878 (27.6%)",,,"3,721 (26.0%)","1,716 (24.2%)","2,142 (27.5%)","1,155 (19.7%)","1,846 (26.7%)","1,240 (23.6%)","4,597 (29.4%)","5,722 (26.4%)","27,017 (26.4%)",,"4,841 (27.6%)",,,"3,961 (26.1%)","1,612 (23.6%)","2,157 (29.0%)","1,163 (18.3%)","2,075 (28.0%)","1,276 (22.5%)","4,167 (28.9%)","6,306 (27.3%)","27,558 (26.5%)","1,534 (25.9%)","4,872 (28.1%)",,,"4,213 (26.6%)","1,574 (23.8%)","2,081 (29.3%)","1,148 (17.8%)","2,027 (28.7%)","1,268 (22.0%)","4,275 (29.5%)","6,723 (28.0%)","29,715 (26.9%)","6,676 (26.3%)","5,041 (27.5%)",,"2,425 (28.6%)","4,943 (27.2%)","1,542 (24.1%)","2,176 (29.2%)","1,306 (18.3%)","2,235 (31.1%)","1,396 (23.8%)","4,574 (29.9%)","6,438 (28.8%)","38,752 (27.3%)","7,505 (27.0%)","5,194 (29.0%)",,"2,641 (30.5%)","5,033 (27.4%)","1,662 (24.4%)","2,276 (28.9%)","1,382 (18.5%)","2,533 (33.7%)","1,446 (24.9%)","4,986 (31.4%)","7,077 (31.5%)","41,735 (28.5%)","9,054 (27.0%)","5,383 (29.5%)",,,"4,901 (26.4%)",966 (19.1%),"1,623 (20.2%)","1,151 (18.3%)",,"1,466 (23.2%)","5,521 (33.4%)","6,969 (31.9%)","37,034 (27.5%)","2,292 (28.1%)","2,263 (27.8%)",,,,,,,,164 (20.0%),78 (3.4%),,"4,797 (24.7%)"
  Diabetes With Complications,"23,683 (23.5%)","30,980 (19.0%)","6,980 (7.8%)","3,561 (20.8%)","24,799 (19.6%)","8,795 (12.9%)","15,631 (23.5%)",,"8,173 (16.5%)","8,238 (10.7%)","37,037 (16.9%)","35,450 (17.9%)","203,327 (17.3%)",,,,,,,,,,,390 (6.8%),,390 (6.8%),,,,,,,,,,101 (3.3%),605 (6.3%),,706 (5.5%),,,,,,,,,,144 (2.7%),673 (6.3%),,817 (5.1%),,,,,,,,,,222 (4.3%),964 (7.0%),,"1,186 (6.3%)",,,,,,,,,,209 (3.7%),"1,312 (8.2%)",,"1,521 (7.0%)",,,,,,485 (6.7%),,,,432 (7.5%),"2,324 (14.2%)",,"3,241 (11.0%)",,"1,533 (16.0%)",,,,711 (10.2%),,,,653 (11.3%),"3,395 (19.9%)","1,842 (15.9%)","8,134 (15.9%)",,"3,321 (17.2%)",,,"1,986 (16.4%)",723 (10.1%),"2,164 (23.3%)",,843 (12.9%),694 (12.5%),"3,528 (19.8%)","3,907 (15.6%)","17,166 (16.7%)",,"3,385 (17.9%)",,,"2,437 (17.5%)","1,168 (14.4%)","2,151 (23.2%)",,959 (13.8%),719 (13.0%),"3,505 (19.9%)","4,140 (16.0%)","18,464 (17.4%)",,"3,320 (18.8%)",,,"2,721 (19.0%)","1,090 (15.4%)","2,040 (26.2%)",,"1,106 (16.0%)",720 (13.7%),"3,216 (20.6%)","3,741 (17.3%)","17,954 (18.6%)",,"3,331 (19.0%)",,,"2,861 (18.9%)",990 (14.5%),"1,995 (26.9%)",,"1,169 (15.8%)",749 (13.2%),"2,842 (19.7%)","3,871 (16.7%)","17,808 (18.3%)","1,304 (22.0%)","3,347 (19.3%)",,,"3,124 (19.7%)",994 (15.0%),"1,846 (26.0%)",,"1,198 (16.9%)",758 (13.2%),"3,182 (21.9%)","4,195 (17.5%)","19,948 (19.1%)","5,854 (23.0%)","3,464 (18.9%)",,"1,698 (20.0%)","3,722 (20.5%)",984 (15.4%),"1,862 (25.0%)",,"1,352 (18.8%)",857 (14.6%),"3,354 (21.9%)","4,132 (18.5%)","27,279 (20.2%)","6,576 (23.6%)","3,615 (20.2%)",,"1,863 (21.5%)","3,958 (21.6%)","1,054 (15.5%)","2,090 (26.5%)",,"1,546 (20.6%)",937 (16.2%),"3,684 (23.2%)","4,927 (21.9%)","30,250 (21.7%)","8,040 (24.0%)","4,001 (21.9%)",,,"3,990 (21.5%)",596 (11.8%),"1,483 (18.4%)",,,956 (15.2%),"4,026 (24.4%)","4,695 (21.5%)","27,787 (21.7%)","1,909 (23.4%)","1,663 (20.5%)",,,,,,,,87 (10.6%),37 (1.6%),,"3,696 (19.0%)"
  Peripheral Vascular Disease,"16,417 (16.3%)","19,585 (12.0%)","5,056 (5.6%)","3,314 (19.3%)","25,551 (20.2%)","7,745 (11.3%)","12,871 (19.4%)","9,765 (16.6%)","3,684 (7.4%)","12,413 (16.1%)","27,415 (12.5%)","34,468 (17.4%)","178,284 (14.4%)",,,,,,,,,,,612 (10.7%),,612 (10.7%),,,,,,,,,,396 (12.8%),"1,094 (11.3%)",,"1,490 (11.7%)",,,,,,,,,,717 (13.6%),"1,236 (11.6%)",,"1,953 (12.3%)",,,,,,,,,,679 (13.0%),"1,728 (12.6%)",,"2,407 (12.7%)",,,,,,,,<10,,665 (11.8%),"2,131 (13.3%)",,"2,796 (12.9%)",,,,,,802 (11.0%),,49 (20.1%),,826 (14.4%),"2,025 (12.4%)",,"3,702 (12.5%)",,"1,010 (10.5%)",,,,770 (11.1%),,932 (14.4%),,791 (13.7%),"2,145 (12.6%)","1,926 (16.6%)","7,574 (13.2%)",,"2,011 (10.4%)",,,"1,858 (15.4%)",742 (10.4%),"1,413 (15.2%)","1,028 (17.1%)",364 (5.6%),755 (13.6%),"2,088 (11.7%)","4,218 (16.8%)","14,477 (13.3%)",,"2,073 (11.0%)",,,"2,306 (16.6%)",962 (11.9%),"1,687 (18.2%)","1,115 (17.0%)",385 (5.5%),893 (16.1%),"2,113 (12.0%)","4,291 (16.5%)","15,825 (14.0%)",,"1,900 (10.7%)",,,"2,588 (18.1%)",814 (11.5%),"1,679 (21.6%)","1,145 (19.5%)",484 (7.0%),889 (16.9%),"1,872 (12.0%)","3,486 (16.1%)","14,857 (14.5%)",,"1,919 (11.0%)",,,"2,953 (19.5%)",780 (11.4%),"1,563 (21.0%)","1,143 (18.0%)",563 (7.6%),"1,019 (18.0%)","1,800 (12.5%)","4,039 (17.5%)","15,779 (15.2%)",840 (14.2%),"2,088 (12.0%)",,,"3,173 (20.0%)",768 (11.6%),"1,666 (23.5%)","1,242 (19.2%)",528 (7.5%),965 (16.8%),"1,813 (12.5%)","4,290 (17.9%)","17,373 (15.7%)","4,055 (15.9%)","2,342 (12.8%)",,"1,566 (18.4%)","3,991 (21.9%)",820 (12.8%),"1,712 (23.0%)","1,269 (17.8%)",658 (9.2%),"1,214 (20.7%)","2,011 (13.1%)","4,125 (18.4%)","23,763 (16.7%)","4,789 (17.2%)","2,482 (13.8%)",,"1,748 (20.2%)","4,286 (23.3%)",836 (12.3%),"1,823 (23.2%)","1,125 (15.0%)",702 (9.3%),"1,216 (21.0%)","2,217 (14.0%)","4,128 (18.4%)","25,352 (17.3%)","5,460 (16.3%)","2,682 (14.7%)",,,"4,396 (23.7%)",451 (8.9%),"1,328 (16.5%)",713 (11.4%),,"1,262 (20.0%)","2,506 (15.2%)","3,965 (18.1%)","22,763 (16.9%)","1,273 (15.6%)","1,078 (13.3%)",,,,,,,,126 (15.3%),24 (1.0%),,"2,501 (12.9%)"
  Diabetes Uncomplicated,"15,918 (15.8%)","24,469 (15.0%)","6,892 (7.7%)","2,027 (11.8%)","19,274 (15.2%)","9,983 (14.6%)","7,936 (11.9%)","17,736 (30.1%)","6,294 (12.7%)","12,543 (16.2%)","37,327 (17.0%)","32,457 (16.4%)","192,856 (15.6%)",,,,,,,,,,,"1,313 (22.9%)",,"1,313 (22.9%)",,,,,,,,,,630 (20.3%),"2,262 (23.4%)",,"2,892 (22.7%)",,,,,,,,,,"1,027 (19.5%)","2,571 (24.2%)",,"3,598 (22.6%)",,,,,,,,,,"1,000 (19.2%)","3,443 (25.1%)",,"4,443 (23.5%)",,,,,,,,<10,,"1,083 (19.2%)","4,002 (24.9%)",,"5,085 (23.4%)",,,,,,"1,328 (18.2%)",,82 (33.6%),,"1,025 (17.8%)","3,242 (19.8%)",,"5,677 (19.1%)",,"1,491 (15.5%)",,,,"1,140 (16.4%)",,"1,941 (29.9%)",,852 (14.8%),"2,454 (14.4%)","1,942 (16.8%)","9,820 (17.1%)",,"2,954 (15.3%)",,,"1,709 (14.1%)","1,101 (15.4%)","1,155 (12.4%)","1,821 (30.3%)",831 (12.7%),791 (14.3%),"2,583 (14.5%)","4,227 (16.9%)","17,172 (15.8%)",,"2,864 (15.1%)",,,"1,942 (14.0%)","1,155 (14.3%)","1,096 (11.8%)","1,847 (28.2%)",807 (11.6%),828 (14.9%),"2,481 (14.1%)","4,328 (16.7%)","17,348 (15.4%)",,"2,827 (16.0%)",,,"2,338 (16.3%)","1,029 (14.5%)","1,033 (13.3%)","1,777 (30.3%)",764 (11.0%),784 (14.9%),"2,191 (14.0%)","3,590 (16.6%)","16,333 (16.0%)",,"2,684 (15.3%)",,,"2,349 (15.5%)",903 (13.2%),965 (13.0%),"1,940 (30.5%)",856 (11.6%),853 (15.1%),"2,073 (14.4%)","4,022 (17.4%)","16,645 (16.0%)",949 (16.0%),"2,567 (14.8%)",,,"2,464 (15.5%)",901 (13.6%),875 (12.3%),"1,922 (29.8%)",830 (11.7%),871 (15.1%),"1,957 (13.5%)","3,903 (16.3%)","17,239 (15.6%)","4,163 (16.4%)","2,786 (15.2%)",,"1,056 (12.4%)","2,811 (15.5%)",872 (13.7%),996 (13.4%),"2,159 (30.3%)","1,068 (14.9%)",846 (14.4%),"2,236 (14.6%)","3,658 (16.4%)","22,651 (15.9%)","4,385 (15.8%)","2,698 (15.0%)",,971 (11.2%),"2,839 (15.5%)",957 (14.0%),"1,028 (13.1%)","2,362 (31.5%)","1,138 (15.1%)",896 (15.4%),"2,207 (13.9%)","3,418 (15.2%)","22,899 (15.6%)","5,141 (15.3%)","2,567 (14.1%)",,,"2,822 (15.2%)",597 (11.8%),788 (9.8%),"1,882 (30.0%)",,928 (14.7%),"2,283 (13.8%)","3,369 (15.4%)","20,377 (15.2%)","1,280 (15.7%)","1,031 (12.7%)",,,,,,,,129 (15.7%),29 (1.2%),,"2,469 (12.7%)"
  Cerebrovascular Disease,"15,730 (15.6%)","23,462 (14.4%)","6,465 (7.2%)","2,113 (12.3%)","28,962 (22.9%)","10,234 (15.0%)","17,135 (25.8%)","21,552 (36.6%)","5,769 (11.6%)","18,319 (23.7%)","32,137 (14.7%)","27,382 (13.8%)","209,260 (16.9%)",,,,,,,,,,,619 (10.8%),,619 (10.8%),,,,,,,,,,711 (22.9%),"1,158 (12.0%)",,"1,869 (14.7%)",,,,,,,,,,"1,255 (23.8%)","1,432 (13.5%)",,"2,687 (16.9%)",,,,,,,,,,"1,197 (23.0%)","2,050 (14.9%)",,"3,247 (17.2%)",,,,,,,,<10,,"1,199 (21.3%)","2,645 (16.4%)",,"3,844 (17.7%)",,,,,,"1,083 (14.9%)",,114 (46.7%),,"1,214 (21.1%)","2,362 (14.4%)",,"4,773 (16.1%)",,"1,262 (13.1%)",,,,"1,036 (14.9%)",,"2,151 (33.2%)",,"1,272 (22.1%)","2,562 (15.0%)","1,584 (13.7%)","9,867 (17.2%)",,"2,664 (13.8%)",,,"2,408 (19.9%)","1,053 (14.8%)","2,217 (23.9%)","2,125 (35.3%)",472 (7.2%),"1,315 (23.7%)","2,618 (14.7%)","3,279 (13.1%)","18,151 (16.7%)",,"2,523 (13.3%)",,,"2,814 (20.2%)","1,255 (15.5%)","1,886 (20.4%)","2,275 (34.7%)",580 (8.3%),"1,259 (22.7%)","2,652 (15.1%)","3,299 (12.7%)","18,543 (16.4%)",,"2,518 (14.2%)",,,"3,129 (21.8%)","1,116 (15.7%)","2,251 (28.9%)","2,250 (38.4%)",617 (8.9%),"1,255 (23.9%)","2,374 (15.2%)","2,807 (13.0%)","18,317 (17.9%)",,"2,511 (14.3%)",,,"3,520 (23.2%)","1,019 (14.9%)","2,251 (30.3%)","2,369 (37.3%)",827 (11.2%),"1,464 (25.8%)","1,999 (13.9%)","3,048 (13.2%)","19,008 (18.3%)",998 (16.8%),"2,508 (14.5%)",,,"3,853 (24.3%)","1,057 (16.0%)","2,224 (31.4%)","2,417 (37.4%)",881 (12.5%),"1,382 (24.0%)","2,239 (15.4%)","3,394 (14.1%)","20,953 (18.9%)","4,143 (16.3%)","2,860 (15.6%)",,"1,026 (12.1%)","4,314 (23.7%)",997 (15.6%),"2,284 (30.7%)","2,681 (37.7%)","1,140 (15.9%)","1,484 (25.3%)","2,421 (15.8%)","3,281 (14.7%)","26,631 (18.7%)","4,323 (15.5%)","2,679 (14.9%)",,"1,087 (12.6%)","4,422 (24.1%)","1,077 (15.8%)","2,329 (29.6%)","2,784 (37.2%)","1,252 (16.6%)","1,547 (26.7%)","2,462 (15.5%)","3,567 (15.9%)","27,529 (18.8%)","5,086 (15.2%)","2,802 (15.3%)",,,"4,502 (24.3%)",541 (10.7%),"1,693 (21.0%)","2,381 (37.9%)",,"1,592 (25.2%)","2,504 (15.2%)","3,123 (14.3%)","24,224 (18.0%)","1,180 (14.4%)","1,135 (14.0%)",,,,,,,,173 (21.0%),40 (1.7%),,"2,528 (13.0%)"
  Myocardial Infarction,"13,845 (13.7%)","27,637 (17.0%)","8,130 (9.1%)","2,394 (14.0%)","22,812 (18.0%)","9,195 (13.5%)","14,144 (21.3%)","13,248 (22.5%)","4,715 (9.5%)","9,830 (12.7%)","34,388 (15.7%)","25,975 (13.1%)","186,313 (15.1%)",,,,,,,,,,,631 (11.0%),,631 (11.0%),,,,,,,,,,277 (8.9%),"1,279 (13.3%)",,"1,556 (12.2%)",,,,,,,,,,553 (10.5%),"1,453 (13.7%)",,"2,006 (12.6%)",,,,,,,,,,496 (9.5%),"1,847 (13.5%)",,"2,343 (12.4%)",,,,,,,,<10,,449 (8.0%),"2,346 (14.6%)",,"2,795 (12.9%)",,,,,,794 (10.9%),,60 (24.6%),,581 (10.1%),"2,559 (15.6%)",,"3,994 (13.5%)",,"1,724 (17.9%)",,,,851 (12.2%),,"1,583 (24.4%)",,606 (10.5%),"2,708 (15.9%)","1,452 (12.5%)","8,924 (15.5%)",,"3,500 (18.1%)",,,"1,822 (15.1%)",803 (11.3%),"1,638 (17.6%)","1,443 (24.0%)",378 (5.8%),608 (11.0%),"2,848 (16.0%)","3,196 (12.8%)","16,236 (14.9%)",,"3,454 (18.3%)",,,"2,287 (16.4%)","1,191 (14.7%)","2,074 (22.4%)","1,492 (22.7%)",513 (7.4%),627 (11.3%),"2,799 (15.9%)","3,217 (12.4%)","17,654 (15.7%)",,"3,116 (17.6%)",,,"2,599 (18.1%)","1,035 (14.6%)","1,858 (23.9%)","1,323 (22.6%)",658 (9.5%),676 (12.9%),"2,729 (17.5%)","2,852 (13.2%)","16,846 (16.5%)",,"3,011 (17.2%)",,,"2,845 (18.8%)","1,025 (15.0%)","2,013 (27.1%)","1,451 (22.8%)",847 (11.4%),872 (15.4%),"2,674 (18.5%)","2,984 (12.9%)","17,722 (17.1%)",708 (11.9%),"2,932 (16.9%)",,,"2,897 (18.3%)","1,067 (16.1%)","1,854 (26.1%)","1,460 (22.6%)",794 (11.2%),897 (15.6%),"2,294 (15.8%)","2,949 (12.3%)","17,852 (16.1%)","3,317 (13.0%)","2,839 (15.5%)",,"1,218 (14.3%)","3,375 (18.6%)",902 (14.1%),"1,714 (23.0%)","1,534 (21.6%)",845 (11.8%),922 (15.7%),"2,514 (16.4%)","2,848 (12.7%)","22,028 (15.5%)","3,954 (14.2%)","2,953 (16.5%)",,"1,176 (13.6%)","3,487 (19.0%)","1,015 (14.9%)","1,862 (23.7%)","1,660 (22.2%)",680 (9.0%),"1,117 (19.3%)","2,764 (17.4%)","3,327 (14.8%)","23,995 (16.4%)","4,704 (14.0%)","2,904 (15.9%)",,,"3,500 (18.9%)",512 (10.1%),"1,131 (14.1%)","1,237 (19.7%)",,"1,005 (15.9%)","2,904 (17.6%)","3,150 (14.4%)","21,047 (15.7%)","1,162 (14.2%)","1,204 (14.8%)",,,,,,,,144 (17.5%),39 (1.7%),,"2,549 (13.1%)"
  Cancer,"8,182 (8.1%)","17,953 (11.0%)","3,966 (4.4%)","1,884 (11.0%)","14,947 (11.8%)","7,580 (11.1%)","7,474 (11.2%)","1,147 (1.9%)","3,540 (7.1%)","14,259 (18.5%)","20,315 (9.3%)","19,171 (9.7%)","120,418 (9.7%)",,,,,,,,,,,962 (16.8%),,962 (16.8%),,,,,,,,,,607 (19.6%),"1,378 (14.3%)",,"1,985 (15.6%)",,,,,,,,,,"1,042 (19.8%)","1,466 (13.8%)",,"2,508 (15.8%)",,,,,,,,,,"1,047 (20.1%)","1,234 (9.0%)",,"2,281 (12.0%)",,,,,,,,,,"1,142 (20.3%)","1,398 (8.7%)",,"2,540 (11.7%)",,,,,,783 (10.7%),,<10,,"1,138 (19.8%)","1,328 (8.1%)",,"3,249 (11.0%)",,"1,021 (10.6%)",,,,800 (11.5%),,93 (1.4%),,"1,142 (19.8%)","1,404 (8.2%)","1,175 (10.1%)","5,635 (9.8%)",,"2,208 (11.4%)",,,"1,352 (11.2%)",777 (10.9%),"1,134 (12.2%)",81 (1.3%),573 (8.8%),"1,039 (18.8%)","1,490 (8.4%)","2,363 (9.4%)","11,017 (10.1%)",,"2,154 (11.4%)",,,"1,491 (10.7%)",848 (10.5%),"1,138 (12.3%)",102 (1.6%),486 (7.0%),"1,023 (18.4%)","1,413 (8.0%)","2,679 (10.3%)","11,334 (10.1%)",,"1,916 (10.8%)",,,"1,728 (12.1%)",862 (12.2%),901 (11.6%),130 (2.2%),465 (6.7%),932 (17.8%),"1,326 (8.5%)","2,076 (9.6%)","10,336 (10.1%)",,"1,906 (10.9%)",,,"1,757 (11.6%)",757 (11.1%),884 (11.9%),170 (2.7%),481 (6.5%),"1,013 (17.9%)","1,289 (8.9%)","2,145 (9.3%)","10,402 (10.0%)",484 (8.2%),"1,871 (10.8%)",,,"1,917 (12.1%)",714 (10.8%),886 (12.5%),170 (2.6%),421 (6.0%),972 (16.9%),"1,339 (9.2%)","2,645 (11.0%)","11,419 (10.3%)","2,037 (8.0%)","2,069 (11.3%)",,887 (10.5%),"2,180 (12.0%)",702 (11.0%),904 (12.1%),188 (2.6%),542 (7.5%),999 (17.0%),"1,375 (9.0%)","2,063 (9.2%)","13,946 (9.8%)","2,259 (8.1%)","1,927 (10.7%)",,997 (11.5%),"2,252 (12.3%)",770 (11.3%),939 (11.9%),99 (1.3%),572 (7.6%),997 (17.2%),"1,387 (8.7%)","2,068 (9.2%)","14,267 (9.7%)","2,763 (8.2%)","2,040 (11.2%)",,,"2,270 (12.2%)",567 (11.2%),688 (8.6%),108 (1.7%),,"1,048 (16.6%)","1,513 (9.2%)","1,957 (8.9%)","12,954 (9.6%)",639 (7.8%),841 (10.3%),,,,,,,,118 (14.4%),13 (0.6%),,"1,611 (8.4%)"
  Metastatic Solid Tumor,"7,033 (7.0%)","16,172 (9.9%)","3,634 (4.0%)","1,592 (9.3%)","12,802 (10.1%)","4,891 (7.2%)","6,499 (9.8%)","19,171 (32.6%)","3,439 (6.9%)","8,739 (11.3%)","13,646 (6.2%)","16,078 (8.1%)","113,696 (9.2%)",,,,,,,,,,,373 (6.5%),,373 (6.5%),,,,,,,,,,363 (11.7%),649 (6.7%),,"1,012 (7.9%)",,,,,,,,,,619 (11.8%),705 (6.6%),,"1,324 (8.3%)",,,,,,,,,,535 (10.3%),849 (6.2%),,"1,384 (7.3%)",,,,,,,,<10,,608 (10.8%),953 (5.9%),,"1,561 (7.2%)",,,,,,501 (6.9%),,105 (43.0%),,573 (10.0%),939 (5.7%),,"2,118 (7.1%)",,882 (9.2%),,,,540 (7.8%),,"1,932 (29.8%)",,574 (10.0%),986 (5.8%),897 (7.7%),"5,811 (10.1%)",,"1,800 (9.3%)",,,970 (8.0%),555 (7.8%),902 (9.7%),"1,763 (29.3%)",416 (6.4%),620 (11.2%),"1,038 (5.8%)","2,054 (8.2%)","10,118 (9.3%)",,"1,793 (9.5%)",,,"1,122 (8.1%)",626 (7.7%),870 (9.4%),"2,120 (32.3%)",512 (7.4%),580 (10.5%),"1,015 (5.8%)","2,136 (8.2%)","10,774 (9.6%)",,"1,725 (9.7%)",,,"1,494 (10.4%)",497 (7.0%),782 (10.0%),"2,009 (34.3%)",398 (5.7%),596 (11.4%),928 (5.9%),"1,831 (8.5%)","10,260 (10.0%)",,"1,713 (9.8%)",,,"1,602 (10.6%)",474 (6.9%),801 (10.8%),"2,170 (34.2%)",419 (5.7%),649 (11.5%),917 (6.4%),"1,895 (8.2%)","10,640 (10.2%)",385 (6.5%),"1,771 (10.2%)",,,"1,774 (11.2%)",456 (6.9%),849 (12.0%),"2,236 (34.6%)",428 (6.1%),711 (12.4%),"1,015 (7.0%)","2,002 (8.3%)","11,627 (10.5%)","1,828 (7.2%)","1,899 (10.4%)",,812 (9.6%),"1,976 (10.9%)",456 (7.1%),857 (11.5%),"2,373 (33.3%)",612 (8.5%),726 (12.4%),"1,066 (7.0%)","1,835 (8.2%)","14,440 (10.2%)","2,026 (7.3%)","1,919 (10.7%)",,780 (9.0%),"1,907 (10.4%)",521 (7.6%),866 (11.0%),"2,451 (32.7%)",654 (8.7%),721 (12.4%),"1,108 (7.0%)","1,765 (7.9%)","14,718 (10.0%)","2,264 (6.7%)","1,889 (10.3%)",,,"1,957 (10.5%)",265 (5.2%),572 (7.1%),"2,003 (31.9%)",,802 (12.7%),"1,093 (6.6%)","1,663 (7.6%)","12,508 (9.3%)",530 (6.5%),781 (9.6%),,,,,,,,62 (7.5%),12 (0.5%),,"1,385 (7.1%)"
  Dementia,"6,681 (6.6%)","2,329 (1.4%)","2,851 (3.2%)",641 (3.7%),"7,517 (5.9%)","3,044 (4.5%)","3,180 (4.8%)","5,328 (9.1%)","2,190 (4.4%)","2,715 (3.5%)","16,130 (7.4%)","10,529 (5.3%)","63,135 (5.1%)",,,,,,,,,,,182 (3.2%),,182 (3.2%),,,,,,,,,,87 (2.8%),486 (5.0%),,573 (4.5%),,,,,,,,,,154 (2.9%),580 (5.5%),,734 (4.6%),,,,,,,,,,164 (3.1%),"1,013 (7.4%)",,"1,177 (6.2%)",,,,,,,,<10,,178 (3.2%),"1,262 (7.8%)",,"1,440 (6.6%)",,,,,,232 (3.2%),,37 (15.2%),,221 (3.8%),"1,256 (7.7%)",,"1,746 (5.9%)",,124 (1.3%),,,,241 (3.5%),,557 (8.6%),,208 (3.6%),"1,369 (8.0%)",505 (4.4%),"3,004 (5.2%)",,222 (1.1%),,,656 (5.4%),256 (3.6%),550 (5.9%),511 (8.5%),196 (3.0%),193 (3.5%),"1,405 (7.9%)","1,238 (4.9%)","5,227 (4.8%)",,234 (1.2%),,,771 (5.5%),408 (5.0%),479 (5.2%),490 (7.5%),227 (3.3%),200 (3.6%),"1,438 (8.2%)","1,225 (4.7%)","5,472 (4.9%)",,310 (1.8%),,,889 (6.2%),360 (5.1%),430 (5.5%),519 (8.9%),289 (4.2%),194 (3.7%),"1,288 (8.2%)","1,300 (6.0%)","5,579 (5.5%)",,230 (1.3%),,,873 (5.8%),352 (5.1%),399 (5.4%),693 (10.9%),332 (4.5%),221 (3.9%),960 (6.7%),"1,182 (5.1%)","5,242 (5.0%)",416 (7.0%),248 (1.4%),,,977 (6.2%),336 (5.1%),364 (5.1%),673 (10.4%),281 (4.0%),224 (3.9%),"1,069 (7.4%)","1,214 (5.1%)","5,802 (5.2%)","1,736 (6.8%)",243 (1.3%),,321 (3.8%),"1,145 (6.3%)",327 (5.1%),349 (4.7%),637 (8.9%),425 (5.9%),202 (3.4%),"1,186 (7.8%)","1,179 (5.3%)","7,750 (5.5%)","1,806 (6.5%)",256 (1.4%),,320 (3.7%),"1,057 (5.8%)",377 (5.5%),337 (4.3%),660 (8.8%),440 (5.9%),202 (3.5%),"1,265 (8.0%)","1,389 (6.2%)","8,109 (5.5%)","2,179 (6.5%)",307 (1.7%),,,"1,149 (6.2%)",155 (3.1%),272 (3.4%),548 (8.7%),,234 (3.7%),"1,358 (8.2%)","1,297 (5.9%)","7,499 (5.6%)",544 (6.7%),155 (1.9%),,,,,,,,33 (4.0%),13 (0.6%),,745 (3.9%)
  Mild Liver Disease,"6,674 (6.6%)","10,729 (6.6%)","2,699 (3.0%)","1,197 (7.0%)","9,187 (7.3%)","4,790 (7.0%)","5,567 (8.4%)","1,826 (3.1%)","2,240 (4.5%)","6,180 (8.0%)","14,285 (6.5%)","12,124 (6.1%)","77,498 (6.3%)",,,,,,,,,,,356 (6.2%),,356 (6.2%),,,,,,,,,,344 (11.1%),567 (5.9%),,911 (7.1%),,,,,,,,,,533 (10.1%),657 (6.2%),,"1,190 (7.5%)",,,,,,,,,,498 (9.6%),897 (6.5%),,"1,395 (7.4%)",,,,,,,,,,471 (8.4%),939 (5.8%),,"1,410 (6.5%)",,,,,,433 (5.9%),,<10,,444 (7.7%),748 (4.6%),,"1,625 (5.5%)",,534 (5.6%),,,,454 (6.5%),,161 (2.5%),,419 (7.3%),903 (5.3%),597 (5.2%),"3,068 (5.3%)",,"1,124 (5.8%)",,,584 (4.8%),424 (5.9%),493 (5.3%),162 (2.7%),204 (3.1%),425 (7.7%),946 (5.3%),"1,375 (5.5%)","5,737 (5.3%)",,"1,081 (5.7%)",,,811 (5.8%),583 (7.2%),458 (4.9%),169 (2.6%),209 (3.0%),378 (6.8%),"1,071 (6.1%)","1,372 (5.3%)","6,132 (5.4%)",,"1,131 (6.4%)",,,984 (6.9%),552 (7.8%),713 (9.2%),204 (3.5%),321 (4.6%),383 (7.3%),"1,044 (6.7%)","1,302 (6.0%)","6,634 (6.5%)",,"1,085 (6.2%)",,,"1,084 (7.1%)",546 (8.0%),780 (10.5%),225 (3.5%),361 (4.9%),416 (7.3%),"1,162 (8.1%)","1,313 (5.7%)","6,972 (6.7%)",337 (5.7%),"1,144 (6.6%)",,,"1,097 (6.9%)",512 (7.7%),766 (10.8%),214 (3.3%),330 (4.7%),385 (6.7%),"1,045 (7.2%)","1,388 (5.8%)","7,218 (6.5%)","1,662 (6.5%)","1,296 (7.1%)",,599 (7.1%),"1,536 (8.4%)",511 (8.0%),885 (11.9%),212 (3.0%),378 (5.3%),446 (7.6%),"1,188 (7.8%)","1,400 (6.3%)","10,113 (7.1%)","1,864 (6.7%)","1,342 (7.5%)",,598 (6.9%),"1,520 (8.3%)",543 (8.0%),882 (11.2%),267 (3.6%),437 (5.8%),478 (8.2%),"1,289 (8.1%)","1,721 (7.7%)","10,941 (7.5%)","2,270 (6.8%)","1,441 (7.9%)",,,"1,571 (8.5%)",232 (4.6%),590 (7.3%),204 (3.3%),,500 (7.9%),"1,464 (8.9%)","1,656 (7.6%)","9,928 (7.4%)",541 (6.6%),551 (6.8%),,,,,,,,60 (7.3%),<10,,"1,152 (6.7%)"
  Hemiplegia,"4,484 (4.4%)","9,160 (5.6%)","2,498 (2.8%)","1,075 (6.3%)","8,933 (7.1%)","4,162 (6.1%)","5,083 (7.7%)",,"2,669 (5.4%)","6,320 (8.2%)","9,104 (4.2%)","8,432 (4.3%)","61,920 (5.3%)",,,,,,,,,,,187 (3.3%),,187 (3.3%),,,,,,,,,,179 (5.8%),320 (3.3%),,499 (3.9%),,,,,,,,,,306 (5.8%),336 (3.2%),,642 (4.0%),,,,,,,,,,311 (6.0%),588 (4.3%),,899 (4.7%),,,,,,,,,,445 (7.9%),648 (4.0%),,"1,093 (5.0%)",,,,,,420 (5.8%),,,,482 (8.4%),672 (4.1%),,"1,574 (5.4%)",,474 (4.9%),,,,430 (6.2%),,,,479 (8.3%),761 (4.5%),500 (4.3%),"2,644 (5.2%)",,"1,108 (5.7%)",,,871 (7.2%),441 (6.2%),871 (9.4%),,198 (3.0%),480 (8.7%),776 (4.4%),"1,141 (4.6%)","5,886 (5.7%)",,"1,008 (5.3%)",,,"1,060 (7.6%)",539 (6.7%),747 (8.1%),,281 (4.0%),477 (8.6%),767 (4.4%),"1,103 (4.3%)","5,982 (5.6%)",,"1,037 (5.9%)",,,981 (6.8%),502 (7.1%),634 (8.1%),,306 (4.4%),475 (9.1%),700 (4.5%),950 (4.4%),"5,585 (5.8%)",,"1,045 (6.0%)",,,"1,123 (7.4%)",411 (6.0%),565 (7.6%),,367 (5.0%),547 (9.7%),555 (3.8%),941 (4.1%),"5,554 (5.7%)",310 (5.2%),989 (5.7%),,,"1,178 (7.4%)",389 (5.9%),590 (8.3%),,370 (5.2%),506 (8.8%),626 (4.3%),"1,007 (4.2%)","5,965 (5.7%)","1,138 (4.5%)","1,038 (5.7%)",,550 (6.5%),"1,222 (6.7%)",396 (6.2%),610 (8.2%),,566 (7.9%),502 (8.6%),779 (5.1%),954 (4.3%),"7,755 (5.7%)","1,229 (4.4%)",991 (5.5%),,525 (6.1%),"1,256 (6.8%)",414 (6.1%),650 (8.3%),,581 (7.7%),561 (9.7%),693 (4.4%),961 (4.3%),"7,861 (5.7%)","1,466 (4.4%)","1,034 (5.7%)",,,"1,242 (6.7%)",220 (4.4%),416 (5.2%),,,528 (8.4%),692 (4.2%),875 (4.0%),"6,473 (5.1%)",341 (4.2%),436 (5.4%),,,,,,,,42 (5.1%),<10,,819 (4.8%)
  Connective Tissue Disease,"3,776 (3.7%)","5,642 (3.5%)","1,462 (1.6%)",837 (4.9%),"5,532 (4.4%)","1,955 (2.9%)","2,757 (4.1%)",477 (0.8%),"1,293 (2.6%)","2,580 (3.3%)","9,088 (4.1%)","6,939 (3.5%)","42,338 (3.4%)",,,,,,,,,,,216 (3.8%),,216 (3.8%),,,,,,,,,,97 (3.1%),386 (4.0%),,483 (3.8%),,,,,,,,,,138 (2.6%),410 (3.9%),,548 (3.4%),,,,,,,,,,145 (2.8%),575 (4.2%),,720 (3.8%),,,,,,,,,,153 (2.7%),682 (4.2%),,835 (3.8%),,,,,,170 (2.3%),,<10,,190 (3.3%),692 (4.2%),,"1,052 (3.6%)",,324 (3.4%),,,,180 (2.6%),,27 (0.4%),,175 (3.0%),717 (4.2%),434 (3.7%),"1,857 (3.2%)",,615 (3.2%),,,497 (4.1%),174 (2.4%),417 (4.5%),62 (1.0%),196 (3.0%),146 (2.6%),781 (4.4%),822 (3.3%),"3,710 (3.4%)",,648 (3.4%),,,595 (4.3%),254 (3.1%),404 (4.4%),69 (1.1%),156 (2.2%),183 (3.3%),789 (4.5%),880 (3.4%),"3,978 (3.5%)",,572 (3.2%),,,567 (4.0%),215 (3.0%),324 (4.2%),61 (1.0%),168 (2.4%),183 (3.5%),662 (4.2%),764 (3.5%),"3,516 (3.4%)",,613 (3.5%),,,661 (4.4%),202 (3.0%),382 (5.1%),54 (0.9%),174 (2.3%),214 (3.8%),655 (4.5%),750 (3.2%),"3,705 (3.6%)",201 (3.4%),608 (3.5%),,,718 (4.5%),219 (3.3%),327 (4.6%),43 (0.7%),185 (2.6%),207 (3.6%),588 (4.1%),790 (3.3%),"3,886 (3.5%)",871 (3.4%),638 (3.5%),,429 (5.1%),864 (4.8%),218 (3.4%),333 (4.5%),63 (0.9%),191 (2.7%),257 (4.4%),617 (4.0%),775 (3.5%),"5,256 (3.7%)","1,003 (3.6%)",664 (3.7%),,408 (4.7%),814 (4.4%),212 (3.1%),347 (4.4%),41 (0.5%),223 (3.0%),238 (4.1%),646 (4.1%),931 (4.1%),"5,527 (3.8%)","1,375 (4.1%)",615 (3.4%),,,816 (4.4%),111 (2.2%),223 (2.8%),54 (0.9%),,234 (3.7%),669 (4.1%),793 (3.6%),"4,890 (3.6%)",326 (4.0%),345 (4.2%),,,,,,,,20 (2.4%),<10,,691 (4.0%)
  Moderate Severe Liver Disease,"3,399 (3.4%)","5,534 (3.4%)","2,704 (3.0%)",858 (5.0%),"5,327 (4.2%)","3,003 (4.4%)","3,200 (4.8%)",255 (0.4%),"1,854 (3.7%)","5,867 (7.6%)","8,413 (3.8%)","6,161 (3.1%)","46,575 (3.8%)",,,,,,,,,,,261 (4.6%),,261 (4.6%),,,,,,,,,,190 (6.1%),346 (3.6%),,536 (4.2%),,,,,,,,,,277 (5.3%),412 (3.9%),,689 (4.3%),,,,,,,,,,267 (5.1%),488 (3.6%),,755 (4.0%),,,,,,,,<10,,340 (6.0%),555 (3.5%),,895 (4.1%),,,,,,249 (3.4%),,,,459 (8.0%),607 (3.7%),,"1,315 (4.5%)",,319 (3.3%),,,,268 (3.8%),,19 (0.3%),,482 (8.4%),644 (3.8%),311 (2.7%),"2,043 (3.6%)",,630 (3.3%),,,489 (4.0%),273 (3.8%),382 (4.1%),31 (0.5%),189 (2.9%),461 (8.3%),697 (3.9%),685 (2.7%),"3,837 (3.5%)",,670 (3.5%),,,539 (3.9%),378 (4.7%),429 (4.6%),25 (0.4%),207 (3.0%),483 (8.7%),616 (3.5%),705 (2.7%),"4,052 (3.6%)",,653 (3.7%),,,603 (4.2%),369 (5.2%),399 (5.1%),34 (0.6%),246 (3.6%),467 (8.9%),652 (4.2%),647 (3.0%),"4,070 (4.0%)",,663 (3.8%),,,679 (4.5%),335 (4.9%),396 (5.3%),26 (0.4%),286 (3.9%),452 (8.0%),600 (4.2%),654 (2.8%),"4,091 (3.9%)",204 (3.4%),579 (3.3%),,,644 (4.1%),275 (4.2%),426 (6.0%),32 (0.5%),268 (3.8%),469 (8.2%),614 (4.2%),706 (2.9%),"4,217 (3.8%)",828 (3.3%),608 (3.3%),,420 (4.9%),802 (4.4%),311 (4.9%),426 (5.7%),25 (0.4%),339 (4.7%),483 (8.2%),614 (4.0%),732 (3.3%),"5,588 (4.0%)",989 (3.6%),560 (3.1%),,438 (5.1%),766 (4.2%),352 (5.2%),448 (5.7%),31 (0.4%),319 (4.2%),500 (8.6%),683 (4.3%),886 (3.9%),"5,972 (4.1%)","1,107 (3.3%)",608 (3.3%),,,805 (4.3%),193 (3.8%),294 (3.7%),31 (0.5%),,497 (7.9%),619 (3.7%),835 (3.8%),"4,989 (3.7%)",271 (3.3%),244 (3.0%),,,,,,,,40 (4.9%),<10,,555 (3.2%)
  Peptic Ulcer Disease,"2,160 (2.1%)","3,363 (2.1%)","1,276 (1.4%)",333 (1.9%),"4,937 (3.9%)","1,321 (1.9%)","1,520 (2.3%)","1,042 (1.8%)","1,152 (2.3%)","1,852 (2.4%)","5,030 (2.3%)","3,634 (1.8%)","27,620 (2.2%)",,,,,,,,,,,161 (2.8%),,161 (2.8%),,,,,,,,,,94 (3.0%),262 (2.7%),,356 (2.8%),,,,,,,,,,111 (2.1%),302 (2.8%),,413 (2.6%),,,,,,,,,,121 (2.3%),379 (2.8%),,500 (2.6%),,,,,,,,,,102 (1.8%),420 (2.6%),,522 (2.4%),,,,,,134 (1.8%),,<10,,118 (2.1%),354 (2.2%),,606 (2.1%),,235 (2.4%),,,,151 (2.2%),,109 (1.7%),,147 (2.5%),366 (2.1%),211 (1.8%),"1,219 (2.1%)",,474 (2.5%),,,394 (3.3%),133 (1.9%),229 (2.5%),112 (1.9%),120 (1.8%),143 (2.6%),415 (2.3%),446 (1.8%),"2,466 (2.3%)",,393 (2.1%),,,426 (3.1%),171 (2.1%),242 (2.6%),125 (1.9%),141 (2.0%),141 (2.5%),412 (2.3%),492 (1.9%),"2,543 (2.3%)",,352 (2.0%),,,618 (4.3%),159 (2.2%),183 (2.3%),105 (1.8%),163 (2.4%),133 (2.5%),342 (2.2%),419 (1.9%),"2,474 (2.4%)",,361 (2.1%),,,627 (4.1%),140 (2.0%),197 (2.7%),138 (2.2%),174 (2.3%),138 (2.4%),305 (2.1%),430 (1.9%),"2,510 (2.4%)",115 (1.9%),391 (2.3%),,,623 (3.9%),133 (2.0%),203 (2.9%),130 (2.0%),184 (2.6%),101 (1.8%),311 (2.1%),402 (1.7%),"2,593 (2.3%)",572 (2.2%),344 (1.9%),,162 (1.9%),802 (4.4%),114 (1.8%),174 (2.3%),103 (1.4%),189 (2.6%),146 (2.5%),304 (2.0%),424 (1.9%),"3,334 (2.3%)",635 (2.3%),346 (1.9%),,171 (2.0%),729 (4.0%),130 (1.9%),182 (2.3%),116 (1.5%),181 (2.4%),155 (2.7%),357 (2.3%),430 (1.9%),"3,432 (2.3%)",690 (2.1%),343 (1.9%),,,718 (3.9%),56 (1.1%),110 (1.4%),96 (1.5%),,178 (2.8%),340 (2.1%),380 (1.7%),"2,911 (2.2%)",148 (1.8%),124 (1.5%),,,,,,,,24 (2.9%),,,296 (1.7%)
  Aids,"1,106 (1.1%)",,241 (0.3%),42 (0.2%),405 (0.3%),307 (0.4%),540 (0.8%),"5,508 (9.4%)",321 (0.6%),"1,125 (1.5%)",385 (0.2%),"1,083 (0.5%)","11,063 (1.0%)",,,,,,,,,,,<10,,,,,,,,,,,,44 (1.4%),21 (0.2%),,65 (0.5%),,,,,,,,,,63 (1.2%),24 (0.2%),,87 (0.5%),,,,,,,,,,79 (1.5%),32 (0.2%),,111 (0.5%),,,,,,,,<10,,114 (2.0%),31 (0.2%),,145 (0.7%),,,,,,28 (0.4%),,36 (14.8%),,119 (2.1%),36 (0.2%),,219 (0.7%),,,,,,32 (0.5%),,487 (7.5%),,73 (1.3%),30 (0.2%),81 (0.7%),703 (1.6%),,,,,54 (0.4%),39 (0.5%),81 (0.9%),410 (6.8%),40 (0.6%),72 (1.3%),38 (0.2%),147 (0.6%),881 (1.0%),,,,,52 (0.4%),42 (0.5%),104 (1.1%),470 (7.2%),44 (0.6%),71 (1.3%),30 (0.2%),129 (0.5%),942 (1.0%),,,,,52 (0.4%),30 (0.4%),84 (1.1%),543 (9.3%),50 (0.7%),67 (1.3%),17 (0.1%),106 (0.5%),949 (1.1%),,,,,40 (0.3%),29 (0.4%),69 (0.9%),610 (9.6%),44 (0.6%),76 (1.3%),31 (0.2%),164 (0.7%),"1,063 (1.2%)",76 (1.3%),,,,54 (0.3%),29 (0.4%),64 (0.9%),649 (10.1%),40 (0.6%),73 (1.3%),24 (0.2%),120 (0.5%),"1,129 (1.2%)",267 (1.0%),,,18 (0.2%),47 (0.3%),33 (0.5%),57 (0.8%),698 (9.8%),45 (0.6%),82 (1.4%),22 (0.1%),99 (0.4%),"1,368 (1.0%)",331 (1.2%),,,24 (0.3%),55 (0.3%),28 (0.4%),46 (0.6%),884 (11.8%),58 (0.8%),78 (1.3%),21 (0.1%),119 (0.5%),"1,644 (1.2%)",342 (1.0%),,,,51 (0.3%),17 (0.3%),35 (0.4%),720 (11.5%),,99 (1.6%),19 (0.1%),118 (0.5%),"1,401 (1.2%)",90 (1.1%),,,,,,,,,15 (1.8%),,,105 (1.2%)
SOFA Scores,,,,,,,,,,,,,,,,,,,,,,,,,,,,,,,,,,,,,,,,,,,,,,,,,,,,,,,,,,,,,,,,,,,,,,,,,,,,,,,,,,,,,,,,,,,,,,,,,,,,,,,,,,,,,,,,,,,,,,,,,,,,,,,,,,,,,,,,,,,,,,,,,,,,,,,,,,,,,,,,,,,,,,,,,,,,,,,,,,,,,,,,,,,,,,,,,,,,,,,,,,,,,,,,,,,,,,,,,,,,,
"  Total SOFA score, median [Q1, Q3]","3.0 [1.0, 6.0]","3.0 [1.0, 7.0]","3.0 [2.0, 6.0]","5.0 [1.0, 9.0]","3.0 [1.0, 6.0]","3.0 [1.0, 6.0]","2.0 [1.0, 5.0]","3.0 [1.0, 6.0]","4.0 [1.0, 8.0]","3.0 [1.0, 7.0]","2.0 [1.0, 6.0]","2.0 [1.0, 5.0]","2.7 [1, 9]",,,,,,,,,,,"2.0 [1.0, 4.0]",,"2 [1, 4]",,,,,,,,,,"3.0 [1.0, 6.0]","2.0 [1.0, 4.0]",,"2.2 [1, 6]",,,,,,,,,,"3.0 [1.0, 7.0]","2.0 [1.0, 5.0]",,"2.3 [1, 7]",,,,,,,,,,"3.0 [1.0, 7.0]","2.0 [1.0, 4.0]",,"2.3 [1, 7]",,,,,,,,"1.0 [0.0, 4.5]",,"3.0 [1.0, 7.0]","2.0 [1.0, 4.0]",,"2.3 [0, 7]",,,,,,"3.0 [1.0, 5.0]",,"4.0 [2.0, 7.0]",,"3.0 [1.0, 6.0]","2.0 [1.0, 5.0]",,"2.5 [1, 7]",,"3.0 [1.0, 6.0]",,,,"3.0 [1.0, 5.0]",,"3.0 [1.0, 6.0]",,"3.0 [1.0, 6.0]","2.0 [1.0, 5.0]","1.0 [0.0, 4.0]","2.3 [0, 6]",,"3.0 [1.0, 6.0]",,,"2.0 [1.0, 5.0]","3.0 [1.0, 6.0]","2.0 [1.0, 4.0]","3.0 [1.0, 6.0]","3.0 [1.0, 6.0]","3.0 [1.0, 7.0]","2.0 [1.0, 5.0]","1.0 [0.0, 4.0]","2.2 [0, 7]",,"3.0 [1.0, 6.0]",,,"2.0 [1.0, 6.0]","3.0 [1.0, 6.0]","2.0 [1.0, 4.0]","3.0 [1.0, 5.0]","3.0 [1.0, 7.0]","4.0 [2.0, 7.0]","2.0 [1.0, 5.0]","1.0 [0.0, 4.0]","2.2 [0, 7]",,"3.0 [1.0, 6.0]",,,"3.0 [1.0, 6.0]","3.0 [1.0, 7.0]","2.0 [1.0, 5.0]","3.0 [1.0, 6.0]","4.0 [1.0, 7.0]","4.0 [2.0, 7.0]","3.0 [1.0, 6.0]","2.0 [1.0, 5.0]","2.8 [1, 7]",,"3.0 [1.0, 7.0]",,,"3.0 [1.0, 6.0]","4.0 [1.0, 7.0]","2.0 [1.0, 5.0]","3.0 [1.0, 6.0]","4.0 [1.0, 8.0]","4.0 [2.0, 7.0]","3.0 [1.0, 7.0]","2.0 [1.0, 5.0]","2.9 [1, 8]","3.0 [1.0, 6.0]","4.0 [1.0, 7.0]",,,"3.0 [1.0, 6.0]","3.0 [1.0, 6.0]","2.0 [1.0, 5.0]","3.0 [2.0, 6.0]","4.0 [1.0, 8.0]","4.0 [2.0, 7.0]","3.0 [1.0, 7.0]","2.0 [1.0, 5.0]","3.0 [1, 8]","3.0 [1.0, 6.0]","4.0 [1.0, 7.0]",,"5.0 [1.0, 9.0]","3.0 [1.0, 7.0]","4.0 [1.0, 7.0]","2.0 [1.0, 5.0]","3.0 [1.0, 6.0]","4.0 [1.0, 8.0]","4.0 [2.0, 8.0]","3.0 [1.0, 7.0]","3.0 [1.0, 5.0]","3.3 [1, 9]","3.0 [1.0, 6.0]","4.0 [1.0, 7.0]",,"4.0 [1.0, 9.0]","3.0 [1.0, 7.0]","4.0 [1.0, 7.0]","2.0 [1.0, 5.0]","3.0 [1.0, 6.0]","4.0 [1.0, 8.0]","4.0 [2.0, 8.0]","3.0 [1.0, 7.0]","3.0 [1.0, 5.0]","3.3 [1, 9]","3.0 [1.0, 6.0]","3.0 [1.0, 7.0]",,,"4.0 [1.0, 7.0]","3.0 [1.0, 5.0]","3.0 [1.0, 5.0]","3.0 [1.0, 6.0]",,"4.0 [2.0, 7.0]","3.0 [1.0, 7.0]","3.0 [1.0, 5.0]","3.2 [1, 7]","3.0 [1.0, 6.0]","4.0 [1.0, 7.0]",,,,,"1.0 [0.0, 3.0]",,,"3.0 [1.0, 7.0]","3.0 [1.0, 6.0]",,"3.2 [0, 7]"
"    Respiratory, median [Q1, Q3]","0.0 [0.0, 0.0]","0.0 [0.0, 0.0]","0.0 [0.0, 1.0]","0.0 [0.0, 2.0]","0.0 [0.0, 0.0]","0.0 [0.0, 0.0]","0.0 [0.0, 0.0]","0.0 [0.0, 0.0]","0.0 [0.0, 1.0]","0.0 [0.0, 0.0]","0.0 [0.0, 0.0]","0.0 [0.0, 0.0]","0 [0, 2]",,,,,,,,,,,"0.0 [0.0, 0.0]",,"0 [0, 0]",,,,,,,,,,"0.0 [0.0, 0.0]","0.0 [0.0, 0.0]",,"0 [0, 0]",,,,,,,,,,"0.0 [0.0, 1.0]","0.0 [0.0, 0.0]",,"0 [0, 1]",,,,,,,,,,"0.0 [0.0, 1.0]","0.0 [0.0, 0.0]",,"0 [0, 1]",,,,,,,,"0.0 [0.0, 0.0]",,"0.0 [0.0, 1.0]","0.0 [0.0, 0.0]",,"0 [0, 1]",,,,,,"0.0 [0.0, 0.0]",,"0.0 [0.0, 1.0]",,"0.0 [0.0, 0.0]","0.0 [0.0, 0.0]",,"0 [0, 1]",,"0.0 [0.0, 0.0]",,,,"0.0 [0.0, 0.0]",,"0.0 [0.0, 0.0]",,"0.0 [0.0, 0.0]","0.0 [0.0, 0.0]","0.0 [0.0, 0.0]","0 [0, 0]",,"0.0 [0.0, 0.0]",,,"0.0 [0.0, 0.0]","0.0 [0.0, 0.0]","0.0 [0.0, 0.0]","0.0 [0.0, 0.0]","0.0 [0.0, 0.0]","0.0 [0.0, 0.0]","0.0 [0.0, 0.0]","0.0 [0.0, 0.0]","0 [0, 0]",,"0.0 [0.0, 0.0]",,,"0.0 [0.0, 0.0]","0.0 [0.0, 0.0]","0.0 [0.0, 0.0]","0.0 [0.0, 0.0]","0.0 [0.0, 0.0]","0.0 [0.0, 0.0]","0.0 [0.0, 0.0]","0.0 [0.0, 0.0]","0 [0, 0]",,"0.0 [0.0, 0.0]",,,"0.0 [0.0, 0.0]","0.0 [0.0, 0.0]","0.0 [0.0, 0.0]","0.0 [0.0, 0.0]","0.0 [0.0, 1.0]","0.0 [0.0, 0.0]","0.0 [0.0, 0.0]","0.0 [0.0, 0.0]","0 [0, 1]",,"0.0 [0.0, 0.0]",,,"0.0 [0.0, 0.0]","0.0 [0.0, 0.0]","0.0 [0.0, 0.0]","0.0 [0.0, 0.0]","0.0 [0.0, 1.0]","0.0 [0.0, 0.0]","0.0 [0.0, 1.0]","0.0 [0.0, 0.0]","0 [0, 1]","0.0 [0.0, 0.0]","0.0 [0.0, 0.0]",,,"0.0 [0.0, 0.0]","0.0 [0.0, 0.0]","0.0 [0.0, 0.0]","0.0 [0.0, 1.0]","0.0 [0.0, 1.0]","0.0 [0.0, 0.0]","0.0 [0.0, 1.0]","0.0 [0.0, 0.0]","0 [0, 1]","0.0 [0.0, 0.0]","0.0 [0.0, 0.0]",,"0.0 [0.0, 2.0]","0.0 [0.0, 0.0]","0.0 [0.0, 0.0]","0.0 [0.0, 0.0]","0.0 [0.0, 1.0]","0.0 [0.0, 1.0]","0.0 [0.0, 0.0]","0.0 [0.0, 1.0]","0.0 [0.0, 0.0]","0 [0, 2]","0.0 [0.0, 0.0]","0.0 [0.0, 0.0]",,"0.0 [0.0, 2.0]","0.0 [0.0, 0.0]","0.0 [0.0, 0.0]","0.0 [0.0, 0.0]","0.0 [0.0, 1.0]","0.0 [0.0, 1.0]","0.0 [0.0, 0.0]","0.0 [0.0, 1.0]","0.0 [0.0, 0.0]","0 [0, 2]","0.0 [0.0, 0.0]","0.0 [0.0, 0.0]",,,"0.0 [0.0, 0.0]","0.0 [0.0, 0.0]","0.0 [0.0, 0.0]","0.0 [0.0, 0.0]",,"0.0 [0.0, 0.0]","0.0 [0.0, 0.0]","0.0 [0.0, 0.0]","0 [0, 0]","0.0 [0.0, 0.0]","0.0 [0.0, 0.0]",,,,,"0.0 [0.0, 0.0]",,,"0.0 [0.0, 0.0]","0.0 [0.0, 0.0]",,"0 [0, 0]"
"    Coagulation, median [Q1, Q3]","0.0 [0.0, 1.0]","0.0 [0.0, 1.0]","0.0 [0.0, 1.0]","0.0 [0.0, 1.0]","0.0 [0.0, 1.0]","0.0 [0.0, 1.0]","0.0 [0.0, 1.0]","0.0 [0.0, 1.0]","0.0 [0.0, 1.0]","0.0 [0.0, 1.0]","0.0 [0.0, 1.0]","0.0 [0.0, 1.0]","0 [0, 1]",,,,,,,,,,,"0.0 [0.0, 1.0]",,"0 [0, 1]",,,,,,,,,,"0.0 [0.0, 1.0]","0.0 [0.0, 1.0]",,"0 [0, 1]",,,,,,,,,,"0.0 [0.0, 1.0]","0.0 [0.0, 1.0]",,"0 [0, 1]",,,,,,,,,,"0.0 [0.0, 1.0]","0.0 [0.0, 1.0]",,"0 [0, 1]",,,,,,,,"0.0 [0.0, 1.0]",,"0.0 [0.0, 1.0]","0.0 [0.0, 1.0]",,"0 [0, 1]",,,,,,"0.0 [0.0, 1.0]",,"0.0 [0.0, 1.0]",,"0.0 [0.0, 1.0]","0.0 [0.0, 1.0]",,"0 [0, 1]",,"0.0 [0.0, 1.0]",,,,"0.0 [0.0, 1.0]",,"0.0 [0.0, 1.0]",,"0.0 [0.0, 1.0]","0.0 [0.0, 1.0]","0.0 [0.0, 1.0]","0 [0, 1]",,"0.0 [0.0, 1.0]",,,"0.0 [0.0, 1.0]","0.0 [0.0, 1.0]","0.0 [0.0, 1.0]","0.0 [0.0, 1.0]","0.0 [0.0, 1.0]","0.0 [0.0, 1.0]","0.0 [0.0, 1.0]","0.0 [0.0, 1.0]","0 [0, 1]",,"0.0 [0.0, 1.0]",,,"0.0 [0.0, 1.0]","0.0 [0.0, 1.0]","0.0 [0.0, 1.0]","0.0 [0.0, 1.0]","0.0 [0.0, 1.0]","0.0 [0.0, 1.0]","0.0 [0.0, 1.0]","0.0 [0.0, 1.0]","0 [0, 1]",,"0.0 [0.0, 1.0]",,,"0.0 [0.0, 1.0]","0.0 [0.0, 1.0]","0.0 [0.0, 1.0]","0.0 [0.0, 1.0]","0.0 [0.0, 1.0]","0.0 [0.0, 1.0]","0.0 [0.0, 1.0]","0.0 [0.0, 1.0]","0 [0, 1]",,"0.0 [0.0, 1.0]",,,"0.0 [0.0, 1.0]","0.0 [0.0, 1.0]","0.0 [0.0, 1.0]","0.0 [0.0, 1.0]","0.0 [0.0, 1.0]","0.0 [0.0, 1.0]","0.0 [0.0, 1.0]","0.0 [0.0, 1.0]","0 [0, 1]","0.0 [0.0, 1.0]","0.0 [0.0, 1.0]",,,"0.0 [0.0, 1.0]","0.0 [0.0, 1.0]","0.0 [0.0, 1.0]","0.0 [0.0, 1.0]","0.0 [0.0, 1.0]","0.0 [0.0, 1.0]","0.0 [0.0, 1.0]","0.0 [0.0, 1.0]","0 [0, 1]","0.0 [0.0, 1.0]","0.0 [0.0, 1.0]",,"0.0 [0.0, 1.0]","0.0 [0.0, 1.0]","0.0 [0.0, 1.0]","0.0 [0.0, 1.0]","0.0 [0.0, 1.0]","0.0 [0.0, 1.0]","0.0 [0.0, 1.0]","0.0 [0.0, 1.0]","0.0 [0.0, 1.0]","0 [0, 1]","0.0 [0.0, 1.0]","0.0 [0.0, 1.0]",,"0.0 [0.0, 1.0]","0.0 [0.0, 1.0]","0.0 [0.0, 1.0]","0.0 [0.0, 1.0]","0.0 [0.0, 1.0]","0.0 [0.0, 1.0]","0.0 [0.0, 1.0]","0.0 [0.0, 1.0]","0.0 [0.0, 1.0]","0 [0, 1]","0.0 [0.0, 1.0]","0.0 [0.0, 1.0]",,,"0.0 [0.0, 1.0]","0.0 [0.0, 1.0]","0.0 [0.0, 1.0]","0.0 [0.0, 1.0]",,"0.0 [0.0, 1.0]","0.0 [0.0, 1.0]","0.0 [0.0, 1.0]","0 [0, 1]","0.0 [0.0, 1.0]","0.0 [0.0, 1.0]",,,,,"0.0 [0.0, 0.0]",,,"0.0 [0.0, 1.0]","0.0 [0.0, 1.0]",,"0 [0, 1]"
"    Liver, median [Q1, Q3]","0.0 [0.0, 0.0]","0.0 [0.0, 0.0]","0.0 [0.0, 0.0]","0.0 [0.0, 0.0]","0.0 [0.0, 0.0]","0.0 [0.0, 0.0]","0.0 [0.0, 0.0]","0.0 [0.0, 0.0]","0.0 [0.0, 0.0]","0.0 [0.0, 0.0]","0.0 [0.0, 0.0]","0.0 [0.0, 0.0]","0 [0, 0]",,,,,,,,,,,"0.0 [0.0, 0.0]",,"0 [0, 0]",,,,,,,,,,"0.0 [0.0, 0.0]","0.0 [0.0, 0.0]",,"0 [0, 0]",,,,,,,,,,"0.0 [0.0, 0.0]","0.0 [0.0, 0.0]",,"0 [0, 0]",,,,,,,,,,"0.0 [0.0, 0.0]","0.0 [0.0, 0.0]",,"0 [0, 0]",,,,,,,,"0.0 [0.0, 1.0]",,"0.0 [0.0, 0.0]","0.0 [0.0, 0.0]",,"0 [0, 1]",,,,,,"0.0 [0.0, 0.0]",,"0.0 [0.0, 0.0]",,"0.0 [0.0, 0.0]","0.0 [0.0, 0.0]",,"0 [0, 0]",,"0.0 [0.0, 0.0]",,,,"0.0 [0.0, 0.0]",,"0.0 [0.0, 0.0]",,"0.0 [0.0, 0.0]","0.0 [0.0, 0.0]","0.0 [0.0, 0.0]","0 [0, 0]",,"0.0 [0.0, 0.0]",,,"0.0 [0.0, 0.0]","0.0 [0.0, 0.0]","0.0 [0.0, 0.0]","0.0 [0.0, 0.0]","0.0 [0.0, 0.0]","0.0 [0.0, 0.0]","0.0 [0.0, 0.0]","0.0 [0.0, 0.0]","0 [0, 0]",,"0.0 [0.0, 0.0]",,,"0.0 [0.0, 0.0]","0.0 [0.0, 0.0]","0.0 [0.0, 0.0]","0.0 [0.0, 0.0]","0.0 [0.0, 0.0]","0.0 [0.0, 0.0]","0.0 [0.0, 0.0]","0.0 [0.0, 0.0]","0 [0, 0]",,"0.0 [0.0, 0.0]",,,"0.0 [0.0, 0.0]","0.0 [0.0, 0.0]","0.0 [0.0, 0.0]","0.0 [0.0, 0.0]","0.0 [0.0, 0.0]","0.0 [0.0, 0.0]","0.0 [0.0, 0.0]","0.0 [0.0, 0.0]","0 [0, 0]",,"0.0 [0.0, 0.0]",,,"0.0 [0.0, 0.0]","0.0 [0.0, 0.0]","0.0 [0.0, 0.0]","0.0 [0.0, 0.0]","0.0 [0.0, 0.0]","0.0 [0.0, 0.0]","0.0 [0.0, 0.0]","0.0 [0.0, 0.0]","0 [0, 0]","0.0 [0.0, 0.0]","0.0 [0.0, 0.0]",,,"0.0 [0.0, 0.0]","0.0 [0.0, 0.0]","0.0 [0.0, 0.0]","0.0 [0.0, 0.0]","0.0 [0.0, 0.0]","0.0 [0.0, 0.0]","0.0 [0.0, 0.0]","0.0 [0.0, 0.0]","0 [0, 0]","0.0 [0.0, 0.0]","0.0 [0.0, 0.0]",,"0.0 [0.0, 0.0]","0.0 [0.0, 0.0]","0.0 [0.0, 0.0]","0.0 [0.0, 0.0]","0.0 [0.0, 0.0]","0.0 [0.0, 0.0]","0.0 [0.0, 0.0]","0.0 [0.0, 0.0]","0.0 [0.0, 0.0]","0 [0, 0]","0.0 [0.0, 0.0]","0.0 [0.0, 0.0]",,"0.0 [0.0, 0.0]","0.0 [0.0, 0.0]","0.0 [0.0, 0.0]","0.0 [0.0, 0.0]","0.0 [0.0, 0.0]","0.0 [0.0, 0.0]","0.0 [0.0, 0.0]","0.0 [0.0, 0.0]","0.0 [0.0, 0.0]","0 [0, 0]","0.0 [0.0, 0.0]","0.0 [0.0, 0.0]",,,"0.0 [0.0, 0.0]","0.0 [0.0, 0.0]","0.0 [0.0, 0.0]","0.0 [0.0, 0.0]",,"0.0 [0.0, 0.0]","0.0 [0.0, 0.0]","0.0 [0.0, 0.0]","0 [0, 0]","0.0 [0.0, 0.0]","0.0 [0.0, 0.0]",,,,,"0.0 [0.0, 0.0]",,,"0.0 [0.0, 0.0]","0.0 [0.0, 0.0]",,"0 [0, 0]"
"    Cardiovascular, median [Q1, Q3]","1.0 [0.0, 3.0]","1.0 [0.0, 3.0]","1.0 [1.0, 1.0]","1.0 [0.0, 3.0]","1.0 [0.0, 3.0]","1.0 [0.0, 3.0]","1.0 [0.0, 1.0]","1.0 [0.0, 1.0]","1.0 [0.0, 1.0]","1.0 [0.0, 2.0]","1.0 [0.0, 1.0]","0.0 [0.0, 1.0]","0.8 [0, 3]",,,,,,,,,,,"1.0 [0.0, 1.0]",,"1 [0, 1]",,,,,,,,,,"1.0 [0.0, 1.0]","1.0 [0.0, 1.0]",,"1 [0, 1]",,,,,,,,,,"1.0 [0.0, 1.0]","1.0 [0.0, 1.0]",,"1 [0, 1]",,,,,,,,,,"1.0 [0.0, 1.0]","1.0 [0.0, 1.0]",,"1 [0, 1]",,,,,,,,"0.0 [0.0, 0.0]",,"1.0 [0.0, 1.0]","1.0 [0.0, 1.0]",,"1.0 [0, 1]",,,,,,"1.0 [0.0, 1.0]",,"1.0 [1.0, 1.0]",,"1.0 [0.0, 1.0]","1.0 [0.0, 1.0]",,"1 [0, 1]",,"1.0 [0.0, 1.0]",,,,"1.0 [0.0, 1.0]",,"1.0 [0.0, 1.0]",,"1.0 [0.0, 1.0]","1.0 [0.0, 1.0]","0.0 [0.0, 0.0]","0.8 [0, 1]",,"1.0 [0.0, 1.0]",,,"1.0 [0.0, 1.0]","1.0 [0.0, 1.0]","0.0 [0.0, 1.0]","1.0 [0.0, 1.0]","0.0 [0.0, 1.0]","1.0 [0.0, 1.0]","1.0 [0.0, 1.0]","0.0 [0.0, 0.0]","0.6 [0, 1]",,"1.0 [0.0, 1.0]",,,"1.0 [0.0, 1.0]","1.0 [0.0, 1.0]","1.0 [0.0, 1.0]","1.0 [0.0, 1.0]","0.0 [0.0, 1.0]","1.0 [0.0, 1.0]","1.0 [0.0, 1.0]","0.0 [0.0, 0.0]","0.7 [0, 1]",,"1.0 [0.0, 1.0]",,,"1.0 [0.0, 1.0]","1.0 [0.0, 2.0]","1.0 [0.0, 1.0]","1.0 [0.0, 1.0]","1.0 [0.0, 1.0]","1.0 [0.0, 3.0]","1.0 [0.0, 1.0]","0.0 [0.0, 1.0]","0.8 [0, 3]",,"1.0 [0.0, 3.0]",,,"1.0 [0.0, 1.0]","1.0 [0.0, 3.0]","0.0 [0.0, 1.0]","1.0 [0.0, 1.0]","1.0 [0.0, 2.0]","1.0 [0.0, 3.0]","1.0 [0.0, 3.0]","0.0 [0.0, 1.0]","0.7 [0, 3]","1.0 [0.0, 3.0]","1.0 [0.0, 3.0]",,,"1.0 [0.0, 3.0]","1.0 [0.0, 3.0]","1.0 [0.0, 1.0]","1.0 [0.0, 1.0]","1.0 [0.0, 2.0]","1.0 [0.0, 3.0]","1.0 [0.0, 3.0]","0.0 [0.0, 1.0]","0.8 [0, 3]","1.0 [0.0, 3.0]","1.0 [0.0, 3.0]",,"1.0 [0.0, 3.0]","1.0 [0.0, 3.0]","1.0 [0.0, 3.0]","1.0 [0.0, 1.0]","1.0 [0.0, 1.0]","1.0 [0.0, 3.0]","1.0 [0.0, 3.0]","1.0 [0.0, 3.0]","1.0 [0.0, 1.0]","1 [0, 3]","1.0 [0.0, 2.0]","1.0 [0.0, 3.0]",,"1.0 [0.0, 3.0]","1.0 [0.0, 3.0]","1.0 [0.0, 3.0]","1.0 [0.0, 1.0]","1.0 [0.0, 1.0]","1.0 [0.0, 3.0]","1.0 [0.0, 3.0]","1.0 [0.0, 3.0]","1.0 [0.0, 1.0]","1 [0, 3]","1.0 [0.0, 3.0]","1.0 [0.0, 3.0]",,,"1.0 [0.0, 3.0]","1.0 [0.0, 3.0]","1.0 [0.0, 1.0]","1.0 [0.0, 1.0]",,"1.0 [0.0, 3.0]","1.0 [0.0, 3.0]","0.0 [0.0, 1.0]","0.8 [0, 3]","1.0 [0.0, 3.0]","1.0 [0.0, 3.0]",,,,,"1.0 [0.0, 1.0]",,,"1.0 [0.0, 3.0]","1.0 [0.0, 3.0]",,"1 [0, 3]"
"    CNS, median [Q1, Q3]","0.0 [0.0, 1.0]","1.0 [0.0, 2.0]","0.0 [0.0, 1.0]","1.0 [0.0, 4.0]","0.0 [0.0, 2.0]","0.0 [0.0, 2.0]","0.0 [0.0, 1.0]","1.0 [0.0, 3.0]","1.0 [0.0, 3.0]","1.0 [0.0, 3.0]","0.0 [0.0, 1.0]","0.0 [0.0, 1.0]","0.3 [0, 4]",,,,,,,,,,,"0.0 [0.0, 0.0]",,"0 [0, 0]",,,,,,,,,,"1.0 [0.0, 3.0]","0.0 [0.0, 0.0]",,"0.2 [0, 3]",,,,,,,,,,"1.0 [0.0, 3.0]","0.0 [0.0, 0.0]",,"0.3 [0, 3]",,,,,,,,,,"1.0 [0.0, 3.0]","0.0 [0.0, 0.0]",,"0.3 [0, 3]",,,,,,,,"0.0 [0.0, 0.0]",,"1.0 [0.0, 3.0]","0.0 [0.0, 0.0]",,"0.3 [0, 3]",,,,,,"1.0 [0.0, 3.0]",,"2.0 [0.0, 4.0]",,"1.0 [0.0, 3.0]","0.0 [0.0, 0.0]",,"0.5 [0, 4]",,"1.0 [0.0, 2.0]",,,,"1.0 [0.0, 2.0]",,"1.0 [0.0, 3.0]",,"1.0 [0.0, 2.0]","0.0 [0.0, 1.0]","0.0 [0.0, 1.0]","0.5 [0, 3]",,"1.0 [0.0, 2.0]",,,"0.0 [0.0, 2.0]","1.0 [0.0, 3.0]","0.0 [0.0, 1.0]","1.0 [0.0, 3.0]","0.0 [0.0, 2.0]","1.0 [0.0, 3.0]","0.0 [0.0, 1.0]","0.0 [0.0, 1.0]","0.3 [0, 3]",,"1.0 [0.0, 2.0]",,,"0.0 [0.0, 2.0]","1.0 [0.0, 2.0]","0.0 [0.0, 1.0]","1.0 [0.0, 3.0]","1.0 [0.0, 3.0]","1.0 [0.0, 3.0]","0.0 [0.0, 2.0]","0.0 [0.0, 1.0]","0.4 [0, 3]",,"1.0 [0.0, 2.0]",,,"0.0 [0.0, 2.0]","1.0 [0.0, 3.0]","0.0 [0.0, 1.0]","1.0 [0.0, 4.0]","1.0 [0.0, 3.0]","1.0 [0.0, 3.0]","0.0 [0.0, 2.0]","0.0 [0.0, 1.0]","0.4 [0, 4]",,"1.0 [0.0, 3.0]",,,"0.0 [0.0, 2.0]","1.0 [0.0, 3.0]","0.0 [0.0, 1.0]","1.0 [0.0, 4.0]","1.0 [0.0, 3.0]","1.0 [0.0, 3.0]","0.0 [0.0, 3.0]","0.0 [0.0, 1.0]","0.4 [0, 4]","0.0 [0.0, 1.0]","1.0 [0.0, 3.0]",,,"0.0 [0.0, 2.0]","0.0 [0.0, 1.0]","0.0 [0.0, 1.0]","1.0 [0.0, 4.0]","1.0 [0.0, 3.0]","1.0 [0.0, 3.0]","1.0 [0.0, 3.0]","0.0 [0.0, 1.0]","0.5 [0, 4]","0.0 [0.0, 1.0]","1.0 [0.0, 3.0]",,"1.0 [0.0, 4.0]","0.0 [0.0, 2.0]","0.0 [0.0, 1.0]","0.0 [0.0, 1.0]","1.0 [0.0, 4.0]","1.0 [0.0, 3.0]","1.0 [0.0, 3.0]","1.0 [0.0, 3.0]","0.0 [0.0, 1.0]","0.4 [0, 4]","0.0 [0.0, 1.0]","1.0 [0.0, 3.0]",,"1.0 [0.0, 4.0]","1.0 [0.0, 2.0]","0.0 [0.0, 1.0]","0.0 [0.0, 1.0]","1.0 [0.0, 4.0]","1.0 [0.0, 3.0]","1.0 [0.0, 3.0]","1.0 [0.0, 3.0]","0.0 [0.0, 1.0]","0.6 [0, 4]","0.0 [0.0, 1.0]","1.0 [0.0, 3.0]",,,"1.0 [0.0, 2.0]","0.0 [0.0, 0.0]","0.0 [0.0, 1.0]","1.0 [0.0, 3.0]",,"1.0 [0.0, 2.0]","0.0 [0.0, 2.0]","0.0 [0.0, 1.0]","0.4 [0, 3]","0.0 [0.0, 1.0]","1.0 [0.0, 3.0]",,,,,"0.0 [0.0, 0.0]",,,"0.0 [0.0, 2.0]","0.0 [0.0, 1.0]",,"0.4 [0, 3]"
"    Renal, median [Q1, Q3]","0.0 [0.0, 1.0]","0.0 [0.0, 1.0]","0.0 [0.0, 1.0]","0.0 [0.0, 1.0]","0.0 [0.0, 1.0]","0.0 [0.0, 1.0]","0.0 [0.0, 1.0]","0.0 [0.0, 1.0]","0.0 [0.0, 1.0]","0.0 [0.0, 1.0]","0.0 [0.0, 1.0]","0.0 [0.0, 1.0]","0 [0, 1]",,,,,,,,,,,"0.0 [0.0, 1.0]",,"0 [0, 1]",,,,,,,,,,"0.0 [0.0, 1.0]","0.0 [0.0, 1.0]",,"0 [0, 1]",,,,,,,,,,"0.0 [0.0, 1.0]","0.0 [0.0, 1.0]",,"0 [0, 1]",,,,,,,,,,"0.0 [0.0, 1.0]","0.0 [0.0, 1.0]",,"0 [0, 1]",,,,,,,,"0.0 [0.0, 1.0]",,"0.0 [0.0, 1.0]","0.0 [0.0, 1.0]",,"0 [0, 1]",,,,,,"0.0 [0.0, 1.0]",,"0.0 [0.0, 1.0]",,"0.0 [0.0, 1.0]","0.0 [0.0, 1.0]",,"0 [0, 1]",,"0.0 [0.0, 1.0]",,,,"0.0 [0.0, 1.0]",,"0.0 [0.0, 1.0]",,"0.0 [0.0, 1.0]","0.0 [0.0, 1.0]","0.0 [0.0, 1.0]","0 [0, 1]",,"0.0 [0.0, 1.0]",,,"0.0 [0.0, 1.0]","0.0 [0.0, 1.0]","0.0 [0.0, 1.0]","0.0 [0.0, 1.0]","0.0 [0.0, 1.0]","0.0 [0.0, 1.0]","0.0 [0.0, 1.0]","0.0 [0.0, 1.0]","0 [0, 1]",,"0.0 [0.0, 1.0]",,,"0.0 [0.0, 1.0]","0.0 [0.0, 1.0]","0.0 [0.0, 1.0]","0.0 [0.0, 1.0]","0.0 [0.0, 1.0]","0.0 [0.0, 1.0]","0.0 [0.0, 1.0]","0.0 [0.0, 1.0]","0 [0, 1]",,"0.0 [0.0, 1.0]",,,"0.0 [0.0, 1.0]","0.0 [0.0, 1.0]","0.0 [0.0, 1.0]","0.0 [0.0, 1.0]","0.0 [0.0, 1.0]","0.0 [0.0, 1.0]","0.0 [0.0, 1.0]","0.0 [0.0, 1.0]","0 [0, 1]",,"0.0 [0.0, 1.0]",,,"0.0 [0.0, 1.0]","0.0 [0.0, 1.0]","0.0 [0.0, 1.0]","0.0 [0.0, 1.0]","0.0 [0.0, 1.0]","0.0 [0.0, 1.0]","0.0 [0.0, 1.0]","0.0 [0.0, 1.0]","0 [0, 1]","0.0 [0.0, 2.0]","0.0 [0.0, 1.0]",,,"0.0 [0.0, 1.0]","0.0 [0.0, 2.0]","0.0 [0.0, 1.0]","0.0 [0.0, 1.0]","0.0 [0.0, 1.0]","0.0 [0.0, 1.0]","0.0 [0.0, 1.0]","0.0 [0.0, 1.0]","0 [0, 2]","0.0 [0.0, 1.0]","0.0 [0.0, 1.0]",,"0.0 [0.0, 1.0]","0.0 [0.0, 1.0]","0.0 [0.0, 2.0]","0.0 [0.0, 1.0]","0.0 [0.0, 1.0]","0.0 [0.0, 1.0]","0.0 [0.0, 1.0]","0.0 [0.0, 1.0]","0.0 [0.0, 1.0]","0 [0, 2]","0.0 [0.0, 1.0]","0.0 [0.0, 1.0]",,"0.0 [0.0, 1.0]","0.0 [0.0, 1.0]","0.0 [0.0, 1.0]","0.0 [0.0, 1.0]","0.0 [0.0, 1.0]","0.0 [0.0, 1.0]","0.0 [0.0, 1.0]","0.0 [0.0, 1.0]","0.0 [0.0, 1.0]","0 [0, 1]","0.0 [0.0, 1.0]","0.0 [0.0, 1.0]",,,"0.0 [0.0, 1.0]","0.0 [0.0, 1.0]","0.0 [0.0, 1.0]","0.0 [0.0, 1.0]",,"0.0 [0.0, 1.0]","0.0 [0.0, 1.0]","0.0 [0.0, 1.0]","0 [0, 1]","0.0 [0.0, 1.0]","0.0 [0.0, 1.0]",,,,,"0.0 [0.0, 0.0]",,,"0.0 [0.0, 1.0]","0.0 [0.0, 1.0]",,"0 [0, 1]"
"  P/F ratio, median [Q1, Q3]","225 [130, 348]","236 [142, 352]","175 [100, 275]","262 [178, 340]","246 [153, 353]","240 [130, 385]","323 [175, 462]","284 [198, 367]","250 [156, 352]","209 [113, 322]","212 [136, 308]","226 [130, 362]","232.2 [100, 462]",,,,,,,,,,,"218 [139, 312]",,"218 [139, 312]",,,,,,,,,,"174 [94, 290]","224 [140, 323]",,"211.8 [94, 323]",,,,,,,,,,"168 [88, 287]","208 [131, 303]",,"194.8 [88, 303]",,,,,,,,,,"168 [90, 277]","214 [138, 318]",,"201.3 [90, 318]",,,,,,,,"77 [77, 77]",,"163 [86, 284]","218 [139, 314]",,"203.6 [77, 314]",,,,,,"251 [132, 414]",,"266 [188, 353]",,"219 [130, 329]","218 [137, 313]",,"226.7 [130, 414]",,"235 [143, 345]",,,,"248 [145, 406]",,"264 [188, 348]",,"218 [122, 322]","213 [137, 314]","212 [118, 362]","227.0 [118, 406]",,"240 [142, 360]",,,"230 [149, 333]","247 [136, 386]","317 [170, 484]","271 [194, 351]","245 [143, 350]","218 [123, 330]","218 [144, 318]","205 [116, 338]","235.1 [116, 484]",,"243 [140, 362]",,,"238 [154, 343]","248 [145, 387]","322 [174, 467]","270 [190, 357]","247 [148, 357]","220 [124, 329]","225 [143, 320]","210 [115, 345]","239.5 [115, 467]",,"218 [125, 348]",,,"220 [130, 332]","248 [138, 388]","263 [122, 429]","282 [198, 380]","218 [128, 332]","232 [118, 343]","194 [120, 293]","210 [120, 348]","222.8 [118, 429]",,"228 [132, 343]",,,"232 [137, 344]","221 [112, 365]","333 [171, 481]","292 [195, 371]","252 [153, 358]","225 [121, 333]","193 [113, 288]","220 [126, 352]","234.5 [112, 481]","218 [117, 340]","238 [145, 352]",,,"252 [155, 362]","222 [118, 363]","317 [172, 457]","283 [198, 368]","248 [157, 351]","233 [128, 336]","212 [135, 300]","230 [134, 368]","240.9 [117, 457]","220 [130, 342]","238 [147, 343]",,"262 [177, 338]","260 [160, 370]","240 [129, 380]","338 [191, 455]","287 [200, 367]","268 [182, 360]","230 [128, 330]","212 [137, 302]","242 [144, 376]","245.8 [128, 455]","228 [130, 351]","235 [152, 350]",,"263 [180, 342]","256 [161, 358]","226 [118, 367]","347 [205, 476]","295 [206, 371]","262 [178, 354]","228 [130, 329]","210 [140, 296]","250 [148, 378]","247.3 [118, 476]","232 [133, 365]","240 [150, 352]",,,"262 [166, 365]","198 [110, 373]","342 [202, 463]","293 [202, 380]",,"231 [135, 340]","212 [136, 305]","243 [150, 380]","244.7 [110, 463]","322 [159, 595]","252 [149, 360]",,,,,"310 [172, 430]",,,"236 [144, 348]","217 [155, 290]",,"280.0 [144, 595]"
"  P/F ratio (imputed), median [Q1, Q3]","121 [69, 189]","106 [67, 159]","84 [64, 136]","68 [59, 143]","122 [71, 168]","153 [81, 236]","164 [106, 236]","147 [113, 205]","117 [73, 153]","82 [61, 151]","106 [69, 153]","151 [94, 205]","120.6 [59, 236]",,,,,,,,,,,"106 [68, 157]",,"106 [68, 157]",,,,,,,,,,"82 [64, 142]","102 [68, 153]",,"97.1 [64, 153]",,,,,,,,,,"91 [64, 151]","103 [69, 151]",,"99.0 [64, 151]",,,,,,,,,,"94 [64, 151]","106 [67, 153]",,"102.7 [64, 153]",,,,,,,,"41 [41, 41]",,"95 [64, 164]","108 [71, 156]",,"104.6 [41, 164]",,,,,,"157 [85, 234]",,"134 [93, 164]",,"82 [62, 151]","108 [68, 154]",,"115.2 [62, 234]",,"106 [68, 159]",,,,"162 [85, 236]",,"134 [111, 164]",,"82 [64, 151]","106 [70, 153]","151 [95, 189]","122.6 [64, 236]",,"106 [66, 161]",,,"128 [80, 173]","153 [84, 228]","159 [106, 236]","142 [113, 168]","106 [68, 151]","82 [61, 142]","106 [72, 153]","147 [94, 189]","126.3 [61, 236]",,"112 [67, 168]",,,"134 [80, 177]","153 [93, 232]","163 [106, 236]","142 [117, 196]","116 [71, 153]","83 [61, 153]","112 [69, 159]","147 [95, 205]","130.5 [61, 236]",,"106 [64, 164]",,,"117 [67, 164]","151 [83, 235]","137 [78, 205]","147 [117, 213]","106 [66, 147]","90 [61, 164]","98 [63, 147]","147 [91, 205]","122.0 [61, 235]",,"102 [64, 159]",,,"117 [67, 164]","141 [72, 232]","168 [97, 252]","153 [117, 216]","117 [71, 151]","82 [59, 151]","98 [61, 147]","147 [87, 205]","124.0 [59, 252]","117 [67, 174]","106 [71, 159]",,,"122 [73, 168]","148 [75, 252]","168 [104, 236]","151 [109, 205]","118 [72, 153]","81 [61, 153]","112 [73, 153]","147 [91, 203]","127.1 [61, 252]","118 [68, 184]","106 [71, 156]",,"71 [59, 147]","118 [71, 168]","168 [84, 252]","177 [117, 252]","150 [112, 212]","126 [82, 159]","76 [59, 151]","113 [73, 156]","153 [97, 205]","124.2 [59, 252]","122 [71, 189]","106 [70, 153]",,"67 [59, 142]","118 [71, 164]","142 [73, 252]","168 [118, 252]","162 [117, 216]","125 [83, 159]","82 [59, 164]","112 [75, 155]","155 [98, 213]","124.3 [59, 252]","118 [68, 177]","106 [71, 159]",,,"118 [73, 168]","143 [72, 246]","168 [118, 238]","151 [113, 213]",,"78 [61, 153]","113 [71, 159]","158 [98, 216]","125.9 [61, 246]","99 [63, 148]","102 [67, 159]",,,,,"168 [110, 241]",,,"89 [63, 159]","116 [77, 153]",,"108.7 [63, 241]"
"CRRT, n (%)","6,479 (6.4%)","5,915 (3.6%)","3,405 (3.8%)",860 (5.0%),"4,818 (3.8%)","1,710 (2.5%)","7,233 (10.9%)","1,069 (1.8%)","3,136 (6.3%)","1,761 (2.3%)","3,989 (1.8%)","6,748 (3.4%)","47,123 (3.8%)",,,,,,,,,,,110 (1.9%),,110 (1.9%),,,,,,,,,,15 (0.5%),157 (1.6%),,172 (1.3%),,,,,,,,,,<10,166 (1.6%),,166 (1.6%),,,,,,,,,,<10,176 (1.3%),,176 (1.3%),,,,,,,,<10,,<10,164 (1.0%),,,,,,,,76 (1.0%),,11 (4.5%),,<10,196 (1.2%),,283 (1.2%),,274 (2.9%),,,,111 (1.6%),,78 (1.2%),,<10,225 (1.3%),310 (2.7%),998 (1.9%),,616 (3.2%),,,313 (2.6%),146 (2.0%),981 (10.6%),99 (1.6%),320 (4.9%),<10,266 (1.5%),688 (2.7%),"3,429 (3.3%)",,653 (3.5%),,,422 (3.0%),173 (2.1%),"1,011 (10.9%)",91 (1.4%),376 (5.4%),36 (0.6%),318 (1.8%),751 (2.9%),"3,831 (3.4%)",,694 (3.9%),,,600 (4.2%),220 (3.1%),"1,068 (13.7%)",136 (2.3%),454 (6.6%),76 (1.4%),352 (2.3%),758 (3.5%),"4,358 (4.3%)",,666 (3.8%),,,561 (3.7%),255 (3.7%),901 (12.1%),128 (2.0%),494 (6.7%),39 (0.7%),373 (2.6%),851 (3.7%),"4,268 (4.1%)",249 (4.2%),582 (3.4%),,,631 (4.0%),239 (3.6%),891 (12.6%),122 (1.9%),509 (7.2%),91 (1.6%),316 (2.2%),853 (3.6%),"4,483 (4.1%)","1,073 (4.2%)",610 (3.3%),,460 (5.4%),687 (3.8%),251 (3.9%),818 (11.0%),131 (1.8%),473 (6.6%),442 (7.5%),384 (2.5%),893 (4.0%),"6,222 (4.4%)","1,272 (4.6%)",719 (4.0%),,400 (4.6%),806 (4.4%),239 (3.5%),861 (10.9%),151 (2.0%),510 (6.8%),499 (8.6%),358 (2.3%),862 (3.8%),"6,677 (4.6%)","3,193 (9.5%)",762 (4.2%),,,798 (4.3%),0 (0.0%),702 (8.7%),121 (1.9%),,500 (7.9%),381 (2.3%),782 (3.6%),"7,239 (5.4%)",692 (8.5%),339 (4.2%),,,,,0 (0.0%),,,46 (5.6%),47 (2.0%),,"1,124 (5.2%)"
"Sepsis events (CDC ASE), n","34,305","118,933","20,744","7,454","52,480","22,808","19,447","9,824","25,208","38,073","17,834","66,877","433,987",,,,,,,,,,,0,,0,,,,,,,,,,"1,229",0,,"1,229",,,,,,,,,,"2,112",0,,"2,112",,,,,,,,,,"2,285",104,,"2,389",,,,,,,,<10,,"2,488",176,,"2,664",,,,,,"1,717",,<10,,"2,639",213,,"4,569",,"4,078",,,,"1,778",,844,,"2,574",971,"3,615","13,860",,"8,668",,,"4,754","1,891","2,358","1,029","3,328","2,690",927,"7,400","33,045",,"8,259",,,"4,987","2,511","2,393","1,034","3,672","2,923",401,"7,861","34,041",,"8,551",,,"3,706","2,539","2,610","1,000","3,848","3,140",503,"7,349","33,246",,"8,747",,,"6,661","2,757","2,506","1,261","3,593","3,214","1,801","7,841","38,381","1,967","9,371",,,"6,696","2,712","2,377","1,248","3,593","3,025","3,171","8,201","42,361","8,723","9,639",,"3,862","8,593","2,706","2,456","1,243","3,652","3,083","3,346","8,878","56,181","8,501","11,341",,"3,592","8,603","3,074","2,764","1,232","3,522","3,018","2,852","7,998","56,497","12,528","11,185",,,"8,480","1,123","1,983",922,,"3,263","2,955","7,734","50,173","2,586","39,094",,,,,0,,,390,414,,"42,484"
"Encounters with >=1 sepsis event, n (%)","18,170 (18.0%)","39,933 (24.5%)","10,387 (11.6%)","3,783 (22.1%)","27,835 (22.0%)","11,245 (16.5%)","10,130 (15.2%)","6,711 (11.4%)","14,448 (29.1%)","18,826 (24.4%)","10,339 (4.7%)","39,054 (19.7%)","210,861 (17.1%)",,,,,,,,,,,0 (0.0%),,0 (0.0%),,,,,,,,,,642 (20.7%),0 (0.0%),,642 (5.0%),,,,,,,,,,"1,121 (21.3%)",0 (0.0%),,"1,121 (7.0%)",,,,,,,,,,"1,147 (22.0%)",99 (0.7%),,"1,246 (6.6%)",,,,,,,,<10,,"1,238 (22.0%)",167 (1.0%),,"1,405 (6.5%)",,,,,,907 (12.4%),,<10,,"1,266 (22.0%)",186 (1.1%),,"2,359 (8.0%)",,"2,019 (21.0%)",,,,935 (13.4%),,576 (8.9%),,"1,262 (21.9%)",566 (3.3%),"2,074 (17.9%)","7,432 (12.9%)",,"4,110 (21.3%)",,,"2,309 (19.1%)",972 (13.6%),"1,268 (13.7%)",692 (11.5%),"1,774 (27.1%)","1,340 (24.2%)",509 (2.9%),"4,202 (16.8%)","17,176 (15.8%)",,"4,180 (22.1%)",,,"2,502 (18.0%)","1,208 (14.9%)","1,246 (13.5%)",704 (10.7%),"1,992 (28.6%)","1,429 (25.8%)",275 (1.6%),"4,477 (17.3%)","18,013 (16.0%)",,"4,612 (26.1%)",,,"1,961 (13.7%)","1,225 (17.3%)","1,384 (17.8%)",668 (11.4%),"2,175 (31.4%)","1,433 (27.3%)",351 (2.2%),"4,113 (19.0%)","17,922 (17.5%)",,"4,533 (25.9%)",,,"3,479 (22.9%)","1,306 (19.1%)","1,243 (16.7%)",853 (13.4%),"2,139 (28.9%)","1,490 (26.3%)","1,071 (7.4%)","4,424 (19.1%)","20,538 (19.8%)","1,110 (18.7%)","4,515 (26.0%)",,,"3,597 (22.7%)","1,291 (19.5%)","1,279 (18.0%)",837 (13.0%),"2,126 (30.1%)","1,455 (25.3%)","1,719 (11.8%)","4,656 (19.4%)","22,585 (20.4%)","4,582 (18.0%)","4,717 (25.7%)",,"1,899 (22.4%)","4,512 (24.8%)","1,318 (20.6%)","1,279 (17.2%)",862 (12.1%),"2,104 (29.3%)","1,534 (26.1%)","1,750 (11.4%)","5,068 (22.7%)","29,625 (20.8%)","4,579 (16.5%)","4,657 (26.0%)",,"1,884 (21.8%)","4,701 (25.6%)","1,511 (22.2%)","1,415 (18.0%)",875 (11.7%),"2,138 (28.4%)","1,567 (27.0%)","1,711 (10.8%)","5,164 (23.0%)","30,202 (20.6%)","6,494 (19.4%)","4,721 (25.9%)",,,"4,774 (25.7%)",572 (11.3%),"1,016 (12.6%)",639 (10.2%),,"1,692 (26.8%)","1,700 (10.3%)","4,876 (22.3%)","26,484 (19.7%)","1,405 (17.2%)","1,869 (23.0%)",,,,,0 (0.0%),,,210 (25.5%),235 (10.1%),,"3,719 (17.2%)"
"Invasive mechanical ventilation, n (%)","23,256 (23.0%)","41,737 (25.6%)","35,729 (39.8%)","6,498 (37.9%)","38,763 (30.6%)","21,806 (31.9%)","13,994 (21.1%)","1,358 (2.3%)","18,401 (37.1%)","26,742 (34.6%)","48,284 (22.0%)","49,334 (24.9%)","325,902 (26.4%)",,,,,,,,,,,"1,451 (25.3%)",,"1,451 (25.3%)",,,,,,,,,,"1,047 (33.7%)","2,385 (24.7%)",,"3,432 (26.9%)",,,,,,,,,,"1,681 (31.9%)","2,573 (24.2%)",,"4,254 (26.7%)",,,,,,,,,,"1,690 (32.5%)","2,912 (21.2%)",,"4,602 (24.3%)",,,,,,,,0 (0.0%),,"1,770 (31.5%)","3,220 (20.0%)",,"4,990 (23.0%)",,,,,,"2,480 (34.0%)",,0 (0.0%),,"1,764 (30.7%)","3,545 (21.7%)",,"7,789 (26.3%)",,"2,310 (24.0%)",,,,"2,375 (34.1%)",,150 (2.3%),,"1,783 (30.9%)","3,585 (21.0%)","2,841 (24.5%)","13,044 (22.7%)",,"4,571 (23.7%)",,,"3,398 (28.1%)","2,565 (36.0%)","1,847 (19.9%)",127 (2.1%),"2,094 (32.0%)","1,903 (34.4%)","3,597 (20.2%)","5,858 (23.4%)","25,960 (23.9%)",,"4,470 (23.6%)",,,"3,883 (27.9%)","2,600 (32.2%)","1,848 (20.0%)",163 (2.5%),"2,272 (32.7%)","1,967 (35.5%)","3,624 (20.6%)","5,897 (22.7%)","26,724 (23.7%)",,"4,797 (27.1%)",,,"4,529 (31.6%)","2,409 (34.0%)","1,857 (23.8%)",122 (2.1%),"2,521 (36.4%)","1,976 (37.7%)","3,639 (23.3%)","5,670 (26.2%)","27,520 (26.9%)",,"4,840 (27.6%)",,,"4,659 (30.7%)","2,388 (34.9%)","1,548 (20.8%)",145 (2.3%),"2,775 (37.5%)","2,152 (38.0%)","3,538 (24.5%)","5,671 (24.5%)","27,716 (26.7%)","1,497 (25.2%)","4,572 (26.4%)",,,"4,799 (30.3%)","2,263 (34.2%)","1,502 (21.2%)",144 (2.2%),"2,869 (40.6%)","2,084 (36.2%)","3,325 (22.9%)","5,846 (24.3%)","28,901 (26.1%)","6,050 (23.8%)","4,763 (26.0%)",,"3,321 (39.1%)","5,534 (30.4%)","2,180 (34.1%)","1,504 (20.2%)",174 (2.4%),"2,939 (40.9%)","2,217 (37.8%)","3,439 (22.5%)","5,913 (26.4%)","38,034 (26.8%)","6,752 (24.3%)","4,745 (26.5%)",,"3,177 (36.7%)","5,930 (32.3%)","2,339 (34.3%)","1,671 (21.2%)",204 (2.7%),"2,931 (39.0%)","2,164 (37.3%)","3,556 (22.4%)","5,982 (26.6%)","39,451 (26.9%)","7,366 (22.0%)","4,635 (25.4%)",,,"6,031 (32.5%)",207 (4.1%),"1,726 (21.5%)",129 (2.1%),,"2,275 (36.1%)","3,426 (20.7%)","5,656 (25.9%)","31,451 (23.4%)","1,591 (19.5%)","2,034 (25.0%)",,,,,491 (22.1%),,,269 (32.7%),469 (20.2%),,"4,854 (22.4%)"
Ventilator hours (millions),2.58,5.16,3.01,0.51,4.22,1.33,1.46,0.17,2.43,2.77,5.00,5.89,35,,,,,,,,,,,0.14,,0,,,,,,,,,,0.09,0.24,,0,,,,,,,,,,0.14,0.24,,0,,,,,,,,,,0.16,0.29,,0,,,,,,,,,,0.15,0.32,,0,,,,,,0.11,,,,0.17,0.36,,1,,0.22,,,,0.11,,0.02,,0.19,0.35,0.31,1,,0.51,,,0.30,0.11,0.16,0.01,0.19,0.21,0.33,0.66,2,,0.51,,,0.34,0.13,0.17,0.02,0.25,0.21,0.33,0.70,3,,0.74,,,0.67,0.15,0.27,0.02,0.33,0.24,0.46,0.79,4,,0.67,,,0.62,0.21,0.18,0.03,0.38,0.27,0.53,0.83,4,0.20,0.58,,,0.56,0.17,0.18,0.02,0.39,0.21,0.34,0.72,3,0.71,0.56,,0.26,0.54,0.16,0.14,0.02,0.44,0.22,0.37,0.65,4,0.75,0.59,,0.25,0.61,0.18,0.15,0.03,0.45,0.23,0.36,0.66,4,0.78,0.58,,,0.57,,0.17,0.01,,0.24,0.32,0.56,3,0.13,0.20,,,,,0.04,,,0.03,0.03,,0
  First location at IMV start: icu,"13,453 (57.8%)","29,110 (69.7%)","35,112 (98.3%)","5,416 (83.3%)","29,514 (76.1%)","7,831 (35.9%)","11,818 (84.5%)",111 (8.2%),"12,842 (69.8%)","18,875 (70.6%)","34,685 (71.8%)","41,089 (83.3%)","239,856 (73.6%)",,,,,,,,,,,"1,000 (68.9%)",,"1,000 (68.9%)",,,,,,,,,,772 (73.7%),"1,667 (69.9%)",,"2,439 (71.1%)",,,,,,,,,,"1,219 (72.5%)","1,855 (72.1%)",,"3,074 (72.3%)",,,,,,,,,,"1,182 (69.9%)","1,998 (68.6%)",,"3,180 (69.1%)",,,,,,,,,,"1,307 (73.8%)","2,270 (70.5%)",,"3,577 (71.7%)",,,,,,904 (36.5%),,,,"1,275 (72.3%)","2,572 (72.6%)",,"4,751 (61.0%)",,"1,677 (72.6%)",,,,832 (35.0%),,11 (7.3%),,"1,216 (68.2%)","2,562 (71.5%)","2,433 (85.6%)","8,731 (66.9%)",,"3,253 (71.2%)",,,"2,710 (79.8%)",805 (31.4%),"1,570 (85.0%)",15 (11.8%),"1,616 (77.2%)","1,212 (63.7%)","2,571 (71.5%)","4,954 (84.6%)","18,706 (72.1%)",,"3,084 (69.0%)",,,"3,028 (78.0%)",874 (33.6%),"1,580 (85.5%)",14 (8.6%),"1,613 (71.0%)","1,233 (62.7%)","2,537 (70.0%)","4,928 (83.6%)","18,891 (70.7%)",,"3,185 (66.4%)",,,"3,325 (73.4%)",885 (36.7%),"1,611 (86.8%)",<10,"1,737 (68.9%)","1,403 (71.0%)","2,633 (72.4%)","4,618 (81.4%)","19,397 (70.8%)",,"3,299 (68.2%)",,,"3,545 (76.1%)",937 (39.2%),"1,295 (83.7%)",11 (7.6%),"1,908 (68.8%)","1,578 (73.3%)","2,586 (73.1%)","4,717 (83.2%)","19,876 (71.7%)","1,033 (69.0%)","3,175 (69.4%)",,,"3,595 (74.9%)",829 (36.6%),"1,278 (85.1%)",11 (7.6%),"1,924 (67.1%)","1,484 (71.2%)","2,383 (71.7%)","4,864 (83.2%)","20,576 (71.2%)","3,802 (62.8%)","3,338 (70.1%)",,"2,767 (83.3%)","4,139 (74.8%)",818 (37.5%),"1,279 (85.0%)",19 (10.9%),"2,002 (68.1%)","1,599 (72.1%)","2,520 (73.3%)","4,925 (83.3%)","27,208 (71.5%)","4,059 (60.1%)","3,331 (70.2%)",,"2,649 (83.4%)","4,503 (75.9%)",900 (38.5%),"1,412 (84.5%)",15 (7.4%),"2,042 (69.7%)","1,563 (72.2%)","2,603 (73.2%)","4,998 (83.6%)","28,075 (71.2%)","3,847 (52.2%)","3,300 (71.2%)",,,"4,669 (77.4%)",47 (22.7%),"1,387 (80.4%)",<10,,"1,646 (72.4%)","2,588 (75.5%)","4,652 (82.2%)","22,136 (70.7%)",712 (44.8%),"1,468 (72.2%)",,,,,406 (82.7%),,,186 (69.1%),340 (72.5%),,"3,112 (64.1%)"
  First location at IMV start: ed,"4,761 (20.5%)","10,536 (25.2%)",59 (0.2%),984 (15.1%),"7,079 (18.3%)","2,068 (9.5%)","1,265 (9.0%)",436 (32.1%),"4,904 (26.7%)","2,353 (8.8%)","8,119 (16.8%)","6,240 (12.6%)","48,804 (15.3%)",,,,,,,,,,,87 (6.0%),,87 (6.0%),,,,,,,,,,89 (8.5%),236 (9.9%),,325 (9.5%),,,,,,,,,,187 (11.1%),282 (11.0%),,469 (11.0%),,,,,,,,,,142 (8.4%),400 (13.7%),,542 (11.8%),,,,,,,,,,169 (9.5%),483 (15.0%),,652 (13.0%),,,,,,<10,,,,95 (5.4%),539 (15.2%),,634 (12.0%),,507 (21.9%),,,,125 (5.3%),,40 (26.7%),,110 (6.2%),580 (16.2%),304 (10.7%),"1,666 (12.8%)",,"1,108 (24.2%)",,,494 (14.5%),256 (10.0%),115 (6.2%),39 (30.7%),404 (19.3%),187 (9.8%),686 (19.1%),662 (11.3%),"3,951 (15.2%)",,"1,151 (25.7%)",,,650 (16.7%),318 (12.2%),111 (6.0%),57 (35.0%),562 (24.7%),158 (8.0%),687 (19.0%),717 (12.2%),"4,411 (16.5%)",,"1,280 (26.7%)",,,902 (19.9%),268 (11.1%),143 (7.7%),49 (40.2%),698 (27.7%),214 (10.8%),704 (19.3%),837 (14.8%),"5,095 (18.5%)",,"1,253 (25.9%)",,,882 (18.9%),288 (12.1%),155 (10.0%),44 (30.3%),771 (27.8%),212 (9.9%),696 (19.7%),720 (12.7%),"5,021 (18.1%)",289 (19.3%),"1,175 (25.7%)",,,950 (19.8%),281 (12.4%),135 (9.0%),44 (30.6%),846 (29.5%),206 (9.9%),672 (20.2%),720 (12.3%),"5,318 (18.4%)","1,177 (19.5%)","1,221 (25.6%)",,499 (15.0%),"1,073 (19.4%)",250 (11.5%),154 (10.2%),56 (32.2%),846 (28.8%),196 (8.8%),668 (19.4%),741 (12.5%),"6,881 (18.1%)","1,295 (19.2%)","1,210 (25.5%)",,485 (15.3%),"1,068 (18.0%)",251 (10.7%),164 (9.8%),59 (28.9%),777 (26.5%),171 (7.9%),680 (19.1%),758 (12.7%),"6,918 (17.5%)","1,615 (21.9%)","1,145 (24.7%)",,,"1,060 (17.6%)",30 (14.5%),234 (13.6%),48 (37.2%),,181 (8.0%),620 (18.1%),781 (13.8%),"5,714 (18.2%)",385 (24.2%),486 (23.9%),,,,,54 (11.0%),,,36 (13.4%),99 (21.1%),,"1,060 (21.8%)"
  First location at IMV start: ward,"2,496 (10.7%)",621 (1.5%),300 (0.8%),50 (0.8%),431 (1.1%),909 (4.2%),105 (0.8%),582 (42.9%),226 (1.2%),86 (0.3%),685 (1.4%),445 (0.9%),"6,936 (2.1%)",,,,,,,,,,,27 (1.9%),,27 (1.9%),,,,,,,,,,<10,39 (1.6%),,39 (1.6%),,,,,,,,,,,33 (1.3%),,33 (1.3%),,,,,,,,,,<10,110 (3.8%),,110 (3.8%),,,,,,,,,,<10,78 (2.4%),,78 (2.4%),,,,,,111 (4.5%),,,,<10,56 (1.6%),,167 (2.8%),,48 (2.1%),,,,117 (4.9%),,78 (52.0%),,<10,45 (1.3%),33 (1.2%),321 (2.9%),,79 (1.7%),,,54 (1.6%),155 (6.0%),<10,49 (38.6%),25 (1.2%),<10,32 (0.9%),71 (1.2%),465 (2.1%),,68 (1.5%),,,34 (0.9%),76 (2.9%),<10,70 (42.9%),32 (1.4%),<10,35 (1.0%),56 (0.9%),371 (1.6%),,93 (1.9%),,,122 (2.7%),87 (3.6%),15 (0.8%),54 (44.3%),37 (1.5%),<10,65 (1.8%),54 (1.0%),527 (2.1%),,72 (1.5%),,,51 (1.1%),95 (4.0%),13 (0.8%),70 (48.3%),32 (1.2%),<10,33 (0.9%),51 (0.9%),417 (1.6%),140 (9.4%),79 (1.7%),,,50 (1.0%),108 (4.8%),<10,62 (43.1%),38 (1.3%),<10,30 (0.9%),45 (0.8%),552 (2.2%),546 (9.0%),47 (1.0%),,23 (0.7%),34 (0.6%),78 (3.6%),10 (0.7%),59 (33.9%),28 (1.0%),<10,32 (0.9%),51 (0.9%),908 (2.6%),782 (11.6%),62 (1.3%),,27 (0.8%),50 (0.8%),56 (2.4%),12 (0.7%),94 (46.1%),34 (1.2%),<10,36 (1.0%),43 (0.7%),"1,196 (3.2%)",837 (11.4%),51 (1.1%),,,36 (0.6%),26 (12.6%),22 (1.3%),46 (35.7%),,18 (0.8%),33 (1.0%),41 (0.7%),"1,110 (3.5%)",191 (12.0%),22 (1.1%),,,,,<10,,,<10,<10,,
  First location at IMV start: procedural,"2,437 (10.5%)","1,085 (2.6%)",160 (0.4%),41 (0.6%),"1,481 (3.8%)","10,869 (49.8%)",701 (5.0%),12 (0.9%),429 (2.3%),"2,408 (9.0%)","4,558 (9.4%)","1,538 (3.1%)","25,719 (7.8%)",,,,,,,,,,,322 (22.2%),,322 (22.2%),,,,,,,,,,45 (4.3%),425 (17.8%),,470 (13.7%),,,,,,,,,,70 (4.2%),378 (14.7%),,448 (10.6%),,,,,,,,,,75 (4.4%),379 (13.0%),,454 (9.8%),,,,,,,,,,86 (4.9%),372 (11.6%),,458 (9.2%),,,,,,"1,427 (57.5%)",,,,73 (4.1%),350 (9.9%),,"1,850 (23.7%)",,63 (2.7%),,,,"1,285 (54.1%)",,<10,,88 (4.9%),386 (10.8%),69 (2.4%),"1,891 (14.6%)",,112 (2.5%),,,129 (3.8%),"1,335 (52.0%)",133 (7.2%),<10,49 (2.3%),166 (8.7%),296 (8.2%),167 (2.9%),"2,387 (9.3%)",,141 (3.2%),,,164 (4.2%),"1,326 (51.0%)",138 (7.5%),,65 (2.9%),224 (11.4%),350 (9.7%),192 (3.3%),"2,600 (9.9%)",,135 (2.8%),,,133 (2.9%),"1,159 (48.1%)",70 (3.8%),<10,49 (1.9%),236 (11.9%),230 (6.3%),156 (2.8%),"2,168 (7.9%)",,135 (2.8%),,,149 (3.2%),"1,063 (44.5%)",72 (4.7%),<10,64 (2.3%),250 (11.6%),210 (5.9%),180 (3.2%),"2,123 (7.7%)",31 (2.1%),110 (2.4%),,,165 (3.4%),"1,030 (45.5%)",69 (4.6%),<10,61 (2.1%),264 (12.7%),221 (6.6%),213 (3.6%),"2,164 (7.5%)",504 (8.3%),135 (2.8%),,25 (0.8%),245 (4.4%),"1,027 (47.1%)",51 (3.4%),,63 (2.1%),291 (13.1%),208 (6.0%),196 (3.3%),"2,745 (7.2%)",595 (8.8%),106 (2.2%),,16 (0.5%),268 (4.5%),"1,115 (47.7%)",74 (4.4%),,78 (2.7%),267 (12.3%),228 (6.4%),183 (3.1%),"2,930 (7.5%)","1,015 (13.8%)",103 (2.2%),,,228 (3.8%),102 (49.3%),74 (4.3%),<10,,247 (10.9%),176 (5.1%),182 (3.2%),"2,127 (6.8%)",292 (18.4%),45 (2.2%),,,,,20 (4.1%),,,26 (9.7%),27 (5.8%),,410 (8.4%)
  First location at IMV start: other,109 (0.5%),385 (0.9%),98 (0.3%),0,254 (0.7%),126 (0.6%),103 (0.7%),217 (16.0%),,"3,012 (11.3%)",224 (0.5%),15 (0.0%),"4,490 (1.4%)",,,,,,,,,,,15 (1.0%),,15 (1.0%),,,,,,,,,,129 (12.3%),17 (0.7%),,146 (4.3%),,,,,,,,,,199 (11.8%),24 (0.9%),,223 (5.2%),,,,,,,,,,282 (16.7%),25 (0.9%),,307 (6.7%),,,,,,,,,,194 (11.0%),16 (0.5%),,210 (4.2%),,,,,,29 (1.2%),,,,306 (17.4%),26 (0.7%),,361 (4.6%),,15 (0.6%),,,,0,,19 (12.7%),,364 (20.4%),12 (0.3%),0,383 (2.9%),,19 (0.4%),,,0,0,13 (0.7%),20 (15.8%),,330 (17.3%),10 (0.3%),0,392 (1.5%),,26 (0.6%),,,0,0,0,22 (13.5%),,344 (17.5%),14 (0.4%),0,366 (1.4%),,104 (2.2%),,,39 (0.9%),0,0,12 (9.8%),,114 (5.8%),0,0,126 (0.5%),,81 (1.7%),,,29 (0.6%),0,0,19 (13.1%),,97 (4.5%),12 (0.3%),0,238 (0.9%),0,33 (0.7%),,,39 (0.8%),11 (0.5%),0,26 (18.1%),,122 (5.9%),18 (0.5%),0,249 (0.9%),10 (0.2%),22 (0.5%),,0,43 (0.8%),0,0,40 (23.0%),,126 (5.7%),0,,112 (0.3%),0,36 (0.8%),,,41 (0.7%),11 (0.5%),0,36 (17.7%),,153 (7.1%),0,,277 (0.7%),34 (0.5%),36 (0.8%),,,38 (0.6%),0,0,23 (17.8%),,177 (7.8%),0,,249 (0.8%),0,13 (0.6%),,,,,0,,,11 (4.1%),0,,11 (0.2%)
  Initial ventilator mode: pressure-regulated volume control,"10,103 (43.4%)","9,876 (23.7%)","13,470 (37.7%)","4,887 (75.2%)","2,372 (6.1%)",435 (2.0%),"10,500 (75.0%)",,41 (0.2%),200 (0.7%),432 (0.9%),<10,"52,316 (18.8%)",,,,,,,,,,,<10,,,,,,,,,,,,<10,<10,,,,,,,,,,,,18 (1.1%),<10,,18 (1.1%),,,,,,,,,,<10,11 (0.4%),,11 (0.4%),,,,,,,,,,<10,43 (1.3%),,43 (1.3%),,,,,,<10,,,,13 (0.7%),54 (1.5%),,67 (1.2%),,370 (16.0%),,,,,,,,19 (1.1%),40 (1.1%),,429 (5.6%),,788 (17.2%),,,138 (4.1%),<10,"1,462 (79.2%)",,<10,14 (0.7%),44 (1.2%),,"2,446 (15.8%)",,885 (19.8%),,,157 (4.0%),13 (0.5%),"1,427 (77.2%)",,<10,14 (0.7%),48 (1.3%),,"2,544 (13.7%)",,"1,057 (22.0%)",,,159 (3.5%),24 (1.0%),"1,204 (64.8%)",,,16 (0.8%),54 (1.5%),<10,"2,514 (13.1%)",,"1,098 (22.7%)",,,158 (3.4%),15 (0.6%),"1,103 (71.3%)",,,19 (0.9%),21 (0.6%),,"2,414 (12.6%)",478 (31.9%),"1,147 (25.1%)",,,220 (4.6%),16 (0.7%),"1,117 (74.4%)",,<10,14 (0.7%),<10,<10,"2,992 (18.0%)","2,092 (34.6%)","1,331 (27.9%)",,"2,186 (65.8%)",493 (8.9%),67 (3.1%),"1,142 (75.9%)",,<10,15 (0.7%),<10,<10,"7,326 (28.7%)","2,805 (41.5%)","1,327 (28.0%)",,"2,701 (85.0%)",515 (8.7%),276 (11.8%),"1,332 (79.7%)",,21 (0.7%),15 (0.7%),<10,,"8,992 (30.2%)","3,858 (52.4%)","1,282 (27.7%)",,,532 (8.8%),20 (9.7%),"1,340 (77.6%)",,,17 (0.7%),78 (2.3%),,"7,127 (27.6%)",870 (54.7%),591 (29.1%),,,,,373 (76.0%),,,<10,13 (2.8%),,"1,847 (40.4%)"
  Initial ventilator mode: assist control-volume control,"6,399 (27.5%)","20,181 (48.4%)","18,599 (52.1%)","1,017 (15.7%)","30,519 (78.7%)","10,776 (49.4%)","1,172 (8.4%)","1,081 (79.6%)","16,527 (89.8%)","21,729 (81.3%)","41,426 (85.8%)","30,426 (61.7%)","199,852 (61.3%)",,,,,,,,,,,990 (68.2%),,990 (68.2%),,,,,,,,,,901 (86.1%),"1,637 (68.6%)",,"2,538 (73.9%)",,,,,,,,,,"1,442 (85.8%)","1,874 (72.8%)",,"3,316 (77.9%)",,,,,,,,,,"1,429 (84.6%)","2,292 (78.7%)",,"3,721 (80.9%)",,,,,,,,,,"1,503 (84.9%)","2,617 (81.3%)",,"4,120 (82.6%)",,,,,,"1,235 (49.8%)",,,,"1,455 (82.5%)","2,919 (82.3%)",,"5,609 (72.0%)",,"1,220 (52.8%)",,,,"1,129 (47.5%)",,126 (84.0%),,"1,505 (84.4%)","3,187 (88.9%)","1,693 (59.6%)","8,860 (67.9%)",,"2,429 (53.1%)",,,"2,229 (65.6%)","1,219 (47.5%)",203 (11.0%),106 (83.5%),"1,830 (87.4%)","1,548 (81.3%)","3,240 (90.1%)","3,486 (59.5%)","16,290 (62.7%)",,"2,399 (53.7%)",,,"3,014 (77.6%)","1,224 (47.1%)",166 (9.0%),137 (84.0%),"1,972 (86.8%)","1,542 (78.4%)","3,219 (88.8%)","3,668 (62.2%)","17,341 (64.9%)",,"2,596 (54.1%)",,,"3,823 (84.4%)","1,195 (49.6%)",334 (18.0%),107 (87.7%),"2,223 (88.2%)","1,571 (79.5%)","3,301 (90.7%)","3,775 (66.6%)","18,925 (68.8%)",,"2,428 (50.2%)",,,"3,882 (83.3%)","1,303 (54.6%)",148 (9.6%),116 (80.0%),"2,464 (88.8%)","1,758 (81.7%)","3,216 (90.9%)","3,529 (62.2%)","18,844 (68.0%)",616 (41.1%),"2,131 (46.6%)",,,"3,971 (82.7%)","1,192 (52.7%)",107 (7.1%),112 (77.8%),"2,648 (92.3%)","1,662 (79.8%)","3,025 (91.0%)","3,667 (62.7%)","19,131 (66.2%)","2,221 (36.7%)","2,006 (42.1%)",,852 (25.7%),"4,309 (77.9%)","1,156 (53.0%)",115 (7.6%),136 (78.2%),"2,687 (91.4%)","1,755 (79.2%)","3,162 (91.9%)","3,622 (61.3%)","22,021 (57.9%)","1,814 (26.9%)","2,020 (42.6%)",,165 (5.2%),"4,545 (76.6%)","1,068 (45.7%)",55 (3.3%),152 (74.5%),"2,703 (92.2%)","1,688 (78.0%)","3,234 (90.9%)","3,603 (60.2%)","21,047 (53.4%)","1,461 (19.8%)","2,063 (44.5%)",,,"4,746 (78.7%)",55 (26.6%),40 (2.3%),89 (69.0%),,"1,762 (77.5%)","3,087 (90.1%)","3,383 (59.8%)","16,686 (53.0%)",287 (18.0%),889 (43.7%),,,,,<10,,,208 (77.3%),426 (90.8%),,"1,810 (41.4%)"
  Initial ventilator mode: simv,"2,621 (11.3%)","8,982 (21.5%)",572 (1.6%),41 (0.6%),"2,462 (6.4%)",480 (2.2%),117 (0.8%),,237 (1.3%),327 (1.2%),"2,632 (5.5%)","15,161 (30.7%)","33,632 (10.3%)",,,,,,,,,,,305 (21.0%),,305 (21.0%),,,,,,,,,,16 (1.5%),510 (21.4%),,526 (15.2%),,,,,,,,,,21 (1.2%),439 (17.1%),,460 (10.7%),,,,,,,,,,19 (1.1%),315 (10.8%),,334 (7.2%),,,,,,,,,,23 (1.3%),276 (8.6%),,299 (6.0%),,,,,,75 (3.0%),,,,23 (1.3%),275 (7.8%),,373 (4.8%),,535 (23.2%),,,,47 (2.0%),,,,20 (1.1%),94 (2.6%),918 (32.3%),"1,614 (12.5%)",,966 (21.1%),,,629 (18.5%),53 (2.1%),<10,,35 (1.7%),24 (1.3%),66 (1.8%),"1,819 (31.1%)","3,592 (15.0%)",,858 (19.2%),,,368 (9.5%),61 (2.3%),<10,,38 (1.7%),31 (1.6%),75 (2.1%),"1,750 (29.7%)","3,181 (12.9%)",,810 (16.9%),,,165 (3.6%),48 (2.0%),<10,,33 (1.3%),28 (1.4%),57 (1.6%),"1,491 (26.3%)","2,632 (10.3%)",,992 (20.5%),,,217 (4.7%),38 (1.6%),22 (1.4%),,35 (1.3%),20 (0.9%),58 (1.6%),"1,671 (29.5%)","3,053 (11.1%)",169 (11.3%),"1,029 (22.5%)",,,223 (4.6%),42 (1.9%),26 (1.7%),,29 (1.0%),29 (1.4%),48 (1.4%),"1,757 (30.1%)","3,352 (11.6%)",747 (12.3%),"1,122 (23.6%)",,12 (0.4%),305 (5.5%),45 (2.1%),10 (0.7%),,32 (1.1%),33 (1.5%),45 (1.3%),"1,908 (32.3%)","4,259 (11.4%)",779 (11.5%),"1,123 (23.7%)",,29 (0.9%),291 (4.9%),59 (2.5%),22 (1.3%),,35 (1.2%),24 (1.1%),33 (0.9%),"1,978 (33.1%)","4,373 (11.1%)",781 (10.6%),"1,066 (23.0%)",,,264 (4.4%),12 (5.8%),15 (0.9%),,,13 (0.6%),31 (0.9%),"1,869 (33.0%)","4,051 (13.0%)",145 (9.1%),481 (23.6%),,,,,<10,,,<10,<10,,
  Initial ventilator mode: pressure support/cpap,"1,846 (7.9%)","1,582 (3.8%)","2,354 (6.6%)",63 (1.0%),968 (2.5%),"2,555 (11.7%)",375 (2.7%),135 (9.9%),830 (4.5%),905 (3.4%),"1,066 (2.2%)","2,584 (5.2%)","15,263 (4.7%)",,,,,,,,,,,60 (4.1%),,60 (4.1%),,,,,,,,,,59 (5.6%),74 (3.1%),,133 (3.9%),,,,,,,,,,73 (4.3%),80 (3.1%),,153 (3.6%),,,,,,,,,,90 (5.3%),88 (3.0%),,178 (3.8%),,,,,,,,,,61 (3.4%),87 (2.7%),,148 (3.0%),,,,,,341 (13.8%),,,,80 (4.5%),89 (2.5%),,510 (6.5%),,104 (4.5%),,,,339 (14.3%),,16 (10.7%),,69 (3.9%),72 (2.0%),153 (5.4%),753 (5.8%),,259 (5.7%),,,108 (3.2%),300 (11.7%),50 (2.7%),15 (11.8%),133 (6.4%),65 (3.4%),83 (2.3%),392 (6.7%),"1,405 (5.4%)",,206 (4.6%),,,123 (3.2%),355 (13.7%),62 (3.4%),<10,145 (6.4%),61 (3.1%),76 (2.1%),344 (5.8%),"1,372 (5.2%)",,195 (4.1%),,,151 (3.3%),233 (9.7%),41 (2.2%),<10,127 (5.0%),51 (2.6%),54 (1.5%),268 (4.7%),"1,120 (4.1%)",,184 (3.8%),,,129 (2.8%),224 (9.4%),45 (2.9%),11 (7.6%),135 (4.9%),49 (2.3%),82 (2.3%),312 (5.5%),"1,171 (4.2%)",71 (4.7%),142 (3.1%),,,122 (2.5%),240 (10.6%),48 (3.2%),16 (11.1%),90 (3.1%),40 (1.9%),57 (1.7%),304 (5.2%),"1,130 (3.9%)",318 (5.3%),181 (3.8%),,23 (0.7%),118 (2.1%),251 (11.5%),31 (2.1%),16 (9.2%),104 (3.5%),45 (2.0%),45 (1.3%),266 (4.5%),"1,398 (3.7%)",692 (10.2%),144 (3.0%),,40 (1.3%),120 (2.0%),251 (10.7%),43 (2.6%),24 (11.8%),96 (3.3%),70 (3.2%),60 (1.7%),280 (4.7%),"1,820 (4.6%)",629 (8.5%),127 (2.7%),,,97 (1.6%),21 (10.1%),34 (2.0%),20 (15.5%),,84 (3.7%),55 (1.6%),265 (4.7%),"1,332 (4.2%)",136 (8.5%),40 (2.0%),,,,,21 (4.3%),,,<10,<10,,197 (4.8%)
  Initial ventilator mode: pressure control,607 (2.6%),567 (1.4%),194 (0.5%),201 (3.1%),"1,262 (3.3%)","5,914 (27.1%)","1,589 (11.4%)",142 (10.5%),361 (2.0%),694 (2.6%),517 (1.1%),310 (0.6%),"12,358 (3.8%)",,,,,,,,,,,<10,,,,,,,,,,,,24 (2.3%),<10,,24 (2.3%),,,,,,,,,,34 (2.0%),15 (0.6%),,49 (1.2%),,,,,,,,,,28 (1.7%),20 (0.7%),,48 (1.1%),,,,,,,,,,38 (2.1%),19 (0.6%),,57 (1.1%),,,,,,554 (22.3%),,,,39 (2.2%),30 (0.8%),,623 (7.8%),,35 (1.5%),,,,592 (24.9%),,<10,,30 (1.7%),35 (1.0%),11 (0.4%),703 (5.5%),,47 (1.0%),,,49 (1.4%),728 (28.4%),101 (5.5%),<10,43 (2.1%),34 (1.8%),27 (0.8%),34 (0.6%),"1,063 (4.2%)",,54 (1.2%),,,89 (2.3%),689 (26.5%),159 (8.6%),17 (10.4%),52 (2.3%),50 (2.5%),31 (0.9%),26 (0.4%),"1,167 (4.3%)",,75 (1.6%),,,98 (2.2%),639 (26.5%),235 (12.7%),<10,61 (2.4%),37 (1.9%),48 (1.3%),45 (0.8%),"1,238 (4.5%)",,73 (1.5%),,,144 (3.1%),727 (30.4%),206 (13.3%),18 (12.4%),70 (2.5%),39 (1.8%),44 (1.2%),58 (1.0%),"1,379 (4.9%)",42 (2.8%),66 (1.4%),,,157 (3.3%),707 (31.2%),175 (11.7%),16 (11.1%),40 (1.4%),44 (2.1%),47 (1.4%),29 (0.5%),"1,323 (4.6%)",167 (2.8%),62 (1.3%),,114 (3.4%),185 (3.3%),602 (27.6%),176 (11.7%),22 (12.6%),52 (1.8%),56 (2.5%),50 (1.5%),26 (0.4%),"1,512 (3.9%)",161 (2.4%),75 (1.6%),,87 (2.7%),307 (5.2%),616 (26.3%),186 (11.1%),28 (13.7%),43 (1.5%),87 (4.0%),63 (1.8%),37 (0.6%),"1,690 (4.3%)",192 (2.6%),60 (1.3%),,,233 (3.9%),60 (29.0%),273 (15.8%),20 (15.5%),,131 (5.8%),64 (1.9%),44 (0.8%),"1,077 (3.5%)",45 (2.8%),20 (1.0%),,,,,78 (15.9%),,,23 (8.6%),10 (2.1%),,176 (3.6%)
  Initial ventilator mode: other,"1,678 (7.2%)",549 (1.3%),537 (1.5%),272 (4.2%),"1,178 (3.0%)","1,646 (7.5%)",239 (1.7%),,395 (2.1%),"2,887 (10.8%)","2,211 (4.6%)",844 (1.7%),"12,371 (3.8%)",,,,,,,,,,,85 (5.9%),,85 (5.9%),,,,,,,,,,33 (3.2%),148 (6.2%),,181 (5.3%),,,,,,,,,,86 (5.1%),157 (6.1%),,243 (5.7%),,,,,,,,,,117 (6.9%),176 (6.0%),,293 (6.4%),,,,,,,,,,128 (7.2%),169 (5.3%),,297 (6.0%),,,,,,272 (11.0%),,,,150 (8.5%),172 (4.8%),,594 (7.6%),,32 (1.4%),,,,268 (11.3%),,,,137 (7.7%),156 (4.4%),57 (2.0%),650 (5.0%),,82 (1.8%),,,239 (7.0%),264 (10.3%),21 (1.1%),,39 (1.9%),214 (11.2%),137 (3.8%),126 (2.2%),"1,015 (3.9%)",,64 (1.4%),,,132 (3.4%),255 (9.8%),21 (1.1%),,51 (2.2%),264 (13.4%),170 (4.7%),109 (1.8%),"1,066 (4.0%)",,59 (1.2%),,,124 (2.7%),264 (11.0%),34 (1.8%),,76 (3.0%),271 (13.7%),122 (3.4%),87 (1.5%),955 (3.5%),,61 (1.3%),,,128 (2.7%),76 (3.2%),24 (1.6%),,69 (2.5%),266 (12.4%),112 (3.2%),101 (1.8%),773 (2.8%),118 (7.9%),54 (1.2%),,,105 (2.2%),65 (2.9%),28 (1.9%),,55 (1.9%),286 (13.7%),141 (4.2%),87 (1.5%),872 (3.0%),497 (8.2%),57 (1.2%),,116 (3.5%),123 (2.2%),55 (2.5%),21 (1.4%),,55 (1.9%),304 (13.7%),129 (3.7%),90 (1.5%),"1,388 (3.6%)",501 (7.4%),53 (1.1%),,147 (4.6%),150 (2.5%),68 (2.9%),33 (2.0%),,24 (0.8%),274 (12.7%),152 (4.3%),84 (1.4%),"1,486 (3.8%)",434 (5.9%),32 (0.7%),,,154 (2.6%),33 (16.0%),24 (1.4%),,,262 (11.5%),104 (3.0%),95 (1.7%),"1,095 (3.5%)",102 (6.4%),0,,,,,0,,,24 (8.9%),0,,113 (2.6%)
"FiO2 (%), median [Q1, Q3]","0.3 [0.2, 0.4]","0.3 [0.2, 0.4]","0.4 [0.4, 0.5]","0.2 [0.2, 0.4]","0.3 [0.2, 0.4]","0.3 [0.2, 0.5]","0.3 [0.2, 0.4]","0.3 [0.2, 0.3]","0.4 [0.4, 0.4]","0.3 [0.2, 0.4]","0.3 [0.2, 0.4]","0.3 [0.2, 0.4]","0.3 [0.2, 0.5]",,,,,,,,,,,"0.3 [0.3, 0.4]",,"0.3 [0.3, 0.4]",,,,,,,,,,"0.3 [0.2, 0.5]","0.3 [0.3, 0.4]",,"0.3 [0.2, 0.5]",,,,,,,,,,"0.3 [0.2, 0.4]","0.3 [0.3, 0.4]",,"0.3 [0.2, 0.4]",,,,,,,,,,"0.3 [0.2, 0.4]","0.3 [0.3, 0.4]",,"0.3 [0.2, 0.4]",,,,,,,,,,"0.3 [0.2, 0.4]","0.3 [0.3, 0.4]",,"0.3 [0.2, 0.4]",,,,,,"0.3 [0.2, 0.6]",,,,"0.3 [0.2, 0.4]","0.3 [0.3, 0.4]",,"0.3 [0.2, 0.6]",,"0.3 [0.2, 0.4]",,,,"0.3 [0.2, 0.6]",,"0.4 [0.3, 0.4]",,"0.3 [0.2, 0.4]","0.3 [0.3, 0.4]","0.4 [0.2, 0.4]","0.3 [0.2, 0.6]",,"0.3 [0.2, 0.4]",,,"0.3 [0.2, 0.4]","0.3 [0.2, 0.5]","0.3 [0.2, 0.4]","0.3 [0.3, 0.4]","0.3 [0.2, 0.4]","0.3 [0.2, 0.4]","0.3 [0.2, 0.4]","0.4 [0.2, 0.4]","0.3 [0.2, 0.5]",,"0.3 [0.2, 0.4]",,,"0.3 [0.2, 0.4]","0.3 [0.2, 0.5]","0.3 [0.2, 0.4]","0.2 [0.2, 0.3]","0.4 [0.2, 0.4]","0.3 [0.2, 0.4]","0.3 [0.2, 0.4]","0.3 [0.2, 0.4]","0.3 [0.2, 0.5]",,"0.3 [0.2, 0.4]",,,"0.3 [0.2, 0.4]","0.3 [0.2, 0.5]","0.3 [0.3, 0.4]","0.2 [0.2, 0.3]","0.4 [0.4, 0.4]","0.3 [0.2, 0.4]","0.3 [0.3, 0.4]","0.3 [0.2, 0.4]","0.3 [0.2, 0.5]",,"0.3 [0.2, 0.4]",,,"0.3 [0.2, 0.4]","0.3 [0.2, 0.5]","0.3 [0.2, 0.3]","0.3 [0.2, 0.3]","0.4 [0.4, 0.4]","0.3 [0.2, 0.4]","0.3 [0.3, 0.4]","0.3 [0.2, 0.4]","0.3 [0.2, 0.5]","0.3 [0.3, 0.4]","0.3 [0.2, 0.4]",,,"0.3 [0.2, 0.4]","0.3 [0.2, 0.5]","0.3 [0.2, 0.4]","0.3 [0.2, 0.3]","0.4 [0.4, 0.4]","0.3 [0.2, 0.4]","0.3 [0.2, 0.3]","0.3 [0.2, 0.4]","0.3 [0.2, 0.5]","0.3 [0.2, 0.4]","0.3 [0.2, 0.4]",,"0.2 [0.2, 0.4]","0.3 [0.2, 0.4]","0.3 [0.2, 0.5]","0.3 [0.2, 0.3]","0.3 [0.2, 0.3]","0.4 [0.4, 0.4]","0.3 [0.2, 0.4]","0.3 [0.2, 0.3]","0.3 [0.2, 0.4]","0.3 [0.2, 0.5]","0.3 [0.2, 0.4]","0.3 [0.2, 0.4]",,"0.2 [0.2, 0.4]","0.3 [0.2, 0.4]","0.3 [0.2, 0.5]","0.3 [0.2, 0.3]","0.3 [0.2, 0.3]","0.4 [0.4, 0.4]","0.3 [0.2, 0.4]","0.3 [0.2, 0.3]","0.3 [0.2, 0.4]","0.3 [0.2, 0.5]","0.3 [0.2, 0.4]","0.3 [0.2, 0.4]",,,"0.3 [0.2, 0.4]","0.5 [0.3, 0.6]","0.3 [0.2, 0.3]","0.3 [0.2, 0.3]",,"0.3 [0.2, 0.4]","0.3 [0.2, 0.3]","0.3 [0.2, 0.4]","0.3 [0.2, 0.6]","0.3 [0.2, 0.4]","0.3 [0.2, 0.4]",,,,,"0.3 [0.2, 0.3]",,,"0.3 [0.2, 0.4]","0.3 [0.2, 0.3]",,"0.3 [0.2, 0.4]"
"PEEP (cmH2O), median [Q1, Q3]","6.0 [6.0, 6.0]","5.0 [5.0, 5.0]","5.0 [5.0, 5.0]","5.0 [5.0, 5.0]","5.0 [5.0, 5.0]","5.0 [5.0, 6.0]","8.0 [8.0, 8.0]","5.0 [5.0, 5.0]","5.0 [5.0, 5.0]","5.0 [5.0, 5.0]","5.0 [5.0, 5.0]","5.0 [5.0, 5.1]","5.2 [5, 8]",,,,,,,,,,,"5.0 [5.0, 5.0]",,"5 [5, 5]",,,,,,,,,,"5.0 [5.0, 5.0]","5.0 [5.0, 5.0]",,"5 [5, 5]",,,,,,,,,,"5.0 [5.0, 5.0]","5.0 [5.0, 5.0]",,"5 [5, 5]",,,,,,,,,,"5.0 [5.0, 5.0]","5.0 [5.0, 5.0]",,"5 [5, 5]",,,,,,,,,,"5.0 [5.0, 5.0]","5.0 [5.0, 5.0]",,"5 [5, 5]",,,,,,"5.0 [5.0, 5.0]",,,,"5.0 [5.0, 5.0]","5.0 [5.0, 5.0]",,"5 [5, 5]",,"5.0 [5.0, 5.0]",,,,"5.0 [5.0, 6.0]",,"5.0 [5.0, 5.0]",,"5.0 [5.0, 5.0]","5.0 [5.0, 5.0]","5.0 [5.0, 5.0]","5 [5, 6]",,"5.0 [5.0, 5.0]",,,"5.0 [5.0, 5.0]","5.0 [5.0, 6.0]","8.0 [8.0, 8.0]","5.0 [5.0, 5.0]","5.0 [5.0, 5.0]","5.0 [5.0, 5.0]","5.0 [5.0, 5.0]","5.0 [5.0, 5.0]","5.3 [5, 8]",,"5.0 [5.0, 5.0]",,,"5.0 [5.0, 5.0]","5.0 [5.0, 6.0]","8.0 [8.0, 8.0]","5.0 [5.0, 5.0]","5.0 [5.0, 5.0]","5.0 [5.0, 5.0]","5.0 [5.0, 5.0]","5.0 [5.0, 5.0]","5.2 [5, 8]",,"5.0 [5.0, 5.0]",,,"5.0 [5.0, 5.0]","5.0 [5.0, 6.0]","8.0 [8.0, 8.0]","5.0 [5.0, 5.0]","5.0 [5.0, 5.0]","5.0 [5.0, 5.0]","5.0 [5.0, 5.0]","5.0 [5.0, 5.2]","5.2 [5, 8]",,"5.0 [5.0, 5.0]",,,"5.0 [5.0, 5.0]","5.0 [5.0, 7.0]","8.0 [8.0, 8.0]","5.0 [5.0, 5.0]","5.0 [5.0, 5.0]","5.0 [5.0, 5.0]","5.0 [5.0, 5.1]","5.0 [5.0, 5.2]","5.2 [5, 8]","6.0 [6.0, 6.0]","5.0 [5.0, 5.0]",,,"5.0 [5.0, 5.0]","5.0 [5.0, 6.0]","8.0 [8.0, 8.0]","5.0 [5.0, 5.0]","5.0 [5.0, 5.0]","5.0 [5.0, 5.0]","5.0 [5.0, 5.0]","5.0 [5.0, 5.1]","5.2 [5, 8]","6.0 [6.0, 6.0]","5.0 [5.0, 5.0]",,"5.0 [5.0, 5.0]","5.0 [5.0, 5.0]","5.0 [5.0, 6.0]","8.0 [8.0, 8.0]","5.0 [5.0, 5.0]","5.0 [5.0, 5.0]","5.0 [5.0, 5.0]","5.0 [5.0, 5.0]","5.0 [5.0, 5.2]","5.3 [5, 8]","6.0 [6.0, 6.0]","5.0 [5.0, 5.0]",,"5.0 [5.0, 5.0]","5.0 [5.0, 5.0]","5.0 [5.0, 7.0]","8.0 [8.0, 8.0]","5.0 [5.0, 5.0]","5.0 [5.0, 5.0]","5.0 [5.0, 5.0]","5.0 [5.0, 5.0]","5.0 [5.0, 5.1]","5.4 [5, 8]","6.0 [6.0, 6.0]","5.0 [5.0, 5.0]",,,"5.0 [5.0, 5.0]","5.0 [5.0, 6.0]","8.0 [8.0, 8.0]","5.0 [5.0, 5.0]",,"5.0 [5.0, 5.0]","6.0 [5.0, 8.0]","5.0 [5.0, 5.1]","5.6 [5, 8]","6.0 [6.0, 6.0]","nan [nan, nan]",,,,,"8.0 [8.0, 8.0]",,,"5.0 [5.0, 5.0]","7.0 [5.0, 8.0]",,"6.4 [5, 8]"
"Respiratory rate (breaths/min), median [Q1, Q3]","16.0 [16.0, 18.0]","16.0 [16.0, 18.0]","16.0 [16.0, 17.0]","16.0 [16.0, 16.0]","16.0 [16.0, 16.0]","16.0 [14.0, 18.0]","16.0 [16.0, 16.0]","12.0 [0.0, 18.0]","15.0 [14.0, 16.0]","16.0 [14.0, 16.0]","16.0 [15.0, 16.0]","19.0 [17.0, 20.0]","16.3 [0, 20]",,,,,,,,,,,"12.0 [12.0, 14.0]",,"12 [12, 14]",,,,,,,,,,"14.0 [12.0, 14.0]","12.0 [12.0, 14.0]",,"12.5 [12, 14]",,,,,,,,,,"14.0 [14.0, 16.0]","14.0 [12.0, 14.0]",,"14 [12, 16]",,,,,,,,,,"15.0 [14.0, 16.0]","14.0 [14.0, 14.0]",,"14.3 [14, 16]",,,,,,,,,,"16.0 [14.0, 16.0]","14.0 [14.0, 15.0]",,"14.5 [14, 16]",,,,,,"16.0 [14.0, 17.0]",,,,"16.0 [15.0, 17.0]","14.0 [14.0, 15.0]",,"14.9 [14, 17]",,"16.0 [16.0, 16.0]",,,,"16.0 [14.0, 18.0]",,"0.0 [0.0, 18.0]",,"16.0 [16.0, 18.0]","16.0 [14.0, 16.0]","18.0 [16.0, 20.0]","14.6 [0, 20]",,"16.0 [15.0, 16.0]",,,"15.0 [14.0, 16.0]","16.0 [14.0, 18.0]","16.0 [16.0, 16.0]","0.0 [0.0, 18.0]","14.0 [14.0, 16.0]","16.0 [15.0, 17.8]","16.0 [15.0, 16.0]","19.0 [16.0, 22.0]","15.6 [0, 22]",,"16.0 [16.0, 16.0]",,,"14.0 [14.0, 16.0]","16.0 [14.0, 18.0]","16.0 [16.0, 16.0]","9.0 [0.0, 18.0]","14.0 [14.0, 15.0]","16.0 [14.0, 16.0]","16.0 [16.0, 16.0]","18.0 [16.0, 21.0]","15.7 [0, 21]",,"16.0 [16.0, 18.0]",,,"16.0 [15.0, 16.0]","16.0 [14.0, 18.0]","16.0 [16.0, 18.0]","9.0 [0.0, 18.0]","15.0 [14.0, 16.0]","16.0 [15.0, 18.0]","16.0 [16.0, 16.0]","19.0 [17.0, 21.0]","16.2 [0, 21]",,"16.0 [16.0, 18.0]",,,"16.0 [16.0, 16.0]","16.0 [15.0, 18.0]","16.0 [16.0, 16.0]","18.0 [0.0, 19.0]","16.0 [14.0, 16.0]","16.0 [14.0, 16.0]","16.0 [16.0, 17.5]","20.0 [18.0, 20.0]","17.0 [0, 20]","18.0 [16.0, 18.0]","16.0 [16.0, 18.0]",,,"16.0 [15.0, 16.0]","16.0 [14.0, 17.0]","16.0 [16.0, 16.0]","9.0 [0.0, 18.0]","15.0 [14.0, 16.0]","16.0 [15.0, 16.0]","16.0 [16.0, 16.0]","19.0 [18.0, 20.0]","16.3 [0, 20]","16.0 [16.0, 18.0]","16.0 [16.0, 18.0]",,"16.0 [16.0, 16.0]","16.0 [16.0, 16.0]","16.0 [14.0, 17.0]","16.0 [16.0, 16.0]","14.0 [0.0, 18.0]","15.0 [14.0, 16.0]","16.0 [15.0, 16.0]","16.0 [16.0, 16.0]","19.0 [18.0, 20.0]","16.3 [0, 20]","16.0 [16.0, 18.0]","16.0 [16.0, 18.0]",,"16.0 [16.0, 16.0]","16.0 [16.0, 16.0]","16.0 [14.0, 18.0]","16.0 [16.0, 16.0]","12.0 [0.0, 18.0]","15.0 [14.0, 16.0]","16.0 [15.0, 16.0]","16.0 [16.0, 16.0]","18.5 [18.0, 20.0]","16.1 [0, 20]","16.0 [16.0, 18.0]","16.0 [16.0, 18.0]",,,"16.0 [16.0, 16.0]","16.0 [14.2, 17.0]","16.0 [16.0, 16.0]","0.0 [0.0, 18.0]",,"16.0 [14.0, 16.0]","16.0 [16.0, 16.0]","18.0 [18.0, 20.0]","15.6 [0, 20]","17.0 [16.0, 18.0]","nan [nan, nan]",,,,,"16.0 [16.0, 16.0]",,,"15.0 [14.0, 16.0]","16.0 [16.0, 16.0]",,"16.5 [14, 18]"
"Tidal volume (mL), median [Q1, Q3]","420.0 [402.5, 420.0]","420.0 [410.0, 430.0]","450.0 [450.0, 450.0]","430.0 [430.0, 440.0]","450.0 [450.0, 470.0]","450.0 [450.0, 475.0]","400.0 [400.0, 400.0]","400.0 [400.0, 400.0]","450.0 [420.0, 450.0]","450.0 [440.0, 450.0]","500.0 [480.0, 500.0]","450.0 [450.0, 450.0]","447.1 [400, 500]",,,,,,,,,,,"550.0 [500.0, 550.0]",,"550 [500, 550]",,,,,,,,,,"500.0 [500.0, 500.0]","550.0 [500.0, 550.0]",,"537.8 [500, 550]",,,,,,,,,,"500.0 [500.0, 500.0]","500.0 [500.0, 530.0]",,"500 [500, 530]",,,,,,,,,,"450.0 [450.0, 490.0]","500.0 [500.0, 500.0]",,"486.2 [450, 500]",,,,,,,,,,"450.0 [450.0, 450.0]","500.0 [500.0, 500.0]",,"487.0 [450, 500]",,,,,,"500.0 [500.0, 500.0]",,,,"450.0 [450.0, 450.0]","500.0 [500.0, 500.0]",,"490.2 [450, 500]",,"430.0 [420.0, 450.0]",,,,"500.0 [500.0, 500.0]",,"430.0 [420.0, 440.0]",,"450.0 [450.0, 450.0]","500.0 [500.0, 500.0]","500.0 [500.0, 500.0]","475.4 [420, 500]",,"430.0 [420.0, 450.0]",,,"500.0 [500.0, 500.0]","450.0 [450.0, 450.0]","400.0 [400.0, 400.0]","410.0 [410.0, 420.0]","440.0 [420.0, 450.0]","450.0 [450.0, 450.0]","500.0 [500.0, 500.0]","490.0 [450.0, 500.0]","462.3 [400, 500]",,"420.0 [410.0, 440.0]",,,"500.0 [500.0, 500.0]","450.0 [450.0, 450.0]","400.0 [400.0, 400.0]","400.0 [400.0, 400.0]","450.0 [420.0, 450.0]","420.0 [410.0, 440.0]","500.0 [500.0, 500.0]","450.0 [450.0, 460.0]","450.4 [400, 500]",,"400.0 [400.0, 420.0]",,,"450.0 [450.0, 470.0]","450.0 [450.0, 450.0]","400.0 [400.0, 400.0]","400.0 [390.0, 400.0]","440.0 [420.0, 450.0]","400.0 [400.0, 420.0]","450.0 [450.0, 460.0]","450.0 [450.0, 450.0]","431.4 [390, 470]",,"420.0 [400.0, 420.0]",,,"450.0 [450.0, 450.0]","450.0 [450.0, 450.0]","400.0 [400.0, 400.0]","400.0 [390.0, 400.0]","450.0 [420.0, 450.0]","410.0 [400.0, 420.0]","450.0 [450.0, 450.0]","450.0 [450.0, 450.0]","436.1 [390, 450]","400.0 [400.0, 420.0]","420.0 [410.0, 430.0]",,,"450.0 [450.0, 450.0]","450.0 [450.0, 460.0]","400.0 [400.0, 400.0]","390.0 [380.0, 400.0]","440.0 [420.0, 450.0]","400.0 [400.0, 420.0]","450.0 [450.0, 450.0]","450.0 [450.0, 450.0]","432.7 [380, 460]","420.0 [410.0, 420.0]","430.0 [420.0, 440.0]",,"440.0 [430.0, 450.0]","450.0 [450.0, 450.0]","450.0 [450.0, 460.0]","400.0 [400.0, 400.0]","400.0 [400.0, 400.0]","440.0 [428.8, 450.0]","410.0 [400.0, 420.0]","450.0 [450.0, 450.0]","450.0 [440.0, 450.0]","434.2 [400, 460]","410.0 [400.0, 420.0]","430.0 [420.0, 440.0]",,"430.0 [420.0, 430.0]","450.0 [450.0, 450.0]","450.0 [450.0, 450.0]","400.0 [400.0, 400.0]","390.0 [390.0, 390.0]","450.0 [440.0, 450.0]","400.0 [400.0, 410.0]","450.0 [450.0, 450.0]","450.0 [440.0, 450.0]","431.1 [390, 450]","420.0 [410.0, 420.0]","430.0 [420.0, 440.0]",,,"450.0 [450.0, 450.0]","450.0 [450.0, 450.0]","410.0 [400.0, 420.0]","400.0 [400.0, 400.0]",,"400.0 [400.0, 420.0]","450.0 [450.0, 450.0]","450.0 [440.0, 450.0]","432.7 [400, 450]","420.0 [420.0, 430.0]","nan [nan, nan]",,,,,"400.0 [400.0, 400.0]",,,"400.0 [400.0, 400.0]","450.0 [450.0, 450.0]",,"420.7 [400, 450]"
"Time to extubation (hrs), median [Q1, Q3]","29.7 [10.2, 79.9]","34.1 [11.6, 91.1]","42.0 [15.9, 113.7]","22.0 [7.8, 67.0]","34.2 [13.2, 88.9]","17.8 [6.7, 49.1]","22.8 [11.7, 63.7]","32.8 [6.4, 112.9]","40.4 [18.6, 88.9]","22.6 [11.0, 61.6]","35.4 [12.6, 92.5]","24.7 [9.5, 74.8]","30.8 [6.4, 113.7]",,,,,,,,,,,"41.5 [15.7, 96.8]",,"41.5 [15.7, 96.8]",,,,,,,,,,"20.7 [11.5, 53.1]","37.3 [15.1, 109.8]",,"33.3 [11.5, 109.8]",,,,,,,,,,"21.5 [11.6, 51.9]","34.3 [12.7, 96.5]",,"30.1 [11.6, 96.5]",,,,,,,,,,"20.8 [10.8, 47.9]","37.2 [12.2, 101.8]",,"32.7 [10.8, 101.8]",,,,,,,,,,"20.3 [10.5, 49.4]","34.2 [12.4, 94.0]",,"30.6 [10.5, 94]",,,,,,"14.6 [5.7, 38.0]",,,,"20.6 [10.2, 55.6]","32.0 [11.4, 90.5]",,"25.5 [5.7, 90.5]",,"23.4 [8.6, 71.3]",,,,"15.8 [6.2, 42.3]",,"37.8 [17.5, 124.6]",,"20.9 [11.0, 50.5]","39.1 [13.9, 94.9]","23.6 [10.5, 68.0]","28.6 [6.2, 124.6]",,"27.9 [10.6, 76.4]",,,"26.7 [11.4, 74.6]","15.9 [5.8, 43.0]","21.0 [10.6, 57.6]","61.2 [20.4, 147.5]","25.2 [13.4, 56.9]","22.2 [12.3, 61.2]","33.1 [10.9, 77.7]","24.9 [10.8, 71.0]","27.9 [5.8, 147.5]",,"34.7 [12.6, 85.7]",,,"30.0 [12.4, 75.2]","16.4 [6.3, 44.0]","21.8 [10.4, 63.2]","33.1 [6.1, 117.4]","28.4 [14.5, 61.9]","25.7 [12.3, 69.4]","29.0 [12.0, 72.9]","24.6 [10.4, 70.0]","27.6 [6.1, 117.4]",,"44.0 [15.3, 123.4]",,,"42.8 [15.0, 125.5]","20.9 [7.7, 61.0]","31.0 [12.8, 107.5]","63.7 [7.6, 211.0]","39.4 [18.8, 90.5]","26.9 [13.3, 69.6]","41.0 [15.9, 112.2]","27.9 [12.0, 89.0]","37.3 [7.6, 211]",,"37.6 [11.9, 103.5]",,,"34.9 [13.2, 88.8]","19.3 [7.3, 53.0]","23.1 [12.4, 66.9]","48.2 [4.9, 238.9]","39.0 [17.2, 87.3]","23.2 [10.2, 67.3]","43.2 [16.0, 141.3]","26.2 [9.6, 87.3]","33.2 [4.9, 238.9]","43.1 [11.7, 117.7]","36.5 [12.2, 97.4]",,,"36.7 [13.8, 94.0]","18.5 [7.0, 50.5]","22.1 [12.5, 58.0]","50.5 [5.0, 70.0]","41.6 [18.7, 87.2]","22.1 [9.1, 65.0]","33.5 [12.7, 81.3]","28.2 [9.7, 85.4]","33.1 [5, 117.7]","34.4 [13.4, 88.4]","32.0 [10.6, 90.2]",,"21.6 [7.8, 65.7]","34.5 [13.5, 81.2]","20.1 [7.0, 55.9]","24.2 [13.2, 65.0]","25.4 [6.9, 67.3]","60.0 [28.3, 125.3]","21.9 [9.6, 64.7]","35.8 [13.1, 84.6]","24.8 [8.6, 76.2]","31.1 [6.9, 125.3]","32.9 [12.7, 80.8]","32.0 [10.4, 86.8]",,"22.2 [7.9, 67.8]","32.1 [12.3, 81.7]","20.7 [8.0, 59.0]","21.6 [11.0, 57.7]","17.0 [4.5, 82.9]","59.2 [30.0, 121.8]","25.5 [11.9, 67.3]","35.4 [12.2, 85.9]","21.4 [7.9, 67.9]","29.6 [4.5, 121.8]","23.2 [7.8, 70.5]","34.0 [10.9, 86.7]",,,"33.8 [13.2, 85.9]","17.0 [4.6, 24.0]","22.5 [11.5, 55.6]","23.1 [5.5, 51.1]",,"25.2 [10.4, 69.1]","26.0 [8.3, 82.1]","22.7 [7.7, 66.4]","26.2 [4.6, 86.7]","19.5 [5.9, 57.4]","30.1 [10.0, 77.8]",,,,,"22.7 [8.0, 59.5]",,,"25.6 [11.9, 91.6]","20.6 [7.1, 46.1]",,"24.2 [5.9, 91.6]"
  Extubation outcome: extubated,"13,876 (59.7%)","25,781 (61.8%)","22,332 (62.5%)","3,396 (52.3%)","21,823 (56.3%)","17,807 (81.7%)","8,996 (64.3%)",937 (69.0%),"9,607 (52.2%)","19,183 (71.7%)","27,846 (57.7%)","30,405 (61.6%)","201,989 (62.0%)",,,,,,,,,,,796 (54.9%),,796 (54.9%),,,,,,,,,,795 (75.9%),"1,330 (55.8%)",,"2,125 (61.9%)",,,,,,,,,,"1,237 (73.6%)","1,523 (59.2%)",,"2,760 (64.9%)",,,,,,,,,,"1,268 (75.0%)","1,651 (56.7%)",,"2,919 (63.4%)",,,,,,,,,,"1,296 (73.2%)","1,935 (60.1%)",,"3,231 (64.7%)",,,,,,"2,059 (83.0%)",,,,"1,349 (76.5%)","2,114 (59.6%)",,"5,522 (70.9%)",,"1,451 (62.8%)",,,,"1,979 (83.3%)",,104 (69.3%),,"1,338 (75.0%)","2,124 (59.2%)","1,768 (62.2%)","8,764 (67.2%)",,"2,864 (62.7%)",,,"1,922 (56.6%)","2,152 (83.9%)","1,147 (62.1%)",88 (69.3%),"1,225 (58.5%)","1,330 (69.9%)","2,089 (58.1%)","3,573 (61.0%)","16,390 (63.2%)",,"2,819 (63.1%)",,,"2,209 (56.9%)","2,107 (81.0%)","1,223 (66.2%)",114 (69.9%),"1,287 (56.6%)","1,340 (68.1%)","2,110 (58.2%)","3,732 (63.3%)","16,941 (63.4%)",,"3,050 (63.6%)",,,"2,625 (58.0%)","1,954 (81.1%)","1,154 (62.1%)",82 (67.2%),"1,334 (52.9%)","1,365 (69.1%)","2,080 (57.2%)","3,528 (62.2%)","17,172 (62.4%)",,"2,953 (61.0%)",,,"2,560 (54.9%)","1,903 (79.7%)",991 (64.0%),97 (66.9%),"1,405 (50.6%)","1,555 (72.3%)","2,003 (56.6%)","3,572 (63.0%)","17,039 (61.5%)",841 (56.2%),"2,860 (62.6%)",,,"2,668 (55.6%)","1,803 (79.7%)",952 (63.4%),103 (71.5%),"1,604 (55.9%)","1,463 (70.2%)","1,956 (58.8%)","3,618 (61.9%)","17,868 (61.8%)","3,742 (61.9%)","2,930 (61.5%)",,"1,789 (53.9%)","3,076 (55.6%)","1,797 (82.4%)",968 (64.4%),119 (68.4%),"1,417 (48.2%)","1,550 (69.9%)","1,980 (57.6%)","3,705 (62.7%)","23,073 (60.7%)","4,027 (59.6%)","2,859 (60.3%)",,"1,607 (50.6%)","3,379 (57.0%)","1,950 (83.4%)","1,114 (66.7%)",138 (67.6%),"1,335 (45.5%)","1,521 (70.3%)","1,980 (55.7%)","3,638 (60.8%)","23,548 (59.7%)","4,341 (58.9%)","2,800 (60.4%)",,,"3,384 (56.1%)",103 (49.8%),"1,138 (65.9%)",92 (71.3%),,"1,596 (70.2%)","1,924 (56.2%)","3,271 (57.8%)","18,649 (59.3%)",925 (58.1%),"1,195 (58.8%)",,,,,309 (62.9%),,,180 (66.9%),251 (53.5%),,"2,860 (58.9%)"
"  Extubation outcome: died, no extubation recorded","4,224 (18.2%)","7,350 (17.6%)","5,349 (15.0%)",589 (9.1%),"6,107 (15.8%)","2,067 (9.5%)","2,443 (17.5%)",31 (2.3%),"3,584 (19.5%)","2,730 (10.2%)","7,322 (15.2%)","7,548 (15.3%)","49,344 (15.2%)",,,,,,,,,,,181 (12.5%),,181 (12.5%),,,,,,,,,,110 (10.5%),275 (11.5%),,385 (11.2%),,,,,,,,,,190 (11.3%),330 (12.8%),,520 (12.2%),,,,,,,,,,176 (10.4%),440 (15.1%),,616 (13.4%),,,,,,,,,,182 (10.3%),442 (13.7%),,624 (12.5%),,,,,,167 (6.7%),,,,152 (8.6%),480 (13.5%),,799 (10.2%),,339 (14.7%),,,,188 (7.9%),,<10,,180 (10.1%),532 (14.8%),376 (13.2%),"1,615 (12.5%)",,787 (17.2%),,,487 (14.3%),217 (8.5%),344 (18.6%),<10,355 (17.0%),206 (10.8%),526 (14.6%),834 (14.2%),"3,756 (14.5%)",,788 (17.6%),,,530 (13.6%),241 (9.3%),291 (15.7%),<10,404 (17.8%),210 (10.7%),479 (13.2%),811 (13.8%),"3,754 (14.1%)",,960 (20.0%),,,827 (18.3%),248 (10.3%),421 (22.7%),<10,527 (20.9%),236 (11.9%),676 (18.6%),967 (17.1%),"4,862 (17.8%)",,911 (18.8%),,,888 (19.1%),282 (11.8%),291 (18.8%),<10,578 (20.8%),230 (10.7%),712 (20.1%),970 (17.1%),"4,862 (17.6%)",346 (23.1%),770 (16.8%),,,877 (18.3%),261 (11.5%),312 (20.8%),<10,555 (19.3%),224 (10.7%),560 (16.8%),972 (16.6%),"4,877 (16.9%)","1,169 (19.3%)",822 (17.3%),,317 (9.5%),846 (15.3%),215 (9.9%),240 (16.0%),<10,566 (19.3%),199 (9.0%),539 (15.7%),886 (15.0%),"5,799 (15.3%)","1,192 (17.7%)",843 (17.8%),,272 (8.6%),825 (13.9%),230 (9.8%),252 (15.1%),,599 (20.4%),187 (8.6%),542 (15.2%),911 (15.2%),"5,853 (14.9%)","1,214 (16.5%)",808 (17.4%),,,827 (13.7%),18 (8.7%),223 (12.9%),,,223 (9.8%),523 (15.3%),821 (14.5%),"4,657 (14.9%)",303 (19.0%),322 (15.8%),,,,,69 (14.1%),,,25 (9.3%),85 (18.1%),,804 (16.5%)
  Extubation outcome: other,"5,156 (22.2%)","8,606 (20.6%)","8,048 (22.5%)","2,513 (38.7%)","10,833 (27.9%)","1,932 (8.9%)","2,552 (18.2%)",389 (28.6%),"5,210 (28.3%)","4,829 (18.0%)","13,116 (27.2%)","11,381 (23.1%)","74,497 (22.9%)",,,,,,,,,,,474 (32.7%),,474 (32.7%),,,,,,,,,,142 (13.6%),780 (32.7%),,922 (26.9%),,,,,,,,,,254 (15.1%),720 (28.0%),,974 (22.9%),,,,,,,,,,246 (14.6%),821 (28.2%),,"1,067 (23.2%)",,,,,,,,,,292 (16.5%),843 (26.2%),,"1,135 (22.7%)",,,,,,254 (10.2%),,,,263 (14.9%),951 (26.8%),,"1,468 (18.8%)",,520 (22.5%),,,,208 (8.8%),,41 (27.3%),,265 (14.9%),929 (25.9%),697 (24.5%),"2,660 (20.4%)",,920 (20.1%),,,989 (29.1%),196 (7.6%),356 (19.3%),35 (27.6%),514 (24.5%),367 (19.3%),982 (27.3%),"1,451 (24.8%)","5,810 (22.4%)",,863 (19.3%),,,"1,144 (29.5%)",252 (9.7%),334 (18.1%),40 (24.5%),581 (25.6%),417 (21.2%),"1,035 (28.5%)","1,354 (23.0%)","6,020 (22.5%)",,787 (16.4%),,,"1,077 (23.8%)",207 (8.6%),282 (15.2%),31 (25.4%),660 (26.2%),375 (19.0%),883 (24.3%),"1,175 (20.7%)","5,477 (19.9%)",,976 (20.2%),,,"1,211 (26.0%)",203 (8.5%),266 (17.2%),43 (29.7%),792 (28.5%),367 (17.1%),823 (23.3%),"1,129 (19.9%)","5,810 (21.0%)",310 (20.7%),942 (20.6%),,,"1,254 (26.1%)",199 (8.8%),238 (15.8%),34 (23.6%),710 (24.7%),397 (19.0%),809 (24.3%),"1,256 (21.5%)","6,149 (21.3%)","1,139 (18.8%)","1,011 (21.2%)",,"1,215 (36.6%)","1,612 (29.1%)",168 (7.7%),296 (19.7%),43 (24.7%),956 (32.5%),468 (21.1%),920 (26.8%),"1,322 (22.4%)","9,150 (24.1%)","1,533 (22.7%)","1,043 (22.0%)",,"1,298 (40.9%)","1,726 (29.1%)",159 (6.8%),305 (18.3%),62 (30.4%),997 (34.0%),456 (21.1%),"1,034 (29.1%)","1,433 (23.9%)","10,046 (25.5%)","1,811 (24.6%)","1,027 (22.2%)",,,"1,820 (30.2%)",86 (41.6%),365 (21.1%),37 (28.7%),,456 (20.1%),979 (28.6%),"1,564 (27.6%)","8,145 (25.9%)",363 (22.8%),517 (25.4%),,,,,103 (21.0%),,,59 (21.9%),127 (27.1%),,"1,107 (22.8%)"
"Pre-admit IMV (excluded from time-to-extubation), n (%)","6,555 (6.5%)","6,308 (3.9%)","23,564 (26.2%)",804 (4.7%),"5,619 (4.4%)","10,893 (16.0%)","3,980 (6.0%)",840 (1.4%),"5,529 (11.1%)","7,267 (9.4%)","10,099 (4.6%)","11,597 (5.9%)","93,055 (7.5%)",,,,,,,,,,,313 (5.5%),,313 (5.5%),,,,,,,,,,307 (9.9%),473 (4.9%),,780 (6.1%),,,,,,,,,,462 (8.8%),487 (4.6%),,949 (6.0%),,,,,,,,,,469 (9.0%),562 (4.1%),,"1,031 (5.4%)",,,,,,,,,,421 (7.5%),656 (4.1%),,"1,077 (5.0%)",,,,,,"1,203 (16.5%)",,,,461 (8.0%),802 (4.9%),,"2,466 (8.4%)",,338 (3.5%),,,,"1,206 (17.3%)",,94 (1.4%),,495 (8.6%),773 (4.5%),695 (6.0%),"3,601 (6.3%)",,721 (3.7%),,,533 (4.4%),"1,356 (19.0%)",633 (6.8%),80 (1.3%),481 (7.4%),476 (8.6%),795 (4.5%),"1,468 (5.9%)","6,543 (6.0%)",,695 (3.7%),,,578 (4.2%),"1,318 (16.3%)",620 (6.7%),102 (1.6%),503 (7.2%),595 (10.7%),781 (4.4%),"1,448 (5.6%)","6,640 (5.9%)",,724 (4.1%),,,583 (4.1%),"1,241 (17.5%)",619 (7.9%),67 (1.1%),825 (11.9%),586 (11.2%),839 (5.4%),"1,376 (6.4%)","6,860 (6.7%)",,745 (4.3%),,,677 (4.5%),"1,297 (19.0%)",439 (5.9%),75 (1.2%),849 (11.5%),582 (10.3%),737 (5.1%),"1,409 (6.1%)","6,810 (6.6%)",585 (9.9%),664 (3.8%),,,678 (4.3%),"1,147 (17.4%)",368 (5.2%),103 (1.6%),896 (12.7%),574 (10.0%),686 (4.7%),"1,405 (5.8%)","7,106 (6.4%)","1,746 (6.9%)",701 (3.8%),,437 (5.1%),747 (4.1%),969 (15.2%),361 (4.8%),115 (1.6%),"1,033 (14.4%)",614 (10.5%),728 (4.8%),"1,376 (6.2%)","8,827 (6.2%)","1,922 (6.9%)",677 (3.8%),,367 (4.2%),910 (5.0%),"1,034 (15.2%)",409 (5.2%),119 (1.6%),942 (12.5%),559 (9.6%),735 (4.6%),"1,293 (5.8%)","8,967 (6.1%)","1,879 (5.6%)",716 (3.9%),,,913 (4.9%),122 (2.4%),422 (5.2%),85 (1.4%),,597 (9.5%),643 (3.9%),"1,127 (5.2%)","6,504 (4.8%)",423 (5.2%),327 (4.0%),,,,,109 (4.9%),,,69 (8.4%),89 (3.8%),,"1,017 (4.7%)"
"Intubated ≤24hr of admission, n (%)","3,292 (3.3%)","12,621 (7.7%)","2,505 (2.8%)","1,145 (6.7%)","8,536 (6.7%)","4,479 (6.6%)","2,682 (4.0%)",<10,"4,653 (9.4%)","5,384 (7.0%)","10,214 (4.7%)","8,984 (4.5%)","64,495 (5.5%)",,,,,,,,,,,236 (4.1%),,236 (4.1%),,,,,,,,,,230 (7.4%),414 (4.3%),,644 (5.0%),,,,,,,,,,357 (6.8%),494 (4.6%),,851 (5.4%),,,,,,,,,,379 (7.3%),614 (4.5%),,993 (5.2%),,,,,,,,,,395 (7.0%),728 (4.5%),,"1,123 (5.2%)",,,,,,507 (7.0%),,,,357 (6.2%),736 (4.5%),,"1,600 (5.4%)",,695 (7.2%),,,,444 (6.4%),,0 (0.0%),,363 (6.3%),774 (4.5%),514 (4.4%),"2,790 (4.9%)",,"1,398 (7.2%)",,,772 (6.4%),478 (6.7%),311 (3.4%),0 (0.0%),465 (7.1%),398 (7.2%),736 (4.1%),"1,057 (4.2%)","5,615 (5.2%)",,"1,399 (7.4%)",,,879 (6.3%),527 (6.5%),301 (3.3%),0 (0.0%),527 (7.6%),374 (6.7%),705 (4.0%),"1,109 (4.3%)","5,821 (5.2%)",,"1,504 (8.5%)",,,"1,186 (8.3%)",447 (6.3%),302 (3.9%),0 (0.0%),634 (9.2%),417 (7.9%),833 (5.3%),"1,057 (4.9%)","6,380 (6.2%)",,"1,472 (8.4%)",,,"1,019 (6.7%)",428 (6.3%),298 (4.0%),0 (0.0%),694 (9.4%),455 (8.0%),775 (5.4%),995 (4.3%),"6,136 (5.9%)",167 (2.8%),"1,478 (8.5%)",,,"1,085 (6.8%)",458 (6.9%),299 (4.2%),0 (0.0%),755 (10.7%),396 (6.9%),804 (5.5%),"1,062 (4.4%)","6,504 (5.9%)",843 (3.3%),"1,406 (7.7%)",,573 (6.8%),"1,221 (6.7%)",574 (9.0%),317 (4.3%),<10,779 (10.8%),403 (6.9%),747 (4.9%),"1,057 (4.7%)","7,920 (5.9%)",916 (3.3%),"1,384 (7.7%)",,572 (6.6%),"1,187 (6.5%)",581 (8.5%),348 (4.4%),<10,799 (10.6%),391 (6.7%),780 (4.9%),"1,116 (5.0%)","8,074 (5.8%)","1,126 (3.4%)","1,321 (7.2%)",,,"1,187 (6.4%)",35 (0.7%),394 (4.9%),0 (0.0%),,417 (6.6%),725 (4.4%),"1,017 (4.6%)","6,222 (4.6%)",240 (2.9%),564 (6.9%),,,,,112 (5.0%),,,52 (6.3%),113 (4.9%),,"1,081 (5.0%)"
"Reintubation (≥2 IMV episodes), n (%)","4,059 (4.0%)","5,403 (3.3%)","3,216 (3.6%)",651 (3.8%),"4,579 (3.6%)","2,138 (3.1%)","1,947 (2.9%)",154 (0.3%),"2,448 (4.9%)","4,448 (5.8%)","4,885 (2.2%)","6,926 (3.5%)","40,854 (3.3%)",,,,,,,,,,,170 (3.0%),,170 (3.0%),,,,,,,,,,172 (5.5%),262 (2.7%),,434 (3.4%),,,,,,,,,,255 (4.8%),279 (2.6%),,534 (3.4%),,,,,,,,,,287 (5.5%),329 (2.4%),,616 (3.3%),,,,,,,,,,270 (4.8%),357 (2.2%),,627 (2.9%),,,,,,185 (2.5%),,,,316 (5.5%),365 (2.2%),,866 (2.9%),,281 (2.9%),,,,195 (2.8%),,24 (0.4%),,309 (5.4%),378 (2.2%),411 (3.5%),"1,598 (2.8%)",,534 (2.8%),,,369 (3.0%),218 (3.1%),229 (2.5%),13 (0.2%),274 (4.2%),308 (5.6%),345 (1.9%),844 (3.4%),"3,134 (2.9%)",,602 (3.2%),,,491 (3.5%),231 (2.9%),233 (2.5%),15 (0.2%),301 (4.3%),314 (5.7%),351 (2.0%),881 (3.4%),"3,419 (3.0%)",,722 (4.1%),,,560 (3.9%),258 (3.6%),294 (3.8%),<10,354 (5.1%),331 (6.3%),367 (2.4%),860 (4.0%),"3,746 (3.9%)",,652 (3.7%),,,527 (3.5%),290 (4.2%),224 (3.0%),13 (0.2%),356 (4.8%),377 (6.7%),364 (2.5%),819 (3.5%),"3,622 (3.5%)",262 (4.4%),595 (3.4%),,,505 (3.2%),228 (3.4%),253 (3.6%),17 (0.3%),428 (6.1%),328 (5.7%),315 (2.2%),801 (3.3%),"3,732 (3.4%)",940 (3.7%),553 (3.0%),,337 (4.0%),600 (3.3%),228 (3.6%),185 (2.5%),25 (0.4%),388 (5.4%),392 (6.7%),326 (2.1%),789 (3.5%),"4,763 (3.4%)","1,050 (3.8%)",586 (3.3%),,314 (3.6%),782 (4.3%),298 (4.4%),225 (2.9%),24 (0.3%),347 (4.6%),360 (6.2%),342 (2.2%),783 (3.5%),"5,111 (3.5%)","1,504 (4.5%)",612 (3.4%),,,745 (4.0%),<10,240 (3.0%),16 (0.3%),,381 (6.0%),314 (1.9%),738 (3.4%),"4,550 (3.5%)",303 (3.7%),266 (3.3%),,,,,64 (2.9%),,,48 (5.8%),21 (0.9%),,702 (3.2%)
"  Time to reintubation (hrs), median [Q1, Q3]","4.8 [2.3, 32.3]","23.6 [4.7, 100.2]","37.0 [11.6, 107.0]","27.4 [7.5, 117.2]","16.3 [3.8, 89.2]","47.1 [13.0, 123.6]","35.2 [10.2, 120.7]","28.7 [7.1, 108.5]","25.2 [5.4, 89.3]","14.4 [3.0, 80.4]","24.4 [6.1, 97.4]","15.3 [3.6, 82.8]","22.8 [2.3, 123.6]",,,,,,,,,,,"31.8 [7.7, 92.3]",,"31.8 [7.7, 92.3]",,,,,,,,,,"26.9 [4.9, 75.2]","27.2 [8.8, 104.0]",,"27.1 [4.9, 104]",,,,,,,,,,"23.1 [4.4, 92.6]","30.2 [7.6, 96.7]",,"27.8 [4.4, 96.7]",,,,,,,,,,"19.3 [4.0, 98.0]","23.1 [5.4, 90.1]",,"22.1 [4, 98]",,,,,,,,,,"12.0 [3.0, 75.3]","16.6 [4.3, 77.8]",,"15.4 [3, 77.8]",,,,,,"55.0 [19.5, 120.7]",,,,"9.3 [2.5, 76.2]","14.8 [4.5, 79.4]",,"23.7 [2.5, 120.7]",,"17.2 [4.5, 70.7]",,,,"51.3 [19.5, 116.9]",,"33.6 [14.0, 97.5]",,"14.0 [2.9, 82.6]","21.6 [5.3, 87.1]","20.6 [4.2, 90.8]","24.9 [2.9, 116.9]",,"24.1 [4.6, 85.7]",,,"15.5 [3.7, 85.7]","58.9 [20.0, 135.0]","36.0 [9.7, 110.1]","15.3 [5.6, 72.0]","29.9 [8.1, 108.0]","14.2 [2.0, 77.1]","24.6 [7.2, 101.1]","13.6 [4.0, 81.2]","23.5 [2, 135]",,"25.0 [4.3, 104.3]",,,"14.1 [3.3, 79.9]","45.0 [13.2, 148.0]","40.2 [11.5, 113.4]","29.0 [4.6, 59.9]","25.4 [7.0, 99.6]","16.5 [3.0, 75.2]","22.0 [5.0, 89.9]","12.9 [3.3, 71.0]","22.9 [3, 148]",,"16.5 [4.7, 77.6]",,,"15.1 [3.2, 72.2]","42.7 [13.1, 137.6]","50.5 [13.6, 145.9]","20.1 [9.1, 128.8]","25.5 [4.8, 84.1]","8.9 [2.0, 71.7]","22.9 [6.6, 91.4]","13.6 [3.0, 61.4]","21.5 [2, 145.9]",,"24.4 [4.7, 101.9]",,,"20.3 [3.9, 82.6]","32.6 [8.0, 85.2]","26.0 [9.5, 94.0]","12.7 [6.5, 71.8]","27.0 [4.8, 73.7]","12.1 [2.6, 75.4]","23.7 [6.0, 111.4]","10.9 [3.0, 73.5]","20.2 [2.6, 111.4]","5.7 [2.9, 31.5]","19.7 [4.7, 94.5]",,,"18.9 [5.0, 91.6]","50.1 [17.7, 131.2]","45.6 [11.1, 133.8]","12.0 [3.5, 86.8]","23.8 [4.7, 84.9]","9.0 [2.5, 89.2]","35.3 [5.7, 112.5]","18.3 [3.6, 97.2]","23.3 [2.5, 133.8]","8.1 [3.3, 56.1]","21.6 [4.1, 96.4]",,"33.0 [10.2, 131.8]","21.1 [4.4, 99.6]","51.4 [12.9, 143.5]","29.8 [8.7, 81.2]","49.9 [21.5, 143.4]","21.4 [5.5, 104.2]","13.5 [3.0, 79.2]","25.6 [7.4, 106.8]","21.1 [4.0, 91.7]","23.0 [3, 143.5]","5.2 [2.5, 37.5]","38.6 [5.6, 129.2]",,"24.4 [6.1, 93.7]","11.7 [3.3, 82.0]","39.6 [9.4, 117.8]","39.5 [10.4, 138.7]","14.8 [4.6, 49.7]","24.9 [4.0, 84.4]","16.2 [3.9, 98.8]","29.9 [7.0, 99.8]","20.6 [4.1, 100.2]","21.6 [2.5, 138.7]","3.9 [1.8, 14.4]","34.0 [6.2, 120.3]",,,"21.2 [4.0, 99.8]","20.0 [17.0, 46.6]","26.9 [9.5, 107.3]","90.1 [24.2, 249.7]",,"25.3 [3.9, 92.4]","39.8 [9.3, 123.4]","16.6 [3.9, 84.0]","23.9 [1.8, 249.7]","4.0 [1.9, 11.2]","21.6 [4.3, 96.7]",,,,,"26.1 [6.6, 78.8]",,,"9.7 [2.6, 79.1]","16.5 [7.7, 48.6]",,"14.4 [1.9, 96.7]"
"  Extubation failure ≤48hr, n (% of extubated)","3,190 (23.0%)","3,302 (12.8%)","1,790 (8.0%)",379 (11.2%),"2,922 (13.4%)","1,081 (6.1%)","1,079 (12.0%)",90 (9.6%),"1,526 (15.9%)","2,906 (15.1%)","2,982 (10.7%)","4,551 (15.0%)","25,798 (12.8%)",,,,,,,,,,,101 (12.7%),,101 (12.7%),,,,,,,,,,101 (12.7%),151 (11.4%),,252 (11.9%),,,,,,,,,,160 (12.9%),161 (10.6%),,321 (11.6%),,,,,,,,,,182 (14.4%),201 (12.2%),,383 (13.2%),,,,,,,,,,179 (13.8%),235 (12.1%),,414 (12.8%),,,,,,84 (4.1%),,,,212 (15.7%),242 (11.4%),,538 (9.7%),,179 (12.3%),,,,93 (4.7%),,14 (13.5%),,206 (15.4%),242 (11.4%),255 (14.4%),989 (11.3%),,337 (11.8%),,,234 (12.2%),90 (4.2%),131 (11.4%),<10,161 (13.1%),203 (15.3%),215 (10.3%),554 (15.5%),"1,925 (11.8%)",,367 (13.0%),,,317 (14.4%),120 (5.7%),122 (10.0%),11 (9.6%),183 (14.2%),208 (15.5%),225 (10.7%),619 (16.6%),"2,172 (12.8%)",,478 (15.7%),,,374 (14.2%),134 (6.9%),145 (12.6%),<10,219 (16.4%),222 (16.3%),239 (11.5%),604 (17.1%),"2,415 (14.1%)",,400 (13.5%),,,336 (13.1%),173 (9.1%),139 (14.0%),<10,228 (16.2%),250 (16.1%),214 (10.7%),555 (15.5%),"2,295 (13.5%)",214 (25.4%),373 (13.0%),,,316 (11.8%),113 (6.3%),132 (13.9%),<10,271 (16.9%),226 (15.4%),173 (8.8%),500 (13.8%),"2,318 (13.0%)",681 (18.2%),347 (11.8%),,187 (10.5%),373 (12.1%),110 (6.1%),108 (11.2%),11 (9.2%),243 (17.1%),255 (16.5%),194 (9.8%),506 (13.7%),"3,015 (13.1%)",816 (20.3%),309 (10.8%),,192 (11.9%),522 (15.4%),159 (8.2%),121 (10.9%),18 (13.0%),221 (16.6%),234 (15.4%),200 (10.1%),479 (13.2%),"3,271 (13.9%)","1,226 (28.2%)",342 (12.2%),,,450 (13.3%),<10,143 (12.6%),<10,,235 (14.7%),174 (9.0%),479 (14.6%),"3,049 (16.5%)",253 (27.4%),170 (14.2%),,,,,38 (12.3%),,,33 (18.3%),15 (6.0%),,509 (17.8%)
"28-day VFD (IMV encounters), n (%)","23,256 (23.0%)","41,737 (25.6%)","35,729 (39.8%)","6,498 (37.9%)","38,763 (30.6%)","21,806 (31.9%)","13,994 (21.1%)","1,358 (2.3%)","18,401 (37.1%)","26,742 (34.6%)","48,284 (22.0%)","49,334 (24.9%)","325,902 (26.4%)",,,,,,,,,,,"1,451 (25.3%)",,"1,451 (25.3%)",,,,,,,,,,"1,047 (33.7%)","2,385 (24.7%)",,"3,432 (26.9%)",,,,,,,,,,"1,681 (31.9%)","2,573 (24.2%)",,"4,254 (26.7%)",,,,,,,,,,"1,690 (32.5%)","2,912 (21.2%)",,"4,602 (24.3%)",,,,,,,,,,"1,770 (31.5%)","3,220 (20.0%)",,"4,990 (23.0%)",,,,,,"2,480 (34.0%)",,,,"1,764 (30.7%)","3,545 (21.7%)",,"7,789 (26.5%)",,"2,310 (24.0%)",,,,"2,375 (34.1%)",,150 (2.3%),,"1,783 (30.9%)","3,585 (21.0%)","2,841 (24.5%)","13,044 (22.7%)",,"4,571 (23.7%)",,,"3,398 (28.1%)","2,565 (36.0%)","1,847 (19.9%)",127 (2.1%),"2,094 (32.0%)","1,903 (34.4%)","3,597 (20.2%)","5,858 (23.4%)","25,960 (23.9%)",,"4,470 (23.6%)",,,"3,883 (27.9%)","2,600 (32.2%)","1,848 (20.0%)",163 (2.5%),"2,272 (32.7%)","1,967 (35.5%)","3,624 (20.6%)","5,897 (22.7%)","26,724 (23.7%)",,"4,797 (27.1%)",,,"4,529 (31.6%)","2,409 (34.0%)","1,857 (23.8%)",122 (2.1%),"2,521 (36.4%)","1,976 (37.7%)","3,639 (23.3%)","5,670 (26.2%)","27,520 (26.9%)",,"4,840 (27.6%)",,,"4,659 (30.7%)","2,388 (34.9%)","1,548 (20.8%)",145 (2.3%),"2,775 (37.5%)","2,152 (38.0%)","3,538 (24.5%)","5,671 (24.5%)","27,716 (26.7%)","1,497 (25.2%)","4,572 (26.4%)",,,"4,799 (30.3%)","2,263 (34.2%)","1,502 (21.2%)",144 (2.2%),"2,869 (40.6%)","2,084 (36.2%)","3,325 (22.9%)","5,846 (24.3%)","28,901 (26.1%)","6,050 (23.8%)","4,763 (26.0%)",,"3,321 (39.1%)","5,534 (30.4%)","2,180 (34.1%)","1,504 (20.2%)",174 (2.4%),"2,939 (40.9%)","2,217 (37.8%)","3,439 (22.5%)","5,913 (26.4%)","38,034 (26.8%)","6,752 (24.3%)","4,745 (26.5%)",,"3,177 (36.7%)","5,930 (32.3%)","2,339 (34.3%)","1,671 (21.2%)",204 (2.7%),"2,931 (39.0%)","2,164 (37.3%)","3,556 (22.4%)","5,982 (26.6%)","39,451 (26.9%)","7,366 (22.0%)","4,635 (25.4%)",,,"6,031 (32.5%)",207 (4.1%),"1,726 (21.5%)",129 (2.1%),,"2,275 (36.1%)","3,426 (20.7%)","5,656 (25.9%)","31,451 (23.4%)","1,591 (19.5%)","2,034 (25.0%)",,,,,491 (22.1%),,,269 (32.7%),469 (20.2%),,"4,854 (22.4%)"
"  VFD, median [Q1, Q3]","24 [0, 26]","24 [0, 26]","25 [9, 26]","26 [19, 27]","25 [0, 26]","26 [20, 27]","24 [0, 26]","25 [15, 26]","21 [0, 26]","25 [12, 27]","25 [1, 26]","25 [0, 26]","24.6 [0, 27]",,,,,,,,,,,"25 [10, 26]",,"25 [10, 26]",,,,,,,,,,"26 [14, 27]","25 [13, 26]",,"25.2 [13, 27]",,,,,,,,,,"26 [13, 27]","25 [11, 26]",,"25.3 [11, 27]",,,,,,,,,,"26 [13, 27]","25 [3, 26]",,"25.3 [3, 27]",,,,,,,,,,"26 [16, 27]","25 [8, 26]",,"25.3 [8, 27]",,,,,,"26 [24, 27]",,,,"26 [16, 27]","25 [7, 26]",,"25.4 [7, 27]",,"25 [0, 26]",,,,"26 [23, 27]",,"26 [19, 27]",,"26 [12, 27]","25 [2, 26]","25 [4, 26]","25.3 [0, 27]",,"24 [0, 26]",,,"26 [3, 27]","26 [23, 27]","24 [0, 26]","26 [20, 26]","25 [0, 26]","25 [12, 27]","25 [7, 26]","25 [0, 26]","25.0 [0, 27]",,"24 [0, 26]",,,"25 [1, 26]","26 [21, 27]","24 [0, 26]","26 [19, 26]","24 [0, 26]","25 [11, 27]","25 [10, 26]","25 [1, 26]","24.8 [0, 27]",,"21 [0, 26]",,,"23 [0, 26]","26 [18, 27]","20 [0, 26]","24 [14, 27]","21 [0, 26]","25 [6, 26]","23 [0, 26]","24 [0, 26]","22.9 [0, 27]",,"23 [0, 26]",,,"24 [0, 26]","26 [14, 27]","23 [0, 26]","25 [13, 26]","21 [0, 26]","25 [5, 27]","23 [0, 26]","25 [0, 26]","23.9 [0, 27]","23 [0, 26]","24 [0, 26]",,,"24 [0, 26]","26 [18, 27]","23 [0, 26]","24 [15, 26]","22 [0, 26]","26 [12, 27]","25 [0, 26]","25 [0, 26]","24.3 [0, 27]","24 [0, 26]","24 [0, 26]",,"26 [18, 27]","25 [0, 26]","26 [19, 27]","24 [0, 26]","25 [13, 26]","20 [0, 25]","26 [14, 27]","25 [0, 26]","25 [0, 26]","24.5 [0, 27]","24 [0, 26]","24 [0, 26]",,"26 [20, 27]","25 [0, 26]","26 [18, 27]","24 [0, 26]","26 [13, 26]","20 [0, 25]","25 [12, 26]","25 [3, 26]","25 [0, 26]","24.5 [0, 27]","24 [0, 26]","24 [0, 26]",,,"25 [0, 26]","25 [18, 26]","25 [3, 26]","25 [14, 26]",,"25 [11, 26]","25 [0, 26]","25 [0, 26]","24.6 [0, 26]","24 [0, 26]","24 [0, 26]",,,,,"24 [0, 26]",,,"25 [3, 26]","26 [0, 26]",,"24.3 [0, 26]"
"28-day NIDFD (NIPPV/HFNC encounters), n (%)","28,326 (28.1%)","46,416 (28.5%)","7,768 (8.6%)","6,418 (37.5%)","29,733 (23.5%)","9,536 (14.0%)","9,338 (14.1%)",592 (1.0%),"11,617 (23.4%)","11,242 (14.5%)","73,898 (33.7%)","62,319 (31.5%)","297,203 (24.1%)",,,,,,,,,,,"1,440 (25.1%)",,"1,440 (25.1%)",,,,,,,,,,303 (9.8%),"2,836 (29.4%)",,"3,139 (24.6%)",,,,,,,,,,584 (11.1%),"3,254 (30.6%)",,"3,838 (24.1%)",,,,,,,,,,592 (11.4%),"4,034 (29.4%)",,"4,626 (24.4%)",,,,,,,,,,644 (11.4%),"4,500 (28.0%)",,"5,144 (23.7%)",,,,,,"1,098 (15.1%)",,,,747 (13.0%),"4,748 (29.0%)",,"6,593 (22.4%)",,"2,218 (23.1%)",,,,994 (14.3%),,56 (0.9%),,717 (12.4%),"5,158 (30.2%)","2,823 (24.4%)","11,966 (20.8%)",,"4,762 (24.7%)",,,"2,184 (18.1%)","1,141 (16.0%)",933 (10.1%),56 (0.9%),"1,532 (23.4%)",812 (14.7%),"5,391 (30.2%)","6,308 (25.2%)","23,119 (21.3%)",,"5,108 (27.0%)",,,"2,820 (20.3%)","1,321 (16.3%)","1,025 (11.1%)",52 (0.8%),"1,717 (24.7%)",837 (15.1%),"5,434 (30.9%)","7,282 (28.1%)","25,596 (22.7%)",,"5,027 (28.4%)",,,"3,651 (25.5%)","1,129 (15.9%)","1,184 (15.2%)",37 (0.6%),"1,703 (24.6%)",866 (16.5%),"4,856 (31.1%)","6,149 (28.4%)","24,602 (24.0%)",,"5,200 (29.7%)",,,"3,681 (24.3%)","1,101 (16.1%)","1,115 (15.0%)",51 (0.8%),"1,879 (25.4%)",919 (16.2%),"5,880 (40.8%)","7,490 (32.4%)","27,316 (26.3%)","1,735 (29.2%)","4,997 (28.8%)",,,"3,462 (21.8%)","1,067 (16.1%)","1,082 (15.3%)",59 (0.9%),"1,706 (24.1%)",897 (15.6%),"5,708 (39.3%)","7,924 (33.0%)","28,637 (25.9%)","7,088 (27.9%)","5,273 (28.8%)",,"3,140 (37.0%)","4,100 (22.5%)","1,046 (16.4%)","1,078 (14.5%)",95 (1.3%),"1,437 (20.0%)","1,023 (17.4%)","6,180 (40.4%)","8,137 (36.4%)","38,597 (27.2%)","8,137 (29.2%)","5,468 (30.5%)",,"3,278 (37.9%)","4,719 (25.7%)",611 (9.0%),"1,189 (15.1%)",107 (1.4%),"1,643 (21.8%)","1,060 (18.3%)","6,489 (40.9%)","8,273 (36.8%)","40,974 (28.0%)","9,235 (27.5%)","5,693 (31.2%)",,,"5,116 (27.6%)",28 (0.6%),"1,335 (16.6%)",79 (1.3%),,"1,090 (17.3%)","6,985 (42.3%)","7,933 (36.3%)","37,494 (28.0%)","2,131 (26.1%)","2,670 (32.9%)",,,,,397 (17.8%),,,151 (18.4%),"1,005 (43.2%)",,"6,354 (29.3%)"
"  NIDFD, median [Q1, Q3]","24 [17, 26]","25 [14, 27]","25 [0, 27]","24 [17, 26]","23 [4, 26]","23 [13, 26]","23 [5, 26]","25 [20, 26]","24 [14, 26]","23 [1, 26]","25 [18, 27]","24 [17, 26]","24.2 [0, 27]",,,,,,,,,,,"25 [19, 27]",,"25 [19, 27]",,,,,,,,,,"23 [0, 27]","25 [19, 27]",,"24.5 [0, 27]",,,,,,,,,,"24 [3, 27]","25 [17, 27]",,"24.7 [3, 27]",,,,,,,,,,"24 [9, 27]","25 [19, 27]",,"24.7 [9, 27]",,,,,,,,,,"24 [5, 27]","25 [19, 27]",,"24.7 [5, 27]",,,,,,"24 [19, 26]",,,,"24 [9, 27]","25 [20, 27]",,"24.6 [9, 27]",,"25 [18, 27]",,,,"24 [16, 26]",,"26 [24, 27]",,"23 [6, 26]","25 [19, 27]","24 [17, 26]","24.6 [6, 27]",,"25 [16, 27]",,,"24 [7, 26]","24 [16, 26]","23 [10, 26]","26 [24, 27]","24 [13, 26]","24 [7, 26]","25 [20, 27]","25 [18, 26]","24.6 [7, 27]",,"25 [17, 27]",,,"24 [10, 26]","24 [14, 26]","23 [7, 26]","25 [18, 27]","24 [14, 26]","23 [2, 26]","25 [20, 27]","24 [18, 26]","24.3 [2, 27]",,"24 [11, 26]",,,"23 [4, 26]","23 [5, 26]","21 [0, 25]","26 [16, 27]","23 [12, 26]","23 [2, 26]","25 [14, 27]","24 [16, 26]","23.7 [0, 27]",,"24 [13, 27]",,,"22 [1, 26]","23 [5, 26]","23 [6, 26]","24 [20, 26]","24 [14, 26]","23 [1, 27]","24 [14, 26]","24 [16, 26]","23.5 [1, 27]","25 [16, 26]","24 [14, 26]",,,"23 [0, 26]","23 [1, 26]","23 [0, 26]","25 [20, 26]","24 [14, 26]","22 [1, 26]","25 [17, 27]","24 [17, 26]","23.9 [0, 27]","25 [16, 26]","24 [12, 26]",,"24 [17, 26]","23 [0, 26]","23 [3, 26]","24 [8, 26]","24 [18, 26]","24 [15, 26]","21 [0, 26]","25 [18, 27]","24 [17, 26]","24.0 [0, 27]","25 [17, 26]","25 [14, 27]",,"24 [17, 26]","23 [5, 26]","24 [15, 26]","24 [1, 26]","25 [18, 26]","24 [17, 26]","21 [0, 26]","25 [19, 27]","24 [17, 26]","24.2 [0, 27]","24 [17, 26]","25 [14, 26]",,,"24 [9, 26]","26 [22, 26]","24 [9, 26]","25 [16, 26]",,"21 [0, 26]","25 [20, 27]","24 [18, 26]","24.2 [0, 27]","24 [18, 26]","25 [15, 27]",,,,,"24 [17, 26]",,,"23 [0, 26]","25 [20, 27]",,"24.4 [0, 27]"
"Vasopressor encounters, n (%)","34,736 (34.4%)","43,979 (27.0%)","27,022 (30.1%)","6,155 (35.9%)","58,342 (46.1%)","31,095 (45.6%)","15,163 (22.8%)","15,924 (27.1%)","19,004 (38.3%)","27,230 (35.2%)","56,854 (25.9%)","59,664 (30.1%)","395,168 (32.0%)",,,,,,,,,,,829 (14.5%),,829 (14.5%),,,,,,,,,,785 (25.3%),"1,553 (16.1%)",,"2,338 (18.3%)",,,,,,,,,,"1,397 (26.5%)","1,917 (18.0%)",,"3,314 (20.8%)",,,,,,,,,,"1,436 (27.6%)","2,710 (19.7%)",,"4,146 (21.9%)",,,,,,,,<10,,"1,532 (27.2%)","3,291 (20.5%)",,"4,823 (22.2%)",,,,,,"2,582 (35.4%)",,99 (40.6%),,"1,637 (28.5%)","3,619 (22.1%)",,"7,937 (26.8%)",,"1,908 (19.9%)",,,,"2,510 (36.0%)",,"1,396 (21.5%)",,"1,720 (29.8%)","4,005 (23.4%)","3,033 (26.2%)","14,572 (25.3%)",,"4,102 (21.2%)",,,"4,309 (35.6%)","2,782 (39.0%)","1,590 (17.1%)","1,472 (24.5%)","1,639 (25.1%)","1,790 (32.3%)","4,206 (23.6%)","6,576 (26.3%)","28,466 (26.2%)",,"4,378 (23.2%)",,,"5,316 (38.2%)","3,116 (38.5%)","1,672 (18.1%)","1,545 (23.6%)","2,045 (29.4%)","1,999 (36.0%)","4,260 (24.2%)","6,700 (25.8%)","31,031 (27.5%)",,"4,811 (27.2%)",,,"5,918 (41.3%)","3,143 (44.3%)","1,795 (23.0%)","1,513 (25.8%)","2,377 (34.3%)","1,948 (37.1%)","4,440 (28.4%)","6,439 (29.7%)","32,384 (31.7%)",,"5,039 (28.8%)",,,"6,796 (44.8%)","3,304 (48.3%)","1,630 (21.9%)","1,785 (28.1%)","2,988 (40.4%)","2,399 (42.3%)","4,452 (30.9%)","6,827 (29.5%)","35,220 (33.9%)","1,778 (30.0%)","4,958 (28.6%)",,,"7,407 (46.7%)","3,249 (49.2%)","1,763 (24.9%)","1,997 (30.9%)","3,099 (43.8%)","2,395 (41.6%)","4,703 (32.4%)","7,135 (29.7%)","38,484 (34.8%)","7,239 (28.5%)","5,376 (29.3%)",,"3,095 (36.5%)","8,994 (49.5%)","3,198 (50.1%)","1,770 (23.8%)","2,089 (29.3%)","3,303 (46.0%)","2,518 (42.9%)","5,200 (34.0%)","7,555 (33.8%)","50,337 (35.4%)","7,820 (28.1%)","5,478 (30.5%)",,"3,060 (35.4%)","9,501 (51.8%)","3,556 (52.1%)","2,008 (25.5%)","2,330 (31.1%)","3,553 (47.2%)","2,543 (43.8%)","5,314 (33.5%)","7,969 (35.5%)","53,132 (36.2%)","14,150 (42.2%)","5,438 (29.8%)",,,"10,101 (54.4%)","3,655 (72.4%)","2,452 (30.5%)","1,694 (27.0%)",,"2,791 (44.3%)","5,560 (33.7%)","7,430 (34.0%)","53,271 (39.6%)","3,749 (45.9%)","2,491 (30.7%)",,,,,483 (21.7%),,,340 (41.4%),795 (34.2%),,"7,858 (36.3%)"
"  Norepinephrine, n (%)","28,358 (28.1%)","39,336 (24.1%)","15,121 (16.8%)","5,949 (34.7%)","41,372 (32.7%)","21,266 (31.2%)","13,393 (20.2%)","15,630 (26.6%)","12,650 (25.5%)","22,584 (29.2%)","36,946 (16.9%)","44,637 (22.5%)","297,242 (24.1%)",,,,,,,,,,,422 (7.4%),,422 (7.4%),,,,,,,,,,493 (15.9%),823 (8.5%),,"1,316 (10.3%)",,,,,,,,,,866 (16.4%),"1,028 (9.7%)",,"1,894 (11.9%)",,,,,,,,,,926 (17.8%),"1,347 (9.8%)",,"2,273 (12.0%)",,,,,,,,<10,,"1,049 (18.6%)","1,712 (10.6%)",,"2,761 (12.7%)",,,,,,"1,722 (23.6%)",,96 (39.3%),,"1,204 (20.9%)","2,004 (12.2%)",,"5,026 (17.0%)",,"1,402 (14.6%)",,,,"1,722 (24.7%)",,"1,357 (20.9%)",,"1,286 (22.3%)","2,380 (13.9%)","1,493 (12.9%)","9,640 (16.8%)",,"3,183 (16.5%)",,,"2,803 (23.2%)","1,866 (26.2%)","1,161 (12.5%)","1,436 (23.9%)","1,090 (16.7%)","1,393 (25.1%)","2,523 (14.2%)","3,434 (13.7%)","18,889 (17.4%)",,"3,644 (19.3%)",,,"3,360 (24.1%)","2,165 (26.8%)","1,336 (14.4%)","1,493 (22.8%)","1,386 (19.9%)","1,624 (29.3%)","2,526 (14.4%)","3,816 (14.7%)","21,350 (18.9%)",,"4,302 (24.3%)",,,"4,319 (30.1%)","2,156 (30.4%)","1,591 (20.4%)","1,478 (25.2%)","1,635 (23.6%)","1,694 (32.3%)","3,018 (19.3%)","4,558 (21.1%)","24,751 (24.2%)",,"4,557 (26.0%)",,,"4,755 (31.3%)","2,433 (35.6%)","1,439 (19.4%)","1,757 (27.7%)","1,942 (26.2%)","2,169 (38.3%)","3,227 (22.4%)","5,408 (23.4%)","27,687 (26.6%)","1,659 (28.0%)","4,556 (26.3%)",,,"5,210 (32.9%)","2,396 (36.3%)","1,572 (22.2%)","1,970 (30.5%)","2,058 (29.1%)","2,212 (38.4%)","3,277 (22.6%)","5,927 (24.7%)","30,837 (27.9%)","6,748 (26.5%)","4,991 (27.2%)",,"2,988 (35.2%)","6,376 (35.1%)","2,424 (38.0%)","1,601 (21.5%)","2,068 (29.1%)","2,170 (30.2%)","2,355 (40.1%)","3,687 (24.1%)","6,419 (28.7%)","41,827 (29.4%)","7,225 (26.0%)","5,179 (28.9%)",,"2,961 (34.2%)","7,017 (38.2%)","2,877 (42.2%)","1,887 (24.0%)","2,297 (30.7%)","2,369 (31.5%)","2,375 (40.9%)","3,873 (24.4%)","6,941 (30.9%)","45,001 (30.7%)","10,188 (30.4%)","5,146 (28.2%)",,,"7,532 (40.6%)","1,505 (29.8%)","2,344 (29.1%)","1,674 (26.7%)",,"2,619 (41.5%)","4,455 (27.0%)","6,641 (30.4%)","42,104 (31.3%)","2,538 (31.1%)","2,376 (29.2%)",,,,,462 (20.8%),,,319 (38.8%),644 (27.7%),,"6,339 (29.3%)"
"    Norepinephrine dose (mcg/kg/min), median [Q1, Q3]","0.05 [0.03, 0.06]","0.05 [0.03, 0.08]","0.07 [0.03, 0.10]","0.04 [0.02, 0.06]","0.05 [0.02, 0.07]","0.02 [0.02, 0.04]","0.06 [0.04, 0.09]","0.06 [0.04, 0.09]","0.08 [0.04, 0.12]","0.05 [0.03, 0.08]","0.04 [0.03, 0.07]","0.05 [0.03, 0.07]","0.1 [0.0, 0.1]",,,,,,,,,,,"0.06 [0.04, 0.10]",,"0.1 [0.0, 0.1]",,,,,,,,,,"0.06 [0.03, 0.08]","0.06 [0.03, 0.09]",,"0.1 [0.0, 0.1]",,,,,,,,,,"0.06 [0.04, 0.08]","0.06 [0.03, 0.09]",,"0.1 [0.0, 0.1]",,,,,,,,,,"0.06 [0.04, 0.08]","0.06 [0.03, 0.09]",,"0.1 [0.0, 0.1]",,,,,,,,"0.06 [0.02, 0.09]",,"0.06 [0.04, 0.08]","0.05 [0.03, 0.08]",,"0.1 [0.0, 0.1]",,,,,,"0.02 [0.01, 0.04]",,"0.07 [0.04, 0.12]",,"0.05 [0.03, 0.07]","0.05 [0.03, 0.07]",,"0.0 [0.0, 0.1]",,"0.07 [0.04, 0.10]",,,,"0.02 [0.01, 0.04]",,"0.06 [0.04, 0.09]",,"0.05 [0.03, 0.08]","0.05 [0.03, 0.07]","0.06 [0.03, 0.09]","0.1 [0.0, 0.1]",,"0.06 [0.04, 0.10]",,,"0.05 [0.03, 0.08]","0.02 [0.01, 0.04]","0.07 [0.05, 0.10]","0.06 [0.04, 0.08]","0.08 [0.05, 0.13]","0.05 [0.03, 0.08]","0.05 [0.03, 0.07]","0.05 [0.03, 0.08]","0.1 [0.0, 0.1]",,"0.06 [0.03, 0.10]",,,"0.05 [0.03, 0.07]","0.02 [0.02, 0.04]","0.06 [0.04, 0.08]","0.06 [0.04, 0.09]","0.08 [0.04, 0.12]","0.05 [0.03, 0.07]","0.05 [0.03, 0.07]","0.05 [0.03, 0.08]","0.1 [0.0, 0.1]",,"0.06 [0.03, 0.10]",,,"0.05 [0.02, 0.07]","0.02 [0.02, 0.04]","0.07 [0.04, 0.10]","0.06 [0.04, 0.08]","0.07 [0.04, 0.11]","0.05 [0.03, 0.08]","0.05 [0.03, 0.07]","0.05 [0.03, 0.07]","0.1 [0.0, 0.1]",,"0.06 [0.03, 0.09]",,,"0.05 [0.02, 0.08]","0.02 [0.02, 0.04]","0.06 [0.04, 0.09]","0.06 [0.03, 0.09]","0.08 [0.05, 0.12]","0.05 [0.03, 0.07]","0.04 [0.03, 0.07]","0.04 [0.02, 0.06]","0.0 [0.0, 0.1]","0.05 [0.03, 0.07]","0.05 [0.03, 0.08]",,,"0.05 [0.03, 0.08]","0.03 [0.02, 0.04]","0.07 [0.04, 0.09]","0.05 [0.03, 0.08]","0.08 [0.04, 0.12]","0.05 [0.03, 0.07]","0.04 [0.03, 0.06]","0.04 [0.02, 0.06]","0.0 [0.0, 0.1]","0.05 [0.03, 0.07]","0.05 [0.03, 0.08]",,"0.04 [0.02, 0.06]","0.05 [0.02, 0.07]","0.02 [0.02, 0.04]","0.06 [0.03, 0.09]","0.06 [0.03, 0.09]","0.07 [0.04, 0.12]","0.05 [0.03, 0.07]","0.04 [0.03, 0.06]","0.04 [0.03, 0.06]","0.0 [0.0, 0.1]","0.05 [0.03, 0.06]","0.05 [0.03, 0.08]",,"0.04 [0.02, 0.06]","0.04 [0.02, 0.07]","0.03 [0.02, 0.04]","0.06 [0.03, 0.08]","0.06 [0.03, 0.09]","0.07 [0.04, 0.10]","0.05 [0.03, 0.07]","0.04 [0.02, 0.06]","0.04 [0.03, 0.06]","0.0 [0.0, 0.1]","0.05 [0.03, 0.06]","0.05 [0.03, 0.08]",,,"0.04 [0.02, 0.07]","0.02 [0.02, 0.04]","0.05 [0.03, 0.07]","0.06 [0.03, 0.08]",,"0.05 [0.03, 0.07]","0.04 [0.02, 0.06]","0.04 [0.03, 0.07]","0.0 [0.0, 0.1]","0.05 [0.03, 0.07]","0.04 [0.02, 0.07]",,,,,"0.05 [0.03, 0.08]",,,"0.05 [0.03, 0.07]","0.04 [0.02, 0.06]",,"0.0 [0.0, 0.1]"
"  Epinephrine, n (%)","9,623 (9.5%)","10,661 (6.5%)","3,786 (4.2%)","1,567 (9.1%)","10,187 (8.1%)","6,089 (8.9%)","3,054 (4.6%)","1,743 (3.0%)","4,381 (8.8%)","5,931 (7.7%)","16,782 (7.7%)","22,779 (11.5%)","96,583 (7.8%)",,,,,,,,,,,249 (4.3%),,249 (4.3%),,,,,,,,,,141 (4.5%),447 (4.6%),,588 (4.6%),,,,,,,,,,265 (5.0%),563 (5.3%),,828 (5.2%),,,,,,,,,,244 (4.7%),655 (4.8%),,899 (4.7%),,,,,,,,<10,,280 (5.0%),758 (4.7%),,"1,038 (4.8%)",,,,,,551 (7.6%),,12 (4.9%),,300 (5.2%),900 (5.5%),,"1,763 (5.9%)",,492 (5.1%),,,,521 (7.5%),,179 (2.8%),,353 (6.1%),"1,097 (6.4%)","1,434 (12.4%)","4,076 (7.1%)",,"1,149 (5.9%)",,,799 (6.6%),544 (7.6%),474 (5.1%),194 (3.2%),558 (8.5%),404 (7.3%),"1,319 (7.4%)","2,999 (12.0%)","8,440 (7.8%)",,"1,083 (5.7%)",,,868 (6.2%),554 (6.9%),442 (4.8%),197 (3.0%),554 (8.0%),456 (8.2%),"1,300 (7.4%)","2,941 (11.3%)","8,395 (7.4%)",,972 (5.5%),,,916 (6.4%),656 (9.2%),503 (6.5%),172 (2.9%),561 (8.1%),455 (8.7%),"1,257 (8.0%)","2,791 (12.9%)","8,283 (8.1%)",,"1,145 (6.5%)",,,"1,097 (7.2%)",688 (10.1%),350 (4.7%),181 (2.8%),721 (9.7%),601 (10.6%),"1,361 (9.4%)","3,154 (13.6%)","9,298 (8.9%)",564 (9.5%),"1,139 (6.6%)",,,"1,249 (7.9%)",681 (10.3%),366 (5.2%),180 (2.8%),722 (10.2%),591 (10.3%),"1,523 (10.5%)","3,243 (13.5%)","10,258 (9.3%)","2,392 (9.4%)","1,306 (7.1%)",,812 (9.6%),"1,501 (8.3%)",724 (11.3%),270 (3.6%),207 (2.9%),633 (8.8%),577 (9.8%),"1,674 (10.9%)","3,300 (14.8%)","13,396 (9.4%)","2,587 (9.3%)","1,404 (7.8%)",,755 (8.7%),"1,818 (9.9%)",789 (11.6%),321 (4.1%),245 (3.3%),632 (8.4%),596 (10.3%),"1,652 (10.4%)","2,850 (12.7%)","13,649 (9.3%)","3,363 (10.0%)","1,404 (7.7%)",,,"1,939 (10.4%)",381 (7.5%),281 (3.5%),174 (2.8%),,591 (9.4%),"1,772 (10.7%)",67 (0.3%),"9,972 (7.4%)",717 (8.8%),567 (7.0%),,,,,47 (2.1%),,,77 (9.4%),255 (11.0%),,"1,663 (7.7%)"
"    Epinephrine dose (mcg/kg/min), median [Q1, Q3]","0.04 [0.03, 0.05]","0.03 [0.02, 0.04]","0.02 [0.01, 0.04]","0.03 [0.02, 0.03]","0.03 [0.02, 0.04]","0.02 [0.02, 0.04]","0.04 [0.02, 0.07]","0.09 [0.06, 0.11]","0.10 [0.05, 0.16]","0.04 [0.03, 0.05]","0.03 [0.02, 0.04]","0.03 [0.02, 0.03]","0.0 [0.0, 0.2]",,,,,,,,,,,"0.03 [0.02, 0.04]",,"0.0 [0.0, 0.0]",,,,,,,,,,"0.05 [0.03, 0.06]","0.02 [0.01, 0.03]",,"0.0 [0.0, 0.1]",,,,,,,,,,"0.05 [0.05, 0.08]","0.02 [0.01, 0.03]",,"0.0 [0.0, 0.1]",,,,,,,,,,"0.05 [0.04, 0.07]","0.03 [0.02, 0.04]",,"0.0 [0.0, 0.1]",,,,,,,,"0.04 [0.03, 0.07]",,"0.05 [0.04, 0.07]","0.03 [0.02, 0.04]",,"0.0 [0.0, 0.1]",,,,,,"0.02 [0.01, 0.03]",,"0.06 [0.06, 0.08]",,"0.05 [0.04, 0.08]","0.03 [0.02, 0.04]",,"0.0 [0.0, 0.1]",,"0.03 [0.02, 0.04]",,,,"0.02 [0.02, 0.03]",,"0.08 [0.06, 0.11]",,"0.05 [0.04, 0.08]","0.03 [0.02, 0.04]","0.03 [0.02, 0.03]","0.0 [0.0, 0.1]",,"0.03 [0.02, 0.05]",,,"0.03 [0.02, 0.04]","0.02 [0.01, 0.03]","0.02 [0.02, 0.02]","0.08 [0.06, 0.11]","0.05 [0.03, 0.08]","0.05 [0.04, 0.07]","0.03 [0.02, 0.04]","0.02 [0.02, 0.03]","0.0 [0.0, 0.1]",,"0.03 [0.02, 0.05]",,,"0.03 [0.02, 0.04]","0.02 [0.01, 0.03]","0.02 [0.02, 0.04]","0.11 [0.10, 0.18]","0.10 [0.05, 0.16]","0.04 [0.03, 0.06]","0.03 [0.01, 0.03]","0.03 [0.02, 0.03]","0.0 [0.0, 0.2]",,"0.04 [0.02, 0.05]",,,"0.03 [0.02, 0.04]","0.03 [0.02, 0.04]","0.06 [0.03, 0.10]","0.12 [0.09, 0.12]","0.10 [0.06, 0.20]","0.05 [0.03, 0.06]","0.03 [0.02, 0.04]","0.03 [0.02, 0.04]","0.0 [0.0, 0.2]",,"0.03 [0.02, 0.04]",,,"0.03 [0.02, 0.05]","0.03 [0.02, 0.04]","0.05 [0.02, 0.08]","0.07 [0.05, 0.10]","0.10 [0.06, 0.20]","0.04 [0.03, 0.05]","0.03 [0.02, 0.04]","0.03 [0.02, 0.03]","0.0 [0.0, 0.2]","0.04 [0.03, 0.06]","0.03 [0.02, 0.04]",,,"0.03 [0.02, 0.04]","0.02 [0.02, 0.04]","0.07 [0.03, 0.11]","0.08 [0.06, 0.12]","0.10 [0.05, 0.16]","0.04 [0.02, 0.05]","0.03 [0.02, 0.04]","0.02 [0.02, 0.03]","0.0 [0.0, 0.2]","0.04 [0.03, 0.06]","0.03 [0.02, 0.04]",,"0.03 [0.02, 0.03]","0.03 [0.02, 0.05]","0.03 [0.02, 0.04]","0.05 [0.02, 0.08]","0.09 [0.07, 0.14]","0.10 [0.06, 0.20]","0.04 [0.03, 0.05]","0.03 [0.02, 0.04]","0.03 [0.02, 0.03]","0.0 [0.0, 0.2]","0.04 [0.03, 0.05]","0.03 [0.03, 0.04]",,"0.03 [0.02, 0.03]","0.03 [0.02, 0.04]","0.03 [0.02, 0.04]","0.04 [0.02, 0.07]","0.08 [0.06, 0.10]","0.10 [0.05, 0.17]","0.04 [0.03, 0.05]","0.03 [0.02, 0.04]","0.03 [0.02, 0.04]","0.0 [0.0, 0.2]","0.04 [0.03, 0.05]","0.03 [0.02, 0.04]",,,"0.03 [0.02, 0.04]","0.02 [0.02, 0.04]","0.03 [0.02, 0.06]","0.07 [0.05, 0.08]",,"0.04 [0.03, 0.05]","0.03 [0.02, 0.04]","0.06 [0.04, 0.08]","0.0 [0.0, 0.1]","0.04 [0.03, 0.05]","0.03 [0.02, 0.04]",,,,,"0.02 [0.01, 0.03]",,,"0.04 [0.03, 0.05]","0.03 [0.02, 0.04]",,"0.0 [0.0, 0.1]"
"  Phenylephrine, n (%)","8,788 (8.7%)","3,766 (2.3%)","17,295 (19.3%)",25 (0.1%),"26,861 (21.2%)","13,337 (19.5%)","3,846 (5.8%)",524 (0.9%),"10,537 (21.2%)","5,688 (7.4%)","23,517 (10.7%)","26,422 (13.3%)","140,606 (11.3%)",,,,,,,,,,,287 (5.0%),,287 (5.0%),,,,,,,,,,362 (11.7%),545 (5.6%),,907 (7.1%),,,,,,,,,,650 (12.3%),792 (7.4%),,"1,442 (9.1%)",,,,,,,,,,610 (11.7%),"1,301 (9.5%)",,"1,911 (10.1%)",,,,,,,,0 (0.0%),,536 (9.5%),"1,589 (9.9%)",,"2,125 (9.8%)",,,,,,"1,013 (13.9%)",,12 (4.9%),,499 (8.7%),"1,779 (10.9%)",,"3,303 (11.1%)",,331 (3.4%),,,,973 (14.0%),,58 (0.9%),,533 (9.2%),"1,796 (10.5%)","1,916 (16.5%)","5,607 (9.8%)",,679 (3.5%),,,"1,972 (16.3%)","1,113 (15.6%)",726 (7.8%),49 (0.8%),648 (9.9%),499 (9.0%),"1,851 (10.4%)","3,731 (14.9%)","11,268 (10.4%)",,574 (3.0%),,,"2,608 (18.7%)","1,233 (15.2%)",562 (6.1%),70 (1.1%),"1,015 (14.6%)",527 (9.5%),"2,014 (11.5%)","3,820 (14.7%)","12,423 (11.0%)",,492 (2.8%),,,"2,518 (17.6%)","1,382 (19.5%)",499 (6.4%),43 (0.7%),"1,275 (18.4%)",402 (7.7%),"1,812 (11.6%)","3,171 (14.6%)","11,594 (11.3%)",,401 (2.3%),,,"3,256 (21.5%)","1,332 (19.5%)",396 (5.3%),46 (0.7%),"1,733 (23.4%)",305 (5.4%),"1,741 (12.1%)","3,124 (13.5%)","12,334 (11.9%)",198 (3.3%),293 (1.7%),,,"3,475 (21.9%)","1,422 (21.5%)",440 (6.2%),53 (0.8%),"1,820 (25.7%)",235 (4.1%),"1,925 (13.3%)","2,790 (11.6%)","12,651 (11.4%)",729 (2.9%),303 (1.7%),,14 (0.2%),"4,252 (23.4%)","1,295 (20.3%)",390 (5.2%),73 (1.0%),"1,968 (27.4%)",165 (2.8%),"2,106 (13.8%)","2,743 (12.3%)","14,038 (10.0%)",698 (2.5%),305 (1.7%),,11 (0.1%),"4,285 (23.3%)","1,197 (17.6%)",358 (4.5%),65 (0.9%),"2,078 (27.6%)",167 (2.9%),"2,004 (12.6%)","2,729 (12.2%)","13,897 (9.3%)","5,498 (16.4%)",291 (1.6%),,,"4,495 (24.2%)","2,377 (47.1%)",385 (4.8%),55 (0.9%),,174 (2.8%),"1,739 (10.5%)","2,398 (11.0%)","17,412 (13.0%)","1,665 (20.4%)",97 (1.2%),,,,,90 (4.0%),,,24 (2.9%),236 (10.1%),,"2,112 (9.7%)"
"    Phenylephrine dose (mcg/kg/min), median [Q1, Q3]","0.50 [0.30, 0.57]","0.50 [0.28, 0.70]","0.50 [0.25, 0.80]","0.88 [0.58, 1.11]","0.41 [0.23, 0.59]","0.07 [0.04, 0.09]","0.42 [0.31, 0.56]","0.95 [0.69, 1.14]","0.50 [0.30, 0.70]","0.47 [0.31, 0.64]","0.30 [0.20, 0.45]","0.46 [0.26, 0.69]","0.4 [0.0, 1.1]",,,,,,,,,,,"0.50 [0.30, 0.60]",,"0.5 [0.3, 0.6]",,,,,,,,,,"0.57 [0.37, 0.77]","0.46 [0.27, 0.60]",,"0.5 [0.3, 0.8]",,,,,,,,,,"0.48 [0.34, 0.65]","0.40 [0.20, 0.52]",,"0.4 [0.2, 0.7]",,,,,,,,,,"0.44 [0.31, 0.62]","0.31 [0.20, 0.47]",,"0.3 [0.2, 0.6]",,,,,,,,,,"0.44 [0.31, 0.59]","0.30 [0.20, 0.44]",,"0.3 [0.2, 0.6]",,,,,,"0.07 [0.04, 0.10]",,"1.16 [0.90, 1.67]",,"0.40 [0.29, 0.53]","0.30 [0.18, 0.40]",,"0.3 [0.0, 1.7]",,"0.40 [0.25, 0.60]",,,,"0.07 [0.04, 0.10]",,"0.84 [0.60, 1.03]",,"0.46 [0.30, 0.63]","0.30 [0.19, 0.40]","0.44 [0.25, 0.65]","0.4 [0.0, 1.0]",,"0.50 [0.28, 0.70]",,,"0.42 [0.24, 0.58]","0.07 [0.04, 0.10]","0.36 [0.32, 0.40]","0.96 [0.86, 1.06]","0.70 [0.50, 1.00]","0.46 [0.32, 0.67]","0.30 [0.18, 0.40]","0.49 [0.26, 0.70]","0.5 [0.0, 1.1]",,"0.50 [0.28, 0.66]",,,"0.41 [0.25, 0.58]","0.07 [0.04, 0.10]","0.36 [0.30, 0.42]","0.93 [0.57, 1.05]","0.50 [0.36, 0.73]","0.47 [0.31, 0.67]","0.30 [0.17, 0.40]","0.43 [0.24, 0.65]","0.4 [0.0, 1.1]",,"0.50 [0.25, 0.65]",,,"0.42 [0.24, 0.60]","0.06 [0.03, 0.09]","0.58 [0.38, 0.84]","0.63 [0.35, 0.97]","0.50 [0.38, 0.75]","0.44 [0.30, 0.58]","0.30 [0.20, 0.47]","0.40 [0.23, 0.63]","0.4 [0.0, 1.0]",,"0.50 [0.30, 0.80]",,,"0.41 [0.23, 0.59]","0.07 [0.04, 0.10]","0.47 [0.32, 0.66]","1.53 [1.23, 1.64]","0.50 [0.30, 0.71]","0.42 [0.30, 0.60]","0.30 [0.20, 0.50]","0.40 [0.23, 0.61]","0.5 [0.0, 1.6]","0.40 [0.25, 0.50]","0.50 [0.30, 0.70]",,,"0.41 [0.23, 0.58]","0.06 [0.03, 0.09]","0.50 [0.32, 0.75]","1.89 [1.61, 1.89]","0.50 [0.30, 0.70]","0.50 [0.31, 0.69]","0.30 [0.20, 0.45]","0.40 [0.24, 0.63]","0.5 [0.0, 1.9]","0.50 [0.30, 0.57]","0.50 [0.30, 0.78]",,"1.27 [0.51, 1.64]","0.39 [0.22, 0.57]","0.06 [0.03, 0.09]","0.41 [0.29, 0.58]","0.91 [0.77, 1.04]","0.50 [0.30, 0.70]","0.56 [0.38, 0.75]","0.30 [0.20, 0.50]","0.54 [0.32, 0.80]","0.5 [0.0, 1.6]","0.50 [0.30, 0.52]","0.50 [0.30, 0.70]",,"0.72 [0.58, 1.05]","0.42 [0.24, 0.60]","0.07 [0.04, 0.10]","0.42 [0.28, 0.64]","0.92 [0.61, 0.92]","0.50 [0.30, 0.65]","0.48 [0.32, 0.66]","0.30 [0.20, 0.47]","0.57 [0.32, 0.83]","0.5 [0.0, 1.1]","0.50 [0.30, 0.60]","0.50 [0.25, 0.74]",,,"0.40 [0.23, 0.58]","0.06 [0.03, 0.09]","0.44 [0.27, 0.67]","0.65 [0.43, 0.79]",,"0.57 [0.36, 0.76]","0.35 [0.20, 0.50]","0.58 [0.33, 0.87]","0.5 [0.0, 0.9]","0.50 [0.30, 0.50]","0.55 [0.25, 0.90]",,,,,"0.56 [0.27, 0.86]",,,"0.56 [0.39, 0.79]","0.30 [0.20, 0.50]",,"0.5 [0.2, 0.9]"
"  Vasopressin, n (%)","12,302 (12.2%)","11,324 (6.9%)","5,478 (6.1%)",325 (1.9%),"16,505 (13.1%)","7,348 (10.8%)","4,864 (7.3%)","4,098 (7.0%)","6,590 (13.3%)","6,106 (7.9%)","15,215 (6.9%)","17,630 (8.9%)","107,785 (8.7%)",,,,,,,,,,,291 (5.1%),,291 (5.1%),,,,,,,,,,130 (4.2%),435 (4.5%),,565 (4.4%),,,,,,,,,,263 (5.0%),509 (4.8%),,772 (4.9%),,,,,,,,,,267 (5.1%),562 (4.1%),,829 (4.4%),,,,,,,,<10,,289 (5.1%),648 (4.0%),,937 (4.3%),,,,,,502 (6.9%),,37 (15.2%),,290 (5.0%),805 (4.9%),,"1,634 (5.5%)",,419 (4.4%),,,,553 (7.9%),,424 (6.5%),,366 (6.3%),"1,021 (6.0%)",880 (7.6%),"3,663 (6.4%)",,"1,012 (5.2%)",,,"1,079 (8.9%)",568 (8.0%),374 (4.0%),475 (7.9%),591 (9.0%),421 (7.6%),"1,069 (6.0%)","1,903 (7.6%)","7,492 (6.9%)",,"1,113 (5.9%)",,,"1,307 (9.4%)",687 (8.5%),441 (4.8%),445 (6.8%),766 (11.0%),468 (8.4%),"1,041 (5.9%)","2,001 (7.7%)","8,269 (7.3%)",,"1,294 (7.3%)",,,"1,795 (12.5%)",775 (10.9%),668 (8.6%),407 (6.9%),900 (13.0%),157 (3.0%),"1,211 (7.8%)","1,992 (9.2%)","9,199 (9.0%)",,"1,279 (7.3%)",,,"2,073 (13.7%)",903 (13.2%),557 (7.5%),398 (6.3%),"1,064 (14.4%)",199 (3.5%),"1,363 (9.4%)","2,043 (8.8%)","9,879 (9.5%)",786 (13.3%),"1,205 (7.0%)",,,"2,234 (14.1%)",867 (13.1%),611 (8.6%),461 (7.1%),"1,063 (15.0%)",566 (9.8%),"1,296 (8.9%)","2,048 (8.5%)","11,137 (10.1%)","3,143 (12.4%)","1,307 (7.1%)",,324 (3.8%),"2,496 (13.7%)",946 (14.8%),597 (8.0%),505 (7.1%),"1,068 (14.9%)",805 (13.7%),"1,535 (10.0%)","2,180 (9.7%)","14,906 (10.5%)","3,404 (12.2%)","1,470 (8.2%)",,<10,"2,670 (14.5%)","1,049 (15.4%)",680 (8.6%),538 (7.2%),"1,138 (15.1%)",869 (15.0%),"1,516 (9.6%)","2,331 (10.4%)","15,665 (11.4%)","4,075 (12.1%)","1,542 (8.4%)",,,"2,851 (15.4%)",498 (9.9%),779 (9.7%),406 (6.5%),,909 (14.4%),"1,677 (10.2%)","2,252 (10.3%)","14,989 (11.1%)",894 (10.9%),683 (8.4%),,,,,157 (7.1%),,,107 (13.0%),236 (10.1%),,"2,077 (9.6%)"
"  Dopamine, n (%)",547 (0.5%),"2,772 (1.7%)","2,101 (2.3%)",362 (2.1%),"3,552 (2.8%)",939 (1.4%),314 (0.5%),446 (0.8%),"3,248 (6.5%)","1,804 (2.3%)","5,697 (2.6%)","1,345 (0.7%)","23,127 (1.9%)",,,,,,,,,,,273 (4.8%),,273 (4.8%),,,,,,,,,,145 (4.7%),413 (4.3%),,558 (4.4%),,,,,,,,,,196 (3.7%),396 (3.7%),,592 (3.7%),,,,,,,,,,193 (3.7%),504 (3.7%),,697 (3.7%),,,,,,,,<10,,225 (4.0%),609 (3.8%),,834 (3.8%),,,,,,172 (2.4%),,<10,,197 (3.4%),565 (3.5%),,934 (3.2%),,281 (2.9%),,,,136 (2.0%),,92 (1.4%),,197 (3.4%),587 (3.4%),107 (0.9%),"1,400 (2.4%)",,597 (3.1%),,,332 (2.7%),133 (1.9%),42 (0.5%),90 (1.5%),549 (8.4%),167 (3.0%),484 (2.7%),239 (1.0%),"2,633 (2.4%)",,451 (2.4%),,,397 (2.9%),133 (1.6%),50 (0.5%),78 (1.2%),551 (7.9%),96 (1.7%),411 (2.3%),201 (0.8%),"2,368 (2.1%)",,268 (1.5%),,,422 (2.9%),121 (1.7%),54 (0.7%),46 (0.8%),463 (6.7%),75 (1.4%),365 (2.3%),153 (0.7%),"1,967 (1.9%)",,284 (1.6%),,,548 (3.6%),82 (1.2%),37 (0.5%),31 (0.5%),536 (7.2%),65 (1.1%),310 (2.1%),169 (0.7%),"2,062 (2.0%)",27 (0.5%),204 (1.2%),,,526 (3.3%),60 (0.9%),53 (0.7%),37 (0.6%),473 (6.7%),68 (1.2%),246 (1.7%),137 (0.6%),"1,831 (1.7%)",149 (0.6%),177 (1.0%),,205 (2.4%),497 (2.7%),43 (0.7%),30 (0.4%),29 (0.4%),351 (4.9%),49 (0.8%),201 (1.3%),118 (0.5%),"1,849 (1.3%)",157 (0.6%),191 (1.1%),,157 (1.8%),438 (2.4%),38 (0.6%),21 (0.3%),25 (0.3%),325 (4.3%),53 (0.9%),175 (1.1%),121 (0.5%),"1,701 (1.2%)",179 (0.5%),200 (1.1%),,,392 (2.1%),21 (0.4%),24 (0.3%),<10,,71 (1.1%),147 (0.9%),100 (0.5%),"1,134 (0.9%)",35 (0.4%),119 (1.5%),,,,,<10,,,<10,11 (0.5%),,165 (0.9%)
"    Dopamine dose (mcg/kg/min), median [Q1, Q3]","5.00 [3.00, 5.00]","3.75 [2.50, 5.00]","4.50 [2.00, 6.00]","4.00 [3.00, 5.00]","3.00 [2.00, 5.00]","2.75 [2.00, 3.75]","5.00 [2.50, 5.00]","5.00 [4.00, 5.00]","4.00 [2.50, 5.00]","3.00 [3.00, 4.00]","4.00 [2.50, 5.00]","4.00 [2.50, 5.00]","4.0 [2, 6]",,,,,,,,,,,"4.99 [2.50, 5.00]",,"5.0 [2.5, 5]",,,,,,,,,,"3.50 [3.00, 4.38]","4.50 [2.75, 5.00]",,"4.3 [2.8, 5]",,,,,,,,,,"3.00 [3.00, 4.12]","4.50 [2.50, 5.00]",,"4.0 [2.5, 5]",,,,,,,,,,"3.00 [2.50, 4.00]","4.00 [2.50, 5.00]",,"3.7 [2.5, 5]",,,,,,,,"0.98 [0.70, 1.25]",,"3.50 [3.00, 4.25]","3.50 [2.50, 5.00]",,"3.5 [0.7, 5]",,,,,,"2.50 [2.00, 3.25]",,"5.00 [5.00, 5.00]",,"3.00 [2.75, 4.00]","4.00 [2.50, 5.00]",,"3.4 [2, 5]",,"3.50 [2.25, 5.00]",,,,"3.00 [1.88, 4.38]",,"4.00 [2.75, 5.00]",,"3.00 [3.00, 4.00]","3.75 [2.50, 5.00]","4.00 [3.00, 5.00]","3.6 [1.9, 5]",,"4.00 [2.50, 5.00]",,,"3.51 [2.00, 5.00]","3.00 [2.00, 4.00]","5.00 [2.50, 5.00]","4.50 [3.50, 5.00]","5.00 [2.75, 5.00]","3.00 [3.00, 4.00]","3.50 [2.50, 5.00]","4.00 [2.75, 5.00]","3.9 [2, 5]",,"4.00 [2.50, 5.00]",,,"4.00 [2.50, 5.00]","2.50 [1.72, 3.75]","4.50 [2.88, 5.00]","5.00 [4.25, 5.00]","5.00 [3.00, 5.00]","3.00 [3.00, 3.38]","4.00 [2.25, 5.00]","3.25 [2.00, 4.50]","3.8 [1.7, 5]",,"4.00 [2.50, 5.00]",,,"4.00 [2.01, 5.00]","2.49 [1.31, 3.00]","5.00 [3.75, 5.00]","5.00 [5.00, 5.00]","4.00 [2.50, 5.00]","3.00 [3.00, 4.00]","4.00 [2.50, 5.00]","4.00 [2.50, 5.00]","4.0 [1.3, 5]",,"3.25 [2.50, 5.00]",,,"2.50 [2.00, 3.75]","2.50 [2.00, 3.00]","4.00 [2.50, 5.00]","8.00 [5.00, 9.00]","4.99 [2.50, 5.00]","4.00 [3.00, 5.00]","3.00 [2.12, 4.75]","5.00 [2.50, 5.00]","4.0 [2, 9]","5.00 [3.75, 5.00]","2.50 [2.00, 3.75]",,,"2.00 [1.25, 3.50]","3.75 [2.50, 5.00]","4.75 [2.50, 5.00]","5.00 [5.00, 5.00]","3.00 [2.50, 5.00]","3.25 [3.00, 4.25]","3.00 [2.00, 4.00]","5.00 [2.50, 5.00]","3.6 [1.2, 5]","5.00 [2.50, 5.00]","3.00 [2.00, 4.00]",,"5.00 [3.00, 5.00]","3.00 [2.00, 4.00]","3.00 [2.50, 5.00]","3.38 [2.50, 5.00]","7.50 [5.00, 7.50]","3.50 [2.50, 5.00]","4.00 [3.00, 5.00]","3.00 [2.25, 4.00]","4.25 [2.50, 5.00]","4.0 [2, 7.5]","5.00 [3.00, 5.00]","3.62 [2.50, 5.00]",,"3.00 [2.75, 5.00]","3.00 [2.00, 5.00]","3.00 [2.00, 3.50]","2.50 [1.25, 4.06]","3.75 [2.12, 5.25]","3.00 [2.50, 4.00]","3.00 [3.00, 4.75]","3.50 [2.50, 5.00]","4.50 [2.50, 5.00]","3.8 [1.2, 5.2]","5.00 [3.00, 5.00]","4.00 [2.50, 5.00]",,,"3.00 [2.00, 4.25]","2.00 [1.00, 3.00]","5.00 [2.50, 5.50]","2.50 [2.00, 2.50]",,"3.00 [2.75, 3.00]","4.00 [2.00, 5.00]","5.00 [2.50, 5.00]","4.1 [1, 5.5]","3.00 [2.25, 3.00]","4.00 [2.25, 5.00]",,,,,"5.00 [5.00, 5.00]",,,"2.00 [1.25, 2.75]","5.00 [3.00, 6.50]",,"3.8 [1.2, 6.5]"
"Sedatives and analgesics, n (%)",,,,,,,,,,,,,,,,,,,,,,,,,,,,,,,,,,,,,,,,,,,,,,,,,,,,,,,,,,,,,,,,,,,,,,,,,,,,,,,,,,,,,,,,,,,,,,,,,,,,,,,,,,,,,,,,,,,,,,,,,,,,,,,,,,,,,,,,,,,,,,,,,,,,,,,,,,,,,,,,,,,,,,,,,,,,,,,,,,,,,,,,,,,,,,,,,,,,,,,,,,,,,,,,,,,,,,,,,,,,,
  Propofol,"9,127 (9.0%)","28,419 (17.4%)","27,172 (30.2%)","5,983 (34.9%)","48,800 (38.6%)","30,646 (44.9%)","9,044 (13.6%)","10,444 (17.7%)","19,902 (40.1%)","22,113 (28.6%)","41,660 (19.0%)","40,906 (20.7%)","294,216 (23.8%)",,,,,,,,,,,946 (16.5%),,946 (16.5%),,,,,,,,,,972 (31.3%),"1,528 (15.8%)",,"2,500 (19.6%)",,,,,,,,,,"1,469 (27.9%)","1,709 (16.1%)",,"3,178 (20.0%)",,,,,,,,,,"1,499 (28.8%)","2,078 (15.1%)",,"3,577 (18.9%)",,,,,,,,<10,,"1,531 (27.2%)","2,485 (15.5%)",,"4,016 (18.5%)",,,,,,"2,795 (38.3%)",,56 (23.0%),,"1,513 (26.3%)","2,821 (17.2%)",,"7,185 (24.2%)",,"1,403 (14.6%)",,,,"2,672 (38.4%)",,823 (12.7%),,"1,553 (26.9%)","2,960 (17.3%)","2,178 (18.8%)","11,589 (20.2%)",,"2,602 (13.5%)",,,"4,141 (34.2%)","3,069 (43.1%)","1,078 (11.6%)",929 (15.4%),"2,200 (33.6%)","1,574 (28.4%)","3,077 (17.3%)","4,530 (18.1%)","23,200 (21.3%)",,"2,531 (13.4%)",,,"5,037 (36.2%)","3,717 (46.0%)","1,102 (11.9%)",971 (14.8%),"2,335 (33.6%)","1,553 (28.0%)","3,134 (17.8%)","4,549 (17.5%)","24,929 (22.1%)",,"2,904 (16.4%)",,,"5,433 (37.9%)","3,242 (45.7%)","1,277 (16.4%)","1,106 (18.9%)","2,589 (37.4%)","1,572 (30.0%)","3,260 (20.9%)","4,670 (21.6%)","26,053 (25.5%)",,"3,083 (17.6%)",,,"5,824 (38.4%)","3,181 (46.5%)","1,006 (13.5%)","1,325 (20.9%)","3,018 (40.8%)","1,777 (31.4%)","3,267 (22.6%)","4,836 (20.9%)","27,317 (26.3%)",565 (9.5%),"3,233 (18.7%)",,,"6,131 (38.7%)","2,949 (44.6%)","1,061 (15.0%)","1,301 (20.2%)","3,129 (44.3%)","1,673 (29.1%)","3,123 (21.5%)","4,920 (20.5%)","28,085 (25.4%)","2,315 (9.1%)","3,620 (19.7%)",,"3,071 (36.2%)","6,962 (38.3%)","2,951 (46.2%)","1,019 (13.7%)","1,368 (19.2%)","3,254 (45.3%)","1,760 (30.0%)","3,465 (22.7%)","5,058 (22.6%)","34,843 (24.5%)","2,512 (9.0%)","3,685 (20.5%)",,"2,912 (33.7%)","7,510 (40.9%)","3,154 (46.3%)","1,134 (14.4%)","1,487 (19.9%)","3,377 (44.9%)","1,708 (29.4%)","3,613 (22.8%)","5,198 (23.1%)","36,290 (24.8%)","3,072 (9.2%)","3,693 (20.2%)",,,"7,762 (41.8%)","2,916 (57.8%)","1,160 (14.4%)","1,076 (17.1%)",,"1,772 (28.1%)","3,696 (22.4%)","4,967 (22.7%)","30,114 (22.4%)",663 (8.1%),"1,665 (20.5%)",,,,,207 (9.3%),,,187 (22.7%),498 (21.4%),,"3,220 (14.9%)"
  Midazolam,"2,811 (2.8%)","8,819 (5.4%)","7,491 (8.3%)",388 (2.3%),"3,037 (2.4%)","1,590 (2.3%)",925 (1.4%),"4,121 (7.0%)","1,011 (2.0%)","3,723 (4.8%)","13,012 (5.9%)","7,339 (3.7%)","54,267 (4.4%)",,,,,,,,,,,474 (8.3%),,474 (8.3%),,,,,,,,,,151 (4.9%),596 (6.2%),,747 (5.9%),,,,,,,,,,235 (4.5%),745 (7.0%),,980 (6.2%),,,,,,,,,,222 (4.3%),811 (5.9%),,"1,033 (5.5%)",,,,,,,,<10,,248 (4.4%),802 (5.0%),,"1,050 (4.8%)",,,,,,144 (2.0%),,40 (16.4%),,227 (3.9%),923 (5.6%),,"1,334 (4.5%)",,413 (4.3%),,,,131 (1.9%),,459 (7.1%),,219 (3.8%),942 (5.5%),215 (1.9%),"2,379 (4.1%)",,831 (4.3%),,,82 (0.7%),156 (2.2%),110 (1.2%),467 (7.8%),166 (2.5%),250 (4.5%),766 (4.3%),532 (2.1%),"3,360 (3.1%)",,896 (4.7%),,,97 (0.7%),150 (1.9%),98 (1.1%),481 (7.3%),137 (2.0%),258 (4.7%),759 (4.3%),814 (3.1%),"3,690 (3.3%)",,"1,395 (7.9%)",,,677 (4.7%),138 (1.9%),239 (3.1%),463 (7.9%),173 (2.5%),320 (6.1%),"1,127 (7.2%)",960 (4.4%),"5,492 (5.4%)",,"1,302 (7.4%)",,,541 (3.6%),275 (4.0%),118 (1.6%),445 (7.0%),174 (2.3%),313 (5.5%),"1,309 (9.1%)","1,127 (4.9%)","5,604 (5.4%)",210 (3.5%),"1,038 (6.0%)",,,456 (2.9%),253 (3.8%),97 (1.4%),462 (7.2%),169 (2.4%),301 (5.2%),969 (6.7%),"1,051 (4.4%)","5,006 (4.5%)",727 (2.9%),915 (5.0%),,210 (2.5%),418 (2.3%),141 (2.2%),93 (1.2%),491 (6.9%),82 (1.1%),277 (4.7%),975 (6.4%),901 (4.0%),"5,230 (3.7%)",741 (2.7%),891 (5.0%),,178 (2.1%),394 (2.1%),136 (2.0%),76 (1.0%),516 (6.9%),110 (1.5%),318 (5.5%),910 (5.7%),906 (4.0%),"5,176 (3.5%)",951 (2.8%),839 (4.6%),,,372 (2.0%),66 (1.3%),78 (1.0%),296 (4.7%),,348 (5.5%),803 (4.9%),833 (3.8%),"4,586 (3.4%)",182 (2.2%),299 (3.7%),,,,,16 (0.7%),,,36 (4.4%),101 (4.3%),,634 (2.9%)
  Lorazepam,60 (0.1%),900 (0.6%),42 (0.0%),,570 (0.5%),159 (0.2%),83 (0.1%),19 (0.0%),28 (0.1%),97 (0.1%),"4,701 (2.1%)",728 (0.4%),"7,387 (0.6%)",,,,,,,,,,,314 (5.5%),,314 (5.5%),,,,,,,,,,<10,305 (3.2%),,305 (3.2%),,,,,,,,,,<10,318 (3.0%),,318 (3.0%),,,,,,,,,,17 (0.3%),463 (3.4%),,480 (2.5%),,,,,,,,0 (0.0%),,13 (0.2%),425 (2.6%),,438 (1.9%),,,,,,11 (0.2%),,<10,,12 (0.2%),345 (2.1%),,368 (1.3%),,65 (0.7%),,,,<10,,<10,,15 (0.3%),374 (2.2%),146 (1.3%),600 (1.4%),,131 (0.7%),,,134 (1.1%),16 (0.2%),22 (0.2%),<10,<10,<10,342 (1.9%),302 (1.2%),947 (1.0%),,143 (0.8%),,,131 (0.9%),23 (0.3%),16 (0.2%),<10,<10,<10,321 (1.8%),135 (0.5%),769 (0.8%),,169 (1.0%),,,138 (1.0%),<10,37 (0.5%),<10,<10,<10,283 (1.8%),60 (0.3%),687 (0.9%),,119 (0.7%),,,90 (0.6%),<10,<10,<10,<10,<10,272 (1.9%),21 (0.1%),,<10,102 (0.6%),,,36 (0.2%),<10,<10,<10,<10,<10,252 (1.7%),15 (0.1%),,35 (0.1%),83 (0.5%),,,23 (0.1%),<10,<10,<10,<10,0 (0.0%),214 (1.4%),24 (0.1%),379 (0.3%),<10,46 (0.3%),,,11 (0.1%),40 (0.6%),0 (0.0%),<10,0 (0.0%),<10,236 (1.5%),17 (0.1%),350 (0.4%),10 (0.0%),33 (0.2%),,,<10,38 (0.8%),0 (0.0%),0 (0.0%),,<10,215 (1.3%),<10,296 (0.3%),<10,<10,,,,,0 (0.0%),,,0 (0.0%),22 (0.9%),,22 (0.4%)
  Dexmedetomidine,"18,241 (18.1%)","23,107 (14.2%)","7,997 (8.9%)","2,167 (12.6%)","27,269 (21.6%)","13,825 (20.3%)","8,319 (12.5%)","3,460 (5.9%)","8,920 (18.0%)","13,440 (17.4%)","29,541 (13.5%)","16,803 (8.5%)","173,089 (14.0%)",,,,,,,,,,,303 (5.3%),,303 (5.3%),,,,,,,,,,289 (9.3%),742 (7.7%),,"1,031 (8.1%)",,,,,,,,,,542 (10.3%),980 (9.2%),,"1,522 (9.6%)",,,,,,,,,,545 (10.5%),"1,254 (9.1%)",,"1,799 (9.5%)",,,,,,,,<10,,692 (12.3%),"1,829 (11.4%)",,"2,521 (11.6%)",,,,,,710 (9.7%),,<10,,780 (13.6%),"2,063 (12.6%)",,"3,553 (12.1%)",,499 (5.2%),,,,906 (13.0%),,49 (0.8%),,806 (14.0%),"2,275 (13.3%)",426 (3.7%),"4,961 (8.7%)",,"1,693 (8.8%)",,,"1,559 (12.9%)","1,479 (20.7%)",723 (7.8%),78 (1.3%),"1,061 (16.2%)",919 (16.6%),"2,444 (13.7%)","1,040 (4.2%)","10,996 (10.1%)",,"2,263 (12.0%)",,,"1,908 (13.7%)","1,923 (23.8%)",897 (9.7%),103 (1.6%),"1,315 (18.9%)","1,074 (19.4%)","2,584 (14.7%)","1,159 (4.5%)","13,226 (11.7%)",,"2,624 (14.8%)",,,"2,681 (18.7%)","1,772 (25.0%)","1,172 (15.0%)",198 (3.4%),"1,501 (21.7%)","1,071 (20.4%)","2,435 (15.6%)","1,417 (6.5%)","14,871 (14.6%)",,"2,732 (15.6%)",,,"3,408 (22.5%)","1,773 (25.9%)","1,036 (13.9%)",412 (6.5%),"1,250 (16.9%)","1,212 (21.4%)","2,400 (16.6%)","1,751 (7.6%)","15,974 (15.4%)","1,097 (18.5%)","2,797 (16.1%)",,,"3,744 (23.6%)","1,592 (24.1%)","1,054 (14.9%)",576 (8.9%),"1,243 (17.6%)","1,182 (20.5%)","2,305 (15.9%)","2,071 (8.6%)","17,661 (16.0%)","4,667 (18.4%)","2,941 (16.0%)",,"1,068 (12.6%)","4,443 (24.4%)","1,490 (23.3%)","1,105 (14.8%)",658 (9.2%),"1,217 (16.9%)","1,322 (22.5%)","2,452 (16.0%)","2,346 (10.5%)","23,709 (16.7%)","4,986 (17.9%)","3,054 (17.0%)",,"1,099 (12.7%)","4,721 (25.7%)","1,458 (21.4%)","1,069 (13.6%)",759 (10.1%),"1,333 (17.7%)","1,368 (23.6%)","2,617 (16.5%)","2,784 (12.4%)","25,248 (17.2%)","6,152 (18.3%)","3,097 (17.0%)",,,"4,805 (25.9%)",722 (14.3%),"1,079 (13.4%)",622 (9.9%),,"1,469 (23.3%)","2,543 (15.4%)","3,809 (17.4%)","24,298 (18.1%)","1,339 (16.4%)","1,407 (17.3%)",,,,,184 (8.3%),,,169 (20.6%),315 (13.5%),,"3,414 (15.8%)"
  Fentanyl,"12,203 (12.1%)","20,609 (12.6%)","14,357 (16.0%)","3,237 (18.9%)","20,769 (16.4%)","4,323 (6.3%)","8,990 (13.5%)","6,825 (11.6%)","11,704 (23.6%)","13,380 (17.3%)","23,947 (10.9%)","28,452 (14.4%)","168,796 (13.7%)",,,,,,,,,,,657 (11.5%),,657 (11.5%),,,,,,,,,,615 (19.8%),965 (10.0%),,"1,580 (12.4%)",,,,,,,,,,984 (18.7%),"1,146 (10.8%)",,"2,130 (13.4%)",,,,,,,,,,"1,029 (19.8%)","1,305 (9.5%)",,"2,334 (12.3%)",,,,,,,,<10,,"1,046 (18.6%)","1,453 (9.0%)",,"2,499 (11.5%)",,,,,,864 (11.9%),,63 (25.8%),,"1,111 (19.3%)","1,595 (9.7%)",,"3,633 (12.3%)",,"1,097 (11.4%)",,,,679 (9.8%),,766 (11.8%),,"1,092 (18.9%)","1,696 (9.9%)","1,574 (13.6%)","6,904 (12.0%)",,"2,060 (10.7%)",,,"1,406 (11.6%)",652 (9.1%),"1,149 (12.4%)",712 (11.8%),966 (14.8%),"1,078 (19.5%)","1,581 (8.9%)","2,961 (11.8%)","12,565 (11.6%)",,"2,149 (11.4%)",,,"2,063 (14.8%)",624 (7.7%),"1,174 (12.7%)",724 (11.0%),"1,427 (20.5%)",960 (17.3%),"1,617 (9.2%)","3,266 (12.6%)","14,004 (12.4%)",,"2,558 (14.4%)",,,"2,708 (18.9%)",476 (6.7%),"1,260 (16.2%)",686 (11.7%),"1,576 (22.8%)",938 (17.9%),"1,904 (12.2%)","3,436 (15.9%)","15,542 (15.2%)",,"2,547 (14.5%)",,,"2,647 (17.4%)",347 (5.1%),"1,018 (13.7%)",739 (11.6%),"1,811 (24.5%)",953 (16.8%),"2,072 (14.4%)","3,446 (14.9%)","15,580 (15.0%)",866 (14.6%),"2,247 (13.0%)",,,"2,654 (16.7%)",243 (3.7%),"1,065 (15.0%)",736 (11.4%),"1,922 (27.2%)",868 (15.1%),"1,884 (13.0%)","3,483 (14.5%)","15,968 (14.4%)","3,314 (13.0%)","2,365 (12.9%)",,"1,684 (19.8%)","2,934 (16.1%)",209 (3.3%),980 (13.2%),871 (12.2%),"1,970 (27.4%)",845 (14.4%),"1,949 (12.7%)","3,424 (15.3%)","20,545 (14.5%)","3,384 (12.2%)","2,353 (13.1%)",,"1,553 (18.0%)","3,094 (16.9%)",164 (2.4%),"1,049 (13.3%)",965 (12.9%),"2,032 (27.0%)",890 (15.3%),"2,000 (12.6%)","3,542 (15.8%)","21,026 (14.3%)","3,830 (11.4%)","2,271 (12.4%)",,,"3,263 (17.6%)",65 (1.3%),"1,103 (13.7%)",560 (8.9%),,875 (13.9%),"1,899 (11.5%)","3,320 (15.2%)","17,186 (12.8%)",809 (9.9%),962 (11.8%),,,,,192 (8.6%),,,96 (11.7%),224 (9.6%),,"2,283 (10.5%)"
"Neuromuscular blocking agents, n (%)",,,,,,,,,,,,,,,,,,,,,,,,,,,,,,,,,,,,,,,,,,,,,,,,,,,,,,,,,,,,,,,,,,,,,,,,,,,,,,,,,,,,,,,,,,,,,,,,,,,,,,,,,,,,,,,,,,,,,,,,,,,,,,,,,,,,,,,,,,,,,,,,,,,,,,,,,,,,,,,,,,,,,,,,,,,,,,,,,,,,,,,,,,,,,,,,,,,,,,,,,,,,,,,,,,,,,,,,,,,,,
  Cisatracurium,556 (0.6%),621 (0.4%),"1,716 (1.9%)",204 (1.2%),"1,381 (1.1%)",677 (1.0%),661 (1.0%),,593 (1.2%),"1,438 (1.9%)","1,879 (0.9%)","3,669 (1.9%)","13,395 (1.1%)",,,,,,,,,,,17 (0.3%),,17 (0.3%),,,,,,,,,,36 (1.2%),42 (0.4%),,78 (0.6%),,,,,,,,,,70 (1.3%),110 (1.0%),,180 (1.1%),,,,,,,,,,88 (1.7%),176 (1.3%),,264 (1.4%),,,,,,,,,,92 (1.6%),203 (1.3%),,295 (1.4%),,,,,,60 (0.8%),,,,93 (1.6%),207 (1.3%),,360 (1.2%),,17 (0.2%),,,,74 (1.1%),,,,92 (1.6%),148 (0.9%),220 (1.9%),551 (1.1%),,45 (0.2%),,,100 (0.8%),71 (1.0%),82 (0.9%),,71 (1.1%),119 (2.1%),123 (0.7%),521 (2.1%),"1,132 (1.1%)",,50 (0.3%),,,125 (0.9%),67 (0.8%),67 (0.7%),,66 (0.9%),116 (2.1%),134 (0.8%),454 (1.7%),"1,079 (1.0%)",,154 (0.9%),,,377 (2.6%),67 (0.9%),230 (3.0%),,102 (1.5%),156 (3.0%),196 (1.3%),571 (2.6%),"1,853 (1.9%)",,113 (0.6%),,,271 (1.8%),142 (2.1%),93 (1.3%),,127 (1.7%),151 (2.7%),209 (1.4%),556 (2.4%),"1,662 (1.7%)",41 (0.7%),49 (0.3%),,,162 (1.0%),82 (1.2%),61 (0.9%),,97 (1.4%),100 (1.7%),98 (0.7%),420 (1.7%),"1,110 (1.1%)",162 (0.6%),45 (0.2%),,108 (1.3%),120 (0.7%),55 (0.9%),38 (0.5%),,54 (0.8%),99 (1.7%),90 (0.6%),339 (1.5%),"1,110 (0.8%)",158 (0.6%),51 (0.3%),,96 (1.1%),124 (0.7%),46 (0.7%),41 (0.5%),,76 (1.0%),105 (1.8%),61 (0.4%),304 (1.4%),"1,062 (0.8%)",161 (0.5%),57 (0.3%),,,102 (0.5%),13 (0.3%),40 (0.5%),,,113 (1.8%),59 (0.4%),284 (1.3%),829 (0.7%),34 (0.4%),40 (0.5%),,,,,<10,,,<10,<10,,
  Rocuronium,,24 (0.0%),313 (0.3%),,141 (0.1%),619 (0.9%),10 (0.0%),"1,155 (2.0%)",29 (0.1%),10 (0.0%),291 (0.1%),77 (0.0%),"2,669 (0.2%)",,,,,,,,,,,20 (0.3%),,20 (0.3%),,,,,,,,,,0 (0.0%),13 (0.1%),,13 (0.1%),,,,,,,,,,<10,0 (0.0%),,0 (0.0%),,,,,,,,,,0 (0.0%),25 (0.2%),,25 (0.1%),,,,,,,,0 (0.0%),,0 (0.0%),<10,,0 (0.0%),,,,,,11 (0.2%),,<10,,0 (0.0%),<10,,11 (0.1%),,<10,,,,19 (0.3%),,100 (1.5%),,0 (0.0%),10 (0.1%),0 (0.0%),129 (0.3%),,0 (0.0%),,,<10,89 (1.2%),<10,133 (2.2%),<10,0 (0.0%),15 (0.1%),0 (0.0%),237 (0.3%),,<10,,,10 (0.1%),121 (1.5%),<10,100 (1.5%),0 (0.0%),0 (0.0%),33 (0.2%),0 (0.0%),264 (0.3%),,<10,,,18 (0.1%),106 (1.5%),<10,121 (2.1%),23 (0.3%),0 (0.0%),40 (0.3%),19 (0.1%),327 (0.4%),,<10,,,44 (0.3%),87 (1.3%),0 (0.0%),167 (2.6%),0 (0.0%),<10,19 (0.1%),23 (0.1%),340 (0.4%),,<10,,,12 (0.1%),97 (1.5%),0 (0.0%),157 (2.4%),<10,<10,30 (0.2%),<10,296 (0.6%),,<10,,,18 (0.1%),59 (0.9%),<10,134 (1.9%),0 (0.0%),<10,30 (0.2%),<10,241 (0.4%),,<10,,,18 (0.1%),29 (0.4%),0 (0.0%),145 (1.9%),<10,<10,21 (0.1%),<10,213 (0.3%),,<10,,,14 (0.1%),<10,<10,89 (1.4%),,<10,22 (0.1%),10 (0.0%),135 (0.2%),,<10,,,,,0 (0.0%),,,0 (0.0%),<10,,0 (0.0%)
"Medications during IMV (N=325,902)",,,,,,,,,,,,,,,,,,,,,,,,,,,,,,,,,,,,,,,,,,,,,,,,,,,,,,,,,,,,,,,,,,,,,,,,,,,,,,,,,,,,,,,,,,,,,,,,,,,,,,,,,,,,,,,,,,,,,,,,,,,,,,,,,,,,,,,,,,,,,,,,,,,,,,,,,,,,,,,,,,,,,,,,,,,,,,,,,,,,,,,,,,,,,,,,,,,,,,,,,,,,,,,,,,,,,,,,,,,,,
"  Vasopressors, n (%)","17,505 (75.3%)","28,377 (68.0%)","21,228 (59.4%)","4,801 (73.9%)","31,393 (81.0%)","16,615 (76.2%)","9,168 (65.5%)",125 (9.2%),"12,544 (68.2%)","17,896 (66.9%)","33,147 (68.7%)","38,072 (77.2%)","230,871 (70.9%)",,,,,,,,,,,657 (45.3%),,657 (45.3%),,,,,,,,,,566 (54.1%),"1,217 (51.0%)",,"1,783 (51.9%)",,,,,,,,,,989 (58.8%),"1,429 (55.5%)",,"2,418 (56.8%)",,,,,,,,,,"1,040 (61.5%)","1,674 (57.5%)",,"2,714 (59.0%)",,,,,,,,,,"1,084 (61.2%)","1,930 (59.9%)",,"3,014 (60.4%)",,,,,,"1,640 (66.1%)",,,,"1,097 (62.2%)","2,181 (61.5%)",,"4,918 (63.1%)",,"1,291 (55.9%)",,,,"1,586 (66.8%)",,10 (6.7%),,"1,166 (65.4%)","2,348 (65.5%)","2,047 (72.1%)","8,448 (64.8%)",,"2,681 (58.7%)",,,"2,430 (71.5%)","1,794 (69.9%)",941 (50.9%),<10,"1,151 (55.0%)","1,222 (64.2%)","2,383 (66.2%)","4,312 (73.6%)","16,914 (65.5%)",,"2,723 (60.9%)",,,"2,848 (73.3%)","1,890 (72.7%)","1,081 (58.5%)",14 (8.6%),"1,320 (58.1%)","1,291 (65.6%)","2,413 (66.6%)","4,253 (72.1%)","17,833 (66.7%)",,"3,265 (68.1%)",,,"3,483 (76.9%)","1,886 (78.3%)","1,281 (69.0%)",10 (8.2%),"1,580 (62.7%)","1,329 (67.3%)","2,609 (71.7%)","4,285 (75.6%)","19,728 (71.7%)",,"3,354 (69.3%)",,,"3,785 (81.2%)","1,946 (81.5%)","1,026 (66.3%)",20 (13.8%),"1,954 (70.4%)","1,584 (73.6%)","2,749 (77.7%)","4,382 (77.3%)","20,800 (75.0%)","1,110 (74.1%)","3,201 (70.0%)",,,"3,965 (82.6%)","1,877 (82.9%)","1,080 (71.9%)",10 (6.9%),"2,070 (72.2%)","1,507 (72.3%)","2,654 (79.8%)","4,607 (78.8%)","22,081 (76.4%)","4,526 (74.8%)","3,381 (71.0%)",,"2,433 (73.3%)","4,610 (83.3%)","1,838 (84.3%)","1,043 (69.3%)",20 (11.5%),"2,159 (73.5%)","1,598 (72.1%)","2,772 (80.6%)","4,744 (80.2%)","29,124 (76.6%)","4,861 (72.0%)","3,497 (73.7%)",,"2,368 (74.5%)","5,065 (85.4%)","1,996 (85.3%)","1,165 (69.7%)",21 (10.3%),"2,310 (78.8%)","1,572 (72.6%)","2,871 (80.7%)","4,874 (81.5%)","30,600 (77.6%)","5,775 (78.4%)","3,429 (74.0%)",,,"5,207 (86.3%)",162 (78.3%),"1,293 (74.9%)",11 (8.5%),,"1,661 (73.0%)","2,893 (84.4%)","4,568 (80.8%)","24,999 (79.5%)","1,233 (77.5%)","1,555 (76.5%)",,,,,258 (52.5%),,,190 (70.6%),367 (78.3%),,"3,603 (74.2%)"
"    Norepinephrine, n (%)","16,873 (72.6%)","25,801 (61.8%)","11,381 (31.9%)","4,648 (71.5%)","28,404 (73.3%)","13,518 (62.0%)","8,640 (61.7%)",122 (9.0%),"9,828 (53.4%)","15,431 (57.7%)","24,312 (50.4%)","29,721 (60.2%)","188,679 (57.9%)",,,,,,,,,,,345 (23.8%),,345 (23.8%),,,,,,,,,,381 (36.4%),627 (26.3%),,"1,008 (29.4%)",,,,,,,,,,671 (39.9%),762 (29.6%),,"1,433 (33.7%)",,,,,,,,,,737 (43.6%),971 (33.3%),,"1,708 (37.1%)",,,,,,,,,,803 (45.4%),"1,171 (36.4%)",,"1,974 (39.6%)",,,,,,"1,238 (49.9%)",,,,871 (49.4%),"1,394 (39.3%)",,"3,503 (45.0%)",,979 (42.4%),,,,"1,228 (51.7%)",,10 (6.7%),,960 (53.8%),"1,694 (47.3%)",967 (34.0%),"5,838 (44.8%)",,"2,202 (48.2%)",,,"2,140 (63.0%)","1,362 (53.1%)",804 (43.5%),<10,851 (40.6%),"1,030 (54.1%)","1,713 (47.6%)","2,229 (38.1%)","12,331 (47.7%)",,"2,354 (52.7%)",,,"2,455 (63.2%)","1,472 (56.6%)",993 (53.7%),12 (7.4%),"1,074 (47.3%)","1,137 (57.8%)","1,639 (45.2%)","2,368 (40.2%)","13,504 (50.5%)",,"2,997 (62.5%)",,,"3,172 (70.0%)","1,511 (62.7%)","1,216 (65.5%)",10 (8.2%),"1,290 (51.2%)","1,208 (61.1%)","2,021 (55.5%)","3,163 (55.8%)","16,588 (60.3%)",,"3,054 (63.1%)",,,"3,417 (73.3%)","1,642 (68.8%)",972 (62.8%),20 (13.8%),"1,516 (54.6%)","1,468 (68.2%)","2,196 (62.1%)","3,724 (65.7%)","18,009 (65.0%)","1,074 (71.7%)","2,983 (65.2%)",,,"3,578 (74.6%)","1,578 (69.7%)","1,022 (68.0%)",10 (6.9%),"1,620 (56.5%)","1,422 (68.2%)","2,064 (62.1%)","4,089 (69.9%)","19,440 (67.3%)","4,365 (72.1%)","3,150 (66.1%)",,"2,352 (70.8%)","4,189 (75.7%)","1,576 (72.3%)",992 (66.0%),20 (11.5%),"1,660 (56.5%)","1,500 (67.7%)","2,282 (66.4%)","4,336 (73.3%)","26,422 (69.5%)","4,654 (68.9%)","3,328 (70.1%)",,"2,296 (72.3%)","4,651 (78.4%)","1,780 (76.1%)","1,124 (67.3%)",21 (10.3%),"1,817 (62.0%)","1,481 (68.4%)","2,416 (67.9%)","4,533 (75.8%)","28,101 (71.2%)","5,595 (76.0%)","3,260 (70.3%)",,,"4,802 (79.6%)",131 (63.3%),"1,266 (73.3%)",11 (8.5%),,"1,581 (69.5%)","2,678 (78.2%)","4,312 (76.2%)","23,636 (75.1%)","1,185 (74.5%)","1,494 (73.5%)",,,,,251 (51.1%),,,181 (67.3%),339 (72.3%),,"3,450 (71.1%)"
"      Norepinephrine dose (mcg/kg/min), median [Q1, Q3]","0.05 [0.03, 0.07]","0.06 [0.03, 0.10]","0.07 [0.03, 0.12]","0.04 [0.02, 0.06]","0.05 [0.02, 0.08]","0.02 [0.02, 0.04]","0.06 [0.04, 0.10]","0.06 [0.04, 0.09]","0.08 [0.05, 0.13]","0.05 [0.03, 0.08]","0.05 [0.03, 0.07]","0.05 [0.03, 0.07]","0.1 [0.0, 0.1]",,,,,,,,,,,"0.07 [0.04, 0.10]",,"0.1 [0.0, 0.1]",,,,,,,,,,"0.06 [0.04, 0.08]","0.06 [0.03, 0.10]",,"0.1 [0.0, 0.1]",,,,,,,,,,"0.06 [0.04, 0.09]","0.06 [0.04, 0.10]",,"0.1 [0.0, 0.1]",,,,,,,,,,"0.06 [0.04, 0.08]","0.06 [0.04, 0.10]",,"0.1 [0.0, 0.1]",,,,,,,,,,"0.06 [0.03, 0.08]","0.05 [0.03, 0.08]",,"0.1 [0.0, 0.1]",,,,,,"0.02 [0.01, 0.04]",,,,"0.05 [0.03, 0.08]","0.05 [0.03, 0.08]",,"0.0 [0.0, 0.1]",,"0.08 [0.04, 0.12]",,,,"0.02 [0.01, 0.04]",,"0.03 [0.02, 0.05]",,"0.06 [0.03, 0.08]","0.05 [0.03, 0.07]","0.06 [0.03, 0.09]","0.1 [0.0, 0.1]",,"0.07 [0.04, 0.12]",,,"0.05 [0.03, 0.08]","0.02 [0.01, 0.04]","0.08 [0.05, 0.12]","0.09 [0.05, 0.14]","0.09 [0.05, 0.15]","0.06 [0.03, 0.08]","0.05 [0.03, 0.07]","0.06 [0.03, 0.09]","0.1 [0.0, 0.1]",,"0.08 [0.04, 0.12]",,,"0.05 [0.03, 0.08]","0.02 [0.01, 0.04]","0.06 [0.04, 0.09]","0.19 [0.14, 0.61]","0.08 [0.05, 0.14]","0.05 [0.03, 0.08]","0.05 [0.03, 0.08]","0.06 [0.03, 0.09]","0.1 [0.0, 0.6]",,"0.07 [0.04, 0.11]",,,"0.05 [0.02, 0.08]","0.02 [0.02, 0.04]","0.07 [0.04, 0.12]","nan [nan, nan]","0.08 [0.04, 0.13]","0.05 [0.03, 0.08]","0.05 [0.03, 0.08]","0.05 [0.03, 0.08]","0.1 [0.0, 0.1]",,"0.06 [0.03, 0.10]",,,"0.05 [0.03, 0.08]","0.03 [0.02, 0.05]","0.06 [0.04, 0.10]","0.05 [0.05, 0.10]","0.08 [0.05, 0.15]","0.05 [0.03, 0.07]","0.05 [0.03, 0.07]","0.04 [0.03, 0.07]","0.1 [0.0, 0.1]","0.05 [0.03, 0.07]","0.06 [0.03, 0.09]",,,"0.05 [0.03, 0.08]","0.03 [0.02, 0.05]","0.07 [0.04, 0.11]","0.02 [0.02, 0.02]","0.08 [0.05, 0.13]","0.05 [0.03, 0.08]","0.04 [0.03, 0.07]","0.04 [0.02, 0.06]","0.0 [0.0, 0.1]","0.05 [0.03, 0.07]","0.06 [0.03, 0.09]",,"0.04 [0.02, 0.06]","0.05 [0.02, 0.07]","0.03 [0.02, 0.05]","0.07 [0.04, 0.10]","0.11 [0.04, 0.21]","0.08 [0.05, 0.12]","0.05 [0.03, 0.07]","0.04 [0.03, 0.07]","0.04 [0.03, 0.07]","0.1 [0.0, 0.2]","0.05 [0.03, 0.07]","0.05 [0.03, 0.08]",,"0.04 [0.02, 0.06]","0.04 [0.02, 0.07]","0.03 [0.02, 0.06]","0.06 [0.03, 0.08]","0.05 [0.03, 0.08]","0.08 [0.04, 0.12]","0.05 [0.03, 0.07]","0.04 [0.02, 0.06]","0.04 [0.03, 0.07]","0.0 [0.0, 0.1]","0.05 [0.03, 0.07]","0.05 [0.03, 0.08]",,,"0.04 [0.02, 0.07]","0.02 [0.02, 0.06]","0.05 [0.03, 0.08]","0.11 [0.09, 0.16]",,"0.05 [0.03, 0.08]","0.04 [0.02, 0.06]","0.04 [0.03, 0.07]","0.0 [0.0, 0.2]","0.05 [0.03, 0.08]","0.04 [0.02, 0.08]",,,,,"0.06 [0.03, 0.09]",,,"0.04 [0.03, 0.06]","0.04 [0.02, 0.05]",,"0.0 [0.0, 0.1]"
"    Epinephrine, n (%)","8,302 (35.7%)","9,549 (22.9%)","3,661 (10.2%)","1,486 (22.9%)","9,317 (24.0%)","4,678 (21.5%)","2,548 (18.2%)",13 (1.0%),"4,038 (21.9%)","5,257 (19.7%)","15,372 (31.8%)","20,017 (40.6%)","84,238 (25.8%)",,,,,,,,,,,238 (16.4%),,238 (16.4%),,,,,,,,,,130 (12.4%),424 (17.8%),,554 (16.1%),,,,,,,,,,248 (14.8%),537 (20.9%),,785 (18.5%),,,,,,,,,,224 (13.3%),619 (21.3%),,843 (18.4%),,,,,,,,,,254 (14.4%),690 (21.4%),,944 (18.9%),,,,,,475 (19.2%),,,,272 (15.4%),834 (23.5%),,"1,581 (20.3%)",,462 (20.0%),,,,452 (19.0%),,<10,,322 (18.1%),"1,022 (28.5%)","1,322 (46.5%)","3,580 (27.8%)",,988 (21.6%),,,756 (22.2%),468 (18.2%),355 (19.2%),<10,526 (25.1%),370 (19.4%),"1,232 (34.3%)","2,694 (46.0%)","7,389 (28.6%)",,879 (19.7%),,,808 (20.8%),448 (17.2%),372 (20.1%),<10,512 (22.5%),407 (20.7%),"1,207 (33.3%)","2,649 (44.9%)","7,282 (27.4%)",,846 (17.6%),,,842 (18.6%),556 (23.1%),448 (24.1%),<10,522 (20.7%),412 (20.9%),"1,125 (30.9%)","2,497 (44.0%)","7,248 (26.4%)",,"1,040 (21.5%)",,,"1,000 (21.5%)",547 (22.9%),303 (19.6%),<10,658 (23.7%),511 (23.7%),"1,218 (34.4%)","2,750 (48.5%)","8,027 (29.1%)",494 (33.0%),"1,039 (22.7%)",,,"1,137 (23.7%)",527 (23.3%),318 (21.2%),,658 (22.9%),513 (24.6%),"1,391 (41.8%)","2,839 (48.6%)","8,916 (31.0%)","2,136 (35.3%)","1,210 (25.4%)",,766 (23.1%),"1,375 (24.8%)",538 (24.7%),225 (15.0%),<10,579 (19.7%),506 (22.8%),"1,511 (43.9%)","2,848 (48.2%)","11,694 (30.9%)","2,286 (33.9%)","1,293 (27.2%)",,720 (22.7%),"1,667 (28.1%)",621 (26.5%),268 (16.0%),,583 (19.9%),524 (24.2%),"1,511 (42.5%)","2,376 (39.7%)","11,849 (30.2%)","2,796 (38.0%)","1,280 (27.6%)",,,"1,732 (28.7%)",46 (22.2%),219 (12.7%),<10,,500 (22.0%),"1,591 (46.4%)",42 (0.7%),"8,206 (25.9%)",590 (37.1%),512 (25.2%),,,,,40 (8.1%),,,64 (23.8%),222 (47.3%),,"1,428 (29.4%)"
"      Epinephrine dose (mcg/kg/min), median [Q1, Q3]","0.04 [0.03, 0.05]","0.03 [0.02, 0.05]","0.02 [0.01, 0.03]","0.03 [0.02, 0.03]","0.03 [0.02, 0.04]","0.02 [0.02, 0.03]","0.05 [0.02, 0.08]","0.11 [0.10, 0.15]","0.10 [0.05, 0.17]","0.04 [0.03, 0.05]","0.03 [0.02, 0.04]","0.03 [0.02, 0.04]","0.0 [0.0, 0.2]",,,,,,,,,,,"0.03 [0.02, 0.04]",,"0.0 [0.0, 0.0]",,,,,,,,,,"0.05 [0.04, 0.06]","0.02 [0.01, 0.03]",,"0.0 [0.0, 0.1]",,,,,,,,,,"0.05 [0.04, 0.07]","0.02 [0.01, 0.03]",,"0.0 [0.0, 0.1]",,,,,,,,,,"0.05 [0.04, 0.07]","0.03 [0.02, 0.04]",,"0.0 [0.0, 0.1]",,,,,,,,,,"0.05 [0.04, 0.08]","0.03 [0.02, 0.04]",,"0.0 [0.0, 0.1]",,,,,,"0.02 [0.01, 0.03]",,,,"0.05 [0.03, 0.08]","0.03 [0.02, 0.04]",,"0.0 [0.0, 0.1]",,"0.03 [0.02, 0.04]",,,,"0.02 [0.02, 0.03]",,"nan [nan, nan]",,"0.05 [0.04, 0.08]","0.03 [0.02, 0.04]","0.03 [0.02, 0.03]","0.0 [0.0, 0.1]",,"0.04 [0.02, 0.05]",,,"0.03 [0.02, 0.04]","0.02 [0.01, 0.03]","0.02 [0.02, 0.04]","0.04 [0.03, 0.07]","0.05 [0.03, 0.07]","0.05 [0.04, 0.08]","0.03 [0.02, 0.04]","0.03 [0.02, 0.03]","0.0 [0.0, 0.1]",,"0.04 [0.02, 0.05]",,,"0.03 [0.02, 0.04]","0.02 [0.01, 0.03]","0.04 [0.02, 0.06]","0.54 [0.54, 1.36]","0.10 [0.05, 0.18]","0.04 [0.03, 0.06]","0.03 [0.01, 0.03]","0.03 [0.02, 0.04]","0.1 [0.0, 1.4]",,"0.04 [0.02, 0.05]",,,"0.03 [0.02, 0.04]","0.02 [0.02, 0.04]","0.06 [0.03, 0.10]","nan [nan, nan]","0.10 [0.06, 0.20]","0.04 [0.03, 0.06]","0.03 [0.02, 0.04]","0.03 [0.02, 0.04]","0.0 [0.0, 0.2]",,"0.03 [0.02, 0.05]",,,"0.03 [0.02, 0.05]","0.03 [0.02, 0.04]","0.06 [0.03, 0.09]","nan [nan, nan]","0.11 [0.06, 0.20]","0.04 [0.03, 0.05]","0.03 [0.02, 0.04]","0.03 [0.02, 0.04]","0.0 [0.0, 0.2]","0.05 [0.03, 0.06]","0.03 [0.02, 0.05]",,,"0.03 [0.02, 0.04]","0.02 [0.01, 0.04]","0.06 [0.03, 0.10]",,"0.10 [0.05, 0.17]","0.03 [0.02, 0.04]","0.03 [0.02, 0.04]","0.03 [0.02, 0.03]","0.0 [0.0, 0.2]","0.04 [0.03, 0.06]","0.03 [0.02, 0.04]",,"0.03 [0.02, 0.03]","0.03 [0.02, 0.04]","0.03 [0.02, 0.04]","0.07 [0.02, 0.11]","0.17 [0.17, 0.17]","0.11 [0.06, 0.20]","0.03 [0.02, 0.05]","0.03 [0.02, 0.04]","0.03 [0.02, 0.03]","0.0 [0.0, 0.2]","0.04 [0.03, 0.05]","0.03 [0.02, 0.04]",,"0.02 [0.02, 0.03]","0.03 [0.02, 0.04]","0.03 [0.02, 0.04]","0.04 [0.02, 0.08]",,"0.10 [0.05, 0.18]","0.04 [0.03, 0.05]","0.03 [0.02, 0.04]","0.03 [0.02, 0.04]","0.0 [0.0, 0.2]","0.04 [0.03, 0.05]","0.03 [0.02, 0.04]",,,"0.03 [0.02, 0.04]","0.03 [0.02, 0.04]","0.03 [0.02, 0.06]","nan [nan, nan]",,"0.04 [0.03, 0.05]","0.03 [0.02, 0.04]","0.07 [0.06, 0.15]","0.0 [0.0, 0.1]","0.04 [0.03, 0.05]","0.03 [0.02, 0.04]",,,,,"0.02 [0.01, 0.02]",,,"0.04 [0.02, 0.05]","0.03 [0.02, 0.03]",,"0.0 [0.0, 0.1]"
"    Phenylephrine, n (%)","2,276 (9.8%)","2,415 (5.8%)","15,106 (42.3%)",22 (0.3%),"11,286 (29.1%)","5,994 (27.5%)","2,277 (16.3%)",<10,"6,775 (36.8%)","3,506 (13.1%)","12,809 (26.5%)","18,251 (37.0%)","80,717 (24.8%)",,,,,,,,,,,264 (18.2%),,264 (18.2%),,,,,,,,,,270 (25.8%),510 (21.4%),,780 (22.7%),,,,,,,,,,447 (26.6%),658 (25.6%),,"1,105 (26.0%)",,,,,,,,,,414 (24.5%),752 (25.8%),,"1,166 (25.3%)",,,,,,,,,,346 (19.5%),882 (27.4%),,"1,228 (24.6%)",,,,,,567 (22.9%),,,,295 (16.7%),"1,055 (29.8%)",,"1,917 (24.6%)",,205 (8.9%),,,,528 (22.2%),,,,299 (16.8%),900 (25.1%),"1,446 (50.9%)","3,378 (26.2%)",,431 (9.4%),,,764 (22.5%),639 (24.9%),388 (21.0%),,464 (22.2%),288 (15.1%),920 (25.6%),"2,707 (46.2%)","6,601 (25.5%)",,367 (8.2%),,,"1,026 (26.4%)",686 (26.4%),290 (15.7%),<10,645 (28.4%),287 (14.6%),"1,094 (30.2%)","2,780 (47.1%)","7,175 (27.0%)",,319 (6.6%),,,"1,173 (25.9%)",737 (30.6%),330 (17.8%),,801 (31.8%),232 (11.7%),984 (27.0%),"2,308 (40.7%)","6,884 (25.1%)",,254 (5.2%),,,"1,407 (30.2%)",692 (29.0%),221 (14.3%),<10,"1,102 (39.7%)",176 (8.2%),"1,049 (29.6%)","2,147 (37.9%)","7,048 (25.5%)",103 (6.9%),180 (3.9%),,,"1,459 (30.4%)",773 (34.2%),281 (18.7%),,"1,193 (41.6%)",134 (6.4%),"1,033 (31.1%)","1,851 (31.7%)","7,007 (24.3%)",380 (6.3%),173 (3.6%),,12 (0.4%),"1,733 (31.3%)",690 (31.7%),232 (15.4%),<10,"1,271 (43.2%)",96 (4.3%),984 (28.6%),"1,764 (29.8%)","7,335 (19.5%)",350 (5.2%),215 (4.5%),,10 (0.3%),"1,848 (31.2%)",617 (26.4%),244 (14.6%),<10,"1,299 (44.3%)",103 (4.8%),910 (25.6%),"1,705 (28.5%)","7,301 (18.5%)","1,182 (16.0%)",205 (4.4%),,,"1,876 (31.1%)",65 (31.4%),229 (13.3%),,,107 (4.7%),730 (21.3%),"1,543 (27.3%)","5,937 (18.9%)",261 (16.4%),66 (3.2%),,,,,62 (12.6%),,,12 (4.5%),84 (17.9%),,485 (9.9%)
"      Phenylephrine dose (mcg/kg/min), median [Q1, Q3]","0.55 [0.45, 0.80]","0.55 [0.32, 0.80]","0.50 [0.25, 0.80]","0.72 [0.53, 1.05]","0.59 [0.32, 0.90]","0.07 [0.04, 0.10]","0.59 [0.35, 0.93]","1.03 [0.81, 1.12]","0.58 [0.45, 1.00]","0.50 [0.33, 0.69]","0.35 [0.20, 0.50]","0.50 [0.27, 0.75]","0.5 [0.0, 1.1]",,,,,,,,,,,"0.50 [0.30, 0.60]",,"0.5 [0.3, 0.6]",,,,,,,,,,"0.59 [0.38, 0.79]","0.46 [0.26, 0.60]",,"0.5 [0.3, 0.8]",,,,,,,,,,"0.55 [0.37, 0.75]","0.40 [0.22, 0.57]",,"0.4 [0.2, 0.8]",,,,,,,,,,"0.47 [0.33, 0.66]","0.40 [0.23, 0.50]",,"0.4 [0.2, 0.7]",,,,,,,,,,"0.47 [0.32, 0.65]","0.35 [0.20, 0.50]",,"0.4 [0.2, 0.7]",,,,,,"0.08 [0.05, 0.11]",,,,"0.46 [0.31, 0.59]","0.30 [0.20, 0.50]",,"0.3 [0.1, 0.6]",,"0.50 [0.28, 0.69]",,,,"0.08 [0.04, 0.11]",,,,"0.49 [0.31, 0.67]","0.35 [0.20, 0.50]","0.45 [0.24, 0.68]","0.4 [0.0, 0.7]",,"0.55 [0.32, 0.79]",,,"0.62 [0.34, 0.96]","0.07 [0.04, 0.10]","0.60 [0.39, 0.95]",,"1.00 [0.50, 1.75]","0.48 [0.32, 0.67]","0.30 [0.20, 0.50]","0.51 [0.27, 0.76]","0.5 [0.0, 1.8]",,"0.50 [0.30, 0.73]",,,"0.59 [0.34, 0.90]","0.08 [0.04, 0.11]","0.53 [0.35, 0.81]","0.12 [0.09, 0.15]","0.70 [0.50, 1.00]","0.52 [0.33, 0.72]","0.30 [0.20, 0.45]","0.46 [0.25, 0.68]","0.4 [0.0, 1]",,"0.50 [0.30, 0.73]",,,"0.63 [0.35, 0.94]","0.07 [0.03, 0.10]","0.77 [0.42, 1.20]",,"0.75 [0.50, 1.00]","0.45 [0.29, 0.62]","0.38 [0.20, 0.50]","0.43 [0.23, 0.68]","0.5 [0.0, 1.2]",,"0.58 [0.38, 0.90]",,,"0.60 [0.34, 0.95]","0.07 [0.04, 0.10]","0.61 [0.36, 1.00]","1.94 [1.53, 2.08]","0.60 [0.50, 1.00]","0.46 [0.32, 0.71]","0.33 [0.20, 0.50]","0.42 [0.24, 0.66]","0.6 [0.0, 2.1]","0.53 [0.50, 0.70]","0.60 [0.38, 0.85]",,,"0.62 [0.33, 0.96]","0.06 [0.03, 0.09]","0.65 [0.37, 1.10]",,"0.50 [0.40, 0.87]","0.55 [0.40, 0.78]","0.30 [0.20, 0.50]","0.45 [0.25, 0.68]","0.5 [0.0, 1.1]","0.55 [0.50, 0.80]","0.67 [0.42, 0.93]",,"1.23 [0.39, 1.43]","0.55 [0.30, 0.87]","0.06 [0.03, 0.09]","0.53 [0.32, 0.80]","nan [nan, nan]","0.50 [0.38, 0.85]","0.56 [0.39, 0.77]","0.30 [0.20, 0.50]","0.62 [0.35, 0.92]","0.6 [0.0, 1.4]","0.60 [0.50, 0.80]","0.50 [0.30, 0.78]",,"0.65 [0.55, 0.95]","0.60 [0.33, 0.91]","0.08 [0.04, 0.11]","0.48 [0.29, 0.83]","nan [nan, nan]","0.50 [0.38, 0.80]","0.62 [0.41, 0.83]","0.30 [0.20, 0.50]","0.65 [0.35, 0.97]","0.5 [0.0, 1.0]","0.50 [0.40, 0.80]","0.60 [0.30, 0.86]",,,"0.56 [0.30, 0.81]","0.08 [0.04, 0.11]","0.48 [0.29, 0.81]",,,"0.66 [0.42, 0.95]","0.40 [0.20, 0.50]","0.66 [0.36, 0.98]","0.5 [0.0, 1.0]","0.70 [0.50, 0.95]","0.75 [0.38, 1.00]",,,,,"0.66 [0.34, 1.03]",,,"0.76 [0.46, 1.08]","0.40 [0.20, 0.50]",,"0.7 [0.2, 1.1]"
"    Vasopressin, n (%)","9,680 (41.6%)","9,646 (23.1%)","4,955 (13.9%)",299 (4.6%),"13,598 (35.1%)","5,509 (25.3%)","3,898 (27.9%)",32 (2.4%),"5,783 (31.4%)","4,996 (18.7%)","12,722 (26.3%)","15,066 (30.5%)","86,184 (26.4%)",,,,,,,,,,,267 (18.4%),,267 (18.4%),,,,,,,,,,118 (11.3%),385 (16.1%),,503 (14.6%),,,,,,,,,,227 (13.5%),452 (17.6%),,679 (16.0%),,,,,,,,,,243 (14.4%),493 (16.9%),,736 (16.0%),,,,,,,,,,253 (14.3%),543 (16.9%),,796 (16.0%),,,,,,407 (16.4%),,,,256 (14.5%),693 (19.5%),,"1,356 (17.4%)",,364 (15.8%),,,,457 (19.2%),,<10,,323 (18.1%),885 (24.7%),780 (27.5%),"2,809 (21.8%)",,883 (19.3%),,,924 (27.2%),478 (18.6%),316 (17.1%),<10,514 (24.5%),358 (18.8%),907 (25.2%),"1,666 (28.4%)","6,046 (23.4%)",,933 (20.9%),,,"1,093 (28.1%)",529 (20.3%),398 (21.5%),<10,651 (28.7%),385 (19.6%),877 (24.2%),"1,701 (28.8%)","6,567 (24.7%)",,"1,119 (23.3%)",,,"1,545 (34.1%)",631 (26.2%),590 (31.8%),<10,793 (31.5%),138 (7.0%),"1,018 (28.0%)","1,750 (30.9%)","7,584 (27.7%)",,"1,122 (23.2%)",,,"1,764 (37.9%)",729 (30.5%),456 (29.5%),<10,922 (33.2%),172 (8.0%),"1,133 (32.0%)","1,756 (31.0%)","8,054 (29.2%)",616 (41.1%),"1,028 (22.5%)",,,"1,809 (37.7%)",677 (29.9%),497 (33.1%),<10,944 (32.9%),452 (21.7%),"1,066 (32.1%)","1,777 (30.4%)","8,866 (30.8%)","2,463 (40.7%)","1,119 (23.5%)",,299 (9.0%),"2,030 (36.7%)",735 (33.7%),480 (31.9%),<10,954 (32.5%),631 (28.5%),"1,253 (36.4%)","1,824 (30.8%)","11,788 (31.1%)","2,702 (40.0%)","1,228 (25.9%)",,,"2,151 (36.3%)",808 (34.5%),497 (29.7%),<10,"1,005 (34.3%)",676 (31.2%),"1,235 (34.7%)","1,954 (32.7%)","12,256 (34.0%)","3,206 (43.5%)","1,285 (27.7%)",,,"2,282 (37.8%)",58 (28.0%),554 (32.1%),<10,,692 (30.4%),"1,346 (39.3%)","1,858 (32.9%)","11,281 (36.0%)",693 (43.6%),565 (27.8%),,,,,110 (22.4%),,,72 (26.8%),169 (36.0%),,"1,609 (33.2%)"
"    Dopamine, n (%)",331 (1.4%),"1,569 (3.8%)","1,299 (3.6%)",322 (5.0%),"2,249 (5.8%)",436 (2.0%),147 (1.1%),<10,"2,409 (13.1%)","1,215 (4.5%)","3,550 (7.4%)",657 (1.3%),"14,184 (4.4%)",,,,,,,,,,,181 (12.5%),,181 (12.5%),,,,,,,,,,102 (9.7%),281 (11.8%),,383 (11.2%),,,,,,,,,,145 (8.6%),264 (10.3%),,409 (9.6%),,,,,,,,,,155 (9.2%),335 (11.5%),,490 (10.7%),,,,,,,,,,170 (9.6%),389 (12.1%),,559 (11.2%),,,,,,102 (4.1%),,,,140 (7.9%),376 (10.6%),,618 (7.9%),,164 (7.1%),,,,75 (3.2%),,,,135 (7.6%),397 (11.1%),65 (2.3%),836 (6.5%),,346 (7.6%),,,188 (5.5%),66 (2.6%),23 (1.2%),<10,388 (18.5%),115 (6.0%),285 (7.9%),132 (2.3%),"1,543 (6.0%)",,252 (5.6%),,,223 (5.7%),54 (2.1%),28 (1.5%),<10,383 (16.9%),51 (2.6%),247 (6.8%),101 (1.7%),"1,339 (5.0%)",,148 (3.1%),,,278 (6.1%),47 (2.0%),30 (1.6%),<10,348 (13.8%),40 (2.0%),237 (6.5%),73 (1.3%),"1,201 (4.4%)",,162 (3.3%),,,400 (8.6%),36 (1.5%),14 (0.9%),,397 (14.3%),34 (1.6%),185 (5.2%),85 (1.5%),"1,313 (4.8%)",15 (1.0%),111 (2.4%),,,373 (7.8%),21 (0.9%),14 (0.9%),,355 (12.4%),35 (1.7%),133 (4.0%),62 (1.1%),"1,119 (3.9%)",101 (1.7%),93 (2.0%),,188 (5.7%),297 (5.4%),18 (0.8%),15 (1.0%),,273 (9.3%),27 (1.2%),91 (2.6%),45 (0.8%),"1,148 (3.1%)",73 (1.1%),100 (2.1%),,134 (4.2%),264 (4.5%),17 (0.7%),<10,,265 (9.0%),30 (1.4%),86 (2.4%),50 (0.8%),"1,019 (2.7%)",119 (1.6%),115 (2.5%),,,226 (3.7%),,12 (0.7%),,,32 (1.4%),60 (1.8%),44 (0.8%),608 (2.0%),23 (1.4%),78 (3.8%),,,,,<10,,,<10,<10,,
"      Dopamine dose (mcg/kg/min), median [Q1, Q3]","5.00 [3.00, 5.00]","4.00 [2.50, 5.00]","5.00 [2.00, 7.50]","4.00 [3.00, 5.00]","3.00 [2.00, 4.00]","3.00 [2.00, 4.00]","5.00 [2.75, 5.00]","3.50 [3.50, 3.50]","4.00 [2.50, 5.00]","3.00 [3.00, 4.25]","4.00 [2.50, 5.00]","5.00 [3.00, 5.00]","4.1 [2, 7.5]",,,,,,,,,,,"4.99 [2.50, 5.00]",,"5.0 [2.5, 5]",,,,,,,,,,"4.00 [3.00, 5.00]","5.00 [3.00, 5.88]",,"4.8 [3, 5.9]",,,,,,,,,,"3.00 [3.00, 4.50]","4.75 [2.63, 5.00]",,"4.2 [2.6, 5]",,,,,,,,,,"3.00 [2.50, 4.00]","5.00 [2.93, 5.75]",,"4.4 [2.5, 5.8]",,,,,,,,,,"3.50 [3.00, 4.25]","4.00 [2.50, 5.00]",,"3.9 [2.5, 5]",,,,,,"2.50 [1.29, 3.00]",,,,"3.00 [2.75, 4.00]","4.00 [2.50, 5.00]",,"3.4 [1.3, 5]",,"4.00 [2.62, 5.00]",,,,"3.00 [1.62, 4.50]",,,,"3.00 [2.75, 4.00]","3.50 [2.47, 5.00]","4.00 [2.75, 5.00]","3.6 [1.6, 5]",,"4.50 [2.62, 5.00]",,,"4.00 [2.50, 5.00]","3.00 [2.38, 4.69]","3.75 [2.25, 4.50]","5.00 [5.00, 5.00]","5.00 [3.00, 5.00]","3.00 [3.00, 4.75]","3.00 [2.50, 5.00]","5.00 [3.75, 6.25]","4.1 [2.2, 6.2]",,"4.00 [2.50, 5.00]",,,"5.00 [2.98, 5.00]","2.50 [1.00, 3.00]","5.00 [2.50, 5.00]","2.00 [2.00, 2.00]","5.00 [4.00, 7.48]","4.00 [3.00, 5.00]","3.50 [2.12, 5.00]","3.38 [2.00, 4.50]","3.8 [1, 7.5]",,"4.00 [2.50, 5.00]",,,"4.00 [2.13, 5.00]","2.00 [1.44, 2.88]","5.00 [3.75, 5.00]","nan [nan, nan]","4.00 [2.50, 5.00]","3.00 [3.00, 3.00]","4.00 [2.50, 5.00]","5.00 [3.00, 5.00]","4.1 [1.4, 5]",,"4.00 [2.50, 5.00]",,,"2.26 [1.50, 3.00]","3.00 [2.00, 4.00]","5.00 [3.38, 5.12]",,"4.99 [2.50, 5.00]","4.00 [3.00, 5.00]","4.00 [2.12, 5.00]","5.00 [3.69, 5.50]","4.0 [1.5, 5.5]","5.00 [3.75, 5.00]","3.00 [2.00, 3.75]",,,"2.00 [0.50, 2.00]","5.00 [3.00, 5.00]","5.00 [3.75, 5.00]",,"3.00 [2.50, 5.00]","3.50 [3.00, 4.38]","3.00 [2.00, 4.25]","5.00 [3.19, 5.00]","3.7 [0.5, 5]","5.00 [3.75, 5.00]","3.00 [2.00, 4.00]",,"5.00 [3.00, 5.00]","2.00 [1.50, 3.00]","4.50 [4.00, 5.00]","5.00 [3.75, 5.00]",,"3.00 [2.50, 5.00]","3.00 [3.00, 3.25]","3.00 [2.25, 4.75]","4.50 [2.62, 6.00]","3.8 [1.5, 6]","5.00 [5.00, 5.00]","3.75 [2.50, 5.00]",,"3.00 [3.00, 5.00]","3.00 [2.00, 4.00]","3.25 [2.25, 3.62]","2.50 [1.25, 3.75]",,"3.00 [2.50, 3.00]","4.00 [3.00, 5.00]","4.00 [2.50, 5.00]","5.00 [3.00, 5.00]","4.0 [1.2, 5]","5.00 [3.00, 5.00]","4.50 [2.50, 5.00]",,,"2.75 [2.00, 3.75]",,"5.00 [1.25, 5.00]",,,"3.00 [3.00, 3.00]","5.00 [3.00, 5.75]","4.50 [2.50, 5.00]","4.4 [1.2, 5.8]","3.00 [2.25, 3.00]","4.00 [2.50, 5.00]",,,,,"5.00 [5.00, 5.00]",,,"2.25 [1.50, 3.00]","6.00 [3.00, 7.50]",,"3.9 [1.5, 7.5]"
"  Sedatives and analgesics, n (%)",,,,,,,,,,,,,,,,,,,,,,,,,,,,,,,,,,,,,,,,,,,,,,,,,,,,,,,,,,,,,,,,,,,,,,,,,,,,,,,,,,,,,,,,,,,,,,,,,,,,,,,,,,,,,,,,,,,,,,,,,,,,,,,,,,,,,,,,,,,,,,,,,,,,,,,,,,,,,,,,,,,,,,,,,,,,,,,,,,,,,,,,,,,,,,,,,,,,,,,,,,,,,,,,,,,,,,,,,,,,,
    Propofol,"9,108 (39.2%)","28,335 (67.9%)","26,991 (75.5%)","5,926 (91.2%)","33,473 (86.4%)","18,841 (86.4%)","8,785 (62.8%)",83 (6.1%),"16,026 (87.1%)","21,853 (81.7%)","34,571 (71.6%)","40,249 (81.6%)","244,241 (75.0%)",,,,,,,,,,,935 (64.4%),,935 (64.4%),,,,,,,,,,923 (88.2%),"1,509 (63.3%)",,"2,432 (70.9%)",,,,,,,,,,"1,449 (86.2%)","1,601 (62.2%)",,"3,050 (71.7%)",,,,,,,,,,"1,468 (86.9%)","1,873 (64.3%)",,"3,341 (72.6%)",,,,,,,,,,"1,502 (84.9%)","2,180 (67.7%)",,"3,682 (73.8%)",,,,,,"1,970 (79.4%)",,,,"1,492 (84.6%)","2,432 (68.6%)",,"5,894 (75.7%)",,"1,398 (60.5%)",,,,"1,844 (77.6%)",,10 (6.7%),,"1,537 (86.2%)","2,484 (69.3%)","2,164 (76.2%)","9,437 (72.3%)",,"2,592 (56.7%)",,,"2,831 (83.3%)","2,133 (83.2%)","1,016 (55.0%)",<10,"1,745 (83.3%)","1,558 (81.9%)","2,534 (70.4%)","4,450 (76.0%)","18,859 (73.0%)",,"2,522 (56.4%)",,,"3,308 (85.2%)","2,304 (88.6%)","1,066 (57.7%)",<10,"1,850 (81.4%)","1,539 (78.2%)","2,537 (70.0%)","4,506 (76.4%)","19,632 (73.9%)",,"2,895 (60.4%)",,,"3,855 (85.1%)","2,130 (88.4%)","1,245 (67.0%)",<10,"2,121 (84.1%)","1,563 (79.1%)","2,719 (74.7%)","4,600 (81.1%)","21,128 (77.1%)",,"3,080 (63.6%)",,,"3,947 (84.7%)","2,120 (88.8%)",984 (63.6%),14 (9.7%),"2,436 (87.8%)","1,773 (82.4%)","2,725 (77.0%)","4,745 (83.7%)","21,824 (78.7%)",561 (37.5%),"3,223 (70.5%)",,,"4,115 (85.7%)","2,019 (89.2%)","1,034 (68.8%)",<10,"2,539 (88.5%)","1,660 (79.7%)","2,516 (75.7%)","4,824 (82.5%)","22,491 (78.2%)","2,307 (38.1%)","3,608 (75.8%)",,"3,038 (91.5%)","4,785 (86.5%)","1,981 (90.9%)","1,001 (66.6%)",14 (8.0%),"2,640 (89.8%)","1,747 (78.8%)","2,663 (77.4%)","4,983 (84.3%)","28,767 (75.6%)","2,507 (37.1%)","3,675 (77.4%)",,"2,888 (90.9%)","5,252 (88.6%)","2,155 (92.1%)","1,100 (65.8%)",14 (6.9%),"2,695 (91.9%)","1,699 (78.5%)","2,760 (77.6%)","5,108 (85.4%)","29,853 (75.7%)","3,071 (41.7%)","3,683 (79.5%)",,,"5,380 (89.2%)",185 (89.4%),"1,138 (65.9%)",<10,,"1,757 (77.2%)","2,737 (79.9%)","4,869 (86.1%)","22,820 (72.9%)",662 (41.6%),"1,659 (81.6%)",,,,,201 (40.9%),,,186 (69.1%),366 (78.0%),,"3,074 (63.3%)"
    Midazolam,"2,562 (11.0%)","8,724 (20.9%)","7,468 (20.9%)",381 (5.9%),"3,018 (7.8%)","1,341 (6.1%)",910 (6.5%),38 (2.8%),"1,002 (5.4%)","3,421 (12.8%)","12,678 (26.3%)","7,236 (14.7%)","48,779 (15.0%)",,,,,,,,,,,431 (29.7%),,431 (29.7%),,,,,,,,,,139 (13.3%),580 (24.3%),,719 (21.0%),,,,,,,,,,214 (12.7%),736 (28.6%),,950 (22.3%),,,,,,,,,,204 (12.1%),778 (26.7%),,982 (21.3%),,,,,,,,,,223 (12.6%),786 (24.4%),,"1,009 (20.2%)",,,,,,120 (4.8%),,,,217 (12.3%),910 (25.7%),,"1,247 (16.0%)",,406 (17.6%),,,,113 (4.8%),,<10,,206 (11.6%),928 (25.9%),214 (7.5%),"1,867 (14.5%)",,825 (18.0%),,,80 (2.4%),136 (5.3%),107 (5.8%),<10,163 (7.8%),233 (12.2%),746 (20.7%),531 (9.1%),"2,821 (10.9%)",,883 (19.8%),,,96 (2.5%),128 (4.9%),96 (5.2%),<10,137 (6.0%),239 (12.2%),747 (20.6%),808 (13.7%),"3,134 (11.8%)",,"1,388 (28.9%)",,,677 (14.9%),133 (5.5%),239 (12.9%),<10,172 (6.8%),302 (15.3%),"1,109 (30.5%)",958 (16.9%),"4,978 (18.2%)",,"1,295 (26.8%)",,,539 (11.6%),258 (10.8%),117 (7.6%),<10,173 (6.2%),298 (13.8%),"1,282 (36.2%)","1,121 (19.8%)","5,083 (18.4%)",188 (12.6%),"1,024 (22.4%)",,,455 (9.5%),196 (8.7%),96 (6.4%),<10,166 (5.8%),276 (13.2%),940 (28.3%),"1,029 (17.6%)","4,370 (15.2%)",694 (11.5%),909 (19.1%),,207 (6.2%),414 (7.5%),127 (5.8%),91 (6.1%),<10,81 (2.8%),253 (11.4%),944 (27.4%),886 (15.0%),"4,606 (12.2%)",680 (10.1%),873 (18.4%),,174 (5.5%),390 (6.6%),121 (5.2%),75 (4.5%),<10,110 (3.8%),278 (12.8%),886 (24.9%),886 (14.8%),"4,473 (11.4%)",840 (11.4%),827 (17.8%),,,367 (6.1%),<10,73 (4.2%),<10,,309 (13.6%),780 (22.8%),803 (14.2%),"3,999 (12.9%)",160 (10.1%),294 (14.5%),,,,,16 (3.3%),,,30 (11.2%),95 (20.3%),,595 (12.3%)
    Lorazepam,50 (0.2%),451 (1.1%),37 (0.1%),,488 (1.3%),96 (0.4%),75 (0.5%),,25 (0.1%),45 (0.2%),"2,647 (5.5%)",615 (1.2%),"4,529 (1.4%)",,,,,,,,,,,160 (11.0%),,160 (11.0%),,,,,,,,,,<10,185 (7.8%),,185 (7.8%),,,,,,,,,,<10,190 (7.4%),,190 (7.4%),,,,,,,,,,<10,228 (7.8%),,228 (7.8%),,,,,,,,,,<10,230 (7.1%),,230 (7.1%),,,,,,11 (0.4%),,,,<10,212 (6.0%),,223 (3.5%),,34 (1.5%),,,,<10,,,,10 (0.6%),238 (6.6%),138 (4.9%),420 (4.1%),,70 (1.5%),,,118 (3.5%),16 (0.6%),19 (1.0%),,<10,<10,190 (5.3%),277 (4.7%),690 (3.1%),,63 (1.4%),,,118 (3.0%),22 (0.8%),14 (0.8%),,<10,<10,182 (5.0%),103 (1.7%),502 (2.2%),,83 (1.7%),,,120 (2.6%),<10,36 (1.9%),,<10,<10,158 (4.3%),52 (0.9%),449 (2.2%),,62 (1.3%),,,76 (1.6%),<10,<10,,<10,<10,158 (4.5%),14 (0.2%),310 (1.5%),<10,48 (1.0%),,,27 (0.6%),<10,<10,,<10,,136 (4.1%),<10,,29 (0.5%),48 (1.0%),,,16 (0.3%),<10,<10,,<10,,102 (3.0%),11 (0.2%),206 (0.8%),<10,22 (0.5%),,,<10,18 (0.8%),,,,<10,141 (4.0%),<10,,<10,14 (0.3%),,,<10,<10,,,,,122 (3.6%),<10,,<10,<10,,,,,,,,,15 (3.2%),,
    Dexmedetomidine,"14,345 (61.7%)","20,013 (48.0%)","7,513 (21.0%)","1,918 (29.5%)","21,571 (55.6%)","8,777 (40.3%)","6,738 (48.1%)",26 (1.9%),"7,736 (42.0%)","10,983 (41.1%)","22,375 (46.3%)","13,458 (27.3%)","135,453 (41.6%)",,,,,,,,,,,225 (15.5%),,225 (15.5%),,,,,,,,,,254 (24.3%),615 (25.8%),,869 (25.3%),,,,,,,,,,479 (28.5%),802 (31.2%),,"1,281 (30.1%)",,,,,,,,,,448 (26.5%),955 (32.8%),,"1,403 (30.5%)",,,,,,,,,,565 (31.9%),"1,281 (39.8%)",,"1,846 (37.0%)",,,,,,490 (19.8%),,,,636 (36.1%),"1,489 (42.0%)",,"2,615 (33.6%)",,421 (18.2%),,,,550 (23.2%),,<10,,668 (37.5%),"1,620 (45.2%)",387 (13.6%),"3,646 (28.3%)",,"1,466 (32.1%)",,,"1,224 (36.0%)",909 (35.4%),533 (28.9%),,912 (43.6%),766 (40.3%),"1,757 (48.8%)",935 (16.0%),"8,502 (32.9%)",,"1,873 (41.9%)",,,"1,640 (42.2%)","1,102 (42.4%)",743 (40.2%),,"1,130 (49.7%)",875 (44.5%),"1,902 (52.5%)","1,020 (17.3%)","10,285 (38.7%)",,"2,293 (47.8%)",,,"2,301 (50.8%)","1,127 (46.8%)",986 (53.1%),<10,"1,286 (51.0%)",896 (45.3%),"1,786 (49.1%)","1,258 (22.2%)","11,933 (43.6%)",,"2,420 (50.0%)",,,"2,605 (55.9%)","1,194 (50.0%)",861 (55.6%),<10,"1,107 (39.9%)",991 (46.1%),"1,905 (53.8%)","1,505 (26.5%)","12,588 (45.6%)",873 (58.3%),"2,441 (53.4%)",,,"2,877 (59.9%)","1,132 (50.0%)",854 (56.9%),<10,"1,071 (37.3%)",958 (46.0%),"1,827 (54.9%)","1,796 (30.7%)","13,829 (48.1%)","3,749 (62.0%)","2,593 (54.4%)",,948 (28.5%),"3,414 (61.7%)","1,090 (50.0%)",887 (59.0%),<10,"1,082 (36.8%)","1,071 (48.3%)","1,847 (53.7%)","1,996 (33.8%)","18,677 (49.3%)","4,021 (59.6%)","2,679 (56.5%)",,970 (30.5%),"3,734 (63.0%)","1,118 (47.8%)",871 (52.1%),10 (4.9%),"1,148 (39.2%)","1,088 (50.3%)","2,084 (58.6%)","2,226 (37.2%)","19,949 (50.6%)","4,687 (63.6%)","2,663 (57.5%)",,,"3,776 (62.6%)",65 (31.4%),860 (49.8%),<10,,"1,157 (50.9%)","2,036 (59.4%)","2,335 (41.3%)","17,579 (56.1%)","1,015 (63.8%)","1,164 (57.2%)",,,,,143 (29.1%),,,131 (48.7%),244 (52.0%),,"2,697 (55.5%)"
    Fentanyl,"11,976 (51.5%)","19,980 (47.9%)","14,281 (40.0%)","3,174 (48.8%)","20,312 (52.4%)","3,939 (18.1%)","8,547 (61.1%)",50 (3.7%),"11,170 (60.7%)","9,053 (33.9%)","21,586 (44.7%)","27,871 (56.5%)","151,939 (46.6%)",,,,,,,,,,,535 (36.9%),,535 (36.9%),,,,,,,,,,397 (37.9%),807 (33.8%),,"1,204 (35.1%)",,,,,,,,,,592 (35.2%),995 (38.7%),,"1,587 (37.3%)",,,,,,,,,,663 (39.2%),"1,066 (36.6%)",,"1,729 (37.6%)",,,,,,,,,,631 (35.6%),"1,213 (37.7%)",,"1,844 (37.0%)",,,,,,723 (29.2%),,,,659 (37.4%),"1,393 (39.3%)",,"2,775 (35.7%)",,"1,067 (46.2%)",,,,638 (26.9%),,<10,,627 (35.2%),"1,513 (42.2%)","1,559 (54.9%)","5,404 (41.9%)",,"2,002 (43.8%)",,,"1,340 (39.4%)",618 (24.1%),"1,079 (58.4%)",<10,899 (42.9%),662 (34.8%),"1,434 (39.9%)","2,923 (49.9%)","10,957 (42.4%)",,"2,083 (46.6%)",,,"2,000 (51.5%)",588 (22.6%),"1,119 (60.6%)",<10,"1,353 (59.6%)",633 (32.2%),"1,469 (40.5%)","3,223 (54.7%)","12,468 (46.9%)",,"2,505 (52.2%)",,,"2,650 (58.5%)",460 (19.1%),"1,220 (65.7%)",<10,"1,505 (59.7%)",708 (35.8%),"1,799 (49.4%)","3,384 (59.7%)","14,231 (51.9%)",,"2,475 (51.1%)",,,"2,611 (56.0%)",329 (13.8%),981 (63.4%),<10,"1,755 (63.2%)",739 (34.3%),"1,954 (55.2%)","3,389 (59.8%)","14,233 (51.6%)",821 (54.8%),"2,169 (47.4%)",,,"2,603 (54.2%)",228 (10.1%),"1,014 (67.5%)",<10,"1,836 (64.0%)",649 (31.1%),"1,752 (52.7%)","3,405 (58.2%)","14,477 (50.3%)","3,268 (54.0%)","2,268 (47.6%)",,"1,656 (49.9%)","2,874 (51.9%)",187 (8.6%),933 (62.0%),10 (5.7%),"1,890 (64.3%)",658 (29.7%),"1,819 (52.9%)","3,346 (56.6%)","18,909 (49.7%)","3,333 (49.4%)","2,287 (48.2%)",,"1,518 (47.8%)","3,019 (50.9%)",153 (6.5%),987 (59.1%),<10,"1,932 (65.9%)",680 (31.4%),"1,874 (52.7%)","3,454 (57.7%)","19,237 (49.0%)","3,763 (51.1%)","2,193 (47.3%)",,,"3,215 (53.3%)",15 (7.2%),"1,029 (59.6%)",<10,,673 (29.6%),"1,755 (51.2%)","3,188 (56.4%)","15,831 (50.5%)",791 (49.7%),931 (45.8%),,,,,185 (37.7%),,,82 (30.5%),208 (44.3%),,"2,197 (45.3%)"
"  Neuromuscular blocking agents, n (%)",,,,,,,,,,,,,,,,,,,,,,,,,,,,,,,,,,,,,,,,,,,,,,,,,,,,,,,,,,,,,,,,,,,,,,,,,,,,,,,,,,,,,,,,,,,,,,,,,,,,,,,,,,,,,,,,,,,,,,,,,,,,,,,,,,,,,,,,,,,,,,,,,,,,,,,,,,,,,,,,,,,,,,,,,,,,,,,,,,,,,,,,,,,,,,,,,,,,,,,,,,,,,,,,,,,,,,,,,,,,,
    Cisatracurium,555 (2.4%),621 (1.5%),"1,715 (4.8%)",204 (3.1%),"1,380 (3.6%)",654 (3.0%),658 (4.7%),,591 (3.2%),"1,436 (5.4%)","1,757 (3.6%)","3,667 (7.4%)","13,238 (4.1%)",,,,,,,,,,,17 (1.2%),,17 (1.2%),,,,,,,,,,34 (3.2%),42 (1.8%),,76 (2.2%),,,,,,,,,,70 (4.2%),104 (4.0%),,174 (4.1%),,,,,,,,,,88 (5.2%),153 (5.3%),,241 (5.3%),,,,,,,,,,92 (5.2%),155 (4.8%),,247 (4.9%),,,,,,58 (2.3%),,,,93 (5.3%),179 (5.0%),,330 (4.2%),,17 (0.7%),,,,73 (3.1%),,,,92 (5.2%),139 (3.9%),220 (7.7%),541 (4.2%),,45 (1.0%),,,100 (2.9%),70 (2.7%),82 (4.4%),,71 (3.4%),119 (6.3%),123 (3.4%),521 (8.9%),"1,131 (4.4%)",,50 (1.1%),,,125 (3.2%),64 (2.5%),65 (3.5%),,66 (2.9%),116 (5.9%),129 (3.6%),454 (7.7%),"1,069 (4.0%)",,154 (3.2%),,,377 (8.3%),65 (2.7%),230 (12.4%),,102 (4.0%),156 (7.9%),195 (5.4%),571 (10.1%),"1,850 (6.8%)",,113 (2.3%),,,271 (5.8%),141 (5.9%),92 (5.9%),,126 (4.5%),151 (7.0%),209 (5.9%),556 (9.8%),"1,659 (6.0%)",41 (2.7%),49 (1.1%),,,161 (3.4%),82 (3.6%),61 (4.1%),,97 (3.4%),100 (4.8%),97 (2.9%),419 (7.2%),"1,107 (3.9%)",162 (2.7%),45 (0.9%),,108 (3.3%),120 (2.2%),54 (2.5%),38 (2.5%),,54 (1.8%),99 (4.5%),90 (2.6%),338 (5.7%),"1,108 (2.9%)",158 (2.3%),51 (1.1%),,96 (3.0%),124 (2.1%),45 (1.9%),41 (2.5%),,75 (2.6%),105 (4.9%),60 (1.7%),304 (5.1%),"1,059 (2.7%)",160 (2.2%),57 (1.2%),,,102 (1.7%),<10,40 (2.3%),,,113 (5.0%),59 (1.7%),284 (5.0%),815 (2.6%),34 (2.1%),40 (2.0%),,,,,<10,,,<10,<10,,
    Rocuronium,,23 (0.1%),313 (0.9%),,122 (0.3%),542 (2.5%),<10,<10,27 (0.1%),10 (0.0%),157 (0.3%),76 (0.2%),"1,270 (0.4%)",,,,,,,,,,,20 (1.4%),,20 (1.4%),,,,,,,,,,,13 (0.5%),,13 (0.5%),,,,,,,,,,<10,,,,,,,,,,,,,,25 (0.9%),,25 (0.9%),,,,,,,,,,,<10,,,,,,,,10 (0.4%),,,,,<10,,10 (0.4%),,<10,,,,18 (0.8%),,,,,<10,,,,,,,<10,75 (2.9%),<10,,<10,,<10,,,,<10,,,<10,104 (4.0%),,,,,14 (0.4%),,118 (1.9%),,<10,,,15 (0.3%),91 (3.8%),<10,<10,23 (0.9%),,23 (0.6%),19 (0.3%),171 (0.9%),,<10,,,42 (0.9%),79 (3.3%),,<10,,<10,<10,22 (0.4%),,,<10,,,<10,87 (3.8%),,,<10,<10,<10,<10,,,<10,,,18 (0.3%),53 (2.4%),<10,<10,,<10,11 (0.3%),<10,,,<10,,,16 (0.3%),25 (1.1%),,,,<10,<10,<10,,,<10,,,10 (0.2%),,<10,,,<10,10 (0.3%),10 (0.2%),30 (0.2%),,<10,,,,,,,,,<10,,
