hour,norepinephrine_n__Cornell,norepinephrine_n__Emory,norepinephrine_n__JHU,norepinephrine_n__MIMIC,norepinephrine_n__Michigan,norepinephrine_n__NU,norepinephrine_n__RUSH,norepinephrine_n__Sunnybrook,norepinephrine_n__UCMC,norepinephrine_n__UMN,norepinephrine_n__UPenn,norepinephrine_n__ALL,epinephrine_n__Cornell,epinephrine_n__Emory,epinephrine_n__JHU,epinephrine_n__MIMIC,epinephrine_n__Michigan,epinephrine_n__NU,epinephrine_n__RUSH,epinephrine_n__Sunnybrook,epinephrine_n__UCMC,epinephrine_n__UMN,epinephrine_n__UPenn,epinephrine_n__ALL,phenylephrine_n__Cornell,phenylephrine_n__Emory,phenylephrine_n__JHU,phenylephrine_n__MIMIC,phenylephrine_n__Michigan,phenylephrine_n__NU,phenylephrine_n__RUSH,phenylephrine_n__Sunnybrook,phenylephrine_n__UCMC,phenylephrine_n__UMN,phenylephrine_n__UPenn,phenylephrine_n__ALL,vasopressin_n__Cornell,vasopressin_n__Emory,vasopressin_n__JHU,vasopressin_n__MIMIC,vasopressin_n__Michigan,vasopressin_n__NU,vasopressin_n__RUSH,vasopressin_n__Sunnybrook,vasopressin_n__UCMC,vasopressin_n__UMN,vasopressin_n__UPenn,vasopressin_n__ALL,dopamine_n__Cornell,dopamine_n__Emory,dopamine_n__JHU,dopamine_n__MIMIC,dopamine_n__Michigan,dopamine_n__NU,dopamine_n__RUSH,dopamine_n__Sunnybrook,dopamine_n__UCMC,dopamine_n__UMN,dopamine_n__UPenn,dopamine_n__ALL,propofol_n__Cornell,propofol_n__Emory,propofol_n__JHU,propofol_n__MIMIC,propofol_n__Michigan,propofol_n__NU,propofol_n__RUSH,propofol_n__Sunnybrook,propofol_n__UCMC,propofol_n__UMN,propofol_n__UPenn,propofol_n__ALL,midazolam_n__Cornell,midazolam_n__Emory,midazolam_n__JHU,midazolam_n__MIMIC,midazolam_n__Michigan,midazolam_n__NU,midazolam_n__RUSH,midazolam_n__Sunnybrook,midazolam_n__UCMC,midazolam_n__UMN,midazolam_n__UPenn,midazolam_n__ALL,lorazepam_n__Cornell,lorazepam_n__Emory,lorazepam_n__JHU,lorazepam_n__MIMIC,lorazepam_n__Michigan,lorazepam_n__NU,lorazepam_n__RUSH,lorazepam_n__Sunnybrook,lorazepam_n__UCMC,lorazepam_n__UMN,lorazepam_n__UPenn,lorazepam_n__ALL,dexmedetomidine_n__Cornell,dexmedetomidine_n__Emory,dexmedetomidine_n__JHU,dexmedetomidine_n__MIMIC,dexmedetomidine_n__Michigan,dexmedetomidine_n__NU,dexmedetomidine_n__RUSH,dexmedetomidine_n__Sunnybrook,dexmedetomidine_n__UCMC,dexmedetomidine_n__UMN,dexmedetomidine_n__UPenn,dexmedetomidine_n__ALL,fentanyl_n__Cornell,fentanyl_n__Emory,fentanyl_n__JHU,fentanyl_n__MIMIC,fentanyl_n__Michigan,fentanyl_n__NU,fentanyl_n__RUSH,fentanyl_n__Sunnybrook,fentanyl_n__UCMC,fentanyl_n__UMN,fentanyl_n__UPenn,fentanyl_n__ALL,vecuronium_n__Cornell,vecuronium_n__Emory,vecuronium_n__JHU,vecuronium_n__MIMIC,vecuronium_n__Michigan,vecuronium_n__NU,vecuronium_n__RUSH,vecuronium_n__Sunnybrook,vecuronium_n__UCMC,vecuronium_n__UMN,vecuronium_n__UPenn,vecuronium_n__ALL,rocuronium_n__Cornell,rocuronium_n__Emory,rocuronium_n__JHU,rocuronium_n__MIMIC,rocuronium_n__Michigan,rocuronium_n__NU,rocuronium_n__RUSH,rocuronium_n__Sunnybrook,rocuronium_n__UCMC,rocuronium_n__UMN,rocuronium_n__UPenn,rocuronium_n__ALL,cisatracurium_n__Cornell,cisatracurium_n__Emory,cisatracurium_n__JHU,cisatracurium_n__MIMIC,cisatracurium_n__Michigan,cisatracurium_n__NU,cisatracurium_n__RUSH,cisatracurium_n__Sunnybrook,cisatracurium_n__UCMC,cisatracurium_n__UMN,cisatracurium_n__UPenn,cisatracurium_n__ALL,pancuronium_n__Cornell,pancuronium_n__Emory,pancuronium_n__JHU,pancuronium_n__MIMIC,pancuronium_n__Michigan,pancuronium_n__NU,pancuronium_n__RUSH,pancuronium_n__Sunnybrook,pancuronium_n__UCMC,pancuronium_n__UMN,pancuronium_n__UPenn,pancuronium_n__ALL,norepinephrine_pct__Cornell,norepinephrine_pct__Emory,norepinephrine_pct__JHU,norepinephrine_pct__MIMIC,norepinephrine_pct__Michigan,norepinephrine_pct__NU,norepinephrine_pct__RUSH,norepinephrine_pct__Sunnybrook,norepinephrine_pct__UCMC,norepinephrine_pct__UMN,norepinephrine_pct__UPenn,norepinephrine_pct__ALL,epinephrine_pct__Cornell,epinephrine_pct__Emory,epinephrine_pct__JHU,epinephrine_pct__MIMIC,epinephrine_pct__Michigan,epinephrine_pct__NU,epinephrine_pct__RUSH,epinephrine_pct__Sunnybrook,epinephrine_pct__UCMC,epinephrine_pct__UMN,epinephrine_pct__UPenn,epinephrine_pct__ALL,phenylephrine_pct__Cornell,phenylephrine_pct__Emory,phenylephrine_pct__JHU,phenylephrine_pct__MIMIC,phenylephrine_pct__Michigan,phenylephrine_pct__NU,phenylephrine_pct__RUSH,phenylephrine_pct__Sunnybrook,phenylephrine_pct__UCMC,phenylephrine_pct__UMN,phenylephrine_pct__UPenn,phenylephrine_pct__ALL,vasopressin_pct__Cornell,vasopressin_pct__Emory,vasopressin_pct__JHU,vasopressin_pct__MIMIC,vasopressin_pct__Michigan,vasopressin_pct__NU,vasopressin_pct__RUSH,vasopressin_pct__Sunnybrook,vasopressin_pct__UCMC,vasopressin_pct__UMN,vasopressin_pct__UPenn,vasopressin_pct__ALL,dopamine_pct__Cornell,dopamine_pct__Emory,dopamine_pct__JHU,dopamine_pct__MIMIC,dopamine_pct__Michigan,dopamine_pct__NU,dopamine_pct__RUSH,dopamine_pct__Sunnybrook,dopamine_pct__UCMC,dopamine_pct__UMN,dopamine_pct__UPenn,dopamine_pct__ALL,propofol_pct__Cornell,propofol_pct__Emory,propofol_pct__JHU,propofol_pct__MIMIC,propofol_pct__Michigan,propofol_pct__NU,propofol_pct__RUSH,propofol_pct__Sunnybrook,propofol_pct__UCMC,propofol_pct__UMN,propofol_pct__UPenn,propofol_pct__ALL,midazolam_pct__Cornell,midazolam_pct__Emory,midazolam_pct__JHU,midazolam_pct__MIMIC,midazolam_pct__Michigan,midazolam_pct__NU,midazolam_pct__RUSH,midazolam_pct__Sunnybrook,midazolam_pct__UCMC,midazolam_pct__UMN,midazolam_pct__UPenn,midazolam_pct__ALL,lorazepam_pct__Cornell,lorazepam_pct__Emory,lorazepam_pct__JHU,lorazepam_pct__MIMIC,lorazepam_pct__Michigan,lorazepam_pct__NU,lorazepam_pct__RUSH,lorazepam_pct__Sunnybrook,lorazepam_pct__UCMC,lorazepam_pct__UMN,lorazepam_pct__UPenn,lorazepam_pct__ALL,dexmedetomidine_pct__Cornell,dexmedetomidine_pct__Emory,dexmedetomidine_pct__JHU,dexmedetomidine_pct__MIMIC,dexmedetomidine_pct__Michigan,dexmedetomidine_pct__NU,dexmedetomidine_pct__RUSH,dexmedetomidine_pct__Sunnybrook,dexmedetomidine_pct__UCMC,dexmedetomidine_pct__UMN,dexmedetomidine_pct__UPenn,dexmedetomidine_pct__ALL,fentanyl_pct__Cornell,fentanyl_pct__Emory,fentanyl_pct__JHU,fentanyl_pct__MIMIC,fentanyl_pct__Michigan,fentanyl_pct__NU,fentanyl_pct__RUSH,fentanyl_pct__Sunnybrook,fentanyl_pct__UCMC,fentanyl_pct__UMN,fentanyl_pct__UPenn,fentanyl_pct__ALL,vecuronium_pct__Cornell,vecuronium_pct__Emory,vecuronium_pct__JHU,vecuronium_pct__MIMIC,vecuronium_pct__Michigan,vecuronium_pct__NU,vecuronium_pct__RUSH,vecuronium_pct__Sunnybrook,vecuronium_pct__UCMC,vecuronium_pct__UMN,vecuronium_pct__UPenn,vecuronium_pct__ALL,rocuronium_pct__Cornell,rocuronium_pct__Emory,rocuronium_pct__JHU,rocuronium_pct__MIMIC,rocuronium_pct__Michigan,rocuronium_pct__NU,rocuronium_pct__RUSH,rocuronium_pct__Sunnybrook,rocuronium_pct__UCMC,rocuronium_pct__UMN,rocuronium_pct__UPenn,rocuronium_pct__ALL,cisatracurium_pct__Cornell,cisatracurium_pct__Emory,cisatracurium_pct__JHU,cisatracurium_pct__MIMIC,cisatracurium_pct__Michigan,cisatracurium_pct__NU,cisatracurium_pct__RUSH,cisatracurium_pct__Sunnybrook,cisatracurium_pct__UCMC,cisatracurium_pct__UMN,cisatracurium_pct__UPenn,cisatracurium_pct__ALL,pancuronium_pct__Cornell,pancuronium_pct__Emory,pancuronium_pct__JHU,pancuronium_pct__MIMIC,pancuronium_pct__Michigan,pancuronium_pct__NU,pancuronium_pct__RUSH,pancuronium_pct__Sunnybrook,pancuronium_pct__UCMC,pancuronium_pct__UMN,pancuronium_pct__UPenn,pancuronium_pct__ALL
0,1162,2635,4680,1652,562,3888,1156,2010,1768,3528,3966,27007,139,550,699,254,95,581,186,224,426,726,1119,4999,664,68,204,625,2,711,144,21,455,307,973,4174,263,798,852,361,22,1065,296,448,676,945,1164,6890,59,19,157,225,11,217,21,33,242,418,100,1502,716,668,2105,1263,440,2317,468,994,1167,2138,2387,14663,46,150,696,696,18,139,40,278,24,639,354,3080,78,1,3,1,0,6,0,0,0,20,8,117,52,383,304,11,16,296,92,15,230,389,153,1941,530,1158,1555,1179,325,1191,556,726,933,794,2313,11260,0,0,8,0,0,0,0,0,0,3,28,39,114,0,1,9,0,1,1,31,0,0,0,157,1,4,11,36,8,28,20,0,6,24,116,254,0,0,0,0,0,0,0,0,0,0,0,0,31.019754,24.955015,26.06226,13.919784,33.097762,22.871934,17.509846,35.269345,25.866862,18.790945,19.466942,22.299378,3.710625,5.208827,3.892632,2.140209,5.594817,3.417848,2.817328,3.930514,6.232626,3.866844,5.492564,4.127618,17.725574,0.644,1.136047,5.266262,0.117786,4.182599,2.181157,0.368486,6.656913,1.635153,4.775929,3.446425,7.020822,7.557534,4.744668,3.041793,1.295642,6.265074,4.48349,7.861028,9.890271,5.033289,5.713444,5.688996,1.575013,0.179941,0.874311,1.895854,0.647821,1.276546,0.318085,0.579049,3.5406,2.226365,0.490846,1.240185,19.113721,6.326357,11.722448,10.642063,25.912839,13.630214,7.088761,17.441656,17.073884,11.387483,11.716488,12.107075,1.227977,1.420589,3.875926,5.86451,1.060071,0.817695,0.605877,4.878049,0.351134,3.403462,1.737594,2.543122,2.082221,0.009471,0.016707,0.008426,0,0.035296,0.0,0.0,0.0,0.106525,0.039268,0.116677,1.388147,3.627237,1.692933,0.092686,0.942285,1.741279,1.393517,0.263204,3.365033,2.071904,0.750994,1.602662,14.148425,10.966948,8.659576,9.934277,19.140165,7.006294,8.42169,12.739077,13.650329,4.229028,11.353262,9.297256,0,0.0,0.044551,0.0,0,0.0,0,0,0,0.015979,0.137437,0.068295,3.043246,0,0.005569,0.075834,0,0.005883,0.015147,0.543955,0.0,0.0,0.0,0.249718,0.026695,0.037882,0.061257,0.303337,0.471143,0.164716,0.302939,0,0.087783,0.12783,0.569381,0.220081,0,0,0,0,0,0,0,0,0,0,0,0
1,1269,2811,4422,1288,573,3943,943,2240,1908,3833,4247,27477,161,603,611,232,98,627,159,241,490,790,1169,5181,682,115,210,598,2,826,121,32,545,372,1074,4577,350,1042,768,215,32,1139,199,543,801,1138,1293,7520,60,26,132,152,10,202,7,29,250,403,93,1364,776,679,1789,884,434,2242,327,1056,1293,2171,2453,14104,41,128,452,416,21,112,34,348,34,897,409,2892,40,0,8,2,0,6,1,0,0,7,10,74,69,493,307,26,17,403,88,20,324,471,179,2397,631,1242,1270,696,327,1363,414,855,1124,1317,2511,11750,0,0,21,2,0,0,0,0,0,20,43,86,94,0,1,9,0,2,0,47,0,1,0,154,4,12,13,47,10,35,9,0,16,49,205,400,0,0,0,0,0,0,0,0,0,0,0,0,33.876135,26.621839,24.625494,10.852713,33.745583,23.195482,14.28355,39.305141,27.915143,20.415446,20.846218,22.687452,4.297918,5.710768,3.402573,1.954837,5.771496,3.688452,2.408361,4.228812,7.168983,4.207723,5.737987,4.277894,18.206086,1.089118,1.16946,5.03876,0.117786,4.859109,1.832778,0.561502,7.973665,1.981358,5.271683,3.779178,9.3433,9.868359,4.276884,1.811594,1.88457,6.700394,3.014238,9.527987,11.719093,6.061252,6.346635,6.20918,1.601708,0.246235,0.735089,1.280755,0.588928,1.188305,0.106028,0.508861,3.657644,2.146471,0.456487,1.12624,20.71543,6.430533,9.962689,7.448601,25.559482,13.189011,4.953045,18.529567,18.917337,11.563249,12.040446,11.645515,1.094501,1.212236,2.517124,3.505224,1.236749,0.658862,0.514995,6.106334,0.49744,4.77763,2.007559,2.387892,1.067806,0.0,0.044551,0.016852,0,0.035296,0.015147,0.0,0.0,0.037284,0.049085,0.076827,1.841965,4.669003,1.70964,0.219077,1.001178,2.370728,1.332929,0.350939,4.740307,2.508655,0.878614,1.979176,16.844634,11.762478,7.072451,5.86451,19.257951,8.018119,6.270827,15.002632,16.44477,7.014647,12.325136,9.701844,0,0.0,0.116946,0.016852,0,0.0,0,0,0,0.106525,0.211064,0.124686,2.509343,0,0.005569,0.075834,0,0.011765,0.0,0.824706,0.0,0.005326,0.0,0.205213,0.106781,0.113647,0.072395,0.396023,0.588928,0.205894,0.136322,0,0.234089,0.260985,1.006234,0.346584,0,0,0,0,0,0,0,0,0,0,0,0
2,1319,2830,4269,1292,579,3961,858,2313,1986,3815,4121,27343,184,619,530,233,92,604,161,258,517,799,1156,5153,710,108,211,635,1,917,123,32,606,394,1032,4769,386,1127,657,201,26,1122,157,587,853,1193,1318,7627,68,20,111,147,9,184,9,39,260,355,82,1284,804,662,1642,820,423,2147,285,1023,1271,2028,2375,13480,46,133,397,338,21,123,24,404,36,992,392,2906,37,0,4,1,0,7,1,0,0,13,8,71,75,539,304,29,22,427,86,24,345,528,184,2563,688,1253,1057,616,328,1317,376,913,1119,1480,2500,11647,0,1,26,4,0,0,0,0,0,28,53,112,63,0,2,8,0,5,0,60,0,1,1,140,6,15,10,41,9,39,13,0,21,62,213,429,0,0,0,0,0,0,0,0,0,0,0,0,35.210892,26.80178,23.773459,10.886417,34.09894,23.301371,12.996062,40.586068,29.056328,20.319574,20.227752,22.57681,4.911906,5.862298,2.951495,1.963263,5.418139,3.55315,2.438655,4.52711,7.564009,4.255659,5.674177,4.254775,18.95355,1.022824,1.175029,5.350522,0.058893,5.394435,1.863072,0.561502,8.86613,2.098535,5.065528,3.93771,10.304325,10.673359,3.65874,1.69363,1.531213,6.600388,2.378067,10.300053,12.479883,6.354194,6.469347,6.297529,1.81527,0.189412,0.618143,1.238625,0.530035,1.082417,0.136322,0.684331,3.80395,1.890812,0.402493,1.060184,21.462894,6.269533,9.144066,6.909336,24.911661,12.630155,4.316874,17.950518,18.595465,10.801598,11.657586,11.130285,1.227977,1.259589,2.210837,2.847995,1.236749,0.723572,0.363526,7.088963,0.526701,5.283622,1.924115,2.399452,0.98772,0.0,0.022275,0.008426,0,0.041179,0.015147,0.0,0.0,0.069241,0.039268,0.073713,2.002136,5.10465,1.692933,0.244355,1.295642,2.511912,1.302636,0.421127,5.047549,2.81225,0.903156,2.11624,18.366257,11.866654,5.886284,5.190428,19.316843,7.747515,5.695244,16.020354,16.371617,7.882823,12.271143,9.616798,0,0.009471,0.14479,0.033704,0,0.0,0,0,0,0.149134,0.260148,0.140824,1.681794,0,0.011138,0.067408,0,0.029413,0.0,1.052816,0.0,0.005326,0.004908,0.146724,0.160171,0.142059,0.055689,0.345467,0.530035,0.229425,0.19691,0,0.307242,0.330226,1.045501,0.371712,0,0,0,0,0,0,0,0,0,0,0,0
3,1401,2870,4146,1365,573,3907,845,2364,1961,3887,4068,27387,191,642,503,213,94,588,138,265,496,773,1184,5087,691,119,203,655,1,945,114,34,590,422,1029,4803,451,1214,612,190,25,1122,143,639,852,1223,1411,7882,67,18,104,137,9,194,6,41,277,333,78,1264,841,632,1554,851,440,2116,285,1009,1246,1984,2316,13274,53,127,378,308,21,115,25,438,41,1008,422,2936,28,0,3,1,0,5,1,0,0,5,9,52,84,541,357,41,32,422,110,21,352,496,193,2649,735,1265,1051,544,359,1306,314,949,1114,1563,2468,11668,0,1,27,3,0,0,0,0,0,32,58,121,56,0,2,10,0,6,0,75,0,2,3,154,8,21,13,48,11,47,11,0,29,71,233,492,0,0,0,0,0,0,0,0,0,0,0,0,37.399893,27.180604,23.088489,11.501517,33.745583,22.983705,12.799152,41.480962,28.690563,20.703063,19.967604,22.61314,5.098772,6.080121,2.801136,1.794742,5.535925,3.459027,2.090276,4.649939,7.256767,4.117177,5.811613,4.200279,18.446343,1.127001,1.130478,5.519043,0.058893,5.559151,1.726749,0.596596,8.632041,2.24767,5.050803,3.965783,12.039509,11.497301,3.408142,1.600944,1.47232,6.600388,2.16601,11.212493,12.465252,6.513981,6.925833,6.508079,1.788574,0.170471,0.579161,1.154365,0.530035,1.141244,0.090882,0.719424,4.05267,1.773635,0.38286,1.043671,22.450614,5.985415,8.654007,7.170543,25.912839,12.447791,4.316874,17.704861,18.2297,10.567244,11.367987,10.960194,1.414842,1.202765,2.105029,2.595214,1.236749,0.67651,0.378673,7.685559,0.599854,5.368842,2.071369,2.424222,0.747464,0.0,0.016707,0.008426,0,0.029413,0.015147,0.0,0.0,0.026631,0.044176,0.053987,2.242392,5.123591,1.988083,0.345467,1.88457,2.482499,1.666162,0.368486,5.149963,2.641811,0.947332,2.18725,19.620929,11.980301,5.852871,4.583755,21.142521,7.682805,4.756135,16.652044,16.298464,8.3249,12.114073,9.634137,0,0.009471,0.150359,0.025278,0,0.0,0,0,0,0.170439,0.284691,0.15214,1.494928,0,0.011138,0.08426,0,0.035296,0.0,1.31602,0.0,0.010652,0.014725,0.161397,0.213561,0.198882,0.072395,0.404449,0.647821,0.276487,0.166616,0,0.424287,0.378162,1.143671,0.426299,0,0,0,0,0,0,0,0,0,0,0,0
4,1400,2910,4012,1347,594,3839,869,2384,1961,3866,4106,27288,178,666,471,212,101,573,151,249,481,757,1145,4984,692,116,204,647,1,894,111,38,601,422,1015,4741,484,1307,607,187,29,1101,141,661,873,1240,1422,8052,72,21,83,119,10,157,7,37,279,318,78,1181,873,663,1546,822,454,2144,281,997,1236,1974,2348,13338,52,133,334,254,21,126,24,455,42,1057,436,2934,38,0,8,1,0,10,0,0,0,4,13,74,81,595,366,48,31,475,105,26,344,560,198,2829,735,1347,1040,509,368,1373,335,992,1125,1663,2516,12003,0,1,31,3,0,0,0,0,0,40,60,135,61,0,1,8,0,3,0,83,0,1,3,160,8,31,21,58,12,42,12,0,33,88,254,559,0,0,0,0,0,0,0,0,0,0,0,0,37.373198,27.559428,22.342262,11.349848,34.982332,22.583681,13.162678,41.8319,28.690563,20.591212,20.154126,22.531397,4.751735,6.307415,2.622933,1.786316,5.948174,3.370787,2.287186,4.369188,7.037308,4.031957,5.620184,4.115233,18.473038,1.098589,1.136047,5.451635,0.058893,5.259133,1.681309,0.666784,8.792977,2.24767,4.982084,3.914591,12.920448,12.378066,3.380297,1.575666,1.707892,6.476852,2.135716,11.598526,12.772495,6.604527,6.979826,6.648446,1.92205,0.198882,0.462215,1.002696,0.588928,0.923584,0.106028,0.649237,4.081931,1.693742,0.38286,0.975139,23.304859,6.279004,8.609456,6.926188,26.737338,12.612507,4.256286,17.494297,18.083394,10.513981,11.525058,11.013038,1.388147,1.259589,1.859999,2.140209,1.236749,0.74122,0.363526,7.983857,0.614484,5.629827,2.140087,2.422571,1.014415,0.0,0.044551,0.008426,0,0.058827,0.0,0.0,0.0,0.021305,0.06381,0.082481,2.162306,5.635003,2.038202,0.404449,1.825677,2.794282,1.590427,0.45622,5.032919,2.98269,0.971875,2.335874,19.620929,12.75689,5.791613,4.288844,21.672556,8.076946,5.07422,17.406563,16.4594,8.857523,12.349678,9.910743,0,0.009471,0.172635,0.025278,0,0.0,0,0,0,0.213049,0.294507,0.169743,1.628404,0,0.005569,0.067408,0,0.017648,0.0,1.456396,0.0,0.005326,0.014725,0.167685,0.213561,0.293588,0.116946,0.488709,0.706714,0.247073,0.181763,0,0.482809,0.468708,1.246748,0.484352,0,0,0,0,0,0,0,0,0,0,0,0
5,1406,2895,4014,1343,602,3838,849,2411,1982,3793,4115,27248,177,648,477,202,95,567,164,243,500,746,1144,4963,668,108,207,687,0,926,122,39,610,425,1019,4811,501,1347,622,196,30,1121,145,678,910,1289,1432,8271,68,25,92,125,13,172,4,36,276,314,78,1203,871,695,1522,815,447,2069,270,973,1265,1924,2362,13213,48,138,353,241,22,113,25,474,42,1066,442,2964,30,0,8,0,0,7,1,0,0,9,15,70,83,572,384,47,34,472,86,26,354,535,210,2803,768,1316,1092,449,382,1339,361,997,1163,1737,2566,12170,0,1,41,1,0,0,0,0,0,41,68,152,63,0,1,6,0,4,0,94,0,2,4,174,8,28,22,52,11,41,13,0,32,94,253,554,0,0,0,0,0,0,0,0,0,0,0,0,37.533369,27.417369,22.3534,11.316144,35.453475,22.577799,12.859739,42.305668,28.997805,20.202397,20.198302,22.498369,4.72504,6.136945,2.656346,1.702056,5.594817,3.33549,2.484096,4.263906,7.315289,3.973369,5.615275,4.097894,17.832355,1.022824,1.152754,5.788675,0.0,5.447379,1.847925,0.684331,8.924653,2.263648,5.001718,4.028875,13.374266,12.75689,3.46383,1.6515,1.766784,6.594506,2.196304,11.896824,13.313826,6.865513,7.028911,6.829272,1.81527,0.236765,0.512335,1.053252,0.765607,1.011824,0.060588,0.63169,4.03804,1.672437,0.38286,0.993304,23.251468,6.582063,8.475803,6.867206,26.325088,12.171304,4.08967,17.073171,18.507681,10.24767,11.593776,10.909827,1.281367,1.306942,1.965807,2.030671,1.295642,0.664745,0.378673,8.317249,0.614484,5.677763,2.169538,2.447342,0.800854,0.0,0.044551,0.0,0,0.041179,0.015147,0.0,0.0,0.047936,0.073627,0.082887,2.215697,5.41718,2.138442,0.396023,2.002356,2.776634,1.302636,0.45622,5.179225,2.849534,1.030776,2.314406,20.501869,12.463301,6.081194,3.783283,22.497055,7.876934,5.46804,17.494297,17.015362,9.251664,12.595101,10.048633,0,0.009471,0.228323,0.008426,0,0.0,0,0,0,0.218375,0.333775,0.191118,1.681794,0,0.005569,0.050556,0,0.023531,0.0,1.649412,0.0,0.010652,0.019634,0.182357,0.213561,0.265177,0.122515,0.438153,0.647821,0.241191,0.19691,0,0.468178,0.500666,1.24184,0.480019,0,0,0,0,0,0,0,0,0,0,0,0
6,1409,2925,3857,1288,606,3714,878,2386,2006,3791,4002,26862,188,683,444,211,96,576,167,245,495,745,1166,5016,645,119,190,620,0,879,137,42,632,448,1031,4743,525,1386,660,198,30,1195,154,678,931,1338,1532,8627,71,20,80,113,13,166,5,29,281,303,67,1148,879,692,1463,783,457,2051,273,972,1237,1883,2247,12937,57,149,335,208,20,91,13,490,42,1093,457,2955,26,0,6,0,0,8,1,0,0,9,10,60,88,595,371,54,35,467,114,28,368,555,208,2883,797,1349,1011,422,385,1384,343,977,1188,1755,2611,12222,0,1,49,1,0,1,0,0,0,43,69,164,56,0,1,12,0,3,0,112,0,0,4,188,9,35,20,50,15,45,14,0,38,108,275,609,0,0,0,0,0,0,0,0,0,0,0,0,37.613454,27.701487,21.479089,10.852713,35.689046,21.848344,13.299,41.866994,29.348939,20.191744,19.643646,22.179653,5.018687,6.468416,2.472573,1.77789,5.65371,3.388435,2.529537,4.299,7.242136,3.968043,5.723261,4.141655,17.218366,1.127001,1.058083,5.224132,0.0,5.170892,2.075129,0.736971,9.246525,2.386152,5.060619,3.971929,14.014949,13.126243,3.675447,1.668352,1.766784,7.029825,2.332626,11.896824,13.621068,7.126498,7.519757,7.123218,1.895355,0.189412,0.445509,0.95214,0.765607,0.976528,0.075735,0.508861,4.111192,1.613848,0.328867,0.947891,23.465029,6.553651,8.147241,6.597573,26.914016,12.065416,4.135111,17.055624,18.098025,10.029294,11.029303,10.681936,1.521623,1.411118,1.865568,1.752612,1.177856,0.535326,0.19691,8.598,0.614484,5.821571,2.243165,2.43991,0.694074,0.0,0.033413,0.0,0,0.047062,0.015147,0.0,0.0,0.047936,0.049085,0.071046,2.349172,5.635003,2.066047,0.455005,2.061249,2.74722,1.726749,0.491314,5.384053,2.956059,1.020959,2.380461,21.276028,12.775831,5.630116,3.55578,22.673734,8.141655,5.195395,17.143358,17.381127,9.347537,12.815982,10.091569,0,0.009471,0.272874,0.008426,0,0.005883,0,0,0,0.229028,0.338684,0.169894,1.494928,0,0.005569,0.101112,0,0.017648,0.0,1.965257,0.0,0.0,0.019634,0.245296,0.240256,0.331471,0.111377,0.421301,0.883392,0.264721,0.212057,0,0.555962,0.575233,1.349826,0.527675,0,0,0,0,0,0,0,0,0,0,0,0
7,1431,2922,3746,1303,584,3700,857,2398,1966,3812,4065,26784,192,682,438,153,101,574,152,251,494,715,1112,4864,649,103,196,609,0,880,121,41,609,426,1001,4635,556,1430,692,152,31,1209,141,716,932,1388,1513,8760,72,28,79,100,13,150,4,29,288,294,71,1128,870,723,1397,764,458,2038,248,947,1256,1832,2303,12836,59,149,325,190,22,110,19,492,47,1137,500,3050,24,0,8,1,0,9,1,0,0,9,10,62,99,621,360,48,29,465,121,28,378,586,214,2949,782,1360,1009,415,384,1402,371,978,1203,1796,2638,12338,0,2,42,0,0,1,0,0,0,53,69,167,57,0,0,15,0,4,0,117,1,2,5,201,12,41,19,70,12,46,11,0,43,100,258,612,0,0,0,0,0,0,0,0,0,0,0,0,38.200747,27.673075,20.860946,10.979103,34.393404,21.765986,12.980915,42.077557,28.763716,20.303595,19.952879,22.11525,5.125467,6.458945,2.43916,1.289181,5.948174,3.376669,2.302333,4.404281,7.227505,3.808256,5.458204,4.01615,17.325147,0.975471,1.091496,5.131446,0.0,5.176775,1.832778,0.719424,8.910022,2.268975,4.913366,3.881487,14.842499,13.542949,3.85365,1.280755,1.825677,7.112183,2.135716,12.563608,13.635699,7.39281,7.426496,7.233034,1.92205,0.265177,0.43994,0.842602,0.765607,0.882405,0.060588,0.508861,4.213606,1.565912,0.3485,0.931377,23.224773,6.847239,7.779696,6.437479,26.972909,11.988941,3.756437,16.61695,18.376006,9.757656,11.304177,10.598542,1.575013,1.411118,1.809879,1.600944,1.295642,0.647097,0.287792,8.633094,0.687637,6.055925,2.454229,2.518351,0.640683,0.0,0.044551,0.008426,0,0.052944,0.015147,0.0,0.0,0.047936,0.049085,0.064369,2.642819,5.881239,2.004789,0.404449,1.707892,2.735455,1.832778,0.491314,5.530358,3.121172,1.05041,2.434956,20.875601,12.880008,5.618979,3.496798,22.614841,8.247544,5.619509,17.160905,17.600585,9.565912,12.94851,10.187349,0,0.018941,0.233892,0.0,0,0.005883,0,0,0,0.28229,0.338684,0.197253,1.521623,0,0.0,0.12639,0,0.023531,0.0,2.052992,0.014631,0.010652,0.024542,0.238448,0.320342,0.388294,0.105808,0.589821,0.706714,0.270604,0.166616,0,0.629115,0.532623,1.266382,0.530274,0,0,0,0,0,0,0,0,0,0,0,0
8,1429,2962,3733,1289,582,3630,897,2388,2030,3765,4007,26712,191,696,427,179,95,545,169,247,499,745,1114,4907,636,107,200,590,0,844,118,44,612,438,977,4566,576,1472,677,187,31,1196,185,741,944,1389,1547,8945,76,20,81,102,14,138,7,27,300,281,77,1123,883,699,1355,767,448,1989,224,931,1234,1821,2244,12595,63,135,275,191,26,114,22,493,43,1146,501,3009,23,1,5,0,0,11,2,0,0,12,10,64,98,599,359,49,39,473,120,31,375,597,221,2961,803,1399,1000,390,383,1401,362,980,1211,1837,2629,12395,0,2,49,4,0,1,0,0,0,61,60,177,65,0,1,14,0,2,2,121,0,2,5,212,11,38,26,66,15,54,14,0,40,103,281,648,0,0,0,0,0,0,0,0,0,0,0,0,38.147357,28.051899,20.78855,10.861139,34.275618,21.354197,13.586792,41.902088,29.700073,20.053262,19.668188,22.0558,5.098772,6.591533,2.377903,1.508257,5.594817,3.206071,2.55983,4.334094,7.300658,3.968043,5.468021,4.051655,16.97811,1.013354,1.113772,4.971352,0.0,4.964998,1.787337,0.772065,8.953914,2.332889,4.795563,3.823704,15.376401,13.940714,3.770118,1.575666,1.825677,7.035708,2.802181,13.002281,13.811266,7.398136,7.593383,7.385787,2.028831,0.189412,0.451078,0.859454,0.824499,0.811812,0.106028,0.473767,4.389173,1.496671,0.377951,0.927249,23.57181,6.619945,7.545804,6.462757,26.383981,11.700688,3.392911,16.336199,18.054133,9.699068,11.014578,10.399551,1.681794,1.27853,1.531436,1.60937,1.531213,0.670628,0.333232,8.65064,0.629115,6.103862,2.459137,2.484498,0.613988,0.009471,0.027844,0.0,0,0.06471,0.030294,0.0,0.0,0.063915,0.049085,0.067361,2.616124,5.672886,1.99922,0.412875,2.29682,2.782517,1.817631,0.543955,5.486467,3.17976,1.084769,2.444865,21.436199,13.249361,5.568859,3.286148,22.555948,8.241661,5.483187,17.195999,17.71763,9.784288,12.904334,10.234413,0,0.018941,0.272874,0.033704,0,0.005883,0,0,0,0.3249,0.294507,0.183361,1.735184,0,0.005569,0.117964,0,0.011765,0.030294,2.12318,0.0,0.010652,0.024542,0.207804,0.293647,0.359883,0.14479,0.556117,0.883392,0.317666,0.212057,0,0.585223,0.548602,1.379276,0.561467,0,0,0,0,0,0,0,0,0,0,0,0
9,1436,2956,3627,1230,568,3612,881,2380,2013,3687,3998,26388,192,712,418,161,88,540,163,241,496,737,1108,4856,636,108,181,596,0,847,119,47,624,435,986,4579,605,1468,659,165,31,1230,189,747,944,1369,1554,8961,72,23,63,95,13,143,6,31,297,262,72,1077,888,691,1383,742,445,2022,265,901,1197,1752,2207,12493,59,151,314,180,23,117,21,502,47,1103,507,3024,25,1,12,1,0,5,1,0,0,12,4,61,102,600,360,49,35,499,121,34,379,585,220,2984,810,1387,1042,391,389,1407,332,948,1191,1846,2671,12414,0,2,52,2,0,1,0,0,0,65,71,193,62,0,1,10,0,4,0,123,0,1,8,209,14,42,27,62,18,44,16,0,46,108,280,657,0,0,0,0,0,0,0,0,0,0,0,0,38.334223,27.995075,20.198251,10.364004,33.451119,21.248309,13.344441,41.761713,29.451353,19.637816,19.624012,21.788277,5.125467,6.743063,2.327783,1.356589,5.182568,3.176657,2.468949,4.228812,7.256767,3.925433,5.438571,4.009545,16.97811,1.022824,1.007963,5.021908,0.0,4.982646,1.802484,0.824706,9.129481,2.316911,4.839739,3.834591,16.150561,13.902832,3.669878,1.390293,1.825677,7.23572,2.862769,13.107563,13.811266,7.291611,7.627743,7.398998,1.92205,0.217824,0.350838,0.800472,0.765607,0.841226,0.090882,0.543955,4.345282,1.395473,0.353409,0.889267,23.705286,6.54418,7.701732,6.252107,26.207303,11.894817,4.013935,15.809791,17.512802,9.331558,10.832965,10.315331,1.575013,1.43006,1.748622,1.516684,1.354535,0.688276,0.318085,8.808563,0.687637,5.874834,2.488588,2.496883,0.667379,0.009471,0.066826,0.008426,0,0.029413,0.015147,0.0,0.0,0.063915,0.019634,0.057074,2.722904,5.682356,2.004789,0.412875,2.061249,2.935467,1.832778,0.596596,5.544989,3.115846,1.079861,2.463855,21.623065,13.135714,5.802751,3.294574,22.909305,8.276957,5.028779,16.634497,17.425018,9.832224,13.110489,10.250101,0,0.018941,0.289581,0.016852,0,0.005883,0,0,0,0.346205,0.3485,0.199936,1.655099,0,0.005569,0.08426,0,0.023531,0.0,2.158273,0.0,0.005326,0.039268,0.219039,0.373732,0.397765,0.150359,0.522413,1.060071,0.258839,0.242351,0,0.673007,0.575233,1.374368,0.569265,0,0,0,0,0,0,0,0,0,0,0,0
10,1443,2965,3688,1212,610,3593,887,2362,1990,3737,3994,26481,199,738,399,145,97,551,142,231,477,734,1097,4810,619,99,199,568,0,820,114,46,585,446,956,4452,629,1524,695,145,33,1221,194,745,944,1399,1601,9130,70,20,62,87,13,140,5,28,296,279,72,1072,875,680,1359,697,437,2005,251,874,1206,1834,2217,12435,63,148,268,164,27,113,29,516,55,1132,495,3010,25,1,5,0,0,8,1,0,0,9,6,55,97,619,363,57,40,504,123,35,391,578,218,3025,805,1406,999,367,374,1436,343,946,1183,1863,2614,12336,0,3,54,3,0,1,0,0,0,76,70,207,64,0,0,16,0,5,0,130,0,1,7,223,11,50,30,67,21,42,14,0,46,116,283,680,0,0,0,0,0,0,0,0,0,0,0,0,38.521089,28.080311,20.537952,10.212336,35.924617,21.136537,13.435323,41.445868,29.11485,19.904128,19.604378,21.865066,5.312333,6.989298,2.221975,1.221773,5.712603,3.241367,2.150863,4.053343,6.978786,3.909454,5.384578,3.971563,16.524293,0.937589,1.108203,4.785979,0.0,4.823813,1.726749,0.807159,8.558888,2.375499,4.692485,3.728237,16.791244,14.433185,3.870357,1.221773,1.943463,7.182775,2.938503,13.072469,13.811266,7.451398,7.85844,7.538539,1.86866,0.189412,0.345269,0.733064,0.765607,0.823578,0.075735,0.491314,4.330651,1.486019,0.353409,0.885138,23.358249,6.440004,7.568079,5.872936,25.73616,11.794811,3.801878,15.336024,17.644477,9.768309,10.88205,10.267441,1.681794,1.401648,1.492454,1.381867,1.590106,0.664745,0.439261,9.05422,0.804682,6.029294,2.429686,2.485323,0.667379,0.009471,0.027844,0.0,0,0.047062,0.015147,0.0,0.0,0.047936,0.029451,0.057888,2.589429,5.862298,2.021496,0.480283,2.355713,2.96488,1.863072,0.614143,5.720556,3.078562,1.070044,2.497709,21.489589,13.315655,5.56329,3.092349,22.025913,8.447556,5.195395,16.599403,17.307974,9.92277,12.830707,10.185697,0,0.028412,0.300718,0.025278,0,0.005883,0,0,0,0.404794,0.343592,0.214439,1.708489,0,0.0,0.134816,0,0.029413,0.0,2.281102,0.0,0.005326,0.034359,0.287891,0.293647,0.47353,0.167066,0.564543,1.236749,0.247073,0.212057,0,0.673007,0.617843,1.389093,0.589193,0,0,0,0,0,0,0,0,0,0,0,0
11,1464,2965,3493,1182,594,3383,861,2353,1975,3611,3937,25818,190,723,378,159,98,534,154,232,470,720,1105,4763,621,100,179,571,0,805,114,46,577,418,992,4423,640,1524,681,154,30,1240,162,759,934,1373,1621,9118,73,23,66,96,12,117,3,30,296,267,71,1054,854,661,1299,695,422,1979,240,867,1171,1782,2221,12191,59,160,279,164,26,113,25,519,52,1114,543,3054,20,2,14,1,0,9,1,0,0,9,4,60,103,619,364,63,34,524,126,30,395,553,221,3032,806,1343,1036,391,387,1403,336,935,1143,1900,2720,12400,0,3,65,0,0,1,0,0,0,58,64,191,56,0,0,13,0,2,0,133,0,1,7,212,15,45,27,74,19,46,14,0,40,119,298,697,0,0,0,0,0,0,0,0,0,0,0,0,39.081687,28.080311,19.452024,9.959555,34.982332,19.901171,13.041503,41.287945,28.895391,19.233023,19.324596,21.317634,5.072077,6.847239,2.105029,1.339737,5.771496,3.141361,2.332626,4.07089,6.876372,3.834887,5.423845,3.932756,16.577683,0.947059,0.996826,4.811257,0.0,4.735573,1.726749,0.807159,8.441843,2.226365,4.86919,3.703952,17.084891,14.433185,3.792393,1.297607,1.766784,7.294547,2.453802,13.318126,13.66496,7.312916,7.956609,7.528631,1.948745,0.217824,0.367545,0.808898,0.706714,0.688276,0.045441,0.526408,4.330651,1.422104,0.3485,0.870276,22.797651,6.260063,7.233948,5.856084,24.852768,11.641861,3.635262,15.213195,17.132407,9.491345,10.901684,10.065973,1.575013,1.515295,1.553712,1.381867,1.531213,0.664745,0.378673,9.106861,0.76079,5.933422,2.665292,2.521654,0.533903,0.018941,0.077964,0.008426,0,0.052944,0.015147,0.0,0.0,0.047936,0.019634,0.056138,2.7496,5.862298,2.027065,0.530839,2.002356,3.082534,1.908513,0.526408,5.779078,2.945406,1.084769,2.503489,21.516284,12.719007,5.769338,3.294574,22.791519,8.253427,5.089367,16.406387,16.722751,10.11984,13.351004,10.238542,0,0.028412,0.361976,0.0,0,0.005883,0,0,0,0.308921,0.314141,0.2256,1.494928,0,0.0,0.109538,0,0.011765,0.0,2.333743,0.0,0.005326,0.034359,0.27369,0.400427,0.426177,0.150359,0.623525,1.118963,0.270604,0.212057,0,0.585223,0.633822,1.46272,0.603923,0,0,0,0,0,0,0,0,0,0,0,0
12,1461,2900,3496,1168,578,3389,833,2325,1937,3558,3899,25544,186,728,376,139,94,524,149,229,457,704,1122,4708,608,103,187,521,0,779,124,47,575,435,950,4329,646,1527,671,140,30,1176,166,760,923,1359,1608,9006,74,22,57,104,16,123,7,30,275,256,64,1028,857,639,1259,670,426,1912,240,844,1139,1744,2182,11912,63,161,270,149,24,102,25,511,48,1106,533,2992,27,3,5,1,0,10,0,0,0,10,11,67,101,642,389,66,42,541,120,31,379,573,226,3110,816,1316,952,369,365,1422,359,920,1134,1898,2651,12202,0,0,60,3,0,1,0,0,0,76,77,217,66,0,1,15,0,3,0,137,0,2,6,230,12,49,24,63,17,53,15,0,42,133,294,702,0,0,0,0,0,0,0,0,0,0,0,0,39.001602,27.464722,19.468731,9.841591,34.040047,19.936467,12.617389,40.796631,28.339429,18.950732,19.138075,21.091395,4.965296,6.894592,2.093891,1.171217,5.535925,3.082534,2.256892,4.018249,6.686174,3.749667,5.507289,3.887343,16.230646,0.975471,1.041377,4.389956,0.0,4.582623,1.878219,0.824706,8.412582,2.316911,4.663034,3.625233,17.245061,14.461597,3.736704,1.179643,1.766784,6.918054,2.51439,13.335673,13.504023,7.238349,7.892799,7.436154,1.97544,0.208353,0.317425,0.876306,0.942285,0.723572,0.106028,0.526408,4.023409,1.363515,0.314141,0.848808,22.877736,6.051709,7.011193,5.645433,25.088339,11.24772,3.635262,14.809616,16.664228,9.288948,10.710254,9.835605,1.681794,1.524766,1.503592,1.255477,1.413428,0.600035,0.378673,8.966485,0.702268,5.890812,2.616208,2.470461,0.720769,0.028412,0.027844,0.008426,0,0.058827,0.0,0.0,0.0,0.053262,0.053993,0.066815,2.696209,6.080121,2.166286,0.556117,2.473498,3.18254,1.817631,0.543955,5.544989,3.051931,1.109311,2.567892,21.783235,12.463301,5.301554,3.109201,21.495878,8.365198,5.437746,16.143183,16.591075,10.109188,13.01232,10.075055,0,0.0,0.334132,0.025278,0,0.005883,0,0,0,0.404794,0.377951,0.252408,1.761879,0,0.005569,0.12639,0,0.017648,0.0,2.403931,0.0,0.010652,0.029451,0.241047,0.320342,0.464059,0.133653,0.530839,1.001178,0.311783,0.227204,0,0.614484,0.708389,1.443086,0.608256,0,0,0,0,0,0,0,0,0,0,0,0
13,1448,2851,3418,1198,582,3386,831,2317,1914,3507,3853,25305,194,729,368,147,95,543,141,227,435,707,1118,4704,585,97,185,534,0,791,113,49,557,412,960,4283,648,1493,667,169,33,1212,142,757,949,1357,1621,9048,72,23,70,69,15,131,3,28,274,263,65,1013,862,652,1269,659,420,1966,209,822,1118,1721,2178,11876,64,155,254,156,24,113,23,507,45,1128,496,2965,23,2,7,1,0,7,0,0,0,10,8,58,107,674,384,52,44,548,145,34,399,595,223,3205,805,1325,963,363,365,1473,344,915,1127,1932,2672,12284,0,0,57,4,0,1,0,0,0,77,78,217,70,0,1,12,0,8,0,138,0,2,8,239,13,49,28,52,15,49,20,0,44,147,292,709,0,0,0,0,0,0,0,0,0,0,0,0,38.654565,27.000663,19.03436,10.094371,34.275618,19.918819,12.587095,40.656255,28.002926,18.679095,18.912286,20.894056,5.178857,6.904063,2.04934,1.238625,5.594817,3.194306,2.135716,3.983155,6.364301,3.765646,5.487655,3.88404,15.616658,0.918648,1.030239,4.499494,0.0,4.653215,1.711603,0.8598,8.149232,2.194407,4.712119,3.586712,17.298452,14.139597,3.714429,1.423997,1.943463,7.129831,2.150863,13.283032,13.884418,7.227696,7.956609,7.470833,1.92205,0.217824,0.38982,0.581395,0.883392,0.770634,0.045441,0.491314,4.008778,1.400799,0.31905,0.836423,23.011212,6.174827,7.066882,5.552747,24.734982,11.565386,3.165707,14.423583,16.356986,9.166445,10.69062,9.805881,1.708489,1.467942,1.41449,1.314459,1.413428,0.664745,0.348379,8.896298,0.658376,6.007989,2.434595,2.448167,0.613988,0.018941,0.038982,0.008426,0,0.041179,0.0,0.0,0.0,0.053262,0.039268,0.05784,2.85638,6.38318,2.138442,0.438153,2.591284,3.223719,2.196304,0.596596,5.837601,3.169108,1.094586,2.646333,21.489589,12.548537,5.362811,3.058645,21.495878,8.665216,5.210542,16.055448,16.488661,10.29028,13.115398,10.142762,0,0.0,0.317425,0.033704,0,0.005883,0,0,0,0.41012,0.38286,0.252408,1.86866,0,0.005569,0.101112,0,0.047062,0.0,2.421477,0.0,0.010652,0.039268,0.250479,0.347037,0.464059,0.155928,0.438153,0.883392,0.288252,0.302939,0,0.643745,0.782956,1.43327,0.614321,0,0,0,0,0,0,0,0,0,0,0,0
14,1423,2874,3382,1159,555,3344,848,2316,1891,3451,3823,25066,183,705,361,139,101,531,150,225,442,661,1106,4604,578,102,159,540,1,758,106,46,543,406,932,4171,641,1497,646,149,31,1201,167,753,911,1341,1620,8957,73,22,71,76,14,132,5,26,282,249,58,1008,842,656,1221,626,405,1856,233,790,1106,1708,2191,11634,68,160,291,149,23,113,19,508,45,1111,538,3025,18,2,4,3,0,7,0,0,0,10,9,53,102,655,375,65,45,531,109,33,381,567,226,3089,806,1329,995,356,358,1422,305,909,1112,1897,2690,12179,0,0,61,4,0,1,0,0,0,73,73,212,68,0,0,13,0,3,0,143,0,2,8,237,13,42,22,67,14,48,15,0,40,133,312,706,0,0,0,0,0,0,0,0,0,0,0,0,37.987186,27.218487,18.833881,9.765757,32.685512,19.671745,12.844593,40.638709,27.666423,18.380826,18.765032,20.696716,4.885211,6.676769,2.010358,1.171217,5.948174,3.123713,2.272039,3.948061,6.466715,3.520639,5.428754,3.801471,15.429792,0.966001,0.885449,4.550051,0.058893,4.459086,1.605574,0.807159,7.944404,2.16245,4.574682,3.443948,17.111586,14.177479,3.597483,1.255477,1.825677,7.065121,2.529537,13.212844,13.328456,7.142477,7.951701,7.395695,1.948745,0.208353,0.395389,0.640377,0.824499,0.776516,0.075735,0.45622,4.125823,1.326232,0.284691,0.832294,22.477309,6.21271,6.799577,5.274688,23.85159,10.918289,3.529234,13.862081,16.181419,9.097204,10.75443,9.606064,1.81527,1.515295,1.620538,1.255477,1.354535,0.664745,0.287792,8.913845,0.658376,5.917443,2.64075,2.497709,0.480513,0.018941,0.022275,0.025278,0,0.041179,0.0,0.0,0.0,0.053262,0.044176,0.052854,2.722904,6.203239,2.088322,0.547691,2.650177,3.123713,1.651015,0.579049,5.57425,3.019973,1.109311,2.550553,21.516284,12.586419,5.541015,2.999663,21.083628,8.365198,4.619812,15.950167,16.269203,10.103862,13.20375,10.056064,0,0.0,0.3397,0.033704,0,0.005883,0,0,0,0.388815,0.358317,0.246592,1.81527,0,0.0,0.109538,0,0.017648,0.0,2.509212,0.0,0.010652,0.039268,0.305964,0.347037,0.397765,0.122515,0.564543,0.824499,0.28237,0.227204,0,0.585223,0.708389,1.531439,0.611721,0,0,0,0,0,0,0,0,0,0,0,0
15,1427,2833,3340,1127,555,3257,830,2274,1863,3417,3825,24748,196,728,388,132,97,501,131,214,434,672,1085,4578,572,106,141,490,0,735,107,43,550,383,888,4015,669,1503,663,140,32,1188,148,755,916,1365,1634,9013,76,22,63,91,14,124,1,25,280,257,61,1014,836,609,1213,638,411,1885,220,775,1080,1672,2148,11487,72,162,268,153,24,114,27,511,39,1110,520,3000,23,3,8,2,0,11,1,0,0,12,13,73,103,660,360,65,44,567,109,35,386,617,218,3164,812,1320,996,369,351,1414,316,904,1098,1965,2680,12225,0,0,65,2,0,1,0,0,0,79,68,215,64,0,0,18,0,4,0,151,0,2,8,247,15,48,19,58,15,58,7,0,45,150,299,714,0,0,0,0,0,0,0,0,0,0,0,0,38.093967,26.830192,18.599989,9.496124,32.685512,19.159951,12.571948,39.901737,27.256767,18.199734,18.774849,20.434147,5.232248,6.894592,2.160717,1.112235,5.712603,2.947232,1.984247,3.755045,6.349671,3.579228,5.325676,3.780003,15.269621,1.003883,0.785209,4.12875,0.0,4.323784,1.620721,0.754518,8.046818,2.039947,4.35871,3.36228,17.85905,14.234302,3.692153,1.179643,1.88457,6.988646,2.241745,13.247938,13.401609,7.270306,8.020419,7.441933,2.028831,0.208353,0.350838,0.766768,0.824499,0.729455,0.015147,0.438673,4.096562,1.368842,0.299416,0.837248,22.317138,5.767592,6.755026,5.3758,24.204947,11.088888,3.332324,13.598877,15.801024,8.905459,10.543366,9.484688,1.92205,1.534236,1.492454,1.289181,1.413428,0.670628,0.408967,8.966485,0.570593,5.912117,2.552398,2.477066,0.613988,0.028412,0.044551,0.016852,0,0.06471,0.015147,0.0,0.0,0.063915,0.06381,0.068302,2.7496,6.250592,2.004789,0.547691,2.591284,3.33549,1.651015,0.614143,5.647403,3.286285,1.070044,2.612479,21.676455,12.501184,5.546584,3.109201,20.671378,8.318136,4.786428,15.862432,16.064375,10.466045,13.154665,10.094046,0,0.0,0.361976,0.016852,0,0.005883,0,0,0,0.420772,0.333775,0.250081,1.708489,0,0.0,0.151668,0,0.023531,0.0,2.649588,0.0,0.010652,0.039268,0.318874,0.400427,0.454589,0.105808,0.488709,0.883392,0.341197,0.106028,0,0.658376,0.798935,1.467629,0.618653,0,0,0,0,0,0,0,0,0,0,0,0
16,1414,2795,3234,1116,561,3210,808,2207,1859,3412,3764,24380,194,730,345,127,90,506,145,206,422,614,1064,4443,571,98,155,488,1,694,116,43,547,396,853,3962,676,1482,658,172,34,1148,164,744,899,1326,1611,8914,77,28,57,77,15,126,4,25,277,233,67,986,829,610,1181,633,397,1843,220,760,1071,1627,2088,11259,75,155,253,131,19,111,23,495,50,1092,528,2932,32,1,5,0,0,9,0,0,0,15,16,78,103,660,370,61,51,561,111,30,373,609,226,3155,817,1305,922,327,357,1399,316,859,1063,1925,2624,11914,0,1,67,1,0,1,0,0,0,70,61,201,64,0,1,16,0,5,0,148,0,2,8,244,17,52,23,69,15,50,14,0,50,149,304,743,0,0,0,0,0,0,0,0,0,0,0,0,37.74693,26.47031,18.00969,9.403438,33.038869,18.883464,12.238716,38.726092,27.198244,18.173103,18.475433,20.130294,5.178857,6.913533,1.921256,1.070104,5.300353,2.976646,2.196304,3.614669,6.174104,3.270306,5.222599,3.668535,15.242926,0.928118,0.863173,4.111898,0.058893,4.082593,1.757043,0.754518,8.002926,2.109188,4.186914,3.271379,18.045916,14.03542,3.664309,1.449275,2.002356,6.753338,2.484096,13.054922,13.15289,7.062583,7.907525,7.36019,2.055526,0.265177,0.317425,0.648804,0.883392,0.74122,0.060588,0.438673,4.05267,1.241012,0.328867,0.814129,22.130272,5.777062,6.576822,5.33367,23.380448,10.841814,3.332324,13.335673,15.669349,8.665779,10.248859,9.296431,2.002136,1.467942,1.408921,1.103809,1.118963,0.65298,0.348379,8.685734,0.731529,5.816245,2.591665,2.42092,0.854245,0.009471,0.027844,0.0,0,0.052944,0.0,0.0,0.0,0.079893,0.078535,0.088226,2.7496,6.250592,2.060478,0.513987,3.003534,3.300194,1.681309,0.526408,5.457206,3.243675,1.109311,2.605048,21.809931,12.359125,5.134488,2.755308,21.024735,8.229896,4.786428,15.07282,15.552304,10.252996,12.879792,9.837257,0,0.009471,0.373114,0.008426,0,0.005883,0,0,0,0.372836,0.299416,0.208223,1.708489,0,0.005569,0.134816,0,0.029413,0.0,2.596947,0.0,0.010652,0.039268,0.25572,0.453817,0.492471,0.128084,0.581395,0.883392,0.294135,0.212057,0,0.731529,0.793609,1.492171,0.643781,0,0,0,0,0,0,0,0,0,0,0,0
17,1431,2742,3196,1081,541,3136,802,2204,1810,3339,3638,23920,183,732,350,126,86,478,139,200,428,652,1024,4398,554,88,146,463,0,647,116,45,513,377,848,3797,656,1466,665,184,34,1144,179,748,895,1371,1597,8939,77,22,47,73,15,127,4,26,279,249,64,983,837,588,1192,600,406,1773,206,755,1040,1607,2042,11046,73,164,271,106,25,96,23,494,45,1101,526,2924,26,2,6,0,0,9,1,0,0,8,8,60,103,653,349,63,50,563,132,34,364,573,225,3109,827,1312,901,309,352,1402,343,874,1046,1924,2569,11859,0,1,67,1,0,1,0,0,0,73,65,208,73,0,0,18,0,2,1,151,0,2,8,255,16,50,18,60,13,51,15,0,47,150,285,705,0,0,0,0,0,0,0,0,0,0,0,0,38.200747,25.968368,17.798073,9.108527,31.861013,18.448144,12.147834,38.673451,26.481346,17.784288,17.856968,19.750477,4.885211,6.932475,1.949101,1.061678,5.064782,2.81193,2.105423,3.509388,6.261887,3.472703,5.02626,3.631379,14.789108,0.833412,0.813053,3.901247,0.0,3.806106,1.757043,0.789612,7.505486,2.007989,4.162372,3.179721,17.512013,13.883891,3.703291,1.550388,2.002356,6.729808,2.7113,13.12511,13.094367,7.302264,7.838806,7.380832,2.055526,0.208353,0.261736,0.615099,0.883392,0.747103,0.060588,0.45622,4.081931,1.326232,0.314141,0.811652,22.343833,5.568709,6.63808,5.055612,23.910483,10.430025,3.120267,13.247938,15.215801,8.559254,10.02307,9.120559,1.948745,1.553177,1.509161,0.893158,1.47232,0.564739,0.348379,8.668187,0.658376,5.864181,2.581849,2.414314,0.694074,0.018941,0.033413,0.0,0,0.052944,0.015147,0.0,0.0,0.04261,0.039268,0.063151,2.7496,6.184298,1.943532,0.530839,2.944641,3.31196,1.999394,0.596596,5.32553,3.051931,1.104403,2.567067,22.076882,12.425419,5.017542,2.60364,20.730271,8.247544,5.195395,15.336024,15.303584,10.24767,12.609827,9.791844,0,0.009471,0.373114,0.008426,0,0.005883,0,0,0,0.388815,0.31905,0.215475,1.948745,0,0.0,0.151668,0,0.011765,0.015147,2.649588,0.0,0.010652,0.039268,0.303348,0.427122,0.47353,0.100239,0.505561,0.765607,0.300018,0.227204,0,0.687637,0.798935,1.39891,0.610855,0,0,0,0,0,0,0,0,0,0,0,0
18,1404,2716,3235,1067,524,3088,788,2184,1839,3276,3634,23755,175,702,336,125,86,498,123,198,415,634,1041,4333,534,88,128,438,1,635,104,44,529,385,828,3714,645,1461,656,180,30,1121,165,745,893,1347,1598,8841,79,21,55,82,12,115,3,24,292,238,65,986,843,585,1146,594,393,1739,190,747,1049,1562,2020,10868,74,163,250,116,21,104,24,482,47,1106,519,2906,22,1,11,1,0,7,0,0,1,11,9,63,106,628,372,64,48,559,128,39,387,578,234,3143,809,1283,880,316,357,1377,338,864,1054,1877,2578,11733,0,0,67,3,0,1,0,0,0,70,64,205,71,0,0,10,0,8,0,157,0,1,7,254,18,51,18,68,13,54,14,0,51,149,287,723,0,0,0,0,0,0,0,0,0,0,0,0,37.479979,25.722133,18.015259,8.990563,30.859835,18.165774,11.935777,38.322513,26.905633,17.448735,17.837334,19.614238,4.67165,6.648357,1.871137,1.053252,5.064782,2.929584,1.863072,3.474294,6.07169,3.376831,5.109704,3.57771,14.255206,0.833412,0.712814,3.690597,0.058893,3.735514,1.57528,0.772065,7.739576,2.050599,4.064203,3.066608,17.218366,13.836538,3.653171,1.516684,1.766784,6.594506,2.499243,13.072469,13.065106,7.174434,7.843715,7.299915,2.108916,0.198882,0.306287,0.690934,0.706714,0.67651,0.045441,0.421127,4.272129,1.267643,0.31905,0.814129,22.504004,5.540297,6.381912,5.005056,23.144876,10.230014,2.877916,13.107563,15.347476,8.319574,9.915084,8.973586,1.97544,1.543707,1.392215,0.977418,1.236749,0.611801,0.363526,8.457624,0.687637,5.890812,2.547489,2.399452,0.587293,0.009471,0.061257,0.008426,0,0.041179,0.0,0.0,0.014631,0.058589,0.044176,0.058817,2.829685,5.947533,2.071616,0.539265,2.826855,3.288429,1.938806,0.684331,5.662034,3.078562,1.148579,2.59514,21.596369,12.150772,4.900596,2.662622,21.024735,8.100476,5.119661,15.160554,15.420629,9.997337,12.654003,9.687807,0,0.0,0.373114,0.025278,0,0.005883,0,0,0,0.372836,0.314141,0.23845,1.895355,0,0.0,0.08426,0,0.047062,0.0,2.754869,0.0,0.005326,0.034359,0.327911,0.480513,0.483,0.100239,0.572969,0.765607,0.317666,0.212057,0,0.746159,0.793609,1.408727,0.626451,0,0,0,0,0,0,0,0,0,0,0,0
19,1388,2697,3038,1025,516,3023,787,2149,1800,3220,3605,23248,173,715,333,129,90,496,105,194,408,597,1009,4249,508,96,144,446,1,642,92,42,499,365,827,3662,644,1443,604,159,29,1145,186,741,874,1325,1588,8738,79,25,50,64,13,132,3,25,274,244,64,973,833,571,1085,590,380,1771,216,725,1033,1548,1989,10741,79,159,238,127,20,121,17,470,48,1076,511,2866,24,2,7,1,0,7,0,0,1,7,16,65,108,635,389,47,54,575,123,36,377,560,236,3140,806,1241,895,302,345,1397,329,844,1033,1892,2609,11693,0,0,65,0,0,0,0,0,0,83,61,209,73,0,1,16,0,5,0,150,0,3,8,256,15,55,18,62,14,58,15,0,53,136,297,723,0,0,0,0,0,0,0,0,0,0,0,0,37.052856,25.542191,16.918193,8.63667,30.388693,17.783399,11.92063,37.70837,26.33504,17.150466,17.694988,19.195614,4.618259,6.771475,1.85443,1.086957,5.300353,2.917819,1.590427,3.404106,5.969276,3.17976,4.952633,3.508352,13.561132,0.909177,0.801916,3.758005,0.058893,3.776693,1.393517,0.736971,7.300658,1.944075,4.059294,3.023672,17.191671,13.666067,3.363591,1.339737,1.707892,6.73569,2.817328,13.002281,12.787125,7.057257,7.79463,7.214869,2.108916,0.236765,0.278443,0.539265,0.765607,0.776516,0.045441,0.438673,4.008778,1.299601,0.314141,0.803395,22.237053,5.407709,6.042212,4.971352,22.37927,10.41826,3.271736,12.72153,15.113387,8.245007,9.762922,8.868724,2.108916,1.505824,1.325388,1.070104,1.177856,0.711807,0.257498,8.247061,0.702268,5.731025,2.508222,2.366424,0.640683,0.018941,0.038982,0.008426,0,0.041179,0.0,0.0,0.014631,0.037284,0.078535,0.060684,2.883075,6.013827,2.166286,0.396023,3.180212,3.382552,1.863072,0.63169,5.515728,2.98269,1.158396,2.592663,21.516284,11.753007,4.984129,2.544658,20.318021,8.21813,4.983338,14.809616,15.113387,10.07723,12.806165,9.654779,0,0.0,0.361976,0.0,0,0.0,0,0,0,0.442077,0.299416,0.365992,1.948745,0,0.005569,0.134816,0,0.029413,0.0,2.632041,0.0,0.015979,0.039268,0.268296,0.400427,0.520883,0.100239,0.522413,0.824499,0.341197,0.227204,0,0.775421,0.724368,1.457812,0.626451,0,0,0,0,0,0,0,0,0,0,0,0
20,1384,2633,3062,1027,513,3027,793,2143,1766,3146,3539,23033,166,693,331,117,89,462,117,193,387,600,994,4149,499,90,139,425,0,612,119,42,500,342,787,3555,633,1432,649,152,30,1137,173,738,878,1304,1549,8675,77,25,56,53,13,102,2,25,273,241,55,922,826,584,1093,593,374,1718,190,697,1001,1493,1957,10526,79,153,216,146,21,103,14,468,47,1092,527,2866,17,2,7,0,0,7,1,0,0,7,12,53,108,648,371,57,50,565,124,35,375,573,244,3150,816,1261,879,320,348,1373,294,813,1005,1856,2585,11550,0,0,65,2,0,0,0,0,0,85,63,215,65,0,1,11,0,9,0,149,0,6,8,249,16,54,16,53,13,53,14,0,48,142,289,698,0,0,0,0,0,0,0,0,0,0,0,0,36.946076,24.936073,17.051846,8.653522,30.212014,17.80693,12.011512,37.603088,25.837601,16.756325,17.37103,19.018091,4.431393,6.563122,1.843292,0.985844,5.241461,2.717807,1.77219,3.386559,5.662034,3.195739,4.879007,3.425783,13.320876,0.852353,0.774071,3.581058,0.0,3.600212,1.802484,0.736971,7.315289,1.821571,3.862956,2.977063,16.898025,13.56189,3.614189,1.280755,1.766784,6.688629,2.620418,12.94964,12.845647,6.945406,7.6032,7.162851,2.055526,0.236765,0.311856,0.446579,0.765607,0.600035,0.030294,0.438673,3.994148,1.283622,0.269965,0.761285,22.050187,5.530827,6.086763,4.99663,22.025913,10.106477,2.877916,12.230216,14.645208,7.952064,9.605851,8.691201,2.108916,1.449001,1.202874,1.230199,1.236749,0.605918,0.212057,8.211967,0.687637,5.816245,2.586757,2.366424,0.453817,0.018941,0.038982,0.0,0,0.041179,0.015147,0.0,0.0,0.037284,0.058901,0.055783,2.883075,6.136945,2.066047,0.480283,2.944641,3.323725,1.878219,0.614143,5.486467,3.051931,1.197664,2.60092,21.783235,11.942419,4.895027,2.696326,20.4947,8.076946,4.453196,14.265661,14.703731,9.885486,12.688362,9.536706,0,0.0,0.361976,0.016852,0,0.0,0,0,0,0.45273,0.309233,0.311716,1.735184,0,0.005569,0.092686,0,0.052944,0.0,2.614494,0.0,0.031957,0.039268,0.26096,0.427122,0.511412,0.089102,0.446579,0.765607,0.311783,0.212057,0,0.702268,0.756325,1.418544,0.60479,0,0,0,0,0,0,0,0,0,0,0,0
21,1371,2586,3105,988,521,3053,740,2102,1726,3099,3505,22796,172,659,310,115,81,465,100,188,372,575,998,4035,474,92,129,459,0,601,95,50,478,356,796,3530,633,1381,644,147,29,1168,144,752,855,1287,1555,8595,79,24,61,64,13,107,3,27,282,235,52,947,801,553,1055,544,382,1728,208,676,991,1510,1929,10377,84,156,230,128,23,117,17,465,47,1102,526,2895,20,2,8,0,0,8,1,0,0,15,11,65,108,661,371,68,50,594,119,36,367,558,254,3186,826,1259,883,316,347,1380,310,792,983,1895,2563,11554,0,0,58,0,0,0,0,0,0,84,64,206,72,0,1,12,0,5,0,146,0,5,7,248,17,51,23,62,14,60,6,0,49,147,290,719,0,0,0,0,0,0,0,0,0,0,0,0,36.599039,24.490956,17.291307,8.324907,30.683157,17.95988,11.208725,36.883664,25.252377,16.505992,17.204143,18.822403,4.591564,6.241121,1.726346,0.968992,4.770318,2.735455,1.514693,3.298824,5.442575,3.062583,4.89864,3.331654,12.653497,0.871295,0.718383,3.867543,0.0,3.535502,1.438958,0.877347,6.993416,1.896138,3.907132,2.956127,16.898025,13.07889,3.586345,1.238625,1.707892,6.870992,2.181157,13.195297,12.509144,6.85486,7.632651,7.096796,2.108916,0.227294,0.3397,0.539265,0.765607,0.629449,0.045441,0.473767,4.125823,1.251664,0.25524,0.781927,21.382808,5.237238,5.875146,4.583755,22.497055,10.165304,3.15056,11.86173,14.498903,8.04261,9.468414,8.568173,2.242392,1.477413,1.280838,1.078531,1.354535,0.688276,0.257498,8.159326,0.687637,5.869507,2.581849,2.390369,0.533903,0.018941,0.044551,0.0,0,0.047062,0.015147,0.0,0.0,0.079893,0.053993,0.068413,2.883075,6.260063,2.066047,0.572969,2.944641,3.494323,1.802484,0.63169,5.369422,2.972037,1.246748,2.630645,22.050187,11.923478,4.917302,2.662622,20.435807,8.118125,4.695547,13.897175,14.381858,10.093209,12.580376,9.540009,0,0.0,0.322994,0.0,0,0.0,0,0,0,0.447403,0.314141,0.360739,1.92205,0,0.005569,0.101112,0,0.029413,0.0,2.561853,0.0,0.026631,0.034359,0.259912,0.453817,0.483,0.128084,0.522413,0.824499,0.352962,0.090882,0,0.716898,0.782956,1.423453,0.622985,0,0,0,0,0,0,0,0,0,0,0,0
22,1359,2527,2952,1013,511,2912,746,2093,1750,3066,3441,22370,169,647,297,104,82,460,121,189,359,575,929,3932,465,96,136,381,1,572,111,44,460,352,772,3390,644,1318,586,163,29,1140,150,750,854,1253,1530,8417,81,20,51,65,13,110,2,27,284,220,54,927,792,560,1063,564,367,1646,213,664,991,1427,1882,10169,87,153,219,130,22,101,16,450,52,1047,531,2808,26,2,5,1,0,11,2,0,1,19,10,77,104,655,382,78,47,570,132,44,358,586,230,3186,804,1232,864,328,332,1338,305,797,1015,1849,2472,11336,0,0,48,2,0,0,0,0,0,87,74,211,71,0,1,15,0,2,0,144,0,5,8,246,14,47,19,57,16,56,12,0,54,144,276,695,0,0,0,0,0,0,0,0,0,0,0,0,36.278697,23.932191,16.439272,8.535558,30.094229,17.130419,11.299606,36.725741,25.603511,16.330226,16.890001,18.470659,4.511479,6.127474,1.653951,0.876306,4.829211,2.706042,1.832778,3.316371,5.252377,3.062583,4.559957,3.246608,12.413241,0.909177,0.757365,3.210313,0.058893,3.364904,1.681309,0.772065,6.730066,1.874834,3.789329,2.799085,17.191671,12.482243,3.263351,1.373441,1.707892,6.706277,2.272039,13.160204,12.494514,6.673768,7.50994,6.949823,2.162306,0.189412,0.284012,0.547691,0.765607,0.647097,0.030294,0.473767,4.155084,1.171771,0.265057,0.765414,21.142552,5.303533,5.919697,4.752275,21.613663,9.682923,3.226295,11.651167,14.498903,7.600533,9.237717,8.39643,2.322477,1.449001,1.21958,1.095383,1.295642,0.594153,0.242351,7.896122,0.76079,5.576565,2.606391,2.318534,0.694074,0.018941,0.027844,0.008426,0,0.06471,0.030294,0.0,0.014631,0.101198,0.049085,0.067714,2.776295,6.203239,2.127304,0.65723,2.767962,3.353138,1.999394,0.772065,5.237747,3.121172,1.128945,2.630645,21.462894,11.667772,4.811494,2.763734,19.552415,7.871051,4.619812,13.98491,14.850037,9.848202,12.133706,9.360009,0,0.0,0.267305,0.016852,0,0.0,0,0,0,0.463382,0.363226,0.305917,1.895355,0,0.005569,0.12639,0,0.011765,0.0,2.526759,0.0,0.026631,0.039268,0.257816,0.373732,0.445118,0.105808,0.480283,0.942285,0.329431,0.181763,0,0.790051,0.766977,1.354734,0.60219,0,0,0,0,0,0,0,0,0,0,0,0
23,1357,2557,2869,947,510,2884,752,2062,1733,3008,3451,22130,169,660,320,102,83,450,122,187,357,544,944,3938,457,85,130,448,0,578,109,48,458,344,773,3430,659,1310,620,145,25,1109,158,729,861,1216,1527,8359,82,24,48,52,13,108,3,26,263,201,60,880,812,536,1062,535,373,1637,190,650,1028,1416,1906,10145,83,153,204,119,23,121,17,449,49,1052,510,2780,19,1,9,1,0,10,1,0,0,10,11,62,105,636,354,67,46,593,128,42,374,576,268,3189,812,1249,854,312,331,1349,298,791,1006,1847,2556,11405,0,0,51,2,0,0,0,0,0,86,70,209,67,0,1,16,0,5,0,148,0,5,7,249,12,42,14,59,14,50,12,0,52,134,297,686,0,0,0,0,0,0,0,0,0,0,0,0,36.225307,24.216308,15.977056,7.979441,30.035336,16.965704,11.390488,36.181786,25.354792,16.021305,16.939086,18.272494,4.511479,6.250592,1.782035,0.859454,4.888104,2.647215,1.847925,3.281277,5.223116,2.89747,4.633584,3.251563,12.19968,0.805,0.723952,3.774857,0.0,3.4002,1.651015,0.842253,6.700805,1.832224,3.794237,2.872384,17.592098,12.406478,3.452693,1.221773,1.47232,6.523913,2.393214,12.791718,12.596928,6.476698,7.495214,6.901933,2.189002,0.227294,0.267305,0.438153,0.765607,0.635331,0.045441,0.45622,3.847842,1.070573,0.294507,0.726606,21.676455,5.076238,5.914128,4.50792,21.96702,9.629978,2.877916,11.40551,15.040234,7.541944,9.35552,8.376613,2.215697,1.449001,1.136047,1.002696,1.354535,0.711807,0.257498,7.878575,0.716898,5.603196,2.503313,2.295415,0.507208,0.009471,0.05012,0.008426,0,0.058827,0.015147,0.0,0.0,0.053262,0.053993,0.05801,2.80299,6.023298,1.971376,0.564543,2.709069,3.48844,1.938806,0.736971,5.471836,3.067909,1.315467,2.633122,21.676455,11.828772,4.755806,2.628918,19.493522,7.935761,4.513784,13.879628,14.718361,9.83755,12.546017,9.416981,0,0.0,0.284012,0.016852,0,0.0,0,0,0,0.458056,0.343592,0.303017,1.788574,0,0.005569,0.134816,0,0.029413,0.0,2.596947,0.0,0.026631,0.034359,0.26096,0.320342,0.397765,0.077964,0.497135,0.824499,0.294135,0.181763,0,0.76079,0.713715,1.457812,0.594392,0,0,0,0,0,0,0,0,0,0,0,0
24,1353,2450,2865,963,482,2788,779,2045,1721,2949,3412,21807,163,673,308,92,82,453,113,183,352,533,949,3901,441,87,130,401,0,559,88,48,463,316,731,3264,623,1340,612,134,25,1081,155,728,856,1221,1497,8272,76,19,57,59,12,106,2,24,280,214,47,896,810,550,1040,541,359,1612,189,640,1012,1443,1841,10037,88,158,197,116,20,121,26,449,50,1038,531,2794,22,2,7,1,0,12,2,0,0,12,14,72,106,638,384,78,53,593,130,44,375,572,266,3239,807,1239,853,276,331,1334,280,779,1004,1873,2504,11280,0,0,56,2,0,0,0,0,0,85,72,215,67,0,1,14,0,3,0,144,0,4,6,239,18,46,15,54,17,55,17,0,49,133,285,689,0,0,0,0,0,0,0,0,0,0,0,0,36.118526,23.202955,15.954781,8.114257,28.386337,16.400965,11.799455,35.883488,25.179225,15.707057,16.747656,18.005796,4.351308,6.37371,1.715209,0.775194,4.829211,2.664863,1.711603,3.21109,5.149963,2.838881,4.658126,3.221012,11.772557,0.823942,0.723952,3.378834,0.0,3.288429,1.332929,0.842253,6.773958,1.683089,3.588082,2.733371,16.631073,12.690596,3.408142,1.129087,1.47232,6.359198,2.347773,12.774171,12.523775,6.503329,7.347961,6.830098,2.028831,0.179941,0.317425,0.497135,0.706714,0.623566,0.030294,0.421127,4.096562,1.139814,0.230697,0.739817,21.623065,5.208827,5.791613,4.558477,21.142521,9.482911,2.862769,11.23004,14.806145,7.685752,9.03647,8.287439,2.349172,1.496354,1.097065,0.977418,1.177856,0.711807,0.39382,7.878575,0.731529,5.528628,2.606391,2.306975,0.587293,0.018941,0.038982,0.008426,0,0.070592,0.030294,0.0,0.0,0.063915,0.068718,0.067366,2.829685,6.042239,2.138442,0.65723,3.121319,3.48844,1.9691,0.772065,5.486467,3.046605,1.30565,2.674406,21.542979,11.734066,4.750237,2.325581,19.493522,7.84752,4.241139,13.669065,14.6891,9.976032,12.290777,9.31377,0,0.0,0.311856,0.016852,0,0.0,0,0,0,0.45273,0.353409,0.311716,1.788574,0,0.005569,0.117964,0,0.017648,0.0,2.526759,0.0,0.021305,0.029451,0.250479,0.480513,0.435647,0.083533,0.455005,1.001178,0.323548,0.257498,0,0.716898,0.708389,1.39891,0.596992,0,0,0,0,0,0,0,0,0,0,0,0
25,1349,2491,2810,976,482,2723,747,2013,1721,2917,3378,21607,162,667,297,84,77,435,106,177,342,526,920,3793,451,85,123,394,0,532,88,44,456,339,734,3246,628,1356,607,135,23,1015,133,709,855,1220,1495,8176,78,23,49,69,13,105,2,21,265,208,53,886,797,555,1003,498,346,1624,182,628,994,1418,1833,9878,83,146,227,119,20,108,21,445,52,1062,521,2804,21,2,11,0,0,10,0,0,0,13,10,67,110,640,370,73,55,610,126,40,381,568,284,3257,808,1245,806,290,330,1301,263,762,1019,1889,2466,11179,0,0,55,3,0,0,0,0,0,85,64,207,65,0,0,14,0,2,0,143,0,4,6,234,11,51,19,57,16,46,19,0,51,125,277,672,0,0,0,0,0,0,0,0,0,0,0,0,36.011746,23.591249,15.648494,8.223795,28.386337,16.018589,11.314753,35.321986,25.179225,15.536618,16.580769,17.840659,4.324613,6.316886,1.653951,0.707786,4.534747,2.558974,1.605574,3.105808,5.003658,2.801598,4.515781,3.131838,12.039509,0.805,0.68497,3.319852,0.0,3.129596,1.332929,0.772065,6.671544,1.805593,3.602808,2.718297,16.764549,12.842125,3.380297,1.137513,1.354535,5.970939,2.014541,12.440779,12.509144,6.498003,7.338144,6.750832,2.082221,0.217824,0.272874,0.581395,0.765607,0.617683,0.030294,0.368486,3.877103,1.107856,0.260148,0.73156,21.276028,5.25618,5.585566,4.196158,20.376914,9.553503,2.75674,11.019477,14.542794,7.552597,8.997202,8.156154,2.215697,1.382707,1.264131,1.002696,1.177856,0.635331,0.318085,7.808387,0.76079,5.656458,2.557306,2.315231,0.560598,0.018941,0.061257,0.0,0,0.058827,0.0,0.0,0.0,0.069241,0.049085,0.075784,2.936466,6.06118,2.060478,0.615099,3.239105,3.588446,1.908513,0.701878,5.57425,3.0253,1.394002,2.689269,21.569674,11.790889,4.4885,2.443546,19.434629,7.653391,3.983641,13.370767,14.908559,10.061252,12.104256,9.230375,0,0.0,0.306287,0.025278,0,0.0,0,0,0,0.45273,0.314141,0.300117,1.735184,0,0.0,0.117964,0,0.011765,0.0,2.509212,0.0,0.021305,0.029451,0.302091,0.293647,0.483,0.105808,0.480283,0.942285,0.270604,0.287792,0,0.746159,0.665779,1.359643,0.582262,0,0,0,0,0,0,0,0,0,0,0,0
26,1351,2427,2685,916,471,2678,729,1992,1663,2883,3300,21095,169,672,283,81,80,422,109,178,312,542,930,3778,439,87,108,382,0,530,95,44,426,313,735,3159,634,1280,591,124,24,1024,117,705,853,1220,1493,8065,79,21,45,58,9,101,3,20,259,205,52,852,811,540,1011,511,361,1570,193,619,984,1413,1819,9832,80,143,225,105,22,96,11,446,51,1023,520,2722,17,1,9,0,0,11,0,0,0,13,10,61,106,655,339,81,59,605,139,40,375,550,286,3235,807,1257,828,306,317,1333,263,749,993,1861,2467,11181,0,0,49,2,0,0,0,0,0,83,66,200,67,0,0,14,0,4,0,142,0,3,7,237,19,48,26,65,15,52,15,0,49,131,298,718,0,0,0,0,0,0,0,0,0,0,0,0,36.065136,22.985131,14.952386,7.718234,27.738516,15.753868,11.042108,34.953501,24.330651,15.355526,16.197909,17.417906,4.511479,6.364239,1.575987,0.682508,4.711425,2.482499,1.651015,3.123355,4.56474,2.886818,4.564865,3.119452,11.719167,0.823942,0.601437,3.218739,0.0,3.11783,1.438958,0.772065,6.232626,1.667111,3.607716,2.645441,16.92472,12.12236,3.291196,1.044826,1.413428,6.023884,1.77219,12.370591,12.479883,6.498003,7.328327,6.65918,2.108916,0.198882,0.250599,0.488709,0.530035,0.594153,0.045441,0.350939,3.78932,1.091877,0.25524,0.703487,21.64976,5.114121,5.630116,4.305696,21.260306,9.235837,2.923357,10.861555,14.396489,7.525965,8.928484,8.118173,2.135611,1.354295,1.252993,0.884732,1.295642,0.564739,0.166616,7.825934,0.746159,5.448735,2.552398,2.247525,0.453817,0.009471,0.05012,0.0,0,0.06471,0.0,0.0,0.0,0.069241,0.049085,0.068998,2.829685,6.203239,1.887843,0.682508,3.474676,3.559033,2.105423,0.701878,5.486467,2.929427,1.403819,2.671103,21.542979,11.904536,4.611015,2.578362,18.669022,7.841638,3.983641,13.142657,14.528164,9.912117,12.109164,9.232027,0,0.0,0.272874,0.016852,0,0.0,0,0,0,0.442077,0.323958,0.289969,1.788574,0,0.0,0.117964,0,0.023531,0.0,2.491665,0.0,0.015979,0.034359,0.305964,0.507208,0.454589,0.14479,0.547691,0.883392,0.3059,0.227204,0,0.716898,0.697736,1.46272,0.622119,0,0,0,0,0,0,0,0,0,0,0,0
27,1352,2386,2747,923,468,2648,688,1975,1673,2836,3297,20993,162,650,297,76,74,406,93,177,310,507,904,3656,448,85,128,397,0,508,88,43,431,311,697,3136,641,1284,560,121,22,1029,122,695,835,1189,1465,7963,77,17,39,50,11,101,2,18,270,198,55,838,814,516,1008,504,344,1580,161,620,959,1343,1809,9658,80,144,205,118,20,114,23,435,54,1033,544,2770,22,2,9,0,0,13,1,0,0,16,11,74,107,661,385,65,61,636,122,42,389,555,298,3321,813,1253,832,297,321,1315,269,740,994,1876,2466,11176,0,0,49,1,0,0,0,0,0,82,68,200,65,0,0,16,0,3,0,136,0,6,6,232,16,43,22,63,13,52,18,0,48,121,280,676,0,0,0,0,0,0,0,0,0,0,0,0,36.091831,22.596837,15.297656,7.777216,27.561837,15.577387,10.421085,34.655203,24.476957,15.105193,16.183184,17.333686,4.324613,6.155886,1.653951,0.640377,4.358068,2.388376,1.408664,3.105808,4.535479,2.700399,4.437245,3.018718,11.959423,0.805,0.712814,3.34513,0.0,2.988411,1.332929,0.754518,6.305779,1.656458,3.421195,2.62618,17.111586,12.160242,3.118561,1.019548,1.295642,6.053297,1.847925,12.195122,12.216533,6.332889,7.19089,6.57496,2.055526,0.161,0.217185,0.421301,0.647821,0.594153,0.030294,0.315845,3.950256,1.054594,0.269965,0.691927,21.729845,4.886826,5.61341,4.246714,20.259128,9.294664,2.438655,10.879102,14.030724,7.153129,8.879399,7.974503,2.135611,1.363766,1.141616,0.99427,1.177856,0.670628,0.348379,7.632918,0.790051,5.501997,2.670201,2.287158,0.587293,0.018941,0.05012,0.0,0,0.076475,0.015147,0.0,0.0,0.08522,0.053993,0.077886,2.85638,6.260063,2.144011,0.547691,3.592462,3.741397,1.847925,0.736971,5.691295,2.956059,1.46272,2.742113,21.70315,11.866654,4.633291,2.502528,18.904594,7.735749,4.074523,12.984734,14.542794,9.992011,12.104256,9.227898,0,0.0,0.272874,0.008426,0,0.0,0,0,0,0.436751,0.333775,0.289969,1.735184,0,0.0,0.134816,0,0.017648,0.0,2.386384,0.0,0.031957,0.029451,0.299509,0.427122,0.407236,0.122515,0.530839,0.765607,0.3059,0.272645,0,0.702268,0.644474,1.374368,0.585728,0,0,0,0,0,0,0,0,0,0,0,0
28,1331,2438,2645,902,487,2603,710,1959,1627,2789,3287,20778,156,662,285,80,77,390,100,176,308,539,916,3689,428,82,141,360,0,512,95,46,427,309,703,3103,630,1300,561,102,21,953,130,690,822,1184,1455,7848,79,18,55,48,10,100,2,19,271,189,55,846,808,514,983,482,342,1510,170,603,963,1380,1823,9578,77,147,216,116,21,105,19,429,56,991,536,2713,21,1,7,0,0,8,1,0,0,15,9,62,110,639,366,90,66,627,130,44,372,573,294,3311,808,1248,807,288,314,1332,271,724,987,1899,2469,11147,0,0,65,1,0,1,0,0,0,81,67,215,68,0,0,11,0,2,0,131,0,4,5,221,11,47,17,49,14,50,10,0,45,128,295,666,0,0,0,0,0,0,0,0,0,0,0,0,35.531233,23.089308,14.729632,7.60027,28.680801,15.312665,10.754317,34.374452,23.80395,14.85486,16.134099,17.156163,4.164442,6.269533,1.587125,0.674082,4.534747,2.294253,1.514693,3.088261,4.506218,2.870839,4.496147,3.045966,11.425521,0.776589,0.785209,3.033367,0.0,3.011942,1.438958,0.807159,6.247257,1.645806,3.450645,2.598545,16.817939,12.311772,3.12413,0.859454,1.236749,5.606212,1.9691,12.107387,12.026335,6.306258,7.141805,6.480006,2.108916,0.170471,0.306287,0.404449,0.588928,0.58827,0.030294,0.333392,3.964887,1.006658,0.269965,0.698533,21.569674,4.867885,5.474188,4.061341,20.141343,8.882875,2.574977,10.580804,14.089247,7.3502,8.948118,7.908448,2.055526,1.392177,1.202874,0.977418,1.236749,0.617683,0.287792,7.527636,0.819312,5.278296,2.630933,2.240094,0.560598,0.009471,0.038982,0.0,0,0.047062,0.015147,0.0,0.0,0.079893,0.044176,0.065256,2.936466,6.051709,2.038202,0.758342,3.886926,3.688452,1.9691,0.772065,5.442575,3.051931,1.443086,2.733856,21.569674,11.819301,4.494069,2.426694,18.492344,7.835755,4.104817,12.703983,14.44038,10.114514,12.118981,9.203953,0,0.0,0.361976,0.008426,0,0.005883,0,0,0,0.431425,0.328867,0.250081,1.81527,0,0.0,0.092686,0,0.011765,0.0,2.298649,0.0,0.021305,0.024542,0.285309,0.293647,0.445118,0.094671,0.412875,0.824499,0.294135,0.151469,0,0.658376,0.681758,1.447995,0.577063,0,0,0,0,0,0,0,0,0,0,0,0
29,1346,2384,2714,899,476,2581,701,1949,1615,2749,3253,20667,161,656,296,69,75,395,100,171,304,502,907,3636,423,87,133,349,0,499,88,44,428,316,704,3071,645,1313,603,117,21,985,133,669,819,1189,1466,7960,79,16,41,52,13,100,2,19,262,202,55,841,803,531,964,505,343,1513,169,601,944,1333,1789,9495,78,148,209,91,19,111,12,424,57,982,544,2675,21,2,8,0,0,11,0,0,0,11,11,64,108,638,375,77,62,620,126,42,378,556,303,3285,806,1218,846,266,308,1323,250,735,973,1868,2441,11034,0,0,58,0,0,0,0,0,0,80,74,212,69,0,1,11,0,6,0,131,0,6,5,229,12,43,22,47,15,50,15,0,44,131,279,658,0,0,0,0,0,0,0,0,0,0,0,0,35.93166,22.577896,15.113883,7.574992,28.03298,15.183246,10.617995,34.198982,23.628383,14.641811,15.967212,17.064511,4.297918,6.21271,1.648382,0.581395,4.416961,2.323666,1.514693,3.000526,4.447696,2.673768,4.451971,3.002205,11.292045,0.823942,0.740658,2.940681,0.0,2.935467,1.332929,0.772065,6.261887,1.683089,3.455554,2.571747,17.218366,12.43489,3.358022,0.985844,1.236749,5.794458,2.014541,11.738902,11.982443,6.332889,7.195798,6.572483,2.108916,0.15153,0.228323,0.438153,0.765607,0.58827,0.030294,0.333392,3.833211,1.075899,0.269965,0.694404,21.436199,5.028885,5.36838,4.25514,20.200236,8.900524,2.55983,10.54571,13.811266,7.099867,8.78123,7.839915,2.082221,1.401648,1.163892,0.766768,1.118963,0.65298,0.181763,7.439902,0.833943,5.23036,2.670201,2.208718,0.560598,0.018941,0.044551,0.0,0,0.06471,0.0,0.0,0.0,0.058589,0.053993,0.072391,2.883075,6.042239,2.088322,0.648804,3.651355,3.647273,1.908513,0.736971,5.530358,2.961385,1.487263,2.712388,21.516284,11.535183,4.711255,2.241321,18.138987,7.782811,3.786731,12.896999,14.235552,9.949401,11.981544,9.110651,0,0.0,0.322994,0.0,0,0.0,0,0,0,0.426099,0.363226,0.371246,1.841965,0,0.005569,0.092686,0,0.035296,0.0,2.298649,0.0,0.031957,0.024542,0.239999,0.320342,0.407236,0.122515,0.396023,0.883392,0.294135,0.227204,0,0.643745,0.697736,1.36946,0.570131,0,0,0,0,0,0,0,0,0,0,0,0
30,1333,2365,2637,884,460,2568,702,1907,1579,2740,3217,20392,152,656,290,71,77,389,93,163,303,497,904,3595,397,86,121,366,0,482,81,44,419,310,688,2994,631,1300,597,116,21,993,137,670,816,1208,1451,7940,82,19,41,47,13,89,0,18,261,194,54,818,799,505,927,513,330,1529,173,574,916,1339,1758,9363,77,163,214,104,21,100,16,425,54,967,550,2691,19,2,7,0,0,15,1,0,0,12,8,64,110,654,378,74,57,624,141,49,385,581,300,3353,808,1244,828,281,309,1326,231,721,953,1830,2422,10953,0,1,52,3,0,0,0,0,0,78,66,200,71,0,0,12,0,1,0,128,0,5,5,222,13,44,21,50,14,50,20,0,44,122,290,668,0,0,0,0,0,0,0,0,0,0,0,0,35.584624,22.397954,14.685081,7.448601,27.090695,15.106771,10.633141,33.462011,23.101683,14.593875,15.790507,16.837447,4.057662,6.21271,1.614969,0.598247,4.534747,2.28837,1.408664,2.860151,4.433065,2.647137,4.437245,2.968351,10.597971,0.814471,0.673832,3.083923,0.0,2.835461,1.226901,0.772065,6.130212,1.651132,3.377019,2.507265,16.844634,12.311772,3.324609,0.977418,1.236749,5.84152,2.075129,11.756448,11.938552,6.434088,7.122172,6.555969,2.189002,0.179941,0.228323,0.396023,0.765607,0.52356,0.0,0.315845,3.818581,1.033289,0.265057,0.714354,21.329418,4.78265,5.162332,4.322548,19.434629,8.994647,2.620418,10.071942,13.401609,7.131824,8.629068,7.730925,2.055526,1.543707,1.191736,0.876306,1.236749,0.58827,0.242351,7.457449,0.790051,5.150466,2.699651,2.221929,0.507208,0.018941,0.038982,0.0,0,0.08824,0.015147,0.0,0.0,0.063915,0.039268,0.067361,2.936466,6.193768,2.105029,0.623525,3.35689,3.670804,2.135716,0.8598,5.632772,3.094541,1.472537,2.768535,21.569674,11.781419,4.611015,2.367711,18.19788,7.800459,3.49894,12.651342,13.942941,9.747004,11.888284,9.04377,0,0.009471,0.289581,0.025278,0,0.0,0,0,0,0.415446,0.323958,0.251471,1.895355,0,0.0,0.101112,0,0.005883,0.0,2.246008,0.0,0.026631,0.024542,0.2866,0.347037,0.416706,0.116946,0.421301,0.824499,0.294135,0.302939,0,0.643745,0.6498,1.423453,0.578796,0,0,0,0,0,0,0,0,0,0,0,0
31,1317,2331,2564,860,447,2516,697,1884,1583,2693,3174,20066,150,643,267,59,78,359,97,164,290,499,883,3489,393,83,122,333,0,470,91,39,403,303,681,2918,641,1302,538,132,20,962,141,663,803,1148,1410,7760,81,12,39,49,14,98,0,18,253,187,46,797,782,506,965,510,331,1508,154,567,904,1329,1764,9320,78,146,216,106,22,90,8,421,53,960,522,2622,16,2,7,0,0,15,0,0,0,10,8,58,109,698,372,85,54,620,139,49,361,563,289,3339,802,1234,810,275,298,1340,254,691,951,1820,2425,10900,0,1,45,1,0,0,0,0,0,71,62,180,68,0,0,13,0,2,0,130,0,5,6,224,15,42,20,56,14,48,12,0,46,105,286,644,0,0,0,0,0,0,0,0,0,0,0,0,35.157501,22.075954,14.278554,7.246377,26.325088,14.800871,10.557407,33.058431,23.160205,14.343542,15.579443,16.568272,4.004271,6.089592,1.486885,0.497135,4.59364,2.111889,1.469252,2.877698,4.242868,2.65779,4.334168,2.880828,10.491191,0.786059,0.679401,2.805865,0.0,2.764869,1.37837,0.684331,5.896123,1.613848,3.342659,2.44362,17.111586,12.330713,2.996046,1.112235,1.177856,5.659156,2.135716,11.63362,11.748354,6.114514,6.920925,6.407345,2.162306,0.113647,0.217185,0.412875,0.824499,0.576505,0.0,0.315845,3.701536,0.996005,0.225789,0.696015,20.875601,4.79212,5.373949,4.29727,19.493522,8.87111,2.332626,9.949114,13.226042,7.078562,8.658519,7.69542,2.082221,1.382707,1.202874,0.893158,1.295642,0.529443,0.121175,7.387261,0.775421,5.113182,2.562215,2.164956,0.427122,0.018941,0.038982,0.0,0,0.08824,0.0,0.0,0.0,0.053262,0.039268,0.065604,2.90977,6.610474,2.071616,0.716212,3.180212,3.647273,2.105423,0.8598,5.281639,2.998668,1.418544,2.756975,21.409503,11.686713,4.510776,2.317155,17.550059,7.882817,3.847319,12.124934,13.91368,9.693742,11.903009,9.000008,0,0.009471,0.250599,0.008426,0,0.0,0,0,0,0.378162,0.304324,0.226324,1.81527,0,0.0,0.109538,0,0.011765,0.0,2.281102,0.0,0.026631,0.029451,0.289182,0.400427,0.397765,0.111377,0.471857,0.824499,0.28237,0.181763,0,0.673007,0.559254,1.403819,0.558001,0,0,0,0,0,0,0,0,0,0,0,0
32,1309,2330,2499,865,432,2449,654,1873,1574,2641,3136,19762,146,640,239,69,76,377,96,160,280,494,884,3461,394,86,109,315,0,483,81,41,404,291,664,2868,634,1274,523,116,20,953,140,662,797,1131,1449,7699,83,20,37,48,13,81,3,18,253,180,47,783,770,494,926,472,319,1460,170,560,899,1319,1811,9200,75,171,201,110,22,107,19,415,51,979,519,2669,17,2,7,0,0,11,0,0,0,11,8,56,108,658,393,92,55,618,124,46,364,565,306,3329,798,1216,812,285,305,1287,286,705,968,1824,2448,10934,0,1,45,1,0,0,0,0,0,82,67,196,71,0,1,6,0,4,1,128,0,7,6,224,13,46,20,56,13,48,13,0,50,108,289,656,0,0,0,0,0,0,0,0,0,0,0,0,34.94394,22.066484,13.916578,7.288507,25.441696,14.40673,9.906089,32.865415,23.02853,14.066578,15.392922,16.317263,3.897491,6.06118,1.330957,0.581395,4.475854,2.217778,1.454105,2.80751,4.096562,2.631158,4.339076,2.857709,10.517886,0.814471,0.607006,2.654196,0.0,2.841344,1.226901,0.719424,5.910753,1.549933,3.259216,2.401749,16.92472,12.065537,2.912513,0.977418,1.177856,5.606212,2.12057,11.616073,11.660571,6.023968,7.112355,6.356978,2.215697,0.189412,0.206048,0.404449,0.765607,0.476499,0.045441,0.315845,3.701536,0.958722,0.230697,0.646514,20.555259,4.678473,5.156763,3.977081,18.786808,8.588741,2.574977,9.826285,13.15289,7.0253,8.889216,7.596337,2.002136,1.619472,1.119341,0.926862,1.295642,0.629449,0.287792,7.281979,0.746159,5.214381,2.547489,2.203763,0.453817,0.018941,0.038982,0.0,0,0.06471,0.0,0.0,0.0,0.058589,0.039268,0.063342,2.883075,6.231651,2.188562,0.775194,3.239105,3.635508,1.878219,0.807159,5.32553,3.009321,1.501988,2.748718,21.302723,11.516242,4.521913,2.401416,17.962309,7.571034,4.332021,12.370591,14.162399,9.715047,12.015903,9.028082,0,0.009471,0.250599,0.008426,0,0.0,0,0,0,0.436751,0.328867,0.246442,1.895355,0,0.005569,0.050556,0,0.023531,0.015147,2.246008,0.0,0.037284,0.029451,0.219567,0.347037,0.435647,0.111377,0.471857,0.765607,0.28237,0.19691,0,0.731529,0.575233,1.418544,0.568398,0,0,0,0,0,0,0,0,0,0,0,0
33,1298,2241,2480,844,454,2442,667,1849,1545,2613,3133,19566,154,620,243,66,79,376,92,155,272,492,890,3439,393,84,99,325,0,466,87,44,400,276,699,2873,629,1228,554,150,20,952,133,652,790,1118,1387,7613,85,20,33,48,13,96,2,18,237,168,48,768,776,481,939,477,320,1449,178,545,897,1357,1724,9143,77,143,214,111,22,109,17,408,52,968,524,2645,20,1,11,1,0,18,1,0,0,11,9,72,107,657,368,83,53,653,138,49,366,586,318,3378,798,1172,810,271,309,1304,300,686,945,1800,2386,10781,0,0,49,1,0,0,0,0,0,72,58,180,74,0,0,6,0,3,0,123,0,6,6,218,13,36,20,53,13,53,12,0,48,113,287,648,0,0,0,0,0,0,0,0,0,0,0,0,34.650294,21.223601,13.81077,7.11156,26.737338,14.365551,10.102999,32.444288,22.604243,13.917443,15.378197,16.155428,4.111052,5.871768,1.353233,0.556117,4.652532,2.211895,1.393517,2.719775,3.979517,2.620506,4.368527,2.839544,10.491191,0.79553,0.551317,2.738456,0.0,2.741338,1.317782,0.772065,5.852231,1.47004,3.431012,2.405936,16.791244,11.629889,3.085148,1.263903,1.177856,5.600329,2.014541,11.440604,11.558157,5.954727,6.80803,6.285969,2.269087,0.189412,0.183772,0.404449,0.765607,0.564739,0.030294,0.315845,3.467447,0.894807,0.235606,0.634129,20.71543,4.555356,5.229159,4.019211,18.845701,8.524031,2.696153,9.563081,13.123628,7.227696,8.46218,7.549273,2.055526,1.354295,1.191736,0.935288,1.295642,0.641214,0.257498,7.159151,0.76079,5.155792,2.572032,2.183947,0.533903,0.009471,0.061257,0.008426,0,0.105889,0.015147,0.0,0.0,0.058589,0.044176,0.067366,2.85638,6.22218,2.04934,0.69936,3.121319,3.841402,2.090276,0.8598,5.354792,3.121172,1.560889,2.789177,21.302723,11.099536,4.510776,2.283451,18.19788,7.671039,4.544078,12.0372,13.825896,9.587217,11.711579,8.901751,0,0.0,0.272874,0.008426,0,0.0,0,0,0,0.383489,0.284691,0.260972,1.97544,0,0.0,0.050556,0,0.017648,0.0,2.158273,0.0,0.031957,0.029451,0.281436,0.347037,0.340941,0.111377,0.446579,0.765607,0.311783,0.181763,0,0.702268,0.601864,1.408727,0.561467,0,0,0,0,0,0,0,0,0,0,0,0
34,1284,2251,2464,827,436,2399,695,1828,1515,2589,3036,19324,151,600,241,71,74,363,95,147,271,499,878,3390,402,74,114,314,0,448,90,44,386,303,667,2842,620,1226,545,136,20,946,154,646,769,1143,1380,7585,81,20,44,48,12,90,3,17,238,167,47,767,754,510,943,447,320,1444,164,549,860,1342,1712,9045,82,147,227,110,22,103,22,408,47,987,513,2668,28,2,9,0,0,11,0,0,0,12,11,73,108,656,387,87,51,623,140,52,362,626,338,3430,787,1190,818,304,309,1265,273,677,912,1810,2368,10713,0,0,56,0,0,1,0,0,0,84,67,208,73,0,0,8,0,2,0,124,0,6,6,219,13,38,22,52,13,57,13,0,45,104,256,613,0,0,0,0,0,0,0,0,0,0,0,0,34.276562,21.318307,13.721668,6.968318,25.677267,14.112595,10.527113,32.075803,22.165326,13.789614,14.902076,15.955611,4.030966,5.682356,1.342095,0.598247,4.358068,2.13542,1.438958,2.5794,3.964887,2.65779,4.309625,2.799085,10.731447,0.700824,0.63485,2.64577,0.0,2.635449,1.363223,0.772065,5.647403,1.613848,3.273941,2.379975,16.550988,11.610948,3.035028,1.145939,1.177856,5.565033,2.332626,11.335322,11.250914,6.087883,6.773671,6.26285,2.162306,0.189412,0.24503,0.404449,0.706714,0.529443,0.045441,0.298298,3.482078,0.889481,0.230697,0.633303,20.128137,4.830003,5.251434,3.766431,18.845701,8.494617,2.484096,9.633269,12.582297,7.147803,8.403279,7.468355,2.189002,1.392177,1.264131,0.926862,1.295642,0.605918,0.333232,7.159151,0.687637,5.256991,2.518039,2.202938,0.747464,0.018941,0.05012,0.0,0,0.06471,0.0,0.0,0.0,0.063915,0.053993,0.082571,2.883075,6.21271,2.155148,0.733064,3.003534,3.664921,2.12057,0.912441,5.296269,3.334221,1.659059,2.832113,21.009076,11.270007,4.555327,2.56151,18.19788,7.441614,4.135111,11.879277,13.343087,9.640479,11.623227,8.845604,0,0.0,0.311856,0.0,0,0.005883,0,0,0,0.447403,0.328867,0.280687,1.948745,0,0.0,0.067408,0,0.011765,0.0,2.17582,0.0,0.031957,0.029451,0.282727,0.347037,0.359883,0.122515,0.438153,0.765607,0.335314,0.19691,0,0.658376,0.553928,1.256565,0.531141,0,0,0,0,0,0,0,0,0,0,0,0
35,1266,2185,2466,793,425,2366,663,1793,1492,2529,3025,19003,154,609,239,62,71,354,91,146,259,465,888,3338,391,84,102,314,0,454,92,44,368,284,687,2820,613,1236,514,114,18,922,121,633,742,1089,1330,7332,81,16,35,58,13,84,4,18,240,164,41,754,769,488,919,446,319,1432,177,530,862,1310,1729,8981,76,141,197,100,22,94,15,403,49,945,519,2561,19,2,9,0,0,12,2,0,0,9,12,65,108,667,355,85,62,632,123,56,360,585,328,3361,779,1166,786,287,304,1283,261,675,923,1779,2384,10627,0,1,39,2,0,0,0,0,0,83,62,187,73,0,0,9,0,4,0,122,0,5,6,219,16,38,24,53,13,48,18,0,45,93,276,624,0,0,0,0,0,0,0,0,0,0,0,0,33.796049,20.693247,13.732806,6.681834,25.029446,13.918466,10.042411,31.46166,21.828822,13.47004,14.848083,15.690565,4.111052,5.767592,1.330957,0.522413,4.18139,2.082475,1.37837,2.561853,3.78932,2.476698,4.35871,2.756149,10.4378,0.79553,0.568024,2.64577,0.0,2.670745,1.393517,0.772065,5.384053,1.51265,3.37211,2.361552,16.364122,11.705654,2.862393,0.960566,1.060071,5.423848,1.832778,11.107212,10.855889,5.800266,6.528248,6.053951,2.162306,0.15153,0.19491,0.488709,0.765607,0.494147,0.060588,0.315845,3.511339,0.873502,0.201247,0.622569,20.528564,4.62165,5.117781,3.758005,18.786808,8.424025,2.681006,9.299877,12.611558,6.977364,8.486723,7.415511,2.028831,1.335354,1.097065,0.842602,1.295642,0.552974,0.227204,7.071416,0.716898,5.033289,2.547489,2.114589,0.507208,0.018941,0.05012,0.0,0,0.070592,0.030294,0.0,0.0,0.047936,0.058901,0.068413,2.883075,6.316886,1.976945,0.716212,3.651355,3.717866,1.863072,0.982629,5.267008,3.115846,1.609974,2.77514,20.795515,11.042712,4.377123,2.418268,17.903416,7.547503,3.953347,11.844183,13.504023,9.475366,11.701762,8.774595,0,0.009471,0.217185,0.016852,0,0.0,0,0,0,0.442077,0.304324,0.235125,1.948745,0,0.0,0.075834,0,0.023531,0.0,2.140726,0.0,0.026631,0.029451,0.282727,0.427122,0.359883,0.133653,0.446579,0.765607,0.28237,0.272645,0,0.658376,0.49534,1.354734,0.540672,0,0,0,0,0,0,0,0,0,0,0,0
36,1247,2175,2421,822,425,2244,682,1762,1470,2474,2990,18712,145,592,230,61,73,336,86,139,254,460,857,3233,375,84,110,343,0,410,103,42,362,304,662,2795,613,1229,508,121,20,856,142,623,750,1067,1359,7288,79,16,34,53,11,81,1,17,242,173,42,749,750,464,878,473,309,1418,167,513,814,1277,1703,8766,80,145,209,105,23,99,17,397,50,942,514,2581,22,1,9,0,0,13,0,0,0,9,14,68,109,675,364,83,59,609,132,54,369,582,326,3362,780,1136,812,269,297,1219,276,665,893,1767,2361,10475,0,0,43,1,0,0,0,0,0,87,58,189,70,0,0,10,0,5,0,120,0,3,6,214,12,39,18,55,13,51,18,0,47,91,264,608,0,0,0,0,0,0,0,0,0,0,0,0,33.288841,20.598542,13.482207,6.926188,25.029446,13.200777,10.330203,30.917705,21.50695,13.177097,14.676287,15.450289,3.870796,5.606592,1.280838,0.513987,4.299176,1.976587,1.302636,2.439024,3.716167,2.450067,4.206548,2.669452,10.010678,0.79553,0.612574,2.890125,0.0,2.411907,1.560133,0.736971,5.296269,1.619174,3.249399,2.340616,16.364122,11.63936,2.82898,1.019548,1.177856,5.03559,2.150863,10.931742,10.972933,5.683089,6.670593,6.01762,2.108916,0.15153,0.189341,0.446579,0.647821,0.476499,0.015147,0.298298,3.5406,0.921438,0.206155,0.618441,20.021356,4.394356,4.889458,3.985507,18.19788,8.341667,2.529537,9.001579,11.90929,6.801598,8.359103,7.237988,2.135611,1.373236,1.163892,0.884732,1.354535,0.582387,0.257498,6.966134,0.731529,5.01731,2.522947,2.131103,0.587293,0.009471,0.05012,0.0,0,0.076475,0.0,0.0,0.0,0.047936,0.068718,0.076915,2.90977,6.392651,2.027065,0.69936,3.474676,3.582564,1.999394,0.947535,5.398683,3.099867,1.600157,2.775966,20.82221,10.758595,4.521913,2.266599,17.491166,7.17101,4.180551,11.668714,13.065106,9.411451,11.588868,8.649091,0,0.0,0.239461,0.008426,0,0.0,0,0,0,0.463382,0.284691,0.27402,1.86866,0,0.0,0.08426,0,0.029413,0.0,2.105633,0.0,0.015979,0.029451,0.276272,0.320342,0.369353,0.100239,0.463431,0.765607,0.300018,0.272645,0,0.687637,0.484687,1.295833,0.526808,0,0,0,0,0,0,0,0,0,0,0,0
37,1219,2092,2330,797,408,2255,645,1744,1448,2463,2969,18370,148,596,242,62,70,324,95,135,262,452,877,3263,388,76,99,315,0,428,89,41,367,282,657,2742,605,1169,507,122,17,860,121,613,749,1044,1372,7179,78,19,44,42,11,84,2,16,227,171,38,732,742,467,899,469,319,1393,169,504,823,1319,1638,8742,78,153,204,94,19,120,16,391,50,889,510,2524,19,1,9,1,0,7,0,0,0,9,11,57,111,645,374,89,67,646,138,61,347,590,330,3398,772,1112,739,276,303,1257,235,655,880,1747,2303,10279,0,0,44,0,0,0,0,0,0,77,59,180,67,0,0,4,0,6,0,116,0,4,5,202,12,43,18,54,14,50,11,0,43,93,234,572,0,0,0,0,0,0,0,0,0,0,0,0,32.541377,19.812482,12.975441,6.715538,24.028269,13.265486,9.769767,30.60186,21.185077,13.118509,14.57321,15.167904,3.950881,5.644474,1.347664,0.522413,4.122497,1.905994,1.438958,2.368837,3.833211,2.407457,4.304717,2.694223,10.357715,0.719765,0.551317,2.654196,0.0,2.517795,1.348076,0.719424,5.369422,1.501997,3.224856,2.296232,16.150561,11.071124,2.823411,1.027974,1.001178,5.059121,1.832778,10.756273,10.958303,5.560586,6.734403,5.92762,2.082221,0.179941,0.24503,0.353893,0.647821,0.494147,0.030294,0.280751,3.321141,0.910786,0.186521,0.604404,19.807795,4.422767,5.006404,3.951803,18.786808,8.1946,2.55983,8.843657,12.040966,7.0253,8.040053,7.218172,2.082221,1.449001,1.136047,0.792046,1.118963,0.705924,0.242351,6.860853,0.731529,4.73502,2.503313,2.084039,0.507208,0.009471,0.05012,0.008426,0,0.041179,0.0,0.0,0.0,0.047936,0.053993,0.056843,2.963161,6.108533,2.082753,0.749916,3.945819,3.800224,2.090276,1.070363,5.076811,3.142477,1.619791,2.805691,20.608649,10.5313,4.115387,2.325581,17.844523,7.394553,3.559527,11.493244,12.874909,9.304927,11.304177,8.487255,0,0.0,0.24503,0.0,0,0.0,0,0,0,0.41012,0.289599,0.315209,1.788574,0,0.0,0.033704,0,0.035296,0.0,2.035445,0.0,0.021305,0.024542,0.26078,0.320342,0.407236,0.100239,0.455005,0.824499,0.294135,0.166616,0,0.629115,0.49534,1.148579,0.495616,0,0,0,0,0,0,0,0,0,0,0,0
38,1208,2042,2381,792,406,2264,685,1727,1446,2375,2933,18259,144,573,238,52,69,326,74,135,246,427,880,3164,362,74,95,319,0,392,85,39,376,280,635,2657,598,1146,535,113,18,898,131,611,744,1035,1361,7190,78,18,44,50,11,91,4,13,225,154,37,725,727,456,863,456,301,1373,162,498,793,1266,1587,8482,81,149,222,86,19,93,18,377,48,888,523,2504,17,3,5,0,0,9,0,0,0,9,12,55,115,642,386,86,64,645,142,57,330,613,328,3408,766,1097,800,262,291,1210,269,642,878,1693,2357,10265,0,0,43,0,0,0,0,0,0,88,63,194,64,0,0,8,0,3,0,115,0,3,5,198,14,39,18,63,12,40,22,0,44,81,240,573,0,0,0,0,0,0,0,0,0,0,0,0,32.247731,19.338953,13.259453,6.673407,23.910483,13.31843,10.375644,30.303562,21.155816,12.6498,14.396505,15.076252,3.8441,5.42665,1.325388,0.438153,4.063604,1.91776,1.120872,2.368837,3.599122,2.274301,4.319442,2.612479,9.663641,0.700824,0.529042,2.6879,0.0,2.306018,1.287489,0.684331,5.501097,1.491345,3.11687,2.225051,15.963695,10.853301,2.97934,0.95214,1.060071,5.282664,1.984247,10.721179,10.88515,5.51265,6.68041,5.936703,2.082221,0.170471,0.24503,0.421301,0.647821,0.535326,0.060588,0.22811,3.29188,0.82024,0.181613,0.598624,19.407368,4.318591,4.805925,3.842265,17.726737,8.076946,2.453802,8.738375,11.602048,6.743009,7.789722,7.003493,2.162306,1.411118,1.236287,0.724638,1.118963,0.547091,0.272645,6.615196,0.702268,4.729694,2.567123,2.067525,0.453817,0.028412,0.027844,0.0,0,0.052944,0.0,0.0,0.0,0.047936,0.058901,0.062211,3.069941,6.080121,2.14958,0.724638,3.76914,3.794341,2.150863,1.000175,4.828091,3.26498,1.609974,2.813948,20.448478,10.389241,4.455087,2.207617,17.137809,7.118066,4.074523,11.265134,12.845647,9.01731,11.569234,8.475696,0,0.0,0.239461,0.0,0,0.0,0,0,0,0.468708,0.309233,0.339725,1.708489,0,0.0,0.067408,0,0.017648,0.0,2.017898,0.0,0.015979,0.024542,0.255616,0.373732,0.369353,0.100239,0.530839,0.706714,0.235308,0.333232,0,0.643745,0.431425,1.17803,0.496482,0,0,0,0,0,0,0,0,0,0,0,0
39,1193,2039,2322,791,401,2196,657,1710,1422,2319,2909,17959,145,563,236,60,72,329,87,135,249,425,840,3141,361,79,88,321,0,423,83,40,372,277,654,2698,599,1135,495,102,19,860,92,610,732,1011,1319,6974,76,20,42,45,12,84,0,13,227,177,40,736,741,461,851,449,299,1345,175,487,787,1204,1592,8391,76,137,184,108,20,97,25,372,53,904,477,2453,17,2,10,0,0,9,0,0,0,8,7,53,119,627,379,84,60,640,124,59,335,559,344,3330,770,1072,707,252,296,1211,249,636,854,1706,2326,10079,0,0,40,0,0,0,0,0,0,80,60,180,73,0,0,1,0,6,0,111,0,3,5,199,14,44,19,38,12,49,20,0,43,79,216,534,0,0,0,0,0,0,0,0,0,0,0,0,31.847304,19.310541,12.93089,6.664981,23.616019,12.918407,9.95153,30.005264,20.804682,12.351531,14.278702,14.828546,3.870796,5.331944,1.314251,0.505561,4.240283,1.935408,1.317782,2.368837,3.643014,2.263648,4.123104,2.593489,9.636946,0.748177,0.49006,2.704752,0.0,2.488382,1.257195,0.701878,5.442575,1.475366,3.210131,2.259385,15.99039,10.749124,2.756585,0.859454,1.118963,5.059121,1.393517,10.703632,10.709583,5.38482,6.474255,5.758354,2.028831,0.189412,0.233892,0.379171,0.706714,0.494147,0.0,0.22811,3.321141,0.942743,0.196338,0.642744,19.7811,4.365944,4.739099,3.783283,17.608952,7.91223,2.650712,8.545359,11.514265,6.412783,7.814264,6.928355,2.028831,1.297471,1.02467,0.91001,1.177856,0.570622,0.378673,6.527461,0.775421,4.814913,2.341334,2.025415,0.453817,0.018941,0.055689,0.0,0,0.052944,0.0,0.0,0.0,0.04261,0.034359,0.059949,3.176722,5.938062,2.110598,0.707786,3.533569,3.764927,1.878219,1.035269,4.901244,2.977364,1.688509,2.749544,20.555259,10.152477,3.937183,2.123357,17.432273,7.123948,3.771584,11.159853,12.494514,9.086551,11.417072,8.322118,0,0.0,0.222754,0.0,0,0.0,0,0,0,0.426099,0.294507,0.315209,1.948745,0,0.0,0.008426,0,0.035296,0.0,1.94771,0.0,0.015979,0.024542,0.256907,0.373732,0.416706,0.105808,0.320189,0.706714,0.288252,0.302939,0,0.629115,0.420772,1.060227,0.46269,0,0,0,0,0,0,0,0,0,0,0,0
40,1205,2008,2244,776,381,2163,644,1678,1403,2296,2823,17621,141,551,217,64,70,315,80,130,239,417,819,3043,368,79,103,272,0,400,96,41,352,270,595,2576,591,1127,466,113,18,838,115,599,708,1014,1309,6898,77,17,35,52,12,86,0,15,226,152,39,711,728,440,830,422,288,1334,157,480,748,1233,1565,8225,75,137,211,114,20,107,15,379,52,871,483,2464,22,2,12,0,0,8,1,0,0,9,5,59,129,625,385,84,64,592,146,57,323,612,342,3359,772,1062,745,282,288,1203,245,618,852,1678,2247,9992,0,0,46,0,0,0,0,0,0,83,58,187,69,0,0,7,0,2,0,108,1,1,5,193,15,32,17,50,15,46,13,0,44,77,227,536,0,0,0,0,0,0,0,0,0,0,0,0,32.167645,19.016952,12.496519,6.538591,22.438163,12.724278,9.75462,29.443762,20.526701,12.229028,13.856575,14.549463,3.764015,5.218297,1.208442,0.539265,4.122497,1.85305,1.211754,2.281102,3.496708,2.221039,4.020027,2.512571,9.823812,0.748177,0.573592,2.291877,0.0,2.35308,1.454105,0.719424,5.149963,1.438083,2.920532,2.157219,15.776829,10.673359,2.595088,0.95214,1.060071,4.929702,1.741896,10.510616,10.358449,5.400799,6.425171,5.695602,2.055526,0.161,0.19491,0.438153,0.706714,0.505912,0.0,0.263204,3.306511,0.809587,0.19143,0.620912,19.434063,4.167061,4.622153,3.55578,16.961131,7.84752,2.378067,8.42253,10.943672,6.567244,7.681736,6.791291,2.002136,1.297471,1.175029,0.960566,1.177856,0.629449,0.227204,6.65029,0.76079,4.639148,2.370785,2.034497,0.587293,0.018941,0.066826,0.0,0,0.047062,0.015147,0.0,0.0,0.047936,0.024542,0.062098,3.443673,5.919121,2.144011,0.707786,3.76914,3.482558,2.211451,1.000175,4.725677,3.259654,1.678692,2.773489,20.608649,10.057771,4.1488,2.376138,16.961131,7.076887,3.710997,10.844008,12.465252,8.937417,11.029303,8.250283,0,0.0,0.256168,0.0,0,0.0,0,0,0,0.442077,0.284691,0.327467,1.841965,0,0.0,0.058982,0,0.011765,0.0,1.895069,0.014631,0.005326,0.024542,0.228958,0.400427,0.303059,0.094671,0.421301,0.883392,0.270604,0.19691,0,0.643745,0.41012,1.11422,0.464423,0,0,0,0,0,0,0,0,0,0,0,0
41,1194,1967,2178,756,369,2125,687,1626,1395,2301,2769,17367,145,555,209,50,73,321,88,126,230,411,806,3014,365,80,87,303,0,409,87,42,341,255,615,2584,592,1124,470,120,21,846,135,577,705,989,1262,6841,79,19,38,33,12,78,0,15,219,168,36,697,728,439,821,423,287,1313,160,477,754,1210,1505,8117,74,148,190,112,22,97,27,366,47,855,494,2432,22,3,9,0,0,10,0,0,0,11,16,71,128,626,407,76,66,640,120,56,330,596,328,3373,772,1072,726,292,285,1173,272,600,820,1653,2217,9882,0,0,53,0,0,1,0,0,0,77,61,192,66,0,2,10,0,4,0,109,1,2,5,199,15,43,15,47,15,42,18,0,45,75,214,529,0,0,0,0,0,0,0,0,0,0,0,0,31.873999,18.628658,12.128975,6.370071,21.731449,12.500735,10.405938,28.531321,20.409656,12.255659,13.591518,14.339738,3.870796,5.25618,1.163892,0.421301,4.299176,1.888346,1.332929,2.210914,3.365033,2.189081,3.956217,2.488626,9.743727,0.757648,0.484491,2.553084,0.0,2.406024,1.317782,0.736971,4.989027,1.358189,3.018701,2.163919,15.803524,10.644947,2.617364,1.011122,1.236749,4.976763,2.044835,10.124583,10.314557,5.267643,6.194473,5.648537,2.108916,0.179941,0.211617,0.278059,0.706714,0.458851,0.0,0.263204,3.204097,0.894807,0.176704,0.608686,19.434063,4.157591,4.572033,3.564206,16.902238,7.723984,2.423508,8.369889,11.031456,6.44474,7.387228,6.702116,1.97544,1.401648,1.058083,0.943714,1.295642,0.570622,0.408967,6.422179,0.687637,4.553928,2.424778,2.008075,0.587293,0.028412,0.05012,0.0,0,0.058827,0.0,0.0,0.0,0.058589,0.078535,0.080309,3.416978,5.928592,2.266526,0.640377,3.886926,3.764927,1.817631,0.982629,4.828091,3.174434,1.609974,2.785048,20.608649,10.152477,4.042992,2.460398,16.784452,6.900406,4.119964,10.528163,11.997074,8.804261,10.88205,8.159457,0,0.0,0.29515,0.0,0,0.005883,0,0,0,0.41012,0.299416,0.259095,1.761879,0,0.011138,0.08426,0,0.023531,0.0,1.912616,0.014631,0.010652,0.024542,0.194617,0.400427,0.407236,0.083533,0.396023,0.883392,0.247073,0.272645,0,0.658376,0.399467,1.05041,0.458358,0,0,0,0,0,0,0,0,0,0,0,0
42,1161,1960,2196,726,374,2099,626,1613,1376,2235,2788,17154,141,538,244,55,74,299,81,122,219,396,809,2978,353,71,94,284,0,407,106,41,325,261,592,2534,578,1096,471,106,21,807,139,572,675,991,1319,6775,76,17,31,37,13,81,4,17,215,159,35,685,731,408,810,441,267,1253,145,466,744,1164,1513,7942,78,152,196,112,18,115,16,352,46,846,494,2425,17,2,10,1,0,8,0,0,0,10,14,62,131,609,385,94,60,640,134,62,323,633,345,3416,772,1024,699,268,279,1174,256,588,794,1666,2255,9775,0,0,44,1,0,0,0,0,0,85,54,184,64,0,0,7,0,3,0,110,1,3,4,192,14,42,17,36,14,48,16,0,42,79,188,496,0,0,0,0,0,0,0,0,0,0,0,0,30.993059,18.562364,12.229214,6.11729,22.025913,12.347785,9.481975,28.303211,20.131675,11.904128,13.684779,14.163866,3.764015,5.095179,1.358802,0.463431,4.358068,1.758927,1.226901,2.140726,3.204097,2.109188,3.970942,2.458901,9.423385,0.672412,0.523473,2.39299,0.0,2.394258,1.605574,0.719424,4.754938,1.390146,2.905807,2.122047,15.429792,10.379771,2.622933,0.893158,1.236749,4.747338,2.105423,10.036849,9.87564,5.278296,6.474255,5.594042,2.028831,0.161,0.172635,0.311763,0.765607,0.476499,0.060588,0.298298,3.145574,0.846871,0.171796,0.565597,19.514148,3.864002,4.510776,3.715875,15.724382,7.371022,2.196304,8.176873,10.88515,6.199734,7.426496,6.557621,2.082221,1.43953,1.091496,0.943714,1.060071,0.67651,0.242351,6.176522,0.673007,4.505992,2.424778,2.002295,0.453817,0.018941,0.055689,0.008426,0,0.047062,0.0,0.0,0.0,0.053262,0.068718,0.061829,3.497064,5.767592,2.144011,0.792046,3.533569,3.764927,2.029688,1.08791,4.725677,3.371505,1.693418,2.820553,20.608649,9.697888,3.892632,2.258173,16.431095,6.906289,3.877613,10.3176,11.616679,8.873502,11.068571,8.071108,0,0.0,0.24503,0.008426,0,0.0,0,0,0,0.45273,0.265057,0.266771,1.708489,0,0.0,0.058982,0,0.017648,0.0,1.930163,0.014631,0.015979,0.019634,0.227772,0.373732,0.397765,0.094671,0.303337,0.824499,0.28237,0.242351,0,0.614484,0.420772,0.92279,0.429765,0,0,0,0,0,0,0,0,0,0,0,0
43,1155,1941,2130,723,356,2110,646,1587,1359,2233,2736,16976,140,528,209,50,74,307,76,117,238,372,799,2910,366,73,81,284,0,394,83,42,328,255,586,2492,578,1078,482,92,21,790,133,567,671,973,1270,6655,75,14,33,38,13,90,3,16,211,149,36,678,720,440,802,441,271,1284,147,468,737,1150,1526,7986,81,137,181,107,17,107,15,350,50,824,482,2351,21,3,11,1,0,7,1,0,0,11,12,67,122,627,395,80,60,633,136,65,335,618,331,3402,757,1036,722,256,279,1173,255,576,813,1619,2260,9746,0,0,38,0,0,0,0,0,0,83,53,174,66,0,1,5,0,5,0,109,1,1,4,192,13,37,12,47,14,55,15,0,41,69,184,487,0,0,0,0,0,0,0,0,0,0,0,0,30.832888,18.382423,11.86167,6.092012,20.965842,12.412495,9.784914,27.846991,19.882955,11.893475,13.429539,14.016894,3.73732,5.000474,1.163892,0.421301,4.358068,1.805989,1.151166,2.052992,3.482078,1.981358,3.921857,2.402754,9.770422,0.691353,0.451078,2.39299,0.0,2.317783,1.257195,0.736971,4.79883,1.358189,2.876356,2.086875,15.429792,10.2093,2.68419,0.775194,1.236749,4.647332,2.014541,9.949114,9.817118,5.182423,6.233741,5.494959,2.002136,0.132588,0.183772,0.320189,0.765607,0.529443,0.045441,0.280751,3.087052,0.793609,0.176704,0.559817,19.220502,4.167061,4.466225,3.715875,15.959953,7.553385,2.226598,8.211967,10.782736,6.125166,7.490306,6.593951,2.162306,1.297471,1.007963,0.901584,1.001178,0.629449,0.227204,6.141428,0.731529,4.388815,2.365876,1.941194,0.560598,0.028412,0.061257,0.008426,0,0.041179,0.015147,0.0,0.0,0.058589,0.058901,0.062688,3.256807,5.938062,2.199699,0.674082,3.533569,3.723748,2.059982,1.140551,4.901244,3.291611,1.624699,2.808993,20.208222,9.811535,4.020716,2.157061,16.431095,6.900406,3.862466,10.107036,11.89466,8.623169,11.093113,8.047163,0,0.0,0.211617,0.0,0,0.0,0,0,0,0.442077,0.260148,0.304702,1.761879,0,0.005569,0.04213,0,0.029413,0.0,1.912616,0.014631,0.005326,0.019634,0.187771,0.347037,0.350412,0.066826,0.396023,0.824499,0.323548,0.227204,0,0.599854,0.36751,0.903156,0.421967,0,0,0,0,0,0,0,0,0,0,0,0
44,1142,1909,2152,711,356,1983,615,1572,1349,2221,2693,16703,136,525,196,51,74,320,78,115,216,395,753,2859,367,69,92,291,0,362,93,42,337,259,587,2499,570,1092,459,113,20,803,127,561,675,959,1263,6642,76,12,31,37,12,88,1,17,209,136,38,657,706,431,807,433,273,1219,146,457,715,1140,1477,7804,78,142,173,101,15,107,12,349,51,815,479,2322,22,3,11,0,0,7,1,0,0,14,12,70,115,617,384,91,59,632,114,64,351,587,329,3343,758,1029,740,245,282,1186,250,581,803,1647,2174,9695,0,1,41,0,0,0,0,0,0,82,48,172,71,0,0,5,0,4,0,111,0,0,4,195,13,41,21,38,13,52,16,0,40,69,184,487,0,0,0,0,0,0,0,0,0,0,0,0,30.485852,18.079364,11.984184,5.9909,20.965842,11.665392,9.315359,27.583787,19.73665,11.829561,13.218475,13.791481,3.630539,4.972062,1.091496,0.429727,4.358068,1.882464,1.18146,2.017898,3.160205,2.103862,3.696068,2.360644,9.797117,0.653471,0.512335,2.451972,0.0,2.129537,1.408664,0.736971,4.930505,1.379494,2.881264,2.092737,15.216231,10.341888,2.556106,0.95214,1.177856,4.723807,1.923659,9.843832,9.87564,5.107856,6.199382,5.484225,2.028831,0.113647,0.172635,0.311763,0.706714,0.517678,0.015147,0.298298,3.057791,0.724368,0.186521,0.542478,18.84677,4.081826,4.494069,3.648466,16.077739,7.17101,2.211451,8.018951,10.460863,6.071904,7.249791,6.443676,2.082221,1.344824,0.963413,0.851028,0.883392,0.629449,0.181763,6.123881,0.746159,4.340879,2.351151,1.917249,0.587293,0.028412,0.061257,0.0,0,0.041179,0.015147,0.0,0.0,0.074567,0.058901,0.073676,3.069941,5.843356,2.138442,0.766768,3.474676,3.717866,1.726749,1.123004,5.135333,3.126498,1.614882,2.760278,20.234917,9.745241,4.120956,2.064375,16.607774,6.976881,3.786731,10.194771,11.748354,8.772304,10.670986,8.005053,0,0.009471,0.228323,0.0,0,0.0,0,0,0,0.436751,0.235606,0.254197,1.895355,0,0.0,0.04213,0,0.023531,0.0,1.94771,0.0,0.0,0.019634,0.332283,0.347037,0.388294,0.116946,0.320189,0.765607,0.3059,0.242351,0,0.585223,0.36751,0.903156,0.421967,0,0,0,0,0,0,0,0,0,0,0,0
45,1155,1899,2102,694,361,2024,643,1560,1353,2140,2632,16563,135,515,194,42,70,307,78,113,227,374,735,2790,368,70,76,290,0,389,88,43,337,268,555,2484,582,1069,475,94,18,764,126,556,686,938,1215,6523,75,17,35,41,13,81,2,15,206,136,32,653,702,400,773,416,269,1249,179,457,699,1095,1453,7692,83,151,187,89,18,107,19,347,52,795,474,2322,25,2,11,0,0,9,0,0,0,11,9,67,121,613,393,90,66,634,141,60,346,584,342,3390,756,999,681,237,270,1147,244,578,793,1612,2171,9488,0,0,38,0,0,0,0,0,0,77,55,170,63,0,0,9,0,4,0,111,1,1,4,193,13,38,18,43,11,50,12,0,41,75,183,484,0,0,0,0,0,0,0,0,0,0,0,0,30.832888,17.984658,11.705741,5.847658,21.260306,11.906583,9.739473,27.373223,19.795172,11.398136,12.91906,13.675884,3.603844,4.877356,1.080359,0.353893,4.122497,1.805989,1.18146,1.982804,3.321141,1.992011,3.607716,2.303672,9.823812,0.662942,0.423233,2.443546,0.0,2.28837,1.332929,0.754518,4.930505,1.42743,2.724194,2.080176,15.536572,10.124065,2.645208,0.792046,1.060071,4.494382,1.908513,9.756098,10.036576,4.996005,5.963776,5.385968,2.002136,0.161,0.19491,0.345467,0.765607,0.476499,0.030294,0.263204,3.013899,0.724368,0.157071,0.539175,18.739989,3.788238,4.304728,3.505224,15.842167,7.347491,2.7113,8.018951,10.226774,5.832224,7.131988,6.351198,2.215697,1.43006,1.041377,0.749916,1.060071,0.629449,0.287792,6.088788,0.76079,4.234354,2.326609,1.917249,0.667379,0.018941,0.061257,0.0,0,0.052944,0.0,0.0,0.0,0.058589,0.044176,0.075784,3.230112,5.805474,2.188562,0.758342,3.886926,3.729631,2.135716,1.052816,5.06218,3.110519,1.678692,2.799085,20.181527,9.461123,3.792393,1.996967,15.90106,6.747456,3.69585,10.14213,11.602048,8.585885,10.656261,7.834136,0,0.0,0.211617,0.0,0,0.0,0,0,0,0.41012,0.269965,0.297697,1.681794,0,0.0,0.075834,0,0.023531,0.0,1.94771,0.014631,0.005326,0.019634,0.228958,0.347037,0.359883,0.100239,0.362319,0.647821,0.294135,0.181763,0,0.599854,0.399467,0.898248,0.419367,0,0,0,0,0,0,0,0,0,0,0,0
46,1142,1835,2058,659,342,1996,623,1524,1358,2121,2609,16267,123,521,200,41,73,312,70,108,225,369,708,2750,351,63,76,294,0,377,70,44,334,259,576,2444,576,1050,450,94,16,791,134,541,688,933,1211,6484,68,12,33,30,14,88,3,16,218,133,31,646,701,387,718,402,273,1198,178,449,689,1130,1452,7577,80,152,177,96,18,90,19,335,55,804,458,2284,26,2,7,1,0,11,1,0,0,9,6,63,120,624,408,72,61,619,147,58,339,605,356,3409,776,957,727,239,266,1152,267,558,771,1612,2121,9446,0,1,40,0,0,0,0,0,0,69,57,167,73,0,1,4,0,4,0,108,1,3,3,197,15,37,21,44,12,40,14,0,44,70,172,469,0,0,0,0,0,0,0,0,0,0,0,0,30.485852,17.37854,11.460712,5.552747,20.141343,11.741867,9.436534,26.741534,19.868325,11.296937,12.806165,13.43148,3.283502,4.934179,1.113772,0.345467,4.299176,1.835402,1.060285,1.895069,3.29188,1.965379,3.475188,2.270644,9.369995,0.596647,0.423233,2.47725,0.0,2.217778,1.060285,0.772065,4.886613,1.379494,2.827271,2.046678,15.376401,9.944123,2.505987,0.792046,0.942285,4.653215,2.029688,9.492893,10.065838,4.969374,5.944142,5.353766,1.81527,0.113647,0.183772,0.252781,0.824499,0.517678,0.045441,0.280751,3.189466,0.708389,0.152162,0.533395,18.713294,3.66512,3.998441,3.38726,16.077739,7.047473,2.696153,7.878575,10.080468,6.018642,7.12708,6.256244,2.135611,1.43953,0.985688,0.808898,1.060071,0.529443,0.287792,5.878224,0.804682,4.28229,2.248073,1.885873,0.694074,0.018941,0.038982,0.008426,0,0.06471,0.015147,0.0,0.0,0.047936,0.029451,0.058945,3.203417,5.909651,2.272094,0.606673,3.592462,3.641391,2.226598,1.017722,4.959766,3.22237,1.747411,2.814773,20.71543,9.063358,4.04856,2.013819,15.665489,6.776869,4.044229,9.791191,11.280176,8.585885,10.410838,7.799457,0,0.009471,0.222754,0.0,0,0.0,0,0,0,0.36751,0.279782,0.246808,1.948745,0,0.005569,0.033704,0,0.023531,0.0,1.895069,0.014631,0.015979,0.014725,0.192661,0.400427,0.350412,0.116946,0.370745,0.706714,0.235308,0.212057,0,0.643745,0.372836,0.844255,0.40637,0,0,0,0,0,0,0,0,0,0,0,0
47,1127,1829,2054,640,347,1978,582,1520,1332,2128,2600,16137,122,491,203,44,72,306,86,111,223,361,709,2728,337,66,87,298,0,380,66,41,332,259,571,2437,571,1000,436,100,17,744,107,540,669,924,1259,6367,66,17,22,39,13,77,0,14,219,151,34,652,710,390,749,396,272,1206,159,439,679,1088,1409,7497,82,144,177,91,18,102,14,332,56,795,480,2291,22,1,10,0,0,9,0,0,0,12,11,65,131,637,402,70,69,623,126,57,350,569,348,3382,769,940,697,237,269,1135,232,547,779,1604,2159,9368,0,1,42,1,0,0,0,0,0,77,48,169,67,0,2,6,0,3,0,106,1,1,3,189,13,36,16,38,12,49,13,0,43,79,165,464,0,0,0,0,0,0,0,0,0,0,0,0,30.085424,17.321716,11.438436,5.392653,20.435807,11.635979,8.81551,26.671346,19.48793,11.334221,12.761989,13.324141,3.256807,4.650062,1.130478,0.370745,4.240283,1.800106,1.302636,1.94771,3.262619,1.92277,3.480096,2.252479,8.996263,0.625059,0.484491,2.510954,0.0,2.235426,0.999697,0.719424,4.857352,1.379494,2.802729,2.040816,15.242926,9.470594,2.428022,0.842602,1.001178,4.376728,1.620721,9.475347,9.787857,4.921438,6.179748,5.257161,1.761879,0.161,0.122515,0.328615,0.765607,0.452968,0.0,0.245657,3.204097,0.804261,0.166888,0.569388,18.95355,3.693532,4.171075,3.336704,16.018846,7.094535,2.408361,7.703106,9.934162,5.79494,6.916016,6.190189,2.189002,1.363766,0.985688,0.766768,1.060071,0.600035,0.212057,5.825583,0.819312,4.234354,2.356059,1.891653,0.587293,0.009471,0.055689,0.0,0,0.052944,0.0,0.0,0.0,0.063915,0.053993,0.073522,3.497064,6.032768,2.238681,0.589821,4.063604,3.664921,1.908513,1.000175,5.120702,3.030626,1.708143,2.79248,20.528564,8.902358,3.881495,1.996967,15.842167,6.676863,3.514087,9.598175,11.39722,8.543276,10.597359,7.735053,0,0.009471,0.233892,0.008426,0,0.0,0,0,0,0.41012,0.235606,0.212493,1.788574,0,0.011138,0.050556,0,0.017648,0.0,1.859975,0.014631,0.005326,0.014725,0.184837,0.347037,0.340941,0.089102,0.320189,0.706714,0.288252,0.19691,0,0.629115,0.420772,0.809895,0.402038,0,0,0,0,0,0,0,0,0,0,0,0
48,1122,1851,1956,630,336,1880,577,1515,1303,2077,2528,15775,121,505,196,47,71,303,77,110,229,380,722,2761,322,71,66,264,0,360,61,40,314,260,563,2321,568,1001,409,113,17,713,118,539,648,906,1219,6251,63,18,30,37,12,73,3,16,212,146,27,637,690,395,733,369,263,1199,144,439,689,1090,1413,7424,75,148,180,84,19,100,21,326,53,815,471,2292,25,1,10,0,0,8,1,0,0,12,9,66,126,650,404,92,61,615,138,61,328,584,362,3421,765,946,738,235,262,1099,236,541,763,1592,2120,9297,0,1,42,0,0,1,0,0,0,71,56,171,72,0,1,2,0,5,0,106,1,1,3,191,13,38,21,47,13,37,18,0,42,68,186,483,0,0,0,0,0,0,0,0,0,0,0,0,29.951949,17.530069,10.892688,5.308392,19.787986,11.059474,8.739776,26.583611,19.063643,11.062583,12.40858,13.025241,3.230112,4.78265,1.091496,0.396023,4.18139,1.782458,1.166313,1.930163,3.350402,2.023968,3.543906,2.279727,8.595836,0.672412,0.367545,2.224469,0.0,2.117772,0.923962,0.701878,4.594001,1.38482,2.763461,1.943674,15.16284,9.480064,2.277663,0.95214,1.001178,4.194364,1.787337,9.4578,9.480614,4.825566,5.983409,5.161381,1.681794,0.170471,0.167066,0.311763,0.706714,0.429437,0.045441,0.280751,3.101683,0.77763,0.132528,0.525964,18.419648,3.740885,4.081974,3.109201,15.48881,7.053356,2.181157,7.703106,10.080468,5.805593,6.93565,6.129914,2.002136,1.401648,1.002395,0.707786,1.118963,0.58827,0.318085,5.720302,0.775421,4.340879,2.311883,1.892479,0.667379,0.009471,0.055689,0.0,0,0.047062,0.015147,0.0,0.0,0.063915,0.044176,0.069466,3.363588,6.155886,2.249819,0.775194,3.592462,3.61786,2.090276,1.070363,4.79883,3.110519,1.776862,2.824681,20.421783,8.959182,4.109818,1.980115,15.429918,6.465086,3.574674,9.492893,11.163131,8.479361,10.405929,7.676429,0,0.009471,0.233892,0.0,0,0.005883,0,0,0,0.378162,0.274874,0.201977,1.92205,0,0.005569,0.016852,0,0.029413,0.0,1.859975,0.014631,0.005326,0.014725,0.186793,0.347037,0.359883,0.116946,0.396023,0.765607,0.21766,0.272645,0,0.614484,0.362184,0.912973,0.418501,0,0,0,0,0,0,0,0,0,0,0,0
49,1122,1814,2012,655,351,1906,583,1514,1304,2050,2507,15818,114,495,202,38,67,308,73,110,224,364,708,2703,326,67,76,285,0,357,70,40,329,235,571,2356,569,995,458,104,17,737,101,531,650,936,1231,6329,61,17,34,29,11,75,4,16,213,148,33,641,686,380,735,347,260,1191,158,430,690,1073,1395,7345,79,151,156,82,18,101,12,324,55,806,491,2275,25,2,13,1,0,6,2,1,0,10,9,69,127,601,419,93,67,626,141,58,320,587,366,3405,763,930,705,213,260,1112,223,534,780,1582,2129,9231,0,1,50,0,0,0,0,0,0,66,52,169,71,0,2,6,0,4,0,105,1,1,5,195,12,40,14,48,12,45,9,0,45,75,178,478,0,0,0,0,0,0,0,0,0,0,0,0,29.951949,17.179657,11.204544,5.519043,20.671378,11.212424,8.830657,26.566064,19.078274,10.918775,12.305502,13.060746,3.043246,4.687944,1.12491,0.320189,3.945819,1.811871,1.105726,1.930163,3.277249,1.938748,3.475188,2.231837,8.702616,0.63453,0.423233,2.401416,0.0,2.100124,1.060285,0.701878,4.81346,1.251664,2.802729,1.972985,15.189536,9.423241,2.550537,0.876306,1.001178,4.335549,1.529839,9.317424,9.509876,4.985353,6.042311,5.225785,1.628404,0.161,0.189341,0.244355,0.647821,0.441202,0.060588,0.280751,3.116313,0.788282,0.161979,0.529267,18.312867,3.598826,4.093111,2.923829,15.312132,7.006294,2.393214,7.545183,10.095099,5.715047,6.847298,6.064684,2.108916,1.43006,0.868742,0.690934,1.060071,0.594153,0.181763,5.685208,0.804682,4.292943,2.410053,1.878442,0.667379,0.018941,0.072395,0.008426,0,0.035296,0.030294,0.017547,0.0,0.053262,0.044176,0.061291,3.390283,5.691827,2.333352,0.78362,3.945819,3.68257,2.135716,1.017722,4.681785,3.126498,1.796495,2.81147,20.368393,8.807652,3.926046,1.794742,15.312132,6.541561,3.377764,9.370065,11.411851,8.426099,10.450106,7.621934,0,0.009471,0.278443,0.0,0,0.0,0,0,0,0.351531,0.25524,0.249764,1.895355,0,0.011138,0.050556,0,0.023531,0.0,1.842428,0.014631,0.005326,0.024542,0.190705,0.320342,0.378824,0.077964,0.404449,0.706714,0.264721,0.136322,0,0.658376,0.399467,0.873705,0.414168,0,0,0,0,0,0,0,0,0,0,0,0
50,1088,1765,2004,673,342,1917,530,1487,1305,2016,2490,15617,119,499,201,38,71,297,75,109,210,356,684,2659,310,59,67,226,0,340,71,38,330,254,534,2229,557,985,472,116,15,741,104,531,644,883,1188,6236,69,16,35,32,13,76,0,17,214,143,28,643,686,369,727,361,252,1182,132,427,677,1058,1381,7252,78,144,196,97,15,105,13,320,52,807,465,2292,24,1,9,0,0,8,1,0,0,16,10,69,128,645,394,85,65,620,120,62,332,620,375,3446,754,919,711,247,248,1129,226,530,764,1572,2113,9213,0,1,51,0,0,0,0,0,0,63,46,161,66,0,3,3,0,3,0,105,1,4,4,189,11,40,16,40,13,38,14,0,41,71,178,462,0,0,0,0,0,0,0,0,0,0,0,0,29.044314,16.715598,11.159993,5.670711,20.141343,11.277134,8.02787,26.092297,19.092904,10.737683,12.222059,12.894782,3.176722,4.725826,1.119341,0.320189,4.18139,1.747162,1.136019,1.912616,3.072421,1.896138,3.357385,2.195507,8.275494,0.558765,0.373114,1.90428,0.0,2.000118,1.075432,0.666784,4.828091,1.352863,2.621116,1.866631,14.869194,9.328535,2.628501,0.977418,0.883392,4.35908,1.57528,9.317424,9.422092,4.703063,5.831247,5.148996,1.841965,0.15153,0.19491,0.269633,0.765607,0.447085,0.0,0.298298,3.130944,0.761651,0.137437,0.561528,18.312867,3.494649,4.04856,3.041793,14.840989,6.95335,1.999394,7.492543,9.904901,5.635153,6.778579,5.987895,2.082221,1.363766,1.091496,0.817324,0.883392,0.617683,0.19691,5.61502,0.76079,4.298269,2.282433,1.892479,0.640683,0.009471,0.05012,0.0,0,0.047062,0.015147,0.0,0.0,0.08522,0.049085,0.072623,3.416978,6.108533,2.19413,0.716212,3.828033,3.647273,1.817631,1.08791,4.857352,3.302264,1.840671,2.845324,20.128137,8.703476,3.959459,2.081227,14.605418,6.641567,3.423205,9.299877,11.177762,8.372836,10.37157,7.607071,0,0.009471,0.284012,0.0,0,0.0,0,0,0,0.335553,0.225789,0.23794,1.761879,0,0.016707,0.025278,0,0.017648,0.0,1.842428,0.014631,0.021305,0.019634,0.184837,0.293647,0.378824,0.089102,0.337041,0.765607,0.223543,0.212057,0,0.599854,0.378162,0.873705,0.400305,0,0,0,0,0,0,0,0,0,0,0,0
51,1090,1755,1897,640,330,1872,582,1475,1266,2018,2447,15372,121,492,191,47,68,298,84,101,211,356,716,2685,318,60,73,245,0,345,76,40,331,227,542,2257,560,959,439,109,14,720,96,531,628,869,1132,6057,66,18,29,25,12,80,3,17,215,130,33,628,665,386,682,380,252,1172,158,425,672,1038,1368,7198,84,134,169,95,16,104,17,326,51,791,485,2272,17,2,8,0,0,5,0,1,0,13,7,53,137,630,394,77,72,617,123,63,336,575,375,3399,742,917,659,217,248,1137,211,534,766,1535,2094,9060,0,1,40,0,0,0,0,0,0,71,47,159,66,0,2,8,0,3,0,108,1,3,4,195,11,38,14,37,14,40,12,0,45,72,184,467,0,0,0,0,0,0,0,0,0,0,0,0,29.097704,16.620892,10.564125,5.392653,19.434629,11.012412,8.81551,25.881734,18.522312,10.748336,12.010995,12.692489,3.230112,4.659532,1.063652,0.396023,4.004711,1.753044,1.272342,1.772241,3.087052,1.896138,3.514455,2.216975,8.489055,0.568236,0.406527,2.064375,0.0,2.029531,1.151166,0.701878,4.842721,1.209055,2.660384,1.890079,14.949279,9.082299,2.444729,0.918436,0.824499,4.235543,1.454105,9.317424,9.188003,4.628495,5.556374,5.001197,1.761879,0.170471,0.161497,0.21065,0.706714,0.470616,0.045441,0.298298,3.145574,0.69241,0.161979,0.518533,17.752269,3.655649,3.797962,3.201887,14.840989,6.894523,2.393214,7.457449,9.831748,5.528628,6.71477,5.943308,2.242392,1.26906,0.941137,0.800472,0.942285,0.611801,0.257498,5.720302,0.746159,4.213049,2.380602,1.875965,0.453817,0.018941,0.044551,0.0,0,0.029413,0.0,0.017547,0.0,0.069241,0.034359,0.056318,3.657234,5.966474,2.19413,0.648804,4.240283,3.629625,1.863072,1.105457,4.915874,3.062583,1.840671,2.806516,19.807795,8.684535,3.669878,1.828446,14.605418,6.688629,3.196001,9.370065,11.207023,8.175766,10.27831,7.480741,0,0.009471,0.222754,0.0,0,0.0,0,0,0,0.378162,0.230697,0.234985,1.761879,0,0.011138,0.067408,0,0.017648,0.0,1.895069,0.014631,0.015979,0.019634,0.190705,0.293647,0.359883,0.077964,0.311763,0.824499,0.235308,0.181763,0,0.658376,0.383489,0.903156,0.404637,0,0,0,0,0,0,0,0,0,0,0,0
52,1088,1737,1917,648,336,1797,554,1471,1276,1962,2442,15228,119,478,190,34,69,288,69,99,212,339,698,2595,306,62,71,241,0,328,64,37,330,233,528,2200,557,944,436,80,15,670,108,524,659,853,1127,5973,66,19,30,30,12,71,0,17,218,141,36,640,665,356,684,379,252,1110,142,424,659,1043,1363,7077,81,139,171,67,14,99,19,320,53,807,459,2229,24,3,11,1,0,12,0,1,0,14,7,73,129,666,404,88,70,602,125,62,337,597,375,3455,736,928,693,221,251,1022,235,523,754,1569,2107,9039,0,1,41,0,0,0,0,0,0,66,53,161,64,0,0,2,0,3,0,108,1,3,4,185,10,39,16,45,13,34,11,0,42,70,168,448,0,0,0,0,0,0,0,0,0,0,0,0,29.044314,16.450421,10.675503,5.460061,19.787986,10.57121,8.391397,25.811546,18.668617,10.450067,11.986453,12.57359,3.176722,4.526944,1.058083,0.286485,4.063604,1.694217,1.045138,1.737147,3.101683,1.805593,3.426103,2.142663,8.168713,0.587177,0.395389,2.030671,0.0,1.929525,0.969403,0.649237,4.828091,1.241012,2.591665,1.842345,14.869194,8.940241,2.428022,0.674082,0.883392,3.941408,1.635868,9.194596,9.641551,4.543276,5.531831,4.931839,1.761879,0.179941,0.167066,0.252781,0.706714,0.417672,0.0,0.298298,3.189466,0.750999,0.176704,0.558908,17.752269,3.371531,3.8091,3.193461,14.840989,6.529796,2.150863,7.439902,9.641551,5.55526,6.690227,5.8434,2.162306,1.316413,0.952275,0.564543,0.824499,0.582387,0.287792,5.61502,0.775421,4.298269,2.252982,1.84046,0.640683,0.028412,0.061257,0.008426,0,0.070592,0.0,0.017547,0.0,0.074567,0.034359,0.068884,3.443673,6.307415,2.249819,0.74149,4.122497,3.541385,1.893366,1.08791,4.930505,3.17976,1.840671,2.852755,19.647624,8.788711,3.859219,1.86215,14.782097,6.012118,3.559527,9.177049,11.031456,8.356858,10.342119,7.463401,0,0.009471,0.228323,0.0,0,0.0,0,0,0,0.351531,0.260148,0.23794,1.708489,0,0.0,0.016852,0,0.017648,0.0,1.895069,0.014631,0.015979,0.019634,0.219467,0.266951,0.369353,0.089102,0.379171,0.765607,0.200012,0.166616,0,0.614484,0.372836,0.824621,0.388175,0,0,0,0,0,0,0,0,0,0,0,0
53,1069,1728,1901,619,324,1892,508,1450,1270,1967,2406,15134,121,474,189,41,72,294,84,95,209,334,691,2604,307,59,66,253,0,316,67,39,322,228,563,2220,548,961,433,98,14,722,102,526,632,842,1140,6018,65,13,32,26,13,71,3,18,210,140,33,624,654,350,706,343,245,1150,127,418,659,1046,1333,7031,84,146,169,59,14,103,20,323,53,778,462,2211,27,4,10,1,0,6,0,1,0,12,8,69,129,655,406,97,66,610,121,63,330,595,345,3417,739,914,653,199,253,1082,212,504,766,1526,2081,8929,0,1,50,0,0,0,0,0,0,60,45,156,65,0,1,6,0,5,0,108,1,5,5,196,12,43,22,41,14,48,18,0,42,66,178,484,0,0,0,0,0,0,0,0,0,0,0,0,28.537106,16.365186,10.586401,5.215706,19.081272,11.130066,7.694638,25.44306,18.580834,10.476698,11.809748,12.495975,3.230112,4.489061,1.052514,0.345467,4.240283,1.729514,1.272342,1.666959,3.057791,1.778961,3.391744,2.150094,8.195408,0.558765,0.367545,2.131783,0.0,1.858933,1.014844,0.684331,4.711046,1.214381,2.763461,1.859094,14.628938,9.101241,2.411316,0.82575,0.824499,4.247309,1.544986,9.229689,9.246525,4.484687,5.595641,4.968995,1.735184,0.123118,0.178203,0.219077,0.765607,0.417672,0.045441,0.315845,3.072421,0.745672,0.161979,0.51523,17.458623,3.314708,3.931614,2.890125,14.42874,6.765104,1.923659,7.33462,9.641551,5.571238,6.542974,5.805418,2.242392,1.382707,0.941137,0.497135,0.824499,0.605918,0.302939,5.667661,0.775421,4.143808,2.267707,1.825598,0.720769,0.037882,0.055689,0.008426,0,0.035296,0.0,0.017547,0.0,0.063915,0.039268,0.065109,3.443673,6.203239,2.260957,0.817324,3.886926,3.588446,1.832778,1.105457,4.828091,3.169108,1.693418,2.821379,19.72771,8.656123,3.636465,1.676778,14.899882,6.36508,3.211148,8.843657,11.207023,8.12783,10.2145,7.372576,0,0.009471,0.278443,0.0,0,0.0,0,0,0,0.319574,0.220881,0.230551,1.735184,0,0.005569,0.050556,0,0.029413,0.0,1.895069,0.014631,0.026631,0.024542,0.191683,0.320342,0.407236,0.122515,0.345467,0.824499,0.28237,0.272645,0,0.614484,0.351531,0.873705,0.419367,0,0,0,0,0,0,0,0,0,0,0,0
54,1036,1694,1853,585,324,1806,530,1425,1245,1947,2330,14775,118,481,199,41,71,295,77,96,206,343,676,2603,291,64,68,232,0,307,83,38,319,231,523,2156,528,922,446,91,15,688,106,526,616,851,1119,5908,66,14,26,35,12,68,0,16,215,142,29,623,661,338,668,337,245,1138,142,416,638,1038,1351,6972,83,140,170,77,11,84,18,317,48,776,458,2182,19,2,5,0,0,6,0,1,0,9,11,53,130,664,423,81,63,590,128,63,332,598,356,3428,719,901,644,190,254,1027,219,493,739,1531,2083,8800,0,1,46,0,0,0,0,0,0,60,50,157,66,0,0,7,0,3,0,109,1,3,4,193,10,39,20,30,13,42,11,0,39,74,171,449,0,0,0,0,0,0,0,0,0,0,0,0,27.656167,16.043186,10.319096,4.929221,19.081272,10.624154,8.02787,25.004387,18.215069,10.370173,11.436705,12.199552,3.150027,4.555356,1.108203,0.345467,4.18139,1.735396,1.166313,1.684506,3.013899,1.826897,3.318117,2.149268,7.768286,0.606118,0.378682,1.954837,0.0,1.805989,1.257195,0.666784,4.667154,1.23036,2.567123,1.805499,14.095035,8.731887,2.483711,0.766768,0.883392,4.047297,1.605574,9.229689,9.012436,4.532623,5.492564,4.87817,1.761879,0.132588,0.14479,0.294911,0.706714,0.400024,0.0,0.280751,3.145574,0.756325,0.142345,0.544062,17.645489,3.201061,3.719998,2.839569,14.42874,6.694511,2.150863,7.299526,9.334309,5.528628,6.631326,5.756703,2.215697,1.325883,0.946706,0.648804,0.647821,0.494147,0.272645,5.562379,0.702268,4.133156,2.248073,1.801653,0.507208,0.018941,0.027844,0.0,0,0.035296,0.0,0.017547,0.0,0.047936,0.053993,0.056318,3.470368,6.288474,2.355627,0.682508,3.710247,3.470792,1.938806,1.105457,4.857352,3.185087,1.747411,2.830461,19.193807,8.533005,3.586345,1.600944,14.958775,6.041532,3.317177,8.65064,10.811997,8.154461,10.224316,7.266062,0,0.009471,0.256168,0.0,0,0.0,0,0,0,0.319574,0.245423,0.232029,1.761879,0,0.0,0.058982,0,0.017648,0.0,1.912616,0.014631,0.015979,0.019634,0.228958,0.266951,0.369353,0.111377,0.252781,0.765607,0.247073,0.166616,0,0.570593,0.394141,0.839346,0.389041,0,0,0,0,0,0,0,0,0,0,0,0
55,1036,1669,1891,611,307,1773,529,1419,1214,1885,2319,14653,116,476,192,37,68,298,64,95,194,330,676,2546,300,59,66,203,0,320,63,38,305,240,506,2100,543,889,426,83,15,682,93,534,596,834,1101,5796,68,13,25,27,13,76,1,16,209,136,31,615,649,367,684,354,234,1104,152,416,661,1028,1321,6970,86,133,156,77,15,101,15,314,44,764,464,2169,19,0,5,0,0,10,0,1,0,10,12,57,137,670,363,74,69,622,111,67,343,602,357,3415,724,902,680,188,238,1066,243,498,744,1555,2006,8844,0,1,42,0,0,1,0,0,0,60,39,143,67,0,0,4,0,5,0,105,1,3,4,189,12,42,14,32,14,38,12,0,35,65,158,422,0,0,0,0,0,0,0,0,0,0,0,0,27.656167,15.806421,10.530712,5.148298,18.080094,10.430025,8.012723,24.899105,17.761522,10.039947,11.382712,12.098818,3.096636,4.508003,1.069221,0.311763,4.004711,1.753044,0.969403,1.666959,2.838332,1.757656,3.318117,2.102204,8.008542,0.558765,0.367545,1.710482,0.0,1.882464,0.954256,0.666784,4.462326,1.278296,2.483679,1.758602,14.495462,8.419358,2.372334,0.69936,0.883392,4.012001,1.408664,9.370065,8.719824,4.442077,5.404211,4.785692,1.81527,0.123118,0.139221,0.227503,0.765607,0.447085,0.015147,0.280751,3.057791,0.724368,0.152162,0.507799,17.325147,3.475708,3.8091,2.982811,13.780919,6.4945,2.302333,7.299526,9.670812,5.475366,6.484072,5.755051,2.295782,1.259589,0.868742,0.648804,0.883392,0.594153,0.227204,5.509739,0.643745,4.069241,2.277524,1.790919,0.507208,0.0,0.027844,0.0,0,0.058827,0.0,0.017547,0.0,0.053262,0.058901,0.068223,3.657234,6.345298,2.021496,0.623525,4.063604,3.659039,1.681309,1.175645,5.018288,3.206391,1.752319,2.819727,19.327282,8.542476,3.786824,1.584092,14.01649,6.270957,3.680703,8.738375,10.88515,8.28229,9.846365,7.302392,0,0.009471,0.233892,0.0,0,0.005883,0,0,0,0.319574,0.19143,0.168905,1.788574,0,0.0,0.033704,0,0.029413,0.0,1.842428,0.014631,0.015979,0.019634,0.224213,0.320342,0.397765,0.077964,0.269633,0.824499,0.223543,0.181763,0,0.51207,0.346205,0.775536,0.365647,0,0,0,0,0,0,0,0,0,0,0,0
56,1029,1653,1781,615,305,1744,534,1412,1199,1875,2349,14496,123,471,189,35,62,290,68,93,188,330,652,2501,306,63,73,241,0,307,80,36,304,234,538,2182,530,898,422,85,15,659,92,522,590,842,1137,5792,65,17,30,31,12,69,1,16,203,136,32,612,637,341,648,308,234,1057,147,405,656,1039,1310,6782,82,136,169,69,15,96,13,312,42,759,456,2149,16,0,4,0,0,7,0,1,1,11,6,46,137,660,393,79,63,613,113,66,339,616,374,3453,719,885,673,186,248,1039,212,493,745,1535,2007,8742,0,1,47,0,0,0,0,0,0,65,43,156,67,0,1,7,0,3,0,104,1,3,5,191,12,38,20,44,11,33,13,0,36,76,171,454,0,0,0,0,0,0,0,0,0,0,0,0,27.469301,15.654892,9.918138,5.182002,17.962309,10.259427,8.088458,24.776277,17.542063,9.986684,11.529966,11.969185,3.283502,4.46065,1.052514,0.294911,3.651355,1.705983,1.029991,1.631865,2.750549,1.757656,3.200314,2.065048,8.168713,0.596647,0.406527,2.030671,0.0,1.805989,1.211754,0.63169,4.447696,1.246338,2.64075,1.827272,14.148425,8.504593,2.350058,0.716212,0.883392,3.876699,1.393517,9.159502,8.632041,4.484687,5.580916,4.78239,1.735184,0.161,0.167066,0.261207,0.706714,0.405906,0.015147,0.280751,2.970007,0.724368,0.157071,0.505322,17.004805,3.229472,3.608621,2.595214,13.780919,6.218013,2.226598,7.10651,9.597659,5.533955,6.430079,5.599822,2.189002,1.288001,0.941137,0.581395,0.883392,0.564739,0.19691,5.474645,0.614484,4.04261,2.238257,1.774405,0.427122,0.0,0.022275,0.0,0,0.041179,0.0,0.017547,0.014631,0.058589,0.029451,0.050894,3.657234,6.250592,2.188562,0.665656,3.710247,3.606094,1.711603,1.158098,4.959766,3.280959,1.835763,2.851104,19.193807,8.381476,3.747842,1.56724,14.605418,6.112124,3.211148,8.65064,10.899781,8.175766,9.851274,7.218172,0,0.009471,0.261736,0.0,0,0.0,0,0,0,0.346205,0.211064,0.230551,1.788574,0,0.005569,0.058982,0,0.017648,0.0,1.824882,0.014631,0.015979,0.024542,0.186793,0.320342,0.359883,0.111377,0.370745,0.647821,0.194129,0.19691,0,0.526701,0.404794,0.839346,0.393373,0,0,0,0,0,0,0,0,0,0,0,0
57,1020,1643,1830,593,309,1745,526,1373,1201,1850,2271,14361,121,473,204,33,66,294,62,93,190,320,657,2513,295,66,65,220,0,321,67,36,290,228,518,2106,537,905,398,77,17,677,100,519,583,777,1097,5687,61,19,32,29,10,70,4,16,206,123,36,606,635,363,711,320,233,1061,139,405,630,1006,1290,6793,86,139,171,67,16,88,14,300,42,747,504,2174,16,1,9,0,0,9,0,0,0,9,7,51,136,656,394,88,65,652,135,69,330,573,369,3467,710,877,681,187,238,1051,219,500,730,1521,2015,8729,0,1,50,0,0,0,0,0,0,60,41,152,71,0,1,6,0,1,0,101,1,4,4,189,11,37,17,24,14,36,5,0,34,68,164,410,0,0,0,0,0,0,0,0,0,0,0,0,27.229044,15.560186,10.191012,4.99663,18.19788,10.26531,7.967283,24.091946,17.571324,9.853529,11.147106,11.857717,3.230112,4.479591,1.136047,0.278059,3.886926,1.729514,0.939109,1.631865,2.77981,1.704394,3.224856,2.074956,7.875067,0.625059,0.361976,1.853724,0.0,1.888346,1.014844,0.63169,4.242868,1.214381,2.542581,1.763627,14.335291,8.570887,2.216406,0.648804,1.001178,3.982587,1.514693,9.106861,8.529627,4.138482,5.384578,4.695692,1.628404,0.179941,0.178203,0.244355,0.588928,0.411789,0.060588,0.280751,3.013899,0.655126,0.176704,0.500367,16.951415,3.437826,3.959459,2.696326,13.722026,6.241544,2.105423,7.10651,9.217264,5.358189,6.33191,5.608904,2.295782,1.316413,0.952275,0.564543,0.942285,0.517678,0.212057,5.264081,0.614484,3.978695,2.473862,1.795048,0.427122,0.009471,0.05012,0.0,0,0.052944,0.0,0.0,0.0,0.047936,0.034359,0.057686,3.630539,6.21271,2.19413,0.74149,3.828033,3.83552,2.044835,1.210739,4.828091,3.051931,1.811221,2.862663,18.95355,8.305711,3.792393,1.575666,14.01649,6.182717,3.317177,8.773469,10.680322,8.101198,9.890541,7.207438,0,0.009471,0.278443,0.0,0,0.0,0,0,0,0.319574,0.201247,0.224639,1.895355,0,0.005569,0.050556,0,0.005883,0.0,1.772241,0.014631,0.021305,0.019634,0.184837,0.293647,0.350412,0.094671,0.202224,0.824499,0.211777,0.075735,0,0.49744,0.362184,0.804987,0.355249,0,0,0,0,0,0,0,0,0,0,0,0
58,1015,1587,1806,592,297,1694,523,1344,1173,1837,2287,14155,123,469,188,39,62,293,63,95,186,317,648,2483,293,60,65,216,0,333,63,36,288,207,503,2064,517,895,395,73,17,680,97,521,563,783,1066,5607,59,16,32,23,12,68,2,17,200,132,33,594,619,344,689,336,231,1078,165,391,623,986,1319,6781,87,128,159,77,16,87,14,302,44,760,489,2163,15,2,8,1,0,9,1,0,1,7,11,55,139,655,394,82,62,609,136,69,323,608,386,3463,700,874,656,194,243,1007,228,496,710,1522,2005,8635,0,1,43,0,0,1,0,0,0,68,45,158,65,0,1,6,0,4,0,100,1,3,4,184,12,44,17,38,13,38,13,0,34,66,184,459,0,0,0,0,0,0,0,0,0,0,0,0,27.095569,15.029832,10.057359,4.988204,17.491166,9.965292,7.921842,23.583085,17.161668,9.784288,11.225642,11.687625,3.283502,4.441708,1.046945,0.328615,3.651355,1.723631,0.954256,1.666959,2.721287,1.688415,3.18068,2.050185,7.821676,0.568236,0.361976,1.82002,0.0,1.958939,0.954256,0.63169,4.213606,1.10253,2.468954,1.728455,13.801388,8.476181,2.199699,0.615099,1.001178,4.000235,1.469252,9.141955,8.237015,4.170439,5.232415,4.629637,1.575013,0.15153,0.178203,0.193798,0.706714,0.400024,0.030294,0.298298,2.926116,0.703063,0.161979,0.490459,16.524293,3.257884,3.836944,2.831143,13.60424,6.34155,2.499243,6.860853,9.11485,5.251664,6.474255,5.598996,2.322477,1.212236,0.885449,0.648804,0.942285,0.511795,0.212057,5.299175,0.643745,4.047936,2.400236,1.785965,0.400427,0.018941,0.044551,0.008426,0,0.052944,0.015147,0.0,0.014631,0.037284,0.053993,0.048367,3.710625,6.203239,2.19413,0.690934,3.651355,3.582564,2.059982,1.210739,4.725677,3.238349,1.894665,2.85936,18.686599,8.277299,3.653171,1.634648,14.310954,5.923878,3.453499,8.703281,10.38771,8.106525,9.841457,7.129823,0,0.009471,0.239461,0.0,0,0.005883,0,0,0,0.362184,0.220881,0.186622,1.735184,0,0.005569,0.050556,0,0.023531,0.0,1.754694,0.014631,0.015979,0.019634,0.179948,0.320342,0.416706,0.094671,0.320189,0.765607,0.223543,0.19691,0,0.49744,0.351531,0.903156,0.397706,0,0,0,0,0,0,0,0,0,0,0,0
59,999,1609,1794,600,287,1710,511,1334,1152,1799,2227,14022,119,459,190,37,63,292,61,95,171,314,635,2436,285,62,72,198,0,320,66,35,273,208,513,2032,515,887,416,86,16,659,73,508,541,763,1057,5521,62,16,35,24,12,72,1,14,199,134,32,601,621,348,665,321,232,1057,146,388,621,1012,1282,6693,89,123,146,73,16,88,18,306,48,741,481,2129,17,1,5,0,0,10,1,0,0,8,5,47,127,631,365,90,70,614,140,69,327,579,373,3385,693,858,667,168,237,1042,206,491,708,1510,1970,8550,0,0,46,0,0,0,0,0,0,60,39,145,62,0,2,5,0,1,0,101,1,3,4,179,12,33,15,33,15,43,12,0,36,66,172,437,0,0,0,0,0,0,0,0,0,0,0,0,26.668446,15.238185,9.990533,5.055612,16.902238,10.059415,7.740079,23.407615,16.854426,9.581891,10.931134,11.577809,3.176722,4.347003,1.058083,0.311763,3.710247,1.717748,0.923962,1.666959,2.501829,1.672437,3.11687,2.011378,7.608115,0.587177,0.400958,1.668352,0.0,1.882464,0.999697,0.614143,3.994148,1.107856,2.518039,1.701657,13.747998,8.400417,2.316645,0.724638,0.942285,3.876699,1.105726,8.913845,7.915143,4.063915,5.188239,4.558628,1.655099,0.15153,0.19491,0.202224,0.706714,0.423554,0.015147,0.245657,2.911485,0.713715,0.157071,0.496239,16.577683,3.295767,3.703291,2.704752,13.663133,6.218013,2.211451,6.808212,9.085589,5.390146,6.292642,5.526335,2.375868,1.164883,0.813053,0.615099,0.942285,0.517678,0.272645,5.369363,0.702268,3.946738,2.360968,1.757892,0.453817,0.009471,0.027844,0.0,0,0.058827,0.015147,0.0,0.0,0.04261,0.024542,0.049468,3.390283,5.975945,2.032634,0.758342,4.122497,3.611977,2.12057,1.210739,4.784199,3.083888,1.830855,2.794957,18.499733,8.125769,3.714429,1.415571,13.957597,6.129772,3.120267,8.615547,10.358449,8.04261,9.669661,7.05964,0,0.0,0.256168,0.0,0,0.0,0,0,0,0.319574,0.19143,0.253918,1.655099,0,0.011138,0.04213,0,0.005883,0.0,1.772241,0.014631,0.015979,0.019634,0.175058,0.320342,0.31253,0.083533,0.278059,0.883392,0.252956,0.181763,0,0.526701,0.351531,0.844255,0.378643,0,0,0,0,0,0,0,0,0,0,0,0
60,990,1543,1746,584,287,1665,530,1318,1144,1764,2188,13759,113,452,181,49,61,299,57,98,175,307,635,2427,287,61,63,217,1,325,65,35,267,199,495,2015,521,900,405,62,19,637,98,491,547,763,1030,5473,65,16,29,33,12,73,1,17,180,122,36,584,625,332,631,339,221,1043,154,377,608,1000,1275,6605,87,127,152,71,19,100,21,306,49,729,458,2119,19,0,3,1,0,7,1,0,0,6,6,43,137,659,380,100,64,608,133,62,320,604,384,3451,682,841,606,192,235,1029,242,480,697,1481,1926,8411,0,0,43,0,0,0,0,0,0,59,47,149,62,0,1,6,0,2,0,100,1,5,3,180,13,34,18,25,13,33,13,0,38,65,148,400,0,0,0,0,0,0,0,0,0,0,0,0,26.42819,14.613126,9.723228,4.920795,16.902238,9.794694,8.02787,23.126864,16.737381,9.395473,10.739705,11.360653,3.016551,4.280708,1.007963,0.412875,3.592462,1.758927,0.863375,1.7196,2.560351,1.635153,3.11687,2.003947,7.661506,0.577706,0.350838,1.828446,0.058893,1.911877,0.98455,0.614143,3.906364,1.05992,2.429686,1.663763,13.908169,8.523534,2.255388,0.522413,1.118963,3.747279,1.484399,8.615547,8.002926,4.063915,5.055711,4.518995,1.735184,0.15153,0.161497,0.278059,0.706714,0.429437,0.015147,0.298298,2.633504,0.6498,0.176704,0.482202,16.684463,3.144237,3.51395,2.856421,13.015312,6.135655,2.332626,6.615196,8.895391,5.326232,6.258283,5.453675,2.322477,1.202765,0.846467,0.598247,1.118963,0.58827,0.318085,5.369363,0.716898,3.882823,2.248073,1.749635,0.507208,0.0,0.016707,0.008426,0,0.041179,0.015147,0.0,0.0,0.031957,0.029451,0.044643,3.657234,6.241121,2.116166,0.842602,3.76914,3.576681,2.014541,1.08791,4.681785,3.217044,1.884848,2.849452,18.206086,7.964769,3.374729,1.617796,13.839812,6.053297,3.665556,8.42253,10.197513,7.888149,9.453689,6.944869,0,0.0,0.239461,0.0,0,0.0,0,0,0,0.314248,0.230697,0.260923,1.655099,0,0.005569,0.050556,0,0.011765,0.0,1.754694,0.014631,0.026631,0.014725,0.176036,0.347037,0.322,0.100239,0.21065,0.765607,0.194129,0.19691,0,0.555962,0.346205,0.726452,0.346584,0,0,0,0,0,0,0,0,0,0,0,0
61,973,1545,1711,582,281,1651,515,1311,1140,1763,2188,13660,109,458,182,33,66,285,53,94,165,310,653,2408,290,56,60,199,0,321,77,32,279,203,470,1987,498,849,430,86,20,624,89,485,548,739,992,5360,65,15,27,24,12,65,0,17,185,122,29,561,619,350,653,322,228,1051,145,372,628,993,1231,6592,84,132,145,74,20,88,21,308,54,745,484,2155,28,0,6,0,0,8,1,0,0,11,7,61,131,621,382,86,67,649,137,64,327,584,381,3429,685,831,602,206,240,1000,250,469,699,1477,1916,8375,0,0,38,0,0,1,0,0,0,59,43,141,72,0,2,6,0,3,0,99,1,1,5,189,11,40,15,41,13,35,10,0,33,69,178,445,0,0,0,0,0,0,0,0,0,0,0,0,25.974373,14.632067,9.528318,4.903943,16.548881,9.712336,7.800666,23.004036,16.678859,9.390146,10.739705,11.278909,2.90977,4.337532,1.013532,0.278059,3.886926,1.676569,0.802787,1.649412,2.414045,1.651132,3.205223,1.988259,7.741591,0.530353,0.334132,1.676778,0.0,1.888346,1.166313,0.561502,4.081931,1.081225,2.306975,1.663973,13.29418,8.040534,2.394609,0.724638,1.177856,3.670804,1.348076,8.510265,8.017557,3.936085,4.86919,4.425692,1.735184,0.142059,0.150359,0.202224,0.706714,0.382375,0.0,0.298298,2.706657,0.6498,0.142345,0.489918,16.524293,3.314708,3.636465,2.713178,13.427562,6.182717,2.196304,6.527461,9.188003,5.288948,6.042311,5.442941,2.242392,1.250118,0.807485,0.623525,1.177856,0.517678,0.318085,5.404457,0.790051,3.968043,2.375693,1.779359,0.747464,0.0,0.033413,0.0,0,0.047062,0.015147,0.0,0.0,0.058589,0.034359,0.07223,3.497064,5.881239,2.127304,0.724638,3.945819,3.817872,2.075129,1.123004,4.784199,3.110519,1.870122,2.831287,18.286172,7.870063,3.352453,1.73576,14.134276,5.882699,3.786731,8.229514,10.226774,7.866844,9.404604,6.915144,0,0.0,0.211617,0.0,0,0.005883,0,0,0,0.314248,0.211064,0.190273,1.92205,0,0.011138,0.050556,0,0.017648,0.0,1.737147,0.014631,0.005326,0.024542,0.184837,0.293647,0.378824,0.083533,0.345467,0.765607,0.205894,0.151469,0,0.482809,0.36751,0.873705,0.385575,0,0,0,0,0,0,0,0,0,0,0,0
62,963,1512,1667,597,279,1586,498,1287,1117,1728,2196,13430,112,423,168,37,61,270,57,92,161,303,640,2324,276,52,67,245,0,313,62,29,275,194,500,2013,499,814,391,68,18,622,72,478,551,722,1040,5275,68,14,25,24,11,65,0,16,183,123,32,561,607,327,607,297,215,1044,137,359,591,983,1248,6415,89,124,155,80,19,86,18,305,51,720,485,2132,18,0,8,0,0,8,1,0,0,8,8,51,132,614,397,91,60,615,135,65,310,603,366,3388,683,828,573,201,233,1003,226,460,682,1468,1934,8291,0,0,35,0,0,0,0,0,0,57,45,137,60,0,2,5,0,4,0,100,1,2,4,178,14,36,15,37,14,34,12,0,33,64,172,431,0,0,0,0,0,0,0,0,0,0,0,0,25.707421,14.319538,9.283288,5.030334,16.431095,9.329961,7.543169,22.582909,16.342356,9.203728,10.778972,11.089001,2.989856,4.006061,0.935568,0.311763,3.592462,1.588329,0.863375,1.614318,2.355523,1.613848,3.141413,1.918901,7.367859,0.492471,0.373114,2.064375,0.0,1.841285,0.939109,0.508861,4.023409,1.033289,2.454229,1.685746,13.320876,7.709063,2.177424,0.572969,1.060071,3.659039,1.090579,8.387436,8.061448,3.845539,5.104796,4.355509,1.81527,0.132588,0.139221,0.202224,0.647821,0.382375,0.0,0.280751,2.677396,0.655126,0.157071,0.489918,16.203951,3.096884,3.380297,2.502528,12.661955,6.141538,2.075129,6.299351,8.646672,5.235686,6.125755,5.296794,2.375868,1.174354,0.863173,0.674082,1.118963,0.505912,0.272645,5.351816,0.746159,3.834887,2.380602,1.760369,0.480513,0.0,0.044551,0.0,0,0.047062,0.015147,0.0,0.0,0.04261,0.039268,0.060389,3.523759,5.814945,2.210837,0.766768,3.533569,3.61786,2.044835,1.140551,4.535479,3.211718,1.796495,2.797434,18.232782,7.841652,3.190956,1.69363,13.722026,5.900347,3.423205,8.071592,9.978054,7.818908,9.492956,6.845786,0,0.0,0.19491,0.0,0,0.0,0,0,0,0.303595,0.220881,0.239909,1.601708,0,0.011138,0.04213,0,0.023531,0.0,1.754694,0.014631,0.010652,0.019634,0.17408,0.373732,0.340941,0.083533,0.311763,0.824499,0.200012,0.181763,0,0.482809,0.340879,0.844255,0.373445,0,0,0,0,0,0,0,0,0,0,0,0
63,961,1489,1638,568,272,1604,498,1274,1113,1678,2159,13254,117,426,191,43,64,272,55,89,169,298,645,2369,279,53,62,206,0,312,66,31,277,192,497,1975,499,816,379,82,20,636,87,470,543,726,1011,5269,66,13,23,33,12,57,1,14,185,122,30,556,603,326,613,350,214,1038,142,360,575,988,1234,6443,87,129,143,90,19,77,17,302,53,715,470,2102,17,0,12,1,0,9,0,0,0,10,6,55,134,596,395,83,62,624,132,66,326,606,404,3428,678,821,645,195,222,1007,245,467,666,1476,1927,8349,0,0,35,0,0,1,0,0,0,54,41,131,68,0,1,2,0,1,0,99,1,4,4,180,12,30,20,31,14,42,10,0,32,67,159,417,0,0,0,0,0,0,0,0,0,0,0,0,25.654031,14.101714,9.121791,4.785979,16.018846,9.435849,7.543169,22.354799,16.283833,8.937417,10.597359,10.94368,3.123332,4.034473,1.063652,0.362319,3.76914,1.600094,0.833081,1.561677,2.472568,1.587217,3.165955,1.956057,7.447944,0.501941,0.345269,1.73576,0.0,1.835402,0.999697,0.543955,4.05267,1.022636,2.439503,1.653924,13.320876,7.728005,2.110598,0.690934,1.177856,3.741397,1.317782,8.247061,7.944404,3.866844,4.96245,4.350554,1.761879,0.123118,0.128084,0.278059,0.706714,0.335314,0.015147,0.245657,2.706657,0.6498,0.147254,0.459083,16.09717,3.087414,3.413711,2.949107,12.603062,6.106242,2.150863,6.316898,8.412582,5.262317,6.057036,5.319913,2.322477,1.221707,0.796347,0.758342,1.118963,0.452968,0.257498,5.299175,0.775421,3.808256,2.306975,1.735598,0.453817,0.0,0.066826,0.008426,0,0.052944,0.0,0.0,0.0,0.053262,0.029451,0.061303,3.577149,5.644474,2.199699,0.69936,3.651355,3.670804,1.999394,1.158098,4.769568,3.227696,1.983017,2.830461,18.099306,7.775358,3.591914,1.643074,13.074205,5.923878,3.710997,8.19442,9.743965,7.861518,9.458597,6.893676,0,0.0,0.19491,0.0,0,0.005883,0,0,0,0.287617,0.201247,0.176779,1.81527,0,0.005569,0.016852,0,0.005883,0.0,1.737147,0.014631,0.021305,0.019634,0.176036,0.320342,0.284118,0.111377,0.261207,0.824499,0.247073,0.151469,0,0.468178,0.356858,0.780445,0.361314,0,0,0,0,0,0,0,0,0,0,0,0
64,935,1458,1577,539,273,1567,531,1268,1104,1696,2120,13068,111,432,177,36,66,271,66,85,165,284,628,2321,269,52,53,206,0,308,67,31,282,198,473,1939,496,807,346,89,19,608,105,468,540,709,1001,5188,64,11,21,17,12,59,1,12,184,131,27,539,600,317,576,309,199,1022,129,360,579,948,1193,6232,85,131,140,65,20,95,20,305,54,737,460,2112,21,0,10,0,0,10,1,0,0,9,3,54,132,617,386,74,58,600,118,64,322,601,397,3369,669,794,573,200,224,993,218,449,664,1419,1891,8094,0,0,39,0,0,0,0,0,0,56,41,136,66,0,1,6,0,2,0,97,1,2,3,178,13,27,17,31,15,41,10,0,37,66,162,419,0,0,0,0,0,0,0,0,0,0,0,0,24.959957,13.808126,8.782091,4.541625,16.077739,9.218189,8.043017,22.249517,16.152158,9.033289,10.405929,10.790102,2.963161,4.091297,0.985688,0.303337,3.886926,1.594211,0.999697,1.49149,2.414045,1.51265,3.082511,1.916424,7.180993,0.492471,0.29515,1.73576,0.0,1.811871,1.014844,0.543955,4.125823,1.054594,2.3217,1.623776,13.24079,7.642769,1.926825,0.749916,1.118963,3.576681,1.590427,8.211967,7.900512,3.776298,4.913366,4.283674,1.708489,0.104177,0.116946,0.143242,0.706714,0.347079,0.015147,0.210563,2.692026,0.697736,0.132528,0.445046,16.017085,3.002178,3.207663,2.60364,11.71967,6.012118,1.953953,6.316898,8.471105,5.049268,5.85579,5.145693,2.269087,1.240648,0.77964,0.547691,1.177856,0.558856,0.302939,5.351816,0.790051,3.925433,2.25789,1.743855,0.560598,0.0,0.055689,0.0,0,0.058827,0.015147,0.0,0.0,0.047936,0.014725,0.063942,3.523759,5.843356,2.14958,0.623525,3.415783,3.529619,1.787337,1.123004,4.711046,3.201065,1.948658,2.781746,17.85905,7.519651,3.190956,1.685204,13.191991,5.84152,3.30203,7.878575,9.714704,7.557923,9.281893,6.683125,0,0.0,0.217185,0.0,0,0.0,0,0,0,0.298269,0.201247,0.238158,1.761879,0,0.005569,0.050556,0,0.011765,0.0,1.702053,0.014631,0.010652,0.014725,0.17408,0.347037,0.255706,0.094671,0.261207,0.883392,0.241191,0.151469,0,0.541331,0.351531,0.79517,0.363047,0,0,0,0,0,0,0,0,0,0,0,0
65,914,1431,1587,562,264,1551,493,1246,1059,1654,2090,12851,108,435,158,33,68,279,57,82,165,285,619,2289,278,52,46,201,0,304,57,31,258,199,460,1886,478,814,372,74,15,626,99,469,521,673,996,5137,66,11,20,28,12,61,3,12,182,124,26,545,591,309,588,314,201,1026,137,359,555,971,1207,6258,86,124,144,85,19,90,22,301,57,714,461,2103,22,0,12,0,0,6,0,0,0,10,7,57,132,631,378,85,59,608,133,63,327,569,401,3386,672,759,638,218,222,971,214,453,666,1435,1890,8138,0,0,50,0,0,0,0,0,0,62,44,156,68,0,1,3,0,0,0,96,1,1,2,172,13,30,9,32,14,49,13,0,33,63,173,429,0,0,0,0,0,0,0,0,0,0,0,0,24.399359,13.55242,8.837779,4.735423,15.547703,9.124066,7.467434,21.863485,15.493782,8.809587,10.258676,10.610927,2.883075,4.119708,0.87988,0.278059,4.004711,1.641273,0.863375,1.438849,2.414045,1.517976,3.038335,1.890002,7.421249,0.492471,0.256168,1.69363,0.0,1.78834,0.863375,0.543955,3.774689,1.05992,2.25789,1.579393,12.760278,7.709063,2.071616,0.623525,0.883392,3.68257,1.499546,8.229514,7.622531,3.584554,4.888823,4.241564,1.761879,0.104177,0.111377,0.235929,0.706714,0.358845,0.045441,0.210563,2.662765,0.660453,0.12762,0.45,15.776829,2.926413,3.274489,2.64577,11.837456,6.035649,2.075129,6.299351,8.119971,5.171771,5.924508,5.167161,2.295782,1.174354,0.801916,0.716212,1.118963,0.529443,0.333232,5.281628,0.833943,3.802929,2.262799,1.736424,0.587293,0.0,0.066826,0.0,0,0.035296,0.0,0.0,0.0,0.053262,0.034359,0.073218,3.523759,5.975945,2.105029,0.716212,3.474676,3.576681,2.014541,1.105457,4.784199,3.030626,1.968291,2.795782,17.939135,7.188181,3.552932,1.836872,13.074205,5.712101,3.241442,7.948763,9.743965,7.643142,9.276984,6.719456,0,0.0,0.278443,0.0,0,0.0,0,0,0,0.330226,0.215972,0.273181,1.81527,0,0.005569,0.025278,0,0.0,0.0,1.684506,0.014631,0.005326,0.009817,0.201752,0.347037,0.284118,0.05012,0.269633,0.824499,0.288252,0.19691,0,0.482809,0.335553,0.849163,0.371712,0,0,0,0,0,0,0,0,0,0,0,0
66,925,1403,1570,527,266,1512,485,1233,1051,1665,2025,12662,112,425,158,33,66,271,58,81,166,278,599,2247,269,58,59,226,0,291,64,26,261,199,430,1883,482,781,368,77,14,634,78,467,511,676,958,5046,69,10,24,19,12,57,2,12,174,128,26,533,596,317,593,330,204,1001,152,353,539,948,1145,6178,91,132,168,81,18,97,22,285,61,701,439,2095,20,0,11,0,0,10,0,0,0,11,9,61,136,626,380,91,53,612,120,62,322,589,394,3385,683,769,619,205,221,979,207,431,665,1404,1840,8023,0,0,37,1,0,0,0,0,0,72,36,146,69,0,2,3,0,3,0,96,1,2,2,178,13,27,18,35,15,39,11,0,25,69,159,411,0,0,0,0,0,0,0,0,0,0,0,0,24.693006,13.287243,8.743109,4.440512,15.665489,8.894641,7.346259,21.635375,15.376737,8.868176,9.939626,10.454872,2.989856,4.025002,0.87988,0.278059,3.886926,1.594211,0.878522,1.421302,2.428676,1.480692,2.940166,1.855323,7.180993,0.549294,0.328563,1.90428,0.0,1.711865,0.969403,0.45622,3.818581,1.05992,2.110637,1.57688,12.867058,7.396534,2.04934,0.648804,0.824499,3.729631,1.18146,8.19442,7.476225,3.600533,4.702302,4.166426,1.841965,0.094706,0.133653,0.160094,0.706714,0.335314,0.030294,0.210563,2.545721,0.681758,0.12762,0.440092,15.910304,3.002178,3.302333,2.780586,12.014134,5.888582,2.302333,6.194069,7.885881,5.049268,5.620184,5.101106,2.429258,1.250118,0.935568,0.682508,1.060071,0.570622,0.333232,5.000877,0.892465,3.733688,2.154813,1.729818,0.533903,0.0,0.061257,0.0,0,0.058827,0.0,0.0,0.0,0.058589,0.044176,0.078356,3.630539,5.928592,2.116166,0.766768,3.121319,3.600212,1.817631,1.08791,4.711046,3.13715,1.933932,2.794957,18.232782,7.282887,3.447124,1.727334,13.015312,5.759162,3.135414,7.56273,9.729334,7.478029,9.031561,6.624501,0,0.0,0.206048,0.008426,0,0.0,0,0,0,0.383489,0.176704,0.211677,1.841965,0,0.011138,0.025278,0,0.017648,0.0,1.684506,0.014631,0.010652,0.009817,0.17408,0.347037,0.255706,0.100239,0.294911,0.883392,0.229425,0.166616,0,0.365764,0.36751,0.780445,0.356115,0,0,0,0,0,0,0,0,0,0,0,0
67,907,1431,1583,556,264,1512,474,1225,1048,1629,2039,12668,104,436,162,31,64,274,62,77,157,285,600,2252,257,59,54,214,0,287,66,30,265,183,440,1855,477,784,384,85,16,614,89,465,500,656,937,5007,67,12,18,31,11,52,2,14,168,126,27,528,578,309,555,331,192,1006,137,341,542,923,1155,6069,85,123,140,71,17,96,16,282,62,705,434,2031,26,1,11,0,0,9,0,0,0,6,5,58,141,618,387,91,59,622,138,58,318,582,409,3423,670,780,607,189,215,987,197,426,643,1395,1829,7938,0,0,38,0,0,1,0,0,0,68,46,153,68,0,0,4,0,4,0,92,1,3,3,175,12,29,17,23,14,52,11,0,31,63,149,401,0,0,0,0,0,0,0,0,0,0,0,0,24.212493,13.55242,8.815504,4.684867,15.547703,8.894641,7.179643,21.494999,15.332846,8.676431,10.008344,10.459826,2.776295,4.129179,0.902155,0.261207,3.76914,1.61186,0.939109,1.351114,2.297001,1.517976,2.945074,1.859451,6.860651,0.558765,0.300718,1.803168,0.0,1.688335,0.999697,0.526408,3.877103,0.9747,2.159721,1.553432,12.733582,7.424946,2.138442,0.716212,0.942285,3.611977,1.348076,8.159326,7.315289,3.494008,4.599224,4.134224,1.788574,0.113647,0.100239,0.261207,0.647821,0.3059,0.030294,0.245657,2.457937,0.671105,0.132528,0.435964,15.429792,2.926413,3.090717,2.789012,11.30742,5.917995,2.075129,5.983506,7.929773,4.916112,5.669268,5.011106,2.269087,1.164883,0.77964,0.598247,1.001178,0.564739,0.242351,4.948237,0.907096,3.754993,2.13027,1.676974,0.694074,0.009471,0.061257,0.0,0,0.052944,0.0,0.0,0.0,0.031957,0.024542,0.065604,3.764015,5.852827,2.155148,0.766768,3.474676,3.659039,2.090276,1.017722,4.652524,3.099867,2.007559,2.826333,17.885745,7.387063,3.380297,1.592518,12.661955,5.806224,2.983944,7.474996,9.407462,7.430093,8.977568,6.554318,0,0.0,0.211617,0.0,0,0.005883,0,0,0,0.362184,0.225789,0.206467,1.81527,0,0.0,0.033704,0,0.023531,0.0,1.614318,0.014631,0.015979,0.014725,0.207604,0.320342,0.274647,0.094671,0.193798,0.824499,0.3059,0.166616,0,0.453548,0.335553,0.73136,0.347451,0,0,0,0,0,0,0,0,0,0,0,0
68,906,1423,1542,540,267,1498,450,1205,1044,1618,2012,12505,110,415,164,35,64,274,55,82,155,304,594,2252,263,65,51,208,0,276,74,27,260,189,444,1857,479,779,341,104,15,611,79,454,523,677,943,5005,64,7,19,32,12,48,1,13,181,117,24,518,576,293,565,291,189,981,130,340,553,919,1160,5997,80,129,152,70,19,101,18,279,60,707,434,2049,20,1,8,0,0,10,1,0,0,9,7,56,142,613,381,81,56,569,128,61,316,603,373,3323,669,791,591,184,217,969,200,430,653,1397,1797,7898,0,0,35,0,0,0,0,0,0,67,41,143,64,0,1,4,0,2,0,90,1,4,4,170,11,29,19,29,14,39,9,0,28,64,166,408,0,0,0,0,0,0,0,0,0,0,0,0,24.185798,13.476655,8.58718,4.550051,15.724382,8.812283,6.816116,21.14406,15.274323,8.617843,9.875816,10.325239,2.936466,3.930296,0.913293,0.294911,3.76914,1.61186,0.833081,1.438849,2.26774,1.619174,2.915624,1.859451,7.020822,0.615589,0.284012,1.752612,0.0,1.623625,1.120872,0.473767,3.80395,1.006658,2.179355,1.555107,12.786973,7.377593,1.898981,0.876306,0.883392,3.594329,1.196607,7.96631,7.651792,3.605859,4.628675,4.132573,1.708489,0.066294,0.105808,0.269633,0.706714,0.28237,0.015147,0.22811,2.648135,0.623169,0.117803,0.427707,15.376401,2.774884,3.146405,2.451972,11.130742,5.770928,1.9691,5.965959,8.09071,4.894807,5.69381,4.951656,2.135611,1.221707,0.846467,0.589821,1.118963,0.594153,0.272645,4.895596,0.877835,3.765646,2.13027,1.691836,0.533903,0.009471,0.044551,0.0,0,0.058827,0.015147,0.0,0.0,0.047936,0.034359,0.058941,3.79071,5.805474,2.121735,0.682508,3.297998,3.347256,1.938806,1.070363,4.623263,3.211718,1.830855,2.743764,17.85905,7.49124,3.291196,1.550388,12.779741,5.700335,3.029385,7.545183,9.553767,7.440746,8.820498,6.52129,0,0.0,0.19491,0.0,0,0.0,0,0,0,0.356858,0.201247,0.250416,1.708489,0,0.005569,0.033704,0,0.011765,0.0,1.579224,0.014631,0.021305,0.019634,0.166256,0.293647,0.274647,0.105808,0.244355,0.824499,0.229425,0.136322,0,0.409656,0.340879,0.814804,0.353516,0,0,0,0,0,0,0,0,0,0,0,0
69,906,1402,1517,525,254,1537,459,1184,1029,1594,2044,12451,104,405,153,54,61,266,56,76,160,276,569,2180,252,63,52,210,0,279,62,29,261,170,428,1806,472,762,351,80,15,632,86,451,514,676,947,4986,64,11,22,26,11,47,2,12,177,123,24,519,572,327,567,325,196,992,133,329,527,911,1138,6017,82,116,141,70,20,100,17,278,58,679,444,2005,18,2,12,0,0,11,2,0,0,11,11,67,141,616,376,101,57,623,124,61,331,593,389,3412,658,751,583,197,214,999,243,397,646,1403,1823,7914,0,0,36,0,0,0,0,0,0,77,41,154,61,0,1,1,0,1,0,90,1,4,3,162,13,28,14,29,12,45,11,0,32,63,166,413,0,0,0,0,0,0,0,0,0,0,0,0,24.185798,13.277773,8.447959,4.42366,14.958775,9.041708,6.952439,20.775575,15.054865,8.490013,10.032887,10.280652,2.776295,3.83559,0.852035,0.455005,3.592462,1.564798,0.848228,1.333567,2.340892,1.47004,2.792912,1.800002,6.727176,0.596647,0.289581,1.769464,0.0,1.641273,0.939109,0.508861,3.818581,0.905459,2.10082,1.512398,12.600107,7.216592,1.954669,0.674082,0.883392,3.717866,1.302636,7.913669,7.520117,3.600533,4.648309,4.116885,1.708489,0.104177,0.122515,0.219077,0.647821,0.276487,0.030294,0.210563,2.589612,0.655126,0.117803,0.428533,15.269621,3.096884,3.157543,2.738456,11.542992,5.835637,2.014541,5.772943,7.710315,4.852197,5.585824,4.96817,2.189002,1.098589,0.785209,0.589821,1.177856,0.58827,0.257498,4.878049,0.848574,3.616511,2.179355,1.655506,0.480513,0.018941,0.066826,0.0,0,0.06471,0.030294,0.0,0.0,0.058589,0.053993,0.070518,3.764015,5.833886,2.093891,0.851028,3.35689,3.664921,1.878219,1.070363,4.842721,3.158455,1.90939,2.81725,17.565403,7.112416,3.246645,1.659926,12.603062,5.876816,3.680703,6.966134,9.451353,7.472703,8.948118,6.534501,0,0.0,0.200479,0.0,0,0.0,0,0,0,0.41012,0.201247,0.269679,1.628404,0,0.005569,0.008426,0,0.005883,0.0,1.579224,0.014631,0.021305,0.014725,0.158432,0.347037,0.265177,0.077964,0.244355,0.706714,0.264721,0.166616,0,0.468178,0.335553,0.814804,0.357848,0,0,0,0,0,0,0,0,0,0,0,0
70,879,1388,1479,541,260,1498,460,1167,1031,1585,1990,12278,106,395,161,45,58,263,60,74,149,274,566,2151,266,50,49,222,0,267,56,31,262,176,438,1817,463,778,356,79,17,620,86,448,506,653,894,4900,64,4,22,26,11,53,1,12,167,115,22,497,577,317,585,284,195,973,128,321,527,901,1118,5926,83,113,147,80,21,99,15,270,59,689,448,2024,30,1,8,0,0,10,2,0,0,9,10,70,148,611,384,96,61,586,116,65,317,599,375,3358,658,787,606,192,221,975,216,409,637,1429,1878,8008,0,0,38,0,0,0,0,0,0,71,41,150,65,0,0,7,0,1,0,91,1,3,3,171,9,32,22,25,13,39,13,0,33,71,160,417,0,0,0,0,0,0,0,0,0,0,0,0,23.465029,13.145184,8.236342,4.558477,15.312132,8.812283,6.967586,20.477277,15.084126,8.442077,9.76783,10.137807,2.829685,3.740885,0.896586,0.379171,3.415783,1.54715,0.908816,1.298473,2.179956,1.459387,2.778187,1.776057,7.100908,0.47353,0.272874,1.870576,0.0,1.570681,0.848228,0.543955,3.833211,0.937417,2.149904,1.52161,12.359851,7.368122,1.982514,0.665656,1.001178,3.647273,1.302636,7.861028,7.403072,3.478029,4.388161,4.045875,1.708489,0.037882,0.122515,0.219077,0.647821,0.311783,0.015147,0.210563,2.443307,0.612517,0.107986,0.410367,15.403097,3.002178,3.257782,2.39299,11.484099,5.723866,1.938806,5.632567,7.710315,4.798935,5.487655,4.893032,2.215697,1.070177,0.818622,0.674082,1.236749,0.582387,0.227204,4.737673,0.863204,3.669774,2.198989,1.671194,0.800854,0.009471,0.044551,0.0,0,0.058827,0.030294,0.0,0.0,0.047936,0.049085,0.073676,3.950881,5.786533,2.138442,0.808898,3.592462,3.447262,1.757043,1.140551,4.637893,3.190413,1.840671,2.772663,17.565403,7.453357,3.374729,1.617796,13.015312,5.735632,3.271736,7.176698,9.319678,7.611185,9.218083,6.612116,0,0.0,0.211617,0.0,0,0.0,0,0,0,0.378162,0.201247,0.262674,1.735184,0,0.0,0.058982,0,0.005883,0.0,1.596771,0.014631,0.015979,0.014725,0.202859,0.240256,0.303059,0.122515,0.21065,0.765607,0.229425,0.19691,0,0.482809,0.378162,0.785353,0.361314,0,0,0,0,0,0,0,0,0,0,0,0
71,890,1406,1466,522,253,1507,459,1164,1029,1639,1980,12315,108,404,151,43,61,268,46,74,161,271,575,2162,260,59,38,190,0,285,65,31,254,185,443,1810,460,757,354,83,15,603,74,438,495,675,891,4845,60,10,27,24,11,56,1,11,171,111,20,502,574,321,557,318,189,961,133,318,531,888,1125,5915,82,106,159,62,22,93,15,269,65,712,464,2049,17,1,10,0,0,12,0,0,1,7,13,61,152,606,334,80,57,620,118,67,320,589,381,3324,653,797,582,181,217,948,209,404,633,1426,1807,7857,0,0,35,0,0,1,0,0,0,75,41,152,62,0,1,2,0,1,0,92,1,3,4,166,10,29,14,27,13,35,6,0,36,67,156,393,0,0,0,0,0,0,0,0,0,0,0,0,23.758676,13.315655,8.163947,4.398382,14.899882,8.865227,6.952439,20.424636,15.054865,8.729694,9.718745,10.168358,2.883075,3.82612,0.840898,0.362319,3.592462,1.576563,0.696759,1.298473,2.355523,1.443409,2.822363,1.785139,6.940737,0.558765,0.211617,1.600944,0.0,1.676569,0.98455,0.543955,3.716167,0.985353,2.174447,1.515748,12.279765,7.16924,1.971376,0.69936,0.883392,3.547267,1.120872,7.685559,7.242136,3.595206,4.373435,4.000462,1.601708,0.094706,0.150359,0.202224,0.647821,0.329431,0.015147,0.193016,2.501829,0.591212,0.098169,0.414496,15.323011,3.040061,3.101854,2.679474,11.130742,5.653274,2.014541,5.579926,7.768837,4.729694,5.522014,4.883949,2.189002,1.003883,0.885449,0.522413,1.295642,0.547091,0.227204,4.720126,0.950988,3.792277,2.277524,1.691836,0.453817,0.009471,0.055689,0.0,0,0.070592,0.0,0.0,0.014631,0.037284,0.06381,0.064046,4.057662,5.73918,1.859999,0.674082,3.35689,3.647273,1.787337,1.175645,4.681785,3.13715,1.870122,2.74459,17.431927,7.548063,3.241076,1.52511,12.779741,5.576799,3.165707,7.088963,9.261156,7.595206,8.869582,6.487437,0,0.0,0.19491,0.0,0,0.005883,0,0,0,0.399467,0.201247,0.205117,1.655099,0,0.005569,0.016852,0,0.005883,0.0,1.614318,0.014631,0.015979,0.019634,0.162344,0.266951,0.274647,0.077964,0.227503,0.765607,0.205894,0.090882,0,0.526701,0.356858,0.765719,0.340519,0,0,0,0,0,0,0,0,0,0,0,0
72,877,1349,1494,511,247,1467,437,1147,1007,1591,1974,12101,107,394,161,33,62,264,47,73,167,264,568,2140,253,52,48,175,0,266,59,29,245,175,437,1739,445,764,331,71,15,590,85,430,500,667,907,4805,56,12,24,20,11,50,1,13,179,116,20,502,578,319,538,303,191,966,133,324,521,903,1134,5910,79,119,144,58,21,85,19,274,57,683,431,1970,16,1,13,0,0,13,0,0,1,8,13,65,151,608,365,85,64,593,121,74,316,573,382,3332,662,770,568,159,213,988,201,395,623,1402,1790,7771,0,0,38,0,0,1,0,0,0,74,46,159,60,0,1,6,0,2,0,89,1,3,3,165,11,38,22,31,13,38,14,0,31,70,160,428,0,0,0,0,0,0,0,0,0,0,0,0,23.411639,12.775831,8.319875,4.305696,14.546525,8.629919,6.619206,20.126338,14.732992,8.474035,9.689295,9.991661,2.85638,3.731414,0.896586,0.278059,3.651355,1.553033,0.711905,1.280926,2.443307,1.406125,2.788004,1.766974,6.753871,0.492471,0.267305,1.474553,0.0,1.564798,0.893669,0.508861,3.584492,0.932091,2.144996,1.45629,11.879338,7.235534,1.843292,0.598247,0.883392,3.470792,1.287489,7.545183,7.315289,3.552597,4.451971,3.967435,1.494928,0.113647,0.133653,0.16852,0.647821,0.294135,0.015147,0.22811,2.618873,0.617843,0.098169,0.414496,15.429792,3.021119,2.996046,2.553084,11.248528,5.682687,2.014541,5.685208,7.622531,4.809587,5.566191,4.879821,2.108916,1.127001,0.801916,0.488709,1.236749,0.500029,0.287792,4.807861,0.833943,3.637816,2.115545,1.626607,0.427122,0.009471,0.072395,0.0,0,0.076475,0.0,0.0,0.014631,0.04261,0.06381,0.068246,4.030966,5.758121,2.032634,0.716212,3.76914,3.48844,1.832778,1.298473,4.623263,3.051931,1.875031,2.751195,17.672184,7.292357,3.163112,1.339737,12.54417,5.812107,3.044532,6.931041,9.11485,7.467377,8.786139,6.416428,0,0.0,0.211617,0.0,0,0.005883,0,0,0,0.394141,0.225789,0.214563,1.601708,0,0.005569,0.050556,0,0.011765,0.0,1.561677,0.014631,0.015979,0.014725,0.161366,0.293647,0.359883,0.122515,0.261207,0.765607,0.223543,0.212057,0,0.453548,0.372836,0.785353,0.370845,0,0,0,0,0,0,0,0,0,0,0,0
73,874,1339,1475,465,253,1474,441,1147,1002,1528,1928,11926,106,380,151,39,61,270,52,72,151,260,549,2091,245,63,49,182,0,276,63,28,257,182,436,1781,432,726,335,72,15,629,89,430,494,654,859,4735,56,13,24,30,10,56,1,13,173,113,16,505,561,306,583,337,188,947,129,305,517,881,1152,5906,80,106,164,69,21,87,16,271,53,668,460,1995,21,1,13,1,0,13,0,0,1,9,9,68,151,650,372,79,65,577,123,69,312,578,377,3353,630,750,563,169,217,961,197,409,613,1383,1825,7717,0,0,44,0,0,0,0,0,0,70,47,161,64,0,1,3,0,2,0,89,1,2,3,165,13,37,17,27,15,40,15,0,29,65,151,409,0,0,0,0,0,0,0,0,0,0,0,0,23.331554,12.681125,8.214067,3.918099,14.899882,8.671098,6.679794,20.126338,14.659839,8.138482,9.463506,9.847165,2.829685,3.598826,0.840898,0.328615,3.592462,1.588329,0.78764,1.26338,2.209217,1.38482,2.694743,1.726515,6.54031,0.596647,0.272874,1.533536,0.0,1.623625,0.954256,0.491314,3.760059,0.969374,2.140087,1.491462,11.532301,6.875651,1.865568,0.606673,0.883392,3.700218,1.348076,7.545183,7.227505,3.483356,4.216365,3.909637,1.494928,0.123118,0.133653,0.252781,0.588928,0.329431,0.015147,0.22811,2.53109,0.601864,0.078535,0.416973,14.975974,2.898002,3.246645,2.839569,11.071849,5.570916,1.953953,5.351816,7.564009,4.69241,5.654543,4.876518,2.135611,1.003883,0.913293,0.581395,1.236749,0.511795,0.242351,4.75522,0.775421,3.557923,2.25789,1.647249,0.560598,0.009471,0.072395,0.008426,0,0.076475,0.0,0.0,0.014631,0.047936,0.044176,0.063485,4.030966,6.155886,2.071616,0.665656,3.828033,3.394317,1.863072,1.210739,4.56474,3.078562,1.850488,2.768535,16.817939,7.102945,3.135268,1.423997,12.779741,5.653274,2.983944,7.176698,8.968544,7.366178,8.957935,6.371841,0,0.0,0.24503,0.0,0,0.0,0,0,0,0.372836,0.230697,0.281937,1.708489,0,0.005569,0.025278,0,0.011765,0.0,1.561677,0.014631,0.010652,0.014725,0.161366,0.347037,0.350412,0.094671,0.227503,0.883392,0.235308,0.227204,0,0.424287,0.346205,0.741177,0.354383,0,0,0,0,0,0,0,0,0,0,0,0
74,868,1313,1420,494,255,1449,415,1130,985,1555,1930,11814,101,389,144,32,61,262,43,72,149,266,542,2061,246,53,45,184,0,271,54,27,255,178,411,1724,419,714,364,62,16,580,68,432,502,631,869,4657,52,14,23,19,10,58,1,13,171,108,16,485,564,302,574,297,183,937,124,305,520,904,1136,5846,79,111,151,68,21,79,10,260,57,677,451,1964,23,1,8,1,0,18,1,0,1,7,11,71,157,602,385,82,63,616,122,68,313,611,354,3373,642,751,575,188,201,920,203,387,631,1396,1834,7728,0,0,39,0,0,0,0,0,0,70,43,152,65,0,1,6,0,0,0,87,1,2,3,165,14,31,19,34,14,38,8,0,32,74,157,421,0,0,0,0,0,0,0,0,0,0,0,0,23.171383,12.43489,7.90778,4.162454,15.017668,8.524031,6.285974,19.82804,14.411119,8.28229,9.473323,9.754688,2.696209,3.684061,0.801916,0.269633,3.592462,1.541267,0.651318,1.26338,2.179956,1.416778,2.660384,1.701745,6.567005,0.501941,0.250599,1.550388,0.0,1.594211,0.817934,0.473767,3.730797,0.948069,2.017376,1.443729,11.185264,6.762004,2.027065,0.522413,0.942285,3.411965,1.029991,7.580277,7.34455,3.360852,4.265449,3.845233,1.388147,0.132588,0.128084,0.160094,0.588928,0.341197,0.015147,0.22811,2.501829,0.575233,0.078535,0.400459,15.05606,2.860119,3.196525,2.502528,10.777385,5.512089,1.878219,5.351816,7.607901,4.814913,5.576007,4.826977,2.108916,1.051236,0.840898,0.572969,1.236749,0.464733,0.151469,4.562204,0.833943,3.605859,2.213714,1.621653,0.613988,0.009471,0.044551,0.008426,0,0.105889,0.015147,0.0,0.014631,0.037284,0.053993,0.062437,4.191137,5.701297,2.144011,0.690934,3.710247,3.623743,1.847925,1.193192,4.579371,3.254328,1.737594,2.785048,17.138281,7.112416,3.202094,1.584092,11.837456,5.412083,3.074826,6.790665,9.231895,7.435419,9.002111,6.380923,0,0.0,0.217185,0.0,0,0.0,0,0,0,0.372836,0.211064,0.266176,1.735184,0,0.005569,0.050556,0,0.0,0.0,1.526584,0.014631,0.010652,0.014725,0.193542,0.373732,0.293588,0.105808,0.286485,0.824499,0.223543,0.121175,0,0.468178,0.394141,0.770628,0.36478,0,0,0,0,0,0,0,0,0,0,0,0
75,863,1330,1455,510,257,1422,384,1117,969,1496,1909,11712,106,379,154,30,59,250,45,68,141,274,552,2058,248,54,51,204,0,274,60,29,253,166,426,1765,426,707,342,75,16,552,72,428,477,633,854,4582,53,11,29,24,10,59,1,14,168,112,14,495,554,312,538,286,197,952,105,306,522,882,1127,5781,80,112,154,66,20,89,13,264,60,658,427,1943,20,1,10,1,0,12,0,0,1,9,14,68,153,626,369,76,60,609,113,74,322,591,412,3405,630,753,579,179,212,968,178,388,621,1371,1768,7647,0,0,34,0,0,0,0,0,0,64,46,144,63,0,1,1,0,2,0,87,1,4,2,161,10,30,17,33,12,40,3,0,35,67,160,407,0,0,0,0,0,0,0,0,0,0,0,0,23.037907,12.59589,8.10269,4.29727,15.135453,8.365198,5.816419,19.59993,14.17703,7.968043,9.370245,9.670468,2.829685,3.589355,0.857604,0.252781,3.474676,1.470675,0.681612,1.193192,2.062911,1.459387,2.709468,1.699268,6.620395,0.511412,0.284012,1.718908,0.0,1.61186,0.908816,0.508861,3.701536,0.884154,2.091003,1.478064,11.37213,6.69571,1.90455,0.631951,0.942285,3.24725,1.090579,7.510089,6.978786,3.371505,4.191823,3.783306,1.414842,0.104177,0.161497,0.202224,0.588928,0.347079,0.015147,0.245657,2.457937,0.596538,0.068718,0.408716,14.789108,2.954825,2.996046,2.409842,11.601885,5.600329,1.590427,5.369363,7.637162,4.697736,5.531831,4.773307,2.135611,1.060707,0.857604,0.556117,1.177856,0.52356,0.19691,4.632392,0.877835,3.50466,2.095911,1.604313,0.533903,0.009471,0.055689,0.008426,0,0.070592,0.0,0.0,0.014631,0.047936,0.068718,0.063485,4.084357,5.928592,2.054909,0.640377,3.533569,3.582564,1.711603,1.298473,4.711046,3.147803,2.022284,2.81147,16.817939,7.131357,3.224369,1.508257,12.485277,5.694453,2.696153,6.808212,9.085589,7.302264,8.678152,6.314042,0,0.0,0.189341,0.0,0,0.0,0,0,0,0.340879,0.225789,0.252167,1.681794,0,0.005569,0.008426,0,0.011765,0.0,1.526584,0.014631,0.021305,0.009817,0.157454,0.266951,0.284118,0.094671,0.278059,0.706714,0.235308,0.045441,0,0.51207,0.356858,0.785353,0.35265,0,0,0,0,0,0,0,0,0,0,0,0
76,838,1323,1413,511,251,1369,389,1115,970,1514,1837,11530,103,384,162,34,60,246,47,68,150,263,523,2040,237,57,42,177,0,259,48,33,258,167,412,1690,415,702,340,73,13,550,75,429,474,608,844,4523,55,11,24,15,11,52,0,13,161,110,17,469,561,314,534,303,186,929,116,302,506,874,1075,5700,76,115,161,58,21,87,16,260,55,680,432,1961,19,0,8,0,0,17,1,0,0,10,8,63,150,622,348,74,60,588,118,75,313,616,396,3360,625,783,561,155,205,932,186,394,607,1390,1748,7586,0,0,47,0,0,2,0,0,0,69,45,163,64,0,1,2,0,2,0,88,1,2,4,164,11,36,26,42,11,35,5,0,34,69,161,430,0,0,0,0,0,0,0,0,0,0,0,0,22.370529,12.529596,7.868798,4.305696,14.782097,8.053415,5.892154,19.564836,14.191661,8.063915,9.016836,9.520192,2.7496,3.636708,0.902155,0.286485,3.533569,1.447144,0.711905,1.193192,2.194587,1.400799,2.567123,1.684405,6.326749,0.539824,0.233892,1.491405,0.0,1.523619,0.727052,0.579049,3.774689,0.889481,2.022284,1.415256,11.078484,6.648357,1.893412,0.615099,0.765607,3.235484,1.136019,7.527636,6.934894,3.238349,4.142738,3.734591,1.468233,0.104177,0.133653,0.12639,0.647821,0.3059,0.0,0.22811,2.355523,0.585885,0.083444,0.409575,14.975974,2.973766,2.973771,2.553084,10.954064,5.465027,1.757043,5.299175,7.403072,4.655126,5.276592,4.706426,2.028831,1.089118,0.896586,0.488709,1.236749,0.511795,0.242351,4.562204,0.804682,3.621838,2.120454,1.619176,0.507208,0.0,0.044551,0.0,0,0.100006,0.015147,0.0,0.0,0.053262,0.039268,0.074599,4.004271,5.890709,1.937963,0.623525,3.533569,3.459027,1.787337,1.31602,4.579371,3.280959,1.943749,2.774314,16.684463,7.415475,3.12413,1.306033,12.073027,5.482675,2.817328,6.913494,8.880761,7.403462,8.579983,6.263675,0,0.0,0.261736,0.0,0,0.011765,0,0,0,0.36751,0.220881,0.219961,1.708489,0,0.005569,0.016852,0,0.011765,0.0,1.544131,0.014631,0.010652,0.019634,0.160388,0.293647,0.340941,0.14479,0.353893,0.647821,0.205894,0.075735,0,0.49744,0.36751,0.790262,0.372578,0,0,0,0,0,0,0,0,0,0,0,0
77,839,1286,1478,467,248,1414,403,1106,965,1526,1898,11630,103,377,147,34,57,247,53,71,145,252,534,2020,241,50,45,195,0,245,64,30,259,167,383,1679,417,708,338,73,15,560,81,422,481,625,867,4587,54,12,25,26,9,54,0,13,156,110,17,476,562,294,582,285,184,947,114,288,492,872,1087,5707,73,106,142,56,20,86,11,263,56,672,428,1913,24,1,7,0,0,9,0,0,0,9,11,61,139,619,383,78,57,583,117,72,306,577,395,3326,623,736,542,164,212,936,179,381,587,1373,1785,7518,0,0,45,0,0,0,0,0,0,71,43,159,67,0,0,3,0,2,0,85,1,2,3,163,11,32,21,30,12,39,11,0,30,71,166,423,0,0,0,0,0,0,0,0,0,0,0,0,22.397224,12.179184,8.230774,3.934951,14.605418,8.318136,6.104211,19.406913,14.118508,8.12783,9.316252,9.602761,2.7496,3.570414,0.818622,0.286485,3.35689,1.453027,0.802787,1.245833,2.121434,1.34221,2.621116,1.667891,6.433529,0.47353,0.250599,1.643074,0.0,1.441261,0.969403,0.526408,3.78932,0.889481,1.879939,1.406045,11.131874,6.70518,1.882274,0.615099,0.883392,3.294311,1.226901,7.404808,7.037308,3.328895,4.255632,3.787435,1.441538,0.113647,0.139221,0.219077,0.530035,0.317666,0.0,0.22811,2.28237,0.585885,0.083444,0.415688,15.00267,2.784355,3.241076,2.401416,10.836278,5.570916,1.726749,5.053518,7.198244,4.644474,5.335493,4.712206,1.948745,1.003883,0.790778,0.471857,1.177856,0.505912,0.166616,4.614845,0.819312,3.579228,2.10082,1.579543,0.640683,0.009471,0.038982,0.0,0,0.052944,0.0,0.0,0.0,0.047936,0.053993,0.068998,3.710625,5.862298,2.132873,0.65723,3.35689,3.429614,1.77219,1.26338,4.476957,3.073236,1.938841,2.746241,16.631073,6.970357,3.018322,1.381867,12.485277,5.506206,2.7113,6.685383,8.588149,7.312916,8.761596,6.207529,0,0.0,0.250599,0.0,0,0.0,0,0,0,0.378162,0.211064,0.278434,1.788574,0,0.0,0.025278,0,0.011765,0.0,1.49149,0.014631,0.010652,0.014725,0.193369,0.293647,0.303059,0.116946,0.252781,0.706714,0.229425,0.166616,0,0.438917,0.378162,0.814804,0.366513,0,0,0,0,0,0,0,0,0,0,0,0
78,833,1257,1407,474,243,1358,403,1116,947,1469,1790,11297,104,401,152,31,58,249,36,74,141,248,498,1992,241,54,41,172,0,247,51,27,245,154,381,1613,415,678,376,58,11,567,74,415,470,621,845,4530,56,13,28,16,11,50,1,12,160,111,13,471,562,297,546,296,184,930,118,289,503,894,1101,5720,77,108,159,62,16,84,12,257,56,675,448,1954,20,0,5,0,0,14,0,0,1,8,11,59,139,632,383,85,60,564,133,75,321,569,399,3360,626,748,581,146,204,922,192,376,604,1377,1727,7503,0,0,44,0,0,0,0,0,0,65,44,153,60,0,1,5,0,3,0,86,1,4,5,165,11,37,24,24,11,33,11,0,35,70,152,408,0,0,0,0,0,0,0,0,0,0,0,0,22.237053,11.904536,7.835385,3.993933,14.310954,7.988705,6.104211,19.582383,13.855157,7.824234,8.786139,9.327807,2.776295,3.797708,0.846467,0.261207,3.415783,1.464792,0.545289,1.298473,2.062911,1.320905,2.444412,1.644772,6.433529,0.511412,0.228323,1.449275,0.0,1.453027,0.772493,0.473767,3.584492,0.82024,1.870122,1.350774,11.078484,6.421063,2.093891,0.488709,0.647821,3.33549,1.120872,7.281979,6.876372,3.30759,4.147646,3.74037,1.494928,0.123118,0.155928,0.134816,0.647821,0.294135,0.015147,0.210563,2.340892,0.591212,0.06381,0.388899,15.00267,2.812766,3.040597,2.494102,10.836278,5.47091,1.787337,5.071065,7.359181,4.761651,5.404211,4.72294,2.055526,1.022824,0.885449,0.522413,0.942285,0.494147,0.181763,4.509563,0.819312,3.595206,2.198989,1.613396,0.533903,0.0,0.027844,0.0,0,0.082358,0.0,0.0,0.014631,0.04261,0.053993,0.06967,3.710625,5.985415,2.132873,0.716212,3.533569,3.317842,2.014541,1.31602,4.696416,3.030626,1.958474,2.774314,16.711159,7.084004,3.235507,1.230199,12.014134,5.423848,2.90821,6.597649,8.836869,7.334221,8.476906,6.195143,0,0.0,0.24503,0.0,0,0.0,0,0,0,0.346205,0.215972,0.267928,1.601708,0,0.005569,0.04213,0,0.017648,0.0,1.509037,0.014631,0.021305,0.024542,0.161366,0.293647,0.350412,0.133653,0.202224,0.647821,0.194129,0.166616,0,0.51207,0.372836,0.746086,0.353516,0,0,0,0,0,0,0,0,0,0,0,0
79,818,1270,1379,447,236,1403,391,1106,947,1447,1760,11204,98,395,144,28,58,245,49,72,136,244,539,2008,240,52,39,179,0,247,57,26,248,167,391,1646,395,705,343,75,14,567,78,415,466,630,823,4511,55,16,28,18,11,55,0,13,149,106,18,469,546,298,571,258,183,921,126,287,515,846,1065,5616,77,101,143,60,20,92,18,262,53,659,427,1912,15,1,7,0,0,12,1,0,1,7,11,55,143,601,393,101,70,596,121,74,309,587,375,3370,622,730,577,160,202,914,177,373,613,1350,1743,7461,0,0,37,0,0,0,0,0,0,65,42,144,59,0,1,3,0,0,0,87,1,4,5,160,10,38,23,30,12,50,9,0,30,63,154,419,0,0,0,0,0,0,0,0,0,0,0,0,21.836626,12.027654,7.679456,3.766431,13.898704,8.253427,5.922448,19.406913,13.855157,7.707057,8.638885,9.251018,2.616124,3.740885,0.801916,0.235929,3.415783,1.441261,0.742199,1.26338,1.989759,1.299601,2.645658,1.657983,6.406834,0.492471,0.217185,1.508257,0.0,1.453027,0.863375,0.45622,3.628383,0.889481,1.919207,1.378409,10.544581,6.676769,1.910119,0.631951,0.824499,3.33549,1.18146,7.281979,6.817849,3.355526,4.03966,3.724682,1.468233,0.15153,0.155928,0.151668,0.647821,0.323548,0.0,0.22811,2.179956,0.564581,0.088352,0.409575,14.575547,2.822237,3.179818,2.173913,10.777385,5.417966,1.908513,5.035971,7.534748,4.505992,5.227507,4.637068,2.055526,0.95653,0.796347,0.505561,1.177856,0.541208,0.272645,4.597298,0.775421,3.509987,2.095911,1.578717,0.400427,0.009471,0.038982,0.0,0,0.070592,0.015147,0.0,0.014631,0.037284,0.053993,0.054003,3.817405,5.691827,2.188562,0.851028,4.122497,3.506089,1.832778,1.298473,4.520849,3.126498,1.840671,2.782571,16.604378,6.913533,3.213232,1.348163,11.896349,5.376787,2.681006,6.545008,8.968544,7.190413,8.555441,6.160464,0,0.0,0.206048,0.0,0,0.0,0,0,0,0.346205,0.206155,0.252167,1.575013,0,0.005569,0.025278,0,0.0,0.0,1.526584,0.014631,0.021305,0.024542,0.187677,0.266951,0.359883,0.128084,0.252781,0.706714,0.294135,0.136322,0,0.438917,0.335553,0.755902,0.363047,0,0,0,0,0,0,0,0,0,0,0,0
80,806,1255,1371,432,236,1369,419,1094,926,1419,1817,11144,103,395,149,30,58,242,45,66,133,233,536,1990,233,48,42,189,0,258,54,26,241,166,378,1635,401,686,305,57,13,555,77,410,436,599,854,4393,58,18,21,17,11,49,1,13,152,106,20,466,551,291,547,263,181,909,126,281,510,851,1060,5570,79,112,141,62,17,98,15,260,59,660,428,1931,20,0,5,0,0,11,2,0,1,9,7,55,145,603,394,90,61,581,106,68,308,597,380,3333,622,727,510,156,207,909,200,368,626,1341,1707,7373,0,0,32,0,0,0,0,0,0,60,47,139,65,0,1,4,0,1,0,87,1,1,4,164,13,29,19,37,14,39,6,0,29,64,148,398,0,0,0,0,0,0,0,0,0,0,0,0,21.516284,11.885595,7.634906,3.64004,13.898704,8.053415,6.346562,19.19635,13.547915,7.557923,8.918667,9.201476,2.7496,3.740885,0.82976,0.252781,3.415783,1.423613,0.681612,1.158098,1.945867,1.241012,2.630933,1.643121,6.219968,0.454589,0.233892,1.592518,0.0,1.517736,0.817934,0.45622,3.525969,0.884154,1.855397,1.369198,10.704752,6.496827,1.698502,0.480283,0.765607,3.264898,1.166313,7.194245,6.378932,3.190413,4.191823,3.627251,1.548318,0.170471,0.116946,0.143242,0.647821,0.288252,0.015147,0.22811,2.223848,0.564581,0.098169,0.384771,14.709023,2.755943,3.046166,2.216043,10.6596,5.347373,1.908513,4.93069,7.461595,4.532623,5.202965,4.599087,2.108916,1.060707,0.785209,0.522413,1.001178,0.576505,0.227204,4.562204,0.863204,3.515313,2.10082,1.594405,0.533903,0.0,0.027844,0.0,0,0.06471,0.030294,0.0,0.014631,0.047936,0.034359,0.06025,3.870796,5.710768,2.19413,0.758342,3.592462,3.417848,1.605574,1.193192,4.506218,3.17976,1.865214,2.752021,16.604378,6.885122,2.840118,1.314459,12.190813,5.347373,3.029385,6.457273,9.158742,7.142477,8.378737,6.087804,0,0.0,0.178203,0.0,0,0.0,0,0,0,0.319574,0.230697,0.243411,1.735184,0,0.005569,0.033704,0,0.005883,0.0,1.526584,0.014631,0.005326,0.019634,0.160388,0.347037,0.274647,0.105808,0.311763,0.824499,0.229425,0.090882,0,0.424287,0.340879,0.726452,0.344851,0,0,0,0,0,0,0,0,0,0,0,0
81,798,1243,1395,449,234,1361,414,1055,934,1408,1781,11072,98,384,150,20,58,248,52,64,135,231,531,1971,230,44,47,171,0,266,43,26,241,155,364,1587,403,664,281,71,16,526,81,396,446,609,807,4300,54,17,21,17,11,46,1,12,148,107,15,449,554,290,548,270,181,893,123,274,510,839,1057,5539,75,118,138,62,20,80,11,252,53,670,439,1918,15,0,9,0,0,7,1,0,0,9,10,51,140,594,395,85,66,591,120,75,298,577,416,3357,615,703,561,146,205,903,211,350,596,1318,1733,7341,0,0,39,0,0,0,0,0,0,67,50,156,59,0,1,6,0,4,0,86,1,4,3,164,10,38,23,29,11,38,6,0,32,60,156,403,0,0,0,0,0,0,0,0,0,0,0,0,21.302723,11.771948,7.768558,3.783283,13.780919,8.006353,6.270827,18.51202,13.66496,7.499334,8.741962,9.142027,2.616124,3.636708,0.835329,0.16852,3.415783,1.458909,0.78764,1.123004,1.975128,1.23036,2.606391,1.627433,6.139883,0.416706,0.261736,1.440849,0.0,1.564798,0.651318,0.45622,3.525969,0.825566,1.786678,1.329001,10.758142,6.288474,1.564849,0.598247,0.942285,3.0943,1.226901,6.948587,6.525238,3.243675,3.961125,3.550462,1.441538,0.161,0.116946,0.143242,0.647821,0.270604,0.015147,0.210563,2.165326,0.569907,0.073627,0.370734,14.789108,2.746472,3.051735,2.275025,10.6596,5.25325,1.863072,4.807861,7.461595,4.468708,5.188239,4.57349,2.002136,1.11753,0.768503,0.522413,1.177856,0.470616,0.166616,4.421828,0.775421,3.568575,2.154813,1.583671,0.400427,0.0,0.05012,0.0,0,0.041179,0.015147,0.0,0.0,0.047936,0.049085,0.060389,3.73732,5.625533,2.199699,0.716212,3.886926,3.476675,1.817631,1.31602,4.359912,3.073236,2.041918,2.771837,16.417512,6.657827,3.12413,1.230199,12.073027,5.312077,3.196001,6.141428,8.719824,7.019973,8.506356,6.061382,0,0.0,0.217185,0.0,0,0.0,0,0,0,0.356858,0.245423,0.273181,1.575013,0,0.005569,0.050556,0,0.023531,0.0,1.509037,0.014631,0.021305,0.014725,0.160388,0.266951,0.359883,0.128084,0.244355,0.647821,0.223543,0.090882,0,0.468178,0.319574,0.765719,0.349184,0,0,0,0,0,0,0,0,0,0,0,0
82,802,1230,1388,449,230,1332,409,1043,944,1396,1760,10983,100,371,145,17,54,248,55,60,132,227,554,1963,226,46,42,181,0,250,56,25,232,151,377,1586,398,668,305,74,13,534,80,387,451,594,849,4353,54,15,21,13,11,48,2,12,156,108,17,457,551,300,537,266,181,892,116,268,514,857,1064,5546,77,99,137,57,20,80,11,250,52,684,459,1926,12,1,4,0,0,5,3,0,0,10,11,46,140,597,380,83,69,586,127,75,305,569,384,3315,612,700,551,178,203,871,200,361,590,1373,1706,7345,0,0,43,0,0,0,0,0,0,57,50,150,59,0,1,5,0,1,0,87,1,2,5,161,10,29,14,25,12,30,10,0,28,61,157,376,0,0,0,0,0,0,0,0,0,0,0,0,21.409503,11.64883,7.729576,3.783283,13.545347,7.835755,6.195092,18.301456,13.811266,7.435419,8.638885,9.06854,2.669514,3.51359,0.807485,0.143242,3.180212,1.458909,0.833081,1.052816,1.931236,1.209055,2.719285,1.620827,6.033102,0.435647,0.233892,1.52511,0.0,1.470675,0.848228,0.438673,3.394294,0.804261,1.850488,1.328164,10.624666,6.326357,1.698502,0.623525,0.765607,3.141361,1.211754,6.790665,6.598391,3.163782,4.16728,3.594223,1.441538,0.142059,0.116946,0.109538,0.647821,0.28237,0.030294,0.210563,2.28237,0.575233,0.083444,0.37734,14.709023,2.841178,2.990477,2.241321,10.6596,5.247367,1.757043,4.702579,7.520117,4.564581,5.222599,4.57927,2.055526,0.937589,0.762934,0.480283,1.177856,0.470616,0.166616,4.386735,0.76079,3.643142,2.252982,1.590277,0.320342,0.009471,0.022275,0.0,0,0.029413,0.045441,0.0,0.0,0.053262,0.053993,0.048415,3.73732,5.653945,2.116166,0.69936,4.063604,3.447262,1.923659,1.31602,4.462326,3.030626,1.884848,2.737158,16.337427,6.629416,3.068441,1.499831,11.955241,5.123831,3.029385,6.334445,8.632041,7.312916,8.373828,6.064684,0,0.0,0.239461,0.0,0,0.0,0,0,0,0.303595,0.245423,0.262674,1.575013,0,0.005569,0.04213,0,0.005883,0.0,1.526584,0.014631,0.010652,0.024542,0.157454,0.266951,0.274647,0.077964,0.21065,0.706714,0.176481,0.151469,0,0.409656,0.3249,0.770628,0.325789,0,0,0,0,0,0,0,0,0,0,0,0
83,779,1199,1367,456,228,1314,402,1029,923,1387,1745,10829,93,384,140,28,54,238,48,57,127,232,529,1930,229,50,38,186,0,243,43,23,228,158,371,1569,391,667,284,77,14,526,78,386,447,581,824,4275,53,14,19,14,11,47,2,12,151,104,13,440,539,295,565,282,183,904,132,270,483,848,1069,5570,78,106,135,60,19,98,13,255,56,660,443,1923,16,0,8,0,0,7,0,0,0,9,7,47,146,573,382,99,74,598,128,73,304,568,391,3336,611,680,529,165,201,892,211,340,599,1328,1700,7256,0,0,42,0,0,0,0,0,0,54,43,139,56,0,1,9,0,1,0,86,1,2,4,160,9,39,19,20,11,42,9,0,30,60,133,372,0,0,0,0,0,0,0,0,0,0,0,0,20.795515,11.355242,7.61263,3.842265,13.427562,7.729866,6.089064,18.055799,13.504023,7.387483,8.565258,8.941384,2.482648,3.636708,0.77964,0.235929,3.180212,1.400082,0.727052,1.000175,1.858083,1.235686,2.596574,1.593579,6.113187,0.47353,0.211617,1.56724,0.0,1.429496,0.651318,0.40358,3.335772,0.841545,1.821038,1.313927,10.4378,6.316886,1.581556,0.648804,0.824499,3.0943,1.18146,6.773118,6.539868,3.094541,4.044569,3.52982,1.414842,0.132588,0.105808,0.117964,0.647821,0.276487,0.030294,0.210563,2.209217,0.553928,0.06381,0.363303,14.388681,2.793825,3.146405,2.376138,10.777385,5.31796,1.999394,4.737673,7.066569,4.516644,5.247141,4.599087,2.082221,1.003883,0.751796,0.505561,1.118963,0.576505,0.19691,4.474469,0.819312,3.515313,2.174447,1.5878,0.427122,0.0,0.044551,0.0,0,0.041179,0.0,0.0,0.0,0.047936,0.034359,0.060373,3.897491,5.42665,2.127304,0.834176,4.358068,3.517854,1.938806,1.280926,4.447696,3.0253,1.919207,2.754498,16.310731,6.440004,2.945926,1.390293,11.837456,5.247367,3.196001,5.965959,8.763716,7.073236,8.344377,5.991198,0,0.0,0.233892,0.0,0,0.0,0,0,0,0.287617,0.211064,0.243411,1.494928,0,0.005569,0.075834,0,0.005883,0.0,1.509037,0.014631,0.010652,0.019634,0.156476,0.240256,0.369353,0.105808,0.16852,0.647821,0.247073,0.136322,0,0.438917,0.319574,0.652825,0.322324,0,0,0,0,0,0,0,0,0,0,0,0
84,773,1177,1359,440,227,1332,400,1012,915,1375,1731,10741,90,375,152,30,50,232,45,55,130,238,530,1927,222,49,46,178,0,254,60,22,232,162,372,1597,386,617,296,79,12,528,72,378,459,584,821,4232,54,14,14,17,8,50,0,13,151,100,21,442,529,281,548,287,175,852,122,259,486,842,1024,5405,74,102,129,64,16,88,20,252,54,658,447,1904,22,0,5,0,0,10,1,0,0,8,11,57,147,585,370,80,67,578,106,75,300,575,404,3287,599,685,523,187,192,876,184,342,601,1355,1721,7265,0,0,32,0,0,3,0,0,0,61,45,141,62,0,2,3,0,1,0,82,1,4,4,159,9,36,19,38,11,35,17,0,27,53,155,400,0,0,0,0,0,0,0,0,0,0,0,0,20.635344,11.146889,7.568079,3.707449,13.368669,7.835755,6.05877,17.757501,13.386979,7.323569,8.49654,8.868724,2.402563,3.551473,0.846467,0.252781,2.944641,1.364786,0.681612,0.965082,1.901975,1.267643,2.601482,1.591102,5.926321,0.464059,0.256168,1.499831,0.0,1.494206,0.908816,0.386033,3.394294,0.86285,1.825946,1.337375,10.304325,5.843356,1.648382,0.665656,0.706714,3.106065,1.090579,6.632743,6.715435,3.110519,4.029843,3.494315,1.441538,0.132588,0.077964,0.143242,0.471143,0.294135,0.0,0.22811,2.209217,0.532623,0.103078,0.385996,14.12173,2.661237,3.051735,2.418268,10.306243,5.01206,1.847925,4.544657,7.110461,4.484687,5.02626,4.462848,1.97544,0.966001,0.718383,0.539265,0.942285,0.517678,0.302939,4.421828,0.790051,3.50466,2.19408,1.572112,0.587293,0.0,0.027844,0.0,0,0.058827,0.015147,0.0,0.0,0.04261,0.053993,0.067494,3.924186,5.540297,2.060478,0.674082,3.945819,3.4002,1.605574,1.31602,4.389173,3.062583,1.983017,2.714039,15.99039,6.487357,2.912513,1.575666,11.30742,5.153244,2.787034,6.001053,8.792977,7.217044,8.447455,5.998629,0,0.0,0.178203,0.0,0,0.017648,0,0,0,0.3249,0.220881,0.190273,1.655099,0,0.011138,0.025278,0,0.005883,0.0,1.438849,0.014631,0.021305,0.019634,0.155498,0.240256,0.340941,0.105808,0.320189,0.647821,0.205894,0.257498,0,0.395026,0.28229,0.760811,0.346584,0,0,0,0,0,0,0,0,0,0,0,0
85,772,1169,1348,445,224,1314,401,980,880,1330,1723,10586,85,382,141,18,52,245,40,53,134,232,540,1922,226,49,39,175,0,243,47,24,230,153,354,1540,374,649,296,64,13,502,74,370,433,551,824,4150,55,13,22,24,10,50,0,13,148,104,18,457,533,275,503,273,173,883,126,248,483,826,1044,5367,75,106,134,67,17,87,16,245,55,638,449,1889,16,0,8,0,0,8,1,0,0,9,11,53,146,580,384,89,65,571,116,71,309,571,378,3280,597,688,518,183,187,853,175,325,578,1290,1698,7092,0,0,26,0,0,1,0,0,0,63,45,135,60,0,1,3,0,1,0,82,1,4,4,156,8,36,18,24,12,42,10,0,32,52,158,392,0,0,0,0,0,0,0,0,0,0,0,0,20.608649,11.071124,7.506822,3.749579,13.191991,7.729866,6.073917,17.195999,12.874909,7.083888,8.457272,8.740742,2.269087,3.617767,0.785209,0.151668,3.062426,1.441261,0.605877,0.929988,1.960497,1.235686,2.650567,1.586974,6.033102,0.464059,0.217185,1.474553,0.0,1.429496,0.711905,0.421127,3.365033,0.814913,1.737594,1.289642,9.983983,6.146415,1.648382,0.539265,0.765607,2.953115,1.120872,6.492367,6.33504,2.934754,4.044569,3.426609,1.468233,0.123118,0.122515,0.202224,0.588928,0.294135,0.0,0.22811,2.165326,0.553928,0.088352,0.399095,14.22851,2.604413,2.801136,2.300303,10.188457,5.194423,1.908513,4.351641,7.066569,4.399467,5.124429,4.431472,2.002136,1.003883,0.746227,0.564543,1.001178,0.511795,0.242351,4.299,0.804682,3.398136,2.203897,1.559726,0.427122,0.0,0.044551,0.0,0,0.047062,0.015147,0.0,0.0,0.047936,0.053993,0.062758,3.897491,5.492944,2.138442,0.749916,3.828033,3.359021,1.757043,1.245833,4.520849,3.041278,1.855397,2.708259,15.936999,6.515769,2.884669,1.541962,11.012956,5.017942,2.650712,5.702755,8.456474,6.870839,8.33456,5.855785,0,0.0,0.14479,0.0,0,0.005883,0,0,0,0.335553,0.220881,0.182176,1.601708,0,0.005569,0.025278,0,0.005883,0.0,1.438849,0.014631,0.021305,0.019634,0.152564,0.213561,0.340941,0.100239,0.202224,0.706714,0.247073,0.151469,0,0.468178,0.276964,0.775536,0.339653,0,0,0,0,0,0,0,0,0,0,0,0
86,770,1129,1305,474,223,1276,409,990,884,1347,1732,10539,87,374,137,30,56,246,35,56,131,225,526,1903,232,52,43,171,0,236,39,23,245,148,373,1562,377,647,310,73,13,517,65,369,434,576,820,4201,55,9,20,22,11,54,0,13,148,88,16,436,539,280,540,282,171,874,111,245,466,818,1006,5332,75,96,149,67,19,90,13,239,59,646,452,1905,17,0,9,0,0,11,0,0,0,11,13,61,146,579,383,87,72,574,114,65,297,559,381,3257,602,663,515,178,192,863,186,326,561,1308,1715,7109,0,0,38,0,0,0,0,0,0,65,51,154,65,0,1,7,0,1,0,80,1,2,4,161,9,33,14,37,12,39,7,0,27,50,153,381,0,0,0,0,0,0,0,0,0,0,0,0,20.555259,10.6923,7.267361,3.993933,13.133098,7.506324,6.195092,17.371469,12.933431,7.174434,8.501448,8.701935,2.322477,3.542002,0.762934,0.252781,3.297998,1.447144,0.530142,0.982629,1.916606,1.198402,2.581849,1.571286,6.193273,0.492471,0.239461,1.440849,0.0,1.388317,0.59073,0.40358,3.584492,0.788282,1.830855,1.308065,10.064068,6.127474,1.726346,0.615099,0.765607,3.041355,0.98455,6.47482,6.349671,3.067909,4.024935,3.468719,1.468233,0.085235,0.111377,0.185372,0.647821,0.317666,0.0,0.22811,2.165326,0.468708,0.078535,0.380756,14.388681,2.651766,3.007184,2.376138,10.070671,5.141479,1.681309,4.299,6.817849,4.356858,4.937908,4.402573,2.002136,0.909177,0.82976,0.564543,1.118963,0.529443,0.19691,4.193718,0.863204,3.440746,2.218623,1.572937,0.453817,0.0,0.05012,0.0,0,0.06471,0.0,0.0,0.0,0.058589,0.06381,0.078356,3.897491,5.483474,2.132873,0.733064,4.240283,3.376669,1.726749,1.140551,4.345282,2.977364,1.870122,2.689269,16.070475,6.279004,2.867962,1.499831,11.30742,5.076769,2.817328,5.720302,8.207754,6.966711,8.418004,5.869822,0,0.0,0.211617,0.0,0,0.0,0,0,0,0.346205,0.250331,0.269679,1.735184,0,0.005569,0.058982,0,0.005883,0.0,1.403755,0.014631,0.010652,0.019634,0.157454,0.240256,0.31253,0.077964,0.311763,0.706714,0.229425,0.106028,0,0.395026,0.266312,0.750994,0.330122,0,0,0,0,0,0,0,0,0,0,0,0
87,781,1165,1260,430,217,1241,367,978,869,1318,1696,10322,89,351,122,35,54,245,37,56,128,226,536,1879,227,51,38,162,0,234,45,24,224,146,351,1502,370,636,279,83,14,508,72,362,427,552,801,4104,55,13,16,17,12,56,0,13,155,84,11,432,515,277,495,285,183,840,113,245,468,827,990,5238,70,99,111,56,20,76,13,234,55,651,461,1846,20,0,6,0,0,10,1,0,0,10,13,60,150,574,389,75,62,570,126,69,298,522,382,3217,596,692,514,180,196,864,173,319,551,1293,1667,7045,0,0,35,1,0,0,0,0,0,64,49,149,62,0,0,4,0,2,0,79,0,2,3,152,9,36,17,28,12,44,10,0,28,60,159,403,0,0,0,0,0,0,0,0,0,0,0,0,20.848905,11.033242,7.016762,3.623188,12.779741,7.300429,5.558922,17.160905,12.713972,7.019973,8.324744,8.52276,2.375868,3.324178,0.679401,0.294911,3.180212,1.441261,0.560436,0.982629,1.872714,1.203728,2.630933,1.551469,6.059797,0.483,0.211617,1.365015,0.0,1.376552,0.681612,0.421127,3.277249,0.77763,1.722869,1.25782,9.877202,6.023298,1.553712,0.69936,0.824499,2.988411,1.090579,6.351992,6.247257,2.94008,3.931674,3.388627,1.468233,0.123118,0.089102,0.143242,0.706714,0.329431,0.0,0.22811,2.26774,0.447403,0.053993,0.377263,13.747998,2.623354,2.756585,2.401416,10.777385,4.941467,1.711603,4.299,6.84711,4.404794,4.859373,4.324958,1.86866,0.937589,0.618143,0.471857,1.177856,0.447085,0.19691,4.105984,0.804682,3.467377,2.262799,1.524222,0.533903,0.0,0.033413,0.0,0,0.058827,0.015147,0.0,0.0,0.053262,0.06381,0.071046,4.004271,5.436121,2.166286,0.631951,3.651355,3.353138,1.908513,1.210739,4.359912,2.780293,1.875031,2.656241,15.910304,6.553651,2.862393,1.516684,11.542992,5.082652,2.620418,5.597473,8.061448,6.886818,8.182398,5.816978,0,0.0,0.19491,0.008426,0,0.0,0,0,0,0.340879,0.240514,0.216027,1.655099,0,0.0,0.033704,0,0.011765,0.0,1.386208,0.0,0.010652,0.014725,0.19623,0.240256,0.340941,0.094671,0.235929,0.706714,0.258839,0.151469,0,0.409656,0.319574,0.780445,0.349184,0,0,0,0,0,0,0,0,0,0,0,0
88,760,1165,1297,454,213,1230,378,953,861,1311,1708,10330,82,368,139,26,53,229,49,56,132,233,514,1881,225,47,36,166,0,229,45,22,220,156,355,1501,377,628,280,69,13,494,73,358,424,544,788,4048,57,13,19,15,12,52,0,15,148,87,13,431,519,283,538,255,162,853,124,246,461,802,971,5214,67,108,126,70,19,95,16,233,57,636,446,1873,17,0,6,1,0,6,2,0,0,10,8,50,149,567,378,84,58,590,119,73,289,548,397,3252,589,676,522,176,184,863,195,329,559,1293,1676,7062,0,0,37,0,0,1,0,0,0,60,46,144,70,0,0,11,0,1,0,80,0,5,4,171,10,35,18,30,11,34,9,0,30,51,160,388,0,0,0,0,0,0,0,0,0,0,0,0,20.288308,11.033242,7.22281,3.825413,12.54417,7.23572,5.725538,16.722232,12.596928,6.98269,8.383645,8.529366,2.189002,3.485179,0.774071,0.219077,3.121319,1.347138,0.742199,0.982629,1.931236,1.241012,2.522947,1.553121,6.006407,0.445118,0.200479,1.398719,0.0,1.347138,0.681612,0.386033,3.218727,0.830892,1.742502,1.256982,10.064068,5.947533,1.559281,0.581395,0.765607,2.906053,1.105726,6.281804,6.203365,2.89747,3.867864,3.342388,1.521623,0.123118,0.105808,0.12639,0.706714,0.3059,0.0,0.263204,2.165326,0.463382,0.06381,0.37639,13.854778,2.680178,2.996046,2.148635,9.540636,5.017942,1.878219,4.316547,6.744696,4.271638,4.766112,4.305142,1.788574,1.022824,0.701676,0.589821,1.118963,0.558856,0.242351,4.088437,0.833943,3.387483,2.189172,1.546515,0.453817,0.0,0.033413,0.008426,0,0.035296,0.030294,0.0,0.0,0.053262,0.039268,0.05191,3.977576,5.369827,2.105029,0.707786,3.415783,3.470792,1.802484,1.280926,4.228237,2.918775,1.948658,2.68514,15.723438,6.402121,2.906944,1.482979,10.836278,5.076769,2.95365,5.772943,8.178493,6.886818,8.226574,5.831015,0,0.0,0.206048,0.0,0,0.005883,0,0,0,0.319574,0.225789,0.194321,1.86866,0,0.0,0.092686,0,0.005883,0.0,1.403755,0.0,0.026631,0.019634,0.220759,0.266951,0.331471,0.100239,0.252781,0.647821,0.200012,0.136322,0,0.438917,0.271638,0.785353,0.336187,0,0,0,0,0,0,0,0,0,0,0,0
89,755,1144,1263,435,218,1254,385,920,858,1266,1652,10150,83,375,146,26,53,230,32,59,137,217,488,1846,231,50,38,150,0,219,46,24,227,150,340,1475,369,623,310,78,12,499,60,348,436,529,753,4017,51,10,23,16,11,53,0,15,153,89,16,437,510,276,499,242,168,857,118,238,456,813,947,5124,74,111,120,64,20,74,11,225,56,641,451,1847,20,0,9,1,0,14,0,0,0,11,12,67,157,571,396,78,60,566,95,69,297,524,401,3214,598,663,547,162,183,853,180,318,553,1296,1617,6970,0,0,35,0,0,1,0,0,0,60,48,144,60,0,0,3,0,1,0,82,0,6,3,155,11,34,15,28,11,32,4,0,30,52,148,365,0,0,0,0,0,0,0,0,0,0,0,0,20.154832,10.834359,7.033469,3.665319,12.838634,7.376905,5.831566,16.143183,12.553036,6.743009,8.108771,8.380742,2.215697,3.551473,0.813053,0.219077,3.121319,1.353021,0.484702,1.035269,2.004389,1.155792,2.395327,1.524222,6.166578,0.47353,0.211617,1.263903,0.0,1.288311,0.696759,0.421127,3.321141,0.798935,1.668875,1.235209,9.850507,5.90018,1.726346,0.65723,0.706714,2.935467,0.908816,6.106334,6.378932,2.817577,3.696068,3.316792,1.361452,0.094706,0.128084,0.134816,0.647821,0.311783,0.0,0.263204,2.238478,0.474035,0.078535,0.381629,13.614522,2.613884,2.778861,2.039097,9.893993,5.041473,1.787337,4.176171,6.671544,4.330226,4.648309,4.23083,1.97544,1.051236,0.668263,0.539265,1.177856,0.43532,0.166616,3.948061,0.819312,3.414115,2.213714,1.525047,0.533903,0.0,0.05012,0.008426,0,0.082358,0.0,0.0,0.0,0.058589,0.058901,0.074678,4.191137,5.407709,2.205268,0.65723,3.533569,3.329608,1.438958,1.210739,4.345282,2.790945,1.968291,2.653764,15.963695,6.279004,3.046166,1.365015,10.777385,5.017942,2.726447,5.579926,8.09071,6.902796,7.936975,5.755051,0,0.0,0.19491,0.0,0,0.005883,0,0,0,0.319574,0.235606,0.194321,1.601708,0,0.0,0.025278,0,0.005883,0.0,1.438849,0.0,0.031957,0.014725,0.200103,0.293647,0.322,0.083533,0.235929,0.647821,0.188246,0.060588,0,0.438917,0.276964,0.726452,0.316258,0,0,0,0,0,0,0,0,0,0,0,0
90,749,1109,1268,437,220,1260,378,907,848,1258,1661,10095,81,338,129,21,55,223,34,56,133,227,528,1825,215,44,41,154,0,224,35,21,226,159,336,1455,366,591,282,51,16,487,72,341,415,540,787,3948,52,12,20,21,12,52,0,14,147,90,21,441,508,261,498,237,171,828,103,229,463,794,957,5049,68,99,134,66,18,87,17,219,55,643,439,1845,14,1,11,0,0,7,2,0,0,11,14,60,150,565,372,80,58,551,115,72,293,533,388,3177,579,662,532,180,183,823,192,314,554,1265,1606,6890,0,0,32,0,0,0,0,0,0,60,49,141,65,0,0,3,0,0,0,80,0,4,4,156,10,33,11,18,13,39,15,0,29,55,164,387,0,0,0,0,0,0,0,0,0,0,0,0,19.994661,10.502889,7.061313,3.682171,12.956419,7.412201,5.725538,15.915073,12.40673,6.700399,8.152948,8.335329,2.162306,3.201061,0.718383,0.176946,3.239105,1.311842,0.514995,0.982629,1.945867,1.209055,2.591665,1.506882,5.739455,0.416706,0.228323,1.297607,0.0,1.317725,0.530142,0.368486,3.306511,0.846871,1.649242,1.21846,9.770422,5.597121,1.570418,0.429727,0.942285,2.864874,1.090579,5.983506,6.07169,2.876165,3.862956,3.25982,1.388147,0.113647,0.111377,0.176946,0.706714,0.3059,0.0,0.245657,2.150695,0.479361,0.103078,0.385123,13.561132,2.471825,2.773292,1.996967,10.070671,4.870875,1.560133,4.018249,6.773958,4.229028,4.697394,4.168903,1.81527,0.937589,0.746227,0.556117,1.060071,0.511795,0.257498,3.842779,0.804682,3.424767,2.154813,1.523396,0.373732,0.009471,0.061257,0.0,0,0.041179,0.030294,0.0,0.0,0.058589,0.068718,0.063151,4.004271,5.350886,2.071616,0.674082,3.415783,3.241367,1.741896,1.26338,4.286759,2.838881,1.904481,2.623213,15.456487,6.269533,2.962633,1.516684,10.777385,4.841461,2.90821,5.509739,8.10534,6.737683,7.882982,5.688996,0,0.0,0.178203,0.0,0,0.0,0,0,0,0.319574,0.240514,0.246914,1.735184,0,0.0,0.025278,0,0.0,0.0,1.403755,0.0,0.021305,0.019634,0.258018,0.266951,0.31253,0.061257,0.151668,0.765607,0.229425,0.227204,0,0.424287,0.292943,0.804987,0.33532,0,0,0,0,0,0,0,0,0,0,0,0
91,741,1159,1260,452,223,1225,364,917,858,1243,1643,10085,86,346,136,19,53,231,36,55,127,207,474,1770,225,43,37,167,0,220,45,21,222,143,327,1450,364,597,271,62,15,511,70,333,413,517,775,3928,54,13,19,17,11,50,0,14,151,92,14,435,507,270,488,274,168,842,98,232,443,769,943,5034,69,104,111,57,19,84,13,223,53,624,437,1794,15,0,7,1,0,7,1,0,0,14,3,48,150,532,380,85,62,601,107,69,276,532,406,3200,583,640,521,158,180,873,173,304,543,1268,1603,6846,0,0,37,0,0,0,0,0,0,53,48,138,68,0,0,7,0,2,0,80,0,8,3,168,12,36,19,19,11,38,14,0,27,57,163,396,0,0,0,0,0,0,0,0,0,0,0,0,19.7811,10.976418,7.016762,3.808561,13.133098,7.206306,5.513481,16.090542,12.553036,6.620506,8.064595,8.327072,2.295782,3.276825,0.757365,0.160094,3.121319,1.358903,0.545289,0.965082,1.858083,1.10253,2.326609,1.461469,6.006407,0.407236,0.206048,1.407145,0.0,1.294194,0.681612,0.368486,3.247988,0.761651,1.605066,1.214273,9.717032,5.653945,1.509161,0.522413,0.883392,3.006059,1.060285,5.84313,6.042429,2.753662,3.804054,3.243306,1.441538,0.123118,0.105808,0.143242,0.647821,0.294135,0.0,0.245657,2.209217,0.490013,0.068718,0.379883,13.534437,2.55706,2.717603,2.308729,9.893993,4.953233,1.484399,4.07089,6.481346,4.095872,4.628675,4.156518,1.841965,0.984942,0.618143,0.480283,1.118963,0.494147,0.19691,3.912967,0.775421,3.323569,2.144996,1.481286,0.400427,0.0,0.038982,0.008426,0,0.041179,0.015147,0.0,0.0,0.074567,0.014725,0.049834,4.004271,5.038356,2.116166,0.716212,3.651355,3.535502,1.620721,1.210739,4.03804,2.833555,1.992834,2.642204,15.563267,6.06118,2.901376,1.331311,10.600707,5.135596,2.620418,5.334269,7.944404,6.753662,7.868257,5.652666,0,0.0,0.206048,0.0,0,0.0,0,0,0,0.28229,0.235606,0.24166,1.81527,0,0.0,0.058982,0,0.011765,0.0,1.403755,0.0,0.04261,0.014725,0.216886,0.320342,0.340941,0.105808,0.160094,0.647821,0.223543,0.212057,0,0.395026,0.303595,0.800079,0.343119,0,0,0,0,0,0,0,0,0,0,0,0
92,744,1136,1259,412,208,1182,365,887,834,1227,1627,9881,83,346,126,19,56,224,30,57,134,212,534,1821,218,49,39,164,0,231,38,22,224,140,341,1466,360,611,282,69,15,485,66,330,400,534,798,3950,49,13,17,13,11,46,0,13,146,87,20,415,501,254,455,243,167,787,97,224,448,763,950,4889,66,106,121,68,20,95,10,221,50,651,443,1851,24,1,9,0,0,5,3,0,0,13,8,63,145,553,368,94,56,577,110,69,281,539,401,3193,579,662,497,159,191,846,185,307,532,1269,1644,6871,0,1,36,0,0,0,0,0,0,65,46,148,64,0,0,2,0,0,0,81,0,4,4,155,11,32,17,29,12,34,10,0,28,55,172,400,0,0,0,0,0,0,0,0,0,0,0,0,19.861185,10.758595,7.011193,3.47152,12.249706,6.95335,5.528628,15.564134,12.201902,6.535286,7.98606,8.158631,2.215697,3.276825,0.701676,0.160094,3.297998,1.317725,0.454408,1.000175,1.960497,1.129161,2.621116,1.503579,5.819541,0.464059,0.217185,1.381867,0.0,1.358903,0.575583,0.386033,3.277249,0.745672,1.673784,1.227672,9.610251,5.786533,1.570418,0.581395,0.883392,2.853109,0.999697,5.79049,5.852231,2.844208,3.916949,3.261471,1.308062,0.123118,0.094671,0.109538,0.647821,0.270604,0.0,0.22811,2.136064,0.463382,0.098169,0.362417,13.374266,2.405531,2.533831,2.047523,9.8351,4.629684,1.469252,3.930514,6.554499,4.063915,4.663034,4.036793,1.761879,1.003883,0.673832,0.572969,1.177856,0.558856,0.151469,3.877873,0.731529,3.467377,2.174447,1.52835,0.640683,0.009471,0.05012,0.0,0,0.029413,0.045441,0.0,0.0,0.069241,0.039268,0.066308,3.870796,5.237238,2.04934,0.792046,3.297998,3.394317,1.666162,1.210739,4.111192,2.870839,1.968291,2.636424,15.456487,6.269533,2.767723,1.339737,11.248528,4.976763,2.802181,5.38691,7.783467,6.758988,8.069504,5.673308,0,0.009471,0.200479,0.0,0,0.0,0,0,0,0.346205,0.225789,0.218728,1.708489,0,0.0,0.016852,0,0.0,0.0,1.421302,0.0,0.021305,0.019634,0.256364,0.293647,0.303059,0.094671,0.244355,0.706714,0.200012,0.151469,0,0.409656,0.292943,0.844255,0.346584,0,0,0,0,0,0,0,0,0,0,0,0
93,723,1128,1242,405,217,1161,380,886,844,1227,1608,9821,82,327,135,18,53,229,31,51,130,208,490,1754,212,42,43,137,0,225,33,21,222,150,315,1400,354,597,281,73,14,490,69,326,417,530,723,3874,51,12,20,16,11,43,1,14,149,82,14,413,497,262,467,261,173,831,119,225,451,747,920,4953,66,93,120,64,20,86,12,219,60,616,419,1775,18,0,9,0,0,7,2,0,0,12,8,56,145,557,374,91,64,601,127,68,283,536,398,3244,570,645,538,149,189,831,196,302,559,1263,1562,6804,0,1,30,0,0,2,0,0,0,60,40,133,59,0,0,3,0,2,0,80,0,3,3,150,9,34,20,22,12,28,13,0,30,57,147,372,0,0,0,0,0,0,0,0,0,0,0,0,19.300587,10.68283,6.916523,3.412538,12.779741,6.829814,5.755832,15.546587,12.348208,6.535286,7.892799,8.10909,2.189002,3.096884,0.751796,0.151668,3.121319,1.347138,0.469555,0.894894,1.901975,1.107856,2.405144,1.448258,5.65937,0.397765,0.239461,1.154365,0.0,1.323607,0.499849,0.368486,3.247988,0.798935,1.546164,1.172402,9.45008,5.653945,1.564849,0.615099,0.824499,2.882523,1.045138,5.720302,6.100951,2.822903,3.548815,3.198719,1.361452,0.113647,0.111377,0.134816,0.647821,0.252956,0.015147,0.245657,2.179956,0.436751,0.068718,0.341009,13.267485,2.481296,2.600657,2.199191,10.188457,4.888523,1.802484,3.948061,6.598391,3.978695,4.515781,4.089637,1.761879,0.880765,0.668263,0.539265,1.177856,0.505912,0.181763,3.842779,0.877835,3.280959,2.056644,1.465598,0.480513,0.0,0.05012,0.0,0,0.041179,0.030294,0.0,0.0,0.063915,0.039268,0.06631,3.870796,5.275121,2.082753,0.766768,3.76914,3.535502,1.923659,1.193192,4.140454,2.85486,1.953566,2.678535,15.216231,6.108533,2.996046,1.255477,11.130742,4.888523,2.968797,5.299175,8.178493,6.727031,7.66701,5.617987,0,0.009471,0.167066,0.0,0,0.011765,0,0,0,0.319574,0.196338,0.157093,1.575013,0,0.0,0.025278,0,0.011765,0.0,1.403755,0.0,0.015979,0.014725,0.193648,0.240256,0.322,0.111377,0.185372,0.706714,0.164716,0.19691,0,0.438917,0.303595,0.721543,0.322324,0,0,0,0,0,0,0,0,0,0,0,0
94,720,1119,1200,424,215,1159,378,877,835,1168,1616,9711,88,338,125,27,53,224,33,56,127,208,493,1772,215,45,44,148,0,221,48,23,220,137,318,1419,369,575,268,56,14,482,72,319,408,511,721,3795,52,12,18,18,12,44,0,13,150,87,15,421,491,257,487,248,173,800,107,219,459,753,927,4921,64,99,119,57,17,101,8,219,57,618,448,1807,18,1,11,0,0,13,4,0,0,12,14,73,144,538,365,89,67,589,105,67,289,542,407,3202,564,623,510,140,186,828,181,297,550,1255,1609,6743,0,0,36,0,0,1,0,0,0,70,46,153,61,0,0,3,0,0,0,80,0,4,4,152,8,31,11,33,13,29,8,0,29,61,156,379,0,0,0,0,0,0,0,0,0,0,0,0,19.220502,10.597594,6.682631,3.572632,12.661955,6.818048,5.725538,15.388665,12.216533,6.221039,7.932067,8.018264,2.349172,3.201061,0.696107,0.227503,3.121319,1.317725,0.499849,0.982629,1.858083,1.107856,2.419869,1.463121,5.739455,0.426177,0.24503,1.247051,0.0,1.300076,0.727052,0.40358,3.218727,0.729694,1.560889,1.188313,9.850507,5.445591,1.492454,0.471857,0.824499,2.835461,1.090579,5.597473,5.969276,2.721704,3.538998,3.133489,1.388147,0.113647,0.100239,0.151668,0.706714,0.258839,0.0,0.22811,2.194587,0.463382,0.073627,0.367657,13.107314,2.433943,2.712034,2.089653,10.188457,4.706159,1.620721,3.842779,6.715435,4.010652,4.55014,4.063215,1.708489,0.937589,0.662694,0.480283,1.001178,0.594153,0.121175,3.842779,0.833943,3.291611,2.198989,1.49202,0.480513,0.009471,0.061257,0.0,0,0.076475,0.060588,0.0,0.0,0.063915,0.068718,0.076833,3.8441,5.095179,2.032634,0.749916,3.945819,3.46491,1.590427,1.175645,4.228237,2.886818,1.997742,2.643856,15.05606,5.90018,2.840118,1.179643,10.954064,4.870875,2.741593,5.211441,8.046818,6.684421,7.897708,5.56762,0,0.0,0.200479,0.0,0,0.005883,0,0,0,0.372836,0.225789,0.206467,1.628404,0,0.0,0.025278,0,0.0,0.0,1.403755,0.0,0.021305,0.019634,0.251402,0.213561,0.293588,0.061257,0.278059,0.765607,0.170598,0.121175,0,0.424287,0.3249,0.765719,0.328389,0,0,0,0,0,0,0,0,0,0,0,0
95,724,1088,1224,369,210,1138,375,875,818,1206,1602,9629,83,328,126,22,60,217,36,54,130,203,488,1747,211,51,36,154,0,215,38,22,217,133,308,1385,360,581,263,53,15,485,67,319,413,511,743,3810,48,11,20,20,12,45,0,14,149,89,16,424,492,260,467,229,169,811,105,217,443,754,904,4851,66,99,138,66,18,76,10,216,56,612,434,1791,21,1,9,0,0,9,0,0,0,12,7,59,150,560,361,97,66,551,95,64,281,519,414,3158,575,639,532,145,188,841,154,299,543,1218,1576,6710,0,0,37,0,0,0,0,0,0,54,48,139,63,0,0,3,0,0,0,81,0,3,4,154,10,30,19,24,13,30,6,0,30,56,170,388,0,0,0,0,0,0,0,0,0,0,0,0,19.327282,10.304006,6.816283,3.109201,12.367491,6.694511,5.680097,15.353571,11.967813,6.423435,7.863349,7.950558,2.215697,3.106355,0.701676,0.185372,3.533569,1.276546,0.545289,0.947535,1.901975,1.081225,2.395327,1.442478,5.632675,0.483,0.200479,1.297607,0.0,1.26478,0.575583,0.386033,3.174835,0.708389,1.511805,1.15984,9.610251,5.502415,1.46461,0.446579,0.883392,2.853109,1.014844,5.597473,6.042429,2.721704,3.646984,3.145874,1.281367,0.104177,0.111377,0.16852,0.706714,0.264721,0.0,0.245657,2.179956,0.474035,0.078535,0.370277,13.13401,2.462354,2.600657,1.929558,9.952886,4.770869,1.590427,3.807686,6.481346,4.015979,4.437245,4.005417,1.761879,0.937589,0.768503,0.556117,1.060071,0.447085,0.151469,3.790139,0.819312,3.259654,2.13027,1.478809,0.560598,0.009471,0.05012,0.0,0,0.052944,0.0,0.0,0.0,0.063915,0.034359,0.066735,4.004271,5.303533,2.010358,0.817324,3.886926,3.241367,1.438958,1.123004,4.111192,2.764314,2.032101,2.607525,15.349706,6.051709,2.962633,1.221773,11.071849,4.94735,2.332626,5.246534,7.944404,6.48735,7.735729,5.540372,0,0.0,0.206048,0.0,0,0.0,0,0,0,0.287617,0.235606,0.243411,1.681794,0,0.0,0.025278,0,0.0,0.0,1.421302,0.0,0.015979,0.019634,0.25471,0.266951,0.284118,0.105808,0.202224,0.765607,0.176481,0.090882,0,0.438917,0.298269,0.834438,0.336187,0,0,0,0,0,0,0,0,0,0,0,0
96,724,1067,1195,408,205,1103,374,887,835,1217,1553,9568,84,320,121,21,55,222,31,56,127,207,470,1714,209,52,43,172,0,234,44,20,212,123,334,1443,351,538,265,52,17,463,56,324,414,505,715,3700,47,13,22,11,12,42,0,14,147,82,14,404,502,254,424,249,169,800,104,217,431,736,923,4809,68,95,131,58,20,90,17,219,52,627,420,1797,23,1,10,0,0,5,0,0,0,11,9,59,155,552,370,90,64,565,120,70,287,528,402,3203,573,628,504,133,184,822,184,296,559,1236,1557,6676,0,1,39,0,0,0,0,0,0,64,42,146,65,0,0,7,0,1,0,80,0,6,3,162,9,27,15,27,15,33,8,0,29,57,153,373,0,0,0,0,0,0,0,0,0,0,0,0,19.327282,10.105124,6.654786,3.437816,12.073027,6.488617,5.66495,15.564134,12.216533,6.482024,7.622834,7.900191,2.242392,3.03059,0.673832,0.176946,3.239105,1.305959,0.469555,0.982629,1.858083,1.10253,2.306975,1.415231,5.579285,0.492471,0.239461,1.449275,0.0,1.376552,0.666465,0.350939,3.101683,0.655126,1.639425,1.208411,9.369995,5.095179,1.475748,0.438153,1.001178,2.72369,0.848228,5.685208,6.057059,2.689747,3.509547,3.055049,1.254672,0.123118,0.122515,0.092686,0.706714,0.247073,0.0,0.245657,2.150695,0.436751,0.068718,0.352811,13.400961,2.405531,2.361196,2.098079,9.952886,4.706159,1.57528,3.807686,6.305779,3.920107,4.530506,3.970738,1.81527,0.899706,0.729521,0.488709,1.177856,0.529443,0.257498,3.842779,0.76079,3.339547,2.061552,1.483763,0.613988,0.009471,0.055689,0.0,0,0.029413,0.0,0.0,0.0,0.058589,0.044176,0.066735,4.137747,5.227768,2.060478,0.758342,3.76914,3.323725,1.817631,1.228286,4.198976,2.81225,1.9732,2.644681,15.296316,5.947533,2.806705,1.120661,10.836278,4.835579,2.787034,5.193894,8.178493,6.583222,7.642468,5.512299,0,0.009471,0.217185,0.0,0,0.0,0,0,0,0.340879,0.206155,0.215772,1.735184,0,0.0,0.058982,0,0.005883,0.0,1.403755,0.0,0.031957,0.014725,0.20914,0.240256,0.255706,0.083533,0.227503,0.883392,0.194129,0.121175,0,0.424287,0.303595,0.750994,0.32319,0,0,0,0,0,0,0,0,0,0,0,0
97,712,1109,1180,408,211,1133,366,887,819,1193,1541,9559,84,312,115,21,58,219,32,54,131,202,443,1671,216,46,35,161,0,211,32,21,211,144,327,1404,353,563,251,64,14,473,67,317,402,496,707,3707,49,11,24,13,12,49,2,14,148,91,16,429,487,247,478,251,169,778,100,217,439,745,888,4799,67,90,127,63,19,74,11,224,54,594,407,1730,20,0,6,0,0,8,2,0,0,12,9,57,148,540,390,85,67,571,123,67,282,505,400,3178,569,605,506,166,193,795,150,289,549,1187,1527,6536,0,0,36,0,0,1,0,0,0,63,45,145,58,0,1,2,0,0,0,85,0,3,4,153,9,28,21,23,13,37,9,0,28,58,160,386,0,0,0,0,0,0,0,0,0,0,0,0,19.006941,10.502889,6.571254,3.437816,12.426384,6.665098,5.543775,15.564134,11.982443,6.354194,7.563933,7.89276,2.242392,2.954825,0.640419,0.176946,3.415783,1.288311,0.484702,0.947535,1.916606,1.075899,2.174447,1.379726,5.766151,0.435647,0.19491,1.356589,0.0,1.241249,0.484702,0.368486,3.087052,0.766977,1.605066,1.175751,9.423385,5.331944,1.397784,0.539265,0.824499,2.782517,1.014844,5.562379,5.881492,2.641811,3.470279,3.060828,1.308062,0.104177,0.133653,0.109538,0.706714,0.288252,0.030294,0.245657,2.165326,0.484687,0.078535,0.354221,13.000534,2.339237,2.661915,2.114931,9.952886,4.57674,1.514693,3.807686,6.422824,3.968043,4.35871,3.962481,1.788574,0.852353,0.707245,0.530839,1.118963,0.43532,0.166616,3.930514,0.790051,3.163782,1.997742,1.428442,0.533903,0.0,0.033413,0.0,0,0.047062,0.030294,0.0,0.0,0.063915,0.044176,0.067494,3.950881,5.114121,2.171855,0.716212,3.945819,3.359021,1.863072,1.175645,4.125823,2.689747,1.963383,2.624039,15.189536,5.729709,2.817843,1.398719,11.366313,4.676746,2.272039,5.071065,8.032187,6.322237,7.495214,5.396702,0,0.0,0.200479,0.0,0,0.005883,0,0,0,0.335553,0.220881,0.195671,1.548318,0,0.005569,0.016852,0,0.0,0.0,1.49149,0.0,0.015979,0.019634,0.195108,0.240256,0.265177,0.116946,0.193798,0.765607,0.21766,0.136322,0,0.409656,0.308921,0.785353,0.334454,0,0,0,0,0,0,0,0,0,0,0,0
98,706,1060,1237,411,212,1088,382,855,788,1202,1564,9505,85,307,116,25,57,225,34,56,128,212,478,1723,210,44,34,145,0,204,36,21,205,133,322,1354,353,525,255,52,17,496,65,311,414,523,742,3753,48,10,26,5,11,42,0,14,152,92,12,412,484,255,470,229,168,787,108,216,433,729,885,4764,67,88,120,45,21,82,17,228,52,625,415,1760,18,1,8,0,0,9,1,0,0,13,8,58,149,556,396,69,71,570,120,68,289,518,416,3222,553,630,502,135,189,820,170,286,555,1228,1572,6640,0,0,34,0,0,1,0,0,0,63,47,145,62,0,0,4,0,3,0,87,0,3,3,162,9,28,16,20,11,39,8,0,28,61,161,381,0,0,0,0,0,0,0,0,0,0,0,0,18.84677,10.038829,6.888679,3.463094,12.485277,6.400376,5.786125,15.002632,11.528895,6.40213,7.676827,7.848172,2.269087,2.907472,0.645988,0.21065,3.35689,1.323607,0.514995,0.982629,1.872714,1.129161,2.346243,1.422662,5.60598,0.416706,0.189341,1.221773,0.0,1.200071,0.545289,0.368486,2.999268,0.708389,1.580523,1.13388,9.423385,4.972062,1.420059,0.438153,1.001178,2.917819,0.98455,5.457098,6.057059,2.785619,3.642075,3.09881,1.281367,0.094706,0.14479,0.04213,0.647821,0.247073,0.0,0.245657,2.223848,0.490013,0.058901,0.359797,12.920448,2.415001,2.617364,1.929558,9.893993,4.629684,1.635868,3.790139,6.33504,3.882823,4.343985,3.933582,1.788574,0.833412,0.668263,0.379171,1.236749,0.482381,0.257498,4.000702,0.76079,3.328895,2.03701,1.453212,0.480513,0.009471,0.044551,0.0,0,0.052944,0.015147,0.0,0.0,0.069241,0.039268,0.061046,3.977576,5.26565,2.205268,0.581395,4.18139,3.353138,1.817631,1.193192,4.228237,2.758988,2.041918,2.660369,14.762413,5.966474,2.795567,1.137513,11.130742,4.823813,2.574977,5.018424,8.119971,6.540613,7.716095,5.482574,0,0.0,0.189341,0.0,0,0.005883,0,0,0,0.335553,0.230697,0.195671,1.655099,0,0.0,0.033704,0,0.017648,0.0,1.526584,0.0,0.015979,0.014725,0.20914,0.240256,0.265177,0.089102,0.16852,0.647821,0.229425,0.121175,0,0.409656,0.3249,0.790262,0.330122,0,0,0,0,0,0,0,0,0,0,0,0
99,702,1074,1215,397,201,1135,338,865,772,1167,1523,9389,86,330,117,23,56,221,42,54,126,203,472,1730,212,49,37,160,0,216,29,20,208,133,334,1398,354,557,249,58,15,455,65,313,389,487,711,3653,48,13,18,11,11,48,1,14,145,85,16,410,486,270,472,225,154,774,107,213,436,757,877,4771,64,102,130,44,18,85,12,224,50,604,397,1730,19,1,6,0,0,9,0,0,0,13,8,56,146,569,356,92,67,538,112,65,292,530,399,3166,565,617,520,124,187,835,170,286,532,1217,1552,6605,0,1,35,0,0,0,0,0,0,61,43,140,61,0,0,3,0,2,0,86,0,4,4,160,10,32,20,17,10,36,11,0,26,62,168,392,0,0,0,0,0,0,0,0,0,0,0,0,18.739989,10.171418,6.766164,3.34513,11.837456,6.676863,5.119661,15.178101,11.294806,6.215712,7.47558,7.752392,2.295782,3.125296,0.651556,0.193798,3.297998,1.300076,0.636171,0.947535,1.843453,1.081225,2.316792,1.428442,5.65937,0.464059,0.206048,1.348163,0.0,1.270663,0.439261,0.350939,3.04316,0.708389,1.639425,1.170727,9.45008,5.275121,1.386646,0.488709,0.883392,2.676628,0.98455,5.492192,5.691295,2.593875,3.489913,3.016241,1.281367,0.123118,0.100239,0.092686,0.647821,0.28237,0.015147,0.245657,2.121434,0.45273,0.078535,0.338532,12.973839,2.55706,2.628501,1.895854,9.069494,4.553209,1.620721,3.737498,6.378932,4.031957,4.304717,3.939361,1.708489,0.966001,0.723952,0.370745,1.060071,0.500029,0.181763,3.930514,0.731529,3.217044,1.948658,1.428442,0.507208,0.009471,0.033413,0.0,0,0.052944,0.0,0.0,0.0,0.069241,0.039268,0.063342,3.897491,5.388768,1.982514,0.775194,3.945819,3.164892,1.696456,1.140551,4.272129,2.822903,1.958474,2.614131,15.082755,5.843356,2.895807,1.044826,11.012956,4.912054,2.574977,5.018424,7.783467,6.482024,7.617926,5.453675,0,0.009471,0.19491,0.0,0,0.0,0,0,0,0.3249,0.211064,0.206905,1.628404,0,0.0,0.025278,0,0.011765,0.0,1.509037,0.0,0.021305,0.019634,0.206558,0.266951,0.303059,0.111377,0.143242,0.588928,0.211777,0.166616,0,0.380395,0.330226,0.824621,0.339653,0,0,0,0,0,0,0,0,0,0,0,0
100,682,1092,1188,375,213,1116,350,862,793,1168,1549,9388,86,315,129,21,55,221,44,54,123,204,470,1722,206,46,34,137,0,204,33,20,212,138,315,1345,340,547,249,55,16,461,69,309,413,500,708,3667,47,14,18,10,12,50,0,14,145,84,14,408,483,263,451,224,161,787,101,212,439,744,902,4767,64,94,126,68,19,72,18,219,57,619,416,1772,13,1,9,0,0,7,1,0,0,13,4,48,152,572,372,95,65,556,110,70,293,509,399,3193,546,622,479,153,194,829,146,281,543,1255,1589,6637,0,1,40,0,0,1,0,0,0,55,41,138,60,0,0,2,0,2,0,88,0,4,3,159,11,22,15,22,12,32,3,0,30,67,172,386,0,0,0,0,0,0,0,0,0,0,0,0,18.206086,10.341888,6.615804,3.159757,12.54417,6.565092,5.301424,15.125461,11.602048,6.221039,7.6032,7.751567,2.295782,2.983237,0.718383,0.176946,3.239105,1.300076,0.666465,0.947535,1.799561,1.086551,2.306975,1.421836,5.499199,0.435647,0.189341,1.154365,0.0,1.200071,0.499849,0.350939,3.101683,0.73502,1.546164,1.126343,9.076348,5.180415,1.386646,0.463431,0.942285,2.711924,1.045138,5.422004,6.042429,2.663116,3.475188,3.027801,1.254672,0.132588,0.100239,0.08426,0.706714,0.294135,0.0,0.245657,2.121434,0.447403,0.068718,0.356304,12.893753,2.490766,2.511555,1.887428,9.481743,4.629684,1.529839,3.719951,6.422824,3.962716,4.427428,3.936059,1.708489,0.890236,0.701676,0.572969,1.118963,0.423554,0.272645,3.842779,0.833943,3.296937,2.041918,1.463121,0.347037,0.009471,0.05012,0.0,0,0.041179,0.015147,0.0,0.0,0.069241,0.019634,0.05052,4.057662,5.41718,2.071616,0.800472,3.828033,3.270781,1.666162,1.228286,4.286759,2.711052,1.958474,2.636424,14.575547,5.890709,2.667483,1.289181,11.425206,4.876757,2.211451,4.93069,7.944404,6.684421,7.799539,5.480097,0,0.009471,0.222754,0.0,0,0.005883,0,0,0,0.292943,0.201247,0.162999,1.601708,0,0.0,0.016852,0,0.011765,0.0,1.544131,0.0,0.021305,0.014725,0.205267,0.293647,0.208353,0.083533,0.185372,0.706714,0.188246,0.045441,0,0.438917,0.356858,0.844255,0.334454,0,0,0,0,0,0,0,0,0,0,0,0
101,697,1071,1166,401,207,1078,339,841,774,1149,1523,9246,84,326,122,19,55,211,31,53,119,192,488,1700,213,41,32,139,0,198,27,20,215,135,326,1346,345,547,262,63,17,459,67,304,390,471,708,3633,48,11,14,8,11,39,1,12,146,85,16,391,486,255,444,249,158,777,105,214,429,726,868,4711,69,82,119,61,20,78,13,217,55,591,414,1719,25,1,7,0,0,11,0,0,0,12,8,64,145,560,379,86,66,543,101,69,289,534,390,3162,552,623,474,148,184,838,178,277,533,1227,1531,6565,0,1,41,0,0,0,0,0,0,52,51,145,62,0,0,6,0,3,0,87,0,6,4,168,11,25,13,26,11,31,7,0,31,65,158,378,0,0,0,0,0,0,0,0,0,0,0,0,18.606514,10.143006,6.49329,3.378834,12.190813,6.34155,5.134808,14.756975,11.324067,6.11984,7.47558,7.634319,2.242392,3.087414,0.679401,0.160094,3.239105,1.241249,0.469555,0.929988,1.741039,1.022636,2.395327,1.403671,5.686065,0.388294,0.178203,1.171217,0.0,1.164774,0.408967,0.350939,3.145574,0.719041,1.600157,1.12718,9.209824,5.180415,1.459041,0.530839,1.001178,2.700159,1.014844,5.334269,5.705925,2.508655,3.475188,2.999728,1.281367,0.104177,0.077964,0.067408,0.647821,0.229425,0.015147,0.210563,2.136064,0.45273,0.078535,0.322844,12.973839,2.415001,2.472573,2.098079,9.305065,4.570857,1.590427,3.755045,6.276518,3.866844,4.260541,3.88982,1.841965,0.776589,0.662694,0.513987,1.177856,0.458851,0.19691,3.807686,0.804682,3.147803,2.032101,1.419359,0.667379,0.009471,0.038982,0.0,0,0.06471,0.0,0.0,0.0,0.063915,0.039268,0.072391,3.870796,5.303533,2.110598,0.724638,3.886926,3.194306,1.529839,1.210739,4.228237,2.844208,1.914298,2.610828,14.735718,5.90018,2.639639,1.247051,10.836278,4.929702,2.696153,4.860502,7.798098,6.535286,7.514848,5.420647,0,0.009471,0.228323,0.0,0,0.0,0,0,0,0.276964,0.250331,0.214294,1.655099,0,0.0,0.050556,0,0.017648,0.0,1.526584,0.0,0.031957,0.019634,0.216886,0.293647,0.236765,0.072395,0.219077,0.647821,0.182364,0.106028,0,0.453548,0.346205,0.775536,0.327522,0,0,0,0,0,0,0,0,0,0,0,0
102,696,1019,1142,421,203,1082,348,842,769,1152,1505,9179,81,324,138,21,53,217,43,54,123,205,477,1736,200,46,27,134,0,198,37,22,213,127,328,1332,340,557,273,58,13,442,81,298,396,485,691,3634,46,10,16,17,11,45,2,10,148,83,13,401,489,271,450,218,151,760,87,212,425,732,889,4684,70,87,149,49,18,74,15,218,60,620,412,1772,15,1,8,0,0,6,2,0,0,11,12,55,146,546,367,71,64,562,108,65,285,523,407,3144,556,590,511,143,176,798,152,279,529,1211,1548,6493,0,1,37,0,0,1,0,0,0,56,48,143,60,0,0,8,0,0,0,84,0,4,4,160,11,28,13,24,11,30,12,0,28,67,155,379,0,0,0,0,0,0,0,0,0,0,0,0,18.579818,9.650535,6.359637,3.547354,11.955241,6.36508,5.27113,14.774522,11.250914,6.135819,7.387228,7.578998,2.162306,3.068472,0.768503,0.176946,3.121319,1.276546,0.651318,0.947535,1.799561,1.091877,2.341334,1.433396,5.339028,0.435647,0.150359,1.129087,0.0,1.164774,0.560436,0.386033,3.116313,0.676431,1.609974,1.115456,9.076348,5.275121,1.520298,0.488709,0.765607,2.600153,1.226901,5.228988,5.793709,2.583222,3.391744,3.000553,1.227977,0.094706,0.089102,0.143242,0.647821,0.264721,0.030294,0.175469,2.165326,0.442077,0.06381,0.331101,13.053924,2.566531,2.505987,1.836872,8.892815,4.470851,1.317782,3.719951,6.217996,3.898802,4.363619,3.867526,1.86866,0.823942,0.82976,0.412875,1.060071,0.43532,0.227204,3.825232,0.877835,3.302264,2.022284,1.463121,0.400427,0.009471,0.044551,0.0,0,0.035296,0.030294,0.0,0.0,0.058589,0.058901,0.057888,3.897491,5.170944,2.043771,0.598247,3.76914,3.306077,1.635868,1.140551,4.169715,2.785619,1.997742,2.595966,14.842499,5.58765,2.845687,1.204921,10.365135,4.694394,2.302333,4.895596,7.739576,6.450067,7.598292,5.361198,0,0.009471,0.206048,0.0,0,0.005883,0,0,0,0.298269,0.235606,0.168905,1.601708,0,0.0,0.067408,0,0.0,0.0,1.473943,0.0,0.021305,0.019634,0.264633,0.293647,0.265177,0.072395,0.202224,0.647821,0.176481,0.181763,0,0.409656,0.356858,0.760811,0.328389,0,0,0,0,0,0,0,0,0,0,0,0
103,694,1036,1151,381,208,1095,352,843,786,1138,1490,9174,78,319,127,13,54,216,36,56,118,187,486,1690,200,54,35,130,0,215,39,21,194,133,336,1357,333,538,269,49,16,435,59,297,406,465,714,3581,47,12,21,8,11,41,1,8,145,81,16,391,482,269,441,229,163,774,98,208,437,748,892,4741,71,96,123,59,19,91,11,223,58,585,407,1743,15,0,4,0,0,10,0,0,0,12,6,47,146,544,372,82,67,546,106,71,287,530,391,3142,558,613,481,122,176,820,169,275,534,1185,1527,6460,0,1,34,0,0,0,0,0,0,60,49,144,58,0,0,5,0,0,0,86,0,1,3,153,12,30,15,24,12,31,13,0,32,55,150,374,0,0,0,0,0,0,0,0,0,0,0,0,18.526428,9.811535,6.409757,3.210313,12.249706,6.441555,5.331718,14.792069,11.499634,6.061252,7.313601,7.574869,2.082221,3.021119,0.707245,0.109538,3.180212,1.270663,0.545289,0.982629,1.726408,0.996005,2.38551,1.395414,5.339028,0.511412,0.19491,1.095383,0.0,1.26478,0.59073,0.368486,2.838332,0.708389,1.649242,1.136392,8.889482,5.095179,1.498023,0.412875,0.942285,2.558974,0.893669,5.211441,5.940015,2.476698,3.504638,2.956792,1.254672,0.113647,0.116946,0.067408,0.647821,0.241191,0.015147,0.140376,2.121434,0.431425,0.078535,0.322844,12.867058,2.54759,2.455867,1.929558,9.599529,4.553209,1.484399,3.649763,6.393563,3.984021,4.378344,3.914591,1.895355,0.909177,0.68497,0.497135,1.118963,0.535326,0.166616,3.912967,0.848574,3.115846,1.997742,1.439176,0.400427,0.0,0.022275,0.0,0,0.058827,0.0,0.0,0.0,0.063915,0.029451,0.060373,3.897491,5.152003,2.071616,0.690934,3.945819,3.211954,1.605574,1.245833,4.198976,2.822903,1.919207,2.594314,14.895889,5.805474,2.678621,1.027974,10.365135,4.823813,2.55983,4.825408,7.812729,6.311585,7.495214,5.33395,0,0.009471,0.189341,0.0,0,0.0,0,0,0,0.319574,0.240514,0.212816,1.548318,0,0.0,0.04213,0,0.0,0.0,1.509037,0.0,0.005326,0.014725,0.253056,0.320342,0.284118,0.083533,0.202224,0.706714,0.182364,0.19691,0,0.468178,0.292943,0.736269,0.324056,0,0,0,0,0,0,0,0,0,0,0,0
104,682,1018,1096,385,197,1070,327,838,764,1127,1503,9007,79,293,122,22,52,209,32,53,125,193,458,1638,196,42,32,144,0,190,33,20,195,133,332,1317,334,543,236,64,14,432,64,294,389,488,698,3556,46,11,22,15,12,44,0,7,146,79,16,398,471,252,449,216,152,780,111,207,413,701,872,4624,63,84,132,57,17,77,7,218,54,602,400,1711,22,1,6,2,0,8,0,0,0,14,2,55,150,522,378,71,71,550,112,69,270,532,389,3114,555,612,464,134,182,803,165,279,505,1193,1514,6406,0,1,31,0,0,0,0,0,0,63,39,134,56,0,0,6,0,0,0,88,0,3,4,157,13,24,15,15,10,42,8,0,31,62,153,373,0,0,0,0,0,0,0,0,0,0,0,0,18.206086,9.641064,6.103469,3.244018,11.601885,6.294488,4.953045,14.704334,11.177762,6.002663,7.377411,7.436979,2.108916,2.774884,0.679401,0.185372,3.062426,1.229484,0.484702,0.929988,1.828822,1.027963,2.248073,1.352478,5.232248,0.397765,0.178203,1.213347,0.0,1.117713,0.499849,0.350939,2.852963,0.708389,1.629608,1.102895,8.916177,5.142532,1.314251,0.539265,0.824499,2.541326,0.969403,5.1588,5.691295,2.599201,3.426103,2.936149,1.227977,0.104177,0.122515,0.12639,0.706714,0.258839,0.0,0.122829,2.136064,0.420772,0.078535,0.347571,12.573412,2.38659,2.500418,1.82002,8.951708,4.588505,1.681309,3.632216,6.042429,3.733688,4.280175,3.817985,1.681794,0.79553,0.735089,0.480283,1.001178,0.452968,0.106028,3.825232,0.790051,3.206391,1.963383,1.412754,0.587293,0.009471,0.033413,0.016852,0,0.047062,0.0,0.0,0.0,0.074567,0.009817,0.054848,4.004271,4.94365,2.105029,0.598247,4.18139,3.235484,1.696456,1.210739,3.950256,2.833555,1.90939,2.571195,14.815804,5.796003,2.583951,1.129087,10.718492,4.723807,2.499243,4.895596,7.388442,6.354194,7.431404,5.289363,0,0.009471,0.172635,0.0,0,0.0,0,0,0,0.335553,0.19143,0.198037,1.494928,0,0.0,0.050556,0,0.0,0.0,1.544131,0.0,0.015979,0.019634,0.259672,0.347037,0.227294,0.083533,0.12639,0.588928,0.247073,0.121175,0,0.453548,0.330226,0.750994,0.32319,0,0,0,0,0,0,0,0,0,0,0,0
105,701,1024,1121,392,197,1074,373,818,749,1142,1475,9066,80,311,124,18,55,207,39,56,119,191,472,1672,196,39,30,146,0,220,34,19,190,132,314,1320,333,546,256,58,14,441,56,290,397,468,686,3545,45,11,26,10,12,39,0,9,142,83,12,389,465,249,418,241,159,751,108,209,423,707,882,4612,64,80,114,51,18,79,15,219,59,578,409,1686,20,0,5,0,0,11,1,0,0,10,6,53,149,516,359,74,71,565,119,69,265,521,404,3112,544,604,428,131,174,794,168,276,512,1165,1512,6308,0,1,33,0,0,0,0,0,0,59,46,139,61,0,0,1,0,1,0,89,0,3,4,159,12,23,20,29,14,31,10,0,29,54,140,362,0,0,0,0,0,0,0,0,0,0,0,0,18.713294,9.697888,6.242691,3.303,11.601885,6.318019,5.649803,14.353395,10.958303,6.082557,7.239974,7.485695,2.135611,2.945355,0.690539,0.151668,3.239105,1.217719,0.59073,0.982629,1.741039,1.01731,2.316792,1.380552,5.232248,0.369353,0.167066,1.230199,0.0,1.294194,0.514995,0.333392,2.77981,0.703063,1.541256,1.105407,8.889482,5.170944,1.425628,0.488709,0.824499,2.59427,0.848228,5.088612,5.808339,2.492676,3.367202,2.927067,1.201281,0.104177,0.14479,0.08426,0.706714,0.229425,0.0,0.157922,2.077542,0.442077,0.058901,0.339711,12.413241,2.358178,2.327783,2.030671,9.363958,4.417907,1.635868,3.66731,6.188734,3.765646,4.329259,3.808077,1.708489,0.757648,0.63485,0.429727,1.060071,0.464733,0.227204,3.842779,0.863204,3.078562,2.007559,1.392111,0.533903,0.0,0.027844,0.0,0,0.06471,0.015147,0.0,0.0,0.053262,0.029451,0.062758,3.977576,4.886826,1.99922,0.623525,4.18139,3.323725,1.802484,1.210739,3.877103,2.774967,1.983017,2.569544,14.522157,5.720239,2.383472,1.103809,10.24735,4.670863,2.544683,4.842955,7.490856,6.20506,7.421587,5.208445,0,0.009471,0.183772,0.0,0,0.0,0,0,0,0.314248,0.225789,0.205427,1.628404,0,0.0,0.008426,0,0.005883,0.0,1.561677,0.0,0.015979,0.019634,0.205267,0.320342,0.217824,0.111377,0.244355,0.824499,0.182364,0.151469,0,0.424287,0.287617,0.687184,0.313659,0,0,0,0,0,0,0,0,0,0,0,0
106,679,1005,1141,383,194,1086,347,824,742,1126,1507,9034,80,312,110,17,50,209,37,60,111,192,417,1595,194,42,33,117,0,201,40,20,189,130,328,1294,339,537,243,54,13,436,59,290,375,477,695,3518,46,11,17,11,10,43,1,8,136,76,14,373,472,256,451,250,162,730,102,208,408,733,850,4622,63,84,136,53,18,77,13,212,60,604,423,1743,22,1,3,0,0,8,1,0,0,11,5,51,146,529,364,83,71,538,107,74,264,513,398,3087,536,597,473,139,182,742,152,273,492,1196,1522,6304,0,1,33,0,0,1,0,0,0,67,43,145,63,0,0,3,0,0,0,90,1,3,4,164,11,23,15,25,12,29,6,0,34,64,150,369,0,0,0,0,0,0,0,0,0,0,0,0,18.126001,9.517947,6.354068,3.227165,11.425206,6.388611,5.255983,14.458677,10.855889,5.997337,7.397045,7.459273,2.135611,2.954825,0.612574,0.143242,2.944641,1.229484,0.560436,1.052816,1.623994,1.022636,2.046827,1.316974,5.178857,0.397765,0.183772,0.985844,0.0,1.182422,0.605877,0.350939,2.765179,0.69241,1.609974,1.083634,9.049653,5.085709,1.353233,0.455005,0.765607,2.564857,0.893669,5.088612,5.486467,2.540613,3.411378,2.904773,1.227977,0.104177,0.094671,0.092686,0.588928,0.252956,0.015147,0.140376,1.989759,0.404794,0.068718,0.307982,12.600107,2.424472,2.511555,2.106505,9.540636,4.29437,1.544986,3.649763,5.969276,3.904128,4.172189,3.816334,1.681794,0.79553,0.757365,0.446579,1.060071,0.452968,0.19691,3.719951,0.877835,3.217044,2.076277,1.439176,0.587293,0.009471,0.016707,0.0,0,0.047062,0.015147,0.0,0.0,0.058589,0.024542,0.053678,3.897491,5.009944,2.027065,0.69936,4.18139,3.164892,1.620721,1.298473,3.862473,2.732357,1.953566,2.548901,14.308596,5.653945,2.63407,1.171217,10.718492,4.364963,2.302333,4.790314,7.198244,6.370173,7.470672,5.205142,0,0.009471,0.183772,0.0,0,0.005883,0,0,0,0.356858,0.211064,0.171267,1.681794,0,0.0,0.025278,0,0.0,0.0,1.579224,0.014631,0.015979,0.019634,0.243699,0.293647,0.217824,0.083533,0.21065,0.706714,0.170598,0.090882,0,0.49744,0.340879,0.736269,0.319724,0,0,0,0,0,0,0,0,0,0,0,0
107,663,1002,1105,379,189,1071,340,812,747,1101,1461,8870,76,312,131,18,52,205,36,56,117,194,435,1632,202,42,32,129,0,211,36,20,184,131,333,1320,332,552,236,43,14,431,63,293,380,462,676,3482,46,11,19,11,11,47,1,8,144,76,15,389,465,264,443,220,159,752,98,209,405,708,883,4606,66,93,128,59,17,71,11,212,60,586,394,1697,19,0,3,1,0,8,0,0,0,9,6,46,148,499,364,75,77,559,122,73,264,529,414,3124,530,566,454,147,187,752,182,264,487,1155,1511,6235,0,1,31,0,0,0,0,0,0,50,43,125,57,0,0,4,0,2,0,89,0,3,3,158,12,22,16,21,11,32,15,0,34,65,147,375,0,0,0,0,0,0,0,0,0,0,0,0,17.698879,9.489535,6.153589,3.193461,11.130742,6.300371,5.149955,14.248114,10.929042,5.864181,7.171256,7.32386,2.028831,2.954825,0.729521,0.151668,3.062426,1.205953,0.545289,0.982629,1.711778,1.033289,2.135179,1.347524,5.392419,0.397765,0.178203,1.086957,0.0,1.241249,0.545289,0.350939,2.692026,0.697736,1.634516,1.105407,8.862787,5.227768,1.314251,0.362319,0.824499,2.535443,0.954256,5.141253,5.55962,2.460719,3.318117,2.875049,1.227977,0.104177,0.105808,0.092686,0.647821,0.276487,0.015147,0.140376,2.106803,0.404794,0.073627,0.321193,12.413241,2.500237,2.467005,1.853724,9.363958,4.42379,1.484399,3.66731,5.925384,3.770972,4.334168,3.803123,1.761879,0.880765,0.712814,0.497135,1.001178,0.417672,0.166616,3.719951,0.877835,3.121172,1.933932,1.401194,0.507208,0.0,0.016707,0.008426,0,0.047062,0.0,0.0,0.0,0.047936,0.029451,0.051272,3.950881,4.725826,2.027065,0.631951,4.534747,3.288429,1.847925,1.280926,3.862473,2.817577,2.032101,2.579452,14.148425,5.360356,2.528262,1.238625,11.012956,4.42379,2.75674,4.632392,7.125091,6.151798,7.416679,5.14817,0,0.009471,0.172635,0.0,0,0.0,0,0,0,0.266312,0.211064,0.184736,1.521623,0,0.0,0.033704,0,0.011765,0.0,1.561677,0.0,0.015979,0.014725,0.203976,0.320342,0.208353,0.089102,0.176946,0.647821,0.188246,0.227204,0,0.49744,0.346205,0.721543,0.324923,0,0,0,0,0,0,0,0,0,0,0,0
108,656,1020,1115,399,194,1034,351,805,733,1100,1459,8866,73,313,112,19,53,200,35,52,108,193,455,1613,200,45,30,128,0,208,42,22,188,144,305,1312,325,498,249,55,14,413,76,295,368,454,675,3422,46,11,14,15,12,44,1,8,132,71,15,369,461,249,443,221,159,754,115,205,401,703,850,4561,63,82,128,56,17,79,9,212,58,600,415,1719,20,0,2,1,0,4,1,0,0,10,10,48,141,529,362,67,71,526,107,77,263,546,389,3078,516,584,461,133,176,749,179,264,481,1162,1487,6192,0,1,20,0,0,0,0,0,0,63,45,129,65,0,1,1,0,5,0,88,1,3,3,167,13,24,12,36,11,34,5,0,28,59,155,377,0,0,0,0,0,0,0,0,0,0,0,0,17.512013,9.660006,6.209278,3.361982,11.425206,6.082711,5.316571,14.125285,10.724214,5.858855,7.161439,7.320557,1.948745,2.964296,0.623712,0.160094,3.121319,1.17654,0.530142,0.912441,1.580102,1.027963,2.233348,1.331836,5.339028,0.426177,0.167066,1.078531,0.0,1.223601,0.636171,0.386033,2.750549,0.766977,1.497079,1.098708,8.675921,4.716356,1.386646,0.463431,0.824499,2.429555,1.151166,5.176347,5.384053,2.418109,3.313209,2.825507,1.227977,0.104177,0.077964,0.12639,0.706714,0.258839,0.015147,0.140376,1.931236,0.378162,0.073627,0.304679,12.30646,2.358178,2.467005,1.86215,9.363958,4.435555,1.741896,3.597122,5.866862,3.744341,4.172189,3.765967,1.681794,0.776589,0.712814,0.471857,1.001178,0.464733,0.136322,3.719951,0.848574,3.195739,2.03701,1.419359,0.533903,0.0,0.011138,0.008426,0,0.023531,0.015147,0.0,0.0,0.053262,0.049085,0.049834,3.764015,5.009944,2.015927,0.564543,4.18139,3.0943,1.620721,1.351114,3.847842,2.908123,1.90939,2.54147,13.774693,5.530827,2.567244,1.120661,10.365135,4.406142,2.7113,4.632392,7.037308,6.189081,7.298876,5.112665,0,0.009471,0.111377,0.0,0,0.0,0,0,0,0.335553,0.220881,0.190648,1.735184,0,0.005569,0.008426,0,0.029413,0.0,1.544131,0.014631,0.015979,0.014725,0.163322,0.347037,0.227294,0.066826,0.303337,0.647821,0.200012,0.075735,0,0.409656,0.314248,0.760811,0.326656,0,0,0,0,0,0,0,0,0,0,0,0
109,646,990,1063,361,194,1044,345,797,716,1102,1467,8725,73,323,115,13,50,204,35,51,108,185,457,1614,201,39,34,137,0,199,38,22,200,137,315,1322,318,537,218,57,15,421,57,292,368,450,662,3395,44,9,22,10,12,47,0,8,132,79,12,375,448,251,411,218,155,761,96,198,396,689,844,4467,56,80,99,51,19,65,5,208,58,566,422,1629,19,0,3,2,0,9,1,0,0,11,5,50,137,507,324,71,69,547,105,75,249,510,420,3014,509,581,423,152,172,765,160,269,474,1170,1515,6190,0,1,23,0,0,1,0,0,0,56,48,129,63,0,1,6,0,3,0,83,1,4,3,164,13,28,12,31,13,30,8,0,34,64,164,397,0,0,0,0,0,0,0,0,0,0,0,0,17.245061,9.375888,5.919697,3.041793,11.425206,6.141538,5.225689,13.98491,10.475494,5.869507,7.200707,7.204135,1.948745,3.059002,0.640419,0.109538,2.944641,1.200071,0.530142,0.894894,1.580102,0.985353,2.243165,1.332662,5.365723,0.369353,0.189341,1.154365,0.0,1.170657,0.575583,0.386033,2.926116,0.729694,1.546164,1.107082,8.489055,5.085709,1.214011,0.480283,0.883392,2.476616,0.863375,5.123706,5.384053,2.396804,3.249399,2.803214,1.174586,0.085235,0.122515,0.08426,0.706714,0.276487,0.0,0.140376,1.931236,0.420772,0.058901,0.327485,11.959423,2.377119,2.288801,1.836872,9.128386,4.476734,1.454105,3.474294,5.793709,3.669774,4.142738,3.688352,1.494928,0.757648,0.551317,0.429727,1.118963,0.382375,0.075735,3.649763,0.848574,3.014647,2.071369,1.345047,0.507208,0.0,0.016707,0.016852,0,0.052944,0.015147,0.0,0.0,0.058589,0.024542,0.05191,3.657234,4.801591,1.80431,0.598247,4.063604,3.217836,1.590427,1.31602,3.643014,2.716378,2.061552,2.488626,13.587827,5.502415,2.355627,1.280755,10.129564,4.500265,2.423508,4.720126,6.934894,6.231691,7.436313,5.111014,0,0.009471,0.128084,0.0,0,0.005883,0,0,0,0.298269,0.235606,0.152369,1.681794,0,0.005569,0.050556,0,0.017648,0.0,1.456396,0.014631,0.021305,0.014725,0.160388,0.347037,0.265177,0.066826,0.261207,0.765607,0.176481,0.121175,0,0.49744,0.340879,0.804987,0.343985,0,0,0,0,0,0,0,0,0,0,0,0
110,648,1002,1074,368,184,1023,352,788,727,1071,1432,8669,72,310,113,15,52,195,39,49,95,178,455,1573,198,40,33,152,0,200,36,22,195,142,326,1344,320,530,215,45,15,397,60,292,368,452,657,3351,45,10,23,7,12,42,1,8,138,73,12,371,464,244,444,249,155,721,107,197,398,721,811,4511,63,85,114,46,18,67,16,208,60,586,408,1671,24,1,5,0,0,5,1,0,0,12,10,58,140,514,346,77,68,523,110,76,257,510,405,3026,507,555,450,139,177,746,148,253,470,1141,1449,6035,0,2,27,0,0,1,0,0,0,56,49,135,59,0,0,5,0,1,0,81,1,4,3,154,11,25,13,23,8,32,9,0,30,59,165,375,0,0,0,0,0,0,0,0,0,0,0,0,17.298452,9.489535,5.980955,3.100775,10.836278,6.018001,5.331718,13.826987,10.63643,5.704394,7.028911,7.157896,1.92205,2.935884,0.629281,0.12639,3.062426,1.147126,0.59073,0.8598,1.389905,0.948069,2.233348,1.298809,5.285638,0.378824,0.183772,1.280755,0.0,1.17654,0.545289,0.386033,2.852963,0.756325,1.600157,1.125506,8.542445,5.019415,1.197305,0.379171,0.883392,2.335431,0.908816,5.123706,5.384053,2.407457,3.224856,2.766883,1.201281,0.094706,0.128084,0.058982,0.706714,0.247073,0.015147,0.140376,2.01902,0.388815,0.058901,0.306331,12.386546,2.310825,2.472573,2.098079,9.128386,4.241426,1.620721,3.456747,5.82297,3.840213,3.980759,3.724682,1.681794,0.805,0.63485,0.387597,1.060071,0.394141,0.242351,3.649763,0.877835,3.121172,2.002651,1.379726,0.640683,0.009471,0.027844,0.0,0,0.029413,0.015147,0.0,0.0,0.063915,0.049085,0.061046,3.73732,4.867885,1.926825,0.648804,4.004711,3.076652,1.666162,1.333567,3.760059,2.716378,1.987925,2.498534,13.534437,5.25618,2.505987,1.171217,10.424028,4.388493,2.241745,4.439375,6.876372,6.07723,7.112355,4.983032,0,0.018941,0.150359,0.0,0,0.005883,0,0,0,0.298269,0.240514,0.159456,1.575013,0,0.0,0.04213,0,0.005883,0.0,1.421302,0.014631,0.021305,0.014725,0.182692,0.293647,0.236765,0.072395,0.193798,0.471143,0.188246,0.136322,0,0.438917,0.314248,0.809895,0.324923,0,0,0,0,0,0,0,0,0,0,0,0
111,646,967,1066,377,175,1046,366,767,711,1087,1467,8675,72,313,114,25,52,195,28,48,101,180,443,1571,198,39,30,127,0,193,35,21,173,141,328,1285,323,535,229,65,14,415,56,283,360,442,641,3363,44,11,16,12,11,44,0,8,131,80,11,368,454,246,438,214,146,721,109,193,398,707,839,4465,64,83,105,36,19,79,14,207,54,573,402,1636,19,2,1,1,0,6,1,0,0,10,4,44,144,484,335,85,69,544,116,75,239,506,420,3017,507,546,420,135,169,763,161,258,453,1155,1494,6061,0,2,29,0,0,0,0,0,0,59,47,137,59,0,0,1,0,0,0,78,1,3,3,145,8,26,16,27,10,39,5,0,29,67,159,386,0,0,0,0,0,0,0,0,0,0,0,0,17.245061,9.158064,5.936404,3.176609,10.306243,6.153303,5.543775,13.458501,10.402341,5.789614,7.200707,7.162851,1.92205,2.964296,0.63485,0.21065,3.062426,1.147126,0.424114,0.842253,1.477688,0.958722,2.174447,1.297157,5.285638,0.369353,0.167066,1.070104,0.0,1.135361,0.530142,0.368486,2.53109,0.750999,1.609974,1.076097,8.622531,5.066768,1.275269,0.547691,0.824499,2.44132,0.848228,4.965783,5.267008,2.354194,3.146321,2.776792,1.174586,0.104177,0.089102,0.101112,0.647821,0.258839,0.0,0.140376,1.916606,0.426099,0.053993,0.321372,12.119594,2.329766,2.43916,1.803168,8.598351,4.241426,1.651015,3.386559,5.82297,3.765646,4.118196,3.686701,1.708489,0.786059,0.58473,0.303337,1.118963,0.464733,0.212057,3.632216,0.790051,3.051931,1.9732,1.350827,0.507208,0.018941,0.005569,0.008426,0,0.035296,0.015147,0.0,0.0,0.053262,0.019634,0.041168,3.8441,4.583767,1.865568,0.716212,4.063604,3.200188,1.757043,1.31602,3.496708,2.695073,2.061552,2.491103,13.534437,5.170944,2.338921,1.137513,9.952886,4.488499,2.438655,4.52711,6.627652,6.151798,7.333235,5.0045,0,0.018941,0.161497,0.0,0,0.0,0,0,0,0.314248,0.230697,0.202471,1.575013,0,0.0,0.008426,0,0.0,0.0,1.368661,0.014631,0.015979,0.014725,0.215466,0.213561,0.246235,0.089102,0.227503,0.588928,0.229425,0.075735,0,0.424287,0.356858,0.780445,0.334454,0,0,0,0,0,0,0,0,0,0,0,0
112,656,973,1059,349,180,1028,322,759,720,1056,1440,8542,73,308,112,23,53,186,35,47,98,183,451,1569,201,37,37,134,0,194,33,20,180,146,319,1301,319,499,227,50,15,404,56,274,366,445,663,3318,47,12,9,13,12,37,3,9,123,68,12,345,455,244,432,244,149,693,95,186,395,680,801,4374,63,82,111,51,19,76,14,204,59,577,401,1657,26,2,3,0,0,6,1,0,0,10,4,52,140,493,356,85,70,541,105,81,240,509,408,3028,511,550,455,147,169,746,157,250,457,1164,1422,6028,0,1,30,0,0,0,0,0,0,58,48,137,58,0,0,7,0,1,0,77,0,3,3,149,8,25,11,26,8,30,9,0,28,65,164,374,0,0,0,0,0,0,0,0,0,0,0,0,17.512013,9.214888,5.897422,2.940681,10.600707,6.047415,4.87731,13.318126,10.534016,5.624501,7.068178,7.053034,1.948745,2.916943,0.623712,0.193798,3.121319,1.094182,0.530142,0.824706,1.433797,0.9747,2.213714,1.295506,5.365723,0.350412,0.206048,1.129087,0.0,1.141244,0.499849,0.350939,2.633504,0.77763,1.565798,1.089496,8.51575,4.725826,1.264131,0.421301,0.883392,2.37661,0.848228,4.807861,5.354792,2.370173,3.254307,2.739636,1.254672,0.113647,0.05012,0.109538,0.706714,0.21766,0.045441,0.157922,1.799561,0.362184,0.058901,0.284863,12.146289,2.310825,2.405747,2.055949,8.775029,4.07671,1.438958,3.26373,5.779078,3.621838,3.931674,3.611563,1.681794,0.776589,0.618143,0.429727,1.118963,0.447085,0.212057,3.579575,0.863204,3.073236,1.968291,1.368166,0.694074,0.018941,0.016707,0.0,0,0.035296,0.015147,0.0,0.0,0.053262,0.019634,0.054731,3.73732,4.669003,1.982514,0.716212,4.122497,3.18254,1.590427,1.421302,3.511339,2.711052,2.002651,2.500186,13.641217,5.208827,2.533831,1.238625,9.952886,4.388493,2.378067,4.386735,6.686174,6.199734,6.979826,4.977252,0,0.009471,0.167066,0.0,0,0.0,0,0,0,0.308921,0.235606,0.202471,1.548318,0,0.0,0.058982,0,0.005883,0.0,1.351114,0.0,0.015979,0.014725,0.192357,0.213561,0.236765,0.061257,0.219077,0.471143,0.176481,0.136322,0,0.409656,0.346205,0.804987,0.324056,0,0,0,0,0,0,0,0,0,0,0,0
113,646,957,1081,395,185,1011,318,743,686,1022,1434,8478,73,310,110,19,51,193,33,44,101,176,445,1555,191,36,41,129,0,186,29,18,186,140,303,1259,307,515,234,59,15,392,61,276,363,444,657,3323,45,12,12,8,11,47,1,9,115,76,13,349,457,243,425,224,146,701,94,192,378,694,809,4363,62,82,109,61,19,67,14,203,60,562,396,1635,21,0,2,0,0,5,2,0,0,10,7,47,139,489,336,61,65,549,117,75,240,499,396,2966,508,530,424,140,163,754,170,248,466,1140,1457,6000,0,1,26,0,0,0,0,0,0,55,55,137,59,0,0,4,0,2,0,76,1,3,4,149,8,23,16,21,10,33,8,0,28,60,151,358,0,0,0,0,0,0,0,0,0,0,0,0,17.245061,9.063358,6.019937,3.328278,10.895171,5.947409,4.816722,13.037375,10.036576,5.443409,7.038728,7.00019,1.948745,2.935884,0.612574,0.160094,3.003534,1.135361,0.499849,0.772065,1.477688,0.937417,2.184263,1.283946,5.098772,0.340941,0.228323,1.086957,0.0,1.094182,0.439261,0.315845,2.721287,0.745672,1.487263,1.054324,8.195408,4.877356,1.303113,0.497135,0.883392,2.306018,0.923962,4.842955,5.3109,2.364847,3.224856,2.743764,1.201281,0.113647,0.066826,0.067408,0.647821,0.276487,0.015147,0.157922,1.682516,0.404794,0.06381,0.288165,12.19968,2.301354,2.366765,1.887428,8.598351,4.123772,1.423811,3.369012,5.530358,3.696405,3.970942,3.60248,1.655099,0.776589,0.607006,0.513987,1.118963,0.394141,0.212057,3.562028,0.877835,2.993342,1.943749,1.350001,0.560598,0.0,0.011138,0.0,0,0.029413,0.030294,0.0,0.0,0.053262,0.034359,0.055653,3.710625,4.63112,1.871137,0.513987,3.828033,3.229602,1.77219,1.31602,3.511339,2.65779,1.943749,2.448993,13.561132,5.019415,2.361196,1.179643,9.599529,4.435555,2.574977,4.351641,6.817849,6.071904,7.151622,4.954133,0,0.009471,0.14479,0.0,0,0.0,0,0,0,0.292943,0.269965,0.202471,1.575013,0,0.0,0.033704,0,0.011765,0.0,1.333567,0.014631,0.015979,0.019634,0.17676,0.213561,0.217824,0.089102,0.176946,0.588928,0.194129,0.121175,0,0.409656,0.319574,0.741177,0.310193,0,0,0,0,0,0,0,0,0,0,0,0
114,626,979,1078,346,179,1021,317,737,709,980,1442,8414,75,315,125,13,47,200,24,43,90,173,449,1554,177,40,38,123,0,182,38,20,187,127,324,1256,304,508,232,54,14,394,51,271,357,447,658,3290,45,10,13,7,12,43,0,9,134,78,14,365,441,234,436,229,149,668,83,185,369,688,782,4264,61,92,125,53,18,66,13,200,55,569,397,1649,21,1,6,0,0,9,3,0,0,9,9,58,144,480,350,74,73,518,113,75,246,494,403,2970,497,544,457,139,170,756,149,250,446,1118,1455,5981,0,1,34,0,0,1,0,0,0,49,54,139,58,0,0,4,0,5,0,76,1,3,3,150,9,28,12,22,8,31,8,0,25,61,146,350,0,0,0,0,0,0,0,0,0,0,0,0,16.711159,9.271711,6.00323,2.915403,10.541814,6.006236,4.801575,12.932093,10.37308,5.219707,7.077995,6.947346,2.002136,2.983237,0.696107,0.109538,2.767962,1.17654,0.363526,0.754518,1.316752,0.921438,2.203897,1.28312,4.72504,0.378824,0.211617,1.0364,0.0,1.070651,0.575583,0.350939,2.735918,0.676431,1.59034,1.051812,8.115323,4.811062,1.291975,0.455005,0.824499,2.317783,0.772493,4.75522,5.223116,2.380826,3.229765,2.716516,1.201281,0.094706,0.072395,0.058982,0.706714,0.252956,0.0,0.157922,1.960497,0.415446,0.068718,0.318752,11.772557,2.216119,2.428022,1.929558,8.775029,3.929643,1.257195,3.246184,5.398683,3.664447,3.838414,3.520737,1.628404,0.871295,0.696107,0.446579,1.060071,0.388258,0.19691,3.509388,0.804682,3.030626,1.948658,1.361561,0.560598,0.009471,0.033413,0.0,0,0.052944,0.045441,0.0,0.0,0.047936,0.044176,0.061046,3.8441,4.545885,1.949101,0.623525,4.299176,3.047238,1.711603,1.31602,3.599122,2.631158,1.978108,2.452296,13.267485,5.152003,2.544969,1.171217,10.011779,4.44732,2.256892,4.386735,6.525238,5.954727,7.141805,4.938445,0,0.009471,0.189341,0.0,0,0.005883,0,0,0,0.260985,0.265057,0.16418,1.548318,0,0.0,0.033704,0,0.029413,0.0,1.333567,0.014631,0.015979,0.014725,0.177946,0.240256,0.265177,0.066826,0.185372,0.471143,0.182364,0.121175,0,0.365764,0.3249,0.716635,0.303261,0,0,0,0,0,0,0,0,0,0,0,0
115,638,926,1025,369,179,1008,318,737,703,967,1416,8286,72,321,115,18,49,192,35,46,96,167,436,1547,179,37,35,111,0,187,34,19,183,135,327,1247,308,490,223,49,15,397,60,272,346,415,626,3201,44,10,15,13,10,42,0,9,124,76,11,354,423,254,411,219,148,698,104,179,351,680,777,4244,65,79,108,48,17,72,12,200,55,532,394,1582,27,1,4,0,0,11,3,0,0,10,8,64,140,495,320,95,77,564,106,79,245,474,393,2988,501,544,456,139,162,737,158,251,439,1100,1426,5913,0,2,29,0,0,0,0,0,0,59,56,146,67,0,0,3,0,3,0,78,1,3,3,158,8,24,14,24,9,35,6,0,25,63,151,359,0,0,0,0,0,0,0,0,0,0,0,0,17.0315,8.76977,5.70808,3.109201,10.541814,5.929761,4.816722,12.932093,10.285296,5.150466,6.950375,6.841658,1.92205,3.040061,0.640419,0.151668,2.885748,1.129478,0.530142,0.807159,1.404535,0.889481,2.140087,1.277341,4.77843,0.350412,0.19491,0.935288,0.0,1.100065,0.514995,0.333392,2.677396,0.719041,1.605066,1.044275,8.222104,4.640591,1.241856,0.412875,0.883392,2.335431,0.908816,4.772767,5.06218,2.210386,3.072694,2.64303,1.174586,0.094706,0.083533,0.109538,0.588928,0.247073,0.0,0.157922,1.814192,0.404794,0.053993,0.309146,11.292045,2.405531,2.288801,1.845298,8.716137,4.106124,1.57528,3.140902,5.135333,3.621838,3.813871,3.504223,1.735184,0.748177,0.601437,0.404449,1.001178,0.423554,0.181763,3.509388,0.804682,2.833555,1.933932,1.30624,0.720769,0.009471,0.022275,0.0,0,0.06471,0.045441,0.0,0.0,0.053262,0.039268,0.067361,3.73732,4.687944,1.782035,0.800472,4.534747,3.317842,1.605574,1.386208,3.584492,2.524634,1.929024,2.467158,13.374266,5.152003,2.5394,1.171217,9.540636,4.335549,2.393214,4.404281,6.422824,5.858855,6.99946,4.882298,0,0.018941,0.161497,0.0,0,0.0,0,0,0,0.314248,0.274874,0.215772,1.788574,0,0.0,0.025278,0,0.017648,0.0,1.368661,0.014631,0.015979,0.014725,0.187437,0.213561,0.227294,0.077964,0.202224,0.530035,0.205894,0.090882,0,0.365764,0.335553,0.741177,0.31106,0,0,0,0,0,0,0,0,0,0,0,0
116,639,944,1040,367,172,976,319,730,687,1002,1412,8288,71,316,112,21,50,193,25,46,83,169,423,1509,174,32,37,117,0,198,33,19,185,140,323,1258,303,487,211,66,15,386,54,276,336,449,636,3219,45,13,20,9,11,42,1,9,125,66,17,358,415,262,396,219,138,703,92,182,378,669,805,4259,59,87,110,53,16,68,13,199,56,541,389,1591,21,0,4,1,0,13,2,0,0,11,6,58,143,507,330,90,78,530,102,74,254,487,393,2988,478,530,448,155,169,716,146,246,457,1103,1443,5891,0,1,31,0,0,1,0,0,0,59,60,152,62,0,0,5,0,3,0,74,1,3,3,151,8,25,16,22,7,30,12,0,22,50,161,353,0,0,0,0,0,0,0,0,0,0,0,0,17.058195,8.940241,5.791613,3.092349,10.129564,5.741514,4.831869,12.809265,10.051207,5.336884,6.930742,6.843309,1.895355,2.992708,0.623712,0.176946,2.944641,1.135361,0.378673,0.807159,1.214338,0.900133,2.076277,1.245964,4.644955,0.303059,0.206048,0.985844,0.0,1.164774,0.499849,0.333392,2.706657,0.745672,1.585432,1.053487,8.088628,4.612179,1.175029,0.556117,0.883392,2.270722,0.817934,4.842955,4.915874,2.391478,3.121779,2.657892,1.201281,0.123118,0.111377,0.075834,0.647821,0.247073,0.015147,0.157922,1.828822,0.351531,0.083444,0.295597,11.078484,2.481296,2.205268,1.845298,8.127208,4.135537,1.393517,3.193543,5.530358,3.563249,3.951308,3.516609,1.575013,0.823942,0.612574,0.446579,0.942285,0.400024,0.19691,3.491841,0.819312,2.881491,1.90939,1.313671,0.560598,0.0,0.022275,0.008426,0,0.076475,0.030294,0.0,0.0,0.058589,0.029451,0.060216,3.817405,4.801591,1.837723,0.758342,4.59364,3.11783,1.544986,1.298473,3.716167,2.593875,1.929024,2.467158,12.760278,5.019415,2.494849,1.306033,9.952886,4.212012,2.211451,4.316547,6.686174,5.874834,7.082904,4.864133,0,0.009471,0.172635,0.0,0,0.005883,0,0,0,0.314248,0.294507,0.179535,1.655099,0,0.0,0.04213,0,0.017648,0.0,1.298473,0.014631,0.015979,0.014725,0.179133,0.213561,0.236765,0.089102,0.185372,0.41225,0.176481,0.181763,0,0.321873,0.266312,0.790262,0.305861,0,0,0,0,0,0,0,0,0,0,0,0
117,639,907,1040,351,168,985,328,722,685,946,1393,8164,64,322,116,11,51,185,24,47,89,166,424,1499,174,29,38,133,0,197,32,21,196,132,300,1252,301,498,221,49,15,396,59,276,348,401,614,3178,45,12,17,12,11,40,1,9,121,76,11,355,425,253,400,199,138,680,110,191,371,677,789,4233,60,73,103,43,19,63,11,195,53,530,403,1553,24,1,2,1,0,11,2,0,0,13,10,64,140,492,341,81,70,527,116,75,244,472,386,2944,485,546,462,127,165,751,149,250,459,1112,1433,5939,0,1,24,0,0,0,0,0,0,61,54,140,62,0,0,5,0,1,0,75,1,3,2,149,9,23,15,26,8,34,11,0,23,56,151,356,0,0,0,0,0,0,0,0,0,0,0,0,17.058195,8.589829,5.791613,2.957533,9.893993,5.794458,4.968191,12.668889,10.021946,5.038615,6.837481,6.740924,1.708489,3.049531,0.645988,0.092686,3.003534,1.088299,0.363526,0.824706,1.302121,0.884154,2.081186,1.237708,4.644955,0.274647,0.211617,1.120661,0.0,1.158892,0.484702,0.368486,2.867593,0.703063,1.472537,1.048462,8.035238,4.716356,1.230718,0.412875,0.883392,2.329549,0.893669,4.842955,5.091441,2.135819,3.013793,2.624039,1.201281,0.113647,0.094671,0.101112,0.647821,0.235308,0.015147,0.157922,1.7703,0.404794,0.053993,0.29312,11.345435,2.39606,2.227544,1.676778,8.127208,4.000235,1.666162,3.351465,5.427944,3.605859,3.872773,3.495141,1.601708,0.691353,0.573592,0.362319,1.118963,0.37061,0.166616,3.421653,0.775421,2.822903,1.978108,1.282295,0.640683,0.009471,0.011138,0.008426,0,0.06471,0.030294,0.0,0.0,0.069241,0.049085,0.059881,3.73732,4.659532,1.898981,0.682508,4.122497,3.100182,1.757043,1.31602,3.569861,2.513981,1.894665,2.430828,12.947144,5.170944,2.572813,1.070104,9.717314,4.417907,2.256892,4.386735,6.715435,5.92277,7.033819,4.903766,0,0.009471,0.133653,0.0,0,0.0,0,0,0,0.3249,0.265057,0.206905,1.655099,0,0.0,0.04213,0,0.005883,0.0,1.31602,0.014631,0.015979,0.009817,0.17676,0.240256,0.217824,0.083533,0.219077,0.471143,0.200012,0.166616,0,0.336503,0.298269,0.741177,0.30846,0,0,0,0,0,0,0,0,0,0,0,0
118,625,893,1036,329,162,951,317,729,672,979,1337,8030,66,304,114,16,48,173,43,47,92,175,425,1503,168,27,44,124,0,198,39,20,196,139,305,1260,295,500,206,45,16,406,64,274,332,420,608,3166,45,11,14,10,11,38,1,10,128,80,17,365,408,243,381,200,138,673,100,183,372,673,755,4126,64,78,102,48,17,69,10,198,54,535,381,1556,30,1,3,1,0,8,3,0,0,13,7,66,148,500,360,84,73,521,98,73,247,502,396,3002,480,524,423,122,153,721,160,238,459,1096,1388,5764,0,1,24,0,0,1,0,0,0,56,52,134,61,0,0,4,0,2,0,73,1,3,4,148,10,26,16,19,8,33,6,0,26,66,153,363,0,0,0,0,0,0,0,0,0,0,0,0,16.684463,8.45724,5.769338,2.77216,9.540636,5.594447,4.801575,12.791718,9.831748,5.214381,6.562607,6.630281,1.761879,2.879061,0.63485,0.134816,2.826855,1.017707,0.651318,0.824706,1.346013,0.932091,2.086094,1.24101,4.484784,0.255706,0.24503,1.044826,0.0,1.164774,0.59073,0.350939,2.867593,0.740346,1.497079,1.055161,7.875067,4.735297,1.147185,0.379171,0.942285,2.388376,0.969403,4.807861,4.857352,2.237017,2.984342,2.614131,1.201281,0.104177,0.077964,0.08426,0.647821,0.223543,0.015147,0.175469,1.872714,0.426099,0.083444,0.301376,10.891618,2.301354,2.121735,1.685204,8.127208,3.959056,1.514693,3.21109,5.442575,3.584554,3.705885,3.406792,1.708489,0.738706,0.568024,0.404449,1.001178,0.405906,0.151469,3.474294,0.790051,2.849534,1.870122,1.284772,0.800854,0.009471,0.016707,0.008426,0,0.047062,0.045441,0.0,0.0,0.069241,0.034359,0.061752,3.950881,4.735297,2.004789,0.707786,4.299176,3.064886,1.484399,1.280926,3.613753,2.673768,1.943749,2.478718,12.813668,4.962591,2.355627,1.027974,9.010601,4.241426,2.423508,4.176171,6.715435,5.83755,6.812939,4.75927,0,0.009471,0.133653,0.0,0,0.005883,0,0,0,0.298269,0.25524,0.158275,1.628404,0,0.0,0.033704,0,0.011765,0.0,1.280926,0.014631,0.015979,0.019634,0.175574,0.266951,0.246235,0.089102,0.160094,0.471143,0.194129,0.090882,0,0.380395,0.351531,0.750994,0.314525,0,0,0,0,0,0,0,0,0,0,0,0
119,613,905,1003,358,166,943,311,721,646,973,1377,8016,62,312,119,16,48,182,27,47,90,172,434,1509,168,33,40,120,0,180,21,22,181,140,295,1200,287,497,199,52,14,390,41,267,327,425,615,3114,47,14,16,17,11,35,0,10,125,77,12,364,398,241,391,205,132,668,74,180,363,689,800,4141,65,79,110,50,16,64,20,199,51,500,390,1544,29,0,3,2,0,7,1,0,0,12,5,59,150,489,331,83,73,534,92,77,249,489,390,2957,482,528,450,137,152,722,141,239,444,1067,1421,5783,0,1,25,0,0,0,0,0,0,59,52,137,57,0,0,6,0,1,0,74,1,3,3,145,8,26,14,25,10,31,8,0,27,59,168,376,0,0,0,0,0,0,0,0,0,0,0,0,16.364122,8.570887,5.585566,3.016515,9.776207,5.547385,4.710694,12.651342,9.451353,5.182423,6.758946,6.618722,1.655099,2.954825,0.662694,0.134816,2.826855,1.070651,0.408967,0.824706,1.316752,0.916112,2.13027,1.245964,4.484784,0.31253,0.222754,1.011122,0.0,1.058886,0.318085,0.386033,2.648135,0.745672,1.447995,1.004916,7.661506,4.706885,1.108203,0.438153,0.824499,2.294253,0.621024,4.685032,4.784199,2.263648,3.018701,2.571195,1.254672,0.132588,0.089102,0.143242,0.647821,0.205894,0.0,0.175469,1.828822,0.41012,0.058901,0.317879,10.624666,2.282413,2.177424,1.727334,7.773852,3.929643,1.120872,3.158449,5.3109,3.669774,3.926766,3.419177,1.735184,0.748177,0.612574,0.421301,0.942285,0.376493,0.302939,3.491841,0.746159,2.663116,1.914298,1.274864,0.774159,0.0,0.016707,0.016852,0,0.041179,0.015147,0.0,0.0,0.063915,0.024542,0.061254,4.004271,4.63112,1.843292,0.69936,4.299176,3.141361,1.393517,1.351114,3.643014,2.604527,1.914298,2.441562,12.867058,5.000474,2.505987,1.154365,8.951708,4.247309,2.135716,4.193718,6.495977,5.683089,6.974918,4.774959,0,0.009471,0.139221,0.0,0,0.0,0,0,0,0.314248,0.25524,0.202471,1.521623,0,0.0,0.050556,0,0.005883,0.0,1.298473,0.014631,0.015979,0.014725,0.172015,0.213561,0.246235,0.077964,0.21065,0.588928,0.182364,0.121175,0,0.395026,0.314248,0.824621,0.325789,0,0,0,0,0,0,0,0,0,0,0,0
120,614,916,1008,354,165,973,300,719,639,994,1373,8055,65,320,110,14,48,173,31,44,96,178,421,1500,161,25,37,116,0,177,26,23,179,137,287,1168,283,480,225,43,14,403,68,264,328,401,634,3143,47,10,15,8,11,33,0,9,134,73,19,359,395,233,372,209,141,675,104,182,352,671,788,4122,65,76,108,48,20,67,15,199,54,524,370,1546,25,1,7,0,0,7,2,0,0,14,6,62,145,475,340,76,75,547,106,75,258,482,389,2968,492,527,413,124,156,763,151,230,454,1085,1400,5795,0,1,28,0,0,1,0,0,0,67,55,152,57,0,0,4,0,1,0,74,0,3,2,141,9,27,19,17,9,31,12,0,24,61,146,355,0,0,0,0,0,0,0,0,0,0,0,0,16.390817,8.675064,5.61341,2.982811,9.717314,5.723866,4.544078,12.616248,9.348939,5.294274,6.739312,6.650924,1.735184,3.03059,0.612574,0.117964,2.826855,1.017707,0.469555,0.772065,1.404535,0.948069,2.066461,1.238533,4.297918,0.236765,0.206048,0.977418,0.0,1.041238,0.39382,0.40358,2.618873,0.729694,1.408727,0.978118,7.554725,4.545885,1.252993,0.362319,0.824499,2.370728,1.029991,4.632392,4.79883,2.135819,3.111962,2.59514,1.254672,0.094706,0.083533,0.067408,0.647821,0.194129,0.0,0.157922,1.960497,0.388815,0.093261,0.313512,10.544581,2.206648,2.071616,1.761038,8.303887,3.970822,1.57528,3.193543,5.149963,3.573901,3.867864,3.403489,1.735184,0.719765,0.601437,0.404449,1.177856,0.394141,0.227204,3.491841,0.790051,2.790945,1.816129,1.276515,0.667379,0.009471,0.038982,0.0,0,0.041179,0.030294,0.0,0.0,0.074567,0.029451,0.065256,3.870796,4.498532,1.893412,0.640377,4.416961,3.217836,1.605574,1.31602,3.774689,2.567244,1.90939,2.450644,13.13401,4.991003,2.299939,1.044826,9.187279,4.488499,2.287186,4.035796,6.642282,5.778961,6.87184,4.784867,0,0.009471,0.155928,0.0,0,0.005883,0,0,0,0.356858,0.269965,0.179535,1.521623,0,0.0,0.033704,0,0.005883,0.0,1.298473,0.0,0.015979,0.009817,0.182029,0.240256,0.255706,0.105808,0.143242,0.530035,0.182364,0.181763,0,0.351134,0.3249,0.716635,0.307594,0,0,0,0,0,0,0,0,0,0,0,0
121,617,908,1009,349,166,955,310,710,642,983,1371,8020,68,310,111,17,47,179,29,41,97,169,400,1468,171,31,43,122,0,172,34,22,173,139,292,1199,288,482,216,46,13,377,55,263,334,433,635,3142,49,11,13,8,12,34,0,11,133,77,13,361,404,239,389,198,132,673,104,185,358,656,767,4105,68,75,100,47,19,71,9,195,58,533,370,1545,24,0,7,1,0,10,2,0,0,9,8,61,152,475,370,72,70,541,96,71,247,498,385,2977,488,545,447,136,162,733,154,237,448,1088,1393,5831,0,1,29,0,0,1,0,0,0,71,53,155,69,0,0,3,0,0,0,71,1,1,1,146,9,25,16,24,10,31,8,0,25,68,142,358,0,0,0,0,0,0,0,0,0,0,0,0,16.470902,8.599299,5.618979,2.940681,9.776207,5.617978,4.695547,12.458326,9.392831,5.235686,6.729495,6.622024,1.81527,2.935884,0.618143,0.143242,2.767962,1.053003,0.439261,0.719424,1.419166,0.900133,1.963383,1.212111,4.564869,0.293588,0.239461,1.027974,0.0,1.011824,0.514995,0.386033,2.53109,0.740346,1.43327,1.004078,7.688201,4.564826,1.202874,0.387597,0.765607,2.217778,0.833081,4.614845,4.886613,2.306258,3.11687,2.594314,1.308062,0.104177,0.072395,0.067408,0.706714,0.200012,0.0,0.193016,1.945867,0.41012,0.06381,0.315259,10.784837,2.263472,2.166286,1.668352,7.773852,3.959056,1.57528,3.246184,5.237747,3.494008,3.764787,3.389453,1.81527,0.710295,0.556886,0.396023,1.118963,0.417672,0.136322,3.421653,0.848574,2.838881,1.816129,1.275689,0.640683,0.0,0.038982,0.008426,0,0.058827,0.030294,0.0,0.0,0.047936,0.039268,0.063331,4.057662,4.498532,2.060478,0.606673,4.122497,3.18254,1.454105,1.245833,3.613753,2.652463,1.889756,2.458076,13.027229,5.161474,2.48928,1.145939,9.540636,4.312018,2.332626,4.158624,6.554499,5.79494,6.837481,4.814592,0,0.009471,0.161497,0.0,0,0.005883,0,0,0,0.378162,0.260148,0.183079,1.841965,0,0.0,0.025278,0,0.0,0.0,1.245833,0.014631,0.005326,0.004908,0.216952,0.240256,0.236765,0.089102,0.202224,0.588928,0.182364,0.121175,0,0.365764,0.362184,0.697001,0.310193,0,0,0,0,0,0,0,0,0,0,0,0
122,611,885,991,338,167,948,335,702,638,974,1337,7926,65,307,112,17,47,178,33,40,93,170,418,1480,167,29,35,110,0,179,35,20,181,135,303,1194,279,495,213,56,13,383,57,260,321,393,617,3087,44,11,13,10,12,33,0,9,126,71,13,342,385,235,394,187,141,680,83,192,361,652,771,4081,69,77,109,42,17,65,15,194,56,530,368,1542,22,0,3,0,0,11,1,0,0,12,7,56,147,500,301,69,72,526,109,73,252,493,393,2935,467,543,456,124,155,736,136,235,450,1073,1408,5783,0,1,30,0,0,2,0,0,0,66,55,154,59,0,0,4,0,3,0,69,1,1,4,141,9,26,14,22,9,29,9,0,26,63,166,373,0,0,0,0,0,0,0,0,0,0,0,0,16.310731,8.381476,5.518739,2.847995,9.8351,5.576799,5.07422,12.317951,9.334309,5.18775,6.562607,6.54441,1.735184,2.907472,0.623712,0.143242,2.767962,1.04712,0.499849,0.701878,1.360644,0.905459,2.051735,1.222019,4.458089,0.274647,0.19491,0.926862,0.0,1.053003,0.530142,0.350939,2.648135,0.719041,1.487263,0.999891,7.447944,4.687944,1.186167,0.471857,0.765607,2.253074,0.863375,4.562204,4.696416,2.093209,3.028518,2.548901,1.174586,0.104177,0.072395,0.08426,0.706714,0.194129,0.0,0.157922,1.843453,0.378162,0.06381,0.298666,10.277629,2.22559,2.19413,1.575666,8.303887,4.000235,1.257195,3.369012,5.281639,3.472703,3.784421,3.369636,1.841965,0.729236,0.607006,0.353893,1.001178,0.382375,0.227204,3.404106,0.819312,2.822903,1.806312,1.273212,0.587293,0.0,0.016707,0.0,0,0.06471,0.015147,0.0,0.0,0.063915,0.034359,0.06631,3.924186,4.735297,1.676227,0.581395,4.240283,3.0943,1.651015,1.280926,3.686906,2.625832,1.929024,2.423397,12.466631,5.142532,2.5394,1.044826,9.128386,4.329666,2.059982,4.12353,6.58376,5.715047,6.911108,4.774959,0,0.009471,0.167066,0.0,0,0.011765,0,0,0,0.351531,0.269965,0.181898,1.575013,0,0.0,0.033704,0,0.017648,0.0,1.210739,0.014631,0.005326,0.019634,0.16727,0.240256,0.246235,0.077964,0.185372,0.530035,0.170598,0.136322,0,0.380395,0.335553,0.814804,0.32319,0,0,0,0,0,0,0,0,0,0,0,0
123,610,864,1008,312,170,983,296,701,629,948,1351,7872,66,300,106,15,46,178,36,40,89,157,409,1442,165,35,37,109,0,184,26,19,184,113,304,1176,279,475,215,47,15,388,54,256,327,382,651,3089,47,9,14,10,11,37,1,10,133,73,15,360,383,231,386,210,144,646,90,191,363,625,754,4023,68,67,116,48,18,69,10,189,50,527,383,1545,26,0,5,1,0,6,2,0,0,13,5,58,151,503,342,70,72,527,81,70,259,455,367,2897,469,523,430,116,155,723,136,226,453,1048,1394,5673,0,1,30,0,0,0,0,0,0,61,48,140,57,0,0,1,0,2,0,68,1,3,3,135,9,29,16,17,10,35,9,0,26,58,156,365,0,0,0,0,0,0,0,0,0,0,0,0,16.284036,8.182593,5.61341,2.628918,10.011779,5.782693,4.48349,12.300404,9.202634,5.049268,6.631326,6.499822,1.761879,2.841178,0.590299,0.12639,2.709069,1.04712,0.545289,0.701878,1.302121,0.836218,2.007559,1.190643,4.404698,0.331471,0.206048,0.918436,0.0,1.082417,0.39382,0.333392,2.692026,0.601864,1.492171,0.984817,7.447944,4.498532,1.197305,0.396023,0.883392,2.282487,0.817934,4.492016,4.784199,2.034621,3.195406,2.550553,1.254672,0.085235,0.077964,0.08426,0.647821,0.21766,0.015147,0.175469,1.945867,0.388815,0.073627,0.297248,10.224239,2.187707,2.14958,1.769464,8.480565,3.800224,1.363223,3.351465,5.3109,3.328895,3.700977,3.321746,1.81527,0.63453,0.645988,0.404449,1.060071,0.405906,0.151469,3.316371,0.731529,2.806924,1.879939,1.275689,0.694074,0.0,0.027844,0.008426,0,0.035296,0.030294,0.0,0.0,0.069241,0.024542,0.060216,4.030966,4.763709,1.90455,0.589821,4.240283,3.100182,1.226901,1.228286,3.78932,2.423435,1.801404,2.392021,12.520021,4.953121,2.394609,0.977418,9.128386,4.253191,2.059982,3.965608,6.627652,5.581891,6.842389,4.684133,0,0.009471,0.167066,0.0,0,0.0,0,0,0,0.3249,0.235606,0.206905,1.521623,0,0.0,0.008426,0,0.011765,0.0,1.193192,0.014631,0.015979,0.014725,0.160152,0.240256,0.274647,0.089102,0.143242,0.588928,0.205894,0.136322,0,0.380395,0.308921,0.765719,0.316258,0,0,0,0,0,0,0,0,0,0,0,0
124,605,895,954,327,163,957,294,690,621,950,1339,7795,67,310,104,10,47,177,25,36,89,169,409,1443,171,36,24,101,0,179,22,18,183,127,290,1151,280,490,188,49,14,377,65,251,324,402,621,3061,47,12,12,9,11,34,0,9,128,73,15,350,388,227,373,199,133,639,81,189,349,632,760,3970,67,76,108,32,17,74,6,182,50,525,389,1526,19,0,6,1,0,10,1,0,0,11,4,52,147,469,307,78,70,526,109,69,251,494,372,2892,467,515,407,105,154,742,143,228,453,1041,1417,5672,0,1,31,0,0,2,0,0,0,68,58,160,57,0,0,8,0,1,0,67,2,2,3,140,8,26,18,19,9,33,11,0,25,66,153,368,0,0,0,0,0,0,0,0,0,0,0,0,16.150561,8.476181,5.312691,2.755308,9.599529,5.629743,4.453196,12.107387,9.085589,5.05992,6.572424,6.436244,1.788574,2.935884,0.579161,0.08426,2.767962,1.041238,0.378673,0.63169,1.302121,0.900133,2.007559,1.191469,4.564869,0.340941,0.133653,0.851028,0.0,1.053003,0.333232,0.315845,2.677396,0.676431,1.423453,0.963882,7.47464,4.640591,1.046945,0.412875,0.824499,2.217778,0.98455,4.404281,4.740307,2.141145,3.048152,2.527434,1.254672,0.113647,0.066826,0.075834,0.647821,0.200012,0.0,0.157922,1.872714,0.388815,0.073627,0.305653,10.357715,2.149825,2.077184,1.676778,7.832744,3.759045,1.226901,3.316371,5.106072,3.366178,3.730428,3.277985,1.788574,0.719765,0.601437,0.269633,1.001178,0.43532,0.090882,3.193543,0.731529,2.796272,1.90939,1.260001,0.507208,0.0,0.033413,0.008426,0,0.058827,0.015147,0.0,0.0,0.058589,0.019634,0.053987,3.924186,4.441708,1.70964,0.65723,4.122497,3.0943,1.651015,1.210739,3.672275,2.631158,1.825946,2.387892,12.466631,4.877356,2.266526,0.884732,9.069494,4.364963,2.16601,4.000702,6.627652,5.544607,6.955284,4.683307,0,0.009471,0.172635,0.0,0,0.011765,0,0,0,0.362184,0.284691,0.188985,1.521623,0,0.0,0.067408,0,0.005883,0.0,1.175645,0.029261,0.010652,0.014725,0.166083,0.213561,0.246235,0.100239,0.160094,0.530035,0.194129,0.166616,0,0.365764,0.351531,0.750994,0.318858,0,0,0,0,0,0,0,0,0,0,0,0
125,611,902,982,333,165,964,296,694,607,965,1330,7849,66,307,109,6,46,178,27,38,84,165,385,1411,177,33,23,122,0,172,28,19,174,125,277,1150,282,473,214,36,14,396,45,254,317,400,612,3043,48,11,11,10,12,40,0,9,124,78,13,356,388,223,370,183,150,665,86,184,370,642,774,4035,69,75,104,39,18,62,11,188,48,541,361,1516,20,0,6,0,0,13,4,0,0,16,7,66,157,470,322,76,73,513,94,67,252,485,378,2887,468,543,452,108,159,729,154,218,454,1056,1402,5743,0,1,28,0,0,1,0,0,0,66,45,141,58,0,0,6,0,2,0,71,2,2,3,144,10,24,19,23,10,30,9,0,23,65,145,358,0,0,0,0,0,0,0,0,0,0,0,0,16.310731,8.542476,5.468619,2.805865,9.717314,5.670922,4.48349,12.177575,8.880761,5.139814,6.528248,6.480832,1.761879,2.907472,0.607006,0.050556,2.709069,1.04712,0.408967,0.666784,1.228969,0.878828,1.889756,1.165047,4.72504,0.31253,0.128084,1.027974,0.0,1.011824,0.424114,0.333392,2.545721,0.665779,1.359643,0.963044,7.52803,4.479591,1.191736,0.303337,0.824499,2.329549,0.681612,4.456922,4.637893,2.130493,3.003976,2.512571,1.281367,0.104177,0.061257,0.08426,0.706714,0.235308,0.0,0.157922,1.814192,0.415446,0.06381,0.310893,10.357715,2.111942,2.060478,1.541962,8.833922,3.911995,1.302636,3.228637,5.413314,3.419441,3.799146,3.331654,1.841965,0.710295,0.579161,0.328615,1.060071,0.364727,0.166616,3.298824,0.702268,2.881491,1.771953,1.251744,0.533903,0.0,0.033413,0.0,0,0.076475,0.060588,0.0,0.0,0.08522,0.034359,0.078151,4.191137,4.451179,1.793173,0.640377,4.299176,3.017825,1.423811,1.175645,3.686906,2.583222,1.855397,2.383764,12.493326,5.142532,2.517124,0.91001,9.363958,4.288488,2.332626,3.825232,6.642282,5.624501,6.881657,4.741931,0,0.009471,0.155928,0.0,0,0.005883,0,0,0,0.351531,0.220881,0.166543,1.548318,0,0.0,0.050556,0,0.011765,0.0,1.245833,0.029261,0.010652,0.014725,0.170829,0.266951,0.227294,0.105808,0.193798,0.588928,0.176481,0.136322,0,0.336503,0.346205,0.711726,0.310193,0,0,0,0,0,0,0,0,0,0,0,0
126,601,900,967,306,161,942,287,704,627,934,1286,7715,64,295,109,16,48,177,33,39,94,166,407,1448,175,38,34,122,0,167,31,18,178,129,298,1190,279,476,197,47,14,371,55,258,327,398,597,3019,47,12,10,6,11,31,0,8,135,79,10,349,399,236,371,181,135,622,77,185,365,656,726,3953,69,72,115,48,16,59,14,190,51,530,384,1548,25,0,3,1,0,11,2,0,0,12,10,64,155,478,341,82,67,483,91,67,249,481,393,2887,471,511,451,119,154,727,145,223,436,1066,1361,5664,0,1,32,0,0,2,0,0,0,65,58,158,62,0,0,2,0,0,0,72,2,2,3,143,8,23,18,23,10,30,5,0,25,65,148,355,0,0,0,0,0,0,0,0,0,0,0,0,16.04378,8.523534,5.385087,2.578362,9.481743,5.541502,4.347168,12.353044,9.173372,4.9747,6.312276,6.370189,1.708489,2.793825,0.607006,0.134816,2.826855,1.041238,0.499849,0.684331,1.375274,0.884154,1.997742,1.195597,4.67165,0.359883,0.189341,1.027974,0.0,0.982411,0.469555,0.315845,2.604243,0.687084,1.46272,0.996541,7.447944,4.508003,1.097065,0.396023,0.824499,2.182481,0.833081,4.52711,4.784199,2.11984,2.930349,2.492755,1.254672,0.113647,0.055689,0.050556,0.647821,0.182364,0.0,0.140376,1.975128,0.420772,0.049085,0.30478,10.651361,2.23506,2.066047,1.52511,7.95053,3.659039,1.166313,3.246184,5.340161,3.494008,3.56354,3.263948,1.841965,0.681883,0.640419,0.404449,0.942285,0.347079,0.212057,3.333918,0.746159,2.822903,1.884848,1.278166,0.667379,0.0,0.016707,0.008426,0,0.06471,0.030294,0.0,0.0,0.063915,0.049085,0.066445,4.137747,4.526944,1.898981,0.690934,3.945819,2.841344,1.37837,1.175645,3.643014,2.561917,1.929024,2.383764,12.573412,4.839473,2.511555,1.002696,9.069494,4.276722,2.196304,3.912967,6.378932,5.677763,6.68041,4.676702,0,0.009471,0.178203,0.0,0,0.011765,0,0,0,0.346205,0.284691,0.186622,1.655099,0,0.0,0.016852,0,0.0,0.0,1.26338,0.029261,0.010652,0.014725,0.212494,0.213561,0.217824,0.100239,0.193798,0.588928,0.176481,0.075735,0,0.365764,0.346205,0.726452,0.307594,0,0,0,0,0,0,0,0,0,0,0,0
127,595,898,994,339,159,922,303,696,604,944,1299,7753,68,298,107,11,47,177,36,40,93,156,399,1432,172,28,40,111,0,162,28,17,182,124,305,1169,275,477,226,40,16,352,65,249,320,398,602,3020,48,11,13,7,11,36,0,8,130,76,17,357,398,226,383,188,133,680,81,187,353,646,741,4016,69,72,104,48,17,72,11,190,46,530,360,1519,19,1,3,0,0,12,3,0,0,13,4,55,155,467,321,77,70,533,87,69,241,490,405,2915,480,501,430,122,162,745,130,224,427,1070,1371,5662,0,1,37,0,0,1,0,0,0,63,60,162,61,0,0,2,0,0,0,71,2,3,3,142,7,25,12,22,8,30,6,0,24,55,147,336,0,0,0,0,0,0,0,0,0,0,0,0,15.883609,8.504593,5.535446,2.856421,9.363958,5.423848,4.589518,12.212669,8.836869,5.027963,6.376086,6.401566,1.81527,2.822237,0.595868,0.092686,2.767962,1.041238,0.545289,0.701878,1.360644,0.830892,1.958474,1.182386,4.591564,0.265177,0.222754,0.935288,0.0,0.952997,0.424114,0.298298,2.662765,0.660453,1.497079,0.978955,7.341164,4.517473,1.258562,0.337041,0.942285,2.07071,0.98455,4.369188,4.681785,2.11984,2.954891,2.49358,1.281367,0.104177,0.072395,0.058982,0.647821,0.211777,0.0,0.140376,1.901975,0.404794,0.083444,0.311766,10.624666,2.140354,2.132873,1.584092,7.832744,4.000235,1.226901,3.281277,5.164594,3.440746,3.637167,3.315966,1.841965,0.681883,0.579161,0.404449,1.001178,0.423554,0.166616,3.333918,0.673007,2.822903,1.767045,1.254221,0.507208,0.009471,0.016707,0.0,0,0.070592,0.045441,0.0,0.0,0.069241,0.019634,0.057888,4.137747,4.422767,1.787604,0.648804,4.122497,3.135479,1.317782,1.210739,3.525969,2.609854,1.987925,2.406883,12.813668,4.744767,2.394609,1.027974,9.540636,4.382611,1.9691,3.930514,6.247257,5.699068,6.729495,4.67505,0,0.009471,0.206048,0.0,0,0.005883,0,0,0,0.335553,0.294507,0.191347,1.628404,0,0.0,0.016852,0,0.0,0.0,1.245833,0.029261,0.015979,0.014725,0.211008,0.186866,0.236765,0.066826,0.185372,0.471143,0.176481,0.090882,0,0.351134,0.292943,0.721543,0.291131,0,0,0,0,0,0,0,0,0,0,0,0
128,591,872,960,326,161,909,277,687,617,911,1330,7641,68,296,103,18,48,174,27,36,98,168,398,1434,172,31,33,110,0,167,35,18,182,119,285,1152,273,465,217,45,15,364,51,246,314,386,614,2990,48,10,16,4,12,34,0,9,127,80,20,360,384,228,385,174,139,633,88,182,346,621,730,3910,65,71,117,48,18,67,8,190,50,504,384,1522,20,0,4,0,0,5,2,0,0,11,4,46,158,474,310,88,69,530,93,67,246,468,383,2886,460,502,434,111,160,719,141,219,440,1038,1392,5616,0,0,33,0,0,1,0,0,0,59,60,153,59,0,0,4,0,0,0,73,1,2,3,142,9,19,14,21,9,33,10,0,25,60,156,356,0,0,0,0,0,0,0,0,0,0,0,0,15.776829,8.258358,5.346105,2.746882,9.481743,5.347373,4.195698,12.054746,9.027067,4.852197,6.528248,6.309088,1.81527,2.803296,0.573592,0.151668,2.826855,1.02359,0.408967,0.63169,1.433797,0.894807,1.953566,1.184038,4.591564,0.293588,0.183772,0.926862,0.0,0.982411,0.530142,0.315845,2.662765,0.633822,1.39891,0.964719,7.287774,4.403826,1.208442,0.379171,0.883392,2.141302,0.772493,4.316547,4.594001,2.055925,3.013793,2.46881,1.281367,0.094706,0.089102,0.033704,0.706714,0.200012,0.0,0.157922,1.858083,0.426099,0.098169,0.314386,10.250934,2.159295,2.144011,1.466127,8.186101,3.723748,1.332929,3.193543,5.06218,3.30759,3.583174,3.228443,1.735184,0.672412,0.651556,0.404449,1.060071,0.394141,0.121175,3.333918,0.731529,2.684421,1.884848,1.256698,0.533903,0.0,0.022275,0.0,0,0.029413,0.030294,0.0,0.0,0.058589,0.019634,0.054469,4.217832,4.489061,1.726346,0.74149,4.063604,3.11783,1.408664,1.175645,3.599122,2.492676,1.879939,2.382938,12.279765,4.754238,2.416885,0.935288,9.42285,4.229661,2.135716,3.842779,6.437454,5.528628,6.832573,4.637068,0,0.0,0.183772,0.0,0,0.005883,0,0,0,0.314248,0.294507,0.206467,1.575013,0,0.0,0.033704,0,0.0,0.0,1.280926,0.014631,0.010652,0.014725,0.211008,0.240256,0.179941,0.077964,0.176946,0.530035,0.194129,0.151469,0,0.365764,0.319574,0.765719,0.30846,0,0,0,0,0,0,0,0,0,0,0,0
129,599,873,970,319,157,929,308,681,622,949,1290,7697,66,303,104,18,47,178,32,36,90,169,393,1436,180,32,35,105,0,169,29,18,174,119,294,1155,275,459,228,31,15,367,53,252,315,402,593,2990,48,11,15,1,13,33,0,8,133,75,13,350,393,236,367,191,135,635,103,179,347,664,764,4014,66,70,108,37,17,60,15,184,47,512,383,1499,19,0,4,0,0,7,1,0,0,13,11,55,148,449,307,88,75,534,101,72,242,472,401,2889,453,515,424,114,159,720,149,220,434,1047,1374,5609,0,1,34,0,0,1,0,0,0,61,56,153,62,0,0,5,0,3,0,71,1,2,4,148,8,24,21,20,9,33,11,0,27,51,153,357,0,0,0,0,0,0,0,0,0,0,0,0,15.99039,8.267828,5.401793,2.6879,9.246172,5.465027,4.665253,11.949465,9.100219,5.054594,6.33191,6.355327,1.761879,2.86959,0.579161,0.151668,2.767962,1.04712,0.484702,0.63169,1.316752,0.900133,1.929024,1.185689,4.805125,0.303059,0.19491,0.884732,0.0,0.994176,0.439261,0.315845,2.545721,0.633822,1.443086,0.967231,7.341164,4.347003,1.2697,0.261207,0.883392,2.158951,0.802787,4.421828,4.608632,2.141145,2.910715,2.46881,1.281367,0.104177,0.083533,0.008426,0.765607,0.194129,0.0,0.140376,1.945867,0.399467,0.06381,0.305653,10.491191,2.23506,2.043771,1.60937,7.95053,3.735514,1.560133,3.140902,5.076811,3.536618,3.750061,3.314315,1.761879,0.662942,0.601437,0.311763,1.001178,0.352962,0.227204,3.228637,0.687637,2.727031,1.879939,1.237708,0.507208,0.0,0.022275,0.0,0,0.041179,0.015147,0.0,0.0,0.069241,0.053993,0.065126,3.950881,4.252297,1.70964,0.74149,4.416961,3.141361,1.529839,1.26338,3.5406,2.513981,1.968291,2.385415,12.092899,4.877356,2.361196,0.960566,9.363958,4.235543,2.256892,3.860326,6.349671,5.576565,6.74422,4.631289,0,0.009471,0.189341,0.0,0,0.005883,0,0,0,0.3249,0.274874,0.180716,1.655099,0,0.0,0.04213,0,0.017648,0.0,1.245833,0.014631,0.010652,0.019634,0.175574,0.213561,0.227294,0.116946,0.16852,0.530035,0.194129,0.166616,0,0.395026,0.271638,0.750994,0.309327,0,0,0,0,0,0,0,0,0,0,0,0
130,586,854,965,301,149,906,325,676,585,959,1309,7615,69,317,100,14,46,180,34,36,92,163,399,1450,182,39,38,91,0,177,34,18,167,115,279,1140,279,472,209,34,15,376,46,247,303,389,601,2971,48,11,13,5,12,34,0,6,130,70,17,346,390,224,371,207,135,618,93,183,343,643,750,3957,65,72,113,52,16,66,12,185,44,518,357,1500,21,0,3,0,0,7,3,0,0,12,7,53,155,464,288,68,66,535,100,71,242,479,400,2868,460,502,406,118,155,695,133,218,421,1059,1359,5526,0,1,26,0,0,1,0,0,0,64,58,150,59,0,0,6,0,4,0,71,2,2,5,149,8,22,13,23,9,32,8,0,26,58,147,346,0,0,0,0,0,0,0,0,0,0,0,0,15.643353,8.087887,5.373949,2.536232,8.775029,5.329725,4.922751,11.86173,8.558888,5.107856,6.425171,6.28762,1.841965,3.002178,0.556886,0.117964,2.709069,1.058886,0.514995,0.63169,1.346013,0.868176,1.958474,1.197249,4.858516,0.369353,0.211617,0.766768,0.0,1.041238,0.514995,0.315845,2.443307,0.612517,1.36946,0.95467,7.447944,4.47012,1.163892,0.286485,0.883392,2.211895,0.696759,4.334094,4.433065,2.071904,2.949983,2.453122,1.281367,0.104177,0.072395,0.04213,0.706714,0.200012,0.0,0.105282,1.901975,0.372836,0.083444,0.30216,10.411105,2.121413,2.066047,1.744186,7.95053,3.635508,1.408664,3.21109,5.018288,3.424767,3.681343,3.267251,1.735184,0.681883,0.629281,0.438153,0.942285,0.388258,0.181763,3.246184,0.643745,2.758988,1.752319,1.238533,0.560598,0.0,0.016707,0.0,0,0.041179,0.045441,0.0,0.0,0.063915,0.034359,0.062758,4.137747,4.394356,1.603831,0.572969,3.886926,3.147244,1.514693,1.245833,3.5406,2.551265,1.963383,2.368076,12.279765,4.754238,2.260957,0.99427,9.128386,4.088476,2.014541,3.825232,6.159473,5.640479,6.670593,4.562756,0,0.009471,0.14479,0.0,0,0.005883,0,0,0,0.340879,0.284691,0.177173,1.575013,0,0.0,0.050556,0,0.023531,0.0,1.245833,0.029261,0.010652,0.024542,0.17676,0.213561,0.208353,0.072395,0.193798,0.530035,0.188246,0.121175,0,0.380395,0.308921,0.721543,0.299796,0,0,0,0,0,0,0,0,0,0,0,0
131,594,861,986,282,149,906,293,668,581,944,1344,7608,68,301,111,18,46,174,29,35,87,160,403,1432,185,33,42,110,0,170,37,17,168,112,294,1168,283,463,215,44,14,362,54,244,298,396,604,2977,45,10,16,4,13,34,0,6,127,70,17,342,387,218,374,204,137,631,75,182,343,636,750,3937,62,73,112,49,16,67,16,184,46,520,370,1515,28,1,2,0,0,10,0,0,0,10,8,59,153,450,319,71,69,514,98,69,239,471,395,2848,466,525,437,112,162,680,133,218,422,1035,1356,5546,0,1,37,0,0,0,0,0,0,57,58,153,57,0,0,5,0,3,0,72,1,3,5,146,8,23,11,23,9,35,6,0,24,55,153,347,0,0,0,0,0,0,0,0,0,0,0,0,15.856914,8.154181,5.490895,2.376138,8.775029,5.329725,4.438049,11.721355,8.500366,5.027963,6.596967,6.281841,1.81527,2.850649,0.618143,0.151668,2.709069,1.02359,0.439261,0.614143,1.27286,0.852197,1.978108,1.182386,4.938601,0.31253,0.233892,0.926862,0.0,1.000059,0.560436,0.298298,2.457937,0.596538,1.443086,0.978118,7.554725,4.384885,1.197305,0.370745,0.824499,2.129537,0.817934,4.281453,4.359912,2.109188,2.964708,2.458076,1.201281,0.094706,0.089102,0.033704,0.765607,0.200012,0.0,0.105282,1.858083,0.372836,0.083444,0.298666,10.33102,2.064589,2.082753,1.718908,8.068316,3.711983,1.136019,3.193543,5.018288,3.387483,3.681343,3.250737,1.655099,0.691353,0.623712,0.412875,0.942285,0.394141,0.242351,3.228637,0.673007,2.76964,1.816129,1.250919,0.747464,0.009471,0.011138,0.0,0,0.058827,0.0,0.0,0.0,0.053262,0.039268,0.066735,4.084357,4.261767,1.776466,0.598247,4.063604,3.023707,1.484399,1.210739,3.496708,2.508655,1.938841,2.351562,12.439936,4.972062,2.433591,0.943714,9.540636,4.000235,2.014541,3.825232,6.174104,5.51265,6.655868,4.57927,0,0.009471,0.206048,0.0,0,0.0,0,0,0,0.303595,0.284691,0.226117,1.521623,0,0.0,0.04213,0,0.017648,0.0,1.26338,0.014631,0.015979,0.024542,0.173201,0.213561,0.217824,0.061257,0.193798,0.530035,0.205894,0.090882,0,0.351134,0.292943,0.750994,0.300662,0,0,0,0,0,0,0,0,0,0,0,0
132,597,870,986,310,154,900,310,659,598,920,1326,7630,70,304,98,17,43,168,29,35,89,162,383,1398,181,30,36,110,0,172,34,16,179,107,285,1150,285,449,213,31,15,354,58,243,301,379,592,2920,47,12,6,7,12,35,0,7,125,72,18,341,383,211,355,174,134,614,100,182,340,626,740,3859,61,71,111,47,17,58,15,183,48,535,363,1509,20,0,1,0,0,8,2,0,0,11,10,52,150,462,321,76,66,529,96,70,228,459,382,2839,451,512,403,111,158,683,169,216,425,1039,1344,5511,0,1,38,0,0,1,0,0,0,65,58,163,55,0,0,4,0,1,0,71,2,3,6,142,9,22,13,15,11,35,11,0,27,63,136,342,0,0,0,0,0,0,0,0,0,0,0,0,15.936999,8.239417,5.490895,2.612066,9.069494,5.294429,4.695547,11.563432,8.749086,4.900133,6.508614,6.300006,1.86866,2.879061,0.545748,0.143242,2.532391,0.988293,0.439261,0.614143,1.302121,0.86285,1.879939,1.154313,4.831821,0.284118,0.200479,0.926862,0.0,1.011824,0.514995,0.280751,2.618873,0.569907,1.39891,0.963044,7.608115,4.252297,1.186167,0.261207,0.883392,2.082475,0.878522,4.263906,4.403804,2.018642,2.905807,2.411011,1.254672,0.113647,0.033413,0.058982,0.706714,0.205894,0.0,0.122829,1.828822,0.383489,0.088352,0.297793,10.224239,1.998295,1.976945,1.466127,7.891637,3.611977,1.514693,3.193543,4.974396,3.334221,3.632258,3.186333,1.628404,0.672412,0.618143,0.396023,1.001178,0.341197,0.227204,3.21109,0.702268,2.849534,1.78177,1.245964,0.533903,0.0,0.005569,0.0,0,0.047062,0.030294,0.0,0.0,0.058589,0.049085,0.061573,4.004271,4.375414,1.787604,0.640377,3.886926,3.111948,1.454105,1.228286,3.335772,2.44474,1.875031,2.344131,12.039509,4.848944,2.24425,0.935288,9.305065,4.017883,2.55983,3.790139,6.217996,5.533955,6.596967,4.550371,0,0.009471,0.211617,0.0,0,0.005883,0,0,0,0.346205,0.284691,0.192528,1.468233,0,0.0,0.033704,0,0.005883,0.0,1.245833,0.029261,0.015979,0.029451,0.168456,0.240256,0.208353,0.072395,0.12639,0.647821,0.205894,0.166616,0,0.395026,0.335553,0.66755,0.29633,0,0,0,0,0,0,0,0,0,0,0,0
133,589,874,935,298,151,924,294,662,583,919,1251,7480,71,300,102,14,42,171,23,36,90,158,389,1396,188,28,28,114,0,168,36,16,169,120,273,1140,278,453,202,42,15,365,45,237,291,378,570,2876,48,7,10,5,13,35,0,7,129,72,16,342,389,213,371,209,138,642,74,185,342,637,729,3929,63,73,102,47,18,57,11,183,44,534,367,1499,16,1,3,0,0,6,4,0,0,15,6,51,159,454,309,74,67,515,85,74,227,475,371,2810,452,513,409,124,165,700,155,212,413,1046,1320,5509,0,1,36,0,0,0,0,0,0,71,55,163,59,0,0,2,0,2,0,70,1,3,4,141,9,25,14,29,9,30,8,0,27,52,140,343,0,0,0,0,0,0,0,0,0,0,0,0,15.723438,8.277299,5.206883,2.510954,8.892815,5.435614,4.453196,11.616073,8.529627,4.894807,6.14048,6.176152,1.895355,2.841178,0.568024,0.117964,2.473498,1.005942,0.348379,0.63169,1.316752,0.841545,1.90939,1.152662,5.018687,0.265177,0.155928,0.960566,0.0,0.988293,0.545289,0.280751,2.472568,0.639148,1.340009,0.95467,7.421249,4.290179,1.12491,0.353893,0.883392,2.147185,0.681612,4.158624,4.257498,2.013316,2.797821,2.374681,1.281367,0.066294,0.055689,0.04213,0.765607,0.205894,0.0,0.122829,1.887345,0.383489,0.078535,0.298666,10.38441,2.017236,2.066047,1.761038,8.127208,3.776693,1.120872,3.246184,5.003658,3.39281,3.578265,3.244131,1.681794,0.691353,0.568024,0.396023,1.060071,0.335314,0.166616,3.21109,0.643745,2.844208,1.801404,1.237708,0.427122,0.009471,0.016707,0.0,0,0.035296,0.060588,0.0,0.0,0.079893,0.029451,0.053678,4.244527,4.29965,1.720777,0.623525,3.945819,3.02959,1.287489,1.298473,3.321141,2.52996,1.821038,2.320186,12.066204,4.858415,2.277663,1.044826,9.717314,4.117889,2.347773,3.719951,6.042429,5.571238,6.479164,4.54872,0,0.009471,0.200479,0.0,0,0.0,0,0,0,0.378162,0.269965,0.240896,1.575013,0,0.0,0.016852,0,0.011765,0.0,1.228286,0.014631,0.015979,0.019634,0.16727,0.240256,0.236765,0.077964,0.244355,0.530035,0.176481,0.121175,0,0.395026,0.276964,0.687184,0.297196,0,0,0,0,0,0,0,0,0,0,0,0
134,585,855,994,351,154,902,318,664,596,917,1301,7637,67,299,98,15,40,181,37,40,90,161,365,1393,181,33,29,121,0,163,30,16,169,111,270,1123,272,452,206,51,17,355,48,233,294,381,574,2883,51,8,11,7,12,35,0,7,126,71,11,339,366,216,370,194,131,620,88,180,335,627,764,3891,60,69,115,54,18,61,16,181,46,531,371,1522,26,1,3,0,0,8,1,0,0,10,6,55,153,449,316,70,61,497,110,75,222,472,385,2810,458,506,445,113,158,694,142,211,418,1024,1315,5484,0,1,31,0,0,2,0,0,0,61,59,154,52,0,0,5,0,4,0,70,1,3,5,140,8,28,16,16,7,27,11,0,24,70,150,357,0,0,0,0,0,0,0,0,0,0,0,0,15.616658,8.097358,5.535446,2.957533,9.069494,5.306194,4.816722,11.651167,8.719824,4.884154,6.385903,6.305786,1.788574,2.831708,0.545748,0.12639,2.355713,1.064769,0.560436,0.701878,1.316752,0.857523,1.791587,1.150185,4.831821,0.31253,0.161497,1.019548,0.0,0.95888,0.454408,0.280751,2.472568,0.591212,1.325283,0.940434,7.261078,4.280708,1.147185,0.429727,1.001178,2.088358,0.727052,4.088437,4.30139,2.029294,2.817454,2.380461,1.361452,0.075765,0.061257,0.058982,0.706714,0.205894,0.0,0.122829,1.843453,0.378162,0.053993,0.296047,9.770422,2.045648,2.060478,1.634648,7.714959,3.647273,1.332929,3.158449,4.901244,3.339547,3.750061,3.212755,1.601708,0.653471,0.640419,0.455005,1.060071,0.358845,0.242351,3.175996,0.673007,2.828229,1.821038,1.256698,0.694074,0.009471,0.016707,0.0,0,0.047062,0.015147,0.0,0.0,0.053262,0.029451,0.057888,4.084357,4.252297,1.759759,0.589821,3.592462,2.923701,1.666162,1.31602,3.247988,2.513981,1.889756,2.320186,12.226375,4.79212,2.478142,0.95214,9.305065,4.082593,2.150863,3.702404,6.115582,5.454061,6.454621,4.528078,0,0.009471,0.172635,0.0,0,0.011765,0,0,0,0.3249,0.289599,0.181898,1.388147,0,0.0,0.04213,0,0.023531,0.0,1.228286,0.014631,0.015979,0.024542,0.166083,0.213561,0.265177,0.089102,0.134816,0.41225,0.158833,0.166616,0,0.351134,0.372836,0.736269,0.309327,0,0,0,0,0,0,0,0,0,0,0,0
135,589,858,950,294,145,867,306,642,571,891,1268,7381,64,282,110,14,41,171,23,36,89,158,378,1366,185,27,34,101,0,150,36,15,164,116,273,1101,276,460,212,40,15,351,56,226,297,390,576,2899,48,9,10,8,11,34,0,8,122,73,8,331,366,194,360,185,123,605,90,174,338,648,757,3840,66,66,119,43,15,68,15,183,45,521,382,1523,20,1,1,1,0,7,2,0,0,14,7,53,164,436,314,76,60,511,110,70,231,437,371,2780,442,506,458,107,150,719,166,210,429,1012,1360,5559,0,1,37,0,0,1,0,0,0,65,60,164,55,0,0,2,0,2,0,66,1,2,4,132,8,22,19,19,7,38,16,0,24,59,139,351,0,0,0,0,0,0,0,0,0,0,0,0,15.723438,8.125769,5.290416,2.47725,8.539458,5.1003,4.634959,11.265134,8.35406,4.745672,6.223924,6.094409,1.708489,2.670707,0.612574,0.117964,2.414605,1.005942,0.348379,0.63169,1.302121,0.841545,1.855397,1.127891,4.938601,0.255706,0.189341,0.851028,0.0,0.882405,0.545289,0.263204,2.399415,0.617843,1.340009,0.92201,7.367859,4.356473,1.180598,0.337041,0.883392,2.064827,0.848228,3.965608,4.345282,2.07723,2.827271,2.393672,1.281367,0.085235,0.055689,0.067408,0.647821,0.200012,0.0,0.140376,1.784931,0.388815,0.039268,0.28906,9.770422,1.837295,2.004789,1.558814,7.243816,3.559033,1.363223,3.053167,4.945135,3.451398,3.715702,3.170645,1.761879,0.625059,0.662694,0.362319,0.883392,0.400024,0.227204,3.21109,0.658376,2.774967,1.875031,1.257524,0.533903,0.009471,0.005569,0.008426,0,0.041179,0.030294,0.0,0.0,0.074567,0.034359,0.049589,4.378003,4.129179,1.748622,0.640377,3.533569,3.006059,1.666162,1.228286,3.379663,2.327563,1.821038,2.295415,11.799253,4.79212,2.550537,0.901584,8.833922,4.229661,2.51439,3.684857,6.276518,5.390146,6.675502,4.590004,0,0.009471,0.206048,0.0,0,0.005883,0,0,0,0.346205,0.294507,0.193709,1.468233,0,0.0,0.016852,0,0.011765,0.0,1.158098,0.014631,0.010652,0.019634,0.156593,0.213561,0.208353,0.105808,0.160094,0.41225,0.223543,0.242351,0,0.351134,0.314248,0.682276,0.304128,0,0,0,0,0,0,0,0,0,0,0,0
136,577,837,933,295,144,893,289,639,579,905,1269,7360,66,294,116,14,38,167,31,33,94,161,367,1381,184,28,31,107,0,161,26,15,175,114,244,1085,272,445,214,40,17,355,55,224,318,381,596,2917,50,10,16,7,13,30,0,8,127,69,15,345,366,192,357,200,130,637,70,174,341,621,725,3813,61,65,119,50,17,78,11,181,51,530,373,1536,17,0,1,0,0,10,2,0,0,11,4,45,154,423,313,65,60,500,102,69,230,439,367,2722,446,481,447,122,150,701,155,209,437,1040,1294,5482,0,1,41,0,0,2,0,0,0,54,54,152,53,0,0,4,0,3,0,61,2,3,7,133,6,20,9,33,7,33,6,0,30,64,144,352,0,0,0,0,0,0,0,0,0,0,0,0,15.403097,7.926887,5.195745,2.485676,8.480565,5.25325,4.377461,11.212493,8.471105,4.82024,6.228832,6.07707,1.761879,2.784355,0.645988,0.117964,2.237927,0.982411,0.469555,0.579049,1.375274,0.857523,1.801404,1.140276,4.911906,0.265177,0.172635,0.901584,0.0,0.947115,0.39382,0.263204,2.560351,0.60719,1.197664,0.908611,7.261078,4.214414,1.191736,0.337041,1.001178,2.088358,0.833081,3.930514,4.652524,2.029294,2.925441,2.408534,1.334757,0.094706,0.089102,0.058982,0.765607,0.176481,0.0,0.140376,1.858083,0.36751,0.073627,0.301286,9.770422,1.818354,1.988083,1.685204,7.656066,3.747279,1.060285,3.053167,4.989027,3.30759,3.558632,3.148352,1.628404,0.615589,0.662694,0.421301,1.001178,0.458851,0.166616,3.175996,0.746159,2.822903,1.830855,1.268258,0.453817,0.0,0.005569,0.0,0,0.058827,0.030294,0.0,0.0,0.058589,0.019634,0.053285,4.111052,4.006061,1.743053,0.547691,3.533569,2.941349,1.544986,1.210739,3.365033,2.338216,1.801404,2.247525,11.906033,4.555356,2.48928,1.027974,8.833922,4.123772,2.347773,3.66731,6.393563,5.539281,6.351544,4.526426,0,0.009471,0.228323,0.0,0,0.011765,0,0,0,0.287617,0.265057,0.179535,1.414842,0,0.0,0.033704,0,0.017648,0.0,1.070363,0.029261,0.015979,0.034359,0.157779,0.160171,0.189412,0.05012,0.278059,0.41225,0.194129,0.090882,0,0.438917,0.340879,0.706818,0.304994,0,0,0,0,0,0,0,0,0,0,0,0
137,577,821,962,310,134,896,286,642,578,916,1256,7378,66,296,105,15,39,163,28,34,97,151,370,1364,187,30,31,101,0,159,29,15,164,107,280,1103,274,434,212,41,17,347,67,215,304,381,574,2866,49,10,18,7,13,34,0,8,120,66,14,339,371,195,366,194,126,613,63,169,340,581,722,3740,64,72,115,51,17,59,15,177,46,505,364,1485,26,1,0,0,0,7,3,0,0,12,7,56,157,428,330,80,61,508,88,69,236,432,384,2773,453,502,410,114,151,687,148,208,423,1001,1291,5388,0,1,35,0,0,0,0,0,0,67,54,157,53,0,0,4,0,0,0,58,2,2,6,125,9,19,12,23,7,31,8,0,28,54,133,324,0,0,0,0,0,0,0,0,0,0,0,0,15.403097,7.775358,5.357242,2.612066,7.891637,5.270898,4.332021,11.265134,8.456474,4.878828,6.165022,6.091932,1.761879,2.803296,0.58473,0.12639,2.29682,0.95888,0.424114,0.596596,1.419166,0.804261,1.816129,1.12624,4.991991,0.284118,0.172635,0.851028,0.0,0.935349,0.439261,0.263204,2.399415,0.569907,1.374368,0.923685,7.314469,4.110238,1.180598,0.345467,1.001178,2.041297,1.014844,3.772592,4.447696,2.029294,2.817454,2.366424,1.308062,0.094706,0.100239,0.058982,0.765607,0.200012,0.0,0.140376,1.755669,0.351531,0.068718,0.296047,9.903897,1.846766,2.038202,1.634648,7.420495,3.606094,0.954256,2.965433,4.974396,3.094541,3.543906,3.088076,1.708489,0.681883,0.640419,0.429727,1.001178,0.347079,0.227204,3.105808,0.673007,2.689747,1.786678,1.226148,0.694074,0.009471,0.0,0.0,0,0.041179,0.045441,0.0,0.0,0.063915,0.034359,0.072676,4.191137,4.053414,1.837723,0.674082,3.592462,2.988411,1.332929,1.210739,3.452816,2.300932,1.884848,2.289635,12.092899,4.754238,2.283232,0.960566,8.892815,4.041414,2.241745,3.649763,6.188734,5.331558,6.336818,4.448811,0,0.009471,0.19491,0.0,0,0.0,0,0,0,0.356858,0.265057,0.232029,1.414842,0,0.0,0.033704,0,0.0,0.0,1.017722,0.029261,0.010652,0.029451,0.185747,0.240256,0.179941,0.066826,0.193798,0.41225,0.182364,0.121175,0,0.409656,0.287617,0.652825,0.280733,0,0,0,0,0,0,0,0,0,0,0,0
138,581,822,959,301,137,883,279,628,580,892,1244,7306,65,281,117,14,38,162,34,36,91,154,354,1346,183,37,27,107,0,170,29,19,167,112,255,1106,275,431,196,33,15,328,62,211,301,379,574,2805,47,10,10,7,13,29,0,10,117,63,16,322,373,194,373,164,122,617,79,173,311,589,713,3708,64,67,114,44,14,68,16,174,44,524,365,1494,20,1,1,0,0,10,3,0,0,10,7,52,161,437,307,67,57,502,99,67,232,431,367,2727,450,507,411,120,141,675,144,196,409,995,1299,5347,0,1,36,0,0,2,0,0,0,58,58,155,54,0,0,3,0,1,0,58,2,2,6,126,7,20,13,24,5,29,7,0,28,66,137,336,0,0,0,0,0,0,0,0,0,0,0,0,15.509877,7.784828,5.340536,2.536232,8.068316,5.194423,4.225992,11.019477,8.485735,4.750999,6.106121,6.032483,1.735184,2.661237,0.651556,0.117964,2.237927,0.952997,0.514995,0.63169,1.331383,0.82024,1.737594,1.111377,4.885211,0.350412,0.150359,0.901584,0.0,1.000059,0.439261,0.333392,2.443307,0.596538,1.251657,0.926197,7.341164,4.081826,1.091496,0.278059,0.883392,1.929525,0.939109,3.702404,4.403804,2.018642,2.817454,2.316057,1.254672,0.094706,0.055689,0.058982,0.765607,0.170598,0.0,0.175469,1.711778,0.335553,0.078535,0.281201,9.957288,1.837295,2.077184,1.381867,7.184923,3.629625,1.196607,3.03562,4.55011,3.13715,3.49973,3.061654,1.708489,0.63453,0.63485,0.370745,0.824499,0.400024,0.242351,3.053167,0.643745,2.790945,1.791587,1.233579,0.533903,0.009471,0.005569,0.0,0,0.058827,0.045441,0.0,0.0,0.053262,0.034359,0.054731,4.297918,4.138649,1.70964,0.564543,3.35689,2.953115,1.499546,1.175645,3.394294,2.295606,1.801404,2.251653,12.012814,4.801591,2.288801,1.011122,8.303887,3.970822,2.181157,3.4392,5.983906,5.299601,6.376086,4.414958,0,0.009471,0.200479,0.0,0,0.011765,0,0,0,0.308921,0.284691,0.183079,1.441538,0,0.0,0.025278,0,0.005883,0.0,1.017722,0.029261,0.010652,0.029451,0.149475,0.186866,0.189412,0.072395,0.202224,0.294464,0.170598,0.106028,0,0.409656,0.351531,0.672459,0.291131,0,0,0,0,0,0,0,0,0,0,0,0
139,568,819,865,298,142,852,287,622,574,899,1245,7171,62,291,98,16,39,162,36,33,86,146,368,1337,175,30,30,100,0,161,32,19,163,113,259,1082,269,418,203,35,16,342,52,211,298,370,579,2793,51,9,15,4,12,30,0,10,116,61,14,322,360,195,380,194,117,589,100,162,313,590,712,3712,71,67,120,40,15,72,12,170,43,507,348,1465,22,2,3,1,0,12,4,0,0,11,9,64,160,413,293,73,58,506,106,68,231,437,381,2726,448,497,418,133,148,653,155,198,412,978,1302,5342,0,1,31,0,0,1,0,0,0,61,56,150,56,0,0,5,0,2,0,61,2,3,6,135,5,22,12,13,6,41,13,0,30,61,147,350,0,0,0,0,0,0,0,0,0,0,0,0,15.16284,7.756416,4.817063,2.510954,8.36278,5.01206,4.347168,10.914195,8.397952,4.788282,6.111029,5.921015,1.655099,2.755943,0.545748,0.134816,2.29682,0.952997,0.545289,0.579049,1.25823,0.77763,1.806312,1.103946,4.67165,0.284118,0.167066,0.842602,0.0,0.947115,0.484702,0.333392,2.384784,0.601864,1.27129,0.906099,7.180993,3.958708,1.130478,0.294911,0.942285,2.011883,0.78764,3.702404,4.359912,1.970706,2.841997,2.306149,1.361452,0.085235,0.083533,0.033704,0.706714,0.176481,0.0,0.175469,1.697147,0.3249,0.068718,0.281201,9.610251,1.846766,2.116166,1.634648,6.890459,3.46491,1.514693,2.842604,4.579371,3.142477,3.494822,3.064957,1.895355,0.63453,0.668263,0.337041,0.883392,0.423554,0.181763,2.982979,0.629115,2.700399,1.708143,1.209634,0.587293,0.018941,0.016707,0.008426,0,0.070592,0.060588,0.0,0.0,0.058589,0.044176,0.059881,4.271223,3.911355,1.631676,0.615099,3.415783,2.976646,1.605574,1.193192,3.379663,2.327563,1.870122,2.250828,11.959423,4.706885,2.327783,1.120661,8.716137,3.841402,2.347773,3.474294,6.027798,5.209055,6.390811,4.41083,0,0.009471,0.172635,0.0,0,0.005883,0,0,0,0.3249,0.274874,0.177173,1.494928,0,0.0,0.04213,0,0.011765,0.0,1.070363,0.029261,0.015979,0.029451,0.160152,0.133476,0.208353,0.066826,0.109538,0.353357,0.241191,0.19691,0,0.438917,0.3249,0.721543,0.303261,0,0,0,0,0,0,0,0,0,0,0,0
140,567,806,937,295,150,853,284,619,556,891,1218,7176,64,280,92,16,40,163,26,32,91,146,357,1307,182,29,25,118,0,162,32,19,157,109,263,1096,265,416,201,38,15,345,44,211,303,375,571,2784,46,13,11,3,13,33,0,10,116,62,16,323,358,196,350,198,120,584,75,166,307,600,682,3636,71,68,119,46,16,53,16,167,38,491,358,1443,22,0,0,0,0,16,2,0,0,15,6,61,166,425,297,72,56,498,84,63,232,465,371,2729,436,476,427,148,146,670,138,199,399,993,1253,5285,0,0,39,0,0,2,0,0,0,52,48,141,61,0,0,3,0,2,0,61,1,1,7,136,6,19,8,16,4,33,11,0,28,55,126,306,0,0,0,0,0,0,0,0,0,0,0,0,15.136145,7.633299,5.218021,2.485676,8.833922,5.017942,4.301727,10.861555,8.134601,4.745672,5.978501,5.925143,1.708489,2.651766,0.512335,0.134816,2.355713,0.95888,0.39382,0.561502,1.331383,0.77763,1.752319,1.079175,4.858516,0.274647,0.139221,0.99427,0.0,0.952997,0.484702,0.333392,2.297001,0.580559,1.290924,0.917823,7.074212,3.939767,1.119341,0.320189,0.883392,2.029531,0.666465,3.702404,4.433065,1.997337,2.802729,2.298718,1.227977,0.123118,0.061257,0.025278,0.765607,0.194129,0.0,0.175469,1.697147,0.330226,0.078535,0.282074,9.556861,1.856236,1.949101,1.668352,7.067138,3.435496,1.136019,2.912792,4.491587,3.195739,3.347568,3.002205,1.895355,0.644,0.662694,0.387597,0.942285,0.311783,0.242351,2.930339,0.555962,2.61518,1.757228,1.191469,0.587293,0.0,0.0,0.0,0,0.094123,0.030294,0.0,0.0,0.079893,0.029451,0.091736,4.431393,4.025002,1.653951,0.606673,3.297998,2.929584,1.272342,1.105457,3.394294,2.476698,1.821038,2.253305,11.639082,4.508003,2.377903,1.247051,8.598351,3.941408,2.090276,3.491841,5.837601,5.288948,6.150297,4.363765,0,0.0,0.217185,0.0,0,0.011765,0,0,0,0.276964,0.235606,0.190273,1.628404,0,0.0,0.025278,0,0.011765,0.0,1.070363,0.014631,0.005326,0.034359,0.161338,0.160171,0.179941,0.044551,0.134816,0.235571,0.194129,0.166616,0,0.409656,0.292943,0.618466,0.265137,0,0,0,0,0,0,0,0,0,0,0,0
141,558,795,853,323,149,855,321,618,554,858,1208,7092,62,275,104,13,39,165,37,30,91,133,373,1322,177,34,31,108,0,149,27,19,158,109,249,1061,267,430,189,35,14,336,65,206,294,369,575,2780,46,9,13,9,13,33,0,10,108,59,10,310,358,198,334,215,115,560,89,167,319,610,685,3650,64,65,120,37,16,71,13,169,42,492,348,1437,22,0,2,0,0,12,2,0,0,14,3,55,168,424,305,66,60,513,106,64,243,430,394,2773,446,490,432,115,135,647,182,190,410,989,1271,5307,0,1,32,0,0,1,0,0,0,60,58,152,53,0,0,1,0,2,0,62,1,3,6,128,5,22,16,19,5,33,11,0,29,57,135,332,0,0,0,0,0,0,0,0,0,0,0,0,14.895889,7.529122,4.750237,2.721604,8.775029,5.029708,4.862163,10.844008,8.10534,4.569907,5.929416,5.855785,1.655099,2.604413,0.579161,0.109538,2.29682,0.970645,0.560436,0.526408,1.331383,0.708389,1.830855,1.091561,4.72504,0.322,0.172635,0.91001,0.0,0.876522,0.408967,0.333392,2.311631,0.580559,1.222206,0.888513,7.127603,4.072355,1.052514,0.294911,0.824499,1.976587,0.98455,3.614669,4.30139,1.965379,2.822363,2.295415,1.227977,0.085235,0.072395,0.075834,0.765607,0.194129,0.0,0.175469,1.580102,0.314248,0.049085,0.270721,9.556861,1.875178,1.859999,1.811594,6.772674,3.294311,1.348076,2.930339,4.667154,3.249001,3.362293,3.013764,1.708489,0.615589,0.668263,0.311763,0.942285,0.417672,0.19691,2.965433,0.614484,2.620506,1.708143,1.186515,0.587293,0.0,0.011138,0.0,0,0.070592,0.030294,0.0,0.0,0.074567,0.014725,0.065126,4.484784,4.015532,1.698502,0.556117,3.533569,3.017825,1.605574,1.123004,3.55523,2.29028,1.933932,2.289635,11.906033,4.640591,2.405747,0.968992,7.95053,3.806106,2.75674,3.333918,5.998537,5.267643,6.238649,4.381931,0,0.009471,0.178203,0.0,0,0.005883,0,0,0,0.319574,0.284691,0.179535,1.414842,0,0.0,0.008426,0,0.011765,0.0,1.08791,0.014631,0.015979,0.029451,0.151848,0.133476,0.208353,0.089102,0.160094,0.294464,0.194129,0.166616,0,0.424287,0.303595,0.662642,0.287665,0,0,0,0,0,0,0,0,0,0,0,0
142,565,816,850,304,146,839,298,619,560,862,1219,7078,65,273,98,12,40,160,35,28,82,135,370,1298,175,27,28,121,0,159,33,18,156,114,251,1082,274,408,186,47,14,335,46,205,285,362,579,2741,46,11,12,11,11,33,0,11,107,58,16,316,364,193,348,200,112,587,84,165,307,589,696,3645,69,76,104,31,15,67,12,170,43,506,362,1455,30,0,2,0,0,10,6,0,0,13,8,69,168,415,285,77,59,461,85,65,239,448,381,2683,448,493,393,131,142,647,141,194,403,986,1279,5257,0,1,32,0,0,0,0,0,0,59,49,141,57,0,0,5,0,1,0,63,1,1,4,132,6,21,16,23,5,30,14,0,29,65,125,334,0,0,0,0,0,0,0,0,0,0,0,0,15.082755,7.728005,4.73353,2.56151,8.598351,4.935584,4.513784,10.861555,8.193124,4.591212,5.983409,5.844226,1.735184,2.585472,0.545748,0.101112,2.355713,0.941232,0.530142,0.491314,1.199707,0.719041,1.816129,1.071744,4.67165,0.255706,0.155928,1.019548,0.0,0.935349,0.499849,0.315845,2.28237,0.60719,1.232023,0.906099,7.314469,3.864002,1.035808,0.396023,0.824499,1.970704,0.696759,3.597122,4.169715,1.928096,2.841997,2.263213,1.227977,0.104177,0.066826,0.092686,0.647821,0.194129,0.0,0.193016,1.565472,0.308921,0.078535,0.275961,9.717032,1.827825,1.937963,1.685204,6.595995,3.453144,1.272342,2.895245,4.491587,3.13715,3.416286,3.009636,1.841965,0.719765,0.579161,0.261207,0.883392,0.394141,0.181763,2.982979,0.629115,2.695073,1.776862,1.201377,0.800854,0.0,0.011138,0.0,0,0.058827,0.090882,0.0,0.0,0.069241,0.039268,0.081703,4.484784,3.930296,1.587125,0.648804,3.474676,2.711924,1.287489,1.140551,3.496708,2.386152,1.870122,2.215323,11.959423,4.669003,2.188562,1.103809,8.36278,3.806106,2.135716,3.404106,5.896123,5.251664,6.277917,4.340646,0,0.009471,0.178203,0.0,0,0.0,0,0,0,0.314248,0.240514,0.208383,1.521623,0,0.0,0.04213,0,0.005883,0.0,1.105457,0.014631,0.005326,0.019634,0.156593,0.160171,0.198882,0.089102,0.193798,0.294464,0.176481,0.212057,0,0.424287,0.346205,0.613557,0.289398,0,0,0,0,0,0,0,0,0,0,0,0
143,574,814,878,311,152,824,282,613,557,859,1219,7083,64,276,109,18,40,151,29,29,82,136,372,1306,169,37,33,108,0,148,33,18,146,111,228,1031,272,418,203,46,16,326,49,204,287,360,570,2751,44,12,22,8,13,32,0,12,110,51,13,317,365,190,302,190,111,574,81,160,331,588,669,3561,72,74,130,51,19,72,9,166,46,485,353,1477,16,0,1,0,0,6,0,0,0,13,7,43,161,429,295,66,57,494,77,68,234,440,374,2695,446,463,405,116,134,632,140,201,410,981,1240,5168,0,1,41,0,0,1,0,0,0,60,60,163,58,0,0,4,0,2,0,64,2,2,4,136,7,23,14,12,7,30,11,0,33,57,128,322,0,0,0,0,0,0,0,0,0,0,0,0,15.323011,7.709063,4.889458,2.620492,8.951708,4.847344,4.271433,10.756273,8.149232,4.575233,5.983409,5.848354,1.708489,2.613884,0.607006,0.151668,2.355713,0.888288,0.439261,0.508861,1.199707,0.724368,1.825946,1.07835,4.511479,0.350412,0.183772,0.91001,0.0,0.870639,0.499849,0.315845,2.136064,0.591212,1.119128,0.86339,7.261078,3.958708,1.130478,0.387597,0.942285,1.91776,0.742199,3.579575,4.198976,1.917443,2.797821,2.27147,1.174586,0.113647,0.122515,0.067408,0.765607,0.188246,0.0,0.210563,1.609364,0.271638,0.06381,0.276834,9.743727,1.799413,1.681795,1.600944,6.537102,3.376669,1.226901,2.80751,4.842721,3.131824,3.283758,2.940278,1.92205,0.700824,0.723952,0.429727,1.118963,0.423554,0.136322,2.912792,0.673007,2.583222,1.732685,1.219542,0.427122,0.0,0.005569,0.0,0,0.035296,0.0,0.0,0.0,0.069241,0.034359,0.055234,4.297918,4.062885,1.642813,0.556117,3.35689,2.906053,1.166313,1.193192,3.423555,2.343542,1.835763,2.225231,11.906033,4.384885,2.255388,0.977418,7.891637,3.717866,2.12057,3.526935,5.998537,5.225033,6.086487,4.26716,0,0.009471,0.228323,0.0,0,0.005883,0,0,0,0.319574,0.294507,0.192528,1.548318,0,0.0,0.033704,0,0.011765,0.0,1.123004,0.029261,0.010652,0.019634,0.161338,0.186866,0.217824,0.077964,0.101112,0.41225,0.176481,0.166616,0,0.482809,0.303595,0.628283,0.279,0,0,0,0,0,0,0,0,0,0,0,0
144,561,814,881,270,145,833,305,612,567,858,1184,7030,66,277,93,12,40,166,27,27,84,133,382,1307,167,32,28,108,0,152,35,18,151,108,252,1051,265,423,192,50,14,326,46,199,291,360,565,2731,46,10,11,7,12,30,0,12,119,55,9,311,358,203,313,197,113,583,82,159,327,589,661,3585,70,73,112,39,18,52,8,168,46,494,338,1418,26,0,3,0,0,12,2,0,0,14,10,67,169,429,269,63,59,494,88,64,231,464,389,2719,447,485,411,108,141,623,137,196,406,989,1207,5150,0,1,30,0,0,1,0,0,0,63,59,154,54,0,0,7,0,4,0,65,1,1,5,137,5,23,8,18,6,29,9,0,33,68,131,330,0,0,0,0,0,0,0,0,0,0,0,0,14.975974,7.709063,4.906165,2.275025,8.539458,4.900288,4.619812,10.738726,8.295538,4.569907,5.811613,5.804592,1.761879,2.623354,0.517904,0.101112,2.355713,0.976528,0.408967,0.473767,1.228969,0.708389,1.875031,1.079175,4.458089,0.303059,0.155928,0.91001,0.0,0.89417,0.530142,0.315845,2.209217,0.575233,1.236931,0.880139,7.074212,4.006061,1.069221,0.421301,0.824499,1.91776,0.696759,3.491841,4.257498,1.917443,2.773278,2.254956,1.227977,0.094706,0.061257,0.058982,0.706714,0.176481,0.0,0.210563,1.741039,0.292943,0.044176,0.271594,9.556861,1.922531,1.743053,1.659926,6.654888,3.429614,1.242048,2.789963,4.784199,3.13715,3.24449,2.960094,1.86866,0.691353,0.623712,0.328615,1.060071,0.3059,0.121175,2.947886,0.673007,2.631158,1.659059,1.170827,0.694074,0.0,0.016707,0.0,0,0.070592,0.030294,0.0,0.0,0.074567,0.049085,0.079335,4.511479,4.062885,1.498023,0.530839,3.474676,2.906053,1.332929,1.123004,3.379663,2.471372,1.90939,2.245048,11.932728,4.593238,2.288801,0.91001,8.303887,3.664921,2.075129,3.4392,5.940015,5.267643,5.924508,4.252297,0,0.009471,0.167066,0.0,0,0.005883,0,0,0,0.335553,0.289599,0.181898,1.441538,0,0.0,0.058982,0,0.023531,0.0,1.140551,0.014631,0.005326,0.024542,0.162524,0.133476,0.217824,0.044551,0.151668,0.353357,0.170598,0.136322,0,0.482809,0.362184,0.643008,0.285932,0,0,0,0,0,0,0,0,0,0,0,0
145,572,818,879,274,148,834,286,603,565,830,1156,6965,63,276,100,8,40,165,25,31,87,142,370,1307,173,24,29,110,0,154,27,20,147,102,236,1022,269,406,182,33,15,322,38,200,287,353,550,2655,42,12,19,3,13,29,0,12,117,57,12,316,359,190,343,168,111,562,79,161,319,581,700,3573,68,71,104,42,19,61,11,166,49,483,362,1436,21,0,3,0,0,9,3,0,0,13,8,57,171,398,291,80,54,505,108,61,247,462,375,2752,441,468,396,129,141,641,150,197,404,992,1234,5193,0,1,35,0,0,0,0,0,0,69,57,162,57,0,0,2,0,0,0,62,1,2,6,130,6,21,8,14,6,31,10,0,31,61,146,334,0,0,0,0,0,0,0,0,0,0,0,0,15.269621,7.746946,4.895027,2.308729,8.716137,4.906171,4.332021,10.580804,8.266277,4.420772,5.674177,5.750923,1.681794,2.613884,0.556886,0.067408,2.355713,0.970645,0.378673,0.543955,1.27286,0.756325,1.816129,1.079175,4.618259,0.227294,0.161497,0.926862,0.0,0.905936,0.408967,0.350939,2.150695,0.543276,1.158396,0.855853,7.180993,3.845061,1.013532,0.278059,0.883392,1.894229,0.575583,3.509388,4.198976,1.88016,2.699651,2.192204,1.121196,0.113647,0.105808,0.025278,0.765607,0.170598,0.0,0.210563,1.711778,0.303595,0.058901,0.275961,9.583556,1.799413,1.910119,1.415571,6.537102,3.306077,1.196607,2.825057,4.667154,3.094541,3.43592,2.950186,1.81527,0.672412,0.579161,0.353893,1.118963,0.358845,0.166616,2.912792,0.716898,2.57257,1.776862,1.185689,0.560598,0.0,0.016707,0.0,0,0.052944,0.045441,0.0,0.0,0.069241,0.039268,0.067494,4.564869,3.769296,1.620538,0.674082,3.180212,2.970763,1.635868,1.070363,3.613753,2.460719,1.840671,2.272296,11.772557,4.432238,2.205268,1.086957,8.303887,3.77081,2.272039,3.456747,5.910753,5.283622,6.057036,4.287802,0,0.009471,0.19491,0.0,0,0.0,0,0,0,0.36751,0.279782,0.239418,1.521623,0,0.0,0.016852,0,0.0,0.0,1.08791,0.014631,0.010652,0.029451,0.193176,0.160171,0.198882,0.044551,0.117964,0.353357,0.182364,0.151469,0,0.453548,0.3249,0.716635,0.289398,0,0,0,0,0,0,0,0,0,0,0,0
146,573,807,870,277,138,845,282,594,536,828,1148,6898,63,273,101,17,40,158,24,33,85,136,375,1305,167,33,37,113,0,150,19,20,144,115,250,1048,275,423,196,32,14,320,44,192,287,347,576,2706,42,9,10,8,13,31,0,12,122,56,10,313,365,195,319,160,119,561,88,158,312,576,655,3508,70,73,119,41,17,58,18,162,45,488,353,1444,18,0,2,0,0,6,3,0,0,12,6,47,169,415,278,68,58,475,89,57,235,439,355,2638,451,466,396,90,139,646,129,198,400,978,1248,5141,0,1,26,0,0,0,0,0,0,65,62,154,53,0,0,2,0,0,0,62,2,1,4,124,4,21,7,15,4,21,9,0,32,65,133,311,0,0,0,0,0,0,0,0,0,0,0,0,15.296316,7.642769,4.844907,2.334007,8.127208,4.970881,4.271433,10.422881,7.84199,4.41012,5.634909,5.695602,1.681794,2.585472,0.562455,0.143242,2.355713,0.929466,0.363526,0.579049,1.243599,0.724368,1.840671,1.077524,4.458089,0.31253,0.206048,0.95214,0.0,0.882405,0.287792,0.350939,2.106803,0.612517,1.227114,0.877626,7.341164,4.006061,1.091496,0.269633,0.824499,1.882464,0.666465,3.369012,4.198976,1.848202,2.827271,2.234314,1.121196,0.085235,0.055689,0.067408,0.765607,0.182364,0.0,0.210563,1.784931,0.298269,0.049085,0.273341,9.743727,1.846766,1.776466,1.348163,7.008245,3.300194,1.332929,2.772416,4.56474,3.067909,3.21504,2.896516,1.86866,0.691353,0.662694,0.345467,1.001178,0.341197,0.272645,2.842604,0.658376,2.599201,1.732685,1.192295,0.480513,0.0,0.011138,0.0,0,0.035296,0.045441,0.0,0.0,0.063915,0.029451,0.055653,4.511479,3.930296,1.548143,0.572969,3.415783,2.794282,1.348076,1.000175,3.438186,2.338216,1.742502,2.178167,12.039509,4.413297,2.205268,0.758342,8.186101,3.800224,1.953953,3.474294,5.852231,5.209055,6.125755,4.244866,0,0.009471,0.14479,0.0,0,0.0,0,0,0,0.346205,0.304324,0.227595,1.414842,0,0.0,0.016852,0,0.0,0.0,1.08791,0.029261,0.005326,0.019634,0.184261,0.106781,0.198882,0.038982,0.12639,0.235571,0.123537,0.136322,0,0.468178,0.346205,0.652825,0.269469,0,0,0,0,0,0,0,0,0,0,0,0
147,578,810,844,258,144,829,264,591,551,855,1176,6900,62,280,99,17,39,154,30,32,89,135,385,1322,171,33,24,119,0,148,30,20,145,94,266,1050,271,420,194,33,14,316,41,197,280,356,564,2686,44,13,15,7,13,28,1,9,119,59,12,320,363,189,318,167,106,552,81,157,315,583,673,3504,73,68,121,45,18,62,8,165,48,488,348,1444,22,0,2,0,0,9,2,0,0,12,6,53,171,415,289,70,52,469,84,54,241,445,355,2645,459,462,417,104,136,650,143,190,412,995,1226,5194,0,1,39,0,0,0,0,0,0,71,65,176,59,0,0,3,0,0,0,61,2,1,4,130,5,19,15,13,4,22,6,0,31,55,146,316,0,0,0,0,0,0,0,0,0,0,0,0,15.429792,7.671181,4.700117,2.173913,8.480565,4.876757,3.998788,10.37024,8.061448,4.553928,5.772346,5.697253,1.655099,2.651766,0.551317,0.143242,2.29682,0.905936,0.454408,0.561502,1.302121,0.719041,1.889756,1.091561,4.564869,0.31253,0.133653,1.002696,0.0,0.870639,0.454408,0.350939,2.121434,0.500666,1.30565,0.879301,7.234383,3.977649,1.080359,0.278059,0.824499,1.858933,0.621024,3.456747,4.096562,1.896138,2.76837,2.2178,1.174586,0.123118,0.083533,0.058982,0.765607,0.164716,0.015147,0.157922,1.741039,0.314248,0.058901,0.26422,9.690336,1.789942,1.770897,1.407145,6.242638,3.24725,1.226901,2.754869,4.608632,3.105193,3.303392,2.893214,1.948745,0.644,0.673832,0.379171,1.060071,0.364727,0.121175,2.895245,0.702268,2.599201,1.708143,1.192295,0.587293,0.0,0.011138,0.0,0,0.052944,0.030294,0.0,0.0,0.063915,0.029451,0.062758,4.564869,3.930296,1.6094,0.589821,3.062426,2.758986,1.272342,0.947535,3.525969,2.370173,1.742502,2.183947,12.25307,4.375414,2.322214,0.876306,8.009423,3.823754,2.16601,3.333918,6.027798,5.299601,6.017769,4.288628,0,0.009471,0.217185,0.0,0,0.0,0,0,0,0.378162,0.31905,0.260109,1.575013,0,0.0,0.025278,0,0.0,0.0,1.070363,0.029261,0.005326,0.019634,0.193176,0.133476,0.179941,0.083533,0.109538,0.235571,0.129419,0.090882,0,0.453548,0.292943,0.716635,0.273802,0,0,0,0,0,0,0,0,0,0,0,0
148,575,840,831,280,146,834,249,581,555,825,1177,6893,61,272,100,12,38,148,28,34,88,144,357,1282,165,33,25,114,0,133,34,20,147,103,249,1023,264,405,192,47,14,318,46,197,285,364,565,2697,46,12,15,4,14,31,1,7,120,57,10,317,358,204,317,180,101,541,81,153,308,565,662,3470,72,67,95,57,18,55,8,161,44,501,354,1432,21,1,1,0,0,6,1,0,0,10,4,44,179,415,282,56,51,476,86,53,232,450,375,2655,445,445,357,109,138,637,150,181,406,990,1232,5090,0,1,26,0,0,0,0,0,0,68,58,153,60,0,0,2,0,1,0,60,2,1,5,131,4,21,9,13,4,31,10,0,30,63,151,336,0,0,0,0,0,0,0,0,0,0,0,0,15.349706,7.955299,4.627722,2.359285,8.598351,4.906171,3.771584,10.194771,8.119971,4.394141,5.777254,5.691473,1.628404,2.576002,0.556886,0.101112,2.237927,0.870639,0.424114,0.596596,1.287491,0.766977,1.752319,1.058533,4.404698,0.31253,0.139221,0.960566,0.0,0.782399,0.514995,0.350939,2.150695,0.548602,1.222206,0.856691,7.047517,3.83559,1.069221,0.396023,0.824499,1.870698,0.696759,3.456747,4.169715,1.938748,2.773278,2.226883,1.227977,0.113647,0.083533,0.033704,0.824499,0.182364,0.015147,0.122829,1.755669,0.303595,0.049085,0.261743,9.556861,1.932001,1.765328,1.516684,5.948174,3.18254,1.226901,2.684682,4.506218,3.009321,3.249399,2.86514,1.92205,0.63453,0.529042,0.480283,1.060071,0.323548,0.121175,2.825057,0.643745,2.668442,1.737594,1.182386,0.560598,0.009471,0.005569,0.0,0,0.035296,0.015147,0.0,0.0,0.053262,0.019634,0.04631,4.77843,3.930296,1.570418,0.471857,3.003534,2.800165,1.302636,0.929988,3.394294,2.396804,1.840671,2.192204,11.879338,4.214414,1.988083,0.918436,8.127208,3.747279,2.272039,3.175996,5.940015,5.272969,6.047219,4.202756,0,0.009471,0.14479,0.0,0,0.0,0,0,0,0.362184,0.284691,0.226117,1.601708,0,0.0,0.016852,0,0.005883,0.0,1.052816,0.029261,0.005326,0.024542,0.155407,0.106781,0.198882,0.05012,0.109538,0.235571,0.182364,0.151469,0,0.438917,0.335553,0.741177,0.291131,0,0,0,0,0,0,0,0,0,0,0,0
149,568,826,815,256,146,828,236,586,558,837,1179,6835,58,251,93,14,40,159,24,34,85,139,340,1237,170,24,22,120,0,130,23,20,146,110,260,1025,262,408,193,34,14,345,38,196,288,362,565,2705,45,11,17,5,14,30,1,8,116,58,10,315,352,206,328,188,112,532,64,154,300,585,656,3477,73,65,106,33,18,61,13,164,44,501,349,1427,21,0,2,0,0,8,1,0,0,13,9,54,180,403,289,61,60,507,65,52,219,427,365,2628,453,450,397,102,147,647,125,184,408,953,1202,5068,0,1,35,0,0,1,0,0,0,72,54,163,56,0,0,4,0,1,0,59,2,2,4,128,5,22,8,25,5,32,12,0,29,64,137,339,0,0,0,0,0,0,0,0,0,0,0,0,15.16284,7.82271,4.53862,2.157061,8.598351,4.870875,3.574674,10.282506,8.163862,4.458056,5.787071,5.643583,1.548318,2.377119,0.517904,0.117964,2.355713,0.935349,0.363526,0.596596,1.243599,0.740346,1.668875,1.021377,4.538174,0.227294,0.122515,1.011122,0.0,0.764751,0.348379,0.350939,2.136064,0.585885,1.276199,0.858366,6.994127,3.864002,1.07479,0.286485,0.824499,2.029531,0.575583,3.4392,4.213606,1.928096,2.773278,2.233488,1.201281,0.104177,0.094671,0.04213,0.824499,0.176481,0.015147,0.140376,1.697147,0.308921,0.049085,0.260092,9.39669,1.950942,1.826586,1.584092,6.595995,3.129596,0.969403,2.702228,4.389173,3.115846,3.219948,2.87092,1.948745,0.615589,0.590299,0.278059,1.060071,0.358845,0.19691,2.877698,0.643745,2.668442,1.713052,1.178258,0.560598,0.0,0.011138,0.0,0,0.047062,0.015147,0.0,0.0,0.069241,0.044176,0.063942,4.805125,3.816649,1.6094,0.513987,3.533569,2.982528,0.98455,0.912441,3.204097,2.274301,1.791587,2.16991,12.092899,4.261767,2.210837,0.859454,8.657244,3.806106,1.893366,3.228637,5.969276,5.075899,5.899966,4.184591,0,0.009471,0.19491,0.0,0,0.005883,0,0,0,0.383489,0.265057,0.192528,1.494928,0,0.0,0.033704,0,0.005883,0.0,1.035269,0.029261,0.010652,0.019634,0.151848,0.133476,0.208353,0.044551,0.21065,0.294464,0.188246,0.181763,0,0.424287,0.340879,0.672459,0.29373,0,0,0,0,0,0,0,0,0,0,0,0
150,561,822,849,264,143,835,276,595,542,844,1155,6886,59,259,101,16,41,150,26,35,87,146,371,1291,170,30,29,114,0,147,26,22,138,107,244,1027,255,415,183,36,15,332,58,196,276,369,547,2682,48,11,15,5,14,29,1,7,112,53,11,306,349,196,302,158,110,528,81,153,303,594,651,3425,72,61,107,49,18,52,12,161,46,507,338,1423,18,0,2,0,0,7,1,0,0,11,9,48,177,415,299,74,60,443,83,55,217,451,371,2645,450,444,381,125,142,609,131,192,402,979,1188,5043,0,1,22,0,0,0,0,0,0,70,50,143,54,0,0,6,0,3,0,58,2,1,4,128,5,20,14,14,5,32,9,0,26,62,137,324,0,0,0,0,0,0,0,0,0,0,0,0,14.975974,7.784828,4.727961,2.224469,8.421673,4.912054,4.180551,10.440428,7.929773,4.49534,5.669268,5.685693,1.575013,2.452884,0.562455,0.134816,2.414605,0.882405,0.39382,0.614143,1.27286,0.77763,1.821038,1.065964,4.538174,0.284118,0.161497,0.960566,0.0,0.864757,0.39382,0.386033,2.01902,0.569907,1.197664,0.86004,6.807261,3.930296,1.019101,0.303337,0.883392,1.953056,0.878522,3.4392,4.03804,1.965379,2.684926,2.214497,1.281367,0.104177,0.083533,0.04213,0.824499,0.170598,0.015147,0.122829,1.638625,0.28229,0.053993,0.252661,9.316604,1.856236,1.681795,1.331311,6.47821,3.106065,1.226901,2.684682,4.433065,3.163782,3.195406,2.827984,1.92205,0.577706,0.595868,0.412875,1.060071,0.3059,0.181763,2.825057,0.673007,2.700399,1.659059,1.174955,0.480513,0.0,0.011138,0.0,0,0.041179,0.015147,0.0,0.0,0.058589,0.044176,0.056837,4.72504,3.930296,1.665089,0.623525,3.533569,2.606036,1.257195,0.965082,3.174835,2.40213,1.821038,2.183947,12.012814,4.204944,2.121735,1.053252,8.36278,3.582564,1.984247,3.369012,5.881492,5.214381,5.831247,4.163949,0,0.009471,0.122515,0.0,0,0.0,0,0,0,0.372836,0.245423,0.211338,1.441538,0,0.0,0.050556,0,0.017648,0.0,1.017722,0.029261,0.005326,0.019634,0.151848,0.133476,0.189412,0.077964,0.117964,0.294464,0.188246,0.136322,0,0.380395,0.330226,0.672459,0.280733,0,0,0,0,0,0,0,0,0,0,0,0
151,557,815,825,296,135,808,258,589,554,834,1148,6819,61,261,109,11,40,152,27,37,88,140,355,1281,158,32,31,108,0,125,37,23,132,103,237,986,264,414,205,41,16,329,58,191,289,352,530,2689,46,13,20,5,13,33,0,7,118,63,15,333,362,188,303,180,108,542,64,150,311,589,659,3456,73,61,105,45,20,59,10,168,46,499,338,1424,21,0,1,0,0,5,2,0,1,10,4,44,175,415,299,64,53,482,86,56,212,431,363,2636,445,459,414,98,146,618,148,189,395,979,1195,5086,0,1,30,0,0,0,0,0,0,72,53,156,58,0,0,3,0,1,0,60,2,2,6,132,7,21,10,18,5,29,10,0,28,57,133,318,0,0,0,0,0,0,0,0,0,0,0,0,14.869194,7.718534,4.594309,2.494102,7.95053,4.753221,3.907907,10.335147,8.10534,4.442077,5.634909,5.630372,1.628404,2.471825,0.607006,0.092686,2.355713,0.89417,0.408967,0.649237,1.287491,0.745672,1.742502,1.057707,4.217832,0.303059,0.172635,0.91001,0.0,0.735337,0.560436,0.40358,1.931236,0.548602,1.163304,0.825706,7.047517,3.920826,1.141616,0.345467,0.942285,1.935408,0.878522,3.351465,4.228237,1.874834,2.601482,2.220277,1.227977,0.123118,0.111377,0.04213,0.765607,0.194129,0.0,0.122829,1.726408,0.335553,0.073627,0.290807,9.663641,1.780472,1.687364,1.516684,6.360424,3.188423,0.969403,2.632041,4.55011,3.13715,3.234673,2.853581,1.948745,0.577706,0.58473,0.379171,1.177856,0.347079,0.151469,2.947886,0.673007,2.65779,1.659059,1.175781,0.560598,0.0,0.005569,0.0,0,0.029413,0.030294,0.0,0.014631,0.053262,0.019634,0.0482,4.67165,3.930296,1.665089,0.539265,3.121319,2.835461,1.302636,0.982629,3.101683,2.295606,1.78177,2.176516,11.879338,4.347003,2.305508,0.82575,8.598351,3.635508,2.241745,3.316371,5.779078,5.214381,5.865606,4.199453,0,0.009471,0.167066,0.0,0,0.0,0,0,0,0.383489,0.260148,0.230551,1.548318,0,0.0,0.025278,0,0.005883,0.0,1.052816,0.029261,0.010652,0.029451,0.156593,0.186866,0.198882,0.055689,0.151668,0.294464,0.170598,0.151469,0,0.409656,0.303595,0.652825,0.275535,0,0,0,0,0,0,0,0,0,0,0,0
152,562,804,864,290,137,806,272,585,554,847,1182,6903,64,273,90,11,40,145,22,35,88,149,364,1281,165,26,32,105,0,141,25,22,136,102,234,988,262,415,184,40,16,326,50,186,280,346,527,2632,45,13,16,4,14,26,0,8,115,57,13,311,358,201,323,180,112,504,94,158,305,568,681,3484,70,63,106,36,21,59,9,166,44,505,369,1448,21,0,2,0,0,5,2,0,0,11,4,45,171,426,291,60,52,470,65,58,218,447,382,2640,451,449,376,108,137,611,135,184,402,998,1234,5085,0,0,25,0,0,3,0,0,0,67,53,148,54,0,0,3,0,2,0,61,1,2,7,130,5,19,5,12,5,28,16,0,27,64,144,325,0,0,0,0,0,0,0,0,0,0,0,0,15.00267,7.614357,4.811494,2.443546,8.068316,4.741455,4.119964,10.264959,8.10534,4.511318,5.801796,5.69973,1.708489,2.585472,0.501197,0.092686,2.355713,0.852991,0.333232,0.614143,1.287491,0.793609,1.786678,1.057707,4.404698,0.246235,0.178203,0.884732,0.0,0.829461,0.378673,0.386033,1.989759,0.543276,1.148579,0.827381,6.994127,3.930296,1.02467,0.337041,0.942285,1.91776,0.757346,3.26373,4.096562,1.842876,2.586757,2.173213,1.201281,0.123118,0.089102,0.033704,0.824499,0.15295,0.0,0.140376,1.682516,0.303595,0.06381,0.271594,9.556861,1.903589,1.798741,1.516684,6.595995,2.96488,1.423811,2.772416,4.462326,3.0253,3.342659,2.8767,1.86866,0.596647,0.590299,0.303337,1.236749,0.347079,0.136322,2.912792,0.643745,2.689747,1.811221,1.195597,0.560598,0.0,0.011138,0.0,0,0.029413,0.030294,0.0,0.0,0.058589,0.019634,0.053285,4.564869,4.034473,1.620538,0.505561,3.062426,2.764869,0.98455,1.017722,3.189466,2.380826,1.875031,2.179819,12.039509,4.252297,2.093891,0.91001,8.068316,3.594329,2.044835,3.228637,5.881492,5.315579,6.057036,4.198628,0,0.0,0.139221,0.0,0,0.017648,0,0,0,0.356858,0.260148,0.199719,1.441538,0,0.0,0.025278,0,0.011765,0.0,1.070363,0.014631,0.010652,0.034359,0.15422,0.133476,0.179941,0.027844,0.101112,0.294464,0.164716,0.242351,0,0.395026,0.340879,0.706818,0.2816,0,0,0,0,0,0,0,0,0,0,0,0
153,550,797,851,260,133,828,284,573,539,837,1196,6848,65,269,85,13,40,159,26,35,83,142,356,1273,158,28,35,100,0,142,33,22,139,98,240,995,253,414,169,37,16,335,58,187,275,359,551,2654,46,13,18,5,14,28,0,8,110,65,12,319,357,205,317,151,105,533,79,158,292,571,665,3433,68,60,99,38,21,49,7,162,49,518,340,1411,21,0,2,0,0,5,2,0,0,14,8,52,170,405,284,59,58,484,92,52,220,422,379,2625,448,458,383,89,128,593,145,193,399,969,1227,5032,0,1,23,0,0,0,0,0,0,71,53,148,56,0,0,5,0,0,0,63,1,2,8,135,4,20,8,19,5,27,8,0,27,58,134,310,0,0,0,0,0,0,0,0,0,0,0,0,14.682328,7.548063,4.739099,2.190765,7.832744,4.870875,4.301727,10.054396,7.885881,4.458056,5.870515,5.654317,1.735184,2.54759,0.473353,0.109538,2.355713,0.935349,0.39382,0.614143,1.214338,0.756325,1.747411,1.051102,4.217832,0.265177,0.19491,0.842602,0.0,0.835343,0.499849,0.386033,2.03365,0.521971,1.17803,0.833243,6.753871,3.920826,0.941137,0.311763,0.942285,1.970704,0.878522,3.281277,4.023409,1.912117,2.70456,2.191378,1.227977,0.123118,0.100239,0.04213,0.824499,0.164716,0.0,0.140376,1.609364,0.346205,0.058901,0.278581,9.530166,1.941472,1.765328,1.272329,6.183746,3.135479,1.196607,2.772416,4.272129,3.041278,3.264124,2.83459,1.81527,0.568236,0.551317,0.320189,1.236749,0.288252,0.106028,2.842604,0.716898,2.758988,1.668875,1.165047,0.560598,0.0,0.011138,0.0,0,0.029413,0.030294,0.0,0.0,0.074567,0.039268,0.061573,4.538174,3.83559,1.581556,0.497135,3.415783,2.847226,1.393517,0.912441,3.218727,2.24767,1.860305,2.167433,11.959423,4.337532,2.132873,0.749916,7.53828,3.48844,2.196304,3.386559,5.837601,5.161119,6.022677,4.154866,0,0.009471,0.128084,0.0,0,0.0,0,0,0,0.378162,0.260148,0.218728,1.494928,0,0.0,0.04213,0,0.0,0.0,1.105457,0.014631,0.010652,0.039268,0.200606,0.106781,0.189412,0.044551,0.160094,0.294464,0.158833,0.121175,0,0.395026,0.308921,0.657733,0.268603,0,0,0,0,0,0,0,0,0,0,0,0
154,556,805,828,265,139,802,266,584,529,816,1172,6762,69,261,101,10,38,150,19,34,84,142,350,1258,160,26,35,101,0,129,29,21,135,90,217,943,252,408,171,47,15,349,33,187,281,364,512,2619,47,11,13,5,14,27,0,8,110,61,17,313,366,188,318,170,111,525,79,155,289,574,621,3396,70,55,101,40,21,61,9,163,47,505,326,1398,22,0,1,0,0,8,6,0,1,10,8,56,169,418,287,58,56,452,75,55,212,462,363,2607,446,463,376,116,139,620,119,184,384,975,1168,4990,0,1,29,0,0,1,0,0,0,68,50,149,55,0,0,8,0,3,0,64,3,2,6,141,4,20,13,17,5,23,11,0,27,57,128,305,0,0,0,0,0,0,0,0,0,0,0,0,14.842499,7.623828,4.611015,2.232895,8.186101,4.717925,4.029082,10.247412,7.739576,4.346205,5.752712,5.583308,1.841965,2.471825,0.562455,0.08426,2.237927,0.882405,0.287792,0.596596,1.228969,0.756325,1.71796,1.038717,4.271223,0.246235,0.19491,0.851028,0.0,0.758868,0.439261,0.368486,1.975128,0.479361,1.065135,0.789696,6.727176,3.864002,0.952275,0.396023,0.883392,2.053062,0.499849,3.281277,4.111192,1.938748,2.51313,2.162479,1.254672,0.104177,0.072395,0.04213,0.824499,0.158833,0.0,0.140376,1.609364,0.3249,0.083444,0.273341,9.770422,1.780472,1.770897,1.432423,6.537102,3.088417,1.196607,2.719775,4.228237,3.057257,3.048152,2.804039,1.86866,0.520883,0.562455,0.337041,1.236749,0.358845,0.136322,2.860151,0.687637,2.689747,1.600157,1.154313,0.587293,0.0,0.005569,0.0,0,0.047062,0.090882,0.0,0.014631,0.053262,0.039268,0.061345,4.511479,3.958708,1.598263,0.488709,3.297998,2.65898,1.136019,0.965082,3.101683,2.460719,1.78177,2.152571,11.906033,4.384885,2.093891,0.977418,8.186101,3.647273,1.802484,3.228637,5.618142,5.193076,5.733078,4.120187,0,0.009471,0.161497,0.0,0,0.005883,0,0,0,0.362184,0.245423,0.175992,1.468233,0,0.0,0.067408,0,0.017648,0.0,1.123004,0.043892,0.010652,0.029451,0.16727,0.106781,0.189412,0.072395,0.143242,0.294464,0.135302,0.166616,0,0.395026,0.303595,0.628283,0.264271,0,0,0,0,0,0,0,0,0,0,0,0
155,544,793,838,282,138,797,270,564,530,831,1212,6799,63,279,101,14,36,148,20,31,88,145,343,1268,160,29,25,96,0,140,39,21,141,106,224,981,251,441,182,36,15,317,45,181,277,358,551,2654,49,13,20,3,14,31,0,8,111,56,16,321,353,188,325,174,106,505,81,157,288,576,631,3384,69,65,105,40,19,50,16,158,45,505,333,1405,19,0,5,0,0,7,2,0,1,11,8,53,165,414,301,56,57,465,77,52,219,442,380,2628,450,452,386,105,137,609,127,187,366,966,1195,4980,0,1,35,0,0,0,0,0,0,65,52,153,57,0,0,4,0,2,0,63,1,2,7,136,5,22,8,11,5,23,16,0,23,54,125,292,0,0,0,0,0,0,0,0,0,0,0,0,14.522157,7.510181,4.666704,2.376138,8.127208,4.688511,4.08967,9.896473,7.754206,4.426099,5.94905,5.613858,1.681794,2.642296,0.562455,0.117964,2.120141,0.870639,0.302939,0.543955,1.287491,0.772304,1.683601,1.046973,4.271223,0.274647,0.139221,0.808898,0.0,0.823578,0.59073,0.368486,2.062911,0.564581,1.099494,0.821519,6.700481,4.176532,1.013532,0.303337,0.883392,1.864816,0.681612,3.175996,4.05267,1.906791,2.70456,2.191378,1.308062,0.123118,0.111377,0.025278,0.824499,0.182364,0.0,0.140376,1.623994,0.298269,0.078535,0.280327,9.423385,1.780472,1.809879,1.466127,6.242638,2.970763,1.226901,2.754869,4.213606,3.067909,3.097237,2.794131,1.841965,0.615589,0.58473,0.337041,1.118963,0.294135,0.242351,2.772416,0.658376,2.689747,1.634516,1.160093,0.507208,0.0,0.027844,0.0,0,0.041179,0.030294,0.0,0.014631,0.058589,0.039268,0.058059,4.404698,3.920826,1.676227,0.471857,3.35689,2.735455,1.166313,0.912441,3.204097,2.354194,1.865214,2.16991,12.012814,4.280708,2.14958,0.884732,8.068316,3.582564,1.923659,3.281277,5.354792,5.14514,5.865606,4.11193,0,0.009471,0.19491,0.0,0,0.0,0,0,0,0.346205,0.25524,0.226117,1.521623,0,0.0,0.033704,0,0.011765,0.0,1.105457,0.014631,0.010652,0.034359,0.161338,0.133476,0.208353,0.044551,0.092686,0.294464,0.135302,0.242351,0,0.336503,0.287617,0.613557,0.253007,0,0,0,0,0,0,0,0,0,0,0,0
156,541,776,835,282,132,789,255,566,535,788,1205,6704,64,282,95,16,38,141,26,31,91,139,352,1275,159,28,31,104,0,132,30,22,136,95,224,961,242,418,157,29,16,305,48,179,284,341,547,2566,47,12,15,3,14,26,0,7,114,53,11,302,348,190,291,177,104,518,83,158,279,594,649,3391,68,55,93,34,22,54,11,156,45,493,348,1379,16,0,4,0,0,6,2,0,1,12,9,50,161,425,293,77,55,467,85,53,225,427,368,2636,447,470,360,117,137,602,121,186,374,975,1164,4953,0,1,32,0,0,2,0,0,0,60,50,145,56,0,0,4,0,1,0,63,2,2,6,134,6,21,10,15,5,30,12,0,27,65,127,318,0,0,0,0,0,0,0,0,0,0,0,0,14.442072,7.349181,4.649997,2.376138,7.773852,4.641449,3.862466,9.931567,7.827359,4.197071,5.914691,5.535418,1.708489,2.670707,0.529042,0.134816,2.237927,0.829461,0.39382,0.543955,1.331383,0.740346,1.727777,1.052753,4.244527,0.265177,0.172635,0.876306,0.0,0.776516,0.454408,0.386033,1.989759,0.505992,1.099494,0.80477,6.460224,3.958708,0.874311,0.244355,0.942285,1.794223,0.727052,3.140902,4.155084,1.816245,2.684926,2.118718,1.254672,0.113647,0.083533,0.025278,0.824499,0.15295,0.0,0.122829,1.667886,0.28229,0.053993,0.263735,9.289909,1.799413,1.620538,1.491405,6.124853,3.047238,1.257195,2.772416,4.081931,3.163782,3.185589,2.799911,1.81527,0.520883,0.517904,0.286485,1.295642,0.317666,0.166616,2.737322,0.658376,2.625832,1.708143,1.138625,0.427122,0.0,0.022275,0.0,0,0.035296,0.030294,0.0,0.014631,0.063915,0.044176,0.054772,4.297918,4.025002,1.631676,0.648804,3.239105,2.74722,1.287489,0.929988,3.29188,2.274301,1.806312,2.176516,11.932728,4.451179,2.004789,0.985844,8.068316,3.541385,1.832778,3.26373,5.471836,5.193076,5.713444,4.089637,0,0.009471,0.178203,0.0,0,0.011765,0,0,0,0.319574,0.245423,0.171267,1.494928,0,0.0,0.033704,0,0.005883,0.0,1.105457,0.029261,0.010652,0.029451,0.158966,0.160171,0.198882,0.055689,0.12639,0.294464,0.176481,0.181763,0,0.395026,0.346205,0.623374,0.275535,0,0,0,0,0,0,0,0,0,0,0,0
157,542,802,826,268,131,810,234,558,528,797,1185,6681,62,282,99,9,39,149,13,30,83,145,339,1250,148,21,25,91,0,137,29,22,129,97,226,925,245,436,170,23,16,333,40,184,278,322,539,2586,47,9,15,2,14,26,1,6,110,54,13,297,338,189,305,173,102,523,80,158,287,579,628,3362,66,74,107,37,20,63,9,157,46,499,343,1421,17,0,3,0,0,4,3,0,1,15,7,50,162,434,297,56,55,480,78,54,213,424,373,2626,431,462,391,93,133,601,128,175,355,945,1149,4863,0,1,36,0,0,0,0,0,0,71,52,160,50,0,0,2,0,1,0,63,2,2,7,127,6,25,13,20,5,30,13,0,29,52,124,317,0,0,0,0,0,0,0,0,0,0,0,0,14.468767,7.595416,4.599877,2.258173,7.714959,4.764986,3.54438,9.791191,7.724945,4.245007,5.816522,5.516427,1.655099,2.670707,0.551317,0.075834,2.29682,0.876522,0.19691,0.526408,1.214338,0.772304,1.663967,1.032111,3.950881,0.198882,0.139221,0.766768,0.0,0.80593,0.439261,0.386033,1.887345,0.516644,1.109311,0.774623,6.54031,4.129179,0.946706,0.193798,0.942285,1.958939,0.605877,3.228637,4.067301,1.715047,2.645658,2.135231,1.254672,0.085235,0.083533,0.016852,0.824499,0.15295,0.015147,0.105282,1.609364,0.287617,0.06381,0.24523,9.022958,1.789942,1.698502,1.457701,6.007067,3.076652,1.211754,2.772416,4.198976,3.083888,3.082511,2.775966,1.761879,0.700824,0.595868,0.311763,1.177856,0.37061,0.136322,2.754869,0.673007,2.65779,1.683601,1.173304,0.453817,0.0,0.016707,0.0,0,0.023531,0.045441,0.0,0.014631,0.079893,0.034359,0.054772,4.324613,4.110238,1.653951,0.471857,3.239105,2.823696,1.18146,0.947535,3.116313,2.258322,1.830855,2.168259,11.505606,4.375414,2.177424,0.78362,7.832744,3.535502,1.938806,3.070714,5.193855,5.033289,5.639817,4.015325,0,0.009471,0.200479,0.0,0,0.0,0,0,0,0.378162,0.25524,0.236463,1.334757,0,0.0,0.016852,0,0.005883,0.0,1.105457,0.029261,0.010652,0.034359,0.150661,0.160171,0.236765,0.072395,0.16852,0.294464,0.176481,0.19691,0,0.424287,0.276964,0.608649,0.274668,0,0,0,0,0,0,0,0,0,0,0,0
158,538,772,802,277,131,812,252,547,518,800,1172,6621,57,270,92,11,39,149,24,30,91,136,345,1244,159,24,28,100,0,130,34,22,136,100,218,951,247,421,162,39,15,349,47,174,284,337,547,2622,44,10,13,10,14,29,1,7,107,54,13,302,342,175,276,159,99,527,69,152,270,586,626,3281,67,59,101,38,20,66,12,158,52,499,343,1415,26,0,5,0,0,8,4,0,1,11,15,70,161,405,268,71,52,454,101,49,206,438,348,2553,437,442,359,100,127,593,133,181,362,972,1172,4878,0,1,29,0,0,1,0,0,0,73,51,155,54,0,0,5,0,0,0,61,2,1,6,129,6,25,11,16,6,26,11,0,26,61,133,321,0,0,0,0,0,0,0,0,0,0,0,0,14.361986,7.311298,4.466225,2.334007,7.714959,4.776752,3.817025,9.598175,7.578639,4.260985,5.752712,5.466886,1.521623,2.55706,0.512335,0.092686,2.29682,0.876522,0.363526,0.526408,1.331383,0.724368,1.693418,1.027157,4.244527,0.227294,0.155928,0.842602,0.0,0.764751,0.514995,0.386033,1.989759,0.532623,1.070044,0.796396,6.5937,3.98712,0.902155,0.328615,0.883392,2.053062,0.711905,3.053167,4.155084,1.79494,2.684926,2.164956,1.174586,0.094706,0.072395,0.08426,0.824499,0.170598,0.015147,0.122829,1.565472,0.287617,0.06381,0.249358,9.129738,1.657354,1.537005,1.339737,5.830389,3.100182,1.045138,2.667135,3.950256,3.121172,3.072694,2.709085,1.788574,0.558765,0.562455,0.320189,1.177856,0.388258,0.181763,2.772416,0.76079,2.65779,1.683601,1.16835,0.694074,0.0,0.027844,0.0,0,0.047062,0.060588,0.0,0.014631,0.058589,0.073627,0.076681,4.297918,3.83559,1.492454,0.598247,3.062426,2.670745,1.529839,0.8598,3.013899,2.332889,1.708143,2.107984,11.665777,4.186002,1.99922,0.842602,7.479388,3.48844,2.014541,3.175996,5.296269,5.177097,5.752712,4.02771,0,0.009471,0.161497,0.0,0,0.005883,0,0,0,0.388815,0.250331,0.183079,1.441538,0,0.0,0.04213,0,0.0,0.0,1.070363,0.029261,0.005326,0.029451,0.19169,0.160171,0.236765,0.061257,0.134816,0.353357,0.15295,0.166616,0,0.380395,0.3249,0.652825,0.278134,0,0,0,0,0,0,0,0,0,0,0,0
159,544,772,808,283,129,802,257,538,529,796,1152,6610,57,275,89,11,39,148,23,29,79,141,345,1236,158,24,28,92,0,135,30,20,129,98,238,952,243,410,158,33,16,348,38,174,288,337,546,2591,43,11,14,6,14,29,0,7,95,56,14,289,332,179,269,180,99,516,78,153,273,546,638,3263,67,66,97,40,20,63,8,157,50,482,330,1380,17,0,5,0,0,11,3,0,1,13,9,59,154,400,271,75,52,483,94,50,218,421,351,2569,437,464,384,107,127,587,138,178,358,936,1117,4833,0,1,33,0,0,1,0,0,0,70,51,156,51,0,0,3,0,3,0,59,2,2,6,126,5,30,13,25,5,29,9,0,25,56,126,323,0,0,0,0,0,0,0,0,0,0,0,0,14.522157,7.311298,4.499638,2.384564,7.597173,4.717925,3.89276,9.440253,7.739576,4.23968,5.654543,5.457803,1.521623,2.604413,0.495628,0.092686,2.29682,0.870639,0.348379,0.508861,1.155816,0.750999,1.693418,1.020551,4.217832,0.227294,0.155928,0.775194,0.0,0.794164,0.454408,0.350939,1.887345,0.521971,1.168213,0.797233,6.486919,3.882943,0.87988,0.278059,0.942285,2.047179,0.575583,3.053167,4.213606,1.79494,2.680018,2.13936,1.147891,0.104177,0.077964,0.050556,0.824499,0.170598,0.0,0.122829,1.389905,0.298269,0.068718,0.252382,8.862787,1.695236,1.498023,1.516684,5.830389,3.035473,1.18146,2.684682,3.994148,2.908123,3.131596,2.694223,1.788574,0.625059,0.540179,0.337041,1.177856,0.37061,0.121175,2.754869,0.731529,2.567244,1.619791,1.139451,0.453817,0.0,0.027844,0.0,0,0.06471,0.045441,0.0,0.014631,0.069241,0.044176,0.064631,4.111052,3.788238,1.509161,0.631951,3.062426,2.841344,1.423811,0.877347,3.189466,2.242344,1.722869,2.121195,11.665777,4.394356,2.138442,0.901584,7.479388,3.453144,2.090276,3.123355,5.237747,4.985353,5.482747,3.990554,0,0.009471,0.183772,0.0,0,0.005883,0,0,0,0.372836,0.250331,0.18426,1.361452,0,0.0,0.025278,0,0.017648,0.0,1.035269,0.029261,0.010652,0.029451,0.149475,0.133476,0.284118,0.072395,0.21065,0.294464,0.170598,0.136322,0,0.365764,0.298269,0.618466,0.279867,0,0,0,0,0,0,0,0,0,0,0,0
160,536,776,744,277,127,778,239,551,504,778,1172,6482,60,264,98,11,39,147,22,28,79,132,345,1225,156,24,27,93,0,126,38,19,126,100,215,924,240,419,173,36,16,335,36,175,278,325,541,2574,43,10,16,7,13,29,0,8,105,56,13,300,349,174,276,168,95,527,77,149,281,566,621,3283,67,61,99,46,17,60,9,157,46,474,337,1373,13,0,5,0,0,9,0,0,1,13,5,46,160,397,274,64,55,453,80,53,207,428,342,2513,433,456,348,127,127,604,137,174,343,941,1178,4868,0,1,29,0,0,0,0,0,0,73,44,147,48,0,0,7,0,3,0,54,2,2,6,122,5,17,8,15,5,35,16,0,27,67,145,340,0,0,0,0,0,0,0,0,0,0,0,0,14.308596,7.349181,4.143231,2.334007,7.479388,4.57674,3.620115,9.668363,7.373811,4.143808,5.752712,5.352115,1.601708,2.500237,0.545748,0.092686,2.29682,0.864757,0.333232,0.491314,1.155816,0.703063,1.693418,1.011469,4.164442,0.227294,0.150359,0.78362,0.0,0.74122,0.575583,0.333392,1.843453,0.532623,1.055318,0.773785,6.406834,3.968179,0.963413,0.303337,0.942285,1.970704,0.545289,3.070714,4.067301,1.731025,2.655475,2.125323,1.147891,0.094706,0.089102,0.058982,0.765607,0.170598,0.0,0.140376,1.536211,0.298269,0.06381,0.261988,9.316604,1.647883,1.537005,1.415571,5.594817,3.100182,1.166313,2.614494,4.111192,3.014647,3.048152,2.710736,1.788574,0.577706,0.551317,0.387597,1.001178,0.352962,0.136322,2.754869,0.673007,2.524634,1.65415,1.133671,0.347037,0.0,0.027844,0.0,0,0.052944,0.0,0.0,0.014631,0.069241,0.024542,0.054319,4.271223,3.759826,1.525867,0.539265,3.239105,2.664863,1.211754,0.929988,3.02853,2.279627,1.678692,2.074956,11.558996,4.318591,1.937963,1.070104,7.479388,3.55315,2.075129,3.053167,5.018288,5.011984,5.782163,4.019453,0,0.009471,0.161497,0.0,0,0.0,0,0,0,0.388815,0.215972,0.21725,1.281367,0,0.0,0.058982,0,0.017648,0.0,0.947535,0.029261,0.010652,0.029451,0.14473,0.133476,0.161,0.044551,0.12639,0.294464,0.205894,0.242351,0,0.395026,0.356858,0.711726,0.294597,0,0,0,0,0,0,0,0,0,0,0,0
161,521,771,786,267,131,790,268,541,506,801,1148,6530,59,250,91,13,39,146,19,26,76,141,347,1207,157,26,27,87,0,138,32,20,122,97,235,941,240,414,161,31,16,332,42,178,267,327,504,2512,43,9,17,3,13,26,1,8,99,50,14,283,331,173,271,160,99,526,79,149,274,558,620,3240,66,60,98,32,21,55,14,158,43,464,329,1340,15,0,5,0,0,8,0,0,1,12,11,52,160,395,263,80,53,459,84,50,221,419,335,2519,430,441,385,101,137,576,134,175,362,915,1137,4793,0,1,35,0,0,0,0,0,0,77,50,163,52,0,0,7,0,0,0,56,2,3,6,126,5,25,14,19,5,25,8,0,27,52,124,304,0,0,0,0,0,0,0,0,0,0,0,0,13.908169,7.301828,4.377123,2.249747,7.714959,4.647332,4.059376,9.492893,7.403072,4.266312,5.634909,5.391748,1.575013,2.367648,0.506766,0.109538,2.29682,0.858874,0.287792,0.45622,1.111924,0.750999,1.703235,0.996606,4.191137,0.246235,0.150359,0.733064,0.0,0.811812,0.484702,0.350939,1.784931,0.516644,1.153487,0.788021,6.406834,3.920826,0.896586,0.261207,0.942285,1.953056,0.636171,3.123355,3.906364,1.741678,2.473862,2.07413,1.147891,0.085235,0.094671,0.025278,0.765607,0.15295,0.015147,0.140376,1.448427,0.266312,0.068718,0.23367,8.836092,1.638413,1.509161,1.348163,5.830389,3.0943,1.196607,2.614494,4.008778,2.972037,3.043244,2.675232,1.761879,0.568236,0.545748,0.269633,1.236749,0.323548,0.212057,2.772416,0.629115,2.471372,1.614882,1.106423,0.400427,0.0,0.027844,0.0,0,0.047062,0.0,0.0,0.014631,0.063915,0.053993,0.061404,4.271223,3.740885,1.46461,0.674082,3.121319,2.700159,1.272342,0.877347,3.233358,2.231691,1.644333,2.07991,11.478911,4.176532,2.144011,0.851028,8.068316,3.388435,2.029688,3.070714,5.296269,4.873502,5.580916,3.957527,0,0.009471,0.19491,0.0,0,0.0,0,0,0,0.41012,0.245423,0.240896,1.388147,0,0.0,0.058982,0,0.0,0.0,0.982629,0.029261,0.015979,0.029451,0.187233,0.133476,0.236765,0.077964,0.160094,0.294464,0.147067,0.121175,0,0.395026,0.276964,0.608649,0.263404,0,0,0,0,0,0,0,0,0,0,0,0
162,533,782,804,252,121,758,270,545,500,775,1170,6510,56,265,91,11,39,148,24,25,75,132,327,1193,159,21,22,94,0,118,37,19,119,97,237,923,234,412,166,34,15,334,55,183,271,320,555,2579,38,11,15,3,14,29,0,7,105,50,12,284,333,174,291,150,90,517,62,147,276,562,624,3226,64,62,105,45,19,64,12,156,48,458,351,1384,19,0,5,0,0,11,1,0,1,13,10,60,161,421,271,73,52,438,90,50,213,416,327,2512,425,440,365,109,124,582,147,184,373,916,1153,4818,0,1,32,0,0,1,0,0,0,71,48,153,47,0,0,6,0,2,0,57,2,2,6,122,3,21,20,18,5,36,10,0,32,53,128,326,0,0,0,0,0,0,0,0,0,0,0,0,14.22851,7.406004,4.477363,2.123357,7.126031,4.459086,4.08967,9.563081,7.315289,4.12783,5.742895,5.375234,1.494928,2.509707,0.506766,0.092686,2.29682,0.870639,0.363526,0.438673,1.097293,0.703063,1.605066,0.985047,4.244527,0.198882,0.122515,0.792046,0.0,0.694158,0.560436,0.333392,1.741039,0.516644,1.163304,0.772948,6.246663,3.901885,0.924431,0.286485,0.883392,1.964821,0.833081,3.21109,3.964887,1.704394,2.724194,2.129451,1.014415,0.104177,0.083533,0.025278,0.824499,0.170598,0.0,0.122829,1.536211,0.266312,0.058901,0.248015,8.889482,1.647883,1.620538,1.263903,5.300353,3.041355,0.939109,2.5794,4.03804,2.993342,3.062877,2.663672,1.708489,0.587177,0.58473,0.379171,1.118963,0.376493,0.181763,2.737322,0.702268,2.439414,1.722869,1.142753,0.507208,0.0,0.027844,0.0,0,0.06471,0.015147,0.0,0.014631,0.069241,0.049085,0.065727,4.297918,3.98712,1.509161,0.615099,3.062426,2.576622,1.363223,0.877347,3.116313,2.215712,1.605066,2.07413,11.345435,4.167061,2.032634,0.918436,7.302709,3.423731,2.226598,3.228637,5.457206,4.878828,5.659451,3.978169,0,0.009471,0.178203,0.0,0,0.005883,0,0,0,0.378162,0.235606,0.180716,1.254672,0,0.0,0.050556,0,0.011765,0.0,1.000175,0.029261,0.010652,0.029451,0.14473,0.080085,0.198882,0.111377,0.151668,0.294464,0.211777,0.151469,0,0.468178,0.28229,0.628283,0.282466,0,0,0,0,0,0,0,0,0,0,0,0
163,543,777,754,286,117,789,248,535,511,794,1179,6533,58,263,98,16,38,145,24,21,75,140,336,1214,167,23,23,88,0,133,35,17,125,101,232,944,234,413,160,37,16,327,44,178,266,306,544,2525,38,8,16,5,14,27,0,7,102,52,15,284,339,186,281,184,90,499,68,142,277,576,609,3251,61,68,109,42,16,64,8,156,50,465,354,1393,17,0,3,0,0,5,1,0,1,11,13,51,159,411,260,65,47,463,92,51,214,404,357,2523,435,418,365,107,131,590,121,172,357,899,1127,4722,0,1,31,0,0,0,0,0,0,65,51,148,53,0,0,5,0,0,0,56,2,2,5,123,5,23,9,17,4,33,8,0,30,57,132,318,0,0,0,0,0,0,0,0,0,0,0,0,14.495462,7.358651,4.19892,2.409842,6.890459,4.641449,3.756437,9.387612,7.476225,4.229028,5.787071,5.394225,1.548318,2.490766,0.545748,0.134816,2.237927,0.852991,0.363526,0.368486,1.097293,0.745672,1.649242,1.002386,4.458089,0.217824,0.128084,0.74149,0.0,0.782399,0.530142,0.298298,1.828822,0.537949,1.138762,0.790534,6.246663,3.911355,0.891017,0.311763,0.942285,1.923643,0.666465,3.123355,3.891734,1.629827,2.670201,2.084864,1.014415,0.075765,0.089102,0.04213,0.824499,0.158833,0.0,0.122829,1.492319,0.276964,0.073627,0.248015,9.049653,1.76153,1.564849,1.550388,5.300353,2.935467,1.029991,2.491665,4.05267,3.067909,2.98925,2.684314,1.628404,0.644,0.607006,0.353893,0.942285,0.376493,0.121175,2.737322,0.731529,2.476698,1.737594,1.150185,0.453817,0.0,0.016707,0.0,0,0.029413,0.015147,0.0,0.014631,0.058589,0.06381,0.055868,4.244527,3.892414,1.447903,0.547691,2.767962,2.72369,1.393517,0.894894,3.130944,2.151798,1.752319,2.083213,11.612387,3.958708,2.032634,0.901584,7.714959,3.470792,1.832778,3.018073,5.223116,4.788282,5.531831,3.898903,0,0.009471,0.172635,0.0,0,0.0,0,0,0,0.346205,0.250331,0.218728,1.414842,0,0.0,0.04213,0,0.0,0.0,0.982629,0.029261,0.010652,0.024542,0.182775,0.133476,0.217824,0.05012,0.143242,0.235571,0.194129,0.121175,0,0.438917,0.303595,0.647916,0.275535,0,0,0,0,0,0,0,0,0,0,0,0
164,542,765,769,268,121,787,243,543,490,775,1180,6483,55,256,88,15,37,158,21,24,64,138,356,1212,164,24,25,98,0,137,31,18,127,88,232,944,230,407,151,42,15,326,39,185,263,324,563,2545,38,11,11,4,14,28,0,6,99,48,14,273,336,171,262,159,94,508,79,142,274,566,668,3259,61,73,114,40,16,69,8,156,50,455,345,1387,17,0,4,0,0,7,1,0,1,14,11,55,159,403,268,68,48,445,80,46,211,421,352,2501,430,434,366,93,125,595,127,176,372,908,1179,4805,0,0,36,0,0,0,0,0,0,57,50,143,53,0,0,4,0,1,0,56,2,2,4,122,3,26,9,15,4,30,11,0,31,50,131,310,0,0,0,0,0,0,0,0,0,0,0,0,14.468767,7.245004,4.282453,2.258173,7.126031,4.629684,3.680703,9.527987,7.168983,4.12783,5.79198,5.352941,1.468233,2.424472,0.49006,0.12639,2.179034,0.929466,0.318085,0.421127,0.936357,0.73502,1.747411,1.000735,4.378003,0.227294,0.139221,0.82575,0.0,0.80593,0.469555,0.315845,1.858083,0.468708,1.138762,0.790534,6.139883,3.854532,0.840898,0.353893,0.883392,1.91776,0.59073,3.246184,3.847842,1.725699,2.763461,2.101378,1.014415,0.104177,0.061257,0.033704,0.824499,0.164716,0.0,0.105282,1.448427,0.255659,0.068718,0.238409,8.969568,1.619472,1.459041,1.339737,5.535925,2.988411,1.196607,2.491665,4.008778,3.014647,3.278849,2.69092,1.628404,0.691353,0.63485,0.337041,0.942285,0.405906,0.121175,2.737322,0.731529,2.423435,1.693418,1.14523,0.453817,0.0,0.022275,0.0,0,0.041179,0.015147,0.0,0.014631,0.074567,0.053993,0.06025,4.244527,3.816649,1.492454,0.572969,2.826855,2.617801,1.211754,0.807159,3.087052,2.242344,1.727777,2.065048,11.478911,4.110238,2.038202,0.78362,7.361602,3.500206,1.923659,3.088261,5.442575,4.836218,5.787071,3.967435,0,0.0,0.200479,0.0,0,0.0,0,0,0,0.303595,0.245423,0.250416,1.414842,0,0.0,0.033704,0,0.005883,0.0,0.982629,0.029261,0.010652,0.019634,0.14473,0.080085,0.246235,0.05012,0.12639,0.235571,0.176481,0.166616,0,0.453548,0.266312,0.643008,0.268603,0,0,0,0,0,0,0,0,0,0,0,0
165,554,753,765,262,119,794,240,546,489,786,1157,6465,56,260,95,13,37,155,25,27,68,130,323,1189,171,27,24,97,0,126,27,17,125,95,227,936,236,424,163,37,15,321,43,186,261,318,545,2549,35,10,10,7,14,29,0,7,102,48,13,275,335,175,264,166,88,499,65,141,276,544,620,3173,63,62,108,34,17,59,15,156,48,439,349,1350,17,0,5,0,0,8,2,0,1,11,9,53,165,381,252,61,45,444,90,45,211,426,346,2466,432,427,387,107,124,590,147,173,366,873,1150,4776,0,0,29,0,0,0,0,0,0,59,52,140,51,0,0,5,0,2,0,55,2,3,4,122,6,26,8,14,5,38,4,0,28,46,129,304,0,0,0,0,0,0,0,0,0,0,0,0,14.789108,7.131357,4.260177,2.207617,7.008245,4.670863,3.635262,9.580628,7.154353,4.186418,5.679085,5.338078,1.494928,2.462354,0.529042,0.109538,2.179034,0.911818,0.378673,0.473767,0.994879,0.69241,1.585432,0.981744,4.564869,0.255706,0.133653,0.817324,0.0,0.74122,0.408967,0.298298,1.828822,0.505992,1.11422,0.783834,6.300053,4.015532,0.907724,0.311763,0.883392,1.888346,0.651318,3.26373,3.818581,1.693742,2.675109,2.104681,0.93433,0.094706,0.055689,0.058982,0.824499,0.170598,0.0,0.122829,1.492319,0.255659,0.06381,0.240156,8.942872,1.657354,1.470179,1.398719,5.182568,2.935467,0.98455,2.474118,4.03804,2.89747,3.043244,2.619911,1.681794,0.587177,0.601437,0.286485,1.001178,0.347079,0.227204,2.737322,0.702268,2.338216,1.713052,1.11468,0.453817,0.0,0.027844,0.0,0,0.047062,0.030294,0.0,0.014631,0.058589,0.044176,0.058059,4.404698,3.608296,1.403352,0.513987,2.650177,2.611918,1.363223,0.789612,3.087052,2.268975,1.698326,2.036149,11.532301,4.043944,2.155148,0.901584,7.302709,3.470792,2.226598,3.03562,5.354792,4.6498,5.644726,3.94349,0,0.0,0.161497,0.0,0,0.0,0,0,0,0.314248,0.25524,0.245162,1.361452,0,0.0,0.04213,0,0.011765,0.0,0.965082,0.029261,0.015979,0.019634,0.14473,0.160171,0.246235,0.044551,0.117964,0.294464,0.223543,0.060588,0,0.409656,0.245007,0.633191,0.263404,0,0,0,0,0,0,0,0,0,0,0,0
166,539,726,753,259,121,772,254,546,490,773,1148,6381,61,262,92,9,34,159,22,31,66,125,331,1192,174,26,32,89,0,125,18,16,118,105,220,923,235,417,170,36,13,325,46,190,269,319,574,2594,37,10,13,9,13,29,0,6,100,48,12,277,318,169,267,151,87,497,63,137,269,567,626,3151,62,55,91,28,12,57,15,158,42,453,318,1291,17,0,4,0,0,9,2,0,1,14,10,57,158,391,257,57,52,456,86,39,209,408,348,2461,426,427,347,76,122,582,126,179,358,885,1137,4665,0,1,30,0,0,2,0,0,0,66,51,150,54,0,0,7,0,1,0,56,1,3,4,126,5,22,18,17,3,30,7,0,32,57,126,317,0,0,0,0,0,0,0,0,0,0,0,0,14.388681,6.875651,4.193351,2.182339,7.126031,4.541444,3.847319,9.580628,7.168983,4.117177,5.634909,5.26872,1.628404,2.481296,0.512335,0.075834,2.002356,0.935349,0.333232,0.543955,0.965618,0.665779,1.624699,0.984221,4.644955,0.246235,0.178203,0.749916,0.0,0.735337,0.272645,0.280751,1.726408,0.559254,1.079861,0.772948,6.273358,3.949238,0.946706,0.303337,0.765607,1.911877,0.696759,3.333918,3.935625,1.699068,2.817454,2.141837,0.98772,0.094706,0.072395,0.075834,0.765607,0.170598,0.0,0.105282,1.463058,0.255659,0.058901,0.241902,8.489055,1.60053,1.486885,1.272329,5.123675,2.923701,0.954256,2.403931,3.935625,3.019973,3.072694,2.601746,1.655099,0.520883,0.506766,0.235929,0.706714,0.335314,0.227204,2.772416,0.614484,2.412783,1.560889,1.065964,0.453817,0.0,0.022275,0.0,0,0.052944,0.030294,0.0,0.014631,0.074567,0.049085,0.06244,4.217832,3.703002,1.431197,0.480283,3.062426,2.682511,1.302636,0.684331,3.057791,2.173103,1.708143,2.03202,11.37213,4.043944,1.932394,0.640377,7.184923,3.423731,1.908513,3.140902,5.237747,4.713715,5.580916,3.851838,0,0.009471,0.167066,0.0,0,0.011765,0,0,0,0.351531,0.250331,0.177173,1.441538,0,0.0,0.058982,0,0.005883,0.0,0.982629,0.014631,0.015979,0.019634,0.149475,0.133476,0.208353,0.100239,0.143242,0.176678,0.176481,0.106028,0,0.468178,0.303595,0.618466,0.274668,0,0,0,0,0,0,0,0,0,0,0,0
167,518,745,781,275,121,774,245,544,494,750,1146,6393,60,269,99,13,34,162,22,33,71,125,326,1214,169,28,28,107,0,135,28,15,121,89,228,948,236,410,147,40,13,314,41,183,282,319,547,2532,36,12,12,6,12,24,0,8,103,46,16,275,315,178,266,157,85,522,70,132,264,548,625,3162,66,64,115,29,15,51,11,151,48,438,334,1322,20,0,7,0,0,6,1,0,2,14,12,62,165,374,257,61,51,453,88,40,201,382,336,2408,429,406,386,106,122,581,131,175,359,885,1141,4721,0,1,26,0,0,0,0,0,0,58,51,136,49,0,0,4,0,1,0,57,2,3,4,120,7,22,10,13,2,29,6,0,30,49,115,283,0,0,0,0,0,0,0,0,0,0,0,0,13.828083,7.055592,4.349279,2.317155,7.126031,4.553209,3.710997,9.545534,7.227505,3.994674,5.625092,5.278629,1.601708,2.54759,0.551317,0.109538,2.002356,0.952997,0.333232,0.579049,1.038771,0.665779,1.600157,1.002386,4.511479,0.265177,0.155928,0.901584,0.0,0.794164,0.424114,0.263204,1.7703,0.474035,1.119128,0.793883,6.300053,3.882943,0.818622,0.337041,0.765607,1.847167,0.621024,3.21109,4.125823,1.699068,2.684926,2.090644,0.961025,0.113647,0.066826,0.050556,0.706714,0.141185,0.0,0.140376,1.50695,0.245007,0.078535,0.240156,8.40897,1.685766,1.481316,1.322885,5.005889,3.070769,1.060285,2.316196,3.862473,2.918775,3.067786,2.610828,1.761879,0.606118,0.640419,0.244355,0.883392,0.300018,0.166616,2.649588,0.702268,2.332889,1.639425,1.091561,0.533903,0.0,0.038982,0.0,0,0.035296,0.015147,0.0,0.029261,0.074567,0.058901,0.067918,4.404698,3.542002,1.431197,0.513987,3.003534,2.664863,1.332929,0.701878,2.940746,2.034621,1.649242,1.988259,11.452216,3.845061,2.14958,0.893158,7.184923,3.417848,1.984247,3.070714,5.252377,4.713715,5.60055,3.898077,0,0.009471,0.14479,0.0,0,0.0,0,0,0,0.308921,0.250331,0.200993,1.308062,0,0.0,0.033704,0,0.005883,0.0,1.000175,0.029261,0.015979,0.019634,0.142357,0.186866,0.208353,0.055689,0.109538,0.117786,0.170598,0.090882,0,0.438917,0.260985,0.564473,0.245208,0,0,0,0,0,0,0,0,0,0,0,0
